ab 2,302585 0,000209
abandon 0,223144 0,000061
abate 1,108663 0,000201
abba 3,506558 0,000318
abbas 3,506558 0,000318
abbey 1,609438 0,000146
abbot 2,040221 0,000185
abbreviation 2,302585 0,000209
abbreviator 3,912023 0,000355
abbreviators 3,912023 0,000355
abdicate 2,407946 0,000437
abdication 3,218876 0,000292
abhor 1,203973 0,000218
abhorred 1,560648 0,000141
abhorrence 1,560648 0,000141
ability 0,478036 0,000087
abject 1,049822 0,000095
abjuration 3,912023 0,000355
abjure 1,966113 0,000178
abjured 2,995732 0,000272
ably 2,813411 0,000255
abode 0,579818 0,000053
abolish 1,272966 0,000346
abolition 1,832581 0,000166
abominable 0,867501 0,000079
abomination 1,609438 0,000146
abound 1,021651 0,000185
abraham 1,386294 0,000126
abridge 1,714798 0,000311
abridgment 3,218876 0,000292
abrupt 0,994252 0,000090
absence 0,274437 0,000025
absent 0,371064 0,000034
absit 3,912023 0,000355
absolute 0,400478 0,000036
absolutely 0,287682 0,000026
absolution 1,966113 0,000178
absolve 1,514128 0,000137
abstain 1,139434 0,000207
abstinence 1,609438 0,000146
abstract 0,733969 0,000200
abstraction 1,427116 0,000129
abstruse 1,897120 0,000172
absurd 0,430783 0,000039
absurdly 1,427116 0,000129
abundance 0,843970 0,000077
abundantly 1,272966 0,000115
abuse 0,562119 0,000153
abused 0,843970 0,000077
abyss 0,994252 0,000090
abyssinia 3,218876 0,000292
abyssinians 3,912023 0,000355
ac 2,995732 0,000272
acad 3,912023 0,000355
academies 2,995732 0,000272
academy 1,347074 0,000122
accelerate 1,771957 0,000161
accent 0,634878 0,000058
accept 0,061875 0,000017
acceptable 0,967584 0,000088
access 0,314711 0,000029
accessible 0,446287 0,000040
accession 1,966113 0,000356
accident 0,274437 0,000050
accidental 0,755023 0,000068
accidentally 0,820981 0,000074
acclamation 1,832581 0,000332
acclivity 2,995732 0,000272
accommodation 1,203973 0,000109
accompany 0,094311 0,000026
accomplice 1,347074 0,000244
accomplished 0,385662 0,000035
accomplishment 0,994252 0,000180
accord 0,527633 0,000048
accost 1,049822 0,000095
account 0,010050 0,000003
accountable 2,302585 0,000209
accumulate 0,891598 0,000162
accuracy 1,108663 0,000101
accurate 0,941609 0,000085
accurately 1,049822 0,000095
accusation 0,891598 0,000162
accuse 0,385662 0,000105
accuser 1,660731 0,000301
accustomed 0,287682 0,000026
acer 3,912023 0,000355
achieve 0,597837 0,000163
achievement 1,171183 0,000212
achilles 1,560648 0,000141
acknowledge 0,274437 0,000100
acknowledgment 1,347074 0,000122
acquaint 0,342490 0,000062
acquaintance 0,248461 0,000023
acquiesce 1,021651 0,000185
acquiescence 1,427116 0,000129
acquire 0,371064 0,000135
acquisition 1,272966 0,000231
acquit 1,021651 0,000185
acquittal 2,302585 0,000209
acre 0,776529 0,000070
acrimony 2,813411 0,000255
acropolis 2,813411 0,000255
acrostic 3,506558 0,000636
acta 3,506558 0,000318
action 0,094311 0,000017
active 0,127833 0,000012
activity 0,415515 0,000038
actor 0,755023 0,000068
acts 1,966113 0,000178
actual 0,174353 0,000016
actuate 1,771957 0,000321
acute 0,733969 0,000067
acuteness 1,427116 0,000129
acy 3,912023 0,000355
adapt 0,653926 0,000119
add 0,094311 0,000026
addicted 1,660731 0,000151
addita 3,912023 0,000355
addition 0,116534 0,000021
additional 0,198451 0,000018
address 0,072571 0,000026
adduce 2,120264 0,000192
adequate 1,309333 0,000119
adhere 0,916291 0,000166
adherence 2,040221 0,000185
adherent 2,120264 0,000192
adjacent 1,469676 0,000133
adjoin 0,798508 0,000072
adjure 2,302585 0,000209
administer 0,867501 0,000157
administration 1,427116 0,000129
admirable 0,527633 0,000048
admirably 1,203973 0,000109
admiration 0,342490 0,000031
admire 0,356675 0,000065
admired 0,579818 0,000053
admirer 0,916291 0,000083
admission 0,693147 0,000063
admit 0,116534 0,000042
admittance 1,427116 0,000129
admonish 1,237874 0,000337
admonition 1,427116 0,000259
adopt 0,673345 0,000183
adoption 1,771957 0,000161
adoration 1,171183 0,000106
adore 0,891598 0,000242
adorn 0,634878 0,000173
adriatic 2,407946 0,000218
adulation 3,218876 0,000292
adult 1,660731 0,000151
adulterer 2,302585 0,000209
adulteress 2,813411 0,000255
adultery 1,832581 0,000166
advance 0,061875 0,000022
advantage 0,127833 0,000023
advantageous 1,237874 0,000112
advantageously 2,302585 0,000209
adventure 0,301105 0,000055
adventurer 1,272966 0,000115
adventurous 1,237874 0,000112
adversary 0,867501 0,000157
adverse 1,514128 0,000137
adversity 1,560648 0,000141
adversus 3,506558 0,000318
advice 0,186330 0,000017
advisable 1,309333 0,000119
advise 0,301105 0,000055
advocate 0,867501 0,000157
afar 0,994252 0,000090
affability 1,897120 0,000172
affair 0,094311 0,000009
affaires 3,506558 0,000318
affect 0,478036 0,000043
affectation 1,078810 0,000098
affection 0,235722 0,000043
affectionate 0,616186 0,000056
affinity 1,427116 0,000129
affirm 0,843970 0,000306
affix 1,897120 0,000172
afflict 0,597837 0,000054
affliction 0,798508 0,000072
affluence 1,966113 0,000178
affluent 2,525729 0,000229
afford 0,186330 0,000068
affright 1,609438 0,000146
affront 1,171183 0,000106
afraid 0,105361 0,000010
africa 0,967584 0,000088
african 1,427116 0,000259
agamemnon 2,302585 0,000209
agape 2,659260 0,000241
age 0,040822 0,000007
aged 0,198451 0,000018
agency 1,021651 0,000093
agent 0,223144 0,000040
aggravate 1,171183 0,000212
aggravation 1,832581 0,000166
aggregate 2,040221 0,000185
agility 1,272966 0,000115
agitate 1,966113 0,000178
agitated 0,693147 0,000063
agitation 0,673345 0,000061
agnomen 3,912023 0,000355
agony 0,462035 0,000042
agree 0,051293 0,000014
agreeable 0,462035 0,000042
agreeably 1,171183 0,000106
agreement 0,210721 0,000019
agricultural 1,832581 0,000166
agriculture 1,771957 0,000161
ahab 2,525729 0,000229
ahmed 3,506558 0,000318
aid 0,210721 0,000019
aim 0,287682 0,000052
air 0,061875 0,000011
airy 1,237874 0,000112
ait 3,912023 0,000355
ajax 2,207275 0,000200
alacrity 1,108663 0,000101
alani 3,912023 0,000355
alans 3,912023 0,000355
alarm 0,314711 0,000057
alarmed 0,478036 0,000043
alarming 0,867501 0,000079
alban 2,995732 0,000272
albania 3,912023 0,000355
albanian 2,995732 0,000272
aldus 3,912023 0,000355
alemanni 3,912023 0,000355
aleppo 3,912023 0,000355
alexander 1,108663 0,000101
alexandria 1,714798 0,000155
alexandrian 3,218876 0,000292
alexandrine 3,218876 0,000292
alexis 3,218876 0,000292
alexius 3,912023 0,000355
alibi 3,218876 0,000292
alienate 2,120264 0,000384
alienated 2,040221 0,000185
alike 0,287682 0,000026
aliquid 3,506558 0,000318
aliter 3,912023 0,000355
alive 0,051293 0,000005
allay 1,272966 0,000115
allege 1,108663 0,000402
allegiance 1,897120 0,000172
allegorical 1,966113 0,000178
allegorically 2,995732 0,000272
allegorize 3,218876 0,000292
allegory 1,714798 0,000311
alleviate 1,560648 0,000283
alliance 1,108663 0,000201
allot 1,108663 0,000302
allowance 0,713350 0,000129
allude 0,891598 0,000242
allure 1,386294 0,000251
allurement 1,560648 0,000141
allusion 0,755023 0,000137
ally 0,713350 0,000194
almanac 2,407946 0,000218
almighty 1,108663 0,000101
alms 1,309333 0,000119
alphabet 1,609438 0,000146
alphabetical 2,813411 0,000255
alps 1,560648 0,000141
altar 0,755023 0,000137
alter 0,235722 0,000064
alteration 0,261365 0,000047
altercation 2,040221 0,000185
alterius 3,506558 0,000318
alternate 0,261365 0,000024
alternately 1,021651 0,000093
alternative 0,994252 0,000090
altogether 0,198451 0,000018
amas 3,912023 0,000355
amazement 0,446287 0,000040
amazing 0,941609 0,000085
ambage 3,912023 0,000355
ambassador 1,108663 0,000201
amber 1,386294 0,000126
ambiguity 1,897120 0,000172
ambiguous 1,771957 0,000161
ambition 0,510826 0,000046
ambitious 0,891598 0,000081
ambitiously 3,506558 0,000318
ambitus 3,912023 0,000355
ambrose 2,995732 0,000272
ambuscade 1,966113 0,000178
ambush 1,309333 0,000119
america 0,579818 0,000053
amiable 0,755023 0,000068
amicable 2,207275 0,000200
amicably 2,207275 0,000200
amnesty 2,813411 0,000255
amorous 1,386294 0,000126
amphitheatre 2,120264 0,000192
ample 0,527633 0,000048
amplification 2,995732 0,000272
amply 0,967584 0,000088
amputation 3,218876 0,000292
amuse 0,371064 0,000101
amusement 0,478036 0,000087
amusing 0,693147 0,000063
ana 3,912023 0,000355
anabasis 3,912023 0,000355
anachronism 2,302585 0,000209
analogy 1,660731 0,000151
analysis 1,347074 0,000122
anarchy 1,832581 0,000166
anastasia 3,912023 0,000355
anathematize 3,218876 0,000292
ancestor 0,462035 0,000084
anchor 0,776529 0,000070
anciens 3,912023 0,000355
ancient 0,198451 0,000018
ancients 1,347074 0,000122
ancilia 3,506558 0,000318
ancona 2,995732 0,000272
andrew 1,469676 0,000133
andronicus 3,506558 0,000318
anecdote 1,272966 0,000231
anew 0,867501 0,000079
angel 0,579818 0,000053
angelic 1,514128 0,000137
angelo 2,302585 0,000209
angels 0,776529 0,000070
anger 0,287682 0,000026
angle 0,478036 0,000087
angry 0,174353 0,000016
anguish 0,579818 0,000053
anima 3,218876 0,000292
animadversion 3,218876 0,000292
animal 0,223144 0,000040
animate 1,347074 0,000244
animated 0,755023 0,000068
animi 3,506558 0,000318
animo 3,506558 0,000318
animosity 1,427116 0,000129
ann 2,302585 0,000209
annal 3,912023 0,000355
annalist 3,506558 0,000318
annals 1,660731 0,000151
annex 1,272966 0,000115
anni 3,506558 0,000318
annihilate 1,203973 0,000218
anniversary 1,771957 0,000161
annotation 3,218876 0,000584
annoyed 0,733969 0,000067
annual 1,171183 0,000106
annually 1,771957 0,000161
annum 2,040221 0,000185
anoint 1,309333 0,000119
anonym 3,912023 0,000355
anonymous 1,714798 0,000155
answer 0,020203 0,000005
ant 1,309333 0,000119
antagonist 1,139434 0,000207
ante 2,525729 0,000229
antecedent 1,660731 0,000151
antelope 2,040221 0,000370
anterior 2,525729 0,000229
antesignanus 3,912023 0,000355
anthem 2,525729 0,000229
anthony 2,040221 0,000185
antica 3,912023 0,000355
antichrist 2,995732 0,000272
anticipate 0,616186 0,000112
antigonus 2,995732 0,000272
antiq 3,912023 0,000355
antiqua 3,912023 0,000355
antiquarian 2,040221 0,000370
antiquary 2,813411 0,000510
antiquated 2,525729 0,000229
antiquity 0,941609 0,000171
antithesis 2,120264 0,000192
antler 2,995732 0,000272
antonio 2,525729 0,000229
antony 2,207275 0,000200
anxiety 0,287682 0,000026
anxious 0,261365 0,000024
anxiously 0,693147 0,000063
ap 2,659260 0,000241
apartment 0,597837 0,000108
ape 1,203973 0,000109
apennine 2,995732 0,000272
apex 2,120264 0,000192
apocalypse 2,659260 0,000241
apollo 1,660731 0,000151
apollonia 3,506558 0,000318
apolog 3,912023 0,000355
apologetical 3,912023 0,000355
apologist 2,995732 0,000543
apologize 1,309333 0,000119
apology 0,527633 0,000096
apostasy 2,995732 0,000272
apostate 3,218876 0,000584
apostatize 3,912023 0,000355
apostle 1,386294 0,000251
apostolic 2,659260 0,000241
apostolical 3,506558 0,000318
apotheosis 2,407946 0,000218
appal 1,021651 0,000093
apparel 1,171183 0,000106
apparent 0,314711 0,000029
apparition 0,994252 0,000090
apparitions 2,407946 0,000218
appeal 0,261365 0,000047
appeals 0,916291 0,000083
appearance 0,072571 0,000013
appease 0,941609 0,000256
appellant 3,218876 0,000292
appellation 1,832581 0,000332
appendix 1,660731 0,000301
appetite 0,314711 0,000057
applaud 1,021651 0,000370
applause 0,916291 0,000083
application 0,653926 0,000059
apply 0,116534 0,000042
appoint 0,328504 0,000089
appointment 0,579818 0,000105
apprehend 0,798508 0,000145
apprehension 0,494296 0,000090
apprehensive 1,514128 0,000137
apprise 1,897120 0,000172
approach 0,040822 0,000015
approbation 1,203973 0,000218
approve 0,342490 0,000093
april 0,798508 0,000072
apt 0,579818 0,000053
aptly 2,040221 0,000185
aqueduct 2,407946 0,000437
arab 1,386294 0,000251
arabia 2,120264 0,000192
arabian 1,203973 0,000109
arabic 2,120264 0,000192
arable 2,302585 0,000209
arbela 3,218876 0,000292
arbitrarily 2,302585 0,000209
arbitrary 1,309333 0,000119
arbitration 2,407946 0,000218
arbor 1,966113 0,000178
arcana 3,506558 0,000318
arch 0,713350 0,000129
archangels 2,302585 0,000209
archbishop 1,560648 0,000141
archer 1,560648 0,000283
archetype 3,218876 0,000292
archical 3,912023 0,000355
archiepiscopal 3,912023 0,000355
archipelago 2,120264 0,000192
architect 1,139434 0,000103
architecture 1,108663 0,000101
archives 1,966113 0,000178
ardent 0,941609 0,000085
ardor 1,660731 0,000151
arduous 1,714798 0,000155
areopagus 3,506558 0,000318
arethusa 2,659260 0,000241
argentum 3,912023 0,000355
argonauts 3,218876 0,000292
argos 2,525729 0,000229
argue 0,371064 0,000135
argument 0,287682 0,000052
argumentative 1,832581 0,000166
arian 3,912023 0,000355
arianism 3,912023 0,000355
aristeas 3,506558 0,000318
aristides 3,218876 0,000292
aristocracy 1,386294 0,000126
aristotle 1,560648 0,000141
arius 3,506558 0,000318
ark 1,560648 0,000141
arles 2,995732 0,000272
arm 0,030459 0,000008
armament 2,207275 0,000400
armed 0,385662 0,000035
armenia 2,813411 0,000255
armenian 2,659260 0,000241
armenians 2,995732 0,000272
armor 1,832581 0,000166
armorer 3,506558 0,000318
armorican 3,912023 0,000355
army 0,356675 0,000065
aromatic 1,714798 0,000311
arraign 2,659260 0,000723
arrange 0,198451 0,000036
array 0,248461 0,000045
arrears 2,207275 0,000200
arrest 0,544727 0,000099
arrival 0,328504 0,000030
arrive 0,083382 0,000015
arrogant 1,347074 0,000122
arrogantly 2,813411 0,000255
arrow 0,510826 0,000093
ars 3,218876 0,000292
arsenal 1,966113 0,000356
art 0,127833 0,000023
artaba 3,912023 0,000355
artful 1,171183 0,000106
artfully 1,832581 0,000166
article 0,400478 0,000073
artifex 3,912023 0,000355
artifice 1,427116 0,000259
artificer 1,897120 0,000172
artificial 0,616186 0,000056
artillery 1,386294 0,000126
artist 0,562119 0,000102
aruspices 3,506558 0,000318
ascend 0,430783 0,000078
ascendancy 2,302585 0,000209
ascendant 3,218876 0,000292
ascendency 2,813411 0,000255
ascent 0,994252 0,000090
ascertain 0,597837 0,000217
ascetic 1,771957 0,000161
asclepius 3,506558 0,000318
ascribe 1,272966 0,000462
ash 0,400478 0,000036
ashamed 0,248461 0,000023
asia 1,108663 0,000101
asiatic 1,660731 0,000151
aspect 0,446287 0,000081
asper 3,506558 0,000318
asperity 2,207275 0,000200
asperse 2,813411 0,000255
aspirant 2,120264 0,000192
aspirate 3,218876 0,000292
aspire 0,967584 0,000351
ass 0,916291 0,000166
assail 0,891598 0,000081
assailant 1,139434 0,000103
assassin 1,514128 0,000275
assassinate 1,897120 0,000344
assault 0,798508 0,000290
assemble 0,462035 0,000084
assembly 0,798508 0,000145
assent 0,579818 0,000053
assert 0,462035 0,000168
assertion 0,891598 0,000162
assertor 3,218876 0,000292
assess 2,525729 0,000458
assessment 2,302585 0,000209
assessor 2,207275 0,000200
asset 2,659260 0,000241
asseveration 2,525729 0,000458
assiduity 1,897120 0,000172
assiduous 1,966113 0,000178
assiduously 1,771957 0,000161
assign 0,597837 0,000217
assimilate 1,714798 0,000155
assist 0,328504 0,000089
assistance 0,105361 0,000010
assistant 0,755023 0,000137
associate 0,713350 0,000129
association 0,713350 0,000129
assuage 1,771957 0,000321
assume 0,162519 0,000059
assurance 0,430783 0,000078
assure 0,127833 0,000046
assuredly 0,967584 0,000088
assyria 2,407946 0,000218
assyrian 2,407946 0,000218
assyrians 2,302585 0,000209
astonish 0,261365 0,000047
astonishing 0,653926 0,000059
astonishment 0,301105 0,000027
astronomical 2,302585 0,000209
asunder 1,108663 0,000101
asylum 1,309333 0,000119
athanasian 3,912023 0,000355
atheism 2,302585 0,000209
atheist 1,966113 0,000178
atheists 2,302585 0,000209
athenian 2,120264 0,000192
athenians 2,040221 0,000185
athens 1,386294 0,000126
athwart 1,560648 0,000141
atlantic 1,171183 0,000106
atlas 1,897120 0,000172
atone 1,203973 0,000218
atonement 1,427116 0,000129
atrocious 1,427116 0,000129
attach 0,116534 0,000021
attachment 0,916291 0,000083
attack 0,198451 0,000054
attain 0,328504 0,000060
attempt 0,051293 0,000019
attend 0,127833 0,000023
attendance 0,776529 0,000070
attendant 0,616186 0,000112
attention 0,083382 0,000008
attentive 0,713350 0,000065
attest 1,237874 0,000337
attic 1,237874 0,000112
attitude 0,446287 0,000040
attract 0,261365 0,000071
attribute 0,527633 0,000143
auction 1,832581 0,000166
auctor 3,912023 0,000355
audacious 1,309333 0,000119
audible 0,916291 0,000083
audience 0,733969 0,000133
audio 3,912023 0,000355
augment 1,139434 0,000103
augmentation 2,813411 0,000255
augur 1,832581 0,000166
august 0,616186 0,000056
augusta 2,813411 0,000255
augustal 3,912023 0,000355
augustan 3,912023 0,000355
augusti 3,912023 0,000355
augustin 2,659260 0,000241
augustus 1,714798 0,000155
aula 3,912023 0,000355
aurelian 3,912023 0,000355
aurelius 2,525729 0,000229
aureus 3,912023 0,000709
aurora 1,714798 0,000155
aurum 3,912023 0,000355
auspice 3,912023 0,000355
auspicious 1,966113 0,000178
austere 1,171183 0,000106
austin 2,207275 0,000200
autem 3,218876 0,000292
authentic 1,897120 0,000172
authenticate 2,659260 0,000241
authenticity 2,207275 0,000200
author 0,116534 0,000021
authoritatively 2,813411 0,000255
authority 0,223144 0,000040
authorize 1,514128 0,000412
authorship 2,302585 0,000209
autumn 0,653926 0,000059
aux 2,813411 0,000255
auxiliary 1,897120 0,000344
avail 0,462035 0,000042
avarice 1,049822 0,000095
avaricious 1,771957 0,000161
avaritia 3,912023 0,000355
avenge 0,891598 0,000242
avenger 1,560648 0,000141
average 0,733969 0,000067
averse 1,049822 0,000095
aversion 0,941609 0,000085
avert 0,843970 0,000077
avesta 3,218876 0,000292
avis 3,912023 0,000355
avocation 1,897120 0,000172
avoid 0,105361 0,000038
avow 1,560648 0,000141
avowed 1,386294 0,000126
avowedly 3,912023 0,000355
awake 0,150823 0,000014
awaken 0,430783 0,000078
aware 0,223144 0,000020
awe 0,597837 0,000054
awed 1,560648 0,000141
awful 0,328504 0,000030
awkward 0,544727 0,000049
awkwardly 1,272966 0,000115
axe 1,049822 0,000095
axis 1,237874 0,000112
babylon 1,771957 0,000161
babylonian 2,120264 0,000192
bacchanal 3,218876 0,000292
bacchanalian 2,995732 0,000272
bacchanals 3,912023 0,000355
bacchus 1,714798 0,000155
bacon 0,994252 0,000090
bad 0,020203 0,000004
badge 1,469676 0,000133
baffle 0,994252 0,000090
bagdad 2,995732 0,000272
baggage 0,941609 0,000085
bait 0,994252 0,000090
balance 0,342490 0,000093
ball 0,287682 0,000052
baltic 2,407946 0,000218
band 0,342490 0,000062
banish 0,562119 0,000153
banishment 1,427116 0,000129
bank 0,210721 0,000038
banner 0,967584 0,000175
banquet 1,108663 0,000101
baptism 1,832581 0,000166
baptize 1,660731 0,000151
bar 0,235722 0,000021
barbarian 1,386294 0,000251
barbaric 1,714798 0,000155
barbarity 2,207275 0,000400
barbarous 1,108663 0,000101
barber 1,386294 0,000251
bard 2,040221 0,000370
bared 1,469676 0,000133
bargain 0,527633 0,000048
bark 0,478036 0,000087
barley 1,609438 0,000146
baron 1,427116 0,000129
barren 0,713350 0,000065
barrier 0,776529 0,000141
base 0,094311 0,000017
basely 1,966113 0,000178
baseness 1,469676 0,000133
basil 2,659260 0,000241
basilica 2,995732 0,000272
basis 0,673345 0,000061
bat 1,272966 0,000115
batavian 3,912023 0,000355
bath 0,274437 0,000075
bathing 1,272966 0,000115
batter 0,891598 0,000162
battery 1,309333 0,000119
battle 0,235722 0,000043
bay 0,510826 0,000093
beam 0,430783 0,000078
bear 0,000000 0,000000
beard 0,527633 0,000096
bearer 0,776529 0,000141
beast 0,235722 0,000043
beat 0,083382 0,000008
beau 1,771957 0,000161
beauteous 1,832581 0,000166
beautiful 0,083382 0,000008
beautifully 0,867501 0,000079
beautify 1,771957 0,000161
beauty 0,162519 0,000029
bec 3,506558 0,000318
becket 2,995732 0,000272
bed 0,051293 0,000009
bede 3,218876 0,000292
befall 0,527633 0,000048
beget 1,171183 0,000106
beguile 1,386294 0,000126
behalf 0,713350 0,000065
behave 0,462035 0,000084
behavior 1,714798 0,000155
behead 1,897120 0,000344
beheading 2,995732 0,000272
behold 0,235722 0,000064
belgic 3,912023 0,000355
belie 1,660731 0,000151
belief 0,198451 0,000018
believer 1,272966 0,000231
bell 0,301105 0,000027
bella 2,995732 0,000272
belli 3,218876 0,000292
bello 2,659260 0,000241
bellowing 1,832581 0,000166
belly 0,798508 0,000072
belong 0,072571 0,000026
beloved 0,415515 0,000038
belshazzar 2,995732 0,000272
belt 0,653926 0,000059
beltis 3,912023 0,000355
bench 0,544727 0,000099
bend 0,314711 0,000114
bene 2,525729 0,000229
beneath 0,198451 0,000018
benedict 3,506558 0,000318
benedictine 2,813411 0,000255
benediction 1,609438 0,000146
benefactor 0,967584 0,000088
beneficence 2,207275 0,000200
beneficent 1,386294 0,000126
beneficial 1,272966 0,000115
benefit 0,356675 0,000065
benevolence 1,049822 0,000095
benevolent 1,021651 0,000093
bent 0,174353 0,000016
bequeath 1,309333 0,000237
berenice 3,218876 0,000292
berlin 2,207275 0,000200
beseech 0,891598 0,000162
besiege 1,272966 0,000231
bestow 0,430783 0,000156
betray 0,301105 0,000109
bewail 1,469676 0,000133
bias 1,469676 0,000266
bib 2,659260 0,000241
bibl 3,506558 0,000318
bible 0,755023 0,000068
bibliothec 3,912023 0,000355
bidder 2,525729 0,000229
bien 1,966113 0,000178
bigot 2,407946 0,000218
bigoted 3,218876 0,000292
bigotry 2,207275 0,000200
bind 0,030459 0,000006
biographer 2,207275 0,000200
bird 0,150823 0,000027
birth 0,301105 0,000055
birthday 1,108663 0,000101
biscuit 1,272966 0,000115
bishop 1,049822 0,000095
bishopric 2,813411 0,000510
bishops 1,832581 0,000166
bissextile 3,912023 0,000355
bite 0,371064 0,000034
bitter 0,210721 0,000019
bitterly 0,579818 0,000053
bitterness 0,634878 0,000058
bitumen 3,506558 0,000318
black 0,061875 0,000011
blackness 1,237874 0,000112
bladder 2,120264 0,000192
blade 0,616186 0,000056
blair 2,302585 0,000209
blame 0,162519 0,000044
blameless 1,469676 0,000133
blaspheme 1,832581 0,000166
blasphemy 1,427116 0,000129
blast 0,462035 0,000084
blaze 0,634878 0,000115
bleed 0,967584 0,000088
bleeding 0,843970 0,000077
blemish 1,660731 0,000301
blemmyes 3,912023 0,000355
blend 1,660731 0,000151
blended 1,203973 0,000109
blending 1,897120 0,000172
blessed 0,356675 0,000032
blessing 0,415515 0,000075
blind 0,174353 0,000032
blindly 0,941609 0,000085
blindness 0,994252 0,000090
bliss 0,891598 0,000081
block 0,494296 0,000090
blood 0,116534 0,000011
bloodless 1,469676 0,000133
bloodshed 1,386294 0,000126
bloodthirsty 2,207275 0,000200
bloody 0,527633 0,000048
bloom 0,527633 0,000048
blow 0,061875 0,000011
blush 0,562119 0,000153
boar 1,347074 0,000122
board 0,261365 0,000024
boast 0,328504 0,000060
boatman 1,832581 0,000166
boats 0,820981 0,000074
bodily 0,673345 0,000061
body 0,010050 0,000002
bog 1,469676 0,000133
bold 0,223144 0,000061
boldly 0,462035 0,000042
boldness 0,916291 0,000083
bologna 2,207275 0,000200
bona 2,659260 0,000241
bond 0,478036 0,000043
bone 0,198451 0,000018
boniface 2,659260 0,000241
bonorum 3,912023 0,000355
bonum 2,995732 0,000272
book 0,040822 0,000007
booty 1,309333 0,000119
borderers 3,506558 0,000318
borrow 0,462035 0,000126
bos 2,525729 0,000229
bosom 0,446287 0,000040
botanist 2,407946 0,000218
bound 0,301105 0,000055
boundary 1,049822 0,000190
boundless 0,891598 0,000081
bounty 1,309333 0,000119
bouquet 1,714798 0,000155
bow 0,127833 0,000035
bowels 1,309333 0,000119
boy 0,105361 0,000019
brabant 3,218876 0,000292
bracelet 1,309333 0,000119
branch 0,186330 0,000034
brand 0,733969 0,000067
brass 0,462035 0,000042
brave 0,342490 0,000093
bravery 1,272966 0,000115
brawny 1,832581 0,000166
breach 0,274437 0,000025
bread 0,248461 0,000023
breadth 0,653926 0,000059
break 0,010050 0,000004
breast 0,198451 0,000036
breathe 0,261365 0,000024
breed 0,342490 0,000093
brethren 0,916291 0,000083
brev 3,912023 0,000355
brevi 3,912023 0,000355
brevity 1,560648 0,000141
bribe 0,891598 0,000162
brick 0,653926 0,000119
bridge 0,430783 0,000078
brigantine 2,995732 0,000272
bright 0,094311 0,000026
brightness 0,634878 0,000058
brilliant 0,430783 0,000039
bring 0,000000 0,000000
brink 1,139434 0,000103
britain 1,427116 0,000129
britannia 2,995732 0,000272
british 0,843970 0,000077
britons 2,302585 0,000209
brittle 1,660731 0,000151
broad 0,127833 0,000023
bronze 1,237874 0,000112
brood 0,597837 0,000054
brook 0,994252 0,000090
brothel 2,813411 0,000255
brother 0,127833 0,000012
brothers 0,356675 0,000032
brumalia 3,912023 0,000355
brussels 2,659260 0,000241
brutal 0,755023 0,000068
brutus 1,966113 0,000178
bryan 3,218876 0,000292
buat 3,912023 0,000355
buchanan 2,659260 0,000241
bucolic 2,995732 0,000272
buda 3,506558 0,000318
buffoon 1,966113 0,000178
build 0,094311 0,000017
building 0,210721 0,000038
bulk 0,820981 0,000074
bull 0,430783 0,000039
bulwark 1,386294 0,000126
burden 0,198451 0,000036
burdensome 1,832581 0,000166
burgundian 3,912023 0,000355
burgundy 2,040221 0,000185
burial 0,941609 0,000085
burn 0,061875 0,000022
burst 0,248461 0,000045
burton 2,040221 0,000185
bury 0,186330 0,000017
bus 2,407946 0,000218
business 0,040822 0,000004
bust 1,108663 0,000101
bustard 3,506558 0,000318
busy 0,210721 0,000019
byron 1,660731 0,000151
byzant 3,912023 0,000355
byzantine 3,218876 0,000292
byzantium 2,995732 0,000272
cabal 2,659260 0,000241
cabalistical 3,506558 0,000318
cabinet 0,941609 0,000085
cadmus 2,407946 0,000218
cage 0,941609 0,000085
calamity 0,755023 0,000137
calc 3,912023 0,000355
calculate 0,116534 0,000021
calculation 0,713350 0,000065
caledonia 3,218876 0,000292
caledonian 3,218876 0,000292
calendar 1,714798 0,000155
calends 2,995732 0,000272
caliph 2,813411 0,000255
callous 1,469676 0,000133
calm 0,274437 0,000050
calmly 0,510826 0,000046
calmness 1,203973 0,000109
calumny 1,714798 0,000311
calvary 2,813411 0,000255
camden 2,813411 0,000255
camel 1,309333 0,000237
camp 0,544727 0,000099
campaign 1,021651 0,000093
campaigns 2,040221 0,000185
campania 3,218876 0,000292
canal 1,171183 0,000212
candid 1,203973 0,000109
candidate 1,469676 0,000266
candide 2,813411 0,000255
candidly 1,771957 0,000161
candor 1,966113 0,000178
canidia 3,506558 0,000318
cannibal 1,832581 0,000332
canoe 1,609438 0,000146
canon 1,660731 0,000301
canonical 2,659260 0,000241
canonize 2,659260 0,000241
cantonment 3,218876 0,000292
cap 0,356675 0,000032
capability 1,966113 0,000178
capable 0,261365 0,000024
capacious 1,771957 0,000161
capaciousness 3,912023 0,000355
capacity 0,510826 0,000046
cape 0,916291 0,000083
capella 3,506558 0,000318
capita 3,912023 0,000355
capital 0,314711 0,000057
capitation 3,506558 0,000318
capite 3,506558 0,000318
capitol 2,407946 0,000218
capitoline 2,813411 0,000255
capitulate 2,407946 0,000218
capitulation 2,207275 0,000200
cappadocian 3,506558 0,000318
caprice 1,309333 0,000119
capricious 1,386294 0,000126
capriciously 2,407946 0,000218
captain 0,328504 0,000030
captious 2,207275 0,000200
captive 0,755023 0,000137
captivity 1,714798 0,000155
caput 2,995732 0,000272
car 0,820981 0,000074
caravan 1,897120 0,000172
carcass 1,171183 0,000106
cardinal 1,469676 0,000133
care 0,000000 0,000000
career 0,478036 0,000043
careful 0,174353 0,000016
carefully 0,139262 0,000013
careless 0,494296 0,000045
carelessly 0,776529 0,000070
carelessness 1,021651 0,000093
caress 0,776529 0,000070
cargo 1,237874 0,000112
carnage 1,771957 0,000161
carnal 1,714798 0,000155
carne 3,912023 0,000355
carnivorous 2,040221 0,000185
carpathian 3,218876 0,000292
carpet 0,462035 0,000042
carriage 0,356675 0,000065
carry 0,010050 0,000003
carus 3,912023 0,000355
cascade 2,302585 0,000209
caspian 2,659260 0,000241
cass 3,218876 0,000292
cassian 3,912023 0,000355
cassius 2,659260 0,000241
cast 0,116534 0,000011
castalian 2,995732 0,000272
casting 0,544727 0,000049
castle 0,755023 0,000137
castor 2,302585 0,000209
castra 3,506558 0,000318
castrate 3,218876 0,000292
castration 3,506558 0,000318
casual 1,078810 0,000098
casuist 2,813411 0,000255
catacombs 2,525729 0,000229
catalogue 1,272966 0,000115
catalonian 3,912023 0,000355
cataract 1,897120 0,000344
catastrophe 1,021651 0,000093
catch 0,072571 0,000007
catechu 3,506558 0,000318
catechumen 3,506558 0,000636
catena 3,912023 0,000355
cathedral 1,237874 0,000224
catholic 1,139434 0,000103
catholics 1,897120 0,000172
cattle 0,544727 0,000049
caucasus 2,659260 0,000241
causa 2,525729 0,000229
caution 0,478036 0,000043
cautious 0,673345 0,000061
cautiously 0,867501 0,000079
cavalry 1,469676 0,000133
cavern 0,967584 0,000088
cavity 1,660731 0,000151
ce 1,832581 0,000166
cease 0,061875 0,000011
cedar 1,386294 0,000126
cede 2,407946 0,000218
celebrant 3,506558 0,000318
celebrate 0,967584 0,000263
celebrated 0,562119 0,000051
celebration 1,771957 0,000161
celerity 1,897120 0,000172
celestial 1,171183 0,000106
celibacy 2,995732 0,000272
cellar 0,798508 0,000072
celtic 2,407946 0,000218
cement 1,832581 0,000498
censor 2,407946 0,000218
censure 1,078810 0,000293
census 2,525729 0,000229
centaur 1,832581 0,000332
centenary 3,506558 0,000318
centre 0,385662 0,000070
centum 3,912023 0,000355
centurion 2,659260 0,000482
century 0,328504 0,000060
cera 3,912023 0,000355
ceremonial 1,966113 0,000178
ceremony 0,446287 0,000081
ceres 2,302585 0,000209
certainty 0,342490 0,000031
certificate 1,514128 0,000137
cessation 1,386294 0,000126
cessavit 3,912023 0,000355
cession 2,995732 0,000272
cestus 3,218876 0,000292
ceylon 2,302585 0,000209
chain 0,174353 0,000047
chair 0,261365 0,000047
chalcis 2,995732 0,000272
chaldaic 3,506558 0,000318
chaldean 2,995732 0,000272
chalice 2,407946 0,000437
challenge 0,755023 0,000205
chamber 0,328504 0,000060
chamberlain 1,771957 0,000161
champagne 1,469676 0,000133
champion 0,916291 0,000166
chance 0,061875 0,000006
chancellor 2,040221 0,000185
change 0,010050 0,000003
channel 0,544727 0,000099
chant 1,272966 0,000231
chanter 3,912023 0,000355
chaos 1,078810 0,000098
chapel 1,078810 0,000196
chapter 0,328504 0,000060
character 0,061875 0,000011
characteristic 0,400478 0,000036
charcoal 1,469676 0,000133
charge 0,040822 0,000011
chariot 1,139434 0,000207
charioteer 2,659260 0,000482
charitable 0,287682 0,000026
charity 0,186330 0,000017
charlemagne 2,207275 0,000200
charles 0,597837 0,000054
charm 0,342490 0,000031
charter 1,609438 0,000146
chase 0,430783 0,000078
chasm 1,272966 0,000115
chaste 1,203973 0,000109
chastise 1,560648 0,000424
chastisement 1,771957 0,000161
chastity 1,514128 0,000137
chateaubriand 3,506558 0,000318
check 0,072571 0,000013
cheerful 0,385662 0,000035
cheerfully 0,820981 0,000074
cheerfulness 0,867501 0,000079
chemical 1,469676 0,000133
chemins 3,912023 0,000355
cherish 0,653926 0,000059
chest 0,342490 0,000031
chez 2,659260 0,000241
chi 2,995732 0,000272
chicanery 3,218876 0,000292
chide 1,771957 0,000161
chief 0,094311 0,000017
chiefly 0,527633 0,000048
chieftain 2,040221 0,000370
child 0,040822 0,000007
childhood 0,527633 0,000048
childless 1,966113 0,000178
china 0,776529 0,000070
chinese 1,139434 0,000103
chivalry 1,832581 0,000166
choice 0,150823 0,000027
choir 1,347074 0,000122
choke 0,446287 0,000040
choleric 2,207275 0,000200
choose 0,020203 0,000007
choosing 0,867501 0,000079
chorister 2,813411 0,000255
chorus 0,941609 0,000085
christ 0,867501 0,000079
christian 0,385662 0,000070
christiana 3,912023 0,000355
christianity 1,347074 0,000122
christmas 0,891598 0,000081
christopher 1,897120 0,000172
chron 3,912023 0,000355
chronicle 1,139434 0,000207
chronograph 3,912023 0,000355
chronol 3,912023 0,000355
chronological 2,120264 0,000192
chronologist 3,506558 0,000318
chronology 2,525729 0,000229
church 0,261365 0,000047
cicero 1,609438 0,000146
cimbri 3,506558 0,000318
cimbric 3,912023 0,000355
cimeter 3,506558 0,000318
cimmerian 2,995732 0,000272
cipher 1,771957 0,000161
circassian 2,995732 0,000272
circensian 3,506558 0,000318
circle 0,150823 0,000014
circuit 0,867501 0,000079
circular 1,021651 0,000093
circulate 1,078810 0,000098
circulation 1,514128 0,000137
circum 3,506558 0,000318
circumcise 2,813411 0,000255
circumcision 2,207275 0,000200
circumference 1,469676 0,000133
circumjacent 3,506558 0,000318
circumscribe 1,966113 0,000356
circumstance 0,116534 0,000021
circumstantial 1,714798 0,000155
circumstantially 2,407946 0,000218
circus 1,386294 0,000126
cistern 1,560648 0,000283
citadel 1,560648 0,000141
citizen 0,673345 0,000122
city 0,051293 0,000009
civic 2,407946 0,000218
civil 0,544727 0,000049
civile 3,506558 0,000318
civilian 1,897120 0,000344
civility 1,309333 0,000119
civilized 1,237874 0,000112
civitas 3,506558 0,000318
claim 0,083382 0,000030
clamor 1,714798 0,000311
clamorous 1,609438 0,000146
claret 1,771957 0,000161
clarke 2,407946 0,000218
claros 3,912023 0,000355
clash 1,078810 0,000196
class 0,248461 0,000045
classic 1,108663 0,000101
claudia 3,912023 0,000355
claudian 3,218876 0,000292
claudio 3,506558 0,000318
claudius 2,407946 0,000218
clause 1,832581 0,000166
clay 0,494296 0,000045
cleanliness 1,237874 0,000112
cleanse 1,237874 0,000112
clemency 1,832581 0,000166
clement 2,040221 0,000185
clergy 1,272966 0,000115
clergyman 1,078810 0,000098
clerical 1,714798 0,000155
clerk 0,562119 0,000102
clerus 3,912023 0,000355
client 1,347074 0,000244
climate 0,713350 0,000129
climb 0,400478 0,000036
clime 1,714798 0,000155
cling 0,415515 0,000038
cloak 0,527633 0,000048
close 0,010050 0,000004
closely 0,223144 0,000020
clothe 0,287682 0,000026
clothes 0,127833 0,000012
cloud 0,150823 0,000041
cloven 2,040221 0,000185
club 0,544727 0,000099
cluster 0,693147 0,000063
clypei 3,912023 0,000355
coalition 2,525729 0,000229
coarse 0,478036 0,000043
coast 0,544727 0,000099
coat 0,235722 0,000021
cochlea 3,912023 0,000355
cod 1,897120 0,000172
code 0,287682 0,000052
codex 3,912023 0,000355
codicil 3,506558 0,000318
coercive 3,506558 0,000318
cognatus 3,912023 0,000355
cognizance 2,207275 0,000200
cohort 2,525729 0,000458
coin 0,544727 0,000198
coincide 1,237874 0,000224
cold 0,040822 0,000007
coldness 1,021651 0,000093
coll 3,506558 0,000318
collar 0,634878 0,000115
collat 3,912023 0,000355
collateral 2,525729 0,000229
colleague 1,427116 0,000259
collect 0,248461 0,000090
collection 0,162519 0,000015
college 0,693147 0,000063
colloq 3,912023 0,000355
cologne 2,407946 0,000218
colonus 3,506558 0,000318
colony 1,139434 0,000207
color 0,967584 0,000175
colored 1,171183 0,000106
coloring 2,120264 0,000192
colossal 1,560648 0,000141
columbus 1,771957 0,000161
column 0,562119 0,000102
comb 0,916291 0,000083
combat 0,820981 0,000149
combatant 1,660731 0,000151
combined 0,713350 0,000065
combustible 2,040221 0,000185
comedian 2,207275 0,000400
comedy 0,916291 0,000166
comely 1,171183 0,000106
comfort 0,105361 0,000019
comforter 1,469676 0,000133
comfortless 2,207275 0,000200
comic 1,203973 0,000109
comites 3,912023 0,000355
comm 3,912023 0,000355
comma 2,659260 0,000241
command 0,116534 0,000042
commander 0,867501 0,000157
comme 2,302585 0,000209
commemorate 1,832581 0,000166
commemoration 2,813411 0,000255
commence 0,579818 0,000105
commencement 1,108663 0,000101
commendation 1,560648 0,000283
commensurate 3,218876 0,000292
comment 0,478036 0,000043
commentary 1,427116 0,000259
commentator 1,897120 0,000344
commerce 1,078810 0,000098
commercial 0,274437 0,000025
commercium 3,506558 0,000318
commiseration 1,660731 0,000151
commission 0,579818 0,000105
commissioners 2,120264 0,000192
commit 0,116534 0,000042
commodity 1,771957 0,000161
common 0,072571 0,000007
commonly 0,755023 0,000068
commonwealth 1,832581 0,000332
communicant 3,506558 0,000318
communicate 0,446287 0,000081
communication 0,510826 0,000046
communion 1,427116 0,000129
community 0,579818 0,000105
compact 0,867501 0,000079
companion 0,150823 0,000027
company 0,020203 0,000004
comparative 0,994252 0,000090
comparatively 0,634878 0,000058
compare 0,162519 0,000059
comparison 0,446287 0,000081
compass 0,579818 0,000053
compassion 0,820981 0,000074
compatible 2,207275 0,000200
compel 0,385662 0,000105
compelling 1,560648 0,000141
compend 3,506558 0,000318
compensate 1,347074 0,000244
compensation 1,049822 0,000095
competent 1,139434 0,000103
competition 1,560648 0,000141
competitor 1,660731 0,000301
compilation 0,478036 0,000087
compile 1,966113 0,000178
complacency 1,427116 0,000129
complain 0,198451 0,000072
complaint 0,478036 0,000087
complaisance 2,120264 0,000192
complete 0,105361 0,000029
completely 0,274437 0,000025
complexion 0,755023 0,000068
compliance 0,342490 0,000062
complicated 0,798508 0,000072
compliment 0,462035 0,000084
comply 0,287682 0,000078
compose 0,287682 0,000104
composition 0,798508 0,000145
comprehend 0,478036 0,000130
comprehensive 1,237874 0,000112
compressed 0,342490 0,000031
compromise 1,021651 0,000093
compulsion 1,609438 0,000146
computation 1,609438 0,000146
compute 1,771957 0,000482
conceal 0,198451 0,000072
concealment 1,108663 0,000101
conceive 0,223144 0,000081
conception 0,562119 0,000102
concern 0,342490 0,000062
concerned 0,287682 0,000026
concerted 2,525729 0,000229
concession 1,427116 0,000129
concile 3,912023 0,000355
conciliate 1,771957 0,000482
concilium 3,912023 0,000355
concise 2,040221 0,000185
concisely 2,525729 0,000229
conciseness 3,218876 0,000292
conclude 0,235722 0,000085
conclusion 0,210721 0,000038
conclusive 1,427116 0,000129
concomitant 2,995732 0,000272
concord 1,771957 0,000161
concourse 1,897120 0,000172
concubine 1,771957 0,000321
concur 1,714798 0,000155
concurrence 1,714798 0,000155
concurrent 2,813411 0,000255
condemn 0,446287 0,000162
condemnation 1,309333 0,000119
condescend 1,139434 0,000310
condescending 1,771957 0,000161
condescension 1,309333 0,000119
condition 0,051293 0,000009
conduce 1,469676 0,000266
conducive 1,560648 0,000141
conduct 0,094311 0,000026
conductor 1,021651 0,000093
confederacy 2,302585 0,000209
confederation 3,218876 0,000292
confer 0,820981 0,000223
conference 1,139434 0,000207
confess 0,127833 0,000046
confession 0,579818 0,000053
confessions 1,714798 0,000155
confessor 1,714798 0,000311
confidant 1,714798 0,000155
confide 0,755023 0,000137
confidence 0,139262 0,000013
confident 0,510826 0,000046
confidential 1,021651 0,000093
confidently 1,049822 0,000095
confine 0,223144 0,000061
confinement 1,108663 0,000101
confines 1,386294 0,000126
confirm 0,139262 0,000050
confirmation 0,356675 0,000032
confiscate 1,966113 0,000535
confiscation 2,525729 0,000458
conflagration 1,347074 0,000122
conflict 0,597837 0,000108
conflux 3,506558 0,000318
conform 1,203973 0,000109
conformable 2,525729 0,000229
confound 0,430783 0,000117
confused 0,248461 0,000023
confusion 0,287682 0,000026
confutation 3,218876 0,000292
confute 2,120264 0,000577
congenial 1,309333 0,000119
congratulate 0,798508 0,000145
congratulation 1,386294 0,000126
congregation 1,272966 0,000231
conjectural 2,813411 0,000255
conjecture 0,544727 0,000099
conjugal 1,897120 0,000172
conjure 1,427116 0,000129
connect 0,891598 0,000162
connected 0,415515 0,000038
connection 0,446287 0,000081
connivance 2,407946 0,000218
connive 2,302585 0,000209
conquer 0,527633 0,000143
conquerer 3,912023 0,000355
conqueror 1,021651 0,000185
conquest 0,967584 0,000088
conquests 1,714798 0,000155
cons 3,506558 0,000318
consanguinity 2,995732 0,000272
conscience 0,301105 0,000027
conscientious 1,272966 0,000115
conscious 0,314711 0,000029
consciousness 0,371064 0,000034
consecrate 1,832581 0,000166
consecrated 1,309333 0,000119
consecration 2,207275 0,000200
consent 0,223144 0,000061
consequence 0,186330 0,000034
considerable 0,105361 0,000010
considerably 0,776529 0,000070
consideration 0,223144 0,000040
consist 0,314711 0,000086
consistent 0,798508 0,000072
consistently 1,832581 0,000166
consistory 2,659260 0,000241
consolation 0,634878 0,000115
consonant 2,120264 0,000192
conspicuous 0,916291 0,000083
conspicuously 1,771957 0,000161
conspiracy 1,078810 0,000098
conspirator 1,832581 0,000166
conspire 1,427116 0,000129
const 3,912023 0,000355
constance 2,407946 0,000218
constancy 1,347074 0,000122
constant 0,051293 0,000005
constantine 1,897120 0,000172
constantinople 1,832581 0,000166
constantly 0,371064 0,000034
constat 3,912023 0,000355
consternation 1,021651 0,000093
constituent 1,966113 0,000178
constitute 0,597837 0,000163
constitution 0,776529 0,000070
constitutional 1,469676 0,000133
constrain 0,733969 0,000133
constraint 1,272966 0,000115
construct 0,713350 0,000129
construction 0,733969 0,000067
construe 1,714798 0,000155
consubstantial 3,912023 0,000355
consubstantiality 3,912023 0,000355
consul 1,832581 0,000332
consular 3,218876 0,000292
consulship 2,813411 0,000255
consult 0,400478 0,000109
consulta 3,912023 0,000355
consultation 0,916291 0,000166
consulting 0,891598 0,000081
consultor 3,912023 0,000355
consume 0,462035 0,000126
consummate 1,237874 0,000337
consumption 1,139434 0,000103
cont 3,912023 0,000355
contagion 1,714798 0,000155
contemplate 0,544727 0,000148
contemplation 0,527633 0,000048
contemporary 0,967584 0,000175
contempt 0,446287 0,000040
contemptible 1,078810 0,000098
contemptibly 2,813411 0,000255
contemptuous 1,049822 0,000095
contemptuously 1,237874 0,000112
contend 0,597837 0,000217
content 0,174353 0,000032
contented 0,400478 0,000036
contention 1,203973 0,000218
contents 0,094311 0,000009
contest 0,798508 0,000217
continent 0,820981 0,000149
continual 0,693147 0,000063
continually 0,446287 0,000040
continuance 1,237874 0,000112
continuation 1,347074 0,000122
continue 0,186330 0,000051
continued 0,072571 0,000007
contr 3,912023 0,000355
contra 2,207275 0,000200
contract 0,139262 0,000050
contradict 0,798508 0,000217
contradiction 0,713350 0,000129
contradictory 1,272966 0,000115
contrary 0,198451 0,000018
contrast 0,385662 0,000105
contribute 0,510826 0,000185
contribution 0,371064 0,000067
contrive 0,994252 0,000090
contrived 0,713350 0,000065
control 0,223144 0,000040
controversial 2,995732 0,000272
controversy 1,386294 0,000251
controvert 2,407946 0,000218
convene 2,302585 0,000417
convenience 0,673345 0,000122
conveniency 2,995732 0,000272
convenient 0,462035 0,000042
conventicle 2,659260 0,000241
conversant 1,609438 0,000146
conversation 0,186330 0,000017
converse 0,494296 0,000134
conversion 1,386294 0,000251
convert 0,186330 0,000051
convey 0,287682 0,000078
convict 0,941609 0,000171
conviction 0,430783 0,000039
convince 0,198451 0,000054
convivio 3,912023 0,000355
convocation 2,995732 0,000272
convoke 2,813411 0,000255
convoy 1,966113 0,000356
convulsive 1,272966 0,000115
cook 0,223144 0,000020
cool 0,248461 0,000045
coolness 1,171183 0,000106
cooperate 2,813411 0,000255
cooperation 2,659260 0,000241
coordinate 3,912023 0,000355
copious 1,386294 0,000126
copiously 2,525729 0,000229
copiousness 3,912023 0,000355
copulative 3,912023 0,000355
cora 3,506558 0,000318
coram 2,995732 0,000272
corinth 2,407946 0,000218
corinthian 2,040221 0,000185
corn 0,527633 0,000048
cornelius 2,120264 0,000192
corner 0,072571 0,000007
coromandel 2,813411 0,000255
corona 3,506558 0,000318
coronary 3,506558 0,000318
coronas 3,912023 0,000355
coronation 2,302585 0,000209
coronis 3,912023 0,000355
corporal 1,660731 0,000151
corporation 0,400478 0,000036
corpore 3,506558 0,000318
corporeal 1,966113 0,000178
corps 1,560648 0,000141
corpse 0,616186 0,000056
corpus 2,207275 0,000200
correct 0,235722 0,000043
correction 1,203973 0,000109
corrector 2,995732 0,000272
correlative 2,995732 0,000272
correspond 0,843970 0,000153
correspondence 0,820981 0,000074
correspondent 1,237874 0,000112
corrode 2,813411 0,000255
corrupt 0,235722 0,000043
corruption 0,820981 0,000149
cortez 2,813411 0,000255
cortin 3,912023 0,000355
cost 0,105361 0,000010
costly 0,916291 0,000083
cote 2,659260 0,000241
cottage 0,653926 0,000059
couch 0,579818 0,000053
council 0,653926 0,000119
counsel 0,462035 0,000042
counsellor 0,994252 0,000180
count 0,116534 0,000021
countenance 0,371064 0,000101
counterbalance 1,832581 0,000332
country 0,010050 0,000002
countryman 0,867501 0,000079
couple 0,248461 0,000023
courage 0,150823 0,000014
court 0,094311 0,000034
courtesan 2,659260 0,000241
courtesy 0,693147 0,000063
courtier 1,560648 0,000141
courtly 1,832581 0,000166
cousin 0,597837 0,000108
covenant 1,469676 0,000133
cover 0,223144 0,000040
covered 0,139262 0,000013
covering 0,415515 0,000038
covet 0,967584 0,000088
covetousness 1,771957 0,000161
cowardice 0,994252 0,000090
cowardly 0,994252 0,000090
cows 0,867501 0,000079
coxcomb 2,302585 0,000209
coyness 2,995732 0,000272
crafty 1,427116 0,000129
craggy 1,714798 0,000155
crane 1,237874 0,000112
create 0,094311 0,000034
creation 0,198451 0,000018
creator 1,139434 0,000103
creature 0,116534 0,000021
credenda 3,912023 0,000355
credere 3,912023 0,000355
credibility 2,407946 0,000218
credible 1,714798 0,000155
credit 0,094311 0,000009
credulity 1,966113 0,000178
credulous 1,832581 0,000166
credulously 3,912023 0,000355
creed 1,139434 0,000207
creep 0,198451 0,000018
crime 0,261365 0,000047
criminal 0,673345 0,000122
criminate 3,506558 0,000318
crimine 3,912023 0,000355
crisis 0,820981 0,000074
crit 3,912023 0,000355
critic 1,021651 0,000185
critical 0,235722 0,000021
critically 1,714798 0,000155
criticism 0,820981 0,000149
criticize 2,120264 0,000384
critique 2,813411 0,000255
cross 0,083382 0,000023
crow 0,867501 0,000079
crowd 0,174353 0,000032
crowded 0,301105 0,000027
crown 0,210721 0,000057
croze 3,912023 0,000355
cruce 3,912023 0,000355
crucify 1,560648 0,000141
crucis 3,912023 0,000355
cruel 0,261365 0,000024
cruelly 0,820981 0,000074
cruelty 0,462035 0,000084
crumble 1,078810 0,000098
crusade 2,525729 0,000229
crusades 2,525729 0,000229
crush 0,274437 0,000025
crux 2,813411 0,000255
cubit 2,120264 0,000192
cuirass 2,525729 0,000229
cultivate 0,462035 0,000084
cultivation 1,469676 0,000133
cum 1,966113 0,000178
cumbersome 2,525729 0,000229
cunning 0,462035 0,000042
cup 0,342490 0,000062
cur 1,347074 0,000122
cura 3,506558 0,000318
curator 2,995732 0,000272
curb 1,272966 0,000115
curds 3,218876 0,000292
cure 0,314711 0,000086
curia 3,912023 0,000355
curiosity 0,210721 0,000019
curious 0,261365 0,000024
curiously 0,776529 0,000070
curl 0,510826 0,000046
currency 1,897120 0,000172
current 0,116534 0,000011
curse 0,342490 0,000062
cursus 3,912023 0,000355
curt 2,120264 0,000192
curtain 0,328504 0,000030
curule 3,218876 0,000292
curve 0,916291 0,000083
custodia 3,506558 0,000318
custody 1,560648 0,000141
custom 0,210721 0,000019
customary 0,653926 0,000059
customer 1,139434 0,000103
customs 0,713350 0,000065
cut 0,030459 0,000006
cyanean 3,506558 0,000318
cybele 2,659260 0,000241
cycle 1,966113 0,000178
cynic 1,897120 0,000172
cypress 1,609438 0,000292
cyprian 2,813411 0,000255
cyprus 2,207275 0,000200
cyril 2,995732 0,000272
cyrus 1,832581 0,000166
czar 2,659260 0,000241
dagger 1,139434 0,000207
daily 0,248461 0,000023
dainty 0,634878 0,000058
dam 1,203973 0,000109
damage 0,223144 0,000020
damages 0,400478 0,000036
damascus 2,525729 0,000229
damnation 1,771957 0,000161
damsel 1,237874 0,000112
dance 0,235722 0,000043
dancer 1,309333 0,000119
dancing 0,371064 0,000034
dane 3,506558 0,000318
danes 2,525729 0,000229
danger 0,105361 0,000019
dangerous 0,150823 0,000014
dangerously 1,560648 0,000141
daniel 1,427116 0,000129
danube 1,966113 0,000178
daphne 2,995732 0,000272
daring 0,843970 0,000077
darius 2,302585 0,000209
dark 0,051293 0,000014
darken 0,634878 0,000058
darkly 1,237874 0,000112
darkness 0,186330 0,000017
dart 0,562119 0,000102
darts 1,386294 0,000126
dash 0,400478 0,000036
daughter 0,174353 0,000032
dauntless 2,120264 0,000192
dauphine 2,813411 0,000255
david 0,597837 0,000054
dawn 0,314711 0,000029
day 0,000000 0,000000
dea 3,912023 0,000355
deacon 1,714798 0,000311
deaconess 3,912023 0,000355
dead 0,072571 0,000007
deadly 0,478036 0,000043
deadness 2,995732 0,000272
death 0,020203 0,000004
debased 2,040221 0,000185
debate 1,021651 0,000278
debris 2,813411 0,000255
debt 0,494296 0,000090
debtor 1,609438 0,000292
decay 0,544727 0,000049
decayed 1,203973 0,000109
decease 1,609438 0,000146
deceased 1,078810 0,000098
deceit 0,967584 0,000088
deceitful 1,347074 0,000122
deceive 0,261365 0,000071
decem 3,912023 0,000355
december 0,562119 0,000051
decency 1,108663 0,000201
decent 0,693147 0,000063
decently 1,309333 0,000119
deception 0,916291 0,000083
decide 0,040822 0,000015
decision 0,544727 0,000099
decisive 0,867501 0,000079
decisively 1,897120 0,000172
decius 3,912023 0,000355
declaimer 3,506558 0,000636
declamation 2,407946 0,000437
declaration 0,967584 0,000175
declare 0,139262 0,000050
decline 0,356675 0,000097
declivity 2,120264 0,000192
decorate 0,891598 0,000242
decoration 1,309333 0,000119
decore 3,912023 0,000355
decorum 1,771957 0,000161
decree 0,673345 0,000183
decrepit 1,832581 0,000166
decurion 3,506558 0,000318
decurionate 3,912023 0,000355
dedicate 0,967584 0,000175
dedication 1,832581 0,000166
dedit 3,506558 0,000318
deduce 1,660731 0,000301
deduct 2,207275 0,000200
deduction 1,560648 0,000141
deed 0,287682 0,000052
deem 0,562119 0,000153
deep 0,020203 0,000005
deeply 0,261365 0,000024
defaced 1,771957 0,000161
defeat 0,634878 0,000230
defect 0,261365 0,000047
defection 2,813411 0,000255
defective 0,356675 0,000032
defence 0,527633 0,000048
defenceless 1,897120 0,000172
defend 0,301105 0,000109
defender 1,427116 0,000129
defensive 1,560648 0,000141
defer 0,941609 0,000256
deference 0,967584 0,000088
defiance 0,713350 0,000065
deficiency 1,203973 0,000218
deficit 2,659260 0,000241
defile 1,078810 0,000293
define 0,673345 0,000122
definite 0,755023 0,000068
definition 1,203973 0,000218
definitive 2,995732 0,000272
deform 0,967584 0,000088
defraud 1,897120 0,000344
defray 2,207275 0,000400
defy 0,693147 0,000063
degenerate 1,078810 0,000293
degradation 1,108663 0,000101
degrade 0,994252 0,000270
degrading 1,386294 0,000126
degree 0,150823 0,000027
dei 1,966113 0,000178
deign 0,994252 0,000090
deity 1,171183 0,000212
del 1,832581 0,000166
delation 3,912023 0,000355
delay 0,186330 0,000051
delegate 1,469676 0,000266
delia 2,995732 0,000272
deliberate 0,673345 0,000061
deliberately 0,693147 0,000063
deliberation 1,078810 0,000196
delicacy 0,597837 0,000108
delicate 0,301105 0,000027
delicious 0,713350 0,000065
delight 0,150823 0,000041
delighted 0,287682 0,000026
delineate 2,207275 0,000600
deliver 0,223144 0,000081
deliverance 0,941609 0,000085
deliverer 1,897120 0,000172
delivery 0,994252 0,000090
della 2,407946 0,000218
delude 1,347074 0,000122
deluge 1,427116 0,000129
demagogue 2,407946 0,000218
demand 0,051293 0,000019
demeanor 2,120264 0,000192
demesne 2,659260 0,000241
demolish 1,560648 0,000283
demolition 2,525729 0,000229
demonstrate 0,967584 0,000088
demonstration 0,994252 0,000090
denarius 3,506558 0,000318
denial 0,776529 0,000070
denomination 1,966113 0,000178
denote 1,139434 0,000207
denounce 1,078810 0,000196
dense 0,693147 0,000063
deny 0,072571 0,000026
depart 0,162519 0,000029
department 0,916291 0,000166
departure 0,430783 0,000039
depend 0,040822 0,000015
dependant 2,995732 0,000272
dependence 1,309333 0,000119
dependent 0,820981 0,000074
deplorable 1,386294 0,000126
deplore 1,237874 0,000337
deportment 1,714798 0,000155
depose 1,714798 0,000311
deposit 0,776529 0,000070
depraved 1,560648 0,000141
depravity 1,560648 0,000141
deprecate 2,407946 0,000437
depreciate 1,897120 0,000516
depredation 2,407946 0,000218
depress 0,616186 0,000056
deprive 0,415515 0,000113
depth 0,494296 0,000045
deputation 2,302585 0,000417
depute 2,525729 0,000229
deputy 1,272966 0,000231
der 1,832581 0,000166
deride 1,386294 0,000503
derision 1,108663 0,000101
derivation 2,207275 0,000200
derive 0,210721 0,000057
des 1,427116 0,000129
descant 2,813411 0,000255
descend 0,174353 0,000032
descendant 0,867501 0,000079
descent 0,634878 0,000058
description 0,248461 0,000045
descry 1,469676 0,000133
desert 0,314711 0,000086
deserted 0,385662 0,000035
deserter 1,832581 0,000332
desertion 1,514128 0,000137
deserve 0,314711 0,000057
deserved 0,634878 0,000058
deservedly 2,120264 0,000192
deserving 0,891598 0,000081
design 0,287682 0,000078
designate 1,309333 0,000356
designedly 2,207275 0,000200
desirable 0,733969 0,000067
desire 0,051293 0,000014
desirous 0,634878 0,000058
desist 1,660731 0,000151
desisted 1,966113 0,000178
desk 0,867501 0,000079
desolate 0,733969 0,000133
desolation 0,916291 0,000083
despair 0,174353 0,000032
despatch 1,108663 0,000302
desperate 0,328504 0,000030
despicable 1,469676 0,000133
despise 0,342490 0,000093
despoil 2,302585 0,000209
despoiled 1,897120 0,000172
desponding 1,832581 0,000166
despot 2,040221 0,000185
despotic 1,897120 0,000172
despotism 1,832581 0,000166
destine 0,494296 0,000045
destitute 0,916291 0,000083
destroy 0,061875 0,000022
destruction 0,342490 0,000031
destructive 1,049822 0,000095
desultory 2,120264 0,000192
detach 0,287682 0,000052
detachment 1,347074 0,000244
detain 0,544727 0,000099
detect 0,562119 0,000153
detection 1,427116 0,000129
deter 1,272966 0,000346
determination 0,616186 0,000056
determine 0,061875 0,000017
detest 0,891598 0,000242
deus 2,659260 0,000241
deuteron 3,912023 0,000355
deux 2,659260 0,000241
devastation 2,040221 0,000370
deviate 1,660731 0,000452
deviation 1,714798 0,000311
devil 0,301105 0,000055
devoid 1,309333 0,000119
devolve 1,609438 0,000438
devote 0,673345 0,000183
devoted 0,301105 0,000027
devotion 0,510826 0,000046
devotions 1,897120 0,000172
devour 0,462035 0,000126
devout 1,203973 0,000109
devoutly 1,386294 0,000126
dexterity 1,560648 0,000141
dexterous 1,660731 0,000151
dexterously 2,040221 0,000185
di 1,832581 0,000166
diadem 1,897120 0,000172
dialect 1,171183 0,000106
dialectic 2,659260 0,000241
dialog 3,912023 0,000355
dialogue 1,049822 0,000190
diametrically 2,995732 0,000272
dictate 0,579818 0,000158
dictator 2,407946 0,000437
die 0,010050 0,000004
diet 1,078810 0,000098
difference 0,174353 0,000032
difficult 0,116534 0,000011
difficulty 0,116534 0,000021
diffidence 1,514128 0,000137
diffuse 1,386294 0,000126
diffused 1,469676 0,000133
diffusely 3,506558 0,000318
diffusive 3,506558 0,000318
dig 0,356675 0,000065
digest 1,171183 0,000212
digger 1,966113 0,000178
dignified 0,755023 0,000068
dignify 2,302585 0,000209
dignity 0,314711 0,000057
digression 1,347074 0,000122
dike 2,813411 0,000510
dilatory 2,525729 0,000229
diligence 1,237874 0,000112
diligent 1,469676 0,000133
diligently 1,203973 0,000109
dim 0,356675 0,000032
dimension 0,916291 0,000083
diminish 0,776529 0,000141
diminished 0,776529 0,000070
diminution 1,832581 0,000166
diminutive 1,609438 0,000146
dinner 0,186330 0,000017
diocese 2,813411 0,000510
diocletian 3,506558 0,000318
diogenes 2,120264 0,000192
dion 2,813411 0,000255
dip 0,673345 0,000122
diphthong 3,218876 0,000292
diplomatique 3,912023 0,000355
dire 1,171183 0,000106
direct 0,040822 0,000015
direction 0,051293 0,000009
director 0,733969 0,000067
dirty 0,544727 0,000049
dis 1,609438 0,000146
disabled 1,714798 0,000155
disadvantage 0,843970 0,000153
disadvantageous 2,659260 0,000241
disaffected 2,813411 0,000255
disaffection 2,659260 0,000241
disagreement 1,660731 0,000151
disappear 0,223144 0,000040
disappoint 1,427116 0,000129
disappointed 0,415515 0,000038
disappointment 0,462035 0,000084
disapprobation 2,040221 0,000185
disapprove 1,469676 0,000266
disapproving 2,207275 0,000200
disarm 1,237874 0,000224
disavow 3,218876 0,000292
disband 2,302585 0,000209
disbelief 1,832581 0,000166
disbelieve 1,832581 0,000332
discern 0,634878 0,000115
discerning 1,469676 0,000133
discernment 1,469676 0,000133
discharge 0,478036 0,000173
disciple 1,021651 0,000185
discipline 0,634878 0,000058
disciplined 1,897120 0,000172
disclaim 0,462035 0,000168
disclose 0,634878 0,000173
discolor 2,813411 0,000255
discomfit 2,995732 0,000272
disconcert 1,171183 0,000106
disconsolate 1,609438 0,000146
discontent 0,616186 0,000112
discord 1,078810 0,000196
discordant 1,514128 0,000137
discordia 3,912023 0,000355
discourage 0,693147 0,000126
discourse 0,579818 0,000105
discover 0,030459 0,000011
discovery 0,287682 0,000052
discreet 0,843970 0,000077
discreetly 1,347074 0,000122
discretion 0,733969 0,000067
discretionary 3,218876 0,000292
discriminate 1,660731 0,000301
discuss 0,400478 0,000109
discussion 0,597837 0,000108
disdain 0,673345 0,000244
disdainful 1,714798 0,000155
disdainfully 1,897120 0,000172
disease 0,328504 0,000060
disembark 2,302585 0,000209
disengage 0,843970 0,000153
disfigured 1,469676 0,000133
disgrace 0,462035 0,000126
disgraceful 1,049822 0,000095
disguise 0,494296 0,000134
disgust 0,430783 0,000039
disgusted 0,820981 0,000074
disgustful 2,995732 0,000272
disgusting 1,272966 0,000115
dishonor 2,120264 0,000192
dishonorable 2,302585 0,000209
dishonored 2,525729 0,000229
disingenuous 3,218876 0,000292
disinherit 2,207275 0,000200
disinterested 1,386294 0,000126
disjunctive 3,506558 0,000318
dislike 0,478036 0,000087
dislocate 2,207275 0,000200
dismantle 1,714798 0,000155
dismay 0,597837 0,000108
dismember 2,120264 0,000384
dismiss 0,430783 0,000156
dismount 1,272966 0,000115
disobedience 1,560648 0,000141
disobedient 1,966113 0,000178
disobey 1,108663 0,000302
disorder 0,544727 0,000099
disorderly 1,469676 0,000133
disown 1,771957 0,000161
dispassionate 2,120264 0,000192
dispel 1,139434 0,000207
dispensation 1,966113 0,000178
dispense 0,820981 0,000074
dispeople 3,912023 0,000355
disperse 0,776529 0,000070
dispirited 1,771957 0,000161
displace 1,309333 0,000119
display 0,162519 0,000059
displease 1,021651 0,000093
displeased 1,108663 0,000101
displeasure 0,941609 0,000085
disposal 0,916291 0,000083
dispose 0,755023 0,000068
disposed 0,385662 0,000035
disposition 0,371064 0,000067
disproportion 2,525729 0,000229
disprove 1,714798 0,000155
disputant 2,407946 0,000437
dispute 0,446287 0,000162
disqualification 2,813411 0,000255
disquisition 2,407946 0,000218
disregard 0,820981 0,000149
disrespectful 1,832581 0,000166
diss 3,912023 0,000355
dissatisfied 1,021651 0,000093
dissemble 1,609438 0,000292
dissembling 2,302585 0,000209
dissension 1,660731 0,000301
dissent 1,514128 0,000412
dissert 3,506558 0,000318
dissertation 2,525729 0,000229
dissertations 2,525729 0,000229
dissimulation 2,040221 0,000185
dissipation 1,469676 0,000133
dissolute 1,771957 0,000161
dissolution 1,427116 0,000129
dissolve 0,733969 0,000133
dissuade 1,309333 0,000119
distaff 2,207275 0,000200
distance 0,105361 0,000019
distant 0,162519 0,000015
distemper 2,040221 0,000185
distended 1,897120 0,000172
distinct 0,301105 0,000027
distinction 0,356675 0,000065
distinctly 0,478036 0,000043
distinguish 0,314711 0,000057
distinguished 0,301105 0,000027
distinguishing 1,078810 0,000098
distort 0,916291 0,000083
distract 0,510826 0,000046
distraction 0,994252 0,000090
distress 0,274437 0,000025
distressed 0,673345 0,000061
distribute 0,210721 0,000057
distribution 0,430783 0,000078
district 0,713350 0,000129
distrust 0,733969 0,000133
disturb 0,198451 0,000054
disturbance 0,713350 0,000129
disunite 3,506558 0,000318
dit 2,813411 0,000255
ditch 0,994252 0,000090
div 2,813411 0,000255
diva 3,506558 0,000318
diversify 2,040221 0,000370
diversion 0,916291 0,000083
divert 0,634878 0,000173
divest 1,469676 0,000133
divi 3,218876 0,000292
divide 0,150823 0,000055
divination 1,966113 0,000178
divine 0,356675 0,000065
divinity 0,867501 0,000079
divisa 3,912023 0,000355
division 0,527633 0,000096
dixit 3,912023 0,000355
docility 2,407946 0,000218
doctor 0,400478 0,000073
doctrine 0,616186 0,000112
document 1,021651 0,000185
dog 0,186330 0,000034
dogmata 3,218876 0,000292
dogmatic 2,302585 0,000209
dom 3,506558 0,000318
domain 0,328504 0,000030
dome 1,309333 0,000119
domestic 0,510826 0,000093
domini 2,813411 0,000255
dominican 2,525729 0,000229
dominion 0,941609 0,000171
dominus 2,813411 0,000255
domitian 2,407946 0,000218
domus 3,912023 0,000355
donat 3,912023 0,000355
donation 0,446287 0,000081
donatist 3,912023 0,000355
donative 3,506558 0,000636
doom 0,579818 0,000053
door 0,000000 0,000000
doric 2,525729 0,000229
dorsa 3,912023 0,000355
dost 1,237874 0,000112
dotage 2,302585 0,000209
double 0,139262 0,000025
doubly 1,049822 0,000095
doubt 0,040822 0,000015
doubtless 0,430783 0,000039
doux 3,218876 0,000292
downcast 1,386294 0,000126
downfall 1,609438 0,000146
downy 2,040221 0,000185
doxology 3,506558 0,000318
dozen 0,415515 0,000038
drachm 3,218876 0,000292
drag 0,248461 0,000045
dragon 1,021651 0,000093
drain 0,820981 0,000074
draining 2,407946 0,000218
dramatic 1,078810 0,000098
draught 0,527633 0,000096
drave 2,659260 0,000241
draw 0,020203 0,000009
drawback 1,469676 0,000133
dread 0,248461 0,000068
dreadful 0,342490 0,000031
dream 0,083382 0,000030
dreary 0,673345 0,000061
dress 0,162519 0,000015
dressed 0,261365 0,000024
drink 0,072571 0,000013
drive 0,030459 0,000008
driver 0,713350 0,000065
droit 3,218876 0,000292
droop 0,798508 0,000072
drop 0,061875 0,000011
dross 2,120264 0,000192
drown 0,314711 0,000029
drum 0,843970 0,000077
drunken 0,820981 0,000074
dry 0,116534 0,000021
du 1,347074 0,000122
dubio 3,912023 0,000355
duces 3,912023 0,000355
duchy 2,525729 0,000229
duci 3,506558 0,000318
ductor 3,912023 0,000355
duke 0,967584 0,000175
dull 0,174353 0,000016
dulness 1,832581 0,000166
dum 2,995732 0,000272
dungeon 1,237874 0,000112
duo 2,995732 0,000543
dura 2,995732 0,000272
durable 1,714798 0,000155
durance 2,813411 0,000255
duration 1,078810 0,000098
dust 0,162519 0,000015
dutch 1,139434 0,000103
dutchman 1,966113 0,000178
dutiful 1,714798 0,000155
duty 0,061875 0,000011
duumvirs 3,912023 0,000355
dwell 0,342490 0,000062
dyeing 2,525729 0,000229
dynasty 2,207275 0,000200
ea 3,218876 0,000292
eager 0,210721 0,000019
eagerly 0,385662 0,000035
eagerness 0,544727 0,000049
eagle 0,755023 0,000068
eam 3,506558 0,000318
ear 0,061875 0,000011
earl 1,771957 0,000161
earn 0,446287 0,000040
earnest 0,261365 0,000024
earnestly 0,415515 0,000038
earth 0,051293 0,000005
earthly 0,673345 0,000061
earthquake 1,021651 0,000093
ease 0,150823 0,000014
easily 0,072571 0,000007
east 0,235722 0,000021
easter 1,714798 0,000155
eastern 0,733969 0,000067
eastward 1,203973 0,000109
easy 0,000000 0,000000
eat 0,040822 0,000004
eater 1,469676 0,000133
ebionite 3,912023 0,000355
ecce 2,813411 0,000255
eccl 3,506558 0,000318
eccles 3,912023 0,000355
ecclesiast 3,912023 0,000355
ecclesiastic 2,207275 0,000400
ecclesiastical 1,560648 0,000141
ecclesiasticus 3,912023 0,000355
eclipse 1,309333 0,000119
eclogue 3,506558 0,000318
economy 0,776529 0,000070
edge 0,150823 0,000014
edict 1,714798 0,000311
edification 2,207275 0,000200
edifice 1,272966 0,000231
edify 2,813411 0,000510
edifying 1,771957 0,000161
edit 1,771957 0,000321
edition 0,287682 0,000052
editor 1,078810 0,000196
educate 0,544727 0,000099
education 0,415515 0,000038
edward 1,049822 0,000095
efface 1,171183 0,000212
effective 0,967584 0,000088
effects 2,525729 0,000229
effectual 1,203973 0,000109
effectually 1,203973 0,000109
effeminacy 2,207275 0,000200
effeminate 1,714798 0,000155
efficacious 2,525729 0,000229
efficaciously 3,506558 0,000318
efficacy 1,966113 0,000178
effigy 2,302585 0,000209
effort 0,094311 0,000017
effulgence 2,302585 0,000209
effusion 1,714798 0,000311
egg 1,021651 0,000093
eggs 0,776529 0,000070
ego 1,771957 0,000161
egypt 0,891598 0,000081
egyptian 1,108663 0,000201
eighteen 0,462035 0,000042
eighteenth 1,203973 0,000109
eighth 0,798508 0,000072
elaborate 0,867501 0,000079
elapse 0,891598 0,000162
elastic 1,386294 0,000126
elated 1,469676 0,000133
elbow 0,494296 0,000045
eld 0,385662 0,000070
elder 1,139434 0,000103
eleazar 3,218876 0,000292
elect 0,210721 0,000038
election 1,237874 0,000224
elector 2,207275 0,000200
elegance 0,994252 0,000090
elegant 0,634878 0,000058
elegantly 1,714798 0,000155
elem 3,912023 0,000355
element 0,342490 0,000062
elephant 0,967584 0,000088
eleusinian 3,506558 0,000318
elevated 0,891598 0,000081
elevation 0,843970 0,000077
eleventh 1,347074 0,000122
elizabeth 1,514128 0,000137
elliptical 3,506558 0,000318
elne 3,912023 0,000355
elocution 2,407946 0,000218
elohim 3,218876 0,000292
eloquence 0,776529 0,000070
eloquent 0,820981 0,000074
eloquently 1,897120 0,000172
elude 1,078810 0,000391
elysian 2,407946 0,000218
emanation 2,525729 0,000458
embalmed 1,966113 0,000178
embark 1,139434 0,000207
embarrass 2,120264 0,000192
embarrassed 0,916291 0,000083
embarrassment 0,994252 0,000090
embassy 1,469676 0,000266
embellish 1,771957 0,000482
embellishment 1,609438 0,000146
embittered 1,897120 0,000172
emblazon 2,407946 0,000218
emblem 1,469676 0,000133
emblems 2,120264 0,000192
emboss 2,407946 0,000218
embrace 0,235722 0,000085
embroider 1,049822 0,000095
emendation 2,813411 0,000255
emerge 0,653926 0,000178
emergency 1,049822 0,000190
emesa 3,912023 0,000355
emigration 2,040221 0,000370
eminence 1,237874 0,000112
eminent 0,967584 0,000088
emir 3,218876 0,000584
emit 1,469676 0,000133
emolument 2,525729 0,000458
emotion 0,356675 0,000032
emp 3,506558 0,000318
emperor 0,916291 0,000166
emphatical 3,912023 0,000355
emphatically 1,203973 0,000109
empire 0,634878 0,000115
employ 0,235722 0,000085
employment 0,527633 0,000096
empower 1,714798 0,000155
empress 1,897120 0,000344
emptiness 1,609438 0,000146
emulate 1,714798 0,000466
emulation 1,897120 0,000172
en 0,994252 0,000090
enable 0,274437 0,000050
enact 1,309333 0,000237
enactment 2,407946 0,000218
encase 2,207275 0,000200
enchanting 1,714798 0,000155
enchantment 1,139434 0,000103
encircle 1,021651 0,000093
enclose 0,713350 0,000129
enclosure 1,139434 0,000103
encomium 2,302585 0,000209
encompass 1,203973 0,000109
encounter 0,446287 0,000121
encourage 0,301105 0,000055
encouragement 0,755023 0,000137
encouraging 0,798508 0,000072
encrust 2,040221 0,000185
encumbrance 1,966113 0,000178
endanger 1,386294 0,000377
endear 1,832581 0,000166
endearing 2,207275 0,000200
endearment 1,897120 0,000172
endeavor 1,203973 0,000327
endless 0,478036 0,000043
endow 0,673345 0,000061
endowment 1,514128 0,000137
endure 0,210721 0,000038
eneas 3,912023 0,000355
enemy 0,105361 0,000019
energy 0,371064 0,000034
enervate 2,302585 0,000209
enforce 0,941609 0,000256
engage 0,494296 0,000134
engaged 0,198451 0,000018
engagement 0,634878 0,000115
engine 0,776529 0,000141
england 0,385662 0,000035
english 0,094311 0,000009
engrave 1,237874 0,000112
enhance 1,237874 0,000112
enjoin 1,171183 0,000212
enjoy 0,072571 0,000020
enjoyment 0,562119 0,000102
enlarge 0,673345 0,000122
enlighten 0,562119 0,000102
enlist 1,309333 0,000237
enliven 1,660731 0,000151
enmity 1,171183 0,000106
ennoble 1,966113 0,000178
enormity 1,966113 0,000178
enormous 0,430783 0,000039
enrage 0,916291 0,000083
enrich 0,941609 0,000085
enrol 1,609438 0,000146
ens 2,995732 0,000272
ensign 1,469676 0,000266
ensue 0,579818 0,000053
enter 0,020203 0,000005
enterprise 0,755023 0,000137
enterprising 1,609438 0,000146
entertain 0,579818 0,000053
entertained 0,616186 0,000056
entertaining 0,941609 0,000085
entertainment 0,798508 0,000145
enthusiasm 0,653926 0,000059
enthusiast 1,714798 0,000155
enthusiastic 1,021651 0,000093
entire 0,274437 0,000025
entitle 0,653926 0,000119
entrails 1,514128 0,000137
entrance 0,210721 0,000038
entreat 0,713350 0,000129
entreaty 1,021651 0,000093
entry 0,776529 0,000070
enumerate 1,108663 0,000302
enumeration 1,660731 0,000151
envious 1,309333 0,000119
envy 0,446287 0,000081
eo 2,813411 0,000255
eos 3,912023 0,000355
ep 2,995732 0,000272
epicureans 2,995732 0,000272
epigram 2,407946 0,000218
epiphany 3,218876 0,000292
episcopal 2,207275 0,000200
episode 1,078810 0,000098
epist 3,506558 0,000318
epistle 1,832581 0,000166
epistles 2,120264 0,000192
epitaph 1,832581 0,000166
epithet 1,347074 0,000244
epitome 2,120264 0,000192
epoch 1,309333 0,000237
epulis 3,912023 0,000355
equal 0,162519 0,000044
equality 0,967584 0,000088
equally 0,223144 0,000020
equator 2,040221 0,000185
equestrian 2,207275 0,000200
equip 0,967584 0,000088
equipage 1,469676 0,000133
equitable 1,966113 0,000178
equity 1,832581 0,000166
equivalent 1,078810 0,000196
equivocal 2,207275 0,000200
eradicate 1,897120 0,000172
erase 1,660731 0,000452
erasmus 3,506558 0,000318
erat 2,995732 0,000272
erect 0,446287 0,000121
ergo 2,525729 0,000229
erin 3,506558 0,000318
eris 3,218876 0,000292
ernest 2,302585 0,000209
ernst 3,912023 0,000355
eros 2,659260 0,000241
erroneous 1,514128 0,000137
erroneously 2,120264 0,000192
error 0,072571 0,000013
erse 3,506558 0,000318
erudition 2,207275 0,000200
eruption 1,897120 0,000344
esau 2,207275 0,000200
escape 0,061875 0,000017
escort 0,755023 0,000068
espouse 1,469676 0,000266
esprit 2,525729 0,000229
esquiline 3,506558 0,000318
essay 0,755023 0,000068
esse 2,813411 0,000255
essence 0,693147 0,000063
essential 0,544727 0,000049
essentially 1,347074 0,000122
est 1,309333 0,000119
establish 0,579818 0,000105
established 0,301105 0,000027
establishment 0,673345 0,000122
estate 0,478036 0,000087
esteem 0,478036 0,000043
esteemed 0,916291 0,000083
estimate 0,653926 0,000119
eternal 0,415515 0,000038
eternally 1,347074 0,000122
eternity 0,673345 0,000061
ethic 1,427116 0,000129
ethiopia 2,302585 0,000209
ethiopian 2,302585 0,000209
etiam 2,995732 0,000272
etymologicon 3,912023 0,000355
etymology 2,302585 0,000417
euboic 3,506558 0,000318
eucharist 3,506558 0,000318
eulogy 2,120264 0,000192
eunomian 3,912023 0,000355
eunuch 1,966113 0,000356
euphrates 2,207275 0,000200
euripides 2,120264 0,000192
europa 2,995732 0,000272
europe 0,510826 0,000046
european 0,867501 0,000079
eusebian 3,912023 0,000355
euxine 2,813411 0,000255
evacuate 2,407946 0,000218
evacuation 2,659260 0,000241
evangel 3,912023 0,000355
evangelic 3,506558 0,000318
evangelical 2,659260 0,000241
evangelist 2,659260 0,000241
evangelists 2,995732 0,000272
evaporate 1,966113 0,000356
evasion 1,609438 0,000146
evasive 2,207275 0,000200
eve 0,673345 0,000061
evening 0,072571 0,000013
event 0,150823 0,000027
eventually 1,171183 0,000106
everlasting 0,891598 0,000081
everyday 1,272966 0,000115
evidence 0,235722 0,000043
evident 0,356675 0,000032
evidently 0,371064 0,000034
evil 0,150823 0,000027
evoke 1,514128 0,000137
evolution 1,171183 0,000212
exact 0,274437 0,000050
exacting 1,272966 0,000115
exaction 2,207275 0,000400
exactness 1,514128 0,000137
exaggerate 1,139434 0,000310
exaggerated 0,843970 0,000077
exaggeration 1,237874 0,000224
exalt 0,597837 0,000217
examination 0,385662 0,000035
examine 0,150823 0,000055
exasperate 1,514128 0,000275
exasperated 1,386294 0,000126
excavate 2,407946 0,000218
excavation 2,302585 0,000209
exceed 0,462035 0,000084
excel 0,994252 0,000180
excellency 1,347074 0,000122
excellent 0,150823 0,000014
exception 0,446287 0,000081
exceptionable 3,218876 0,000292
excerpt 3,506558 0,000318
excerpta 3,506558 0,000318
excess 0,579818 0,000053
excessive 0,597837 0,000054
exchange 0,210721 0,000057
excite 0,798508 0,000145
excited 0,248461 0,000023
exciting 0,693147 0,000063
exclaim 0,287682 0,000078
exclamation 0,755023 0,000068
exclude 0,755023 0,000274
exclusion 0,371064 0,000034
exclusive 1,203973 0,000109
exclusively 1,139434 0,000103
excommunicate 2,040221 0,000185
excommunication 2,659260 0,000482
excruciating 2,120264 0,000192
exculpate 3,218876 0,000292
excur 3,912023 0,000355
excursus 3,912023 0,000355
excuse 0,139262 0,000038
execrable 2,302585 0,000209
execrate 2,207275 0,000400
execute 0,527633 0,000143
execution 0,597837 0,000108
executioner 1,427116 0,000259
exemplary 1,660731 0,000151
exemplify 2,207275 0,000200
exempt 0,314711 0,000086
exemption 2,302585 0,000417
exercise 0,235722 0,000085
exert 0,820981 0,000223
exertion 0,693147 0,000126
exhaust 1,560648 0,000141
exhausted 0,400478 0,000036
exhibit 0,579818 0,000210
exhibition 0,994252 0,000090
exhort 1,171183 0,000319
exhortation 1,469676 0,000266
exigency 1,771957 0,000161
exile 0,776529 0,000211
exist 0,072571 0,000020
existence 0,150823 0,000014
existent 2,120264 0,000192
existing 0,891598 0,000081
exorbitant 1,771957 0,000161
exorcist 3,912023 0,000355
expatiate 1,832581 0,000665
expect 0,051293 0,000014
expectation 0,356675 0,000065
expedient 0,941609 0,000171
expedition 0,733969 0,000133
expeditious 2,525729 0,000229
expel 1,203973 0,000109
expend 0,301105 0,000055
expense 0,127833 0,000023
expensive 0,843970 0,000077
experience 0,072571 0,000007
experienced 0,356675 0,000032
experiment 0,494296 0,000045
experimental 1,560648 0,000141
experimentally 3,218876 0,000292
expiate 1,771957 0,000482
expiation 2,302585 0,000209
expiration 1,897120 0,000172
expire 0,916291 0,000332
explain 0,116534 0,000042
explanation 0,139262 0,000025
explicit 1,347074 0,000122
explicitly 2,407946 0,000218
explode 1,309333 0,000119
exploit 0,867501 0,000157
explore 0,713350 0,000129
explosion 1,203973 0,000218
export 0,446287 0,000040
exportation 2,407946 0,000218
expose 0,597837 0,000163
exposed 0,301105 0,000027
exposition 1,660731 0,000151
expound 1,309333 0,000119
express 0,072571 0,000026
expression 0,116534 0,000021
expressive 0,733969 0,000067
expressly 0,820981 0,000074
expulsion 1,771957 0,000161
exquisite 0,673345 0,000061
extant 1,832581 0,000166
extend 0,261365 0,000095
extension 1,347074 0,000122
extensive 0,798508 0,000072
extent 0,083382 0,000008
extenuate 1,832581 0,000332
extenuation 2,525729 0,000229
exterior 1,272966 0,000115
exterminate 1,714798 0,000311
externa 3,912023 0,000355
external 0,562119 0,000051
extinct 1,108663 0,000101
extinction 1,660731 0,000151
extinguish 0,562119 0,000102
extirpate 2,302585 0,000626
extirpation 3,218876 0,000292
extort 1,347074 0,000366
extortion 2,525729 0,000229
extra 0,820981 0,000074
extract 0,544727 0,000198
extraction 2,040221 0,000185
extraordinary 0,371064 0,000034
extravagance 1,347074 0,000122
extravagancy 2,813411 0,000255
extravagant 0,916291 0,000083
extreme 0,186330 0,000034
extremely 0,385662 0,000035
extremity 0,693147 0,000126
extricate 1,272966 0,000346
exult 1,309333 0,000237
exultation 1,203973 0,000109
eye 0,000000 0,000000
ezekiel 2,207275 0,000200
fab 3,506558 0,000318
fable 1,108663 0,000201
fabric 1,237874 0,000112
fabricate 2,525729 0,000229
fabulous 1,237874 0,000112
facetious 1,897120 0,000172
facilitate 1,560648 0,000283
facility 0,342490 0,000031
faction 1,897120 0,000172
factions 1,832581 0,000166
factious 2,207275 0,000200
factum 3,506558 0,000318
faculty 0,510826 0,000093
fail 0,072571 0,000020
failing 2,120264 0,000192
failure 0,415515 0,000038
faint 0,186330 0,000084
faintly 0,713350 0,000065
fair 0,051293 0,000009
fairness 1,771957 0,000161
faith 0,210721 0,000019
faithful 0,261365 0,000024
faithfully 0,755023 0,000068
faithless 1,832581 0,000166
fall 0,000000 0,000000
fallacious 1,966113 0,000178
falls 0,328504 0,000030
false 0,210721 0,000019
falsehood 0,693147 0,000063
falsely 1,171183 0,000106
fam 3,218876 0,000292
fama 3,506558 0,000318
fame 0,478036 0,000087
familiar 0,150823 0,000014
familiarity 0,843970 0,000077
familiarize 1,966113 0,000178
familiarly 1,272966 0,000115
family 0,061875 0,000011
famine 1,049822 0,000095
famished 1,272966 0,000115
famous 0,261365 0,000024
fanatic 1,714798 0,000311
fanatical 2,207275 0,000200
fanaticism 1,966113 0,000178
fanciful 1,272966 0,000115
fancy 0,162519 0,000029
fantastic 0,798508 0,000072
fare 0,597837 0,000054
farm 0,713350 0,000194
farth 1,049822 0,000095
fascine 3,506558 0,000318
fashion 0,105361 0,000010
fashionable 0,916291 0,000083
fast 0,030459 0,000006
fasti 3,912023 0,000355
fastidious 1,514128 0,000137
fasting 1,049822 0,000095
fat 0,314711 0,000029
fatal 0,342490 0,000031
fatality 1,771957 0,000161
fatally 1,714798 0,000155
fate 0,174353 0,000016
father 0,061875 0,000011
fatigue 0,494296 0,000090
fault 0,139262 0,000025
favor 0,994252 0,000180
favorable 1,469676 0,000133
favorably 2,120264 0,000192
favored 1,897120 0,000172
favorite 1,309333 0,000237
fear 0,020203 0,000005
fearless 1,309333 0,000119
fearlessly 2,040221 0,000185
feast 0,430783 0,000078
feat 0,967584 0,000088
feather 0,462035 0,000042
feature 0,261365 0,000024
february 0,820981 0,000074
fecit 3,912023 0,000355
fecundity 2,525729 0,000229
federal 0,527633 0,000048
fee 0,301105 0,000027
feeble 0,356675 0,000032
feebly 0,843970 0,000077
feed 0,248461 0,000045
feel 0,020203 0,000004
feeling 0,072571 0,000007
feign 0,776529 0,000070
felicity 1,272966 0,000115
felix 2,207275 0,000200
fell 1,171183 0,000106
fellow 0,040822 0,000004
female 0,385662 0,000035
females 1,309333 0,000119
femme 2,040221 0,000185
fere 3,912023 0,000355
fergus 3,912023 0,000355
ferocious 1,203973 0,000109
ferox 3,912023 0,000355
fertile 1,021651 0,000093
fertility 1,897120 0,000172
fervent 1,021651 0,000093
fervor 2,302585 0,000209
festival 0,994252 0,000180
festivity 1,514128 0,000137
fetter 0,994252 0,000090
feud 1,514128 0,000275
feudal 2,040221 0,000185
fever 0,342490 0,000031
fiance 3,912023 0,000355
fiction 0,843970 0,000153
fictitious 1,560648 0,000141
fid 3,912023 0,000355
fide 2,813411 0,000510
fidelity 0,967584 0,000088
fiducia 3,912023 0,000355
field 0,094311 0,000017
fiend 1,049822 0,000095
fierce 0,415515 0,000113
fiercely 0,776529 0,000070
fierceness 1,897120 0,000172
fieri 3,506558 0,000318
fiery 0,713350 0,000065
fifteenth 1,237874 0,000112
fig 1,203973 0,000109
fight 0,083382 0,000023
figurative 2,120264 0,000192
figuratively 1,966113 0,000178
figure 0,051293 0,000009
file 0,223144 0,000020
filial 1,309333 0,000119
fille 3,506558 0,000318
filth 1,139434 0,000103
fin 1,832581 0,000166
final 0,342490 0,000031
finally 0,150823 0,000014
finances 1,897120 0,000172
fine 0,061875 0,000017
finely 1,171183 0,000106
fingal 3,506558 0,000318
finger 0,150823 0,000014
finished 0,162519 0,000015
fireman 2,207275 0,000200
firm 0,248461 0,000045
firmly 0,342490 0,000031
firmness 0,994252 0,000090
fiscal 3,218876 0,000292
fish 0,287682 0,000026
fisherman 1,049822 0,000190
fishery 2,207275 0,000200
fishing 0,755023 0,000068
fit 0,030459 0,000006
fixing 2,813411 0,000255
fl 3,912023 0,000355
flake 1,427116 0,000129
flame 0,248461 0,000068
flaminian 3,506558 0,000318
flank 0,941609 0,000256
flat 0,139262 0,000025
flatter 0,755023 0,000137
flatterer 1,771957 0,000321
flattering 0,798508 0,000072
flattery 0,867501 0,000079
flavian 3,912023 0,000355
flavius 3,218876 0,000292
flaw 1,514128 0,000137
flaxen 1,660731 0,000151
flay 1,771957 0,000161
flee 0,301105 0,000027
fleet 0,713350 0,000129
fleeting 1,139434 0,000103
flesh 0,210721 0,000019
fleury 3,218876 0,000292
flexibility 2,659260 0,000241
flexible 1,714798 0,000155
flicker 0,755023 0,000068
flight 0,287682 0,000026
float 0,328504 0,000089
flock 0,385662 0,000105
flood 0,430783 0,000078
floor 0,174353 0,000016
florence 1,609438 0,000146
florid 1,560648 0,000141
flour 1,078810 0,000098
flourish 0,562119 0,000153
flourishing 1,021651 0,000093
flow 0,174353 0,000047
flower 0,174353 0,000032
fluctuate 1,771957 0,000482
fluctuation 2,302585 0,000417
flush 0,562119 0,000051
flute 1,427116 0,000129
fly 0,116534 0,000032
flying 0,235722 0,000021
foe 0,616186 0,000112
fol 3,506558 0,000318
fold 0,287682 0,000026
follis 3,912023 0,000355
follow 0,020203 0,000002
follower 0,713350 0,000065
folly 0,274437 0,000050
foment 2,407946 0,000655
fond 0,261365 0,000047
fondateur 3,506558 0,000318
fondly 1,309333 0,000119
food 0,127833 0,000012
foolish 0,235722 0,000021
foolishly 1,139434 0,000103
foot 0,051293 0,000009
footed 1,049822 0,000095
footstep 0,430783 0,000078
footstool 1,714798 0,000155
foppery 2,995732 0,000272
fora 3,912023 0,000355
forage 1,560648 0,000141
forbear 1,427116 0,000129
forbearance 1,272966 0,000115
forbid 0,248461 0,000045
force 0,030459 0,000011
forcible 1,609438 0,000146
forcibly 0,820981 0,000074
ford 1,560648 0,000141
fore 0,755023 0,000068
foreign 0,301105 0,000027
foreknowledge 2,525729 0,000229
foremost 0,673345 0,000061
foresee 0,494296 0,000134
forest 0,356675 0,000065
foretell 1,171183 0,000106
forfeit 1,237874 0,000337
forfeiture 2,302585 0,000417
forge 0,798508 0,000072
forgery 1,897120 0,000172
forget 0,010050 0,000004
forgive 0,314711 0,000057
forgiveness 0,916291 0,000083
form 0,020203 0,000007
formal 0,673345 0,000061
formality 1,078810 0,000098
formally 1,386294 0,000126
formidable 0,673345 0,000061
formulary 3,506558 0,000318
fort 1,171183 0,000106
forte 1,897120 0,000344
fortification 1,609438 0,000292
fortify 0,994252 0,000180
fortitude 1,078810 0,000098
fortress 1,021651 0,000185
forts 1,660731 0,000151
fortuitous 2,995732 0,000272
fortunate 0,415515 0,000038
fortunately 0,579818 0,000053
fortune 0,162519 0,000029
forum 2,207275 0,000200
forwards 1,237874 0,000112
foster 0,891598 0,000081
foundation 0,127833 0,000023
founder 0,891598 0,000162
fountain 0,653926 0,000119
fourscore 2,407946 0,000218
fourteen 0,616186 0,000056
fourteenth 1,347074 0,000122
fourth 0,174353 0,000016
fox 0,798508 0,000145
fra 2,659260 0,000241
fractus 3,912023 0,000355
frag 3,218876 0,000292
fragment 0,597837 0,000108
frailty 2,040221 0,000370
frame 0,174353 0,000032
france 0,544727 0,000049
francis 1,469676 0,000133
frank 0,597837 0,000054
frankfort 2,813411 0,000255
frankly 0,798508 0,000072
frankness 1,272966 0,000115
franks 2,525729 0,000229
frantic 0,820981 0,000074
frater 3,912023 0,000355
fraternal 2,040221 0,000185
fraternity 1,897120 0,000172
fratricide 3,218876 0,000292
fraud 1,078810 0,000196
fraudulently 3,218876 0,000292
frederic 2,407946 0,000218
frederick 1,272966 0,000115
freedman 2,525729 0,000229
freedmen 2,659260 0,000241
freedom 0,223144 0,000040
freely 0,105361 0,000010
fregit 3,912023 0,000355
french 0,342490 0,000031
frenchman 1,272966 0,000115
frenzy 0,867501 0,000079
frequent 0,287682 0,000052
frequently 0,287682 0,000026
fresh 0,105361 0,000010
freshness 1,021651 0,000093
friend 0,000000 0,000000
friendless 1,771957 0,000161
friendly 0,248461 0,000023
friendship 0,261365 0,000024
frightened 0,301105 0,000027
frivolous 1,386294 0,000126
frontier 1,171183 0,000212
frown 0,673345 0,000061
frozen 0,733969 0,000067
frugal 1,609438 0,000146
frugality 2,207275 0,000200
fruit 0,162519 0,000029
fruitful 1,171183 0,000106
fruition 2,040221 0,000185
fruitless 1,049822 0,000095
fugitive 0,967584 0,000175
fulfil 0,385662 0,000035
fume 0,941609 0,000085
function 0,820981 0,000149
fund 0,967584 0,000088
fundamental 1,203973 0,000109
funeral 0,597837 0,000108
funereal 2,120264 0,000192
furious 0,430783 0,000039
furlong 2,525729 0,000229
furnish 0,527633 0,000096
furnished 0,328504 0,000030
furnishing 1,427116 0,000129
furniture 0,415515 0,000038
furor 3,912023 0,000355
furs 1,609438 0,000146
fury 0,328504 0,000060
fusion 2,525729 0,000229
future 0,105361 0,000010
futurity 2,207275 0,000200
gain 0,040822 0,000011
gainful 2,813411 0,000255
galilee 2,813411 0,000255
galla 3,912023 0,000355
gallantly 1,309333 0,000119
galley 1,514128 0,000137
galli 3,506558 0,000318
gallic 2,407946 0,000218
gallican 3,218876 0,000292
gallop 0,820981 0,000149
gallus 3,218876 0,000292
game 0,210721 0,000038
gang 1,203973 0,000218
gap 0,843970 0,000077
garb 1,203973 0,000109
garden 0,150823 0,000027
garland 1,203973 0,000109
garment 0,400478 0,000073
garrison 1,309333 0,000237
garter 1,966113 0,000178
gate 0,210721 0,000038
gaudy 1,347074 0,000122
gaul 2,407946 0,000218
gauls 2,995732 0,000272
gaze 0,314711 0,000057
gem 1,108663 0,000101
gemini 3,218876 0,000292
gen 2,813411 0,000255
genealogy 1,714798 0,000155
genera 2,525729 0,000229
generale 3,912023 0,000355
generality 1,660731 0,000151
generate 1,386294 0,000126
generation 0,127833 0,000023
generic 2,659260 0,000241
generical 3,912023 0,000355
generosity 0,798508 0,000072
generous 0,356675 0,000032
generously 1,139434 0,000103
geneva 1,966113 0,000178
genial 0,994252 0,000090
genii 2,407946 0,000218
genius 0,400478 0,000036
gentes 3,912023 0,000355
gentile 2,813411 0,000255
gentiles 2,040221 0,000185
gentium 3,912023 0,000355
gentle 0,274437 0,000050
gentleman 0,223144 0,000020
gentleness 0,916291 0,000083
gently 0,235722 0,000021
genuine 0,597837 0,000054
genus 2,207275 0,000200
geog 3,912023 0,000355
geographer 2,525729 0,000458
geographical 2,040221 0,000185
geography 1,514128 0,000137
geometrical 1,660731 0,000151
george 0,616186 0,000056
georgia 2,120264 0,000192
georgian 2,995732 0,000272
georgic 3,912023 0,000355
gerard 2,995732 0,000272
germ 1,386294 0,000126
germain 2,407946 0,000218
german 0,478036 0,000087
germania 3,218876 0,000292
germany 1,049822 0,000095
geryon 2,995732 0,000272
gesture 0,510826 0,000046
gheg 3,912023 0,000355
ghost 0,462035 0,000042
gibbet 2,120264 0,000192
gibbon 2,659260 0,000241
gideon 2,302585 0,000209
gift 0,210721 0,000038
gigantic 0,994252 0,000090
gild 1,609438 0,000146
gill 1,966113 0,000178
gilles 3,506558 0,000318
gilt 1,469676 0,000133
gird 1,427116 0,000129
girdle 1,078810 0,000098
girl 0,198451 0,000036
gladiator 2,207275 0,000200
gladly 0,544727 0,000049
glance 0,186330 0,000034
glasgow 2,207275 0,000200
gleam 0,510826 0,000046
glean 1,514128 0,000137
glitter 0,579818 0,000105
globe 0,755023 0,000068
gloomy 0,462035 0,000042
gloria 2,813411 0,000255
gloriam 3,218876 0,000292
gloriosa 3,912023 0,000355
glorious 0,462035 0,000042
gloriously 1,427116 0,000129
glory 0,301105 0,000082
gloss 1,469676 0,000266
gloucester 2,525729 0,000229
glow 0,314711 0,000057
gnat 2,207275 0,000200
gnostic 3,912023 0,000355
gnosticism 3,912023 0,000355
goal 0,274437 0,000025
goat 1,021651 0,000093
goats 1,347074 0,000122
god 0,083382 0,000015
goddess 1,049822 0,000190
godlike 1,771957 0,000161
goetic 3,912023 0,000355
gold 0,083382 0,000008
golden 0,342490 0,000031
goldsmith 1,897120 0,000172
goodness 0,328504 0,000030
goose 0,755023 0,000068
gospel 1,021651 0,000093
goth 2,995732 0,000272
gothic 1,609438 0,000146
goths 2,813411 0,000255
govern 0,186330 0,000034
government 0,462035 0,000084
governor 0,733969 0,000133
grab 1,514128 0,000137
grace 0,235722 0,000043
graceful 0,494296 0,000045
gracious 0,544727 0,000049
graciously 1,203973 0,000109
gradation 1,609438 0,000292
gradual 1,049822 0,000095
gradually 0,328504 0,000030
grain 0,562119 0,000102
grammar 1,171183 0,000106
grammarian 2,207275 0,000200
granary 2,040221 0,000185
grand 0,342490 0,000031
grandeur 0,994252 0,000090
grandfather 0,755023 0,000068
grands 3,506558 0,000318
grandson 1,347074 0,000244
granite 1,347074 0,000122
grant 0,061875 0,000017
grape 0,867501 0,000079
graphic 2,302585 0,000209
grasp 0,274437 0,000050
grass 0,301105 0,000027
grat 3,218876 0,000292
grateful 0,446287 0,000040
gratefully 0,415515 0,000038
gratias 3,506558 0,000318
gratification 0,994252 0,000180
gratify 0,733969 0,000133
gratifying 1,272966 0,000115
gratitude 0,478036 0,000043
gratuity 3,218876 0,000292
grave 0,116534 0,000032
gravely 0,693147 0,000063
gravity 0,693147 0,000063
gray 0,733969 0,000067
greatly 0,210721 0,000019
greatness 0,693147 0,000063
greaves 2,407946 0,000218
grecian 1,347074 0,000122
grecizing 3,912023 0,000355
greece 1,139434 0,000103
greedily 1,078810 0,000098
greek 0,494296 0,000090
green 0,105361 0,000010
greg 3,506558 0,000318
grege 3,912023 0,000355
gregor 3,912023 0,000355
gregory 1,139434 0,000103
grief 0,356675 0,000032
grievance 1,108663 0,000201
groan 0,446287 0,000040
gross 0,235722 0,000043
grossen 3,912023 0,000355
grot 2,813411 0,000255
ground 0,030459 0,000006
groundless 1,771957 0,000161
grounds 0,446287 0,000040
grove 0,733969 0,000133
grow 0,010050 0,000004
growth 0,430783 0,000039
guarantee 1,203973 0,000109
guard 0,083382 0,000023
guardian 0,597837 0,000108
guerre 2,659260 0,000241
guest 0,235722 0,000043
guidance 0,776529 0,000070
guide 0,083382 0,000023
guilt 0,544727 0,000049
guiltless 1,832581 0,000166
guilty 0,356675 0,000032
guinea 1,237874 0,000112
gulf 0,733969 0,000067
gymnasia 3,218876 0,000292
gymnastic 1,897120 0,000172
habere 3,912023 0,000355
habet 2,995732 0,000272
habit 0,162519 0,000029
habitation 1,021651 0,000185
habitual 0,916291 0,000083
habituated 1,832581 0,000166
habitus 3,912023 0,000355
hag 1,714798 0,000155
hail 0,415515 0,000038
hailes 3,506558 0,000318
hair 0,072571 0,000013
hairy 1,078810 0,000098
hall 0,274437 0,000050
halo 1,771957 0,000321
halt 0,733969 0,000067
halted 0,843970 0,000077
hamadan 3,912023 0,000355
haman 3,506558 0,000318
hammer 0,544727 0,000049
hand 0,010050 0,000002
handful 0,776529 0,000141
handle 0,223144 0,000040
handsomely 1,139434 0,000103
hang 0,198451 0,000018
happen 0,030459 0,000006
happily 0,478036 0,000043
happiness 0,150823 0,000014
happy 0,061875 0,000011
harangue 1,609438 0,000292
harass 1,078810 0,000293
harbor 1,427116 0,000129
hard 0,040822 0,000004
harden 1,021651 0,000093
hardened 0,820981 0,000074
hardness 1,203973 0,000109
hardship 0,713350 0,000129
hardy 0,967584 0,000088
harem 2,040221 0,000185
harmer 3,912023 0,000355
harmless 0,248461 0,000023
harmonious 1,171183 0,000106
harmonize 2,040221 0,000185
harmony 0,579818 0,000053
harness 0,843970 0,000077
harp 0,843970 0,000077
harpy 2,040221 0,000185
harris 2,407946 0,000218
harsh 0,462035 0,000126
harshness 1,560648 0,000141
haruspex 3,506558 0,000318
haruspices 3,912023 0,000355
harvest 0,713350 0,000129
hast 0,891598 0,000081
haste 0,371064 0,000034
hasten 0,371064 0,000101
hastily 0,462035 0,000042
hasty 0,510826 0,000046
hate 0,150823 0,000027
hatred 0,494296 0,000045
haughty 0,867501 0,000157
hawk 1,108663 0,000101
hazard 0,776529 0,000070
hazardous 1,560648 0,000141
head 0,000000 0,000000
headland 2,120264 0,000192
headless 1,897120 0,000172
headlong 0,843970 0,000077
headquarters 1,660731 0,000151
headstrong 1,714798 0,000155
heal 0,867501 0,000157
healing 1,347074 0,000122
health 0,198451 0,000018
healthy 0,356675 0,000032
heap 0,248461 0,000023
hear 0,010050 0,000002
hearer 1,021651 0,000093
hearing 0,139262 0,000013
heart 0,010050 0,000002
hearty 0,616186 0,000056
heat 0,198451 0,000036
heathen 1,203973 0,000109
heaven 0,174353 0,000032
heavenly 0,843970 0,000077
heavy 0,030459 0,000006
hebrew 1,203973 0,000109
hebrews 1,832581 0,000166
hecate 3,218876 0,000292
hecatomb 2,813411 0,000255
hector 1,771957 0,000161
hecuba 2,525729 0,000229
heel 0,356675 0,000032
height 0,210721 0,000038
heighten 1,771957 0,000161
heightened 1,469676 0,000133
heir 0,527633 0,000096
hejira 3,912023 0,000355
helena 2,120264 0,000192
hellenists 3,912023 0,000355
hellespont 2,207275 0,000200
helmet 1,427116 0,000129
helpless 0,328504 0,000030
hemisphere 1,966113 0,000178
hems 2,813411 0,000255
henceforward 1,660731 0,000151
henry 0,713350 0,000065
herb 0,843970 0,000077
hercules 1,272966 0,000115
hercynian 3,506558 0,000318
herd 0,597837 0,000054
herdsman 2,040221 0,000185
hereditary 1,108663 0,000101
heresy 1,469676 0,000266
heretic 1,897120 0,000344
heretical 2,995732 0,000272
hermit 1,469676 0,000266
hero 0,430783 0,000078
heroic 0,891598 0,000081
heroism 1,514128 0,000137
heruli 3,912023 0,000355
hesitate 0,314711 0,000086
hesitation 0,616186 0,000056
heterodox 2,995732 0,000272
hic 2,659260 0,000241
hide 0,072571 0,000013
hierarchy 2,120264 0,000192
hieroglyphic 1,897120 0,000172
hierophant 2,995732 0,000272
highlander 2,813411 0,000255
highlanders 2,659260 0,000241
highly 0,261365 0,000024
highness 1,771957 0,000161
highway 0,916291 0,000166
hilar 3,912023 0,000355
hilary 3,506558 0,000318
hill 0,150823 0,000027
hilly 2,120264 0,000192
hinder 0,579818 0,000053
hine 3,912023 0,000355
hint 0,301105 0,000055
hippocentaur 3,912023 0,000355
hippodrome 3,506558 0,000318
hire 0,733969 0,000067
hist 2,120264 0,000192
historian 0,994252 0,000180
historical 0,843970 0,000077
history 0,186330 0,000034
hitherto 0,385662 0,000035
hoc 2,302585 0,000209
hoist 1,139434 0,000207
hold 0,010050 0,000003
hole 0,261365 0,000047
holstein 3,218876 0,000292
holy 0,371064 0,000034
hom 3,218876 0,000292
homage 1,078810 0,000098
homer 1,203973 0,000109
homeric 2,302585 0,000209
homicide 2,302585 0,000209
homilies 3,218876 0,000292
hominem 3,912023 0,000355
homo 2,525729 0,000229
homoousian 3,912023 0,000355
homoousion 3,912023 0,000355
honest 0,235722 0,000021
honestly 0,843970 0,000077
honey 0,755023 0,000068
honor 0,891598 0,000162
honora 3,506558 0,000318
honorable 1,386294 0,000126
honorably 2,207275 0,000200
honorary 2,302585 0,000209
honored 1,427116 0,000129
hoof 0,867501 0,000079
hook 0,634878 0,000058
hooper 2,813411 0,000255
hope 0,000000 0,000000
hopeless 0,510826 0,000046
horace 1,514128 0,000137
horizon 0,597837 0,000054
horn 0,478036 0,000130
horrible 0,356675 0,000032
horrid 0,713350 0,000065
horror 0,198451 0,000036
hors 2,659260 0,000241
horse 0,139262 0,000025
horseback 0,843970 0,000077
horseman 0,967584 0,000175
hospitable 1,078810 0,000098
hospital 0,755023 0,000137
hospitality 0,713350 0,000065
hospitium 3,506558 0,000318
host 0,446287 0,000081
hostage 2,525729 0,000458
hostile 0,776529 0,000070
hostility 1,171183 0,000212
hot 0,116534 0,000011
hour 0,061875 0,000011
house 0,020203 0,000002
household 0,430783 0,000039
houses 0,139262 0,000013
hover 0,653926 0,000059
hudson 1,832581 0,000166
huge 0,400478 0,000036
huic 3,506558 0,000318
human 0,072571 0,000007
humane 1,203973 0,000109
humanity 0,494296 0,000045
humble 0,261365 0,000047
humbly 0,867501 0,000079
hume 2,207275 0,000200
humiliating 1,427116 0,000129
humiliation 0,916291 0,000083
humility 0,867501 0,000079
humor 1,203973 0,000109
hung 0,174353 0,000016
hungary 2,302585 0,000209
hunger 0,478036 0,000043
hungry 0,314711 0,000029
huns 2,995732 0,000272
hunt 0,371064 0,000034
hunter 0,579818 0,000053
hunting 0,462035 0,000042
hurdle 2,407946 0,000218
hurl 0,798508 0,000072
hurricane 1,560648 0,000141
hurry 0,162519 0,000029
husband 0,198451 0,000036
husbandman 2,120264 0,000192
husbandmen 2,120264 0,000192
husbandry 1,966113 0,000178
hush 0,527633 0,000048
hut 0,776529 0,000070
hydra 2,120264 0,000192
hymn 0,994252 0,000180
hyperbole 3,218876 0,000292
hyperbolical 3,506558 0,000318
hyperborean 3,218876 0,000292
hypocrisy 1,347074 0,000122
hypocritical 2,302585 0,000209
hypostasis 3,912023 0,000355
hypothesis 1,237874 0,000112
ib 3,912023 0,000355
iberia 3,218876 0,000292
iberian 3,218876 0,000292
ibid 2,813411 0,000255
ice 0,527633 0,000048
ida 2,040221 0,000185
idea 0,083382 0,000015
ideal 0,776529 0,000070
idem 2,813411 0,000255
identity 1,021651 0,000093
ideo 3,506558 0,000318
idiom 1,966113 0,000178
idle 0,261365 0,000024
idleness 0,755023 0,000068
idol 1,237874 0,000112
idolater 2,525729 0,000458
idolatrous 2,207275 0,000200
idolatry 1,966113 0,000178
ierne 3,912023 0,000355
igitur 3,218876 0,000292
ign 3,912023 0,000355
ignatius 2,995732 0,000272
ignis 3,218876 0,000292
ignoble 1,427116 0,000129
ignominious 1,771957 0,000161
ignominiously 2,525729 0,000229
ignominy 1,714798 0,000155
ignorance 0,287682 0,000026
ignorant 0,301105 0,000027
ignorantly 2,302585 0,000209
iii 0,287682 0,000026
iliad 1,966113 0,000178
ilium 2,659260 0,000241
illegal 1,660731 0,000151
illegally 2,995732 0,000272
illiberal 2,659260 0,000241
illiterate 2,040221 0,000185
illness 0,616186 0,000056
illuminate 0,941609 0,000171
illumination 1,897120 0,000172
illuminator 3,912023 0,000355
illusion 0,994252 0,000180
illustrate 0,616186 0,000168
illustration 0,867501 0,000157
illustrious 1,021651 0,000093
illyrian 3,506558 0,000318
illyric 3,912023 0,000355
ima 3,912023 0,000355
image 0,301105 0,000055
imaginary 0,755023 0,000068
imagination 0,223144 0,000040
imagine 0,083382 0,000015
imbibe 1,771957 0,000161
imbitter 3,218876 0,000584
imbrue 2,995732 0,000272
imitate 0,579818 0,000158
imitation 0,673345 0,000122
immaculate 1,714798 0,000155
immaterial 1,966113 0,000178
immeasurable 1,560648 0,000141
immense 0,314711 0,000029
imminent 1,514128 0,000137
immoderate 2,207275 0,000200
immorality 1,966113 0,000356
immortal 0,755023 0,000137
immortality 1,171183 0,000106
immunity 1,771957 0,000321
immutable 1,714798 0,000155
imp 1,609438 0,000146
impaired 1,609438 0,000146
impart 0,693147 0,000063
impartial 1,237874 0,000112
impartiality 1,966113 0,000178
impartially 1,771957 0,000161
impatience 0,634878 0,000058
impatient 0,371064 0,000034
impatiently 0,634878 0,000058
impeach 2,525729 0,000229
impel 0,916291 0,000083
impending 1,171183 0,000106
impenetrable 1,049822 0,000095
impenitent 2,813411 0,000255
imperator 3,506558 0,000318
imperceptible 1,609438 0,000146
imperceptibly 1,469676 0,000133
imperfect 0,673345 0,000061
imperfection 1,272966 0,000231
imperfectly 1,386294 0,000126
imperial 1,021651 0,000093
imperialists 3,506558 0,000318
imperii 3,912023 0,000355
imperious 1,237874 0,000112
imperiously 1,966113 0,000178
imperium 3,218876 0,000292
impersonation 2,995732 0,000272
impersonative 3,912023 0,000355
impertinence 1,469676 0,000133
impertinently 3,218876 0,000292
impetuosity 1,714798 0,000155
impetuous 1,021651 0,000093
impetuously 2,040221 0,000185
impiety 1,966113 0,000178
impious 1,714798 0,000155
implacable 1,560648 0,000141
implicit 1,966113 0,000178
implore 0,776529 0,000211
imply 0,235722 0,000064
import 0,843970 0,000230
importunate 1,609438 0,000146
importunity 1,514128 0,000275
impose 0,162519 0,000044
imposing 0,843970 0,000077
imposition 2,120264 0,000384
impossible 0,094311 0,000009
impost 2,525729 0,000458
imposter 2,995732 0,000272
impostor 1,514128 0,000137
imposture 2,040221 0,000185
impotent 1,272966 0,000115
impoverished 1,897120 0,000172
impracticable 1,237874 0,000112
imprecation 1,897120 0,000172
impregnable 1,771957 0,000161
impress 0,634878 0,000115
impressed 0,510826 0,000046
impression 0,210721 0,000038
imprint 1,139434 0,000310
imprinting 3,506558 0,000318
imprison 0,798508 0,000145
imprisonment 1,203973 0,000109
improbability 2,207275 0,000200
improbable 1,021651 0,000093
improper 1,139434 0,000103
improperly 2,120264 0,000192
improve 0,385662 0,000140
improvement 0,616186 0,000112
imprudence 1,832581 0,000166
imprudent 1,469676 0,000133
imprudently 2,120264 0,000192
impulse 0,400478 0,000036
impunity 1,347074 0,000122
impure 1,469676 0,000133
impurity 1,560648 0,000141
imputation 1,660731 0,000151
impute 1,771957 0,000482
imputed 1,609438 0,000146
inability 1,386294 0,000126
inaccessible 1,427116 0,000129
inaccuracy 2,995732 0,000272
inaccurate 0,510826 0,000046
inaccurately 2,995732 0,000272
inaction 1,966113 0,000178
inactivity 2,040221 0,000185
inadequate 1,237874 0,000112
inadvertency 3,506558 0,000318
inalienable 3,912023 0,000355
inanimate 1,237874 0,000112
inartificial 3,506558 0,000318
inauguration 2,813411 0,000255
inauspicious 2,525729 0,000229
incantation 2,302585 0,000209
incapable 0,562119 0,000051
incapacity 1,714798 0,000155
incarnate 1,832581 0,000166
incarnation 1,771957 0,000161
incautiously 2,659260 0,000241
incendiary 2,659260 0,000482
incense 0,755023 0,000205
incessant 0,941609 0,000085
incessantly 0,916291 0,000083
incest 2,995732 0,000272
incestuous 2,813411 0,000255
inch 0,430783 0,000039
incident 0,356675 0,000065
incipit 3,912023 0,000355
incite 1,427116 0,000129
inclemency 2,525729 0,000229
inclination 0,544727 0,000099
incline 0,733969 0,000133
inclined 0,186330 0,000017
include 0,072571 0,000020
inclusive 2,207275 0,000200
incoherent 1,469676 0,000133
income 0,798508 0,000072
incommunicable 2,813411 0,000255
incomparable 1,714798 0,000155
incompatible 1,771957 0,000161
incomprehensible 1,108663 0,000101
inconsiderable 1,560648 0,000141
inconsiderate 2,302585 0,000209
inconsistency 1,171183 0,000212
inconsistent 1,272966 0,000115
inconstancy 2,120264 0,000192
inconstant 2,120264 0,000192
incontestable 2,302585 0,000209
inconveniency 2,659260 0,000241
inconvenient 1,237874 0,000112
incorporate 1,560648 0,000141
incorporeal 2,659260 0,000241
incorrect 1,832581 0,000166
incorrectness 2,813411 0,000255
incorruptible 1,966113 0,000178
increase 0,061875 0,000017
incredible 0,653926 0,000059
incredulity 1,386294 0,000126
incredulous 1,309333 0,000119
inculcate 1,897120 0,000688
incumbent 1,714798 0,000155
incur 0,843970 0,000230
incurable 1,386294 0,000126
incursion 2,407946 0,000437
inde 2,813411 0,000255
indebted 0,994252 0,000090
indecent 2,120264 0,000192
indefatigable 1,771957 0,000161
indefeasible 3,912023 0,000355
indefinite 1,309333 0,000119
indelible 2,407946 0,000218
indelicate 2,407946 0,000218
indemnify 0,446287 0,000040
independence 0,843970 0,000077
independent 0,510826 0,000046
independently 1,427116 0,000129
india 0,843970 0,000077
indian 0,544727 0,000099
indicium 3,912023 0,000355
indiction 3,912023 0,000355
indies 1,309333 0,000119
indifference 0,527633 0,000048
indifferent 0,400478 0,000036
indifferently 1,049822 0,000095
indigence 2,207275 0,000200
indigent 2,302585 0,000209
indigestion 2,207275 0,000200
indignant 0,820981 0,000074
indignantly 1,203973 0,000109
indignation 0,510826 0,000046
indignity 1,560648 0,000141
indirect 0,446287 0,000040
indirectly 0,371064 0,000034
indiscreet 1,609438 0,000146
indiscretion 1,427116 0,000129
indiscriminate 2,659260 0,000241
indiscriminately 2,040221 0,000185
indispensable 0,843970 0,000077
indispensably 2,302585 0,000209
indisposition 2,120264 0,000192
indissoluble 2,407946 0,000218
indissolubly 2,659260 0,000241
individual 0,139262 0,000025
indivisible 2,407946 0,000218
indole 3,912023 0,000355
indolence 1,309333 0,000119
indolent 1,427116 0,000129
induce 0,328504 0,000060
indulge 0,527633 0,000191
indulgence 0,755023 0,000137
indulgent 1,386294 0,000126
industrious 1,078810 0,000098
industriously 2,407946 0,000218
industry 0,843970 0,000077
ineffable 1,771957 0,000161
ineffectual 1,469676 0,000133
ineffectually 2,659260 0,000241
inelegant 2,525729 0,000229
inequality 1,386294 0,000126
inestimable 1,897120 0,000172
inevitable 0,544727 0,000049
inevitably 0,843970 0,000077
inexcusably 3,218876 0,000292
inexhaustible 1,237874 0,000112
inexorable 1,347074 0,000122
inexperience 1,427116 0,000129
inexperienced 1,203973 0,000109
inexplicable 1,171183 0,000106
inf 2,407946 0,000218
infallible 1,108663 0,000101
infallibly 1,427116 0,000129
infamous 1,049822 0,000095
infamy 1,139434 0,000103
infancy 0,916291 0,000083
infant 0,673345 0,000061
infantry 1,771957 0,000161
infants 1,171183 0,000106
infected 1,347074 0,000122
infection 1,514128 0,000137
infer 0,891598 0,000162
inference 1,386294 0,000251
inferior 0,579818 0,000053
inferiority 1,609438 0,000146
infernal 0,843970 0,000077
infest 1,832581 0,000166
infidel 1,832581 0,000332
infinite 0,430783 0,000039
infinitely 0,673345 0,000061
infirmity 1,049822 0,000095
inflame 1,049822 0,000190
inflammable 2,813411 0,000255
inflammatory 2,813411 0,000255
inflated 1,966113 0,000178
inflection 2,813411 0,000255
inflexible 1,771957 0,000161
inflexibly 2,995732 0,000272
inflict 0,579818 0,000210
influence 0,198451 0,000036
inform 0,198451 0,000072
informer 1,966113 0,000356
infra 3,506558 0,000318
infuse 1,514128 0,000275
infusion 2,525729 0,000229
ingenio 3,912023 0,000355
ingenious 0,693147 0,000063
ingeniously 1,832581 0,000166
ingenuity 0,891598 0,000081
ingenuous 1,897120 0,000172
ingenuously 2,659260 0,000241
inglorious 2,040221 0,000185
ingraft 3,218876 0,000292
ingratitude 1,171183 0,000106
inhabit 0,597837 0,000163
inhabitant 1,560648 0,000141
inhabitants 0,446287 0,000040
inherent 1,560648 0,000141
inherit 0,579818 0,000105
inheritance 0,798508 0,000072
inhospitable 1,714798 0,000155
inhuman 1,108663 0,000101
inhumanly 2,659260 0,000241
inimitable 1,966113 0,000178
init 3,506558 0,000318
initial 0,994252 0,000090
initiate 1,309333 0,000119
initiation 2,120264 0,000192
initiatory 2,995732 0,000272
injudicious 2,040221 0,000185
injudiciously 2,813411 0,000255
injunction 1,108663 0,000101
injure 0,356675 0,000032
injuria 3,506558 0,000318
injuriously 2,407946 0,000218
injury 0,301105 0,000055
injustice 0,653926 0,000059
ink 0,916291 0,000083
inky 1,966113 0,000178
inland 1,469676 0,000133
innate 1,427116 0,000129
innocence 0,634878 0,000058
innocent 0,186330 0,000034
innovation 1,966113 0,000356
innumerable 0,634878 0,000058
inoffensive 1,660731 0,000151
inquire 0,235722 0,000064
inquirer 1,966113 0,000178
inquiry 0,446287 0,000081
inquisition 1,514128 0,000137
inquisitive 1,078810 0,000098
inquisitor 2,525729 0,000229
inroad 1,897120 0,000344
insatiate 1,897120 0,000172
inscribe 1,171183 0,000212
inscription 1,171183 0,000212
inscrutable 1,514128 0,000137
insect 0,916291 0,000083
insensibility 1,609438 0,000146
insensible 0,843970 0,000077
insensibly 1,386294 0,000126
inseparable 1,203973 0,000109
inseparably 1,966113 0,000178
insert 1,021651 0,000278
insidious 1,832581 0,000166
insignia 2,813411 0,000255
insignificant 0,891598 0,000081
insincerity 2,302585 0,000209
insinuate 1,203973 0,000437
insinuation 1,609438 0,000292
insist 0,223144 0,000081
insnaring 3,912023 0,000355
insolence 0,994252 0,000090
insolent 0,941609 0,000085
insolently 2,040221 0,000185
insolvent 2,813411 0,000255
inspect 0,798508 0,000145
inspection 0,798508 0,000072
inspector 1,427116 0,000259
inspiration 0,755023 0,000137
inspire 0,371064 0,000101
inst 3,506558 0,000318
instance 0,116534 0,000021
instant 0,210721 0,000019
instantly 0,356675 0,000032
instigate 2,120264 0,000384
instigation 1,966113 0,000178
instil 2,040221 0,000185
instinct 0,356675 0,000032
institute 1,203973 0,000218
institutes 2,813411 0,000255
institution 0,713350 0,000129
instruct 0,494296 0,000179
instruction 0,328504 0,000060
instructive 1,469676 0,000133
instructor 1,347074 0,000122
instrument 0,248461 0,000045
insufficient 1,386294 0,000126
insulse 3,912023 0,000355
insult 0,415515 0,000113
insulting 1,203973 0,000109
insultingly 2,659260 0,000241
insuperable 1,897120 0,000172
insure 1,237874 0,000224
insurmountable 1,714798 0,000155
insurrection 1,609438 0,000292
integrity 1,203973 0,000109
intellect 0,634878 0,000058
intellectual 0,235722 0,000021
intelligence 0,301105 0,000027
intelligent 0,342490 0,000031
intelligible 1,021651 0,000093
intemperance 1,966113 0,000178
intemperate 2,207275 0,000200
intend 0,094311 0,000009
intense 0,430783 0,000039
intention 0,127833 0,000023
intentional 1,897120 0,000172
inter 1,469676 0,000266
intercalation 3,912023 0,000355
intercede 1,832581 0,000332
intercept 1,171183 0,000212
intercession 1,897120 0,000172
intercourse 0,798508 0,000072
interdict 2,040221 0,000370
interdiction 3,506558 0,000318
interfere 0,415515 0,000113
interim 2,207275 0,000200
interior 0,673345 0,000061
interjacent 3,506558 0,000318
interlocutor 1,966113 0,000178
intermarriages 3,506558 0,000318
intermediate 1,660731 0,000151
interminable 1,237874 0,000112
intermixture 2,813411 0,000255
internal 0,261365 0,000024
interpolate 2,659260 0,000241
interpolation 2,995732 0,000272
interpose 0,916291 0,000083
interposition 2,040221 0,000370
interpret 0,235722 0,000064
interpretation 0,994252 0,000180
interpreter 1,108663 0,000201
interrogate 1,660731 0,000151
interrogation 1,897120 0,000172
interrupt 0,562119 0,000051
interrupted 0,301105 0,000027
interruption 0,634878 0,000058
intersect 1,514128 0,000275
intersection 2,659260 0,000241
intersperse 1,771957 0,000161
interval 0,301105 0,000055
intervene 0,713350 0,000065
intervention 1,514128 0,000137
interview 0,634878 0,000115
interwoven 1,897120 0,000172
intestine 2,207275 0,000200
intimate 0,430783 0,000156
intimately 1,309333 0,000119
intimation 1,272966 0,000115
intimidate 1,514128 0,000275
intolerable 0,673345 0,000061
intolerably 2,120264 0,000192
intolerance 2,659260 0,000241
intolerant 2,040221 0,000185
intoxicated 1,427116 0,000129
intoxication 1,309333 0,000119
intra 3,506558 0,000318
intrenched 2,813411 0,000255
intrepid 1,966113 0,000178
intrepidity 2,302585 0,000209
intricate 1,078810 0,000098
intrigue 1,108663 0,000201
intrinsic 2,407946 0,000218
introduce 0,261365 0,000095
introduct 3,912023 0,000355
introduction 0,385662 0,000035
intrusion 1,237874 0,000112
intrust 1,966113 0,000356
inundation 2,040221 0,000370
inure 1,714798 0,000155
invade 0,755023 0,000205
invader 1,832581 0,000332
invalidate 2,813411 0,000255
invaluable 1,386294 0,000126
invariable 1,514128 0,000137
invariably 0,798508 0,000072
invasion 1,427116 0,000129
invective 2,120264 0,000384
inveigle 2,302585 0,000209
invent 0,400478 0,000109
inventory 2,040221 0,000185
invest 1,021651 0,000185
investigate 0,820981 0,000223
investigation 0,713350 0,000065
investing 2,207275 0,000200
investiture 3,218876 0,000292
invests 2,525729 0,000229
inveterate 1,560648 0,000141
invidia 3,506558 0,000318
invidious 2,525729 0,000229
invigorate 1,714798 0,000155
invincible 1,427116 0,000129
inviolable 2,040221 0,000185
inviolably 3,218876 0,000292
inviolate 2,407946 0,000218
invisible 0,562119 0,000051
invitation 0,494296 0,000090
invite 0,261365 0,000095
invoke 1,469676 0,000266
involuntary 1,021651 0,000093
involve 0,820981 0,000149
involved 0,579818 0,000053
invulnerable 2,040221 0,000185
inwardly 0,798508 0,000072
inwrought 2,813411 0,000255
ipse 3,506558 0,000318
ipso 2,995732 0,000272
ira 2,659260 0,000241
irascible 2,207275 0,000200
ireland 1,514128 0,000137
irish 1,347074 0,000122
irksome 1,469676 0,000133
iron 0,162519 0,000029
ironical 1,386294 0,000126
ironically 1,771957 0,000161
irony 1,386294 0,000126
irrational 1,469676 0,000133
irreconcilable 2,302585 0,000209
irrecoverably 2,659260 0,000241
irregular 0,733969 0,000067
irregularity 1,386294 0,000251
irregularly 1,832581 0,000166
irreparable 1,832581 0,000166
irresistible 0,653926 0,000059
irresistibly 1,203973 0,000109
irresolute 1,427116 0,000129
irretrievable 2,302585 0,000209
irreverent 2,302585 0,000209
irrevocable 1,609438 0,000146
irrevocably 1,897120 0,000172
irritate 1,660731 0,000151
irritated 1,078810 0,000098
irritating 1,272966 0,000115
irruption 2,525729 0,000229
isaac 1,609438 0,000146
isaiah 2,207275 0,000200
isidore 3,218876 0,000292
isis 2,659260 0,000241
island 0,400478 0,000036
islands 0,755023 0,000068
isle 1,427116 0,000129
isolated 0,994252 0,000090
israel 1,386294 0,000126
israelite 2,525729 0,000229
israelites 2,207275 0,000200
issue 0,198451 0,000072
isthmus 2,120264 0,000192
ita 3,218876 0,000292
italian 0,653926 0,000119
italic 2,995732 0,000272
italy 0,820981 0,000074
iter 3,912023 0,000355
itinerant 2,525729 0,000229
itineraria 3,912023 0,000355
itinerary 2,995732 0,000543
iv 0,328504 0,000030
ivory 0,820981 0,000074
ix 0,494296 0,000045
ixion 2,995732 0,000272
jam 1,237874 0,000112
james 0,673345 0,000061
janizaries 3,506558 0,000318
january 0,693147 0,000063
jason 2,302585 0,000209
javelin 2,120264 0,000384
jaw 0,544727 0,000099
jealous 0,446287 0,000040
jealousy 0,430783 0,000039
jehovah 2,659260 0,000241
jericho 2,207275 0,000200
jerome 2,813411 0,000255
jerusalem 1,237874 0,000112
jest 0,616186 0,000056
jesu 3,218876 0,000292
jesuit 2,207275 0,000200
jesus 1,237874 0,000112
jew 1,171183 0,000106
jewel 0,634878 0,000058
jewish 1,832581 0,000166
jews 1,078810 0,000098
johan 3,912023 0,000355
john 0,328504 0,000030
joint 0,446287 0,000040
joke 0,356675 0,000032
jordan 1,966113 0,000178
joseph 0,994252 0,000090
joshua 2,040221 0,000185
journey 0,150823 0,000027
jove 1,108663 0,000101
jovian 3,912023 0,000355
joy 0,127833 0,000023
joyful 0,798508 0,000072
joyous 0,941609 0,000085
jud 3,912023 0,000355
judah 2,302585 0,000209
judaic 3,506558 0,000318
judaism 3,506558 0,000318
judas 2,120264 0,000192
jude 3,218876 0,000292
judex 3,912023 0,000355
judge 0,061875 0,000017
judging 0,713350 0,000065
judgment 0,198451 0,000018
judicature 2,302585 0,000209
judicia 3,912023 0,000355
judicial 1,309333 0,000119
judicious 1,139434 0,000103
judiciously 2,040221 0,000185
judicium 3,506558 0,000318
jugerum 3,912023 0,000355
jugurthine 3,912023 0,000355
juice 1,272966 0,000115
julia 2,120264 0,000192
julian 2,813411 0,000255
julien 3,506558 0,000318
julius 1,897120 0,000172
july 0,616186 0,000056
junction 1,514128 0,000137
june 0,527633 0,000048
junior 1,272966 0,000115
junius 2,995732 0,000272
jupiter 1,560648 0,000141
jur 3,912023 0,000355
jura 2,813411 0,000255
jure 3,218876 0,000292
juris 3,218876 0,000292
jurisconsult 3,506558 0,000318
jurisdiction 1,560648 0,000283
jurisprudence 2,525729 0,000229
jus 3,218876 0,000292
jussi 3,912023 0,000355
justice 0,162519 0,000015
justification 1,139434 0,000103
justified 0,693147 0,000063
justify 0,562119 0,000153
justin 3,218876 0,000292
justinian 2,659260 0,000241
justitia 3,912023 0,000355
justly 0,653926 0,000059
justo 3,912023 0,000355
juvenal 2,659260 0,000241
kappa 3,912023 0,000355
keel 1,309333 0,000119
keeper 0,820981 0,000074
kent 1,897120 0,000172
kettle 1,108663 0,000101
key 0,342490 0,000031
khalif 3,912023 0,000709
kill 0,083382 0,000015
kindle 0,693147 0,000126
kindly 0,223144 0,000020
kindness 0,274437 0,000025
kindred 0,994252 0,000090
king 0,210721 0,000038
kingdom 0,462035 0,000084
kinsman 1,469676 0,000266
kiosk 3,506558 0,000318
kiss 0,356675 0,000097
knave 1,427116 0,000259
knee 0,150823 0,000014
kneel 0,478036 0,000043
knife 0,287682 0,000026
knight 1,272966 0,000115
knights 1,309333 0,000119
knowledge 0,061875 0,000006
labarum 3,912023 0,000355
labor 1,108663 0,000302
laborer 1,897120 0,000172
laborious 1,171183 0,000106
laboriously 1,771957 0,000161
lactant 3,912023 0,000355
ladder 0,616186 0,000056
laden 0,673345 0,000061
lady 0,162519 0,000029
laity 3,218876 0,000292
lake 0,162519 0,000029
lament 0,713350 0,000194
lamentation 1,078810 0,000098
lamp 0,400478 0,000073
lance 1,171183 0,000212
land 0,051293 0,000014
landing 0,544727 0,000049
landlord 0,941609 0,000085
landmark 1,832581 0,000166
language 0,072571 0,000007
languages 0,967584 0,000088
languedoc 2,995732 0,000272
languid 1,049822 0,000095
languish 1,139434 0,000207
largess 2,813411 0,000255
lascivious 2,659260 0,000241
lasting 1,771957 0,000161
lastly 0,867501 0,000079
late 0,094311 0,000009
latebra 3,912023 0,000355
latent 1,469676 0,000133
lateran 3,218876 0,000292
laticlave 3,912023 0,000355
latin 0,653926 0,000059
latinity 3,218876 0,000292
latinos 3,912023 0,000355
latins 2,407946 0,000218
latitude 1,309333 0,000119
latro 3,506558 0,000318
laud 2,120264 0,000192
laudable 1,609438 0,000146
laugh 0,094311 0,000034
laughter 0,274437 0,000025
launch 0,798508 0,000145
laurel 1,347074 0,000244
laurus 3,506558 0,000318
lavish 1,108663 0,000201
lavishly 2,040221 0,000185
law 0,020203 0,000004
lawful 1,078810 0,000098
lawsuit 1,832581 0,000166
lawyer 0,673345 0,000122
lay 0,030459 0,000011
layman 2,207275 0,000400
lazy 0,616186 0,000056
le 1,049822 0,000095
lead 0,020203 0,000005
leader 0,356675 0,000065
leading 0,139262 0,000013
leaf 0,446287 0,000040
league 0,653926 0,000119
lean 0,127833 0,000012
leander 2,995732 0,000272
leap 0,287682 0,000052
learn 0,020203 0,000005
learnedly 2,813411 0,000255
leather 0,527633 0,000048
leave -0,009950 -0,000003
leben 3,506558 0,000318
lector 3,506558 0,000318
lecture 0,673345 0,000061
leda 2,813411 0,000255
left 0,000000 0,000000
leg 0,235722 0,000043
legacy 1,560648 0,000141
legal 0,261365 0,000024
legalize 3,218876 0,000292
legally 0,342490 0,000031
legate 2,995732 0,000272
legation 3,506558 0,000318
lege 3,218876 0,000292
legend 0,820981 0,000149
legendary 2,302585 0,000417
legible 1,966113 0,000178
legion 1,309333 0,000237
legionary 3,506558 0,000636
legislation 1,966113 0,000178
legislative 1,771957 0,000161
legislator 1,714798 0,000311
legitimate 1,139434 0,000103
legitimum 3,912023 0,000355
leicester 2,659260 0,000241
leisure 0,579818 0,000053
lend 0,430783 0,000039
lenity 3,218876 0,000292
leo 2,120264 0,000192
leper 1,966113 0,000178
les 1,514128 0,000137
lessen 0,713350 0,000065
lesson 0,287682 0,000052
lethargy 1,714798 0,000155
lethe 2,407946 0,000218
lett 3,506558 0,000318
letter 0,072571 0,000013
levant 2,302585 0,000209
level 0,210721 0,000038
levis 3,912023 0,000355
levity 1,609438 0,000292
levy 1,469676 0,000400
lewis 1,897120 0,000172
lex 2,995732 0,000543
liable 0,235722 0,000021
lib 2,659260 0,000241
libation 2,659260 0,000482
libel 2,120264 0,000384
libeller 3,506558 0,000318
libera 3,912023 0,000355
liberal 0,597837 0,000054
liberality 1,347074 0,000122
liberally 1,347074 0,000122
liberty 0,198451 0,000018
librarian 2,813411 0,000255
library 0,223144 0,000040
libya 2,813411 0,000255
license 0,301105 0,000027
licentious 2,120264 0,000192
licentiousness 2,659260 0,000241
licet 3,218876 0,000292
lick 0,673345 0,000061
lictor 3,218876 0,000584
lie 0,020203 0,000005
lieutenant 1,203973 0,000109
lieutenants 1,966113 0,000178
life -0,009950 -0,000002
lifeless 1,108663 0,000101
lifetime 0,843970 0,000077
lift 0,116534 0,000011
light 0,000000 0,000000
lighted 0,261365 0,000024
lightfoot 3,912023 0,000355
lightly 0,430783 0,000039
lightning 0,430783 0,000078
likeness 0,673345 0,000061
limb 0,248461 0,000023
limit 0,287682 0,000052
limitation 0,371064 0,000034
limited 0,261365 0,000024
limo 3,912023 0,000355
limpid 1,897120 0,000172
linder 3,912023 0,000355
lineal 2,813411 0,000255
linen 0,527633 0,000048
linger 0,446287 0,000040
lion 0,579818 0,000105
lip 0,127833 0,000012
liquidus 3,912023 0,000355
liquor 0,798508 0,000072
list 0,301105 0,000055
listen 0,105361 0,000029
lite 3,218876 0,000292
literal 1,714798 0,000155
literally 0,713350 0,000065
literary 0,287682 0,000026
literature 0,653926 0,000059
litter 0,843970 0,000153
liv 1,832581 0,000166
live 0,010050 0,000002
liveliness 1,966113 0,000178
lively 0,385662 0,000035
liver 1,171183 0,000106
living 0,020203 0,000002
lo 0,916291 0,000083
load 0,430783 0,000078
loaf 0,867501 0,000079
loc 3,912023 0,000355
loca 3,506558 0,000318
local 0,713350 0,000065
locate 0,371064 0,000034
lock 0,162519 0,000015
loco 2,995732 0,000272
locum 3,912023 0,000355
locus 3,218876 0,000584
locust 1,514128 0,000137
lodge 0,494296 0,000090
loe 3,506558 0,000318
lofty 0,494296 0,000090
logic 1,049822 0,000095
logos 3,506558 0,000318
loin 1,427116 0,000129
lond 3,912023 0,000355
london 0,415515 0,000038
lonely 0,400478 0,000036
longa 3,912023 0,000355
loose 0,094311 0,000009
loosen 0,891598 0,000081
loquacious 2,120264 0,000192
loquitur 3,506558 0,000318
lord 0,223144 0,000020
lords 0,843970 0,000077
lorraine 2,659260 0,000241
lors 3,912023 0,000355
lose 0,000000 0,000000
loss 0,083382 0,000015
lot 0,051293 0,000005
loud 0,105361 0,000029
loudly 0,400478 0,000036
loudness 2,207275 0,000200
louvre 2,525729 0,000229
love 0,030459 0,000006
lover 0,356675 0,000032
lowth 3,912023 0,000355
loyal 1,203973 0,000109
loyalty 1,237874 0,000112
luc 3,218876 0,000292
lucan 2,995732 0,000272
lucania 3,506558 0,000318
lucian 2,995732 0,000272
lucid 1,386294 0,000126
lucifer 1,966113 0,000178
lucius 2,813411 0,000255
lucky 0,494296 0,000045
lucrative 1,966113 0,000178
luke 1,897120 0,000172
luminary 2,302585 0,000209
luminous 1,078810 0,000098
lump 0,916291 0,000083
lurk 0,616186 0,000056
lusitania 3,912023 0,000355
lust 0,820981 0,000149
lustral 3,912023 0,000355
lustre 1,139434 0,000103
lutetia 3,912023 0,000355
luxuria 3,912023 0,000355
luxuriancy 3,506558 0,000318
luxuriant 1,427116 0,000129
luxurious 0,916291 0,000083
luxury 0,462035 0,000042
lx 2,525729 0,000229
lycus 3,506558 0,000318
lydia 2,407946 0,000218
lyre 1,660731 0,000151
maccabees 2,813411 0,000255
maced 3,912023 0,000355
macedon 2,525729 0,000229
macedonia 2,525729 0,000229
macedonian 2,813411 0,000510
macellum 3,912023 0,000355
machine 0,210721 0,000038
mackintosh 2,813411 0,000255
madman 0,941609 0,000085
madness 0,597837 0,000054
magazine 1,203973 0,000218
maggiore 3,218876 0,000292
magi 2,995732 0,000272
magic 0,673345 0,000061
magical 1,660731 0,000151
magician 1,386294 0,000126
magistracy 2,407946 0,000218
magistrate 0,820981 0,000149
magnanimity 1,609438 0,000146
magnificence 1,237874 0,000112
magnificent 0,328504 0,000030
magnificently 1,514128 0,000137
magnify 0,994252 0,000270
magnitude 1,078810 0,000098
magus 2,813411 0,000255
mahomet 1,660731 0,000151
mahometan 3,218876 0,000292
maid 0,415515 0,000038
main 0,127833 0,000012
maintain 0,094311 0,000034
maintenance 1,171183 0,000106
maitre 3,218876 0,000292
majestatis 3,912023 0,000355
majestic 1,108663 0,000101
majesty 0,510826 0,000046
major 1,108663 0,000101
majorem 3,218876 0,000292
majority 0,597837 0,000054
mal 2,302585 0,000209
malchus 3,912023 0,000355
malcolm 2,995732 0,000272
malcontent 2,813411 0,000255
male 0,562119 0,000102
malefactor 1,966113 0,000356
malevolent 1,966113 0,000178
malice 0,776529 0,000070
malicious 0,941609 0,000085
maliciously 1,771957 0,000161
malignant 1,139434 0,000103
malignity 1,966113 0,000178
mall 2,040221 0,000185
malo 3,218876 0,000292
malthus 2,995732 0,000272
malum 3,506558 0,000318
malversation 3,218876 0,000292
mamas 3,506558 0,000318
manage 0,261365 0,000071
management 0,843970 0,000077
manchester 2,040221 0,000185
mancipation 3,912023 0,000355
mandate 2,120264 0,000384
mandatum 3,912023 0,000355
manes 2,040221 0,000185
mangled 1,660731 0,000151
manhood 0,776529 0,000070
mani 3,912023 0,000355
manifest 0,478036 0,000130
manifestly 1,469676 0,000133
manifesto 3,218876 0,000875
mankind 0,478036 0,000043
manly 0,820981 0,000074
manner 0,040822 0,000004
manners 0,274437 0,000025
mansion 0,820981 0,000074
manso 3,912023 0,000355
mantle 0,776529 0,000141
mantuan 2,813411 0,000255
manufacture 1,078810 0,000196
manufacturer 1,966113 0,000178
manufactures 2,207275 0,000200
manumission 3,218876 0,000292
manus 2,813411 0,000255
manuscript 0,967584 0,000175
map 0,916291 0,000166
marble 0,562119 0,000102
marc 3,218876 0,000292
march 0,223144 0,000061
marching 1,171183 0,000106
marcia 2,995732 0,000272
mare 1,203973 0,000218
mari 3,912023 0,000355
maria 1,427116 0,000129
marine 1,309333 0,000119
mariner 1,078810 0,000098
maris 3,506558 0,000318
maritime 1,966113 0,000178
mark 0,105361 0,000029
marked 0,061875 0,000006
market 0,510826 0,000093
maros 3,912023 0,000355
marquis 1,609438 0,000146
marriage 0,314711 0,000057
married 0,248461 0,000023
mars 1,427116 0,000129
marshy 1,966113 0,000178
mart 2,207275 0,000200
martial 1,469676 0,000133
martin 1,386294 0,000126
martyr 1,272966 0,000115
martyrdom 1,897120 0,000344
martyria 3,912023 0,000355
martyrologium 3,912023 0,000355
martyrs 1,714798 0,000155
marvellous 0,891598 0,000081
marvellously 1,660731 0,000151
marvelous 1,609438 0,000146
mary 0,693147 0,000063
mask 0,673345 0,000061
mass 0,210721 0,000019
massacre 1,309333 0,000356
massy 1,966113 0,000178
mast 0,941609 0,000085
master 0,072571 0,000007
masterly 1,832581 0,000166
masters 0,446287 0,000040
matchless 2,207275 0,000200
material 0,261365 0,000047
materially 1,771957 0,000161
maternal 1,272966 0,000115
matrimonii 3,912023 0,000355
matron 1,347074 0,000244
matter 0,000000 0,000000
matthew 1,714798 0,000155
mature 0,941609 0,000171
maturely 2,659260 0,000241
maturity 1,427116 0,000129
maurice 2,659260 0,000241
mauritania 3,912023 0,000355
mauritanian 3,506558 0,000318
maxim 1,078810 0,000196
maximin 3,912023 0,000355
maximus 2,659260 0,000241
maze 1,272966 0,000115
mea 2,659260 0,000241
meadow 0,733969 0,000067
meagre 1,347074 0,000122
meal 0,261365 0,000024
meander 2,659260 0,000241
meaning 0,186330 0,000017
meanly 1,514128 0,000137
meanness 1,237874 0,000112
measure 0,127833 0,000035
measurement 1,714798 0,000155
mecca 2,813411 0,000255
mechanic 1,347074 0,000122
mechanical 0,843970 0,000077
mecum 2,813411 0,000255
med 3,912023 0,000355
medal 1,469676 0,000266
media 2,120264 0,000192
mediation 1,966113 0,000178
mediocrity 2,207275 0,000200
meditate 0,733969 0,000200
meditation 0,776529 0,000141
mediterranean 1,609438 0,000146
medium 0,223144 0,000020
medley 2,040221 0,000185
meekness 1,714798 0,000155
meet 0,010050 0,000003
meeting 0,162519 0,000029
megara 2,813411 0,000255
mela 3,912023 0,000355
melancholy 0,342490 0,000031
melt 0,385662 0,000070
mem 2,659260 0,000241
memoir 2,407946 0,000218
memoirs 1,347074 0,000122
memorable 1,108663 0,000101
memorial 1,139434 0,000207
memory 0,162519 0,000015
menace 1,021651 0,000278
menacing 1,272966 0,000115
menelaus 2,525729 0,000229
menial 1,714798 0,000311
mens 3,912023 0,000355
mense 3,912023 0,000355
menta 3,912023 0,000355
mental 0,430783 0,000039
mention 0,105361 0,000029
mentis 3,912023 0,000355
mercenary 1,714798 0,000155
merchandise 1,469676 0,000266
merchant 0,494296 0,000090
merciful 0,994252 0,000090
mercury 1,203973 0,000109
mercy 0,210721 0,000019
mere 0,094311 0,000009
meridian 1,771957 0,000161
merit 0,371064 0,000101
meritorious 1,771957 0,000161
merovingian 3,218876 0,000292
mesopotamia 2,525729 0,000229
message 0,356675 0,000032
messenger 0,562119 0,000102
messiah 2,302585 0,000209
meta 3,912023 0,000355
metal 0,527633 0,000096
metamorphoses 2,525729 0,000229
metaphor 1,771957 0,000321
metaphorical 3,218876 0,000292
metaphysical 1,714798 0,000155
metaphysics 1,514128 0,000137
meteor 2,120264 0,000384
method 0,094311 0,000017
metropolis 1,469676 0,000133
metropolitan 1,714798 0,000155
meuse 3,506558 0,000318
mexico 1,660731 0,000151
mica 3,218876 0,000292
midas 2,525729 0,000229
middle 0,030459 0,000003
midland 2,813411 0,000255
midnight 0,328504 0,000030
midst 0,287682 0,000026
midway 1,514128 0,000137
mighty 0,328504 0,000030
migrate 1,897120 0,000172
milan 1,771957 0,000161
mild 0,430783 0,000117
mildness 1,427116 0,000129
mile 0,174353 0,000032
milesian 2,813411 0,000255
military 0,616186 0,000056
militate 2,813411 0,000255
milk 0,400478 0,000036
miller 1,309333 0,000119
milliarium 3,912023 0,000355
milner 3,506558 0,000318
mimi 3,506558 0,000318
mimic 1,427116 0,000129
mind 0,020203 0,000004
mineral 1,609438 0,000146
minerva 1,832581 0,000166
mingle 0,356675 0,000065
miniature 1,139434 0,000103
minister 0,562119 0,000051
ministers 0,776529 0,000070
minor 0,713350 0,000065
minority 1,386294 0,000126
minos 2,525729 0,000229
mint 1,832581 0,000332
minute 0,150823 0,000027
minutely 1,309333 0,000119
minuteness 1,714798 0,000155
miracle 0,597837 0,000108
miraculous 1,171183 0,000106
miraculously 1,966113 0,000178
mirror 0,579818 0,000053
misanthrope 2,302585 0,000209
misapprehend 2,995732 0,000272
misapprehension 2,207275 0,000200
misbehavior 2,995732 0,000272
miscellaneous 1,771957 0,000161
miscellany 2,995732 0,000272
mischief 0,494296 0,000090
mischievous 1,078810 0,000098
misconduct 1,966113 0,000178
miserable 0,210721 0,000019
miserere 2,813411 0,000255
misery 0,248461 0,000045
misfortune 0,400478 0,000073
mislead 0,994252 0,000090
misplace 2,120264 0,000192
misrepresent 2,040221 0,000370
misrepresentation 2,207275 0,000200
missa 3,506558 0,000318
missile 1,714798 0,000155
mission 0,210721 0,000019
missionary 1,560648 0,000283
missis 2,120264 0,000192
missus 2,995732 0,000272
mist 0,430783 0,000039
mistake 0,186330 0,000034
mistaken 0,261365 0,000024
mistranslation 3,912023 0,000355
mistress 0,478036 0,000043
mistrust 1,171183 0,000106
misunderstand 1,237874 0,000112
mitigate 1,771957 0,000161
mitigating 2,813411 0,000255
mitten 2,407946 0,000218
mix 0,274437 0,000025
mixture 0,597837 0,000054
mob 1,139434 0,000103
mode 0,579818 0,000105
model 0,510826 0,000093
modelling 2,995732 0,000272
moderate 0,579818 0,000158
moderation 1,108663 0,000101
modern 0,301105 0,000055
moderne 3,506558 0,000318
modest 0,371064 0,000034
modestly 1,139434 0,000103
modesty 0,733969 0,000067
modification 0,478036 0,000087
modify 0,356675 0,000065
modius 3,506558 0,000318
modo 2,995732 0,000272
moi 2,207275 0,000200
moisture 1,108663 0,000101
mole 1,203973 0,000109
molestation 2,525729 0,000229
moment 0,010050 0,000002
momentary 0,693147 0,000063
momentous 1,771957 0,000161
mon 1,714798 0,000155
monarch 1,108663 0,000201
monarchy 1,660731 0,000151
monastery 1,469676 0,000133
monastic 2,040221 0,000185
money 0,051293 0,000005
monk 1,108663 0,000201
monkery 3,912023 0,000355
monody 3,218876 0,000292
monogram 2,407946 0,000437
monopoly 2,040221 0,000185
monosyllable 1,897120 0,000172
mons 2,995732 0,000272
monster 0,527633 0,000096
monstrous 0,400478 0,000036
mont 2,120264 0,000192
montanist 3,912023 0,000355
month 0,040822 0,000007
monument 0,776529 0,000141
monumental 1,966113 0,000178
moon 0,261365 0,000024
moor 0,994252 0,000180
moorish 2,120264 0,000192
mor 3,912023 0,000355
moral 0,301105 0,000055
moralist 1,660731 0,000151
morality 0,867501 0,000079
morass 2,040221 0,000185
morel 3,218876 0,000292
mores 3,506558 0,000318
morning 0,040822 0,000004
morose 1,469676 0,000133
mort 2,207275 0,000200
mortal 0,314711 0,000057
mortally 1,514128 0,000137
mortem 3,218876 0,000292
mortification 1,021651 0,000093
mortified 1,272966 0,000115
mortis 3,506558 0,000318
morts 3,218876 0,000292
mosaic 2,040221 0,000185
moselle 3,912023 0,000355
moses 1,139434 0,000103
mosque 2,207275 0,000200
mosul 3,506558 0,000318
mot 2,813411 0,000255
mother 0,072571 0,000013
motion 0,223144 0,000040
motive 0,356675 0,000065
mould 0,755023 0,000137
mouldering 1,966113 0,000178
mound 1,272966 0,000115
mount 0,210721 0,000038
mountain 0,400478 0,000036
mountains 0,400478 0,000036
mourn 0,994252 0,000180
mourner 1,309333 0,000119
mournful 0,941609 0,000085
mourning 0,673345 0,000061
mouth 0,061875 0,000011
movable 1,514128 0,000137
moyle 3,912023 0,000355
mss 2,995732 0,000272
mud 0,462035 0,000042
mule 0,967584 0,000088
mulier 3,506558 0,000318
multiplication 1,897120 0,000172
multiplicity 1,714798 0,000155
multiply 0,776529 0,000282
multitude 0,385662 0,000070
multo 3,912023 0,000355
multum 2,813411 0,000255
mundari 3,912023 0,000355
municipal 2,040221 0,000185
munificence 2,995732 0,000272
munificent 2,302585 0,000209
mural 3,506558 0,000318
murder 0,248461 0,000090
murderers 1,386294 0,000126
murmur 0,287682 0,000052
muse 1,139434 0,000103
muses 1,660731 0,000151
mushroom 1,660731 0,000151
music 0,198451 0,000018
muster 1,078810 0,000098
muta 3,912023 0,000355
mutilate 1,427116 0,000129
mutilation 2,407946 0,000218
mutineer 2,525729 0,000229
mutiny 1,469676 0,000133
mutter 0,653926 0,000059
mutual 0,510826 0,000046
mutually 1,386294 0,000126
myriad 1,386294 0,000126
myrmidon 2,525729 0,000229
mysterious 0,314711 0,000029
mystery 0,235722 0,000043
mystic 1,108663 0,000101
mysticism 2,525729 0,000229
mythology 1,832581 0,000166
nabal 3,218876 0,000292
nail 0,356675 0,000065
naked 0,274437 0,000025
nam 2,525729 0,000229
nameless 1,078810 0,000098
namesake 2,407946 0,000218
naples 1,272966 0,000115
nare 3,506558 0,000318
narration 1,609438 0,000146
narrative 0,579818 0,000105
narrow 0,094311 0,000017
narrowly 1,272966 0,000115
nat 2,813411 0,000255
nate 3,506558 0,000318
nation 0,579818 0,000053
national 0,755023 0,000068
nations 0,673345 0,000061
native 0,314711 0,000057
nativity 2,040221 0,000185
natu 3,912023 0,000355
natura 2,813411 0,000255
natural 0,094311 0,000009
naturally 0,210721 0,000019
nature 0,094311 0,000009
naughty 1,714798 0,000155
naval 1,386294 0,000126
navigable 2,407946 0,000218
navigation 1,272966 0,000115
navigator 1,771957 0,000321
navy 1,237874 0,000112
nazarene 3,218876 0,000292
nazarenes 3,506558 0,000318
nazareth 2,995732 0,000272
nearer 0,400478 0,000036
neatly 1,049822 0,000095
necessarium 3,912023 0,000355
necesse 3,912023 0,000355
necessity 0,210721 0,000038
neck 0,174353 0,000032
neckar 3,506558 0,000318
necklace 1,660731 0,000151
needless 1,049822 0,000095
nefas 3,912023 0,000355
negative 0,916291 0,000083
neglect 0,274437 0,000075
negligence 0,415515 0,000038
negligent 1,609438 0,000146
negotiate 1,771957 0,000482
negotiation 1,560648 0,000283
negro 0,967584 0,000088
neighbor 1,237874 0,000112
neighborhood 1,171183 0,000106
neighboring 1,386294 0,000126
nemean 3,506558 0,000318
nemesis 2,525729 0,000229
nemo 3,218876 0,000292
neophyte 3,506558 0,000318
nephew 0,891598 0,000162
neptune 1,966113 0,000178
nerve 0,371064 0,000034
nestor 2,525729 0,000229
netherlands 2,813411 0,000255
newly 0,494296 0,000045
news 0,210721 0,000019
nice 0,371064 0,000067
nicene 3,912023 0,000355
niece 1,203973 0,000109
night 0,010050 0,000002
nihil 2,813411 0,000255
nile 1,469676 0,000133
nineteen 1,108663 0,000101
ninth 0,994252 0,000090
nisi 3,218876 0,000292
nitre 3,218876 0,000292
nobility 0,755023 0,000068
nobis 3,912023 0,000355
noble 0,198451 0,000072
nobleman 1,021651 0,000093
noblesse 2,995732 0,000272
nobly 1,309333 0,000119
nocturnal 1,272966 0,000115
noise 0,139262 0,000013
noisy 0,776529 0,000070
nomen 3,912023 0,000355
nomina 3,506558 0,000318
nominal 1,714798 0,000155
nominate 2,207275 0,000600
nomination 2,813411 0,000255
nomine 2,995732 0,000272
nonsense 0,478036 0,000043
noonday 1,660731 0,000151
norman 1,832581 0,000166
north 0,083382 0,000008
northern 0,653926 0,000059
northward 1,203973 0,000109
nose 0,261365 0,000024
nota 3,506558 0,000318
notary 2,407946 0,000218
note 0,094311 0,000017
notice 0,020203 0,000005
notion 0,314711 0,000057
notitia 3,912023 0,000355
notorious 1,049822 0,000095
noun 1,832581 0,000166
nourish 0,916291 0,000166
nourishment 0,994252 0,000090
nouveaux 3,506558 0,000318
nova 2,302585 0,000209
novatian 3,912023 0,000355
november 0,544727 0,000049
novitiate 2,525729 0,000229
nullus 3,912023 0,000355
num 3,218876 0,000292
numa 2,659260 0,000241
numerical 2,302585 0,000209
numero 3,506558 0,000318
numeros 3,912023 0,000355
numerous 0,235722 0,000021
numidian 3,218876 0,000292
numine 3,912023 0,000355
nummi 3,912023 0,000355
nun 1,427116 0,000129
nunc 2,659260 0,000241
nuncio 3,506558 0,000318
nuncupatory 3,912023 0,000355
nunquam 3,912023 0,000355
nuptials 2,120264 0,000192
nurse 0,301105 0,000027
nyssa 3,218876 0,000292
oar 1,021651 0,000185
oath 0,385662 0,000070
ob 2,407946 0,000218
obdurate 1,771957 0,000161
obedience 0,494296 0,000045
obedient 0,544727 0,000049
obelisk 2,525729 0,000229
obelisks 3,912023 0,000355
obey 0,223144 0,000061
object 0,105361 0,000029
objection 0,400478 0,000073
oblatio 3,912023 0,000355
oblation 2,207275 0,000200
obligation 0,597837 0,000108
oblige 0,210721 0,000057
oblique 1,966113 0,000178
obliterate 1,469676 0,000133
oblivion 1,272966 0,000115
oblong 1,469676 0,000133
obnoxious 1,514128 0,000137
obscene 1,660731 0,000151
obscure 0,478036 0,000043
obscurely 1,832581 0,000166
obscurity 0,967584 0,000088
obsequious 1,560648 0,000141
observance 1,427116 0,000129
observation 0,446287 0,000040
observations 0,867501 0,000079
observe 0,094311 0,000034
observer 0,820981 0,000149
obsidional 3,912023 0,000355
obsolete 0,446287 0,000040
obstacle 0,510826 0,000093
obstetrix 3,912023 0,000355
obstinacy 1,108663 0,000101
obstinate 0,713350 0,000065
obstinately 1,272966 0,000115
obstruct 1,309333 0,000119
obtrude 1,897120 0,000172
obtuse 2,207275 0,000200
obvious 0,415515 0,000038
occasion 0,105361 0,000029
occasional 0,510826 0,000046
occasionally 0,371064 0,000034
occult 2,040221 0,000185
occupant 1,203973 0,000109
occupation 0,371064 0,000067
occupy 0,174353 0,000047
occur 0,083382 0,000023
occurrence 0,693147 0,000063
ocean 0,415515 0,000038
ocular 2,659260 0,000241
oculi 3,912023 0,000355
od 2,813411 0,000255
odd 0,385662 0,000035
odes 2,659260 0,000241
odious 0,941609 0,000085
odium 2,525729 0,000229
odor 1,386294 0,000126
offence 0,527633 0,000096
offend 0,798508 0,000145
offended 0,616186 0,000056
offender 1,386294 0,000251
offensive 0,693147 0,000063
offer 0,020203 0,000007
offering 1,609438 0,000146
office 0,072571 0,000013
officer 0,314711 0,000057
official 0,223144 0,000020
officiate 2,040221 0,000555
officious 1,832581 0,000166
officiousness 3,218876 0,000292
offspring 0,994252 0,000090
oil 0,446287 0,000040
olive 0,994252 0,000090
olives 1,897120 0,000172
olympiad 3,218876 0,000292
olympic 2,995732 0,000272
olympus 1,966113 0,000178
omar 2,525729 0,000229
omen 1,171183 0,000212
omina 3,912023 0,000355
omission 1,347074 0,000122
omit 0,843970 0,000230
omnes 3,912023 0,000355
omni 2,813411 0,000255
omnibus 2,040221 0,000185
omnipotence 2,302585 0,000209
omnipotent 1,660731 0,000151
omnium 3,218876 0,000292
online 0,510826 0,000046
onset 1,469676 0,000133
ont 2,995732 0,000272
op 2,659260 0,000241
ope 2,302585 0,000209
openly 0,494296 0,000045
opera 1,139434 0,000103
operate 0,916291 0,000083
operation 0,478036 0,000087
ophites 3,506558 0,000318
opinion 0,105361 0,000019
opportunity 0,061875 0,000011
oppose 0,579818 0,000105
opposed 0,653926 0,000059
opposition 0,494296 0,000045
oppress 1,309333 0,000119
oppressed 0,693147 0,000063
oppression 0,916291 0,000083
oppressive 1,171183 0,000106
oppressor 1,771957 0,000321
opprobrious 2,659260 0,000241
optimate 3,912023 0,000355
optime 3,912023 0,000355
option 1,966113 0,000178
opulence 2,120264 0,000192
opulent 2,120264 0,000192
oracle 1,237874 0,000224
oracula 3,506558 0,000318
oraculum 3,912023 0,000355
orang 3,218876 0,000292
oration 1,560648 0,000283
orator 1,171183 0,000212
oratory 1,966113 0,000178
ordain 0,891598 0,000162
orderly 0,941609 0,000085
ordinance 1,514128 0,000137
ordinary 0,186330 0,000017
ordination 2,525729 0,000229
ordo 3,506558 0,000318
ore 1,832581 0,000166
organization 1,469676 0,000133
orient 1,832581 0,000166
oriental 1,108663 0,000101
orientalism 3,912023 0,000355
orientals 2,659260 0,000241
origin 0,527633 0,000048
original 0,105361 0,000019
originally 0,673345 0,000061
originate 1,139434 0,000103
origines 3,912023 0,000355
orion 2,302585 0,000209
ornament 0,527633 0,000048
ornamented 1,171183 0,000106
orphan 0,798508 0,000145
orpheus 2,120264 0,000192
orthodox 1,386294 0,000126
orthodoxy 2,407946 0,000218
osiris 3,506558 0,000318
ossian 2,995732 0,000272
ostensible 2,207275 0,000200
ostentation 1,832581 0,000166
ostentatious 2,120264 0,000192
ostentatiously 2,207275 0,000200
ostracism 3,218876 0,000292
ostrich 1,660731 0,000151
othman 3,912023 0,000355
otium 3,218876 0,000292
otter 2,407946 0,000218
ounce 1,427116 0,000129
outlaw 2,120264 0,000192
outline 0,579818 0,000053
outnumber 2,120264 0,000192
outrage 0,891598 0,000081
outstrip 1,347074 0,000244
outward 0,579818 0,000053
oval 1,560648 0,000141
overbalance 2,302585 0,000209
overflow 0,616186 0,000168
overlook 0,527633 0,000096
overpower 0,941609 0,000085
overreach 2,525729 0,000229
overrun 1,469676 0,000133
overshadow 1,609438 0,000146
overspread 1,272966 0,000115
overtake 0,400478 0,000036
overthrow 0,967584 0,000263
overture 1,347074 0,000122
overturn 0,994252 0,000180
overwhelm 1,514128 0,000137
overwhelmed 0,891598 0,000081
ovid 2,407946 0,000218
owe 0,105361 0,000010
owner 0,083382 0,000008
ox 0,941609 0,000085
oxen 1,427116 0,000129
pace 0,186330 0,000034
pacha 3,506558 0,000318
pacific 1,560648 0,000141
pacify 1,272966 0,000115
pagan 1,560648 0,000283
paganism 2,813411 0,000255
pageant 2,120264 0,000384
pageantry 3,218876 0,000292
pagus 3,218876 0,000292
pain 0,051293 0,000005
painful 0,328504 0,000030
painfully 0,916291 0,000083
paint 0,274437 0,000075
painter 0,755023 0,000068
painting 0,713350 0,000065
pair 0,210721 0,000019
palace 0,494296 0,000090
palatine 2,813411 0,000255
palatines 3,912023 0,000355
palatium 3,506558 0,000318
pale 0,186330 0,000017
palest 2,407946 0,000218
palestine 2,407946 0,000218
palestinian 3,912023 0,000355
palladium 2,995732 0,000272
palliate 2,995732 0,000543
palm 0,494296 0,000090
pan 0,755023 0,000068
pandect 3,912023 0,000355
pandects 3,506558 0,000318
panegyric 2,207275 0,000200
panegyrics 3,218876 0,000292
panegyrist 3,218876 0,000584
panic 1,049822 0,000095
pannonian 3,506558 0,000318
pantheon 2,525729 0,000229
panther 1,660731 0,000151
pantomime 1,966113 0,000178
paola 3,912023 0,000355
paolo 3,912023 0,000355
papal 2,120264 0,000192
paper 0,083382 0,000015
papists 3,506558 0,000318
par 1,347074 0,000244
parade 0,994252 0,000090
paradise 0,776529 0,000070
paradox 1,514128 0,000137
paragraph 0,328504 0,000030
parallel 0,843970 0,000230
paraphrase 2,407946 0,000218
parasang 3,912023 0,000709
parasite 2,040221 0,000185
paratitlon 3,912023 0,000355
parchment 1,714798 0,000155
pardon 0,287682 0,000052
pare 1,966113 0,000178
parent 0,261365 0,000047
parental 1,514128 0,000137
paris 0,562119 0,000051
parish 0,916291 0,000166
parishioner 2,120264 0,000192
parisii 3,912023 0,000355
park 0,713350 0,000129
parliament 1,021651 0,000093
parochial 2,813411 0,000255
parole 2,302585 0,000209
paroxysm 1,347074 0,000122
parr 3,218876 0,000292
parricide 1,897120 0,000172
parsimoniously 3,912023 0,000355
parsimony 2,120264 0,000192
partaker 1,897120 0,000172
partaking 1,832581 0,000166
parte 2,813411 0,000255
partes 3,912023 0,000355
parthian 2,407946 0,000218
partial 0,733969 0,000067
partiality 1,427116 0,000129
partially 0,967584 0,000088
participate 1,309333 0,000237
participation 1,660731 0,000151
particle 0,967584 0,000175
particulars 0,776529 0,000070
partisan 1,560648 0,000141
partition 1,139434 0,000103
partly 0,301105 0,000027
partnership 1,514128 0,000137
party 0,030459 0,000006
pascal 2,525729 0,000229
paschal 3,912023 0,000355
pass 0,020203 0,000005
passage 0,105361 0,000019
passim 3,506558 0,000318
passing 0,094311 0,000009
passion 0,174353 0,000032
passionate 0,634878 0,000058
passive 0,941609 0,000085
pastor 1,514128 0,000275
pastoral 1,897120 0,000172
pasture 1,108663 0,000101
patent 0,941609 0,000085
pater 2,659260 0,000241
paternal 1,171183 0,000106
path 0,150823 0,000027
pathetic 1,108663 0,000101
pathetically 1,897120 0,000172
patience 0,139262 0,000013
patient 0,274437 0,000025
patiently 0,733969 0,000067
patriarch 1,897120 0,000172
patriarchal 2,207275 0,000200
patriarchs 2,813411 0,000255
patrician 2,407946 0,000218
patricians 3,218876 0,000292
patrimonial 3,218876 0,000292
patrimony 2,040221 0,000185
patriot 1,560648 0,000283
patriotic 1,469676 0,000133
patriotism 1,897120 0,000172
patron 0,776529 0,000141
patronage 1,272966 0,000115
patroness 2,120264 0,000192
paul 0,798508 0,000072
paula 3,506558 0,000318
paulinus 3,912023 0,000355
pause 0,314711 0,000029
pavement 0,755023 0,000068
pavia 3,218876 0,000292
pax 3,506558 0,000318
pay 0,030459 0,000008
payen 3,912023 0,000355
payment 0,274437 0,000050
peace 0,094311 0,000009
peaceable 1,347074 0,000122
peaceably 1,714798 0,000155
peaceful 0,478036 0,000043
pearl 0,820981 0,000149
peasant 0,798508 0,000145
peculiar 0,223144 0,000020
peculiarity 0,755023 0,000068
peculiarly 0,755023 0,000068
pecuniary 1,386294 0,000126
pedant 2,302585 0,000209
pedantic 1,660731 0,000151
pedantry 2,407946 0,000218
pedestal 1,469676 0,000133
pedigree 1,897120 0,000172
peer 0,616186 0,000056
peloponnesian 2,995732 0,000272
pelops 2,813411 0,000255
pen 0,235722 0,000043
penal 1,714798 0,000155
penalty 0,820981 0,000149
penance 1,514128 0,000137
pencil 0,616186 0,000056
penelope 2,659260 0,000241
penetrate 0,415515 0,000075
penetration 1,347074 0,000122
peninsula 1,897120 0,000172
penitent 1,237874 0,000224
penitential 2,659260 0,000241
pennine 3,912023 0,000355
pension 1,714798 0,000155
pentagon 3,218876 0,000292
pentapolis 3,912023 0,000355
pentecost 3,506558 0,000318
penury 2,120264 0,000192
peopled 1,514128 0,000137
perceive 0,198451 0,000054
perception 0,967584 0,000088
perdus 3,912023 0,000355
peregrin 3,912023 0,000355
peregrination 3,218876 0,000292
peremptory 1,714798 0,000155
perfect 0,061875 0,000006
perfection 0,446287 0,000081
perfectly 0,162519 0,000015
perfecto 3,912023 0,000355
perfidious 2,120264 0,000192
perfidy 2,525729 0,000229
perform 0,072571 0,000026
performance 0,127833 0,000012
perfumed 1,427116 0,000129
pericles 2,659260 0,000241
peril 0,693147 0,000063
perilous 0,798508 0,000072
period 0,235722 0,000043
periodical 1,514128 0,000137
perish 0,462035 0,000126
perjury 2,659260 0,000241
permanency 2,407946 0,000218
permanent 0,223144 0,000020
permission 0,150823 0,000014
permit 0,094311 0,000026
pernicious 1,560648 0,000141
perpetrate 1,609438 0,000146
perpetual 0,478036 0,000043
perpetually 1,078810 0,000098
perpetuate 2,040221 0,000740
perpetuum 3,912023 0,000355
perplex 0,653926 0,000178
perplexity 0,755023 0,000068
perquisite 2,813411 0,000255
pers 3,912023 0,000355
perse 2,995732 0,000272
persecute 0,994252 0,000270
persecution 1,108663 0,000201
persecutor 1,897120 0,000344
perseverance 1,108663 0,000101
persevere 0,994252 0,000270
persia 1,966113 0,000178
persian 1,139434 0,000207
persico 3,912023 0,000355
persis 3,506558 0,000318
persist 0,478036 0,000087
person -0,009950 -0,000003
personage 0,967584 0,000088
personal 0,223144 0,000020
personally 0,798508 0,000072
personate 2,525729 0,000229
personification 1,897120 0,000172
personify 2,040221 0,000555
perspicuity 2,659260 0,000241
perspicuous 2,407946 0,000218
persuade 0,223144 0,000061
persuasion 0,891598 0,000162
persuasive 1,714798 0,000155
pertinentia 3,912023 0,000355
perusal 1,272966 0,000115
peruse 1,609438 0,000292
pervade 1,139434 0,000310
perverse 1,237874 0,000112
pervert 1,897120 0,000172
perverted 1,347074 0,000122
pervious 3,218876 0,000292
pestilence 1,386294 0,000126
pestilential 2,995732 0,000272
peter 0,798508 0,000072
petit 2,120264 0,000192
petition 0,941609 0,000171
phalaris 2,995732 0,000272
phantasma 3,912023 0,000355
phantom 0,967584 0,000175
pharaoh 2,207275 0,000200
phasis 3,506558 0,000318
phenomenon 0,820981 0,000149
phil 2,407946 0,000218
philip 1,237874 0,000112
philosoph 3,912023 0,000355
philosophe 2,995732 0,000272
philosopher 0,673345 0,000122
philosophes 3,912023 0,000355
philosophic 1,203973 0,000109
philosophical 1,049822 0,000095
philosophically 2,207275 0,000200
philosophize 2,525729 0,000229
philosophy 0,597837 0,000054
phot 3,912023 0,000355
phrase 0,139262 0,000013
phrygia 2,995732 0,000272
phrygian 2,659260 0,000241
physical 0,198451 0,000018
physician 0,693147 0,000063
physicians 1,272966 0,000115
pick 0,223144 0,000020
pickax 3,218876 0,000292
picture 0,139262 0,000025
picturesque 0,755023 0,000068
picus 3,506558 0,000318
piece 0,020203 0,000004
pierce 0,356675 0,000065
pierre 2,040221 0,000185
piety 1,078810 0,000098
pike 1,347074 0,000122
pilate 2,525729 0,000229
pile 0,328504 0,000089
pilgrim 1,203973 0,000218
pilgrimage 1,427116 0,000259
pillage 1,514128 0,000275
pillager 3,218876 0,000292
pillar 0,597837 0,000108
pioneer 1,660731 0,000151
pious 0,733969 0,000067
piously 1,966113 0,000178
piracy 2,302585 0,000209
pirate 1,108663 0,000101
pisces 2,995732 0,000272
piso 3,506558 0,000318
pit 0,597837 0,000054
pitch 0,261365 0,000047
pity 0,139262 0,000038
pius 2,407946 0,000218
plague 0,673345 0,000122
plain 0,040822 0,000007
plainly 0,261365 0,000024
plainness 2,120264 0,000192
plains 0,967584 0,000088
plan 0,198451 0,000036
plane 1,171183 0,000106
planet 1,021651 0,000093
plant 0,186330 0,000034
plaster 0,916291 0,000083
plastic 2,207275 0,000200
plate 0,314711 0,000029
plato 1,237874 0,000112
platonic 2,120264 0,000192
platonician 3,912023 0,000355
platonism 2,995732 0,000272
plausible 1,078810 0,000098
plautus 2,813411 0,000255
play 0,040822 0,000007
player 0,713350 0,000129
plea 1,049822 0,000095
plead 0,400478 0,000109
pleasant 0,162519 0,000015
pleasantly 0,820981 0,000074
pleasantry 1,347074 0,000122
pleased 0,150823 0,000014
pleasing 0,653926 0,000059
pleasure 0,051293 0,000009
pleb 3,912023 0,000355
plebeian 2,040221 0,000185
plebeians 3,218876 0,000292
pledge 0,634878 0,000173
plentiful 1,049822 0,000095
plentifully 1,660731 0,000151
plenty 0,235722 0,000021
plenum 2,995732 0,000272
pliancy 2,813411 0,000255
pliny 2,659260 0,000241
plot 0,693147 0,000063
plough 0,941609 0,000085
ploughshare 2,813411 0,000255
plunder 0,994252 0,000180
plunge 0,314711 0,000029
plural 1,897120 0,000172
plurality 2,120264 0,000192
plusquam 3,912023 0,000355
plutarch 1,966113 0,000178
ply 1,021651 0,000093
po 1,897120 0,000172
poem 0,798508 0,000145
poet 0,544727 0,000099
poetical 1,514128 0,000137
poetically 2,525729 0,000229
poetry 0,693147 0,000063
poison 0,371064 0,000067
poisoning 2,040221 0,000185
poland 1,832581 0,000166
polemic 2,813411 0,000510
police 0,755023 0,000068
policy 0,820981 0,000074
polished 0,673345 0,000061
polite 0,693147 0,000063
politeness 0,798508 0,000072
political 0,562119 0,000051
politician 1,171183 0,000106
politics 0,713350 0,000065
politique 3,912023 0,000355
pollute 1,427116 0,000259
pollux 2,659260 0,000241
polycarp 3,506558 0,000318
polytheism 3,218876 0,000292
polytheist 3,912023 0,000709
pomp 0,994252 0,000090
pompey 2,040221 0,000185
pompous 1,514128 0,000137
ponderous 1,203973 0,000109
poniard 2,120264 0,000192
pontifex 3,506558 0,000318
pontiff 2,525729 0,000229
pontiffs 3,506558 0,000318
pontific 3,912023 0,000355
pontifical 2,813411 0,000255
pontius 3,218876 0,000292
ponto 3,912023 0,000355
pontus 2,813411 0,000255
poor 0,020203 0,000005
pope 0,941609 0,000171
populace 1,660731 0,000151
popular 0,430783 0,000039
popularity 1,427116 0,000129
popularly 1,966113 0,000178
population 0,941609 0,000085
populous 1,386294 0,000126
populousness 3,218876 0,000292
populum 3,506558 0,000318
populus 3,506558 0,000318
porch 0,891598 0,000081
porphyrogenitus 3,912023 0,000355
porphyry 2,302585 0,000209
port 0,579818 0,000105
portable 2,207275 0,000200
portas 3,912023 0,000355
portico 1,771957 0,000321
portion 0,301105 0,000027
portrait 0,597837 0,000108
position 0,162519 0,000015
positive 0,597837 0,000054
positively 0,776529 0,000070
posse 2,207275 0,000200
possess 0,061875 0,000022
possession 0,083382 0,000015
possessor 0,994252 0,000090
posset 2,813411 0,000255
possibility 0,150823 0,000014
post 0,051293 0,000014
posterity 1,139434 0,000103
posthumous 2,659260 0,000241
postscript 1,771957 0,000161
posture 0,967584 0,000088
potent 1,309333 0,000119
poultry 1,660731 0,000151
pound 0,314711 0,000057
pour 0,116534 0,000042
poverty 0,446287 0,000040
power 0,030459 0,000006
powerful 0,223144 0,000020
powerfully 1,714798 0,000155
practicable 1,309333 0,000119
practical 0,494296 0,000045
practice 0,116534 0,000021
practise 0,510826 0,000093
praise 0,274437 0,000100
pravity 3,218876 0,000292
pray 0,261365 0,000047
prayer 0,287682 0,000052
preach 0,755023 0,000137
preacher 1,049822 0,000190
preaching 1,309333 0,000119
preamble 2,525729 0,000229
precarious 1,660731 0,000151
precariously 3,218876 0,000292
precaution 0,733969 0,000133
precede 0,385662 0,000140
precedency 3,218876 0,000292
precedent 1,469676 0,000266
precept 1,049822 0,000190
preceptor 1,609438 0,000292
precinct 1,427116 0,000129
precious 0,162519 0,000015
precipice 1,021651 0,000185
precipitate 1,078810 0,000196
precipitation 2,207275 0,000200
precise 0,776529 0,000070
precisely 0,510826 0,000046
precision 0,798508 0,000072
preconception 3,506558 0,000318
predatory 2,659260 0,000241
predecessor 1,049822 0,000190
predestination 2,407946 0,000218
predestined 2,207275 0,000200
prediction 1,386294 0,000251
predominate 1,469676 0,000133
pref 3,912023 0,000355
preface 0,713350 0,000065
prefect 2,659260 0,000241
prefecture 2,995732 0,000272
prefer 0,174353 0,000063
preferable 1,386294 0,000126
preference 0,843970 0,000077
prefix 2,040221 0,000185
pregnancy 2,120264 0,000192
pregnant 1,272966 0,000115
prejudge 2,995732 0,000272
prejudice 0,579818 0,000158
prelate 2,207275 0,000400
preliminary 0,941609 0,000085
prelude 1,427116 0,000129
premature 1,203973 0,000109
premeditated 2,407946 0,000218
preparation 0,328504 0,000060
preparatory 1,309333 0,000119
prepare 0,116534 0,000021
prepared 0,105361 0,000010
prepossess 2,995732 0,000272
prepossession 2,525729 0,000229
prerogative 1,771957 0,000321
presage 2,040221 0,000370
presbyter 3,506558 0,000318
presbyters 3,218876 0,000292
prescribe 0,776529 0,000141
presence 0,094311 0,000009
preservation 1,049822 0,000095
preservative 2,659260 0,000241
preserve 0,083382 0,000030
preside 0,843970 0,000153
president 1,049822 0,000190
press 0,105361 0,000019
pressed 0,274437 0,000025
pressure 0,527633 0,000048
presume 0,462035 0,000168
presumption 0,994252 0,000090
presumptive 3,218876 0,000292
presumptuous 1,469676 0,000133
presumptuously 2,995732 0,000272
pretence 0,891598 0,000162
pretend 0,186330 0,000051
pretender 2,207275 0,000200
pretension 1,049822 0,000095
preternatural 2,525729 0,000229
pretext 0,891598 0,000081
prevail 0,287682 0,000078
prevalence 1,832581 0,000166
prevalent 1,309333 0,000119
prevaricate 2,813411 0,000255
prevent 0,040822 0,000015
previous 0,094311 0,000009
prey 0,478036 0,000087
price 0,314711 0,000029
pride 0,150823 0,000014
priest 0,616186 0,000112
priestess 2,659260 0,000241
priesthood 1,897120 0,000172
prima 2,207275 0,000200
primate 3,218876 0,000584
prime 0,653926 0,000059
primitive 0,916291 0,000083
primo 2,995732 0,000272
primordium 3,912023 0,000355
primus 3,506558 0,000318
prince 0,462035 0,000084
princeps 3,912023 0,000355
princess 1,237874 0,000112
principal 0,287682 0,000026
principally 1,108663 0,000101
principes 3,506558 0,000318
principi 3,912023 0,000355
principia 3,912023 0,000355
principle 0,274437 0,000050
print 0,116534 0,000011
printing 1,469676 0,000133
prior 1,237874 0,000112
priority 2,525729 0,000229
prise 2,995732 0,000272
prison 0,248461 0,000045
prisoner 0,356675 0,000065
pristine 2,659260 0,000241
private 0,198451 0,000018
privately 1,171183 0,000106
privilege 0,527633 0,000048
privileged 1,347074 0,000122
privileges 1,021651 0,000093
privy 1,660731 0,000151
prize 0,494296 0,000045
pro 2,040221 0,000185
prob 3,912023 0,000355
probability 0,733969 0,000067
probable 0,494296 0,000045
probationary 2,995732 0,000272
proceed 0,116534 0,000021
proceeding 0,510826 0,000046
proceedings 0,713350 0,000065
proceeds 0,916291 0,000083
proceres 3,912023 0,000355
process 0,400478 0,000036
procession 0,693147 0,000126
proclaim 0,527633 0,000191
proclamation 1,609438 0,000146
proconsul 2,813411 0,000510
proconsular 3,218876 0,000292
procurator 3,506558 0,000636
procuratorship 3,912023 0,000355
procure 0,415515 0,000113
prodigality 2,525729 0,000229
prodigious 1,021651 0,000093
prodigus 3,912023 0,000355
prodigy 1,469676 0,000266
produce 0,061875 0,000022
production 0,274437 0,000050
productive 1,469676 0,000133
proem 2,995732 0,000272
profanation 2,525729 0,000229
profane 1,021651 0,000185
profess 0,616186 0,000223
profession 0,446287 0,000081
professional 0,820981 0,000074
professor 0,261365 0,000047
profit 0,083382 0,000015
profitable 0,891598 0,000081
profitably 2,525729 0,000229
profound 0,446287 0,000040
profuse 1,609438 0,000146
profusely 1,832581 0,000166
profuseness 3,506558 0,000318
profusion 1,347074 0,000122
progeny 1,897120 0,000172
progress 0,162519 0,000015
prohibit 1,347074 0,000488
prohibition 0,415515 0,000075
project -0,009950 -0,000002
proleg 3,912023 0,000355
prolegomena 3,218876 0,000292
prolific 1,966113 0,000178
prolix 2,995732 0,000272
prolixity 2,995732 0,000272
prolong 1,237874 0,000112
prolonged 0,597837 0,000054
promiscuous 2,040221 0,000185
promise 0,051293 0,000014
promising 0,430783 0,000039
promontory 1,427116 0,000259
promote 0,274437 0,000025
promoted 1,237874 0,000112
promotion 0,342490 0,000031
prompt 0,478036 0,000087
promulgate 2,302585 0,000209
prone 1,078810 0,000098
pronounce 0,798508 0,000217
pronounced 0,446287 0,000040
proof 0,274437 0,000050
prop 0,941609 0,000085
propagate 1,771957 0,000321
propagation 2,040221 0,000185
propensity 1,347074 0,000244
proper 0,061875 0,000006
properly 0,385662 0,000035
property 0,127833 0,000023
prophecy 1,021651 0,000185
prophesy 1,309333 0,000119
prophet 0,867501 0,000157
prophetic 1,560648 0,000141
propitiate 1,609438 0,000146
propitious 1,469676 0,000133
propontis 2,995732 0,000272
proportion 0,235722 0,000064
proportionable 2,813411 0,000255
proportionally 2,995732 0,000272
proposal 0,733969 0,000133
propose 0,186330 0,000068
proposition 0,820981 0,000074
proprietor 0,967584 0,000175
propriety 0,843970 0,000077
proprium 3,218876 0,000292
propter 3,218876 0,000292
proscribe 2,207275 0,000200
proscription 2,995732 0,000543
prose 1,021651 0,000093
prosecute 1,078810 0,000196
prosecution 1,203973 0,000218
proselyte 2,995732 0,000815
prospect 0,430783 0,000039
prosper 1,171183 0,000106
prosperity 0,820981 0,000074
prosperous 0,891598 0,000081
prostitute 1,966113 0,000356
prostitution 2,525729 0,000229
prostrate 0,673345 0,000061
protect 0,139262 0,000050
protection 0,314711 0,000029
protector 1,139434 0,000207
protest 0,342490 0,000124
protestant 1,514128 0,000275
protestation 1,560648 0,000283
protract 1,427116 0,000259
prov 2,995732 0,000272
prove 0,083382 0,000023
proverb 1,108663 0,000101
proverbial 1,771957 0,000161
proverbs 1,897120 0,000172
provide 0,127833 0,000023
providence 0,693147 0,000063
province 0,776529 0,000141
provincial 1,203973 0,000109
provision 0,094311 0,000017
provisional 2,407946 0,000218
provocation 1,049822 0,000190
provocative 2,407946 0,000218
provoke 0,510826 0,000093
provoking 1,078810 0,000098
prow 1,714798 0,000155
prowess 1,609438 0,000146
proxime 3,912023 0,000355
prudence 0,713350 0,000065
prudent 0,616186 0,000056
prudential 2,407946 0,000218
prudently 1,514128 0,000137
psalm 1,514128 0,000137
psalmody 2,407946 0,000218
psalms 1,609438 0,000146
ptolemy 2,525729 0,000229
puberty 2,813411 0,000255
pubis 3,912023 0,000355
public 0,083382 0,000008
publica 3,218876 0,000292
publication 1,049822 0,000095
publicly 0,994252 0,000090
publish 0,478036 0,000087
publishing 1,771957 0,000161
puerile 2,813411 0,000255
pulpit 1,171183 0,000212
punic 2,525729 0,000229
punish 0,314711 0,000086
punishment 0,287682 0,000052
puny 1,771957 0,000161
pupil 0,579818 0,000105
purchase 0,400478 0,000145
purchaser 1,609438 0,000292
pure 0,139262 0,000038
purely 0,713350 0,000065
purge 1,427116 0,000129
purification 1,771957 0,000161
purify 0,916291 0,000249
purim 3,912023 0,000355
purity 0,776529 0,000070
purple 0,616186 0,000056
purport 1,469676 0,000133
purpose 0,040822 0,000007
purposely 1,171183 0,000106
purse 0,562119 0,000051
pursue 0,186330 0,000068
pursuer 1,272966 0,000115
pursuit 0,287682 0,000052
push 0,139262 0,000013
pusillanimity 2,813411 0,000255
pusillanimous 2,659260 0,000241
puzzled 0,494296 0,000045
puzzolan 3,912023 0,000355
pygmy 2,995732 0,000272
pyramids 1,514128 0,000137
pyrenees 2,659260 0,000241
pyrrhic 3,506558 0,000318
pythagoras 2,407946 0,000218
pythian 2,659260 0,000241
pythium 3,912023 0,000355
qua 2,659260 0,000241
quadi 3,506558 0,000318
quaintly 2,302585 0,000209
qualification 1,386294 0,000126
qualified 0,967584 0,000088
qualify 1,560648 0,000283
quality 0,186330 0,000034
quam 2,995732 0,000272
quando 2,995732 0,000272
quantity 0,478036 0,000087
quantum 2,659260 0,000241
quarrel 0,287682 0,000052
quarry 1,171183 0,000106
quarter 0,105361 0,000029
quarterly 2,207275 0,000200
quarto 2,040221 0,000185
quasi 2,659260 0,000241
quat 3,912023 0,000355
quatuor 3,912023 0,000355
quay 1,966113 0,000178
queen 0,415515 0,000038
queens 1,660731 0,000151
quell 1,386294 0,000126
quem 3,912023 0,000355
quest 0,776529 0,000070
question 0,020203 0,000005
questionable 1,714798 0,000155
questioning 0,755023 0,000068
qui 1,469676 0,000133
quia 2,407946 0,000218
quibus 2,995732 0,000272
quick 0,127833 0,000012
quid 1,966113 0,000178
quidam 3,506558 0,000318
quietly 0,261365 0,000024
quin 3,506558 0,000318
quindecemvir 3,912023 0,000355
quintus 2,995732 0,000272
quirinal 3,912023 0,000355
quiritarian 3,912023 0,000355
quis 2,813411 0,000255
quit 0,462035 0,000042
quiver 0,494296 0,000090
quo 2,813411 0,000255
quod 2,207275 0,000200
quondam 3,218876 0,000292
quoniam 3,912023 0,000355
quorum 2,813411 0,000255
quos 3,218876 0,000292
quot 3,506558 0,000318
quotation 1,469676 0,000266
quote 0,755023 0,000205
rabbi 2,659260 0,000241
rabbis 3,912023 0,000355
race 0,162519 0,000029
rack 0,673345 0,000122
raft 1,832581 0,000166
rage 0,139262 0,000025
rail 0,579818 0,000053
raillery 1,966113 0,000178
rain 0,150823 0,000027
rainbow 1,171183 0,000106
rainy 0,967584 0,000088
raise 0,020203 0,000005
raison 3,506558 0,000318
rally 1,021651 0,000093
ram 0,994252 0,000180
rameses 2,995732 0,000272
rampart 1,560648 0,000283
rancor 2,525729 0,000229
random 0,967584 0,000088
rank 0,223144 0,000061
rapacious 2,040221 0,000185
rapaciousness 3,506558 0,000318
rape 2,040221 0,000185
rapid 0,371064 0,000034
rapidly 0,371064 0,000034
rapine 1,832581 0,000166
rapture 0,820981 0,000074
rare 0,261365 0,000024
rarely 0,527633 0,000048
rash 0,891598 0,000081
rashly 1,560648 0,000141
rashness 1,771957 0,000161
rate 0,261365 0,000047
ratification 2,525729 0,000229
ratify 1,966113 0,000356
rational 0,867501 0,000079
rationale 3,506558 0,000318
rationally 2,120264 0,000192
rauraci 3,912023 0,000355
ravage 1,560648 0,000283
ravages 1,832581 0,000166
ravenous 1,514128 0,000137
raw 0,713350 0,000065
ray 0,462035 0,000084
raze 2,407946 0,000437
razor 1,609438 0,000146
reach 0,000000 0,000000
read 0,020203 0,000005
reader 0,301105 0,000055
readiness 0,634878 0,000058
readmission 3,912023 0,000355
ready 0,030459 0,000003
real 0,040822 0,000004
reality 0,301105 0,000027
realize 0,693147 0,000063
rear 0,371064 0,000101
reason 0,010050 0,000002
reasonable 0,116534 0,000011
reasoner 2,407946 0,000218
reasoning 0,713350 0,000129
reassemble 3,218876 0,000292
reb 3,912023 0,000355
rebel 0,733969 0,000133
rebellion 0,941609 0,000085
rebellious 1,049822 0,000095
rebuild 1,427116 0,000259
rebuilding 2,525729 0,000229
rebus 2,995732 0,000272
recall 0,235722 0,000043
recantation 2,995732 0,000272
recapitulate 2,207275 0,000400
recede 0,916291 0,000166
receipt 0,261365 0,000024
receive 0,040822 0,000015
receiver 1,832581 0,000332
reception 0,693147 0,000063
recess 1,021651 0,000185
reciprocal 1,897120 0,000172
reciprocally 2,813411 0,000255
recital 1,427116 0,000129
recite 1,347074 0,000244
reckon 0,385662 0,000105
reckoning 0,843970 0,000077
reclaim 1,469676 0,000266
recluse 2,040221 0,000185
recognize 0,733969 0,000200
recoil 1,272966 0,000115
recollect 0,562119 0,000102
recollection 0,527633 0,000048
recommence 1,514128 0,000137
recommend 0,400478 0,000145
recommendation 1,237874 0,000224
recommendatory 3,506558 0,000318
recompense 1,139434 0,000103
reconcilable 3,218876 0,000292
reconcile 0,597837 0,000217
reconciliation 1,021651 0,000093
record 0,223144 0,000081
recourse 1,171183 0,000106
recover 0,127833 0,000023
recovery 0,616186 0,000056
recreate 2,207275 0,000200
recruit 1,309333 0,000356
recruiting 1,897120 0,000172
recta 3,912023 0,000355
rectify 1,771957 0,000161
rectitude 1,897120 0,000172
rector 1,966113 0,000178
recueil 3,912023 0,000355
red 0,061875 0,000006
redeem 0,776529 0,000141
redeemer 2,302585 0,000209
redemand 3,912023 0,000355
redemption 1,272966 0,000115
redound 2,207275 0,000200
reduce 0,314711 0,000114
reduction 1,514128 0,000137
redundant 2,302585 0,000209
reed 0,941609 0,000171
reenforce 3,218876 0,000292
reenforcement 3,506558 0,000318
reestablish 2,813411 0,000510
reestablishment 3,506558 0,000318
refer 0,223144 0,000061
reference 0,198451 0,000036
referential 3,912023 0,000355
refine 0,755023 0,000205
refinement 1,049822 0,000190
reflect 0,235722 0,000064
reflection 0,274437 0,000050
reform 0,891598 0,000242
reformation 1,560648 0,000141
reformer 1,771957 0,000321
refractory 1,771957 0,000161
refrain 0,597837 0,000108
refresh 0,446287 0,000081
refreshment 0,843970 0,000153
refuge 0,446287 0,000040
refusal 0,820981 0,000074
refuse 0,083382 0,000030
refutation 2,407946 0,000218
refute 1,469676 0,000266
regain 0,634878 0,000058
regal 1,897120 0,000172
regard 0,083382 0,000008
regeneration 2,120264 0,000192
regia 3,506558 0,000318
regimen 2,525729 0,000229
regina 2,813411 0,000255
region 0,462035 0,000084
register 0,287682 0,000078
regius 3,912023 0,000355
regnum 3,218876 0,000292
regret 0,342490 0,000062
regular 0,287682 0,000026
regularity 1,021651 0,000093
regularly 0,616186 0,000056
regulate 0,210721 0,000057
regulation 1,469676 0,000133
regulations 1,237874 0,000112
rei 2,813411 0,000255
reign 0,430783 0,000156
rein 0,867501 0,000079
reinstate 2,120264 0,000192
reiterate 1,309333 0,000119
reject 0,478036 0,000173
rejection 1,609438 0,000146
rejoice 0,400478 0,000145
reland 3,912023 0,000355
relapse 1,021651 0,000185
relate 0,415515 0,000113
relation 0,223144 0,000040
relative 0,462035 0,000042
relatum 3,912023 0,000355
relax 1,108663 0,000101
relaxation 1,771957 0,000161
relaxed 0,994252 0,000090
release 0,105361 0,000019
relent 1,609438 0,000146
relic 0,867501 0,000157
relief 0,186330 0,000017
relieve 0,198451 0,000054
relig 3,912023 0,000355
religio 3,218876 0,000292
religion 0,415515 0,000075
religious 0,446287 0,000040
relinquish 0,916291 0,000249
reluctance 1,049822 0,000095
reluctant 1,021651 0,000093
reluctantly 0,941609 0,000085
rely 0,579818 0,000053
remain 0,040822 0,000011
remainder 0,597837 0,000054
remains 0,150823 0,000014
remark 0,223144 0,000061
remarkable 0,235722 0,000021
remarkably 0,733969 0,000067
remarks 0,462035 0,000042
remarques 3,912023 0,000355
remedy 0,150823 0,000027
remember 0,030459 0,000003
remembrance 0,733969 0,000067
remind 0,301105 0,000109
remission 2,525729 0,000229
remnant 1,049822 0,000095
remonstrance 1,171183 0,000212
remorse 0,755023 0,000068
remote 0,478036 0,000043
removal 1,171183 0,000106
remove 0,040822 0,000015
render 0,186330 0,000068
rendezvous 1,560648 0,000141
renew 0,314711 0,000057
renewal 1,514128 0,000137
renounce 0,941609 0,000256
renown 1,309333 0,000119
renowned 1,171183 0,000106
rent 0,510826 0,000046
repair 0,342490 0,000093
repass 1,897120 0,000172
repast 1,139434 0,000103
repay 0,673345 0,000061
repeal 2,207275 0,000400
repeat 0,051293 0,000014
repeatedly 1,108663 0,000101
repel 0,967584 0,000263
repent 0,634878 0,000115
repentance 0,798508 0,000072
repetition 0,713350 0,000065
replace 0,198451 0,000036
replant 3,912023 0,000709
replenish 1,203973 0,000109
replete 2,040221 0,000185
reply 0,105361 0,000029
report 0,051293 0,000019
repose 0,494296 0,000090
reprehensible 2,120264 0,000192
represent 0,210721 0,000076
representation 0,261365 0,000047
representative 0,820981 0,000149
repress 0,867501 0,000079
reprieve 2,813411 0,000255
reprimand 1,386294 0,000126
reprint 1,660731 0,000151
reproach 0,301105 0,000109
reprobate 1,897120 0,000172
reproof 1,272966 0,000231
reprove 1,237874 0,000112
republic 1,386294 0,000251
republican 1,514128 0,000275
repugnant 1,771957 0,000161
repulse 0,994252 0,000180
reputation 0,342490 0,000031
request 0,105361 0,000038
require 0,051293 0,000014
required 0,083382 0,000008
requisition 1,966113 0,000356
res 2,995732 0,000272
rescind 2,995732 0,000272
rescript 2,995732 0,000272
rescue 0,494296 0,000090
resemblance 0,713350 0,000065
resemble 0,400478 0,000036
resent 0,820981 0,000149
resentment 0,798508 0,000145
reserve 0,400478 0,000109
reservoir 2,302585 0,000417
reside 0,713350 0,000129
residence 0,653926 0,000059
resign 0,693147 0,000189
resignation 0,994252 0,000090
resist 0,274437 0,000075
resistance 0,430783 0,000039
resolute 0,891598 0,000081
resolutely 1,108663 0,000101
resolution 0,385662 0,000070
resolve 0,287682 0,000078
resort 0,733969 0,000133
resound 0,916291 0,000083
resource 0,544727 0,000099
respect 0,040822 0,000007
respectable 0,430783 0,000039
respectful 0,755023 0,000068
respectfully 1,139434 0,000103
respective 1,171183 0,000106
respects 0,527633 0,000048
respiration 2,040221 0,000185
respite 1,427116 0,000129
resplendent 1,514128 0,000137
responsa 3,912023 0,000355
response 0,843970 0,000077
responsible 0,693147 0,000063
rest 0,010050 0,000003
restitution 2,207275 0,000200
restless 0,478036 0,000043
restoration 1,272966 0,000115
restore 0,223144 0,000081
restorer 2,525729 0,000229
restrain 0,579818 0,000105
restrained 0,776529 0,000070
restraint 0,713350 0,000129
restriction 0,371064 0,000034
result 0,174353 0,000016
resume 0,301105 0,000055
resurrection 1,309333 0,000119
retailer 2,813411 0,000255
retain 0,235722 0,000064
retaliate 1,560648 0,000283
retaliation 1,609438 0,000146
retard 1,832581 0,000332
retarded 1,832581 0,000166
retinue 1,714798 0,000155
retire 0,415515 0,000075
retired 0,342490 0,000031
retirement 1,108663 0,000201
retort 0,820981 0,000074
retractation 3,506558 0,000318
retraction 2,995732 0,000272
retreat 0,342490 0,000124
retrieve 1,832581 0,000166
return 0,010050 0,000004
reunion 2,525729 0,000229
reunite 1,966113 0,000356
reveal 0,223144 0,000061
revelation 0,693147 0,000126
revenge 0,462035 0,000084
revenue 0,342490 0,000062
revere 1,427116 0,000388
reverence 0,579818 0,000105
reverend 1,272966 0,000115
reverent 1,771957 0,000161
reversed 1,171183 0,000106
revert 1,049822 0,000095
review 0,693147 0,000126
revile 1,560648 0,000141
revise 1,660731 0,000301
revisit 1,771957 0,000161
revive 0,510826 0,000093
revocation 2,995732 0,000272
revolt 0,967584 0,000175
revolution 0,634878 0,000115
revolve 0,776529 0,000141
reward 0,174353 0,000063
rex 2,995732 0,000272
rhadamanthus 3,218876 0,000292
rhetoric 1,560648 0,000141
rhetorical 2,525729 0,000229
rhetorician 2,207275 0,000400
rhine 1,609438 0,000146
rib 0,843970 0,000077
rice 1,469676 0,000133
rich 0,116534 0,000032
richard 1,021651 0,000093
riches 0,798508 0,000072
richness 1,469676 0,000133
ride 0,261365 0,000024
ridge 0,891598 0,000081
ridicule 0,994252 0,000270
ridiculous 0,478036 0,000043
righteous 1,203973 0,000109
righteousness 1,427116 0,000129
rightful 1,560648 0,000141
rightly 0,430783 0,000039
rigid 0,820981 0,000074
rigor 2,995732 0,000272
rigorous 1,560648 0,000141
rigorously 1,966113 0,000178
ringleader 2,525729 0,000229
riot 1,171183 0,000106
rioter 3,506558 0,000318
riotous 1,897120 0,000172
ripe 0,820981 0,000074
rise 0,030459 0,000014
rite 0,994252 0,000180
ritual 1,966113 0,000178
rival 0,494296 0,000134
river 0,174353 0,000016
rivers 0,713350 0,000065
rivulet 1,660731 0,000301
road 0,116534 0,000021
roasted 1,272966 0,000115
robber 0,653926 0,000119
robbery 1,021651 0,000185
robe 0,673345 0,000122
robinson 1,660731 0,000151
robust 0,967584 0,000088
rock 0,186330 0,000034
rocky 1,049822 0,000095
rod 0,616186 0,000056
roebuck 3,218876 0,000292
roll 0,150823 0,000027
rom 2,995732 0,000272
romain 3,506558 0,000318
romaines 3,912023 0,000355
roman 0,713350 0,000129
romana 3,912023 0,000355
romance 0,673345 0,000061
romancer 2,659260 0,000482
romano 3,912023 0,000355
rome 0,713350 0,000065
romulus 2,659260 0,000241
roof 0,186330 0,000017
root 0,235722 0,000043
rope 0,430783 0,000078
rose 0,941609 0,000085
rostra 3,506558 0,000318
rotterdam 2,659260 0,000241
rough 0,186330 0,000017
roving 1,469676 0,000133
royal 0,400478 0,000036
royalty 0,371064 0,000034
rubbish 1,108663 0,000101
rude 0,342490 0,000031
rudely 1,309333 0,000119
rudiment 1,560648 0,000141
rue 1,203973 0,000109
rufus 2,525729 0,000229
ruin 0,116534 0,000032
ruinous 1,386294 0,000126
rule 0,030459 0,000008
ruler 0,891598 0,000162
ruling 1,171183 0,000106
rum 1,309333 0,000119
rumor 1,609438 0,000292
rupture 1,771957 0,000161
rural 1,771957 0,000161
rush 0,127833 0,000035
russia 1,309333 0,000119
russian 1,237874 0,000112
rustic 1,078810 0,000196
sabbath 1,469676 0,000133
sabellian 3,912023 0,000355
sabellianism 3,912023 0,000355
sabinian 3,912023 0,000355
sacerdotal 3,506558 0,000318
sacra 2,995732 0,000272
sacrament 1,660731 0,000301
sacramental 2,995732 0,000272
sacramentum 3,912023 0,000355
sacred 0,415515 0,000038
sacrifice 0,210721 0,000076
sacrilege 1,832581 0,000166
sacrilegious 2,302585 0,000209
sacrilegiously 3,506558 0,000318
sad 0,223144 0,000020
safe 0,116534 0,000021
safeguard 1,609438 0,000146
safely 0,371064 0,000034
safety 0,356675 0,000032
sagacious 1,660731 0,000151
sagacity 1,139434 0,000103
sage 0,820981 0,000149
sagina 3,912023 0,000355
sail 0,415515 0,000113
sailor 0,544727 0,000049
saint 0,673345 0,000061
saints 1,049822 0,000095
sake 0,083382 0,000008
sala 3,506558 0,000318
salary 1,171183 0,000212
sale 0,776529 0,000070
salian 3,506558 0,000318
sally 0,867501 0,000157
salt 0,105361 0,000010
salubrious 2,207275 0,000200
salutary 2,120264 0,000192
salutation 1,237874 0,000112
salute 0,634878 0,000173
salvation 0,798508 0,000072
samara 3,912023 0,000355
samiel 3,912023 0,000355
sancta 2,995732 0,000272
sanctification 2,659260 0,000241
sanctify 1,386294 0,000126
sanction 1,237874 0,000112
sanctity 1,347074 0,000122
sanctuary 1,237874 0,000224
sanctum 2,813411 0,000255
sand 0,494296 0,000045
sandwich 1,660731 0,000151
sandy 1,049822 0,000095
sane 1,309333 0,000119
sanguinary 2,040221 0,000185
sanguine 1,609438 0,000146
sant 3,218876 0,000292
sapor 3,912023 0,000355
sappho 2,813411 0,000255
saracens 2,813411 0,000255
sarcasm 1,714798 0,000155
sarcastic 1,427116 0,000129
sarcina 3,912023 0,000355
sardonic 2,525729 0,000229
sarmatian 3,506558 0,000318
sarpedon 2,995732 0,000272
sarus 3,912023 0,000355
sassan 3,912023 0,000355
sassanian 3,912023 0,000355
satan 1,237874 0,000112
satiate 2,207275 0,000400
satire 1,514128 0,000275
satirical 1,660731 0,000151
satis 3,218876 0,000292
satisfaction 0,186330 0,000017
satisfactory 0,562119 0,000051
satisfy 0,061875 0,000022
satrap 3,506558 0,000636
satura 3,912023 0,000355
saturnal 3,912023 0,000355
saturnalia 3,506558 0,000318
satyr 1,832581 0,000332
savage 0,248461 0,000045
save 0,010050 0,000004
savior 2,525729 0,000229
savor 2,120264 0,000384
saxon 1,514128 0,000275
saxony 2,995732 0,000272
scabbard 1,714798 0,000155
scaffold 1,514128 0,000137
scale 0,274437 0,000075
scaliger 3,506558 0,000318
scaly 2,207275 0,000200
scamander 2,995732 0,000272
scandal 0,843970 0,000153
scandalize 2,525729 0,000229
scandalous 1,237874 0,000112
scandinavian 2,659260 0,000241
scantiness 2,407946 0,000218
scanty 0,941609 0,000085
scapula 3,912023 0,000355
scarce 0,653926 0,000059
scarcely 0,301105 0,000027
scarcity 1,771957 0,000161
scatter 0,693147 0,000063
scattered 0,139262 0,000013
scene 0,127833 0,000023
scenery 1,237874 0,000112
scepsis 3,506558 0,000318
sceptic 1,832581 0,000332
sceptical 1,966113 0,000178
scepticism 1,771957 0,000161
sceptre 2,120264 0,000192
scheme 0,462035 0,000042
schism 2,207275 0,000200
schisma 3,912023 0,000355
schismatic 3,218876 0,000584
schismatical 3,912023 0,000355
scholar 0,579818 0,000105
scholastic 1,966113 0,000178
scholiast 3,912023 0,000355
school 0,150823 0,000027
schoolman 3,218876 0,000292
schoolmaster 1,272966 0,000115
science 0,415515 0,000075
scilicet 3,506558 0,000318
scoop 1,514128 0,000137
scope 1,139434 0,000103
scorched 1,386294 0,000126
scorn 0,446287 0,000081
scotch 1,309333 0,000119
scotland 1,347074 0,000122
scots 2,207275 0,000200
scottish 2,525729 0,000229
scourge 1,049822 0,000381
scrape 0,634878 0,000058
scratcher 3,912023 0,000355
scribe 1,771957 0,000161
scrinia 3,912023 0,000355
script 2,525729 0,000229
scripture 1,386294 0,000126
scriptures 1,609438 0,000146
scroll 1,660731 0,000151
scruple 0,941609 0,000256
scrupulous 1,139434 0,000103
scrupulously 1,660731 0,000151
scrutinize 1,714798 0,000311
sculptor 1,660731 0,000151
sculpture 1,660731 0,000151
scuta 3,912023 0,000355
scythe 1,832581 0,000166
scythian 2,813411 0,000255
sea 0,116534 0,000011
seal 0,371064 0,000034
seaport 2,040221 0,000185
search 0,040822 0,000007
seas 0,916291 0,000083
season 0,235722 0,000043
seasonable 2,040221 0,000185
seasonably 2,995732 0,000272
seat 0,051293 0,000014
sebastian 2,813411 0,000255
secluded 1,237874 0,000112
seclusion 1,237874 0,000112
secre 3,912023 0,000355
secrecy 0,798508 0,000072
secret 0,051293 0,000009
secretary 0,820981 0,000149
secrete 1,897120 0,000344
secretly 0,597837 0,000054
secretum 3,912023 0,000355
sect 1,021651 0,000185
sectary 2,813411 0,000510
secular 1,966113 0,000178
secund 3,912023 0,000355
secundum 2,813411 0,000255
secundus 3,912023 0,000355
secure 0,061875 0,000022
securely 0,916291 0,000083
security 0,478036 0,000043
secus 3,912023 0,000355
sed 2,525729 0,000229
sedentary 2,207275 0,000200
sedition 2,120264 0,000384
seditious 2,120264 0,000192
seduce 1,171183 0,000212
seduction 1,771957 0,000161
seed 0,510826 0,000093
seek 0,083382 0,000023
seine 2,207275 0,000200
seize 0,116534 0,000032
seizure 1,714798 0,000155
seldom 0,301105 0,000027
select 0,301105 0,000109
seleucia 2,995732 0,000272
selfish 0,798508 0,000072
sell 0,210721 0,000057
sella 3,912023 0,000355
semblance 1,049822 0,000095
semi 3,912023 0,000355
semicircular 2,407946 0,000218
semiramis 2,525729 0,000229
semper 2,525729 0,000229
senate 1,660731 0,000301
senator 2,120264 0,000192
senatorial 3,506558 0,000318
senators 2,207275 0,000200
send 0,020203 0,000004
seneca 2,120264 0,000192
seniority 2,525729 0,000229
sensation 0,371064 0,000067
sense 0,051293 0,000005
senseless 0,867501 0,000079
sensibility 1,237874 0,000112
sensual 1,203973 0,000109
sentence 0,094311 0,000017
sententia 3,912023 0,000355
sententious 2,407946 0,000218
sentiment 0,356675 0,000065
separate 0,094311 0,000034
separately 1,108663 0,000101
separation 0,755023 0,000068
september 0,673345 0,000061
sepulchre 1,771957 0,000161
sequester 2,040221 0,000185
sequitur 3,912023 0,000355
seraglio 2,659260 0,000241
serapis 3,506558 0,000318
serendib 3,912023 0,000355
sergius 3,506558 0,000318
seric 3,912023 0,000355
series 0,494296 0,000045
sermo 3,912023 0,000355
sermon 0,891598 0,000162
serpent 0,693147 0,000126
serpentine 2,302585 0,000209
serra 3,912023 0,000355
servant 0,105361 0,000019
serve 0,051293 0,000019
service 0,072571 0,000013
serviceable 1,237874 0,000112
servile 1,309333 0,000119
servilely 2,813411 0,000255
servility 2,120264 0,000192
servitium 3,912023 0,000355
servitude 1,272966 0,000115
servius 2,813411 0,000255
servo 3,912023 0,000355
session 1,560648 0,000141
sestertia 3,506558 0,000318
set 0,010050 0,000003
settle 0,083382 0,000015
settlement 0,994252 0,000180
settler 2,120264 0,000192
seventeen 0,693147 0,000063
seventeenth 1,427116 0,000129
seventh 0,562119 0,000051
sever 0,941609 0,000085
severe 0,301105 0,000055
severely 0,634878 0,000058
severity 0,798508 0,000145
sew 0,994252 0,000180
sewer 2,302585 0,000209
sex 0,462035 0,000084
sextus 2,525729 0,000229
shade 0,223144 0,000020
shades 0,916291 0,000083
shadow 0,162519 0,000015
shady 0,967584 0,000088
shaft 0,713350 0,000065
shaggy 1,049822 0,000095
shah 2,813411 0,000255
shake 0,072571 0,000013
shallow 0,755023 0,000068
shalt 1,171183 0,000106
shame 0,223144 0,000020
shameful 0,916291 0,000083
shamefully 1,660731 0,000151
shamelessness 2,995732 0,000272
shape 0,150823 0,000014
shaped 0,527633 0,000048
share 0,030459 0,000008
sharp 0,139262 0,000013
sharpened 1,049822 0,000095
sharpness 1,660731 0,000151
shatter 1,771957 0,000161
shave 0,916291 0,000083
shaving 1,660731 0,000151
shaw 2,813411 0,000255
sheath 1,347074 0,000122
sheathe 2,525729 0,000229
sheep 0,371064 0,000034
shelter 0,301105 0,000027
sheltered 0,820981 0,000074
shepherd 0,843970 0,000153
shield 0,634878 0,000173
shifting 0,891598 0,000081
shilling 0,967584 0,000088
shine 0,150823 0,000041
ship 0,198451 0,000018
shipboard 2,302585 0,000209
shipwreck 1,237874 0,000224
shiraz 3,506558 0,000318
shoal 1,386294 0,000126
shock 0,235722 0,000021
shoe 0,314711 0,000029
shoot 0,385662 0,000035
shop 0,494296 0,000045
shops 0,843970 0,000077
shore 0,287682 0,000052
short 0,020203 0,000004
shorten 0,916291 0,000083
shortness 1,660731 0,000151
shot 0,223144 0,000020
shoulder 0,139262 0,000013
shout 0,186330 0,000034
shower 0,544727 0,000049
shrine 1,203973 0,000109
shrink 0,462035 0,000042
shrub 1,237874 0,000112
shun 0,994252 0,000090
shut 0,051293 0,000009
sibyl 2,407946 0,000218
sibylline 3,506558 0,000318
sic 2,120264 0,000192
sicily 1,714798 0,000155
sick 0,150823 0,000014
sickly 0,891598 0,000081
sickness 0,478036 0,000043
sidney 2,525729 0,000229
siege 0,941609 0,000171
sigh 0,235722 0,000021
sight 0,040822 0,000004
sign 0,051293 0,000014
signa 3,218876 0,000292
signal 0,462035 0,000042
signalize 2,813411 0,000765
signature 1,386294 0,000126
signification 1,660731 0,000151
signify 0,634878 0,000230
silence 0,051293 0,000014
silent 0,051293 0,000005
silentio 3,912023 0,000355
silently 0,544727 0,000049
silenus 2,525729 0,000229
silk 0,478036 0,000043
silken 1,309333 0,000119
silvanus 3,506558 0,000318
silvas 3,912023 0,000355
silver 0,210721 0,000019
simile 1,386294 0,000126
similiter 3,506558 0,000318
simon 1,771957 0,000161
simony 3,218876 0,000292
simple 0,094311 0,000009
simplicity 0,527633 0,000048
simply 0,150823 0,000014
simulacra 3,218876 0,000292
simulacrum 3,912023 0,000355
sin 0,314711 0,000057
sincerely 0,867501 0,000079
sincerity 0,653926 0,000059
sine 2,407946 0,000218
sing 0,261365 0,000024
singer 1,049822 0,000095
singing 0,371064 0,000034
single 0,083382 0,000015
singly 1,139434 0,000103
singular 0,430783 0,000039
singularly 0,843970 0,000077
sinistra 3,912023 0,000355
sink 0,072571 0,000033
sinner 0,867501 0,000157
sinus 3,912023 0,000355
sion 2,302585 0,000209
sir 0,150823 0,000014
sister 0,223144 0,000040
sit 0,010050 0,000002
siti 3,912023 0,000355
situate 2,659260 0,000241
situated 0,733969 0,000067
situation 0,198451 0,000036
sixteen 0,653926 0,000059
sixteenth 1,171183 0,000106
sixth 0,446287 0,000040
sixtus 2,995732 0,000272
size 0,223144 0,000020
sketch 0,653926 0,000119
skilful 0,967584 0,000088
skilfully 1,660731 0,000151
skill 0,287682 0,000026
skilled 1,272966 0,000115
skin 0,174353 0,000032
skirmish 1,469676 0,000266
sky 0,186330 0,000017
slaughter 0,820981 0,000149
slave 0,356675 0,000065
slavery 0,798508 0,000072
slay 0,733969 0,000067
sleep 0,051293 0,000014
slice 1,108663 0,000101
slide 0,713350 0,000065
slight 0,072571 0,000020
slip 0,150823 0,000014
slipper 0,916291 0,000083
slippery 1,139434 0,000103
slow 0,139262 0,000025
slowly 0,150823 0,000014
slumber 0,510826 0,000139
smallness 1,660731 0,000151
smear 1,171183 0,000106
smell 0,261365 0,000024
smile 0,150823 0,000041
smith 0,820981 0,000074
smoke 0,186330 0,000051
smooth 0,235722 0,000021
smyrna 2,407946 0,000218
snare 1,171183 0,000212
snatch 0,462035 0,000042
snow 0,478036 0,000087
sober 0,562119 0,000051
sobriety 1,771957 0,000161
social 0,371064 0,000034
societe 3,912023 0,000355
society 0,210721 0,000038
socinian 3,506558 0,000318
socrates 1,609438 0,000146
soft 0,210721 0,000038
soften 0,494296 0,000134
softness 0,891598 0,000081
soil 0,478036 0,000043
sola 3,506558 0,000318
solar 1,660731 0,000151
soldier 0,415515 0,000075
sole 0,301105 0,000027
solely 0,733969 0,000067
solemn 0,301105 0,000027
solemnly 0,579818 0,000053
soli 3,506558 0,000318
solicit 0,314711 0,000086
solicitation 0,430783 0,000039
solicitude 1,347074 0,000122
solid 0,274437 0,000025
solido 3,912023 0,000355
solitaries 3,506558 0,000318
solitary 0,462035 0,000042
solitude 0,510826 0,000093
solo 2,207275 0,000200
solomon 1,203973 0,000109
solstice 2,659260 0,000241
solum 3,912023 0,000355
solus 2,659260 0,000241
solution 0,755023 0,000137
son 0,083382 0,000015
song 0,261365 0,000024
sonorous 1,514128 0,000137
soothe 0,798508 0,000072
soothing 0,798508 0,000072
sophia 2,407946 0,000218
sophist 2,302585 0,000417
sophistry 2,525729 0,000229
sorbonne 3,506558 0,000318
sorcerer 1,897120 0,000172
sorcery 2,525729 0,000229
sordes 3,912023 0,000355
sordid 1,139434 0,000103
sorrow 0,248461 0,000023
sort 0,072571 0,000013
soul 0,083382 0,000015
sound 0,010050 0,000004
sour 0,891598 0,000081
source 0,274437 0,000050
south 0,235722 0,000021
southern 0,579818 0,000053
souverain 3,912023 0,000355
sovereign 0,733969 0,000133
sovereignty 1,771957 0,000161
sow 0,579818 0,000053
space 0,105361 0,000010
spacious 0,916291 0,000083
spade 1,139434 0,000103
spado 3,912023 0,000355
spain 0,994252 0,000090
spaniard 1,832581 0,000166
spaniards 1,514128 0,000137
spanish 0,733969 0,000067
spare 0,116534 0,000032
sparkle 0,941609 0,000085
sparta 2,120264 0,000192
spartan 1,609438 0,000146
spatium 3,912023 0,000355
speak 0,030459 0,000008
speaking 0,072571 0,000007
spear 0,967584 0,000088
special 0,083382 0,000008
specially 0,820981 0,000074
specie 2,659260 0,000241
species 0,634878 0,000058
specific 0,820981 0,000074
specimen 0,579818 0,000105
specious 1,966113 0,000178
speciously 3,218876 0,000292
spectacle 0,544727 0,000049
spectacles 0,843970 0,000077
spectator 0,544727 0,000099
speculation 0,755023 0,000068
speculative 1,897120 0,000172
speech 0,139262 0,000013
speed 0,274437 0,000025
speedily 0,713350 0,000065
speedly 3,912023 0,000355
speedy 0,867501 0,000079
spell 0,653926 0,000059
spelman 3,912023 0,000355
spencer 1,897120 0,000172
spend 0,051293 0,000005
sphere 0,693147 0,000063
spice 1,108663 0,000101
spill 0,843970 0,000077
spin 0,510826 0,000046
spires 1,714798 0,000155
spirit 0,051293 0,000009
spirited 0,713350 0,000065
spiritual 0,653926 0,000059
spit 0,843970 0,000077
spite 0,139262 0,000013
splendid 0,400478 0,000036
splendidly 1,171183 0,000106
splendor 1,514128 0,000137
spoil 0,274437 0,000050
spontaneous 1,139434 0,000103
sport 0,446287 0,000081
spot 0,150823 0,000027
spotless 1,560648 0,000141
spouse 1,609438 0,000146
spread 0,051293 0,000014
spring 0,051293 0,000009
spumante 3,912023 0,000355
spur 0,693147 0,000063
spurious 2,120264 0,000192
spy 0,579818 0,000105
sqq 2,995732 0,000272
squadron 1,560648 0,000141
square 0,223144 0,000040
ss 3,218876 0,000292
stability 2,302585 0,000209
stable 0,478036 0,000087
stadium 3,506558 0,000636
staff 0,261365 0,000024
stag 1,609438 0,000146
stage 0,186330 0,000034
stain 0,478036 0,000130
stair 0,415515 0,000038
staircase 0,820981 0,000074
stake 0,446287 0,000040
stallion 2,659260 0,000241
stamp 0,261365 0,000024
stanch 2,407946 0,000218
stand -0,009950 -0,000004
standard 0,544727 0,000099
star 0,261365 0,000024
starry 1,272966 0,000115
start -0,009950 -0,000002
startled 0,415515 0,000038
starvation 1,386294 0,000126
starve 0,562119 0,000051
stated 3,506558 0,000318
stately 0,733969 0,000067
statement 0,186330 0,000017
statesman 1,049822 0,000190
station 0,235722 0,000064
stationary 1,427116 0,000129
statistics 1,966113 0,000178
statue 0,634878 0,000115
stature 0,867501 0,000079
statute 1,469676 0,000133
steadiness 1,966113 0,000178
steady 0,301105 0,000027
steal 0,105361 0,000029
steam 0,579818 0,000053
steed 1,427116 0,000129
steel 0,494296 0,000045
steep 0,527633 0,000048
steer 0,994252 0,000090
steering 1,386294 0,000126
stem 0,776529 0,000070
stench 1,660731 0,000151
step 0,030459 0,000008
stephan 3,912023 0,000355
stephen 1,966113 0,000178
sterling 1,560648 0,000141
stern 0,478036 0,000087
sternly 0,820981 0,000074
steward 1,078810 0,000196
stigma 2,407946 0,000218
stigmatize 3,506558 0,000954
stimulate 1,021651 0,000185
sting 0,616186 0,000112
stipend 2,407946 0,000218
stipula 3,912023 0,000355
stipulate 1,609438 0,000146
stirps 3,912023 0,000355
stock 0,235722 0,000021
stoic 1,966113 0,000178
stoics 2,302585 0,000209
stone 0,094311 0,000026
stool 0,653926 0,000059
store 0,061875 0,000017
storm 0,274437 0,000075
story 0,030459 0,000006
strage 3,912023 0,000355
straggle 1,021651 0,000093
straggler 1,714798 0,000311
strain 0,248461 0,000045
strait 1,049822 0,000095
straits 1,427116 0,000129
strange 0,061875 0,000006
strangely 0,579818 0,000053
stranger 0,139262 0,000013
strangers 0,356675 0,000032
strangle 0,843970 0,000153
stratagem 1,469676 0,000266
stream 0,139262 0,000025
streaming 0,798508 0,000072
street 0,116534 0,000021
strength 0,030459 0,000003
strengthen 0,478036 0,000130
strenuous 1,514128 0,000137
strenuously 1,832581 0,000166
stress 0,891598 0,000081
stretch 0,116534 0,000021
strew 0,733969 0,000067
strict 0,186330 0,000034
strictly 0,579818 0,000053
strictness 1,966113 0,000178
strike 0,020203 0,000004
striking 0,274437 0,000025
strikingly 1,714798 0,000155
string 0,371064 0,000034
strip 0,385662 0,000035
stripe 1,171183 0,000106
strive 0,385662 0,000070
stroke 0,301105 0,000055
strom 3,912023 0,000355
strong 0,020203 0,000005
structure 0,634878 0,000115
struggle 0,127833 0,000023
strymon 3,506558 0,000318
stubborn 0,843970 0,000077
stubbornness 2,120264 0,000192
student 0,579818 0,000105
studia 3,912023 0,000355
studio 1,966113 0,000178
studious 1,386294 0,000126
studiously 1,966113 0,000178
study 0,094311 0,000026
stuff 0,223144 0,000020
stumbling 1,108663 0,000101
stupefy 2,995732 0,000272
stupendous 1,514128 0,000137
stupid 0,478036 0,000043
sturdy 1,108663 0,000101
style 0,261365 0,000071
subdivide 2,207275 0,000200
subdue 0,941609 0,000085
subdued 0,494296 0,000045
subito 3,912023 0,000355
subject 0,061875 0,000017
sublime 0,994252 0,000090
submission 0,776529 0,000070
submissive 1,427116 0,000129
submissively 2,120264 0,000192
submit 0,430783 0,000156
subordinate 0,967584 0,000088
subordination 2,525729 0,000229
subscribe 0,342490 0,000124
subscription 1,560648 0,000141
subsequent 0,867501 0,000079
subsequently 1,469676 0,000133
subservient 1,897120 0,000172
subside 0,916291 0,000166
subsidy 2,525729 0,000458
subsist 1,347074 0,000488
subsistence 1,609438 0,000146
substance 0,415515 0,000075
substantial 0,755023 0,000068
substantialization 3,912023 0,000355
substantialize 3,912023 0,000355
substitute 0,713350 0,000259
substitution 1,966113 0,000178
subterfuge 2,207275 0,000200
subterranean 1,714798 0,000155
subterraneous 3,218876 0,000292
subtile 2,659260 0,000241
subtilis 3,506558 0,000318
subtilty 2,407946 0,000218
subtle 0,713350 0,000065
subtlety 1,272966 0,000231
suburb 1,078810 0,000196
suburbicarian 3,912023 0,000355
subversion 2,813411 0,000255
subvert 2,302585 0,000626
succeed 0,105361 0,000038
success 0,162519 0,000015
successful 0,478036 0,000043
succession 0,510826 0,000046
successive 0,891598 0,000081
successively 1,347074 0,000122
successor 0,916291 0,000166
succi 3,912023 0,000355
succor 2,120264 0,000192
sudden 0,072571 0,000007
suddenly 0,040822 0,000004
sue 1,386294 0,000251
suet 3,218876 0,000292
suffer 0,061875 0,000011
sufferer 0,891598 0,000162
suffering 0,210721 0,000038
suffice 0,544727 0,000099
sufficient 0,139262 0,000013
suffocate 1,272966 0,000115
suffragan 3,912023 0,000709
suffrage 2,040221 0,000370
suggestion 0,356675 0,000032
sui 3,218876 0,000292
suicide 1,049822 0,000190
suit 0,198451 0,000018
suitable 0,462035 0,000042
suited 0,597837 0,000054
suitor 1,347074 0,000122
sullen 0,798508 0,000072
sully 1,897120 0,000344
sultan 2,040221 0,000185
sultry 1,897120 0,000172
sum 0,261365 0,000047
sumen 3,912023 0,000355
summary 1,469676 0,000133
summer 0,186330 0,000034
summit 0,713350 0,000065
summon 0,544727 0,000148
summons 0,867501 0,000079
sumpter 3,218876 0,000292
sumptuous 1,560648 0,000141
sumptuousness 2,995732 0,000272
sun 0,072571 0,000007
sunday 0,494296 0,000045
suns 1,560648 0,000141
sunt 2,302585 0,000209
super 2,525729 0,000229
superavit 3,912023 0,000355
superficial 1,108663 0,000101
superfluity 1,832581 0,000166
superfluous 0,867501 0,000079
superindiction 3,912023 0,000355
superintend 1,347074 0,000122
superintendent 1,609438 0,000146
superior 0,261365 0,000047
superiority 0,673345 0,000061
supernatural 1,272966 0,000115
supernumerary 2,813411 0,000255
superscription 2,407946 0,000218
supersede 1,560648 0,000141
superstition 0,798508 0,000145
superstitious 1,108663 0,000101
superstructure 2,407946 0,000218
supine 2,207275 0,000200
supinely 3,506558 0,000318
supper 0,446287 0,000040
supplement 1,469676 0,000133
suppliant 1,714798 0,000311
supplicate 2,302585 0,000209
supplication 1,108663 0,000101
supply 0,210721 0,000057
support 0,094311 0,000034
suppose 0,020203 0,000007
supposition 0,776529 0,000141
suppress 0,446287 0,000121
suppression 1,560648 0,000141
supra 3,218876 0,000292
supremacy 1,714798 0,000155
supreme 0,616186 0,000056
sur 2,040221 0,000185
surely 0,186330 0,000017
surface 0,287682 0,000026
surgeon 0,891598 0,000081
surmount 0,843970 0,000077
surname 1,560648 0,000283
surpass 0,755023 0,000205
surprisal 3,218876 0,000292
surprise 0,150823 0,000027
surprised 0,210721 0,000019
surprising 0,544727 0,000049
surprisingly 1,966113 0,000178
surrender 0,776529 0,000141
surround 0,162519 0,000044
survey 0,462035 0,000084
surveyor 2,207275 0,000200
survive 0,186330 0,000051
susceptible 1,386294 0,000126
suspect 0,162519 0,000029
suspend 0,527633 0,000143
suspense 0,776529 0,000070
suspicion 0,210721 0,000038
suspicious 0,579818 0,000053
suspiciously 1,832581 0,000166
sustain 0,314711 0,000086
sutler 2,659260 0,000241
suum 3,912023 0,000355
swallow 0,261365 0,000071
swamp 0,287682 0,000026
swarm 0,634878 0,000115
swarthy 1,660731 0,000151
sway 0,494296 0,000090
swear 0,261365 0,000071
sweep 0,274437 0,000025
sweet 0,139262 0,000013
sweetness 0,673345 0,000061
swell 0,186330 0,000051
swift 0,385662 0,000035
swiftly 0,713350 0,000065
swiftness 1,309333 0,000119
swim 0,478036 0,000173
swimmer 1,660731 0,000151
swine 1,347074 0,000122
sword 0,430783 0,000078
sycophant 2,659260 0,000241
syllable 0,776529 0,000070
syllogism 2,525729 0,000229
sylva 3,912023 0,000355
sylvan 2,207275 0,000200
sym 3,912023 0,000355
symbol 1,108663 0,000201
symmetry 1,514128 0,000137
sympathy 0,314711 0,000029
symptom 0,693147 0,000126
synagogue 2,995732 0,000543
synchronism 3,912023 0,000355
synchronize 3,912023 0,000355
synod 2,207275 0,000200
synods 3,912023 0,000355
synonymous 0,446287 0,000040
syr 3,912023 0,000355
syria 2,120264 0,000192
syriac 3,912023 0,000355
syrian 2,207275 0,000400
ta 2,302585 0,000209
tab 3,912023 0,000355
table 0,083382 0,000015
tableaux 2,995732 0,000272
tablets 2,040221 0,000185
tacit 1,560648 0,000141
tacitly 2,302585 0,000209
tail 0,356675 0,000032
taint 1,139434 0,000103
tale 0,248461 0,000045
talent 0,385662 0,000070
talk 0,061875 0,000006
tall 0,198451 0,000018
talmud 3,506558 0,000318
tam 2,525729 0,000229
tame 0,820981 0,000149
tamely 2,207275 0,000200
tanquam 3,506558 0,000318
tantalus 2,813411 0,000255
tantum 3,506558 0,000318
taper 1,386294 0,000126
tardy 1,660731 0,000151
tarnish 1,771957 0,000161
tarsus 2,995732 0,000272
tartarean 2,813411 0,000255
task 0,248461 0,000023
taste 0,105361 0,000019
tattered 1,309333 0,000119
tauric 3,506558 0,000318
taurobolia 3,912023 0,000355
taurobolium 3,912023 0,000355
taurus 2,525729 0,000229
tavern 1,021651 0,000093
tax 0,248461 0,000045
taxation 1,966113 0,000178
taylor 1,832581 0,000166
te 1,609438 0,000146
teach 0,083382 0,000023
teacher 0,415515 0,000075
tear 0,030459 0,000014
technical 1,660731 0,000151
tedious 0,755023 0,000068
tem 3,912023 0,000355
temper 0,261365 0,000024
temperance 1,560648 0,000141
temperate 1,078810 0,000098
temperately 2,659260 0,000241
temperature 1,469676 0,000133
tempered 0,653926 0,000059
tempest 0,776529 0,000070
tempestuous 1,832581 0,000166
temple 0,314711 0,000057
templum 3,912023 0,000355
temporal 1,714798 0,000155
temporary 0,713350 0,000065
tempore 3,218876 0,000292
tempt 0,415515 0,000075
temptation 0,430783 0,000078
tend 0,430783 0,000078
tendency 0,527633 0,000096
tender 0,301105 0,000027
tenderness 0,616186 0,000056
tenet 2,040221 0,000185
tenor 1,078810 0,000098
tent 0,713350 0,000129
tenth 0,733969 0,000067
tenure 2,120264 0,000384
term 0,061875 0,000017
terminalia 3,912023 0,000355
terminate 1,108663 0,000402
terminus 2,407946 0,000218
terra 2,207275 0,000200
terrestrial 1,427116 0,000129
terrible 0,186330 0,000017
terrify 0,579818 0,000053
territ 3,912023 0,000355
territorial 2,659260 0,000241
territory 1,203973 0,000218
terror 0,162519 0,000029
testament 1,049822 0,000190
testamentary 3,218876 0,000292
testify 0,820981 0,000149
testimony 0,562119 0,000102
testis 3,506558 0,000318
testor 3,912023 0,000355
teutonic 2,525729 0,000229
textus 3,912023 0,000355
thaumaturgus 3,912023 0,000355
theatre 0,820981 0,000149
theatrical 1,427116 0,000129
thebais 3,506558 0,000318
theban 2,207275 0,000200
theft 1,237874 0,000224
theism 3,218876 0,000292
theodore 2,302585 0,000209
theodoric 3,912023 0,000355
theodosian 3,912023 0,000355
theodosianus 3,912023 0,000355
theol 3,912023 0,000355
theolog 3,912023 0,000355
theologian 1,714798 0,000311
theological 1,714798 0,000155
theology 1,427116 0,000129
theophilus 2,995732 0,000272
theory 0,400478 0,000073
theurgic 3,912023 0,000355
theurgy 3,912023 0,000355
thinking 0,274437 0,000025
thirst 0,494296 0,000045
thirteen 0,579818 0,000053
thirteenth 1,203973 0,000109
thirtieth 1,714798 0,000155
thomas 0,891598 0,000081
thorn 0,967584 0,000088
thracian 2,659260 0,000241
threat 0,634878 0,000115
threaten 0,186330 0,000068
threefold 2,120264 0,000192
threescore 2,120264 0,000192
threshold 0,562119 0,000051
thrice 0,755023 0,000068
throat 0,223144 0,000040
throne 0,733969 0,000133
throng 0,891598 0,000081
throw 0,010050 0,000004
thrust 0,287682 0,000052
thule 3,218876 0,000292
thunder 0,430783 0,000117
thundering 1,237874 0,000112
tiara 2,302585 0,000209
tiber 2,407946 0,000218
tiberius 2,302585 0,000209
tide 0,616186 0,000112
tiding 1,139434 0,000103
tie 0,105361 0,000038
tiger 1,078810 0,000098
tigre 3,912023 0,000355
tigris 2,120264 0,000192
tile 1,203973 0,000109
tillage 1,966113 0,000178
timber 0,798508 0,000145
time -0,009950 -0,000003
timely 1,514128 0,000137
timid 0,544727 0,000049
timidity 1,469676 0,000133
timorous 2,120264 0,000192
tincture 2,302585 0,000209
tinge 0,994252 0,000090
tingi 3,912023 0,000355
tinker 1,771957 0,000161
tired 0,198451 0,000018
tit 1,897120 0,000172
tithe 1,832581 0,000166
title 0,116534 0,000032
titular 2,995732 0,000272
titus 2,040221 0,000185
toga 2,525729 0,000229
toil 0,430783 0,000078
toilsome 2,207275 0,000200
token 0,693147 0,000063
tolerable 0,994252 0,000090
tolerant 2,040221 0,000185
tolerate 1,078810 0,000293
toleration 1,966113 0,000178
tom 1,049822 0,000095
tomb 0,755023 0,000137
tome 2,659260 0,000241
ton 1,021651 0,000093
tone 0,198451 0,000018
tongue 0,139262 0,000025
tool 0,478036 0,000043
topic 0,733969 0,000133
topographical 3,218876 0,000292
torch 0,713350 0,000065
torment 0,597837 0,000217
tormenta 3,912023 0,000355
torrent 0,713350 0,000065
torrid 2,207275 0,000200
tortoise 1,514128 0,000137
torture 0,371064 0,000101
tot 2,995732 0,000272
total 0,579818 0,000053
totally 0,916291 0,000083
toto 3,506558 0,000318
touch 0,010050 0,000003
tour 0,916291 0,000166
tout 1,771957 0,000161
tow 1,560648 0,000141
tower 0,314711 0,000086
town 0,094311 0,000017
trace 0,198451 0,000072
tract 1,049822 0,000190
tractus 3,912023 0,000355
trade 0,287682 0,000078
trader 1,272966 0,000115
trading 1,237874 0,000112
tradition 0,755023 0,000137
traditional 1,514128 0,000137
tragedy 0,733969 0,000067
tragic 0,820981 0,000074
tragical 2,407946 0,000218
tragically 2,302585 0,000209
train 0,162519 0,000044
training 0,776529 0,000070
traitor 1,078810 0,000196
trample 0,597837 0,000108
tranquil 0,994252 0,000090
tranquility 2,120264 0,000192
tranquillity 1,049822 0,000095
transact 1,469676 0,000133
transaction 0,967584 0,000175
transcribe 0,462035 0,000168
transcriber 1,714798 0,000155
transcript 2,302585 0,000209
transfer 0,693147 0,000126
transfix 1,386294 0,000126
transform 0,693147 0,000063
transformation 1,272966 0,000115
transfuse 3,218876 0,000292
transient 1,469676 0,000133
transire 3,912023 0,000355
transition 1,272966 0,000115
transitory 1,897120 0,000172
translate 0,634878 0,000173
translation 0,891598 0,000162
translator 1,347074 0,000122
translators 2,995732 0,000272
transmit 1,049822 0,000190
transpierce 3,506558 0,000318
transpire 1,609438 0,000146
transplant 1,966113 0,000178
transport 0,653926 0,000237
transversal 3,912023 0,000355
trappings 1,832581 0,000166
travel 0,198451 0,000018
traveller 0,755023 0,000137
travelling 0,693147 0,000063
traverse 0,867501 0,000157
treacherous 0,891598 0,000081
treachery 0,755023 0,000068
tread 0,328504 0,000060
treason 1,514128 0,000137
treasonable 2,525729 0,000229
treasure 0,261365 0,000047
treasurer 1,966113 0,000356
treasury 1,237874 0,000224
treat 0,127833 0,000046
treatise 1,272966 0,000231
treatment 0,127833 0,000012
treaty 1,386294 0,000251
treble 1,469676 0,000133
tree 0,061875 0,000011
tremble 0,174353 0,000047
tremendous 0,693147 0,000063
tremulous 1,347074 0,000122
trench 1,347074 0,000122
trent 2,659260 0,000241
tres 3,218876 0,000292
trespass 1,609438 0,000146
tri 3,218876 0,000292
triad 3,506558 0,000318
trial 0,261365 0,000047
triangle 1,427116 0,000129
tribe 0,693147 0,000126
tribunal 1,427116 0,000259
tribune 2,040221 0,000185
tribunes 2,995732 0,000272
tributary 1,966113 0,000178
tribute 1,021651 0,000278
trick 0,274437 0,000025
trident 2,407946 0,000218
triennial 3,506558 0,000318
trifling 0,653926 0,000059
trinitarian 3,912023 0,000355
trinity 1,660731 0,000301
triple 1,714798 0,000155
tripod 2,302585 0,000209
tripoli 3,218876 0,000292
triumph 0,261365 0,000071
triumphal 2,040221 0,000185
triumphant 0,798508 0,000072
triumphantly 0,941609 0,000085
triumvir 3,912023 0,000355
trivial 0,776529 0,000070
trois 2,995732 0,000272
trojan 1,832581 0,000332
trone 3,912023 0,000355
troop 0,843970 0,000077
troops 0,941609 0,000085
trophy 1,272966 0,000231
tropics 1,897120 0,000172
trouble 0,010050 0,000002
troy 1,609438 0,000146
truce 1,203973 0,000109
true 0,020203 0,000002
trumpet 0,843970 0,000153
trunk 0,579818 0,000105
trust 0,061875 0,000017
trusty 1,514128 0,000137
truth 0,030459 0,000006
tu 1,609438 0,000146
tubing 3,218876 0,000292
tui 3,506558 0,000318
tuis 3,506558 0,000318
tuition 1,771957 0,000161
tum 3,506558 0,000318
tumult 0,798508 0,000145
tumultuary 3,506558 0,000318
tumultuous 1,171183 0,000106
tune 0,616186 0,000056
turbulent 1,560648 0,000141
turgid 3,506558 0,000318
turkey 1,049822 0,000095
turkish 1,427116 0,000129
turks 1,514128 0,000137
turret 1,714798 0,000155
tuscan 2,120264 0,000192
tuscany 2,302585 0,000209
tutelar 3,506558 0,000318
tutus 3,506558 0,000318
twelfth 1,237874 0,000112
twelvemonth 2,040221 0,000185
twentieth 1,108663 0,000101
twinkle 1,049822 0,000095
twist 0,314711 0,000029
type 0,174353 0,000016
tyranni 3,506558 0,000318
tyrannical 1,514128 0,000137
tyrannicide 3,506558 0,000318
tyranny 1,108663 0,000101
tyrant 0,843970 0,000153
tyre 2,207275 0,000200
tyrian 2,659260 0,000241
ubi 2,659260 0,000241
ubique 3,218876 0,000292
ugly 0,385662 0,000035
ulster 2,659260 0,000241
ult 3,912023 0,000355
ultimately 1,108663 0,000101
ultimo 3,506558 0,000318
ultimum 3,912023 0,000355
ulysses 1,832581 0,000166
unable 0,248461 0,000023
unaccountably 1,966113 0,000178
unacquaint 1,427116 0,000129
unalienable 3,506558 0,000318
unalterable 1,309333 0,000119
unambitious 3,218876 0,000292
unanimous 1,771957 0,000161
unanimously 1,660731 0,000151
unanswerable 1,771957 0,000161
unarmed 1,514128 0,000137
unassisted 2,407946 0,000218
unavailing 1,469676 0,000133
unbeliever 1,832581 0,000166
unbelieving 1,771957 0,000161
unbiased 2,525729 0,000229
unblemished 2,995732 0,000272
unblushing 3,218876 0,000292
unbounded 1,309333 0,000119
unbroken 0,733969 0,000067
uncandid 3,506558 0,000318
uncertain 0,301105 0,000027
uncertainty 0,776529 0,000070
uncharitable 2,659260 0,000241
uncle 0,544727 0,000099
unclean 1,386294 0,000126
uncombed 3,218876 0,000292
uncommon 0,798508 0,000072
uncomplying 3,912023 0,000355
unconditional 2,207275 0,000200
unconnected 1,897120 0,000172
unconquerable 1,560648 0,000141
unconscious 0,400478 0,000036
uncorrupted 2,659260 0,000241
unction 2,207275 0,000200
uncultivated 2,207275 0,000200
undaunted 1,771957 0,000161
unde 3,912023 0,000355
undeniable 1,897120 0,000172
undergo 0,510826 0,000093
undermine 1,660731 0,000452
understand 0,020203 0,000005
understanding 0,223144 0,000040
undertake 0,385662 0,000140
undertaking 0,693147 0,000063
undeserved 2,120264 0,000192
undeserving 2,302585 0,000209
undetermined 2,525729 0,000229
undigested 2,995732 0,000272
undiminished 2,207275 0,000200
undisciplined 2,207275 0,000200
undiscovered 1,714798 0,000155
undisputed 2,207275 0,000200
undissembled 3,912023 0,000355
undistinguishing 2,995732 0,000272
undisturbed 1,049822 0,000095
undivided 1,832581 0,000166
undoubtedly 0,634878 0,000058
undress 1,560648 0,000141
uneasiness 0,994252 0,000090
unencumbered 3,506558 0,000318
unenlightened 2,995732 0,000272
unequal 0,843970 0,000077
unerring 1,966113 0,000178
unexceptionable 2,995732 0,000272
unexhausted 2,659260 0,000241
unexpected 0,430783 0,000039
unexpectedly 0,916291 0,000083
unexperienced 3,506558 0,000318
unfair 1,049822 0,000095
unfashionable 2,659260 0,000241
unfavorable 1,966113 0,000178
unfeeling 1,609438 0,000146
unfinished 1,049822 0,000095
unfit 1,108663 0,000101
unfold 0,755023 0,000068
unforeseen 1,514128 0,000137
unforgiving 2,995732 0,000272
unfortunate 0,314711 0,000029
unfriendly 1,660731 0,000151
ungenerous 1,832581 0,000166
ungovernable 2,040221 0,000185
ungoverned 2,813411 0,000255
ungrateful 0,798508 0,000072
unguarded 1,560648 0,000141
unhallowed 2,525729 0,000229
unhappy 0,400478 0,000036
unhurt 2,120264 0,000192
uni 3,506558 0,000318
uniform 0,210721 0,000019
uniformity 1,771957 0,000161
uniformly 1,832581 0,000166
unimpaired 2,207275 0,000200
uninformed 2,659260 0,000241
uninhabitable 3,218876 0,000292
unintelligible 1,237874 0,000112
uninteresting 1,347074 0,000122
uninterrupted 1,309333 0,000119
union 0,494296 0,000045
unitarian 2,995732 0,000272
unite 0,867501 0,000157
united 0,094311 0,000009
unity 1,049822 0,000095
unius 3,912023 0,000355
universal 0,478036 0,000043
universally 0,967584 0,000088
universe 0,733969 0,000067
university 0,967584 0,000088
unjust 0,693147 0,000063
unjustifiable 2,525729 0,000229
unjustly 1,108663 0,000101
unknowingly 2,407946 0,000218
unknown 0,105361 0,000010
unladen 3,912023 0,000355
unlawful 1,469676 0,000133
unlettered 2,813411 0,000255
unlimited 1,078810 0,000098
unmanly 2,207275 0,000200
unmarried 1,347074 0,000122
unmeaning 2,525729 0,000229
unmerited 2,659260 0,000241
unmindful 1,966113 0,000178
unmoved 0,916291 0,000083
unnatural 0,713350 0,000065
unnecessary 0,653926 0,000059
unpaid 2,120264 0,000192
unpardonable 1,771957 0,000161
unphilosophical 2,813411 0,000255
unpopular 2,302585 0,000209
unpractised 2,407946 0,000218
unpremeditated 2,525729 0,000229
unprepared 1,514128 0,000137
unprofitable 1,660731 0,000151
unpromising 2,525729 0,000229
unqualified 2,120264 0,000192
unquestionable 1,714798 0,000155
unrelenting 2,525729 0,000229
unremitting 2,659260 0,000241
unreserved 2,407946 0,000218
unresisting 2,302585 0,000209
unripened 3,912023 0,000355
unrivalled 2,207275 0,000200
unsatisfactory 1,609438 0,000146
unsatisfied 1,560648 0,000141
unseasonable 1,897120 0,000172
unseen 0,616186 0,000056
unsettled 1,309333 0,000119
unshaken 1,609438 0,000146
unsheathed 2,659260 0,000241
unskilfulness 3,218876 0,000292
unskilled 2,207275 0,000200
unskillful 3,218876 0,000292
unskillfully 3,912023 0,000355
unsocial 2,407946 0,000218
unstained 2,659260 0,000241
unsuccessful 0,994252 0,000090
unsullied 2,302585 0,000209
unsupported 2,040221 0,000185
unsuspected 1,609438 0,000146
unsuspecting 2,407946 0,000218
unsuspicious 2,120264 0,000192
untiled 3,912023 0,000355
untimely 1,347074 0,000122
untrod 3,218876 0,000292
untutored 2,995732 0,000272
unum 2,813411 0,000255
unusual 0,415515 0,000038
unwarily 2,659260 0,000241
unwarlike 2,659260 0,000241
unwholesome 1,771957 0,000161
unwilling 0,653926 0,000059
unworthily 2,525729 0,000229
unworthy 0,673345 0,000061
upbraid 1,386294 0,000126
update 0,510826 0,000046
uplift 1,514128 0,000137
upper 0,314711 0,000029
upright 0,301105 0,000027
upstart 2,040221 0,000185
ur 2,813411 0,000255
urbana 3,912023 0,000355
urge 0,274437 0,000100
urgent 0,798508 0,000072
urn 1,714798 0,000155
usage 0,733969 0,000133
useless 0,235722 0,000021
usher 0,867501 0,000157
usque 3,506558 0,000318
usu 3,912023 0,000355
usual 0,139262 0,000013
usucaption 3,912023 0,000355
usurer 2,302585 0,000209
usurp 1,469676 0,000400
usurpation 2,207275 0,000200
usurper 1,771957 0,000321
usury 2,207275 0,000200
ut 0,510826 0,000046
utensil 1,347074 0,000122
utero 3,912023 0,000355
uti 2,995732 0,000272
utility 1,427116 0,000129
utinam 3,912023 0,000355
utmost 0,356675 0,000032
utter 0,162519 0,000029
utterly 0,371064 0,000034
vacancy 1,139434 0,000207
vacant 0,693147 0,000063
vacillate 2,120264 0,000192
vagabond 1,203973 0,000109
vagitus 3,912023 0,000355
vagrant 1,714798 0,000311
vague 0,579818 0,000053
vain 0,116534 0,000021
vainly 0,634878 0,000058
vale 1,347074 0,000122
valens 3,912023 0,000355
valent 3,912023 0,000355
valentinian 3,218876 0,000292
valeria 3,506558 0,000318
valerian 3,912023 0,000355
vales 2,407946 0,000218
valet 1,560648 0,000141
valiant 1,309333 0,000119
validity 2,813411 0,000255
valley 0,544727 0,000099
valois 2,813411 0,000255
valor 1,771957 0,000161
valuable 0,342490 0,000031
valuation 2,525729 0,000458
van 1,021651 0,000093
vandal 3,218876 0,000292
vandalic 3,912023 0,000355
vandals 3,506558 0,000318
vanish 0,314711 0,000029
vanity 0,400478 0,000036
vanquish 0,916291 0,000249
vapor 1,966113 0,000178
varia 3,912023 0,000355
variation 0,994252 0,000090
variegate 1,897120 0,000172
variety 0,150823 0,000027
variously 1,427116 0,000129
varronian 3,912023 0,000355
vary 0,342490 0,000062
vassal 1,897120 0,000172
vassalage 2,813411 0,000255
vast 0,223144 0,000020
vatican 2,659260 0,000241
vegetable 0,693147 0,000063
vegetation 1,560648 0,000141
vehemence 1,108663 0,000101
vehement 1,427116 0,000129
vehemently 1,386294 0,000126
veil 0,510826 0,000046
vein 0,446287 0,000040
vel 2,813411 0,000255
venal 2,659260 0,000241
venality 3,506558 0,000318
venditor 3,912023 0,000355
venerable 0,843970 0,000077
veneration 1,469676 0,000133
venetian 1,469676 0,000133
vengeance 0,579818 0,000053
venial 2,659260 0,000241
venice 1,427116 0,000129
venom 1,714798 0,000155
venomous 1,966113 0,000178
venture 0,223144 0,000081
venus 1,237874 0,000112
ver 2,995732 0,000272
veracity 2,120264 0,000192
verbal 1,203973 0,000109
verbum 2,995732 0,000272
verdure 1,469676 0,000133
verge 0,867501 0,000079
veri 3,218876 0,000292
verifier 3,912023 0,000355
verify 1,171183 0,000106
verisimilitude 2,995732 0,000272
veritable 1,560648 0,000141
verity 2,302585 0,000209
verona 2,659260 0,000241
vers 2,525729 0,000229
verse 0,478036 0,000130
version 0,342490 0,000062
verus 3,506558 0,000318
vessel 0,446287 0,000081
vest 1,108663 0,000201
vesta 2,995732 0,000272
vestal 2,407946 0,000218
vestige 1,272966 0,000231
vestment 1,771957 0,000161
vesuvius 2,813411 0,000255
vet 3,218876 0,000292
veteran 1,609438 0,000292
vetus 3,506558 0,000318
vexation 0,820981 0,000074
vexatious 1,771957 0,000161
vexilla 3,218876 0,000292
vial 2,120264 0,000192
vibrate 1,021651 0,000093
vicar 1,771957 0,000321
vice 0,478036 0,000087
vicegerent 2,995732 0,000543
vicinity 1,078810 0,000098
vicissitude 1,560648 0,000141
victim 0,385662 0,000070
victor 0,967584 0,000175
victorious 1,108663 0,000101
victoriously 2,659260 0,000241
victory 0,356675 0,000065
victus 3,912023 0,000355
videtur 3,912023 0,000355
vie 1,514128 0,000275
vienna 2,040221 0,000185
view 0,040822 0,000015
vigil 1,609438 0,000292
vigilance 1,309333 0,000119
vigilant 1,560648 0,000141
vigor 1,347074 0,000122
vigorous 0,544727 0,000049
vigorously 1,021651 0,000093
vii 0,430783 0,000039
viii 0,446287 0,000040
vile 0,634878 0,000115
villa 1,347074 0,000122
village 0,356675 0,000032
villages 0,820981 0,000074
vim 3,218876 0,000292
vincent 2,040221 0,000185
vindex 3,912023 0,000355
vindicate 1,427116 0,000388
vindication 2,407946 0,000218
vine 0,867501 0,000157
vinegar 1,078810 0,000098
vineyard 1,237874 0,000112
vino 3,912023 0,000355
violate 0,342490 0,000093
violation 1,560648 0,000141
violence 0,248461 0,000045
violent 0,223144 0,000020
viper 1,832581 0,000166
vire 3,912023 0,000355
virgil 1,609438 0,000146
virgin 0,755023 0,000137
virginity 2,120264 0,000192
virtue 0,287682 0,000052
virtuous 0,653926 0,000059
vis 2,120264 0,000192
visible 0,235722 0,000021
vision 0,301105 0,000055
visionary 1,427116 0,000129
visit 0,030459 0,000008
visitation 1,514128 0,000137
visitor 0,446287 0,000040
vita 2,407946 0,000218
vital 0,693147 0,000063
vitals 1,966113 0,000178
vizier 2,995732 0,000272
viziers 3,506558 0,000318
vobis 3,506558 0,000318
vocation 1,272966 0,000115
voce 2,659260 0,000482
voice 0,020203 0,000004
void 0,261365 0,000024
volga 3,218876 0,000292
voltaire 1,897120 0,000172
volume 0,356675 0,000065
voluminous 2,207275 0,000200
voluntarily 0,891598 0,000081
voluntary 0,843970 0,000077
volunteers 0,430783 0,000039
vomit 2,040221 0,000185
von 1,771957 0,000161
voracious 2,040221 0,000185
votary 2,040221 0,000370
vote 0,843970 0,000230
voting 2,120264 0,000192
votive 3,506558 0,000318
voucher 2,407946 0,000218
vow 0,616186 0,000056
voyage 0,616186 0,000112
vulgar 0,634878 0,000058
vulgate 3,218876 0,000292
vulgus 3,912023 0,000355
wade 1,139434 0,000103
waft 1,386294 0,000126
wage 1,203973 0,000218
wagner 2,407946 0,000218
wagon 1,078810 0,000196
wait 0,061875 0,000011
waiting 0,083382 0,000008
waive 1,897120 0,000172
wake 0,223144 0,000020
walk 0,000000 0,000000
wall 0,094311 0,000017
wander 0,116534 0,000021
wanderer 1,078810 0,000196
wanderings 1,237874 0,000112
wanton 1,021651 0,000093
war 0,139262 0,000025
wardrobe 1,078810 0,000098
warfare 1,272966 0,000115
warlike 1,427116 0,000129
warm 0,116534 0,000032
warmly 0,798508 0,000072
warmth 0,579818 0,000053
warn 0,287682 0,000026
warning 0,235722 0,000021
warrant 0,562119 0,000102
warrior 1,108663 0,000201
wash 0,210721 0,000038
waste 0,127833 0,000035
watch 0,020203 0,000004
water 0,040822 0,000011
waterman 3,218876 0,000292
wave 0,210721 0,000038
waver 0,733969 0,000133
wax 0,446287 0,000040
waxen 1,514128 0,000137
weak 0,105361 0,000019
weaken 0,562119 0,000102
weakly 1,309333 0,000119
weakness 0,248461 0,000023
wealth 0,287682 0,000026
wealthy 0,579818 0,000105
weapon 0,400478 0,000073
wear 0,083382 0,000023
wearied 0,820981 0,000074
weary 0,186330 0,000017
weather 0,248461 0,000023
weave 0,693147 0,000063
week 0,127833 0,000012
weep 0,356675 0,000097
weigh 0,162519 0,000044
weight 0,116534 0,000021
weighty 1,237874 0,000112
welfare 0,916291 0,000083
welt 2,659260 0,000241
west 0,083382 0,000008
western 0,616186 0,000056
westward 1,139434 0,000103
wet 0,261365 0,000024
whatsoever 0,287682 0,000026
wheat 0,994252 0,000090
wheel 0,274437 0,000075
whimsical 1,560648 0,000141
whip 0,400478 0,000036
whirlwind 1,514128 0,000137
whisper 0,248461 0,000068
white 0,051293 0,000005
wicked 0,328504 0,000030
wickedness 0,916291 0,000083
wicker 2,120264 0,000192
wide 0,030459 0,000003
widen 0,916291 0,000083
widow 0,510826 0,000093
wield 1,427116 0,000129
wife 0,083382 0,000015
wild 0,051293 0,000005
wilderness 0,673345 0,000061
wildest 1,272966 0,000115
wilful 1,427116 0,000129
william 0,798508 0,000072
winchester 2,302585 0,000209
wind 0,094311 0,000026
winding 1,560648 0,000141
wine 0,235722 0,000043
wing 0,314711 0,000057
winter 0,198451 0,000036
wipe 0,415515 0,000075
wisdom 0,287682 0,000026
wise 0,094311 0,000017
wisely 0,653926 0,000059
wit 0,198451 0,000018
witch 1,203973 0,000109
witchcraft 1,714798 0,000155
withdraw 0,210721 0,000076
withhold 0,820981 0,000074
withstand 1,021651 0,000185
witness 0,116534 0,000021
wolf 0,597837 0,000108
woman 0,030459 0,000006
womb 1,272966 0,000115
wonderful 0,162519 0,000015
wonted 1,832581 0,000166
wood 0,083382 0,000015
wooden 0,415515 0,000038
woody 1,832581 0,000166
woollen 1,660731 0,000151
word 0,020203 0,000002
workings 1,609438 0,000146
workman 0,755023 0,000137
workmanship 1,272966 0,000115
workshop 1,609438 0,000146
worms 1,078810 0,000098
wormwood 1,966113 0,000178
worship 0,415515 0,000113
worshipper 1,514128 0,000137
worth 0,061875 0,000006
worthless 0,843970 0,000077
worthy 0,186330 0,000017
wound 0,198451 0,000054
wounded 0,274437 0,000025
wrath 0,634878 0,000058
wreath 0,867501 0,000079
wreck 0,693147 0,000063
wrest 1,203973 0,000218
wrestle 1,049822 0,000095
wrestler 1,832581 0,000166
wretch 0,653926 0,000119
wretched 0,328504 0,000030
wretchedness 1,139434 0,000103
wrinkle 0,755023 0,000068
write 0,020203 0,000007
writer 0,328504 0,000060
writing 0,061875 0,000006
writings 0,994252 0,000090
xi 0,597837 0,000054
xii 0,579818 0,000053
xiii 0,673345 0,000061
xiv 0,693147 0,000063
xix 0,867501 0,000079
xvi 0,776529 0,000070
xvii 0,843970 0,000077
xviii 0,891598 0,000081
xx 0,916291 0,000083
xxi 0,867501 0,000079
xxii 0,967584 0,000088
xxiii 0,967584 0,000088
xxiv 0,994252 0,000090
xxv 1,108663 0,000101
xxx 1,272966 0,000115
yard 0,223144 0,000040
yearly 1,203973 0,000109
yemen 3,912023 0,000355
yield 0,174353 0,000047
yoke 0,994252 0,000090
york 0,916291 0,000083
youth 0,139262 0,000025
youthful 0,673345 0,000061
zea 3,506558 0,000318
zeal 0,579818 0,000053
zealand 2,120264 0,000192
zealot 2,659260 0,000241
zealous 1,049822 0,000095
zebra 2,995732 0,000272
zend 3,218876 0,000292
zenobia 3,506558 0,000318
zeugma 3,912023 0,000355
zone 1,660731 0,000301
