aback 1,660731 0,000333
abandon 0,223144 0,000179
abet 1,966113 0,000394
abhor 1,203973 0,000242
abide 0,248461 0,000050
ability 0,478036 0,000192
abode 0,579818 0,000116
abortive 2,040221 0,000409
abreast 1,203973 0,000242
absence 0,274437 0,000055
absent 0,371064 0,000074
absolute 0,400478 0,000080
absolutely 0,287682 0,000058
absorb 0,446287 0,000179
abstract 0,733969 0,000147
absurd 0,430783 0,000086
abuse 0,562119 0,000113
accent 0,634878 0,000127
accept 0,061875 0,000037
access 0,314711 0,000126
accessible 0,446287 0,000090
accessory 1,427116 0,000286
accidental 0,755023 0,000151
accompany 0,094311 0,000019
accomplice 1,347074 0,000270
accomplished 0,385662 0,000077
accord 0,527633 0,000106
account 0,010050 0,000006
accurate 0,941609 0,000189
accurately 1,049822 0,000211
accustomed 0,287682 0,000058
achievement 1,171183 0,000235
acknowledge 0,274437 0,000110
acquaintance 0,248461 0,000100
acquire 0,371064 0,000074
acrid 2,302585 0,000462
action 0,094311 0,000038
active 0,127833 0,000026
activity 0,415515 0,000083
actual 0,174353 0,000035
acute 0,733969 0,000147
add 0,094311 0,000019
addition 0,116534 0,000047
additional 0,198451 0,000040
address 0,072571 0,000058
adhere 0,916291 0,000184
adjective 1,897120 0,000381
admirable 0,527633 0,000106
admiral 1,347074 0,000270
admiration 0,342490 0,000069
admission 0,693147 0,000139
admit 0,116534 0,000047
ado 1,514128 0,000304
adopt 0,673345 0,000135
advance 0,061875 0,000025
advantage 0,127833 0,000026
adventure 0,301105 0,000121
advice 0,186330 0,000037
advisability 2,659260 0,000533
advisable 1,309333 0,000263
advise 0,301105 0,000121
affair 0,094311 0,000038
affection 0,235722 0,000047
afford 0,186330 0,000037
afoot 1,660731 0,000333
afraid 0,105361 0,000021
africa 0,967584 0,000194
african 1,427116 0,000286
afternoon 0,274437 0,000055
afterthought 2,525729 0,000507
agape 2,659260 0,000533
age 0,040822 0,000008
aged 0,198451 0,000040
agency 1,021651 0,000410
agent 0,223144 0,000090
aghast 1,272966 0,000255
agile 1,427116 0,000286
agitated 0,693147 0,000139
agitation 0,673345 0,000135
agonised 1,966113 0,000394
agony 0,462035 0,000093
agree 0,051293 0,000021
agreement 0,210721 0,000042
aid 0,210721 0,000127
ail 1,108663 0,000222
air 0,061875 0,000012
alarm 0,314711 0,000063
alarmed 0,478036 0,000096
alert 0,843970 0,000169
alertness 2,207275 0,000443
alight 0,755023 0,000151
alive 0,051293 0,000010
alley 1,021651 0,000205
ally 0,713350 0,000143
almoner 2,995732 0,000601
aloft 0,916291 0,000184
aloud 0,301105 0,000060
alter 0,235722 0,000047
alteration 0,261365 0,000052
alternate 0,261365 0,000052
alternative 0,994252 0,000399
altogether 0,198451 0,000040
amateur 1,347074 0,000270
amazed 0,634878 0,000127
amazement 0,446287 0,000090
amazing 0,941609 0,000189
ambitious 0,891598 0,000179
ambush 1,309333 0,000263
america 0,579818 0,000116
american 0,634878 0,000127
amiability 2,120264 0,000425
amiable 0,755023 0,000151
ample 0,527633 0,000106
amuse 0,371064 0,000074
amusement 0,478036 0,000096
analogous 2,120264 0,000425
anatomy 1,966113 0,000394
ancestor 0,462035 0,000093
ancestral 2,040221 0,000409
ancient 0,198451 0,000040
anderson 2,120264 0,000425
angel 0,579818 0,000116
anger 0,287682 0,000058
angle 0,478036 0,000096
angled 2,995732 0,000601
angry 0,174353 0,000035
anguish 0,579818 0,000116
animal 0,223144 0,000045
animation 1,171183 0,000235
annoyance 0,967584 0,000194
anon 1,272966 0,000255
answer 0,020203 0,000008
anthony 2,040221 0,000409
anthropological 3,218876 0,000646
anticipate 0,616186 0,000124
anticipation 0,733969 0,000147
antiquarian 2,040221 0,000409
antonio 2,525729 0,000507
anxiety 0,287682 0,000115
anxious 0,261365 0,000052
apartment 0,597837 0,000120
apology 0,527633 0,000212
appalling 1,237874 0,000248
apparition 0,994252 0,000199
appeal 0,261365 0,000052
appeals 0,916291 0,000184
appearance 0,072571 0,000015
applicable 0,400478 0,000080
application 0,653926 0,000131
apply 0,116534 0,000047
appoint 0,328504 0,000066
appointment 0,579818 0,000116
appreciation 1,049822 0,000211
approach 0,040822 0,000025
approbation 1,203973 0,000242
approval 0,798508 0,000160
apron 1,203973 0,000242
arch 0,713350 0,000143
architect 1,139434 0,000229
archive 0,544727 0,000109
argue 0,371064 0,000149
argument 0,287682 0,000058
aright 1,078810 0,000216
arm 0,030459 0,000012
armchair 1,660731 0,000333
armed 0,385662 0,000077
arouse 0,653926 0,000131
arrange 0,198451 0,000080
arrangement 0,274437 0,000055
array 0,248461 0,000050
arrest 0,544727 0,000219
arrival 0,328504 0,000066
arrive 0,083382 0,000050
arrow 0,510826 0,000102
art 0,127833 0,000026
arthur 1,660731 0,000333
article 0,400478 0,000161
articulate 1,237874 0,000248
artificial 0,616186 0,000124
artist 0,562119 0,000113
ascertain 0,597837 0,000120
ascii 0,562119 0,000113
ash 0,400478 0,000161
ashamed 0,248461 0,000050
asleep 0,162519 0,000033
asperity 2,207275 0,000443
assassin 1,514128 0,000304
assist 0,328504 0,000066
assistance 0,105361 0,000021
assistant 0,755023 0,000151
assume 0,162519 0,000065
assurance 0,430783 0,000086
assure 0,127833 0,000026
astonish 0,261365 0,000052
astonishment 0,301105 0,000060
astounded 1,427116 0,000286
astronomer 1,714798 0,000344
astutely 3,912023 0,000785
atavism 3,506558 0,000703
athletic 1,714798 0,000344
atmosphere 0,579818 0,000116
atone 1,203973 0,000242
atrocious 1,427116 0,000286
attach 0,116534 0,000023
attachment 0,916291 0,000184
attack 0,198451 0,000080
attain 0,328504 0,000066
attempt 0,051293 0,000031
attend 0,127833 0,000051
attendant 0,616186 0,000124
attention 0,083382 0,000033
attentive 0,713350 0,000143
attire 0,916291 0,000184
attitude 0,446287 0,000090
attract 0,261365 0,000052
attraction 0,653926 0,000131
audacious 1,309333 0,000263
audacity 1,237874 0,000248
austere 1,171183 0,000235
authenticity 2,207275 0,000443
author 0,116534 0,000023
authority 0,223144 0,000090
autobiography 2,407946 0,000483
autocrat 2,659260 0,000533
autumn 0,653926 0,000131
avail 0,462035 0,000185
avenge 0,891598 0,000179
avenue 0,820981 0,000165
avert 0,843970 0,000169
avoid 0,105361 0,000042
await 0,314711 0,000126
awake 0,150823 0,000030
aware 0,223144 0,000045
awful 0,328504 0,000066
awkward 0,544727 0,000109
axe 1,049822 0,000211
bachelor 0,967584 0,000194
background 0,867501 0,000174
bad 0,020203 0,000012
badly 0,446287 0,000090
baffle 0,994252 0,000199
bag 0,446287 0,000090
bait 0,994252 0,000199
baker 1,203973 0,000242
balance 0,342490 0,000137
balcony 1,347074 0,000270
balustraded 3,506558 0,000703
ban 1,660731 0,000333
band 0,342490 0,000069
bang 1,049822 0,000211
bank 0,210721 0,000127
banquet 1,108663 0,000222
banqueting 2,525729 0,000507
bar 0,235722 0,000095
bare 0,150823 0,000030
bared 1,469676 0,000295
baronet 1,966113 0,000394
barrel 0,673345 0,000135
barren 0,713350 0,000143
barrister 2,659260 0,000533
barrow 1,897120 0,000381
base 0,094311 0,000019
basis 0,673345 0,000135
baskerville 3,912023 0,000785
basket 0,579818 0,000116
bath 0,274437 0,000110
battle 0,235722 0,000047
baulk 3,218876 0,001291
baying 2,120264 0,000425
beak 1,347074 0,000270
beam 0,430783 0,000173
bear 0,000000 0,000000
beard 0,527633 0,000106
bearded 1,108663 0,000222
beast 0,235722 0,000047
beat 0,083382 0,000050
beautiful 0,083382 0,000017
beautifully 0,867501 0,000174
beauty 0,162519 0,000065
beckon 0,867501 0,000174
bed 0,051293 0,000010
bedroom 0,798508 0,000320
beetle 1,514128 0,000304
befall 0,527633 0,000212
beg 0,116534 0,000023
belated 1,514128 0,000304
belgian 2,659260 0,000533
belief 0,198451 0,000040
bell 0,301105 0,000060
belong 0,072571 0,000029
bemused 3,506558 0,000703
bench 0,544727 0,000109
beneath 0,198451 0,000040
benevolence 1,049822 0,000211
benevolent 1,021651 0,000205
bent 0,174353 0,000035
beryl 2,659260 0,000533
besmirch 2,813411 0,000564
betime 1,771957 0,000355
betray 0,301105 0,000121
betwixt 1,514128 0,000304
bewail 1,469676 0,000295
bewilder 0,776529 0,000156
bewildering 1,714798 0,000344
bias 1,469676 0,000295
bid 0,186330 0,000037
billiard 1,832581 0,000368
binary 0,562119 0,000113
bind 0,030459 0,000012
biography 1,386294 0,000278
bird 0,150823 0,000030
bit 0,139262 0,000056
bite 0,371064 0,000149
bitter 0,210721 0,000042
bitterly 0,579818 0,000116
bittern 3,506558 0,001407
bitterness 0,634878 0,000127
black 0,061875 0,000012
blacken 1,139434 0,000229
blacker 1,660731 0,000333
blackguard 1,514128 0,000304
blackmail 2,207275 0,000443
blackmailer 3,506558 0,000703
blackness 1,237874 0,000248
bladed 2,813411 0,000564
blame 0,162519 0,000033
blank 0,527633 0,000106
blanket 0,891598 0,000179
blast 0,462035 0,000093
blaze 0,634878 0,000255
bleak 1,386294 0,000556
bless 0,415515 0,000083
blind 0,174353 0,000035
blindly 0,941609 0,000189
blink 0,994252 0,000199
block 0,494296 0,000099
blood 0,116534 0,000023
blooded 1,560648 0,000313
bloodhound 2,302585 0,000462
bloody 0,527633 0,000106
bloom 0,527633 0,000106
blotch 1,660731 0,000333
blotting 1,832581 0,000368
blow 0,061875 0,000050
blue 0,174353 0,000035
bluish 1,897120 0,000381
blunder 0,776529 0,000156
blur 1,309333 0,000525
boar 1,347074 0,000270
board 0,261365 0,000052
bode 1,714798 0,000344
bodied 1,897120 0,000381
body 0,010050 0,000002
bog 1,469676 0,000590
bogie 3,218876 0,000646
boil 0,385662 0,000077
bold 0,223144 0,000045
bolt 0,494296 0,000099
bond 0,478036 0,000192
bone 0,198451 0,000040
book 0,040822 0,000016
booming 1,560648 0,000313
boot 0,430783 0,000173
border 0,400478 0,000161
borough 2,525729 0,000507
bosom 0,446287 0,000090
botanical 2,813411 0,000564
botany 1,771957 0,000355
bottle 0,430783 0,000173
boulder 2,302585 0,000924
bound 0,301105 0,000181
bourgeois 2,207275 0,000443
bow 0,127833 0,000051
box 0,248461 0,000050
boy 0,105361 0,000042
boyish 1,347074 0,000270
bracken 2,995732 0,000601
bradley 3,506558 0,000703
brain 0,314711 0,000063
bramble 1,714798 0,000688
branch 0,186330 0,000037
brandy 0,941609 0,000189
brave 0,342490 0,000069
bravely 1,078810 0,000216
breach 0,274437 0,000055
bread 0,248461 0,000050
breadth 0,653926 0,000131
break 0,010050 0,000008
breakfast 0,342490 0,000069
breast 0,198451 0,000040
breath 0,174353 0,000035
breathe 0,261365 0,000052
breathing 0,462035 0,000093
breathless 0,673345 0,000135
breathlessness 2,995732 0,000601
breed 0,342490 0,000069
brewing 1,771957 0,000355
bribe 0,891598 0,000179
brick 0,653926 0,000131
bridge 0,430783 0,000086
bridle 0,916291 0,000184
bright 0,094311 0,000019
brightly 0,994252 0,000199
brilliant 0,430783 0,000086
bring 0,000000 0,000000
bristle 0,941609 0,000378
british 0,843970 0,000169
broad 0,127833 0,000051
bronze 1,237874 0,000497
bronzing 3,912023 0,000785
brood 0,597837 0,000120
brother 0,127833 0,000026
brothers 0,356675 0,000072
brow 0,446287 0,000179
brown 0,274437 0,000055
bruise 0,673345 0,000135
brunette 2,407946 0,000483
brusquely 2,995732 0,000601
brutal 0,755023 0,000151
brutality 1,427116 0,000286
brute 0,462035 0,000093
bubble 0,941609 0,000189
buck 1,386294 0,000278
bucket 1,049822 0,000211
budget 2,207275 0,000443
build 0,094311 0,000019
building 0,210721 0,000085
bulbous 3,218876 0,000646
bulk 0,820981 0,000165
bulky 1,309333 0,000263
bulldog 2,525729 0,000507
bundle 0,653926 0,000131
burden 0,198451 0,000040
burglar 1,386294 0,000278
burglary 1,832581 0,000368
burn 0,061875 0,000037
burrow 1,609438 0,000646
burst 0,248461 0,000050
bury 0,186330 0,000075
bush 0,430783 0,000086
bushman 3,506558 0,000703
bushy 1,272966 0,000255
business 0,040822 0,000008
busy 0,210721 0,000042
busybody 2,302585 0,000462
butler 1,139434 0,000229
butt 1,078810 0,000216
butterfly 1,171183 0,000470
bye 0,776529 0,000156
bygone 2,207275 0,000443
cab 1,272966 0,000255
cabinet 0,941609 0,000189
cabman 2,120264 0,000425
cage 0,941609 0,000189
cairns 2,995732 0,000601
cajole 2,407946 0,000483
calculate 0,116534 0,000047
calculation 0,713350 0,000143
calf 0,798508 0,000160
calling 0,733969 0,000147
cameo 2,995732 0,000601
campaign 1,021651 0,000205
canada 1,897120 0,000381
candidate 1,469676 0,000295
candle 0,415515 0,000167
cane 0,843970 0,000169
canopy 1,514128 0,000304
canvas 0,916291 0,000184
cap 0,356675 0,000072
capable 0,261365 0,000052
capital 0,314711 0,000063
captive 0,755023 0,000151
card 0,139262 0,000056
cardiac 3,218876 0,000646
care 0,000000 0,000000
career 0,478036 0,000096
careful 0,174353 0,000035
carefully 0,139262 0,000028
careless 0,494296 0,000099
carelessness 1,021651 0,000205
caretaker 3,506558 0,000703
carolina 2,207275 0,000443
carouse 2,207275 0,000443
carpet 0,462035 0,000093
carriage 0,356675 0,000072
carry 0,010050 0,000008
cart 0,597837 0,000120
cartwright 3,506558 0,000703
cast 0,116534 0,000023
casting 0,544727 0,000109
casually 1,386294 0,000278
cat 0,462035 0,000093
catastrophe 1,021651 0,000205
catch 0,072571 0,000044
catlike 2,525729 0,000507
cattle 0,544727 0,000109
caution 0,478036 0,000192
cautious 0,673345 0,000135
cautiously 0,867501 0,000174
cavalier 1,660731 0,000333
cease 0,061875 0,000012
ceiling 0,510826 0,000102
celebrate 0,967584 0,000194
celt 2,995732 0,000601
celtic 2,407946 0,000483
central 0,733969 0,000147
centre 0,385662 0,000155
century 0,328504 0,000132
ceremony 0,446287 0,000090
certainty 0,342490 0,000069
chain 0,174353 0,000035
chair 0,261365 0,000105
chairman 2,302585 0,000462
chamber 0,328504 0,000066
chance 0,061875 0,000037
change 0,010050 0,000004
channel 0,544727 0,000219
chap 0,891598 0,000179
chapter 0,328504 0,000066
character 0,061875 0,000025
characteristic 0,400478 0,000161
charge 0,040822 0,000025
charing 1,966113 0,000394
charitable 0,287682 0,000058
charity 0,186330 0,000075
charles 0,597837 0,000120
charm 0,342490 0,000069
charming 0,527633 0,000106
charred 2,040221 0,000409
chase 0,430783 0,000173
chat 0,867501 0,000174
check 0,072571 0,000058
checkered 2,302585 0,000462
checkmate 2,995732 0,000601
cheek 0,261365 0,000052
cheerful 0,385662 0,000077
chest 0,342490 0,000069
chief 0,094311 0,000019
child 0,040822 0,000008
childless 1,966113 0,000394
chill 0,597837 0,000240
chilled 1,139434 0,000229
chime 1,139434 0,000229
chimerical 2,207275 0,000443
chimney 0,634878 0,000127
chin 0,478036 0,000096
choleric 2,207275 0,000443
choose 0,020203 0,000008
christian 0,385662 0,000077
chronicle 1,139434 0,000457
chuckle 0,941609 0,000378
cigar 0,994252 0,000399
cigarette 1,386294 0,000556
circle 0,150823 0,000030
circular 1,021651 0,000205
circumspect 1,897120 0,000381
circumspectly 2,525729 0,000507
circumstance 0,116534 0,000047
city 0,051293 0,000010
claim 0,083382 0,000033
claimant 2,525729 0,000507
clandestine 3,218876 0,000646
clang 1,203973 0,000242
clap 0,755023 0,000151
clarendon 2,995732 0,000601
class 0,248461 0,000050
classical 1,237874 0,000248
clay 0,494296 0,000099
clayton 3,912023 0,000785
clean 0,210721 0,000127
cleaning 1,049822 0,000211
cleanliness 1,237874 0,000248
clearing 1,386294 0,000278
cleft 1,237874 0,000248
clenched 1,049822 0,000211
clergyman 1,078810 0,000216
clerk 0,562119 0,000113
clever 0,371064 0,000074
cleverly 1,514128 0,000304
cleverness 1,609438 0,000323
client 1,347074 0,000540
cliff 0,916291 0,000184
climate 0,713350 0,000143
climb 0,400478 0,000080
climbing 0,733969 0,000147
cling 0,415515 0,000167
clink 2,120264 0,000425
clip 1,469676 0,000295
clock 0,510826 0,000102
clog 1,309333 0,000263
close 0,010050 0,000006
closely 0,223144 0,000045
closet 0,916291 0,000184
closing 0,446287 0,000090
cloth 0,356675 0,000072
clothe 0,287682 0,000115
clothes 0,127833 0,000026
clotted 2,302585 0,000462
cloud 0,150823 0,000091
club 0,544727 0,000109
clue 1,049822 0,000421
clump 1,171183 0,000235
clumsy 0,994252 0,000199
cluster 0,693147 0,000278
clutch 0,713350 0,000429
coaching 3,218876 0,000646
coachman 1,108663 0,000222
coal 0,527633 0,000106
coarse 0,478036 0,000096
coarseness 2,040221 0,000409
coast 0,544727 0,000109
coat 0,235722 0,000142
cobs 2,813411 0,000564
cock 0,713350 0,000143
cocked 1,237874 0,000248
code 0,287682 0,000058
coffee 0,562119 0,000113
coherent 1,897120 0,000381
coherently 2,659260 0,000533
coil 0,867501 0,000174
coincide 1,237874 0,000248
coincidence 1,078810 0,000216
cold 0,040822 0,000008
coldly 0,916291 0,000184
collar 0,634878 0,000127
colleague 1,427116 0,000286
collect 0,248461 0,000050
collection 0,162519 0,000033
collector 1,514128 0,000304
college 0,693147 0,000139
colonel 0,967584 0,000194
colour 0,510826 0,000102
coloured 0,693147 0,000139
colourless 1,832581 0,000368
column 0,562119 0,000226
combination 0,634878 0,000127
comfort 0,105361 0,000042
comfortable 0,261365 0,000052
comic 1,203973 0,000242
coming 1,021651 0,000205
command 0,116534 0,000070
commend 0,798508 0,000160
comment 0,478036 0,000192
commercial 0,274437 0,000055
commit 0,116534 0,000047
committee 1,272966 0,000255
common 0,072571 0,000015
commoner 2,120264 0,000851
commons 1,714798 0,000344
communal 3,218876 0,000646
communicate 0,446287 0,000179
communication 0,510826 0,000102
community 0,579818 0,000116
commutation 3,506558 0,000703
companion 0,150823 0,000061
companionship 0,967584 0,000194
company 0,020203 0,000004
comparative 0,994252 0,000199
comparatively 0,634878 0,000127
compare 0,162519 0,000065
compel 0,385662 0,000077
compilation 0,478036 0,000096
complain 0,198451 0,000040
complaint 0,478036 0,000096
complete 0,105361 0,000042
completely 0,274437 0,000055
complex 1,139434 0,000229
compliance 0,342490 0,000069
complicate 2,525729 0,000507
complicated 0,798508 0,000160
compliment 0,462035 0,000278
comply 0,287682 0,000115
compose 0,287682 0,000058
composer 1,966113 0,000394
compressed 0,342490 0,000069
compromise 1,021651 0,000205
comrade 0,693147 0,000139
conceal 0,198451 0,000080
concealment 1,108663 0,000222
conceivable 1,386294 0,000278
conceive 0,223144 0,000090
concentrated 0,867501 0,000174
concentration 1,771957 0,000355
concept 0,527633 0,000106
concern 0,342490 0,000137
concerned 0,287682 0,000058
conclude 0,235722 0,000047
conclusion 0,210721 0,000085
conclusively 2,207275 0,000443
condition 0,051293 0,000021
condone 2,407946 0,000483
conduct 0,094311 0,000019
conductor 1,021651 0,000205
confederate 1,771957 0,000355
confess 0,127833 0,000077
confession 0,579818 0,000116
confidant 1,714798 0,000344
confide 0,755023 0,000151
confidence 0,139262 0,000056
confident 0,510826 0,000102
confidently 1,049822 0,000211
confine 0,223144 0,000090
confirm 0,139262 0,000028
confirmation 0,356675 0,000072
confound 0,430783 0,000086
confront 0,776529 0,000156
confused 0,248461 0,000050
congenial 1,309333 0,000263
congratulate 0,798508 0,000160
conjecture 0,544727 0,000328
conjunction 1,272966 0,000255
connected 0,415515 0,000083
connection 0,446287 0,000090
connoisseur 1,660731 0,000333
conscience 0,301105 0,000060
conscientious 1,272966 0,000255
conscious 0,314711 0,000063
consent 0,223144 0,000090
consequence 0,186330 0,000075
consequential 0,478036 0,000096
considerable 0,105361 0,000021
considerably 0,776529 0,000156
consideration 0,223144 0,000045
consist 0,314711 0,000063
consistent 0,798508 0,000160
consolation 0,634878 0,000127
conspiracy 1,078810 0,000216
constable 1,272966 0,000255
constabulary 2,813411 0,000564
constant 0,051293 0,000010
constantly 0,371064 0,000074
construct 0,713350 0,000143
construction 0,733969 0,000147
consult 0,400478 0,000161
consulting 0,891598 0,000179
consume 0,462035 0,000093
consumptive 2,040221 0,000409
contact 0,210721 0,000042
content 0,174353 0,000035
contents 0,094311 0,000019
continually 0,446287 0,000090
continue 0,186330 0,000037
continued 0,072571 0,000015
continuous 0,867501 0,000174
contorted 2,120264 0,000425
contract 0,139262 0,000028
contractor 2,040221 0,000409
contrary 0,198451 0,000040
contrast 0,385662 0,000077
contribution 0,371064 0,000074
contrived 0,713350 0,000143
control 0,223144 0,000045
convenient 0,462035 0,000093
conversation 0,186330 0,000075
convert 0,186330 0,000037
convex 2,525729 0,000507
convey 0,287682 0,000058
convict 0,941609 0,000189
conviction 0,430783 0,000173
convince 0,198451 0,000080
convulse 1,347074 0,000270
cook 0,223144 0,000045
cool 0,248461 0,000050
coombe 3,912023 0,000785
copse 1,771957 0,000355
copying 0,494296 0,000099
copyright 0,415515 0,000083
cordial 1,049822 0,000211
cork 1,171183 0,000235
corner 0,072571 0,000029
coroner 2,207275 0,000443
corporation 0,400478 0,000080
correct 0,235722 0,000047
correctly 0,843970 0,000169
correspond 0,843970 0,000508
corridor 1,108663 0,000445
corroborate 1,514128 0,000304
corroding 3,218876 0,000646
corrupt 0,235722 0,000047
cost 0,105361 0,000042
costa 3,506558 0,000703
costly 0,916291 0,000184
cottage 0,653926 0,000262
cotton 0,891598 0,000179
couch 0,579818 0,000116
cough 0,733969 0,000147
counsel 0,462035 0,000093
count 0,116534 0,000023
countenance 0,371064 0,000074
counteract 1,514128 0,000304
countless 1,203973 0,000242
country 0,010050 0,000004
countryman 0,867501 0,000174
countryside 1,832581 0,000368
county 0,941609 0,000189
couple 0,248461 0,000050
courage 0,150823 0,000030
court 0,094311 0,000038
cousin 0,597837 0,000120
cover 0,223144 0,000090
covered 0,139262 0,000028
covering 0,415515 0,000083
covet 0,967584 0,000194
coward 0,776529 0,000156
cows 0,867501 0,000174
crack 0,478036 0,000096
crackle 1,237874 0,000248
craft 0,733969 0,000147
crafty 1,427116 0,000286
craggy 1,714798 0,000344
crane 1,237874 0,000248
craniology 3,912023 0,000785
crank 2,302585 0,000462
crash 0,733969 0,000147
craven 2,302585 0,000462
crawl 0,494296 0,000297
craze 1,714798 0,000344
crazy 0,916291 0,000184
creak 0,967584 0,000388
create 0,094311 0,000038
creation 0,198451 0,000040
creature 0,116534 0,000023
credit 0,094311 0,000019
credulous 1,832581 0,000368
creep 0,198451 0,000119
creeper 2,040221 0,000409
crenelated 3,912023 0,000785
crest 0,820981 0,000329
crevice 1,560648 0,000313
crime 0,261365 0,000105
criminal 0,673345 0,000270
criminology 3,912023 0,000785
crippled 1,469676 0,000295
crisis 0,820981 0,000165
crisp 1,237874 0,000248
critical 0,235722 0,000047
criticism 0,820981 0,000165
croak 1,386294 0,000278
crop 0,653926 0,000131
cross 0,083382 0,000050
crouch 0,941609 0,000189
crouching 1,049822 0,000211
crowd 0,174353 0,000070
crude 1,347074 0,000270
cruel 0,261365 0,000052
crumble 1,078810 0,000649
crush 0,274437 0,000110
cuff 1,139434 0,000229
cultivate 0,462035 0,000185
cunning 0,462035 0,000093
cup 0,342490 0,000069
cuplike 3,912023 0,000785
curiosity 0,210721 0,000042
curious 0,261365 0,000052
curiously 0,776529 0,000156
curl 0,510826 0,000102
curlew 3,218876 0,000646
curly 1,171183 0,000235
current 0,116534 0,000023
curse 0,342490 0,000137
curt 2,120264 0,000425
curtain 0,328504 0,000132
curve 0,916291 0,000368
curved 1,171183 0,000235
custom 0,210721 0,000042
cut 0,030459 0,000018
cutter 1,560648 0,000313
dabble 1,714798 0,000344
dabbler 3,912023 0,000785
dainty 0,634878 0,000127
dais 2,813411 0,000564
damage 0,223144 0,000090
damages 0,400478 0,000080
damp 0,400478 0,000080
damper 2,407946 0,000483
dance 0,235722 0,000047
dancing 0,371064 0,000074
danger 0,105361 0,000021
dangerous 0,150823 0,000030
dangling 1,139434 0,000229
dapper 2,813411 0,000564
dark 0,051293 0,000031
darken 0,634878 0,000127
darkle 2,407946 0,000483
darkness 0,186330 0,000037
dart 0,562119 0,000226
dartmoor 3,506558 0,000703
dash 0,400478 0,000161
datum 0,494296 0,000099
daub 1,660731 0,000333
daughter 0,174353 0,000035
daunt 1,714798 0,000344
david 0,597837 0,000120
day 0,000000 0,000000
daylight 0,446287 0,000090
dead 0,072571 0,000015
deaden 1,560648 0,000313
deadlock 3,912023 0,000785
deadly 0,478036 0,000096
deaf 0,634878 0,000127
deal 0,061875 0,000025
dealer 1,171183 0,000470
death 0,020203 0,000008
deathly 2,659260 0,000533
debt 0,494296 0,000099
decade 1,897120 0,000381
decanter 1,469676 0,000295
decay 0,544727 0,000109
deceased 1,078810 0,000216
deceive 0,261365 0,000157
deception 0,916291 0,000184
deceptive 2,040221 0,000409
decide 0,040822 0,000016
decision 0,544727 0,000109
declare 0,139262 0,000112
decorator 2,995732 0,000601
decoy 1,771957 0,000711
decrease 1,272966 0,000255
deduce 1,660731 0,000333
deductible 0,562119 0,000113
deduction 1,560648 0,000313
deed 0,287682 0,000058
deep 0,020203 0,000008
deeply 0,261365 0,000052
defaced 1,771957 0,000355
defect 0,261365 0,000105
defective 0,356675 0,000072
defend 0,301105 0,000121
defiant 1,469676 0,000295
defiantly 1,609438 0,000323
deficient 1,272966 0,000255
defile 1,078810 0,000216
define 0,673345 0,000270
definite 0,755023 0,000151
defy 0,693147 0,000278
degree 0,150823 0,000030
dejection 1,386294 0,000278
delay 0,186330 0,000075
deletion 0,562119 0,000113
deliberate 0,673345 0,000135
delicacy 0,597837 0,000120
delicate 0,301105 0,000060
delight 0,150823 0,000030
delighted 0,287682 0,000058
delightful 0,478036 0,000096
delirious 1,386294 0,000278
deliver 0,223144 0,000090
deluge 1,427116 0,000286
delusion 0,916291 0,000184
demand 0,051293 0,000010
demon 0,916291 0,000184
den 0,693147 0,000139
dense 0,693147 0,000139
deny 0,072571 0,000029
depart 0,162519 0,000065
departure 0,430783 0,000086
depend 0,040822 0,000025
dependent 0,820981 0,000329
depression 0,967584 0,000194
depths 0,446287 0,000090
derivative 0,510826 0,000102
derive 0,210721 0,000085
descend 0,174353 0,000070
descendant 0,867501 0,000174
description 0,248461 0,000100
desert 0,314711 0,000063
deserted 0,385662 0,000077
desertion 1,514128 0,000304
deserve 0,314711 0,000063
deserved 0,634878 0,000127
design 0,287682 0,000115
desirable 0,733969 0,000147
desire 0,051293 0,000021
desolate 0,733969 0,000147
despair 0,174353 0,000035
despairing 0,798508 0,000160
desperate 0,328504 0,000066
desperately 0,843970 0,000169
destine 0,494296 0,000099
destroy 0,061875 0,000012
destruction 0,342490 0,000069
detach 0,287682 0,000115
detailed 1,469676 0,000295
detection 1,427116 0,000286
detective 1,609438 0,000646
determine 0,061875 0,000025
develop 0,891598 0,000179
development 0,693147 0,000139
device 0,597837 0,000120
devil 0,301105 0,000060
devilish 1,237874 0,000248
devon 2,995732 0,000601
devonshire 2,407946 0,000483
devote 0,673345 0,000135
devoted 0,301105 0,000060
dewlap 3,506558 0,000703
dexterity 1,560648 0,000313
diabolical 1,714798 0,000344
dialect 1,171183 0,000235
diary 1,560648 0,000313
dictate 0,579818 0,000116
die 0,010050 0,000006
difference 0,174353 0,000070
difficult 0,116534 0,000023
difficulty 0,116534 0,000047
dig 0,356675 0,000143
dignified 0,755023 0,000151
dilapidated 1,660731 0,000333
dim 0,356675 0,000072
dime 2,813411 0,000564
diminish 0,776529 0,000156
dine 0,562119 0,000113
dingy 1,347074 0,000270
dining 0,510826 0,000102
dinner 0,186330 0,000037
dip 0,673345 0,000135
direct 0,040822 0,000016
direction 0,051293 0,000010
directness 2,040221 0,000409
directory 2,407946 0,000483
dirt 0,544727 0,000109
disadvantage 0,843970 0,000169
disappear 0,223144 0,000090
disappearance 1,272966 0,000255
disappointed 0,415515 0,000083
disappointment 0,462035 0,000093
disapprobation 2,040221 0,000409
disarm 1,237874 0,000248
disarrange 2,207275 0,000443
disaster 0,820981 0,000165
disastrous 1,108663 0,000222
disc 2,120264 0,000425
discern 0,634878 0,000127
disclaim 0,462035 0,000093
disclaimer 0,562119 0,000226
disclose 0,634878 0,000127
disconnected 1,771957 0,000355
discontinue 0,510826 0,000102
discourage 0,693147 0,000139
discover 0,030459 0,000012
discovery 0,287682 0,000058
discreet 0,843970 0,000169
discuss 0,400478 0,000161
discussion 0,597837 0,000120
disease 0,328504 0,000066
diseased 1,237874 0,000248
disfavour 3,218876 0,000646
disgrace 0,462035 0,000093
disgraceful 1,049822 0,000211
disguise 0,494296 0,000198
disheartened 1,897120 0,000381
disk 0,415515 0,000083
dismal 0,843970 0,000169
dismay 0,597837 0,000120
disordered 1,203973 0,000242
dispatch 0,967584 0,000194
displace 1,309333 0,000263
display 0,162519 0,000098
displeasure 0,941609 0,000189
dispose 0,755023 0,000151
disposed 0,385662 0,000077
disposition 0,371064 0,000074
dispossess 2,120264 0,000425
disregard 0,820981 0,000165
disrepute 2,659260 0,000533
dissent 1,514128 0,000304
dissuade 1,309333 0,000525
distance 0,105361 0,000021
distant 0,162519 0,000033
distasteful 1,714798 0,000344
distinct 0,301105 0,000060
distinction 0,356675 0,000072
distinctive 1,832581 0,000368
distinctly 0,478036 0,000096
distinguish 0,314711 0,000063
distinguished 0,301105 0,000060
distortion 2,040221 0,000409
distract 0,510826 0,000102
distraction 0,994252 0,000199
distrait 2,813411 0,000564
distressed 0,673345 0,000135
distribute 0,210721 0,000127
distribution 0,430783 0,000086
distributor 0,544727 0,000109
district 0,713350 0,000143
distrust 0,733969 0,000147
divide 0,150823 0,000030
diving 1,660731 0,000333
divorce 1,237874 0,000248
doctor 0,400478 0,000080
doctrine 0,616186 0,000124
document 1,021651 0,000410
doddering 3,218876 0,000646
dog 0,186330 0,000112
dogged 1,514128 0,000304
dolichocephalic 3,912023 0,000785
dollar 1,237874 0,000248
domain 0,328504 0,000066
domestic 0,510826 0,000102
dominate 1,386294 0,000278
donate 0,544727 0,000109
donation 0,446287 0,000179
donor 0,478036 0,000096
doom 0,579818 0,000116
door 0,000000 0,000000
dot 1,469676 0,000295
double 0,139262 0,000056
doubt 0,040822 0,000016
download 0,562119 0,000113
downright 1,272966 0,000255
downward 0,798508 0,000160
doyle 2,659260 0,000533
drag 0,248461 0,000100
dramatic 1,078810 0,000216
drape 1,660731 0,000333
draw 0,020203 0,000016
dread 0,248461 0,000050
dreadful 0,342490 0,000069
dream 0,083382 0,000033
dreamer 1,771957 0,000355
dreary 0,673345 0,000135
dress 0,162519 0,000065
dressed 0,261365 0,000052
drift 0,462035 0,000371
drily 2,302585 0,000462
drink 0,072571 0,000015
dripping 0,891598 0,000179
drive 0,030459 0,000024
driver 0,713350 0,000143
drizzle 2,813411 0,000564
drop 0,061875 0,000025
drunken 0,820981 0,000165
dry 0,116534 0,000023
dull 0,174353 0,000035
duly 0,843970 0,000169
dupe 1,560648 0,000313
dusk 0,941609 0,000189
dusky 1,021651 0,000205
dusty 0,967584 0,000194
duty 0,061875 0,000012
dwell 0,342490 0,000137
dwelling 0,494296 0,000099
dwellings 1,514128 0,000304
eager 0,210721 0,000042
eagerly 0,385662 0,000077
eagerness 0,544727 0,000109
eagle 0,755023 0,000151
ear 0,061875 0,000025
earn 0,446287 0,000179
earnest 0,261365 0,000052
earnestly 0,415515 0,000083
earnestness 0,867501 0,000174
earth 0,051293 0,000010
ease 0,150823 0,000030
easily 0,072571 0,000015
east 0,235722 0,000047
easy 0,000000 0,000000
eat 0,040822 0,000016
eaves 1,832581 0,000368
ebony 1,660731 0,000333
eccentric 0,916291 0,000184
echo 0,356675 0,000072
edge 0,150823 0,000030
edison 2,995732 0,000601
edition 0,287682 0,000115
educate 0,544727 0,000109
education 0,415515 0,000083
educational 0,446287 0,000090
efface 1,171183 0,000235
effective 0,967584 0,000194
effigy 2,302585 0,000462
effort 0,094311 0,000038
eighteenth 1,203973 0,000242
elaborate 0,867501 0,000174
elbow 0,494296 0,000099
eld 0,385662 0,000077
elderly 0,843970 0,000169
elect 0,210721 0,000042
election 1,237874 0,000248
electric 1,171183 0,000235
electronic 0,544727 0,000109
electronically 0,544727 0,000109
elegance 0,994252 0,000199
elegant 0,634878 0,000127
elementary 1,427116 0,000286
elicit 1,272966 0,000255
eligible 1,560648 0,000313
eliminate 1,714798 0,000344
eliza 2,207275 0,000443
elizabeth 1,514128 0,000304
elizabethan 2,407946 0,000483
elucidate 2,207275 0,000443
email 0,562119 0,000113
embarrassed 0,916291 0,000184
emerge 0,653926 0,000262
emergency 1,049822 0,000421
emotion 0,356675 0,000143
emotional 1,171183 0,000235
employ 0,235722 0,000095
employee 0,510826 0,000205
employment 0,527633 0,000106
enable 0,274437 0,000165
encode 0,653926 0,000131
encourage 0,301105 0,000060
encouraging 0,798508 0,000160
endanger 1,386294 0,000278
endeavour 0,713350 0,000429
endure 0,210721 0,000042
enemy 0,105361 0,000021
energetic 1,078810 0,000216
energy 0,371064 0,000149
engage 0,494296 0,000099
engaged 0,198451 0,000040
england 0,385662 0,000077
english 0,094311 0,000019
engrave 1,237874 0,000248
enormous 0,430783 0,000086
enormously 1,427116 0,000286
ensure 0,342490 0,000069
entail 1,309333 0,000263
entangle 1,078810 0,000433
enter 0,020203 0,000008
enthusiasm 0,653926 0,000131
enthusiast 1,714798 0,000344
entitle 0,653926 0,000131
entity 0,544727 0,000109
entomology 3,912023 0,000785
entrance 0,210721 0,000042
envelope 1,347074 0,000270
epidemic 2,407946 0,000483
episode 1,078810 0,000433
equally 0,223144 0,000045
equestrian 2,207275 0,000443
equip 0,967584 0,000194
equipment 0,415515 0,000083
equivocal 2,207275 0,000443
ere 0,634878 0,000127
errand 0,733969 0,000147
erroneous 1,514128 0,000304
error 0,072571 0,000015
escape 0,061875 0,000025
esquimau 3,506558 0,000703
essay 0,755023 0,000151
essential 0,544727 0,000109
establish 0,579818 0,000233
established 0,301105 0,000060
estate 0,478036 0,000096
esteemed 0,916291 0,000184
europe 0,510826 0,000102
evening 0,072571 0,000015
event 0,150823 0,000061
eventually 1,171183 0,000235
evidence 0,235722 0,000047
evident 0,356675 0,000072
evidently 0,371064 0,000074
evil 0,150823 0,000030
exact 0,274437 0,000055
exaggerate 1,139434 0,000229
exalt 0,597837 0,000120
examination 0,385662 0,000077
examine 0,150823 0,000091
excavate 2,407946 0,000483
exceed 0,462035 0,000093
exceedingly 0,462035 0,000093
excel 0,994252 0,000199
excellent 0,150823 0,000030
exception 0,446287 0,000090
excite 0,798508 0,000160
excited 0,248461 0,000050
excitement 0,415515 0,000167
exciting 0,693147 0,000139
exclamation 0,755023 0,000151
exclusion 0,371064 0,000074
excursion 0,891598 0,000179
excuse 0,139262 0,000028
executor 1,832581 0,000368
exempt 0,314711 0,000063
exercise 0,235722 0,000095
exertion 0,693147 0,000139
exhaust 1,560648 0,000313
exhaustion 1,021651 0,000205
exhibition 0,994252 0,000199
exist 0,072571 0,000029
existence 0,150823 0,000030
exit 1,347074 0,000270
exotic 1,897120 0,000381
expanse 1,108663 0,000222
expect 0,051293 0,000031
expectation 0,356675 0,000072
expedient 0,941609 0,000189
expedition 0,733969 0,000294
expend 0,301105 0,000060
expense 0,127833 0,000051
experience 0,072571 0,000029
experienced 0,356675 0,000072
expert 1,021651 0,000205
explain 0,116534 0,000047
explanation 0,139262 0,000056
explanatory 1,771957 0,000355
exploit 0,867501 0,000174
explore 0,713350 0,000143
export 0,446287 0,000090
exposed 0,301105 0,000060
exposure 1,139434 0,000229
express 0,072571 0,000029
expression 0,116534 0,000023
expressive 0,733969 0,000147
expressly 0,820981 0,000165
exquisite 0,673345 0,000135
extend 0,261365 0,000105
extensive 0,798508 0,000160
extent 0,083382 0,000017
extinct 1,108663 0,000222
extra 0,820981 0,000165
extract 0,544727 0,000328
extraordinarily 1,714798 0,000344
extraordinary 0,371064 0,000074
extreme 0,186330 0,000037
extremity 0,693147 0,000139
extricate 1,272966 0,000255
exultant 1,897120 0,000381
exultation 1,203973 0,000242
eye 0,000000 0,000000
eyebrow 0,673345 0,000135
eyed 0,597837 0,000120
eyelid 0,891598 0,000179
faced 0,820981 0,000165
facial 2,525729 0,000507
facility 0,342490 0,000069
factor 1,171183 0,000470
faculty 0,510826 0,000102
fade 0,371064 0,000149
fail 0,072571 0,000029
faint 0,186330 0,000075
fair 0,051293 0,000010
fairy 1,021651 0,000205
faith 0,210721 0,000042
faithful 0,261365 0,000052
fall 0,000000 0,000000
fallacy 1,966113 0,000394
false 0,210721 0,000042
familiar 0,150823 0,000030
family 0,061875 0,000025
famous 0,261365 0,000052
fancy 0,162519 0,000065
fang 1,560648 0,000313
fantastic 0,798508 0,000160
fare 0,597837 0,000120
farm 0,713350 0,000143
farmer 0,653926 0,000262
farmhouse 1,832581 0,000735
farming 1,514128 0,000304
farrier 2,995732 0,000601
farth 1,049822 0,000211
fascinating 1,139434 0,000229
fascination 1,078810 0,000216
fashion 0,105361 0,000042
fast 0,030459 0,000006
fasten 0,478036 0,000096
fatal 0,342490 0,000069
fate 0,174353 0,000070
father 0,061875 0,000025
fathom 1,139434 0,000229
fatigue 0,494296 0,000099
fault 0,139262 0,000028
favour 0,544727 0,000109
favourite 0,653926 0,000131
fear 0,020203 0,000016
feature 0,261365 0,000105
federal 0,527633 0,000106
fee 0,301105 0,000121
feeble 0,356675 0,000072
feed 0,248461 0,000050
feel 0,020203 0,000004
feeling 0,072571 0,000029
fellow 0,040822 0,000008
felony 2,407946 0,000483
fence 0,693147 0,000139
fern 1,771957 0,000355
ferocity 1,237874 0,000248
ferrule 2,659260 0,000533
fertile 1,021651 0,000205
fever 0,342490 0,000069
feverish 0,843970 0,000169
fidelity 0,967584 0,000194
field 0,094311 0,000038
fiend 1,049822 0,000421
fiendish 1,832581 0,000368
fierce 0,415515 0,000083
fiercely 0,776529 0,000156
fiery 0,713350 0,000143
fight 0,083382 0,000050
figure 0,051293 0,000021
file 0,223144 0,000090
final 0,342490 0,000069
finally 0,150823 0,000030
financial 0,415515 0,000083
finding 1,272966 0,000255
fine 0,061875 0,000012
finely 1,171183 0,000235
finesse 2,302585 0,000462
finger 0,150823 0,000061
finished 0,162519 0,000033
fir 1,427116 0,000573
fireplace 1,108663 0,000222
firm 0,248461 0,000100
fissure 2,207275 0,000443
fist 0,597837 0,000120
fit 0,030459 0,000024
fitness 0,446287 0,000090
fixedly 1,427116 0,000286
fixture 2,040221 0,000409
flagon 2,302585 0,000462
flame 0,248461 0,000100
flank 0,941609 0,000378
flare 1,108663 0,000222
flash 0,261365 0,000105
flask 1,660731 0,000333
flat 0,139262 0,000056
flatten 1,560648 0,000313
flaxen 1,660731 0,000333
fleck 1,714798 0,000344
flee 0,301105 0,000060
fleet 0,713350 0,000143
flesh 0,210721 0,000042
fleshy 1,771957 0,000355
flicker 0,755023 0,000303
flight 0,287682 0,000058
fling 0,462035 0,000093
flint 1,171183 0,000235
flippantly 3,912023 0,000785
float 0,328504 0,000132
flood 0,430783 0,000086
floor 0,174353 0,000035
flounder 1,237874 0,000248
flourish 0,562119 0,000113
flow 0,174353 0,000035
flurried 1,966113 0,000394
flush 0,562119 0,000226
flutter 0,673345 0,000135
fluttering 0,994252 0,000199
fly 0,116534 0,000047
flying 0,235722 0,000047
foam 0,733969 0,000147
foeman 3,218876 0,000646
fog 0,653926 0,000131
foggy 1,469676 0,000295
foil 1,347074 0,000270
fold 0,287682 0,000058
foliage 0,916291 0,000184
folk 0,527633 0,000106
follow 0,020203 0,000004
fond 0,261365 0,000052
food 0,127833 0,000026
fool 0,235722 0,000047
foolish 0,235722 0,000047
foolscap 2,813411 0,000564
foot 0,051293 0,000021
footing 0,820981 0,000165
footmark 2,659260 0,001067
footprint 1,897120 0,000761
footstep 0,430783 0,000086
forbear 1,427116 0,000286
forbid 0,248461 0,000100
force 0,030459 0,000024
forearm 2,407946 0,000483
forefinger 1,272966 0,000255
forehead 0,400478 0,000080
foreign 0,301105 0,000060
foresee 0,494296 0,000297
forfeit 1,237874 0,000248
forgery 1,897120 0,000381
forget 0,010050 0,000008
forgive 0,314711 0,000063
form 0,020203 0,000012
formal 0,673345 0,000135
format 0,562119 0,000226
formation 1,139434 0,000229
formidable 0,673345 0,000135
forsake 0,755023 0,000151
forthwith 1,108663 0,000222
fortnight 0,941609 0,000189
fortunate 0,415515 0,000083
fortunately 0,579818 0,000116
fortune 0,162519 0,000033
foul 0,616186 0,000124
foundation 0,127833 0,000026
fourteen 0,616186 0,000124
fourth 0,174353 0,000035
fox 0,798508 0,000160
frame 0,174353 0,000070
frank 0,597837 0,000240
frankly 0,798508 0,000160
frankness 1,272966 0,000255
fraser 3,506558 0,000703
fray 1,021651 0,000205
freak 1,514128 0,000304
freckle 2,302585 0,000462
freckled 1,714798 0,000344
freedom 0,223144 0,000045
freely 0,105361 0,000021
freeze 0,941609 0,000189
french 0,342490 0,000069
frequently 0,287682 0,000058
fresh 0,105361 0,000021
freshness 1,021651 0,000205
friday 0,967584 0,000194
friend 0,000000 0,000000
friendly 0,248461 0,000050
friendship 0,261365 0,000052
fright 0,653926 0,000131
frighten 0,733969 0,000147
frightened 0,301105 0,000060
frightful 0,776529 0,000156
fringe 0,798508 0,000160
frock 1,021651 0,000205
froth 1,386294 0,000278
fruit 0,162519 0,000065
fruitless 1,049822 0,000211
fulfil 0,385662 0,000077
fulfilment 1,514128 0,000304
fulham 3,912023 0,000785
fulsome 2,813411 0,000564
fume 0,941609 0,000189
furious 0,430783 0,000086
furiously 0,755023 0,000151
furnish 0,527633 0,000106
furnished 0,328504 0,000066
furtive 1,714798 0,000344
fury 0,328504 0,000066
future 0,105361 0,000021
gabled 3,506558 0,000703
gaelic 3,218876 0,000646
gag 1,832581 0,000368
gain 0,040822 0,000025
gainsay 2,040221 0,000409
gallery 0,693147 0,000278
gallop 0,820981 0,000329
game 0,210721 0,000042
gap 0,843970 0,000169
gape 0,798508 0,000160
garden 0,150823 0,000030
gasp 0,579818 0,000233
gate 0,210721 0,000085
gateway 1,309333 0,000263
gather 0,061875 0,000012
gathering 0,415515 0,000083
gaunt 1,139434 0,000229
gaze 0,314711 0,000126
generation 0,127833 0,000051
generosity 0,798508 0,000160
generous 0,356675 0,000072
genius 0,400478 0,000080
gent 2,120264 0,000425
gentleman 0,223144 0,000090
gently 0,235722 0,000047
gentry 1,514128 0,000304
george 0,616186 0,000124
german 0,478036 0,000096
gesticulate 1,714798 0,000344
gesture 0,510826 0,000205
ghastly 0,867501 0,000174
ghost 0,462035 0,000093
giant 0,562119 0,000113
gift 0,210721 0,000042
gig 1,966113 0,000394
gigantic 0,994252 0,000199
gipsies 2,120264 0,000425
gipsy 2,302585 0,000462
girl 0,198451 0,000040
girlhood 2,207275 0,000443
girt 1,469676 0,000295
glad 0,072571 0,000015
glance 0,186330 0,000150
glare 0,733969 0,000294
glaring 0,967584 0,000194
glass 0,174353 0,000070
gleam 0,510826 0,000307
glee 1,309333 0,000263
glide 0,673345 0,000135
glimmer 0,967584 0,000388
glimpse 0,462035 0,000093
glitter 0,579818 0,000116
gloom 0,579818 0,000116
gloomy 0,462035 0,000093
glory 0,301105 0,000060
gloss 1,469676 0,000295
gloucester 2,525729 0,000507
glow 0,314711 0,000189
gnarl 1,514128 0,000304
gnaw 0,967584 0,000388
goal 0,274437 0,000055
goat 1,021651 0,000205
god 0,083382 0,000017
godless 1,966113 0,000394
gold 0,083382 0,000017
golden 0,342490 0,000069
goodness 0,328504 0,000066
goodwill 1,660731 0,000333
gorse 3,506558 0,000703
gossip 0,994252 0,000199
govern 0,186330 0,000037
gown 0,616186 0,000124
graciously 1,203973 0,000242
grandeur 0,994252 0,000199
granite 1,347074 0,000270
grant 0,061875 0,000012
grasp 0,274437 0,000165
grass 0,301105 0,000121
grassy 1,469676 0,000295
grate 0,673345 0,000135
gratefully 0,415515 0,000083
gratitude 0,478036 0,000096
grave 0,116534 0,000047
gravel 1,203973 0,000242
graven 1,771957 0,000355
graze 1,108663 0,000222
green 0,105361 0,000021
greet 0,653926 0,000131
greeting 0,798508 0,000160
grey 0,562119 0,000113
greyish 2,525729 0,000507
grief 0,356675 0,000072
grievance 1,108663 0,000222
grievously 1,714798 0,000344
grim 0,776529 0,000156
grin 0,733969 0,000147
grip 0,798508 0,000320
groan 0,446287 0,000179
grocer 1,832581 0,000368
groom 1,347074 0,000540
gross 0,235722 0,000047
grotesque 1,021651 0,000205
ground 0,030459 0,000006
grounds 0,446287 0,000090
grow 0,010050 0,000006
growth 0,430783 0,000086
guarantee 1,203973 0,000242
guard 0,083382 0,000033
guardian 0,597837 0,000120
guess 0,223144 0,000090
guesswork 2,659260 0,000533
guest 0,235722 0,000095
guide 0,083382 0,000067
guilt 0,544727 0,000109
guilty 0,356675 0,000072
guineas 1,427116 0,000286
gull 1,660731 0,000333
gum 1,386294 0,000278
gummed 3,506558 0,000703
gush 0,891598 0,000179
gutter 1,049822 0,000211
ha 0,891598 0,000179
habit 0,162519 0,000065
habitation 1,021651 0,000205
habitually 1,469676 0,000295
hackles 3,912023 0,000785
hail 0,415515 0,000083
hair 0,072571 0,000015
haired 0,820981 0,000165
hairy 1,078810 0,000216
hale 1,714798 0,000344
halfway 1,386294 0,000278
hall 0,274437 0,000055
halloa 2,120264 0,000425
halt 0,733969 0,000147
halted 0,843970 0,000169
hamlet 1,078810 0,000216
hamper 1,237874 0,000248
hand 0,010050 0,000006
handle 0,223144 0,000045
handsome 0,328504 0,000066
hang 0,198451 0,000040
hanging 0,235722 0,000047
hansom 2,302585 0,000462
happen 0,030459 0,000012
happiness 0,150823 0,000030
happy 0,061875 0,000012
hard 0,040822 0,000008
hardened 0,820981 0,000165
hardness 1,203973 0,000242
hardship 0,713350 0,000143
hardy 0,967584 0,000194
hark 1,139434 0,000229
harm 0,210721 0,000042
harmless 0,248461 0,000050
harry 1,203973 0,000242
harsh 0,462035 0,000093
hart 0,462035 0,000093
haste 0,371064 0,000074
hat 0,446287 0,000090
hateful 0,891598 0,000179
hatred 0,494296 0,000099
haughty 0,867501 0,000174
haunt 0,385662 0,000155
haze 1,514128 0,000304
hazel 1,897120 0,000381
hazy 1,771957 0,000355
head 0,000000 0,000000
headed 0,510826 0,000102
headquarters 1,660731 0,000333
heal 0,867501 0,000174
health 0,198451 0,000040
heap 0,248461 0,000100
hear 0,010050 0,000004
heart 0,010050 0,000004
hearted 0,415515 0,000083
hearth 0,843970 0,000169
heartily 0,597837 0,000120
hearty 0,616186 0,000124
heath 1,560648 0,000313
heaven 0,174353 0,000070
heavily 0,400478 0,000080
heavy 0,030459 0,000006
hedge 0,597837 0,000360
heel 0,356675 0,000143
height 0,210721 0,000042
heir 0,527633 0,000106
hellish 1,966113 0,000394
helpless 0,328504 0,000066
helplessly 1,514128 0,000304
henry 0,713350 0,000143
hesitate 0,314711 0,000126
hesitation 0,616186 0,000124
hide 0,072571 0,000029
hideous 0,527633 0,000106
hiding 0,616186 0,000124
highly 0,261365 0,000052
highroad 2,525729 0,000507
hilarity 1,966113 0,000394
hill 0,150823 0,000061
hillside 1,386294 0,000556
hindhead 3,912023 0,000785
hint 0,301105 0,000060
hip 1,078810 0,000216
hire 0,733969 0,000147
hiss 0,653926 0,000131
hist 2,120264 0,000425
history 0,186330 0,000037
hit 0,314711 0,000063
hitherto 0,385662 0,000077
hobby 2,040221 0,000409
hold 0,010050 0,000006
holder 0,430783 0,000086
hole 0,261365 0,000105
hollow 0,430783 0,000086
holmes 2,207275 0,000443
holy 0,371064 0,000074
homely 1,171183 0,000235
homeward 0,891598 0,000179
honest 0,235722 0,000047
honestly 0,843970 0,000169
honour 0,494296 0,000099
hope 0,000000 0,000000
hopeless 0,510826 0,000102
hopelessly 1,078810 0,000216
horizon 0,597837 0,000120
horrible 0,356675 0,000072
horribly 0,916291 0,000184
horror 0,198451 0,000040
horse 0,139262 0,000056
horseback 0,843970 0,000169
hospitable 1,078810 0,000216
hospital 0,755023 0,000151
hospitality 0,713350 0,000143
host 0,446287 0,000090
hot 0,116534 0,000023
hotel 0,820981 0,000329
hotly 1,347074 0,000270
hottentot 2,813411 0,000564
hound 0,843970 0,000339
hour 0,061875 0,000025
house 0,020203 0,000004
household 0,430783 0,000086
householder 2,659260 0,000533
housekeeper 1,139434 0,000229
houses 0,139262 0,000028
hover 0,653926 0,000131
howl 0,527633 0,000212
hue 0,776529 0,000156
huge 0,400478 0,000080
hugo 1,966113 0,000394
huguenots 2,995732 0,000601
hum 0,579818 0,000116
human 0,072571 0,000015
humble 0,261365 0,000052
humour 0,713350 0,000143
humoured 1,609438 0,000323
hunch 1,771957 0,000355
hung 0,174353 0,000035
hunt 0,371064 0,000149
hunter 0,579818 0,000233
hunting 0,462035 0,000093
hurl 0,798508 0,000320
hurriedly 0,891598 0,000179
hurry 0,162519 0,000065
hurt 0,150823 0,000030
husband 0,198451 0,000040
hush 0,527633 0,000212
hut 0,776529 0,000312
hypothesis 1,237874 0,000497
ice 0,527633 0,000106
idea 0,083382 0,000033
ideal 0,776529 0,000156
identification 0,527633 0,000106
identify 0,342490 0,000069
identity 1,021651 0,000205
idle 0,261365 0,000052
ignorant 0,301105 0,000060
illness 0,616186 0,000124
image 0,301105 0,000060
imagination 0,223144 0,000045
imagine 0,083382 0,000050
imagining 2,207275 0,000443
immaculate 1,714798 0,000344
immaterial 1,966113 0,000394
immemorial 1,714798 0,000344
immense 0,314711 0,000063
immutable 1,714798 0,000344
impaired 1,609438 0,000323
impassable 1,560648 0,000313
impassive 1,714798 0,000344
impatience 0,634878 0,000127
impatient 0,371064 0,000074
impatiently 0,634878 0,000127
impending 1,171183 0,000235
impenetrable 1,049822 0,000211
implicate 1,966113 0,000789
implicit 1,966113 0,000394
implicitly 1,832581 0,000368
implore 0,776529 0,000156
imply 0,235722 0,000047
import 0,843970 0,000169
impose 0,162519 0,000033
impossible 0,094311 0,000019
impress 0,634878 0,000255
impressed 0,510826 0,000102
impression 0,210721 0,000085
imprison 0,798508 0,000160
improvement 0,616186 0,000124
imprudent 1,469676 0,000295
impulse 0,400478 0,000080
inaccurate 0,510826 0,000102
inadequate 1,237874 0,000248
inadvertently 2,120264 0,000425
inception 2,995732 0,000601
incessant 0,941609 0,000189
incessantly 0,916291 0,000184
inch 0,430783 0,000173
incident 0,356675 0,000143
incidental 0,446287 0,000090
incidentally 1,609438 0,000323
incisive 2,659260 0,000533
incite 1,427116 0,000286
inclement 2,207275 0,000443
incline 0,733969 0,000294
inclined 0,186330 0,000037
include 0,072571 0,000058
income 0,798508 0,000160
incompatible 1,771957 0,000355
incomplete 0,301105 0,000060
inconceivable 1,078810 0,000216
inconclusive 2,525729 0,000507
inconvenient 1,237874 0,000248
increase 0,061875 0,000025
increasingly 2,525729 0,000507
incredible 0,653926 0,000131
incredulity 1,386294 0,000278
incredulously 2,302585 0,000462
incriminate 3,218876 0,000646
indebted 0,994252 0,000199
indefinite 1,309333 0,000263
indelibly 2,659260 0,000533
indemnify 0,446287 0,000090
indemnity 0,527633 0,000106
independent 0,510826 0,000102
indescribably 1,771957 0,000355
indication 0,798508 0,000320
indies 1,309333 0,000263
indifference 0,527633 0,000106
indifferent 0,400478 0,000080
indignation 0,510826 0,000102
indirect 0,446287 0,000090
indirectly 0,371064 0,000074
indiscreet 1,609438 0,000323
individual 0,139262 0,000056
indoor 2,659260 0,000533
indoors 1,469676 0,000295
indorse 2,813411 0,001129
induce 0,328504 0,000066
industry 0,843970 0,000169
inert 1,714798 0,000344
inexorably 2,659260 0,000533
inexplicable 1,171183 0,000235
infamous 1,049822 0,000211
infamy 1,139434 0,000229
infatuated 2,120264 0,000425
inference 1,386294 0,000556
infernal 0,843970 0,000169
infinite 0,430783 0,000086
infirm 1,714798 0,000344
influence 0,198451 0,000040
inform 0,198451 0,000080
infrequent 2,120264 0,000425
infringement 0,544727 0,000109
ingenious 0,693147 0,000139
inhabit 0,597837 0,000120
inhabitants 0,446287 0,000090
inherit 0,579818 0,000116
inheritance 0,798508 0,000160
inhospitable 1,714798 0,000344
initial 0,994252 0,000199
injunction 1,108663 0,000222
injure 0,356675 0,000072
injury 0,301105 0,000060
injustice 0,653926 0,000131
ink 0,916291 0,000184
inkling 1,427116 0,000286
inn 0,713350 0,000143
innocent 0,186330 0,000037
inquest 2,207275 0,000443
inquire 0,235722 0,000142
inquiry 0,446287 0,000179
inscrutable 1,514128 0,000304
insect 0,916291 0,000184
insensible 0,843970 0,000169
insignificant 0,891598 0,000179
insist 0,223144 0,000090
inspect 0,798508 0,000160
inspection 0,798508 0,000160
instance 0,116534 0,000023
instant 0,210721 0,000042
instantly 0,356675 0,000072
instinct 0,356675 0,000143
institute 1,203973 0,000242
instruction 0,328504 0,000066
instructive 1,469676 0,000295
instrument 0,248461 0,000050
intake 2,995732 0,000601
intellectual 0,235722 0,000047
intelligence 0,301105 0,000060
intend 0,094311 0,000057
intense 0,430783 0,000086
intensely 0,820981 0,000165
intensity 0,994252 0,000199
intent 0,494296 0,000099
intention 0,127833 0,000051
intently 0,891598 0,000179
interfere 0,415515 0,000167
interference 1,108663 0,000222
interminable 1,237874 0,000248
internal 0,261365 0,000052
international 0,494296 0,000099
interpret 0,235722 0,000047
interrogate 1,660731 0,000333
interrupt 0,562119 0,000113
interrupted 0,301105 0,000060
interruption 0,634878 0,000127
interval 0,301105 0,000060
intervene 0,713350 0,000143
interview 0,634878 0,000127
intimacy 0,843970 0,000169
intimate 0,430783 0,000086
intimately 1,309333 0,000263
intolerable 0,673345 0,000135
intolerant 2,040221 0,000409
intrigue 1,108663 0,000222
introduce 0,261365 0,000157
introduction 0,385662 0,000155
intrude 1,108663 0,000222
intrusion 1,237874 0,000248
invalid 1,078810 0,000216
invalidity 0,527633 0,000106
invaluable 1,386294 0,000278
investigate 0,820981 0,000329
investigation 0,713350 0,000286
investigator 2,040221 0,000409
invisible 0,562119 0,000113
invitation 0,494296 0,000099
invoke 1,469676 0,000295
involved 0,579818 0,000116
iron 0,162519 0,000033
ironical 1,386294 0,000278
irregular 0,733969 0,000147
irrelevant 2,120264 0,000425
irresolute 1,427116 0,000286
irresolution 2,302585 0,000462
irretrievably 2,995732 0,000601
irrevocable 1,609438 0,000323
irs 0,562119 0,000113
island 0,400478 0,000080
islands 0,755023 0,000151
issue 0,198451 0,000040
item 1,139434 0,000229
ivy 1,272966 0,000255
jack 0,755023 0,000151
jackson 1,714798 0,000344
jagged 1,560648 0,000313
james 0,673345 0,000135
jaunty 2,407946 0,000483
jaw 0,544727 0,000219
jawed 2,995732 0,000601
jealousy 0,430783 0,000086
jerky 2,659260 0,000533
jessamine 2,995732 0,000601
john 0,328504 0,000066
johnson 1,514128 0,000304
joke 0,356675 0,000072
jolt 1,514128 0,000304
journal 0,916291 0,000184
journey 0,150823 0,000061
jove 1,108663 0,000222
joy 0,127833 0,000026
judge 0,061875 0,000012
judicial 1,309333 0,000263
jumpy 3,912023 0,000785
juncture 1,386294 0,000278
june 0,527633 0,000106
jury 1,108663 0,000222
juryman 2,302585 0,000462
justice 0,162519 0,000033
justification 1,139434 0,000229
justified 0,693147 0,000139
justly 0,653926 0,000131
jut 1,609438 0,000323
keen 0,371064 0,000074
keenly 0,967584 0,000194
keeping 1,078810 0,000216
kennel 1,660731 0,000333
kerchief 1,832581 0,000368
key 0,342490 0,000069
kill 0,083382 0,000033
kin 1,139434 0,000229
kindly 0,223144 0,000045
kindness 0,274437 0,000055
kinsman 1,469676 0,000295
kitchen 0,562119 0,000113
knee 0,150823 0,000061
knight 1,272966 0,000255
knit 0,673345 0,000135
knock 0,287682 0,000058
knowing 2,525729 0,000507
knowledge 0,061875 0,000012
labour 0,562119 0,000226
lace 0,867501 0,000174
lack 0,371064 0,000074
lad 0,653926 0,000131
lady 0,162519 0,000065
lair 1,427116 0,000286
lake 0,162519 0,000033
lamp 0,400478 0,000161
lancet 2,302585 0,000462
land 0,051293 0,000021
landmark 1,832581 0,000368
landscape 0,820981 0,000165
lane 0,653926 0,000131
language 0,072571 0,000015
languid 1,049822 0,000211
lantern 0,843970 0,000169
lash 0,562119 0,000113
lass 1,966113 0,000394
latch 1,309333 0,000263
late 0,094311 0,000019
lattice 1,609438 0,000323
latticed 2,302585 0,000462
laugh 0,094311 0,000057
laughter 0,274437 0,000055
laura 2,813411 0,000564
law 0,020203 0,000008
lawsuit 1,832581 0,000368
lawyer 0,673345 0,000135
lay 0,030459 0,000018
lead 0,020203 0,000012
leaded 2,659260 0,000533
leader 0,356675 0,000072
leading 0,139262 0,000028
league 0,653926 0,000131
lean 0,127833 0,000051
leap 0,287682 0,000115
learn 0,020203 0,000008
leather 0,527633 0,000212
leave -0,009950 -0,000006
leeds 2,813411 0,000564
left 0,000000 0,000000
leg 0,235722 0,000047
legacy 1,560648 0,000313
legal 0,261365 0,000052
legally 0,342490 0,000069
legend 0,820981 0,000329
legible 1,966113 0,000394
legislation 1,966113 0,000394
leisure 0,579818 0,000116
lengthen 0,994252 0,000199
lens 2,407946 0,000483
lepidoptera 3,912023 0,000785
les 1,514128 0,000304
lesson 0,287682 0,000058
letter 0,072571 0,000029
level 0,210721 0,000042
liability 0,462035 0,000093
liable 0,235722 0,000047
liberal 0,597837 0,000120
library 0,223144 0,000045
license 0,301105 0,000060
licensed 0,430783 0,000086
lichen 2,120264 0,000425
lid 0,597837 0,000120
lie 0,020203 0,000016
lieu 0,415515 0,000083
life -0,009950 -0,000004
lifeless 1,108663 0,000222
lifetime 0,843970 0,000169
lift 0,116534 0,000047
light 0,000000 0,000000
lighted 0,261365 0,000052
lightly 0,430783 0,000086
limb 0,248461 0,000100
limit 0,287682 0,000058
limitation 0,371064 0,000074
limited 0,261365 0,000052
limp 1,108663 0,000222
linen 0,527633 0,000106
link 0,174353 0,000070
lintel 2,525729 0,000507
lioness 2,120264 0,000425
lip 0,127833 0,000051
lipped 1,966113 0,000394
lisp 1,714798 0,000344
lisping 2,407946 0,000483
list 0,301105 0,000060
listen 0,105361 0,000042
literary 0,287682 0,000058
litigation 2,302585 0,000462
litter 0,843970 0,000339
live 0,010050 0,000004
lively 0,385662 0,000077
livid 1,171183 0,000235
living 0,020203 0,000004
loaf 0,867501 0,000174
loath 1,427116 0,000286
local 0,713350 0,000143
localise 3,506558 0,000703
locate 0,371064 0,000074
location 0,494296 0,000099
lock 0,162519 0,000098
lodge 0,494296 0,000198
loft 1,771957 0,000355
lofty 0,494296 0,000099
log 0,798508 0,000160
logical 1,021651 0,000205
loiter 1,347074 0,000270
loiterer 3,218876 0,000646
london 0,415515 0,000083
loneliness 1,347074 0,000270
lonely 0,400478 0,000080
loom 1,078810 0,000433
loophole 1,660731 0,000333
loose 0,094311 0,000038
looseness 2,995732 0,000601
lord 0,223144 0,000045
lose 0,000000 0,000000
loss 0,083382 0,000017
lot 0,051293 0,000010
loud 0,105361 0,000042
loudly 0,400478 0,000080
love 0,030459 0,000012
lovely 0,462035 0,000093
lover 0,356675 0,000072
luck 0,446287 0,000090
lucky 0,494296 0,000099
luggage 1,203973 0,000242
luminous 1,078810 0,000216
lunch 0,967584 0,000582
luncheon 1,427116 0,000286
lure 1,108663 0,000222
lurk 0,616186 0,000494
lush 2,813411 0,000564
luxuriant 1,427116 0,000286
machine 0,210721 0,000042
mad 0,235722 0,000095
madam 0,967584 0,000194
madly 1,272966 0,000255
madman 0,941609 0,000189
magnate 2,659260 0,000533
maid 0,415515 0,000083
maiden 0,673345 0,000135
main 0,127833 0,000026
maintain 0,094311 0,000019
malevolent 1,966113 0,000394
malignancy 3,218876 0,000646
malignant 1,139434 0,000229
malignantly 2,407946 0,000483
manage 0,261365 0,000105
management 0,843970 0,000169
manager 0,597837 0,000120
mangle 1,897120 0,000381
mangled 1,660731 0,000333
manifest 0,478036 0,000096
manner 0,040822 0,000008
mannered 1,609438 0,000323
manor 1,560648 0,000313
manorial 3,506558 0,000703
manservant 2,525729 0,000507
manuscript 0,967584 0,000194
map 0,916291 0,000184
mar 1,108663 0,000222
marble 0,562119 0,000113
march 0,223144 0,000045
mare 1,203973 0,000242
mark 0,105361 0,000063
marked 0,061875 0,000012
marriage 0,314711 0,000063
married 0,248461 0,000050
marry 0,356675 0,000072
marvel 0,693147 0,000139
marvellous 0,891598 0,000179
mask 0,673345 0,000270
master 0,072571 0,000044
masterful 1,966113 0,000394
masters 0,446287 0,000090
mastiff 1,660731 0,000333
mat 0,820981 0,000165
match 0,301105 0,000060
material 0,261365 0,000052
matter 0,000000 0,000000
maxillary 2,995732 0,000601
maximum 0,478036 0,000096
mayor 1,514128 0,000304
maze 1,272966 0,000255
meal 0,261365 0,000052
meaning 0,186330 0,000037
measure 0,127833 0,000026
meat 0,356675 0,000072
mechanical 0,843970 0,000169
medical 1,021651 0,000205
medium 0,223144 0,000045
meek 1,272966 0,000255
meekly 1,469676 0,000295
meet 0,010050 0,000006
meeting 0,162519 0,000033
melancholy 0,342490 0,000069
mellow 1,427116 0,000286
memory 0,162519 0,000065
menacing 1,272966 0,000255
mental 0,430783 0,000086
mention 0,105361 0,000042
merchantability 0,994252 0,000199
mercury 1,203973 0,000242
mercy 0,210721 0,000042
mere 0,094311 0,000019
merge 1,469676 0,000295
merriment 1,139434 0,000229
mesh 1,609438 0,000323
message 0,356675 0,000072
messenger 0,562119 0,000113
method 0,094311 0,000038
miasmatic 3,912023 0,000785
michael 0,400478 0,000080
michaelmas 2,659260 0,000533
middle 0,030459 0,000006
mighty 0,328504 0,000066
mild 0,430783 0,000086
mile 0,174353 0,000070
mind 0,020203 0,000008
minded 0,400478 0,000080
miner 2,120264 0,000425
mingle 0,356675 0,000072
minister 0,562119 0,000113
minstrel 1,832581 0,000368
minute 0,150823 0,000061
mire 1,049822 0,000211
miry 2,525729 0,000507
miscalculation 2,995732 0,000601
miscarry 1,832581 0,000368
mischief 0,494296 0,000099
mischievous 1,078810 0,000216
miserable 0,210721 0,000042
misery 0,248461 0,000050
misfortune 0,400478 0,000080
mislay 2,120264 0,000425
missing 1,386294 0,000278
mission 0,210721 0,000042
mississippi 0,415515 0,000083
mist 0,430783 0,000086
mistake 0,186330 0,000037
mistaken 0,261365 0,000052
mister 1,832581 0,000368
mistress 0,478036 0,000096
mixture 0,597837 0,000120
moan 0,653926 0,000394
moderate 0,579818 0,000116
modern 0,301105 0,000060
modest 0,371064 0,000074
modification 0,478036 0,000096
modify 0,356675 0,000072
moment 0,010050 0,000004
money 0,051293 0,000010
monkey 0,941609 0,000189
monograph 2,995732 0,000601
monolith 3,912023 0,000785
monotonous 1,078810 0,000216
monsieur 1,427116 0,000286
monstrous 0,400478 0,000080
month 0,040822 0,000008
mood 0,462035 0,000093
moon 0,261365 0,000052
moonlight 0,673345 0,000135
moor 0,994252 0,000199
moorland 2,525729 0,001013
mope 2,407946 0,000483
morass 2,040221 0,000409
morning 0,040822 0,000016
mortal 0,314711 0,000063
mortimer 2,995732 0,000601
moss 1,049822 0,000211
moth 1,714798 0,000688
mother 0,072571 0,000015
motionless 0,544727 0,000109
motive 0,356675 0,000143
mottled 2,120264 0,000425
mould 0,755023 0,000151
mount 0,210721 0,000042
mountain 0,400478 0,000080
mourn 0,994252 0,000199
mourning 0,673345 0,000135
mouth 0,061875 0,000012
mouthful 1,237874 0,000248
movement 0,287682 0,000115
mud 0,462035 0,000093
muffle 1,108663 0,000222
mullioned 2,995732 0,000601
murder 0,248461 0,000150
murderer 0,733969 0,000147
murderous 1,078810 0,000216
murmur 0,287682 0,000058
murphy 2,659260 0,000533
museum 1,139434 0,000229
musical 0,579818 0,000116
mute 0,776529 0,000156
mutilate 1,427116 0,000286
mutter 0,653926 0,000262
mutual 0,510826 0,000102
muzzle 1,171183 0,000235
mysterious 0,314711 0,000063
mystery 0,235722 0,000095
nail 0,356675 0,000143
naked 0,274437 0,000055
narrative 0,579818 0,000116
narrow 0,094311 0,000019
natural 0,094311 0,000019
naturalist 1,832581 0,000368
naturally 0,210721 0,000042
nature 0,094311 0,000019
natured 0,733969 0,000147
nearer 0,400478 0,000080
neck 0,174353 0,000035
negative 0,916291 0,000184
neglect 0,274437 0,000055
negligence 0,415515 0,000083
negro 0,967584 0,000194
neighbour 0,510826 0,000205
neighbourhood 0,776529 0,000156
neolithic 3,912023 0,000785
nephew 0,891598 0,000179
nerve 0,371064 0,000149
nervous 0,494296 0,000099
nervously 1,203973 0,000242
nets 3,506558 0,000703
network 0,415515 0,000083
neutral 1,609438 0,000323
newcastle 2,207275 0,000443
newcomer 1,560648 0,000313
news 0,210721 0,000042
newsletter 0,562119 0,000113
newspaper 0,693147 0,000139
niche 1,714798 0,000344
night 0,010050 0,000004
nightly 1,171183 0,000235
nip 1,427116 0,000286
nocturnal 1,272966 0,000255
noise 0,139262 0,000056
noiselessly 1,237874 0,000248
noisy 0,776529 0,000156
nonpareil 3,912023 0,000785
nonproprietary 0,562119 0,000113
nonsense 0,478036 0,000096
north 0,083382 0,000017
nose 0,261365 0,000052
nostril 0,798508 0,000160
note 0,094311 0,000057
notice 0,020203 0,000008
notify 0,371064 0,000074
notion 0,314711 0,000063
notorious 1,049822 0,000211
nouveaux 3,506558 0,000703
november 0,544727 0,000109
numb 1,514128 0,000304
numerous 0,235722 0,000047
nurse 0,301105 0,000060
nursery 1,347074 0,000270
oak 0,673345 0,000135
oaks 1,237874 0,000248
oath 0,385662 0,000077
obedience 0,494296 0,000099
obey 0,223144 0,000045
object 0,105361 0,000021
objection 0,400478 0,000080
oblige 0,210721 0,000085
obscene 1,660731 0,000333
observation 0,446287 0,000090
observations 0,867501 0,000174
observe 0,094311 0,000076
obsolete 0,446287 0,000090
obstacle 0,510826 0,000102
obvious 0,415515 0,000083
occasion 0,105361 0,000042
occasional 0,510826 0,000102
occasionally 0,371064 0,000074
occupant 1,203973 0,000242
occupation 0,371064 0,000074
occupy 0,174353 0,000070
occur 0,083382 0,000050
occurrence 0,693147 0,000139
ocean 0,415515 0,000083
october 0,653926 0,000131
odds 1,108663 0,000222
odour 1,021651 0,000205
offer 0,020203 0,000012
office 0,072571 0,000029
officer 0,314711 0,000063
official 0,223144 0,000045
olive 0,994252 0,000199
oliver 2,207275 0,000443
omen 1,171183 0,000235
onerous 2,995732 0,000601
online 0,510826 0,000102
onward 1,108663 0,000222
ooze 1,427116 0,000286
openly 0,494296 0,000099
opinion 0,105361 0,000021
opponent 1,108663 0,000445
opportunity 0,061875 0,000025
opposition 0,494296 0,000099
orbital 3,506558 0,000703
orchard 1,514128 0,000304
orchid 3,218876 0,001291
ordeal 1,660731 0,000333
ordinary 0,186330 0,000037
ordnance 2,302585 0,000462
organic 1,832581 0,000368
organized 0,356675 0,000072
origin 0,527633 0,000106
original 0,105361 0,000021
originally 0,673345 0,000135
originator 0,478036 0,000096
ornament 0,527633 0,000106
outburst 1,272966 0,000255
outcome 1,714798 0,000344
outdated 0,562119 0,000113
outfit 1,171183 0,000235
outhouse 1,897120 0,000381
outline 0,579818 0,000233
outlook 1,714798 0,000344
outlying 2,659260 0,000533
outpace 3,506558 0,000703
outrage 0,891598 0,000179
outset 1,237874 0,000248
overcoat 1,609438 0,000323
overcome 0,198451 0,000040
overhang 1,171183 0,000235
overhear 0,994252 0,000199
overlap 2,525729 0,000507
overlook 0,527633 0,000106
overtake 0,400478 0,000321
overwhelmed 0,891598 0,000179
owe 0,105361 0,000063
owner 0,083382 0,000017
oxford 1,272966 0,000255
pace 0,186330 0,000112
pacify 1,272966 0,000255
pack 0,579818 0,000116
padlocked 2,525729 0,000507
pain 0,051293 0,000021
painful 0,328504 0,000066
paint 0,274437 0,000055
pair 0,210721 0,000085
pale 0,186330 0,000037
paler 1,386294 0,000278
pallid 1,237874 0,000248
pane 1,078810 0,000216
panelling 2,813411 0,000564
pannikin 2,995732 0,000601
panting 0,597837 0,000120
paper 0,083382 0,000033
paperwork 0,562119 0,000113
paragraph 0,328504 0,000132
parallel 0,843970 0,000169
paralyze 1,660731 0,000999
pardon 0,287682 0,000115
parietal 3,506558 0,000703
parish 0,916291 0,000368
park 0,713350 0,000143
paroxysm 1,347074 0,000270
particle 0,967584 0,000194
particulars 0,776529 0,000156
partly 0,301105 0,000060
party 0,030459 0,000006
pass 0,020203 0,000012
passage 0,105361 0,000021
passing 0,094311 0,000019
passion 0,174353 0,000070
passionate 0,634878 0,000127
passionately 0,941609 0,000189
paste 1,386294 0,000834
pasture 1,108663 0,000222
patch 0,616186 0,000247
patched 1,427116 0,000286
patent 0,941609 0,000189
path 0,150823 0,000061
pathological 3,218876 0,000646
pathology 2,995732 0,000601
pathway 1,469676 0,000295
patience 0,139262 0,000028
patient 0,274437 0,000055
patiently 0,733969 0,000147
patter 1,203973 0,000242
pause 0,314711 0,000126
paw 1,021651 0,000205
pay 0,030459 0,000024
payer 2,995732 0,000601
payment 0,274437 0,000055
peace 0,094311 0,000019
peaceful 0,478036 0,000096
peach 1,514128 0,000304
peak 0,916291 0,000184
peal 1,078810 0,000216
peasant 0,798508 0,000320
peat 2,525729 0,000507
peaty 3,218876 0,000646
peculiar 0,223144 0,000045
peculiarity 0,755023 0,000151
pedestal 1,469676 0,000295
peep 0,634878 0,000127
peer 0,616186 0,000124
peered 1,237874 0,000248
pen 0,235722 0,000095
penang 3,506558 0,000703
pencil 0,616186 0,000124
penetrate 0,415515 0,000167
peninsula 1,897120 0,000381
penny 0,634878 0,000127
peoples 1,514128 0,000304
perceive 0,198451 0,000040
perceptibly 1,771957 0,000355
perchance 1,386294 0,000278
peremptory 1,714798 0,000344
perfect 0,061875 0,000012
perfectly 0,162519 0,000033
perform 0,072571 0,000044
performance 0,127833 0,000026
perfume 0,941609 0,000189
perilous 0,798508 0,000160
period 0,235722 0,000047
periodic 0,544727 0,000109
periodically 2,525729 0,000507
perish 0,462035 0,000093
permanent 0,223144 0,000045
permanently 1,386294 0,000278
permission 0,150823 0,000030
permit 0,094311 0,000038
perplexity 0,755023 0,000151
persecute 0,994252 0,000199
persecution 1,108663 0,000222
perseverance 1,108663 0,000222
person -0,009950 -0,000004
personal 0,223144 0,000045
personification 1,897120 0,000381
persuade 0,223144 0,000045
pet 0,891598 0,000179
phantom 0,967584 0,000194
phosphorus 2,813411 0,000564
photograph 1,347074 0,000270
phrase 0,139262 0,000056
physical 0,198451 0,000040
physician 0,693147 0,000139
pick 0,223144 0,000045
picker 2,407946 0,000483
picnic 1,897120 0,000381
picture 0,139262 0,000084
piece 0,020203 0,000008
pierce 0,356675 0,000143
pike 1,347074 0,000270
pile 0,328504 0,000066
pillar 0,597837 0,000240
pin 0,478036 0,000096
pine 0,462035 0,000093
pink 0,820981 0,000165
pinnacle 1,660731 0,000333
pinpoint 3,218876 0,000646
pipe 0,385662 0,000077
pique 1,560648 0,000313
pistol 0,820981 0,000329
pistolling 3,912023 0,000785
pit 0,597837 0,000240
pitch 0,261365 0,000052
piteous 1,272966 0,000255
pittance 2,302585 0,000462
pity 0,139262 0,000028
placid 1,203973 0,000242
plague 0,673345 0,000135
plain 0,040822 0,000008
plainly 0,261365 0,000052
plan 0,198451 0,000080
plank 0,673345 0,000135
planning 1,021651 0,000205
plant 0,186330 0,000075
plate 0,314711 0,000063
platform 0,843970 0,000169
play 0,040822 0,000025
pleasant 0,162519 0,000033
pleased 0,150823 0,000030
pleasure 0,051293 0,000010
pledge 0,634878 0,000127
plenty 0,235722 0,000047
plot 0,693147 0,000139
plough 0,941609 0,000189
pluck 0,371064 0,000149
plume 0,994252 0,000199
plumed 1,832581 0,000368
plunge 0,314711 0,000063
plymouth 2,407946 0,000483
poach 2,995732 0,000601
pocket 0,371064 0,000074
pocketbook 2,120264 0,000425
poise 1,203973 0,000242
poisonous 1,272966 0,000255
police 0,755023 0,000151
policeman 1,237874 0,000248
polished 0,673345 0,000135
pony 1,469676 0,000590
pool 0,693147 0,000278
poor 0,020203 0,000004
pope 0,941609 0,000189
popular 0,430783 0,000086
popularity 1,427116 0,000286
porch 0,891598 0,000179
porter 0,941609 0,000378
portion 0,301105 0,000060
portrait 0,597837 0,000240
pose 1,021651 0,000205
position 0,162519 0,000033
positive 0,597837 0,000120
positively 0,776529 0,000156
possess 0,061875 0,000050
possession 0,083382 0,000017
possessor 0,994252 0,000199
possibility 0,150823 0,000030
post 0,051293 0,000031
postmaster 2,525729 0,000507
postpone 1,021651 0,000205
postscript 1,771957 0,000355
pot 0,478036 0,000192
pound 0,314711 0,000126
pour 0,116534 0,000047
power 0,030459 0,000012
powerful 0,223144 0,000045
powerless 1,139434 0,000229
practical 0,494296 0,000099
practically 0,235722 0,000047
practice 0,116534 0,000023
practise 0,510826 0,000102
practitioner 2,040221 0,000409
prairie 1,966113 0,000394
praise 0,274437 0,000055
pray 0,261365 0,000105
prayer 0,287682 0,000058
precaution 0,733969 0,000294
precede 0,385662 0,000077
precious 0,162519 0,000033
precipice 1,021651 0,000205
precipitous 1,897120 0,000381
precise 0,776529 0,000156
precisely 0,510826 0,000102
predict 1,139434 0,000229
prefer 0,174353 0,000070
prehistoric 2,525729 0,000507
preoccupation 2,302585 0,000462
preoccupy 1,386294 0,000278
preparation 0,328504 0,000132
prepare 0,116534 0,000023
prepared 0,105361 0,000021
presence 0,094311 0,000019
presentation 1,386294 0,000278
preserve 0,083382 0,000033
press 0,105361 0,000042
pressed 0,274437 0,000055
pressure 0,527633 0,000106
presume 0,462035 0,000185
presumption 0,994252 0,000199
pretend 0,186330 0,000075
pretext 0,891598 0,000179
prettily 1,469676 0,000295
pretty 0,150823 0,000030
prevent 0,040822 0,000016
previous 0,094311 0,000019
prey 0,478036 0,000096
price 0,314711 0,000063
pride 0,150823 0,000030
prim 2,040221 0,000409
print 0,116534 0,000070
prison 0,248461 0,000050
prisoner 0,356675 0,000072
private 0,198451 0,000040
privilege 0,527633 0,000106
prize 0,494296 0,000099
probability 0,733969 0,000294
probable 0,494296 0,000099
proceed 0,116534 0,000047
proceeding 0,510826 0,000102
proceedings 0,713350 0,000143
processing 0,562119 0,000113
procure 0,415515 0,000083
produce 0,061875 0,000025
production 0,274437 0,000055
profane 1,021651 0,000205
profess 0,616186 0,000247
profession 0,446287 0,000090
professional 0,820981 0,000329
professor 0,261365 0,000052
profile 1,347074 0,000540
profit 0,083382 0,000033
programme 1,560648 0,000313
progress 0,162519 0,000033
prohibition 0,415515 0,000083
project -0,009950 -0,000006
prolonged 0,597837 0,000120
prominently 0,494296 0,000099
promise 0,051293 0,000021
promote 0,274437 0,000055
promotion 0,342490 0,000069
prompt 0,478036 0,000096
promptness 2,207275 0,000443
proof 0,274437 0,000110
proofread 0,562119 0,000113
proper 0,061875 0,000012
property 0,127833 0,000026
propitious 1,469676 0,000295
proportion 0,235722 0,000047
propose 0,186330 0,000075
proposition 0,820981 0,000165
proprietary 0,562119 0,000113
prosaic 2,407946 0,000483
prosecute 1,078810 0,000216
prospect 0,430783 0,000086
prosperity 0,820981 0,000165
prosperous 0,891598 0,000179
prostrate 0,673345 0,000135
protect 0,139262 0,000084
protection 0,314711 0,000063
protective 2,525729 0,000507
protest 0,342490 0,000069
prove 0,083382 0,000050
provide 0,127833 0,000051
providence 0,693147 0,000139
provision 0,094311 0,000038
prowl 1,309333 0,000263
psychology 1,897120 0,000381
public 0,083382 0,000017
publicity 2,040221 0,000409
puffing 1,771957 0,000355
pugnacious 2,659260 0,000533
pull 0,127833 0,000026
punctual 1,309333 0,000263
punish 0,314711 0,000126
punitive 0,562119 0,000113
pure 0,139262 0,000028
puritanical 2,995732 0,000601
purloin 2,207275 0,000443
purpose 0,040822 0,000016
purposeful 3,506558 0,000703
purposeless 2,120264 0,000425
pursue 0,186330 0,000112
pursuit 0,287682 0,000058
push 0,139262 0,000056
puzzle 0,941609 0,000378
puzzled 0,494296 0,000099
quagmire 3,218876 0,000646
quality 0,186330 0,000037
quantity 0,478036 0,000096
quarry 1,171183 0,000235
quarter 0,105361 0,000042
queen 0,415515 0,000083
queer 0,776529 0,000312
quest 0,776529 0,000312
question 0,020203 0,000008
questionable 1,714798 0,000344
questioning 0,755023 0,000151
quick 0,127833 0,000026
quicken 0,798508 0,000160
quickness 1,237874 0,000248
quiet 0,094311 0,000019
quietly 0,261365 0,000052
quit 0,462035 0,000093
quiver 0,494296 0,000198
quote 0,755023 0,000303
race 0,162519 0,000033
racing 1,427116 0,000286
radius 2,120264 0,000425
rafter 1,714798 0,000344
rage 0,139262 0,000028
ragged 0,776529 0,000156
railway 1,171183 0,000235
rain 0,150823 0,000091
raise 0,020203 0,000008
rake 1,139434 0,000229
rank 0,223144 0,000045
rapidly 0,371064 0,000074
rare 0,261365 0,000052
rascal 0,867501 0,000348
rash 0,891598 0,000179
rate 0,261365 0,000052
rattle 0,616186 0,000124
ravens 1,897120 0,000381
raw 0,713350 0,000143
ray 0,462035 0,000093
reach 0,000000 0,000000
reaction 1,237874 0,000248
read 0,020203 0,000008
readable 0,510826 0,000102
reader 0,301105 0,000060
readiness 0,634878 0,000127
readjust 2,040221 0,000409
ready 0,030459 0,000006
real 0,040822 0,000008
realise 1,021651 0,000410
reality 0,301105 0,000060
realm 0,867501 0,000174
rear 0,371064 0,000074
reason 0,010050 0,000006
reasonable 0,116534 0,000023
reasoner 2,407946 0,000483
reassure 0,820981 0,000165
rebellion 0,941609 0,000189
recall 0,235722 0,000047
recapture 2,120264 0,000425
receipt 0,261365 0,000052
receive 0,040822 0,000033
recess 1,021651 0,000205
recital 1,427116 0,000286
reckless 1,049822 0,000211
reckon 0,385662 0,000077
recognition 0,713350 0,000143
recognize 0,733969 0,000442
recollection 0,527633 0,000212
recommend 0,400478 0,000161
reconcile 0,597837 0,000120
reconstruct 1,966113 0,000394
reconstruction 2,302585 0,000462
record 0,223144 0,000090
recover 0,127833 0,000051
recruit 1,309333 0,000263
recur 0,941609 0,000378
red 0,061875 0,000012
redistribute 0,544727 0,000109
redistributing 0,562119 0,000113
redistribution 0,562119 0,000113
reed 0,941609 0,000189
reek 1,469676 0,000295
reenter 2,525729 0,000507
refer 0,223144 0,000090
reference 0,198451 0,000080
refine 0,755023 0,000151
reflect 0,235722 0,000047
reflection 0,274437 0,000055
refold 3,506558 0,000703
refresh 0,446287 0,000090
refuge 0,446287 0,000090
refund 0,562119 0,000113
refurnish 3,218876 0,000646
refuse 0,083382 0,000033
regain 0,634878 0,000127
regard 0,083382 0,000033
regency 2,995732 0,000601
regent 1,660731 0,000333
regina 2,813411 0,000564
region 0,462035 0,000093
register 0,287682 0,000115
registry 2,813411 0,000564
regret 0,342490 0,000137
regular 0,287682 0,000058
regulate 0,210721 0,000042
reign 0,430783 0,000086
reincarnation 3,506558 0,000703
reject 0,478036 0,000096
rejoice 0,400478 0,000080
rejoin 0,776529 0,000156
relate 0,415515 0,000083
relation 0,223144 0,000090
relax 1,108663 0,000222
relaxation 1,771957 0,000355
release 0,105361 0,000021
relief 0,186330 0,000037
relieve 0,198451 0,000040
remain 0,040822 0,000025
remainder 0,597837 0,000120
remains 0,150823 0,000030
remark 0,223144 0,000090
remarkable 0,235722 0,000047
remarks 0,462035 0,000093
remedy 0,150823 0,000030
remember 0,030459 0,000018
remembrance 0,733969 0,000147
remove 0,040822 0,000025
rename 0,544727 0,000109
render 0,186330 0,000037
rendezvous 1,560648 0,000313
renew 0,314711 0,000063
renovated 2,659260 0,000533
repair 0,342490 0,000137
repay 0,673345 0,000135
repeat 0,051293 0,000021
repentance 0,798508 0,000160
replace 0,198451 0,000080
replacement 0,544727 0,000109
reply 0,105361 0,000042
report 0,051293 0,000041
represent 0,210721 0,000042
representation 0,261365 0,000052
representative 0,820981 0,000165
repress 0,867501 0,000174
reproach 0,301105 0,000121
reprove 1,237874 0,000248
reputation 0,342490 0,000069
repute 1,108663 0,000222
request 0,105361 0,000021
require 0,051293 0,000010
required 0,083382 0,000017
requirement 0,400478 0,000080
rescue 0,494296 0,000099
resemble 0,400478 0,000080
reside 0,713350 0,000143
residence 0,653926 0,000131
resident 1,203973 0,000483
residue 2,207275 0,000443
resignation 0,994252 0,000199
resist 0,274437 0,000165
resistance 0,430783 0,000086
resonant 2,407946 0,000483
resource 0,544727 0,000219
respect 0,040822 0,000008
respectable 0,430783 0,000086
respectful 0,755023 0,000151
responsibility 0,733969 0,000147
responsible 0,693147 0,000139
rest 0,010050 0,000006
restless 0,478036 0,000096
restlessly 1,514128 0,000304
restoration 1,272966 0,000255
restore 0,223144 0,000045
restraint 0,713350 0,000143
restriction 0,371064 0,000074
result 0,174353 0,000035
resume 0,301105 0,000060
retain 0,235722 0,000095
reticent 2,525729 0,000507
retire 0,415515 0,000167
retired 0,342490 0,000069
retrace 1,237874 0,000248
retreat 0,342490 0,000069
retrospection 3,218876 0,000646
return 0,010050 0,000008
reveal 0,223144 0,000090
reveller 2,120264 0,000425
revenue 0,342490 0,000069
revere 1,427116 0,000286
reverence 0,579818 0,000116
reverential 1,897120 0,000381
reversion 2,995732 0,000601
revoir 2,407946 0,000483
revolver 1,514128 0,000304
rib 0,843970 0,000169
rich 0,116534 0,000047
riches 0,798508 0,000160
rid 0,223144 0,000045
riddle 0,891598 0,000179
ride 0,261365 0,000157
ridge 0,891598 0,000179
rifle 1,078810 0,000433
rift 1,560648 0,000313
rigid 0,820981 0,000165
rimmed 2,040221 0,000409
ringlet 1,897120 0,000381
ripen 0,941609 0,000189
ripple 0,820981 0,000165
rise 0,030459 0,000024
risk 0,301105 0,000060
rival 0,494296 0,000099
road 0,116534 0,000023
roar 0,356675 0,000072
roaring 0,693147 0,000139
robinson 1,660731 0,000333
robust 0,967584 0,000194
rock 0,186330 0,000075
rodger 3,912023 0,000785
rodney 3,218876 0,000646
roll 0,150823 0,000121
roller 2,120264 0,000425
romantic 0,891598 0,000179
roof 0,186330 0,000112
rope 0,430783 0,000086
ross 2,302585 0,000462
rot 0,798508 0,000160
rough 0,186330 0,000037
roughen 2,407946 0,000483
roughly 0,544727 0,000109
roughshod 3,506558 0,000703
rounded 1,021651 0,000205
routine 1,237874 0,000248
row 0,385662 0,000155
royalty 0,371064 0,000149
rub 0,342490 0,000137
rubbish 1,108663 0,000222
ruddy 0,967584 0,000194
rude 0,342490 0,000069
rudeness 1,203973 0,000242
rueful 2,120264 0,000425
ruffianly 2,995732 0,000601
rug 1,203973 0,000242
rugged 0,798508 0,000160
ruin 0,116534 0,000023
rule 0,030459 0,000006
rumble 1,171183 0,000235
rumour 1,078810 0,000216
runner 1,469676 0,000295
ruse 1,771957 0,000355
rush 0,127833 0,000077
russet 1,966113 0,000394
russia 1,309333 0,000263
rustle 0,967584 0,000194
rustling 1,203973 0,000242
rusty 1,078810 0,000216
sacred 0,415515 0,000083
sad 0,223144 0,000090
saddle 0,755023 0,000151
sadly 0,510826 0,000102
sadness 0,820981 0,000165
safe 0,116534 0,000047
safely 0,371064 0,000074
safety 0,356675 0,000072
saintly 1,966113 0,000394
saints 1,049822 0,000211
sake 0,083382 0,000017
salt 0,105361 0,000021
salute 0,634878 0,000127
sane 1,309333 0,000263
sanity 1,832581 0,000368
satisfaction 0,186330 0,000037
satisfactory 0,562119 0,000113
satisfy 0,061875 0,000025
saturday 0,843970 0,000169
saunter 1,309333 0,000263
savage 0,248461 0,000100
save 0,010050 0,000004
scaffold 1,514128 0,000304
scale 0,274437 0,000055
scandal 0,843970 0,000169
scandalous 1,237874 0,000248
scarce 0,653926 0,000131
scare 1,237874 0,000248
scared 0,941609 0,000189
scarlet 0,798508 0,000160
scarred 2,040221 0,000409
scattered 0,139262 0,000028
scene 0,127833 0,000051
scenery 1,237874 0,000248
scent 0,544727 0,000109
scheme 0,462035 0,000278
schemer 2,995732 0,000601
scholastic 1,966113 0,000394
school 0,150823 0,000030
schoolmaster 1,272966 0,000255
science 0,415515 0,000083
scientific 0,776529 0,000156
scientifically 2,407946 0,000483
scion 2,407946 0,000483
scissors 1,660731 0,000333
scope 1,139434 0,000229
score 0,446287 0,000179
scorn 0,446287 0,000090
scoundrel 1,078810 0,000216
scratch 0,544727 0,000109
scratching 1,108663 0,000222
scrawl 1,427116 0,000573
scream 0,462035 0,000371
screen 0,843970 0,000169
scribble 1,309333 0,000263
script 2,525729 0,000507
scrub 1,237874 0,000248
scuffle 1,427116 0,000286
scullery 2,040221 0,000409
scummed 3,506558 0,000703
sea 0,116534 0,000023
seal 0,371064 0,000074
seam 1,386294 0,000278
search 0,040822 0,000016
season 0,235722 0,000047
seat 0,051293 0,000021
seclusion 1,237874 0,000248
secrecy 0,798508 0,000160
secret 0,051293 0,000021
secretly 0,597837 0,000120
secure 0,061875 0,000025
security 0,478036 0,000096
sedge 2,407946 0,000483
seek 0,083382 0,000033
seize 0,116534 0,000047
selden 3,912023 0,000785
seldom 0,301105 0,000060
select 0,301105 0,000060
selfish 0,798508 0,000160
selfishness 0,843970 0,000169
send 0,020203 0,000008
senior 1,309333 0,000263
sensational 2,207275 0,000443
sense 0,051293 0,000010
sensitive 0,693147 0,000139
sentence 0,094311 0,000019
sentiment 0,356675 0,000072
sentimental 1,139434 0,000229
separate 0,094311 0,000038
sequence 1,560648 0,000313
series 0,494296 0,000099
serpent 0,693147 0,000139
serrated 3,218876 0,000646
servant 0,105361 0,000042
serve 0,051293 0,000021
service 0,072571 0,000015
set 0,010050 0,000004
settee 2,302585 0,000462
settle 0,083382 0,000067
settlement 0,994252 0,000199
severe 0,301105 0,000060
severely 0,634878 0,000127
shade 0,223144 0,000090
shadow 0,162519 0,000098
shadowy 1,108663 0,000222
shaft 0,713350 0,000143
shag 2,813411 0,000564
shake 0,072571 0,000058
shame 0,223144 0,000045
shamefully 1,660731 0,000333
shape 0,150823 0,000061
shaped 0,527633 0,000106
share 0,030459 0,000018
sharp 0,139262 0,000028
sharpened 1,049822 0,000211
sharply 0,510826 0,000102
shattered 0,867501 0,000174
shaven 1,514128 0,000304
shawl 1,021651 0,000205
sheep 0,371064 0,000074
sheer 0,820981 0,000165
sheet 0,314711 0,000126
shelf 0,634878 0,000127
shelter 0,301105 0,000060
sheltered 0,820981 0,000165
shelterless 3,912023 0,000785
shepherd 0,843970 0,000339
sherlock 2,659260 0,000533
shield 0,634878 0,000127
shilling 0,967584 0,000388
shimmering 1,966113 0,000394
shine 0,150823 0,000091
ship 0,198451 0,000040
shipping 1,309333 0,000263
shirt 0,527633 0,000106
shiver 0,478036 0,000288
shock 0,235722 0,000095
shocking 1,139434 0,000229
shoot 0,385662 0,000077
shooting 0,634878 0,000127
shop 0,494296 0,000099
shopping 2,302585 0,000462
shore 0,287682 0,000058
short 0,020203 0,000008
shortly 0,462035 0,000093
shot 0,223144 0,000090
shoulder 0,139262 0,000056
shout 0,186330 0,000037
showery 2,995732 0,000601
shrewd 0,994252 0,000199
shriek 0,634878 0,000127
shrink 0,462035 0,000185
shrubbery 1,832581 0,000368
shrug 0,994252 0,000399
shudder 0,446287 0,000179
shuffle 1,427116 0,000286
shut 0,051293 0,000010
sick 0,150823 0,000030
sigh 0,235722 0,000047
sight 0,040822 0,000008
sign 0,051293 0,000031
signal 0,462035 0,000093
significance 1,021651 0,000205
silence 0,051293 0,000010
silent 0,051293 0,000010
silhouetted 2,813411 0,000564
silk 0,478036 0,000096
silver 0,210721 0,000127
simple 0,094311 0,000019
simply 0,150823 0,000030
sin 0,314711 0,000063
singing 0,371064 0,000074
single 0,083382 0,000017
singular 0,430783 0,000086
singularly 0,843970 0,000169
sinister 1,108663 0,000222
sink 0,072571 0,000058
sinner 0,867501 0,000174
sir 0,150823 0,000030
sister 0,223144 0,000045
sit 0,010050 0,000006
situation 0,198451 0,000040
size 0,223144 0,000045
skein 2,302585 0,000462
skeleton 0,867501 0,000174
sketch 0,653926 0,000262
skill 0,287682 0,000058
skin 0,174353 0,000070
skirt 0,527633 0,000212
skull 0,843970 0,000169
sky 0,186330 0,000037
slab 1,514128 0,000304
slant 1,203973 0,000242
slap 0,798508 0,000160
slate 1,309333 0,000263
slaughter 0,820981 0,000165
sleep 0,051293 0,000021
sleeper 1,078810 0,000216
sleeve 0,579818 0,000233
slight 0,072571 0,000015
slim 1,139434 0,000229
slime 1,386294 0,000278
slimy 1,660731 0,000333
slink 1,386294 0,000278
slip 0,150823 0,000030
slope 0,527633 0,000212
slovenly 2,040221 0,000409
slowly 0,150823 0,000030
sluggish 1,514128 0,000304
slumber 0,510826 0,000205
smart 0,597837 0,000120
smell 0,261365 0,000052
smile 0,150823 0,000091
smoke 0,186330 0,000075
smooth 0,235722 0,000047
smoothly 1,021651 0,000205
smoulder 1,514128 0,000607
smudge 2,525729 0,001013
snap 0,733969 0,000294
snatch 0,462035 0,000093
sneak 1,237874 0,000248
sniff 1,272966 0,000511
snip 3,218876 0,000646
soar 0,916291 0,000184
sob 0,562119 0,000338
sober 0,562119 0,000113
society 0,210721 0,000042
sodden 1,714798 0,000344
soft 0,210721 0,000042
soften 0,494296 0,000099
softly 0,400478 0,000080
soil 0,478036 0,000096
soldier 0,415515 0,000083
soldierly 2,407946 0,000483
solemn 0,301105 0,000060
solicit 0,314711 0,000063
solicitation 0,430783 0,000173
solid 0,274437 0,000055
solitary 0,462035 0,000093
solitude 0,510826 0,000102
solve 0,478036 0,000192
sombre 1,171183 0,000235
somersault 2,407946 0,000483
son 0,083382 0,000033
sorely 1,049822 0,000211
sorrow 0,248461 0,000050
sort 0,072571 0,000015
soul 0,083382 0,000033
sound 0,010050 0,000006
source 0,274437 0,000055
south 0,235722 0,000047
souvenir 2,659260 0,000533
sovereign 0,733969 0,000147
space 0,105361 0,000042
span 1,237874 0,000248
spangled 2,120264 0,000425
spaniel 2,525729 0,000507
spanish 0,733969 0,000147
spare 0,116534 0,000023
sparkling 0,776529 0,000156
sparsely 2,407946 0,000483
spartan 1,609438 0,000323
spasm 1,469676 0,000295
speak 0,030459 0,000024
special 0,083382 0,000017
specialist 1,771957 0,000355
specimen 0,579818 0,000116
specious 1,966113 0,000394
speck 0,916291 0,000184
spectacle 0,544727 0,000109
spectacles 0,843970 0,000169
spectral 1,897120 0,000381
speculation 0,755023 0,000151
speed 0,274437 0,000055
spend 0,051293 0,000010
spirit 0,051293 0,000021
spiritual 0,653926 0,000131
spite 0,139262 0,000028
spiteful 1,832581 0,000368
splendid 0,400478 0,000080
splintered 2,040221 0,000409
splotched 3,912023 0,000785
splutter 2,040221 0,000409
spoil 0,274437 0,000055
sport 0,446287 0,000090
spot 0,150823 0,000061
spotted 0,994252 0,000199
spread 0,051293 0,000010
spring 0,051293 0,000041
sprinkle 0,776529 0,000156
spur 0,693147 0,000139
spy 0,579818 0,000116
squall 1,560648 0,000313
square 0,223144 0,000090
squat 0,941609 0,000189
squire 1,272966 0,000511
staff 0,261365 0,000052
stag 1,609438 0,000323
stage 0,186330 0,000037
stagger 0,527633 0,000106
stain 0,478036 0,000096
stair 0,415515 0,000167
stake 0,446287 0,000090
stammer 0,891598 0,000179
stamp 0,261365 0,000052
stand -0,009950 -0,000008
staple 2,040221 0,000409
star 0,261365 0,000052
stare 0,328504 0,000198
starlit 2,995732 0,000601
start -0,009950 -0,000006
starve 0,562119 0,000226
statement 0,186330 0,000075
station 0,235722 0,000047
statue 0,634878 0,000127
status 0,446287 0,000090
stay 0,061875 0,000050
steadfast 1,309333 0,000263
steadily 0,415515 0,000083
steady 0,301105 0,000060
steal 0,105361 0,000063
stealth 1,660731 0,000333
stealthily 1,560648 0,000313
stealthy 1,469676 0,000295
steel 0,494296 0,000099
steep 0,527633 0,000106
steer 0,994252 0,000199
step 0,030459 0,000018
stern 0,478036 0,000096
sternly 0,820981 0,000165
stick 0,174353 0,000070
stillness 0,891598 0,000179
stimulate 1,021651 0,000410
sting 0,616186 0,000124
stir 0,210721 0,000042
stolid 1,660731 0,000333
stolidly 2,120264 0,000425
stone 0,094311 0,000038
stony 0,994252 0,000399
stoop 0,400478 0,000161
store 0,061875 0,000012
storm 0,274437 0,000055
story 0,030459 0,000012
stout 0,527633 0,000106
straight 0,105361 0,000021
strain 0,248461 0,000150
straitjacket 3,912023 0,000785
strand 0,820981 0,000165
strange 0,061875 0,000025
strangely 0,579818 0,000116
stranger 0,139262 0,000028
strangle 0,843970 0,000169
straw 0,342490 0,000069
streak 0,820981 0,000165
stream 0,139262 0,000056
street 0,116534 0,000023
strength 0,030459 0,000006
stress 0,891598 0,000179
stretch 0,116534 0,000070
strew 0,733969 0,000147
strict 0,186330 0,000037
stride 0,616186 0,000124
strident 2,995732 0,000601
strike 0,020203 0,000012
striking 0,274437 0,000055
string 0,371064 0,000149
strip 0,385662 0,000077
stroll 0,820981 0,000494
strong 0,020203 0,000012
struggle 0,127833 0,000026
stub 2,407946 0,000483
student 0,579818 0,000233
study 0,094311 0,000038
stumble 0,562119 0,000113
stunt 1,832581 0,000368
stupid 0,478036 0,000096
sturdily 2,302585 0,000462
subdued 0,494296 0,000099
subject 0,061875 0,000012
submission 0,776529 0,000156
submit 0,430783 0,000086
subscribe 0,342490 0,000069
subtle 0,713350 0,000143
subtly 2,207275 0,000443
succeed 0,105361 0,000042
success 0,162519 0,000065
successful 0,478036 0,000096
succession 0,510826 0,000102
suck 0,597837 0,000120
sucker 2,659260 0,000533
sudden 0,072571 0,000015
suddenly 0,040822 0,000008
suffer 0,061875 0,000025
sufficient 0,139262 0,000028
suggestion 0,356675 0,000072
suggestive 1,237874 0,000248
suggestiveness 2,813411 0,000564
suit 0,198451 0,000080
suitor 1,347074 0,000270
sulphur 1,609438 0,000323
sum 0,261365 0,000105
summer 0,186330 0,000037
summit 0,713350 0,000143
summons 0,867501 0,000174
sun 0,072571 0,000015
sundown 1,897120 0,000381
sunlight 0,843970 0,000169
sunlit 2,407946 0,000483
supernatural 1,272966 0,000255
supersede 1,560648 0,000313
superstition 0,798508 0,000160
superstitious 1,108663 0,000222
supper 0,446287 0,000179
supple 1,171183 0,000235
supply 0,210721 0,000085
support 0,094311 0,000019
suppose 0,020203 0,000012
supposition 0,776529 0,000156
suppress 0,446287 0,000090
supra 3,218876 0,000646
supreme 0,616186 0,000124
surely 0,186330 0,000037
surface 0,287682 0,000058
surge 1,078810 0,000216
surgeon 0,891598 0,000358
surgery 2,407946 0,000483
surgical 1,832581 0,000368
surmise 1,237874 0,000497
surmount 0,843970 0,000169
surprise 0,150823 0,000030
surprised 0,210721 0,000042
surprising 0,544727 0,000109
surround 0,162519 0,000098
surroundings 0,994252 0,000199
survey 0,462035 0,000093
survive 0,186330 0,000037
suspect 0,162519 0,000098
suspicion 0,210721 0,000085
suspicious 0,579818 0,000116
swallow 0,261365 0,000105
swamp 0,287682 0,000058
swan 1,171183 0,000235
swarm 0,634878 0,000127
swathe 1,660731 0,000333
sway 0,494296 0,000198
swear 0,261365 0,000157
swedish 2,659260 0,000533
sweep 0,274437 0,000110
sweet 0,139262 0,000028
swell 0,186330 0,000112
swift 0,385662 0,000077
swiftly 0,713350 0,000143
swing 0,430783 0,000086
swirl 1,897120 0,000381
sword 0,430783 0,000086
symptom 0,693147 0,000139
synonymous 0,446287 0,000090
table 0,083382 0,000017
tail 0,356675 0,000072
tale 0,248461 0,000100
talk 0,061875 0,000025
talking 0,150823 0,000030
tall 0,198451 0,000080
tan 1,272966 0,000255
tangle 1,386294 0,000278
tangled 1,108663 0,000222
tap 0,798508 0,000160
tapered 2,659260 0,000533
tariff 2,813411 0,000564
task 0,248461 0,000050
taste 0,105361 0,000042
tax 0,248461 0,000150
teach 0,083382 0,000017
tear 0,030459 0,000024
teens 2,302585 0,000462
telegram 1,609438 0,000646
telegraph 1,203973 0,000242
telescope 1,386294 0,000278
telltale 2,813411 0,000564
temper 0,261365 0,000052
temperament 0,967584 0,000194
tempestuous 1,832581 0,000368
temple 0,314711 0,000063
temporary 0,713350 0,000143
tenacious 1,714798 0,000344
tenacity 1,609438 0,000323
tenant 1,108663 0,000222
tense 1,386294 0,000278
term 0,061875 0,000012
terminate 1,108663 0,000222
terrible 0,186330 0,000037
terrier 1,832581 0,000368
terrify 0,579818 0,000116
terror 0,162519 0,000033
testily 2,120264 0,000425
testimonial 2,207275 0,000443
testimony 0,562119 0,000113
thankfulness 1,832581 0,000368
theophilus 2,995732 0,000601
theorizing 3,912023 0,000785
theory 0,400478 0,000161
thickly 1,108663 0,000222
thief 0,462035 0,000093
thigh 1,078810 0,000216
thinking 0,274437 0,000055
thirteen 0,579818 0,000116
thornbush 3,912023 0,000785
thoughtfully 0,994252 0,000199
thread 0,342490 0,000137
threat 0,634878 0,000127
threaten 0,186330 0,000075
threshold 0,562119 0,000113
thrill 0,713350 0,000286
throat 0,223144 0,000045
throb 1,021651 0,000205
throw 0,010050 0,000008
throwback 3,506558 0,000703
thrust 0,287682 0,000058
thud 1,771957 0,000355
thumb 0,916291 0,000184
thunder 0,430783 0,000086
thursday 1,049822 0,000211
tide 0,616186 0,000124
tie 0,105361 0,000021
tight 0,494296 0,000099
tightly 0,867501 0,000174
timber 0,798508 0,000160
time -0,009950 -0,000004
tin 0,755023 0,000303
tinge 0,994252 0,000399
tingle 1,469676 0,000590
tinned 3,218876 0,000646
tinted 1,609438 0,000323
tiny 0,820981 0,000165
tiptoe 0,941609 0,000378
tire 0,941609 0,000189
tired 0,198451 0,000040
title 0,116534 0,000023
tobacco 0,713350 0,000143
tobacconist 3,506558 0,000703
toe 0,616186 0,000124
toff 3,506558 0,000703
toil 0,430783 0,000086
tolerate 1,078810 0,000216
tomorrow 0,755023 0,000151
tone 0,198451 0,000040
tongue 0,139262 0,000028
tonight 1,272966 0,000255
tool 0,478036 0,000096
tooth 0,186330 0,000037
tor 3,912023 0,001570
torch 0,713350 0,000143
toronto 3,912023 0,000785
torrent 0,713350 0,000143
torture 0,371064 0,000074
toss 0,494296 0,000099
tossing 0,916291 0,000184
total 0,579818 0,000116
touch 0,010050 0,000004
tourist 2,207275 0,000443
towel 1,427116 0,000286
tower 0,314711 0,000063
town 0,094311 0,000019
trace 0,198451 0,000119
tracery 2,813411 0,000564
tracey 3,912023 0,000785
track 0,415515 0,000083
trade 0,287682 0,000058
trademark 0,562119 0,000113
traffic 1,171183 0,000235
tragedy 0,733969 0,000147
tragic 0,820981 0,000165
trail 0,653926 0,000394
train 0,162519 0,000065
training 0,776529 0,000156
transcribe 0,462035 0,000185
transcription 0,527633 0,000106
transfix 1,386294 0,000278
trap 0,527633 0,000106
trapdoor 2,995732 0,000601
travel 0,198451 0,000080
treacherous 0,891598 0,000179
tread 0,328504 0,000066
treat 0,127833 0,000077
treatment 0,127833 0,000026
tree 0,061875 0,000012
tremble 0,174353 0,000070
trench 1,347074 0,000270
trencher 2,995732 0,000601
trend 2,302585 0,000462
trespass 1,609438 0,000323
trial 0,261365 0,000052
trick 0,274437 0,000055
trifle 0,446287 0,000179
trifling 0,653926 0,000131
trigger 1,714798 0,000344
trimming 1,660731 0,000333
tripod 2,302585 0,000462
triumph 0,261365 0,000052
trivial 0,776529 0,000156
tropical 1,560648 0,000313
trouble 0,010050 0,000006
trousers 0,843970 0,000169
true 0,020203 0,000004
trust 0,061875 0,000025
trustee 2,207275 0,000443
trustworthy 1,514128 0,000304
trusty 1,514128 0,000304
truth 0,030459 0,000006
truthful 1,427116 0,000286
tuft 1,347074 0,000270
tug 0,916291 0,000368
tumble 0,494296 0,000099
tunnel 1,427116 0,000286
turf 1,237874 0,000248
turret 1,714798 0,000344
tutor 1,078810 0,000216
twain 1,660731 0,000333
tweed 2,120264 0,000425
twilight 0,733969 0,000147
twin 1,108663 0,000222
twirl 2,207275 0,000443
twist 0,314711 0,000063
type 0,174353 0,000070
typewrite 2,525729 0,000507
typewriter 2,813411 0,000564
typical 1,560648 0,000313
tyrant 0,843970 0,000169
ugly 0,385662 0,000077
unable 0,248461 0,000050
unambitious 3,218876 0,000646
unannounced 2,995732 0,000601
unarmed 1,514128 0,000304
unbroken 0,733969 0,000147
uncancelled 3,912023 0,000785
uncanny 1,560648 0,000313
uncertain 0,301105 0,000060
uncle 0,544727 0,000109
uncomfortably 1,771957 0,000355
uncommon 0,798508 0,000160
unconcerned 1,660731 0,000333
unconcernedly 2,659260 0,000533
unconscious 0,400478 0,000080
uncontrollable 1,347074 0,000270
uncouth 1,347074 0,000270
uncurtained 2,659260 0,000533
undeceived 2,040221 0,000409
undeniable 1,897120 0,000381
undergo 0,510826 0,000102
underrate 2,813411 0,000564
understand 0,020203 0,000008
understanding 0,223144 0,000045
undertake 0,385662 0,000077
undertaking 0,693147 0,000139
undoubtedly 0,634878 0,000127
undulating 1,560648 0,000313
undulation 2,120264 0,000425
uneasiness 0,994252 0,000199
uneasy 0,544727 0,000109
uneducated 1,660731 0,000333
unemotional 3,218876 0,000646
unenforceability 0,562119 0,000113
unexpected 0,430783 0,000086
unexpectedly 0,916291 0,000184
unexplained 1,897120 0,000381
unexplored 1,771957 0,000355
unfair 1,049822 0,000211
unfairly 2,207275 0,000443
unfortunate 0,314711 0,000063
unfounded 2,525729 0,000507
unfruitful 2,525729 0,000507
unfurnished 2,525729 0,000507
unhappy 0,400478 0,000080
uniform 0,210721 0,000085
unimaginative 3,506558 0,000703
uninteresting 1,347074 0,000270
unique 1,237874 0,000248
unite 0,867501 0,000174
united 0,094311 0,000019
unjustifiable 2,525729 0,000507
unkennel 3,912023 0,000785
unknown 0,105361 0,000021
unlimited 1,078810 0,000216
unlink 0,562119 0,000113
unmarried 1,347074 0,000270
unmistakable 1,171183 0,000235
unmitigated 2,525729 0,000507
unnatural 0,713350 0,000143
unnecessary 0,653926 0,000131
unoccupied 1,560648 0,000313
unpleasant 0,562119 0,000113
unpractical 3,218876 0,000646
unprotected 0,673345 0,000135
unroll 1,771957 0,000355
unsafe 1,897120 0,000381
unseen 0,616186 0,000124
unsigned 3,912023 0,000785
unsolicited 0,510826 0,000102
unspoken 1,771957 0,000355
unswathe 3,912023 0,000785
untenanted 2,040221 0,000409
untimely 1,347074 0,000270
unusual 0,415515 0,000083
unwarlike 2,659260 0,000533
unwonted 1,309333 0,000263
update 0,510826 0,000102
upland 2,302585 0,000462
upper 0,314711 0,000063
upright 0,301105 0,000060
uproar 1,021651 0,000205
upshot 2,525729 0,000507
upstairs 0,891598 0,000179
upward 0,579818 0,000116
urchin 1,609438 0,000323
urge 0,274437 0,000055
urgency 1,660731 0,000333
urgent 0,798508 0,000160
usage 0,733969 0,000147
useless 0,235722 0,000047
user 0,544727 0,000109
usual 0,139262 0,000028
ut 0,510826 0,000102
utensil 1,347074 0,000270
utmost 0,356675 0,000072
utter 0,162519 0,000033
utterance 0,867501 0,000174
vague 0,579818 0,000116
vaguely 0,967584 0,000194
vagueness 2,525729 0,000507
vain 0,116534 0,000023
valley 0,544727 0,000109
valour 1,560648 0,000313
valuable 0,342490 0,000069
vanilla 0,544727 0,000109
vanish 0,314711 0,000189
vapour 1,514128 0,000304
variety 0,150823 0,000030
varnish 1,514128 0,000304
vast 0,223144 0,000045
vastness 2,040221 0,000409
vatican 2,659260 0,000533
vegetation 1,560648 0,000313
vehemence 1,108663 0,000222
vehicle 0,843970 0,000169
veil 0,510826 0,000102
vein 0,446287 0,000090
velvet 0,891598 0,000179
venerable 0,843970 0,000169
vengeance 0,579818 0,000116
venture 0,223144 0,000045
verdict 1,237874 0,000248
version 0,342490 0,000069
vestry 2,207275 0,000443
vex 0,579818 0,000116
vexation 0,820981 0,000165
vibrate 1,021651 0,000205
vicious 0,653926 0,000131
victim 0,385662 0,000077
view 0,040822 0,000033
vigil 1,609438 0,000323
vile 0,634878 0,000127
village 0,356675 0,000072
villager 1,427116 0,000286
villain 0,916291 0,000184
villainy 1,660731 0,000333
violate 0,342490 0,000069
violence 0,248461 0,000050
violent 0,223144 0,000045
violently 0,462035 0,000093
violet 1,139434 0,000229
violin 1,660731 0,000333
virus 0,527633 0,000106
visible 0,235722 0,000047
vision 0,301105 0,000060
visit 0,030459 0,000018
visitor 0,446287 0,000179
vixen 2,995732 0,000601
voice 0,020203 0,000008
void 0,261365 0,000052
volunteer 0,314711 0,000063
volunteers 0,430783 0,000086
voyage 0,616186 0,000124
vulnerable 2,120264 0,000425
wagonette 3,218876 0,000646
waist 0,693147 0,000139
wait 0,061875 0,000025
waiter 0,916291 0,000184
waiting 0,083382 0,000017
wakeful 1,832581 0,000368
walk 0,000000 0,000000
wall 0,094311 0,000038
walled 1,347074 0,000270
wand 1,771957 0,000711
wander 0,116534 0,000047
wane 0,967584 0,000194
wanton 1,021651 0,000205
warder 2,659260 0,001067
wardrobe 1,078810 0,000216
warily 1,966113 0,000394
warmly 0,798508 0,000160
warmth 0,579818 0,000116
warn 0,287682 0,000115
warning 0,235722 0,000095
warrant 0,562119 0,000113
warranty 0,544727 0,000219
warren 2,525729 0,000507
wary 1,171183 0,000235
waste 0,127833 0,000051
watch 0,020203 0,000016
watcher 1,560648 0,000313
watchful 1,171183 0,000235
water 0,040822 0,000008
waterloo 1,609438 0,000323
waterproof 2,302585 0,000462
watery 1,272966 0,000255
watson 2,407946 0,000483
wave 0,210721 0,000085
waver 0,733969 0,000147
wayside 1,714798 0,000344
weak 0,105361 0,000021
weal 1,714798 0,000344
wealth 0,287682 0,000058
wealthy 0,579818 0,000116
weapon 0,400478 0,000080
wear 0,083382 0,000050
weary 0,186330 0,000037
weather 0,248461 0,000050
weave 0,693147 0,000139
week 0,127833 0,000051
weep 0,356675 0,000143
weigh 0,162519 0,000065
weight 0,116534 0,000023
weird 1,309333 0,000525
welfare 0,916291 0,000184
wench 1,714798 0,000344
west 0,083382 0,000017
western 0,616186 0,000124
wet 0,261365 0,000052
whatsoever 0,287682 0,000058
wheel 0,274437 0,000110
whereat 1,560648 0,000313
whimper 1,386294 0,000278
whip 0,400478 0,000161
whiplash 3,506558 0,000703
whisk 1,771957 0,000355
whisker 1,171183 0,000235
whiskered 2,525729 0,000507
whisper 0,248461 0,000100
whistle 0,462035 0,000093
white 0,051293 0,000010
wicked 0,328504 0,000066
wide 0,030459 0,000018
widen 0,916291 0,000184
widespread 0,916291 0,000184
widower 1,897120 0,000381
wife 0,083382 0,000017
wig 1,272966 0,000255
wigwam 2,525729 0,000507
wild 0,051293 0,000010
wilder 1,897120 0,000381
wilderness 0,673345 0,000135
wildly 0,776529 0,000156
wilful 1,427116 0,000286
willed 1,347074 0,000270
william 0,798508 0,000160
wilson 1,771957 0,000355
wily 1,771957 0,000355
win 0,356675 0,000072
wind 0,094311 0,000038
windless 3,218876 0,000646
window 0,162519 0,000065
wine 0,235722 0,000047
wing 0,314711 0,000126
winner 1,771957 0,000355
wire 0,867501 0,000348
wiry 1,832581 0,000368
wisdom 0,287682 0,000058
wise 0,094311 0,000057
wisely 0,653926 0,000131
wisp 1,660731 0,000666
wit 0,198451 0,000080
withdraw 0,210721 0,000085
withhold 0,820981 0,000329
witness 0,116534 0,000070
wizened 2,813411 0,000564
woman 0,030459 0,000012
wonderful 0,162519 0,000033
woo 1,514128 0,000304
wood 0,083382 0,000017
wooden 0,415515 0,000083
woodland 2,120264 0,000425
wool 1,049822 0,000211
woolly 2,120264 0,000425
word 0,020203 0,000004
worldly 0,820981 0,000165
worm 0,733969 0,000147
worry 0,544727 0,000109
worth 0,061875 0,000012
worthless 0,843970 0,000169
worthy 0,186330 0,000037
wound 0,198451 0,000040
wounded 0,274437 0,000055
wreath 0,867501 0,000174
wretch 0,653926 0,000131
wring 0,798508 0,000160
wringing 1,609438 0,000323
wrinkle 0,755023 0,000151
writ 1,386294 0,000278
write 0,020203 0,000012
writer 0,328504 0,000066
writhe 0,867501 0,000174
writing 0,061875 0,000012
wrong 0,072571 0,000015
yard 0,223144 0,000090
yawn 0,820981 0,000165
yell 0,798508 0,000160
yellow 0,314711 0,000063
yeoman 2,813411 0,000564
yesterday 0,301105 0,000060
yew 2,040221 0,000409
yonder 0,843970 0,000169
york 0,916291 0,000184
yorkshire 2,525729 0,000507
youth 0,139262 0,000028
zeal 0,579818 0,000116
zigzag 1,771957 0,000711
zoology 2,813411 0,000564
