abandon 0,223144 0,000064
abashed 1,560648 0,000224
abbey 1,609438 0,000231
abe 1,897120 0,000272
abhorred 1,560648 0,000224
abide 0,248461 0,000036
aboard 1,237874 0,000177
abode 0,579818 0,000083
abreast 1,203973 0,000173
absorb 0,446287 0,000064
abused 0,843970 0,000121
accede 1,771957 0,000254
accent 0,634878 0,000091
accept 0,061875 0,000027
access 0,314711 0,000090
accessible 0,446287 0,000064
accident 0,274437 0,000079
accidentally 0,820981 0,000118
accommodate 0,916291 0,000131
accompaniment 1,347074 0,000193
accompany 0,094311 0,000027
accomplish 0,634878 0,000091
accomplished 0,385662 0,000055
accord 0,527633 0,000076
accost 1,049822 0,000301
account 0,010050 0,000003
accredited 2,995732 0,000429
accustomed 0,287682 0,000041
ache 0,733969 0,000316
acknowledge 0,274437 0,000118
acquaint 0,342490 0,000049
acquaintance 0,248461 0,000036
acquire 0,371064 0,000053
active 0,127833 0,000018
activity 0,415515 0,000060
actual 0,174353 0,000025
adam 0,941609 0,000135
adapt 0,653926 0,000094
add 0,094311 0,000027
addition 0,116534 0,000033
additional 0,198451 0,000028
address 0,072571 0,000042
adjoin 0,798508 0,000114
adjust 0,891598 0,000256
administer 0,867501 0,000124
admirable 0,527633 0,000076
admiral 1,347074 0,000193
admiration 0,342490 0,000049
admire 0,356675 0,000102
admired 0,579818 0,000083
admirer 0,916291 0,000131
admission 0,693147 0,000099
admit 0,116534 0,000033
admittance 1,427116 0,000205
adore 0,891598 0,000128
adorn 0,634878 0,000091
adrian 2,813411 0,000403
advance 0,061875 0,000009
advantage 0,127833 0,000018
adventure 0,301105 0,000086
adventurer 1,272966 0,000182
advise 0,301105 0,000129
adviser 1,560648 0,000224
affable 1,514128 0,000217
affair 0,094311 0,000027
affectionate 0,616186 0,000088
affectionately 1,237874 0,000177
affirm 0,843970 0,000121
affliction 0,798508 0,000114
afford 0,186330 0,000080
afloat 1,966113 0,000282
afraid 0,105361 0,000015
afresh 1,021651 0,000146
africa 0,967584 0,000139
african 1,427116 0,000205
afternoon 0,274437 0,000079
afterward 1,139434 0,000163
age 0,040822 0,000012
aged 0,198451 0,000028
agent 0,223144 0,000032
agitated 0,693147 0,000099
aglow 2,120264 0,000304
agonize 2,407946 0,000345
agony 0,462035 0,000066
agree 0,051293 0,000022
agreeable 0,462035 0,000066
agreement 0,210721 0,000030
aha 1,771957 0,000254
ahem 2,525729 0,000362
aid 0,210721 0,000060
ail 1,108663 0,000159
aim 0,287682 0,000041
air 0,061875 0,000027
airtight 3,506558 0,000503
aisle 1,832581 0,000525
ak 1,347074 0,000193
alack 2,995732 0,000429
alarm 0,314711 0,000045
alas 0,462035 0,000066
albatross 2,995732 0,000429
albert 1,832581 0,000263
alike 0,287682 0,000041
alive 0,051293 0,000007
allot 1,108663 0,000159
allowance 0,713350 0,000102
allude 0,891598 0,000128
almanac 2,407946 0,000345
aloof 1,309333 0,000188
aloud 0,301105 0,000043
alter 0,235722 0,000034
alteration 0,261365 0,000037
alternate 0,261365 0,000075
alternately 1,021651 0,000146
alternative 0,994252 0,000142
altogether 0,198451 0,000028
amazement 0,446287 0,000064
ambassador 1,108663 0,000159
amen 1,237874 0,000177
america 0,579818 0,000083
american 0,634878 0,000182
amiable 0,755023 0,000108
amply 0,967584 0,000139
amsterdam 2,207275 0,000316
amuse 0,371064 0,000053
ancestor 0,462035 0,000066
anchor 0,776529 0,000223
ancient 0,198451 0,000028
anderson 2,120264 0,000304
anecdote 1,272966 0,000182
angel 0,579818 0,000083
angels 0,776529 0,000111
anger 0,287682 0,000041
anglo 2,302585 0,000330
angrily 0,867501 0,000124
angry 0,174353 0,000050
anguish 0,579818 0,000083
animal 0,223144 0,000064
animated 0,755023 0,000108
animation 1,171183 0,000168
anise 3,912023 0,000561
anisette 3,912023 0,000561
annals 1,660731 0,000238
annie 2,407946 0,000345
announcement 1,078810 0,000155
answer 0,020203 0,000009
anthem 2,525729 0,000362
antic 2,040221 0,000292
antigonus 2,995732 0,000429
antwerp 2,207275 0,000316
anxiety 0,287682 0,000082
anxious 0,261365 0,000037
anxiously 0,693147 0,000099
apartment 0,597837 0,000086
apiece 1,309333 0,000188
apologize 1,309333 0,000188
apology 0,527633 0,000076
appal 1,021651 0,000146
apparatus 1,347074 0,000193
apparel 1,171183 0,000168
apparition 0,994252 0,000142
appeal 0,261365 0,000037
appearance 0,072571 0,000010
appetite 0,314711 0,000045
applaud 1,021651 0,000146
applicable 0,400478 0,000057
application 0,653926 0,000094
apply 0,116534 0,000033
appoint 0,328504 0,000047
apprenticeship 2,120264 0,000304
approach 0,040822 0,000018
approbation 1,203973 0,000173
approval 0,798508 0,000114
approve 0,342490 0,000049
approvingly 1,771957 0,000254
apron 1,203973 0,000345
apt 0,579818 0,000083
arbor 1,966113 0,000282
arc 1,609438 0,000231
arch 0,713350 0,000204
archery 2,407946 0,000345
architectural 2,207275 0,000316
architecture 1,108663 0,000159
archive 0,544727 0,000078
arctic 2,040221 0,000292
argument 0,287682 0,000041
aristocratic 1,309333 0,000188
arithmetic 1,203973 0,000173
arm 0,030459 0,000009
armed 0,385662 0,000055
armful 2,207275 0,000316
armlet 2,995732 0,000429
armlike 3,912023 0,000561
armor 1,832581 0,000263
armorial 3,218876 0,000461
army 0,356675 0,000051
arouse 0,653926 0,000187
arrange 0,198451 0,000085
arrangement 0,274437 0,000039
array 0,248461 0,000071
arrest 0,544727 0,000234
arrival 0,328504 0,000047
arrive 0,083382 0,000012
arrow 0,510826 0,000146
art 0,127833 0,000018
article 0,400478 0,000115
artificer 1,897120 0,000272
artist 0,562119 0,000161
ascend 0,430783 0,000123
ascertain 0,597837 0,000086
ascii 0,562119 0,000081
ash 0,400478 0,000115
ashamed 0,248461 0,000036
asia 1,108663 0,000159
asleep 0,162519 0,000023
aspect 0,446287 0,000064
assailant 1,139434 0,000163
assemble 0,462035 0,000066
assent 0,579818 0,000166
assist 0,328504 0,000094
assistance 0,105361 0,000015
assistant 0,755023 0,000108
assume 0,162519 0,000047
assure 0,127833 0,000055
astonish 0,261365 0,000037
astonishing 0,653926 0,000094
astonishment 0,301105 0,000043
astounding 1,660731 0,000238
astral 2,813411 0,000403
astride 1,514128 0,000217
asylum 1,309333 0,000188
athens 1,386294 0,000199
atlantic 1,171183 0,000168
atmosphere 0,579818 0,000083
atone 1,203973 0,000173
atonement 1,427116 0,000205
attach 0,116534 0,000017
attempt 0,051293 0,000029
attend 0,127833 0,000055
attention 0,083382 0,000012
attentively 0,755023 0,000108
attire 0,916291 0,000263
attitude 0,446287 0,000064
attract 0,261365 0,000112
aught 0,891598 0,000128
august 0,616186 0,000088
augustus 1,714798 0,000246
aunt 0,798508 0,000114
author 0,116534 0,000017
automata 3,506558 0,000503
automaton 2,302585 0,000330
autumn 0,653926 0,000094
avail 0,462035 0,000066
avenue 0,820981 0,000118
average 0,733969 0,000105
avoid 0,105361 0,000015
avow 1,560648 0,000224
await 0,314711 0,000180
awake 0,150823 0,000065
awaken 0,430783 0,000123
awakening 1,108663 0,000159
award 1,560648 0,000224
awed 1,560648 0,000224
awestruck 2,659260 0,000381
awful 0,328504 0,000047
awhile 0,967584 0,000139
awkward 0,544727 0,000078
ax 1,771957 0,000254
axis 1,237874 0,000177
aye 1,347074 0,000193
baar 3,912023 0,000561
baby 0,653926 0,000187
babyhood 3,218876 0,000461
bacon 0,994252 0,000142
bad 0,020203 0,000009
badly 0,446287 0,000064
bag 0,446287 0,000064
baggage 0,941609 0,000135
bah 1,514128 0,000217
balance 0,342490 0,000098
balcony 1,347074 0,000193
ball 0,287682 0,000082
ballad 1,609438 0,000231
band 0,342490 0,000049
bandage 1,108663 0,000159
bandaged 1,832581 0,000263
bandbox 2,813411 0,000403
bank 0,210721 0,000060
banner 0,967584 0,000139
bare 0,150823 0,000022
bared 1,469676 0,000211
barefoot 1,609438 0,000231
barely 0,798508 0,000114
bargain 0,527633 0,000076
barge 1,897120 0,000272
bargemen 3,506558 0,000503
barges 2,302585 0,000330
bark 0,478036 0,000137
barker 2,995732 0,000429
barn 1,237874 0,000177
barrel 0,673345 0,000096
barrier 0,776529 0,000111
bartholomew 2,040221 0,000292
base 0,094311 0,000027
bashful 1,609438 0,000231
bashfully 2,525729 0,000362
basin 0,916291 0,000131
basket 0,579818 0,000166
basketful 2,995732 0,000429
bath 0,274437 0,000039
battle 0,235722 0,000034
battledore 2,407946 0,000345
battlefield 1,966113 0,000282
bead 1,171183 0,000336
beam 0,430783 0,000247
bean 1,309333 0,000188
bear 0,000000 0,000000
beard 0,527633 0,000151
bearer 0,776529 0,000111
beat 0,083382 0,000048
beautiful 0,083382 0,000012
beautifully 0,867501 0,000124
beauty 0,162519 0,000047
beaux 2,302585 0,000330
beaver 1,714798 0,000246
beckon 0,867501 0,000373
bed 0,051293 0,000015
bedclothes 1,966113 0,000282
bedding 1,771957 0,000254
bedroom 0,798508 0,000114
bedside 1,171183 0,000336
bedstead 1,237874 0,000355
bedtime 1,966113 0,000282
bee 0,673345 0,000193
beef 0,916291 0,000131
beer 0,941609 0,000135
beg 0,116534 0,000050
beggar 0,597837 0,000171
beggary 2,120264 0,000304
behave 0,462035 0,000132
behavior 1,714798 0,000246
behold 0,235722 0,000034
beholder 1,560648 0,000224
bein 2,207275 0,000316
belated 1,514128 0,000217
beleaguered 3,218876 0,000461
belgian 2,659260 0,000762
belief 0,198451 0,000028
bell 0,301105 0,000086
belle 1,427116 0,000205
bellerophon 2,995732 0,000429
belong 0,072571 0,000031
beloved 0,415515 0,000060
belt 0,653926 0,000187
ben 1,609438 0,000231
bench 0,544727 0,000078
bend 0,314711 0,000090
beneath 0,198451 0,000028
benefactor 0,967584 0,000277
benefit 0,356675 0,000102
benevolence 1,049822 0,000150
benjamin 1,714798 0,000246
bent 0,174353 0,000025
benumb 1,771957 0,000254
berlin 2,207275 0,000316
berth 1,771957 0,000254
besiege 1,272966 0,000182
bestir 2,120264 0,000304
bestow 0,430783 0,000062
betters 1,660731 0,000238
bewilder 0,776529 0,000223
bewildering 1,714798 0,000246
bewitch 2,995732 0,000429
bewitched 1,897120 0,000272
bible 0,755023 0,000108
bid 0,186330 0,000107
binary 0,562119 0,000081
bind 0,030459 0,000009
binding 0,867501 0,000124
birch 1,609438 0,000231
bird 0,150823 0,000043
birmingham 2,525729 0,000362
birthday 1,108663 0,000159
birthplace 2,120264 0,000304
biscuit 1,272966 0,000365
bishop 1,049822 0,000150
bit 0,139262 0,000020
bite 0,371064 0,000106
bitter 0,210721 0,000030
bitterly 0,579818 0,000083
black 0,061875 0,000009
blacksmith 1,427116 0,000205
blame 0,162519 0,000023
blank 0,527633 0,000076
blanket 0,891598 0,000256
blankly 2,207275 0,000316
blast 0,462035 0,000066
blaze 0,634878 0,000182
bleach 2,040221 0,000292
bleachery 3,912023 0,000561
bleak 1,386294 0,000199
bleakest 3,506558 0,000503
blear 2,525729 0,000362
bleat 1,514128 0,000217
bleed 0,967584 0,000139
blend 1,660731 0,000238
bless 0,415515 0,000060
blessed 0,356675 0,000051
blessing 0,415515 0,000119
blest 1,469676 0,000211
blind 0,174353 0,000025
blink 0,994252 0,000427
block 0,494296 0,000142
blockhead 1,832581 0,000263
blood 0,116534 0,000017
bloody 0,527633 0,000076
bloom 0,527633 0,000151
blossom 0,673345 0,000289
blow 0,061875 0,000035
blue 0,174353 0,000025
blunder 0,776529 0,000111
blunderbuss 2,813411 0,000403
blunt 0,891598 0,000128
bluntly 1,966113 0,000282
bluntness 2,813411 0,000403
blush 0,562119 0,000242
bluster 1,609438 0,000461
board 0,261365 0,000112
boat 0,446287 0,000064
boatlike 3,912023 0,000561
boatload 3,912023 0,000561
boatman 1,832581 0,000263
boats 0,820981 0,000118
bob 1,427116 0,000409
bodice 2,120264 0,000608
bodily 0,673345 0,000096
body 0,010050 0,000003
bodyguard 2,525729 0,000362
boil 0,385662 0,000111
bold 0,223144 0,000064
boldly 0,462035 0,000066
bolster 2,040221 0,000877
bonbon 2,995732 0,000429
bone 0,198451 0,000057
bonfire 1,966113 0,000282
bonnet 0,994252 0,000285
book 0,040822 0,000012
bookkeeper 2,813411 0,000403
bookstore 3,912023 0,000561
boom 1,347074 0,000193
booming 1,560648 0,000224
boor 2,407946 0,000345
boot 0,430783 0,000062
booty 1,309333 0,000188
border 0,400478 0,000230
borrow 0,462035 0,000132
bos 2,525729 0,000362
bosch 3,912023 0,000561
bosom 0,446287 0,000064
boss 1,469676 0,000211
botanist 2,407946 0,000345
botany 1,771957 0,000254
bother 0,843970 0,000121
botheration 3,506558 0,000503
bottle 0,430783 0,000123
bough 0,916291 0,000263
boulevards 2,659260 0,000381
bound 0,301105 0,000086
boundary 1,049822 0,000150
boundless 0,891598 0,000128
bouquet 1,714798 0,000246
bow 0,127833 0,000073
bowl 0,616186 0,000177
bowstring 2,525729 0,000362
box 0,248461 0,000036
boxes 0,798508 0,000114
boxlike 3,506558 0,000503
boxwood 3,506558 0,000503
boy 0,105361 0,000030
boyhood 1,237874 0,000177
boyish 1,347074 0,000193
boylike 3,506558 0,000503
brace 0,891598 0,000128
braced 1,609438 0,000231
braid 1,347074 0,000193
brain 0,314711 0,000090
brake 1,514128 0,000434
branch 0,186330 0,000053
brass 0,462035 0,000066
brave 0,342490 0,000147
bravely 1,078810 0,000155
bravery 1,272966 0,000182
brazen 1,171183 0,000168
breach 0,274437 0,000039
bread 0,248461 0,000036
breadth 0,653926 0,000094
break 0,010050 0,000007
breakfast 0,342490 0,000049
breast 0,198451 0,000028
breath 0,174353 0,000025
breathe 0,261365 0,000112
breathless 0,673345 0,000096
breeches 1,203973 0,000173
breek 3,912023 0,000561
breeze 0,713350 0,000102
brewing 1,771957 0,000254
brick 0,653926 0,000187
bricklike 3,912023 0,000561
bride 0,798508 0,000114
bridge 0,430783 0,000123
brig 2,120264 0,000304
bright 0,094311 0,000041
brighten 0,673345 0,000386
brightly 0,994252 0,000142
brightness 0,634878 0,000091
brilliant 0,430783 0,000062
brim 0,994252 0,000142
brimstone 1,966113 0,000282
brine 2,040221 0,000292
bring 0,000000 0,000000
brisk 0,941609 0,000135
briskly 0,967584 0,000139
british 0,843970 0,000121
broad 0,127833 0,000018
broadcloth 2,525729 0,000362
brocade 2,040221 0,000292
bronze 1,237874 0,000177
brood 0,597837 0,000086
brook 0,994252 0,000142
broom 1,347074 0,000193
brother 0,127833 0,000018
brothers 0,356675 0,000051
brow 0,446287 0,000128
brown 0,274437 0,000039
brownest 3,912023 0,000561
bruise 0,673345 0,000096
brush 0,478036 0,000069
bubble 0,941609 0,000135
buckle 1,309333 0,000375
budge 1,427116 0,000205
bug 1,966113 0,000282
bugbear 2,995732 0,000429
bugle 2,525729 0,000362
bugler 2,995732 0,000859
build 0,094311 0,000027
builder 1,108663 0,000318
building 0,210721 0,000060
bulb 2,302585 0,000660
bulgy 3,506558 0,000503
bulk 0,820981 0,000118
bulky 1,309333 0,000188
bull 0,430783 0,000123
bullet 0,867501 0,000249
bulletin 2,207275 0,000316
bulrush 2,407946 0,000345
bulwark 1,386294 0,000397
bump 1,560648 0,000447
bunch 0,776529 0,000111
bundle 0,653926 0,000187
bunker 2,407946 0,000345
burden 0,198451 0,000028
burgher 2,525729 0,000724
burglary 1,832581 0,000263
burgomaster 3,506558 0,001005
burial 0,941609 0,000135
burly 1,609438 0,000231
burn 0,061875 0,000027
burnish 1,966113 0,000282
burrow 1,609438 0,000231
burst 0,248461 0,000036
bursting 0,713350 0,000102
bury 0,186330 0,000080
bushy 1,272966 0,000182
busily 1,021651 0,000146
business 0,040822 0,000006
bustle 0,693147 0,000199
busy 0,210721 0,000091
butcher 0,891598 0,000256
butler 1,139434 0,000163
button 0,693147 0,000199
buyer 1,832581 0,000263
buzz 1,049822 0,000451
bye 0,776529 0,000111
bystander 2,040221 0,000292
cabbage 1,514128 0,000217
cabin 0,843970 0,000121
cabinet 0,941609 0,000135
caesar 1,609438 0,000231
cake 0,733969 0,000210
calculate 0,116534 0,000033
calculation 0,713350 0,000102
calling 0,733969 0,000105
calmly 0,510826 0,000073
camp 0,544727 0,000078
canal 1,171183 0,000336
canalboat 3,912023 0,000561
candid 1,203973 0,000173
candle 0,415515 0,000119
candlestick 1,427116 0,000409
candy 1,714798 0,000246
cane 0,843970 0,000121
cannon 0,916291 0,000131
cannonball 3,218876 0,000461
canopied 2,995732 0,000429
canopy 1,514128 0,000217
cap 0,356675 0,000102
capable 0,261365 0,000037
caper 1,560648 0,000224
capful 3,912023 0,000561
capital 0,314711 0,000045
capitol 2,407946 0,000345
capricious 1,386294 0,000199
captain 0,328504 0,000047
capture 0,597837 0,000171
car 0,820981 0,000118
card 0,139262 0,000020
care 0,000000 0,000000
career 0,478036 0,000069
careful 0,174353 0,000025
carefully 0,139262 0,000020
careless 0,494296 0,000071
carelessly 0,776529 0,000111
carelessness 1,021651 0,000146
carillon 3,912023 0,000561
carillonneur 3,912023 0,000561
carl 3,218876 0,000461
carpet 0,462035 0,000066
carr 3,218876 0,000461
carriage 0,356675 0,000051
carrier 1,347074 0,000193
carry 0,010050 0,000004
cart 0,597837 0,000171
carve 1,272966 0,000365
carved 0,843970 0,000121
carver 2,407946 0,000345
cascades 2,813411 0,000403
cast 0,116534 0,000033
casting 0,544727 0,000156
castle 0,755023 0,000108
cat 0,462035 0,000132
catastrophe 1,021651 0,000146
catch 0,072571 0,000042
cathedral 1,237874 0,000177
catholic 1,139434 0,000163
cattle 0,544727 0,000078
caution 0,478036 0,000069
cautious 0,673345 0,000096
cautiously 0,867501 0,000124
cavalcade 2,407946 0,000345
cavalry 1,469676 0,000211
caviar 3,506558 0,000503
cease 0,061875 0,000018
ceaseless 1,386294 0,000199
ceiling 0,510826 0,000146
celebrated 0,562119 0,000081
cell 0,776529 0,000111
celsius 3,912023 0,000561
cent 1,049822 0,000301
center 1,309333 0,000188
central 0,733969 0,000105
century 0,328504 0,000094
ceremony 0,446287 0,000128
chafe 1,021651 0,000146
chaff 1,347074 0,000193
chain 0,174353 0,000050
chair 0,261365 0,000075
challenge 0,755023 0,000108
chamber 0,328504 0,000094
chamoix 1,714798 0,000246
chance 0,061875 0,000027
change 0,010050 0,000004
chap 0,891598 0,000256
chapel 1,078810 0,000155
chapter 0,328504 0,000047
character 0,061875 0,000018
characteristic 0,400478 0,000057
charge 0,040822 0,000018
charitable 0,287682 0,000041
charity 0,186330 0,000053
charles 0,597837 0,000086
charming 0,527633 0,000076
charmingly 1,660731 0,000238
chase 0,430783 0,000123
chat 0,867501 0,000249
chatter 0,713350 0,000102
cheat 0,776529 0,000111
check 0,072571 0,000031
checkerboard 3,912023 0,000561
cheek 0,261365 0,000075
cheekbone 2,659260 0,000381
cheeked 1,966113 0,000282
cheer 0,356675 0,000204
cheerful 0,385662 0,000055
cheerfully 0,820981 0,000118
cheerfulness 0,867501 0,000124
cheerily 1,660731 0,000238
cheerless 1,714798 0,000246
cheery 1,514128 0,000217
cheese 0,967584 0,000277
chemist 1,714798 0,000246
chemistry 1,714798 0,000246
chest 0,342490 0,000049
chested 2,525729 0,000362
chestnut 1,108663 0,000159
chick 2,207275 0,000633
chicken 0,941609 0,000270
chide 1,771957 0,000254
chief 0,094311 0,000014
chilblain 2,995732 0,000429
child 0,040822 0,000012
childhood 0,527633 0,000076
childish 0,713350 0,000102
chill 0,597837 0,000086
chime 1,139434 0,000327
chimney 0,634878 0,000182
chin 0,478036 0,000137
china 0,776529 0,000111
chinese 1,139434 0,000163
chip 1,386294 0,000397
chirrup 2,207275 0,000316
chirruping 2,659260 0,000381
chocolate 1,514128 0,000217
choice 0,150823 0,000022
choke 0,446287 0,000128
choker 3,218876 0,000461
choose 0,020203 0,000009
chorus 0,941609 0,000135
christendom 1,660731 0,000238
christening 2,659260 0,000381
christian 0,385662 0,000055
christmas 0,891598 0,000128
chrysalis 2,995732 0,000429
chub 3,912023 0,000561
chubby 2,207275 0,000316
chuckle 0,941609 0,000270
chunk 2,207275 0,000316
church 0,261365 0,000075
churchyard 1,514128 0,000217
churn 2,207275 0,000316
cipher 1,771957 0,000508
circle 0,150823 0,000022
circular 1,021651 0,000146
circumstance 0,116534 0,000017
citizen 0,673345 0,000193
city 0,051293 0,000015
civic 2,407946 0,000345
civil 0,544727 0,000078
clacking 2,813411 0,000403
claim 0,083382 0,000024
clamber 1,272966 0,000547
clang 1,203973 0,000173
clap 0,755023 0,000216
clapper 3,506558 0,000503
clapping 1,108663 0,000159
clasp 1,021651 0,000293
clasped 0,843970 0,000121
clasping 1,078810 0,000155
class 0,248461 0,000071
clatter 0,941609 0,000135
claus 2,813411 0,000403
clay 0,494296 0,000071
clean 0,210721 0,000060
cleaning 1,049822 0,000150
cleanliness 1,237874 0,000177
clearness 1,049822 0,000150
clenched 1,049822 0,000150
clergyman 1,078810 0,000309
clever 0,371064 0,000053
climax 1,272966 0,000182
climb 0,400478 0,000057
cling 0,415515 0,000119
cloak 0,527633 0,000151
clock 0,510826 0,000146
clockwork 2,659260 0,000381
close 0,010050 0,000006
closely 0,223144 0,000032
closet 0,916291 0,000131
closing 0,446287 0,000064
cloth 0,356675 0,000051
clothe 0,287682 0,000041
clothes 0,127833 0,000018
clothesman 3,506558 0,000503
clothespress 3,912023 0,000561
clothing 0,776529 0,000111
cloud 0,150823 0,000043
clown 1,771957 0,000508
club 0,544727 0,000078
clumsy 0,994252 0,000142
cluster 0,693147 0,000099
clutch 0,713350 0,000204
coach 0,755023 0,000216
coachman 1,108663 0,000159
coal 0,527633 0,000076
coarse 0,478036 0,000069
coast 0,544727 0,000156
coat 0,235722 0,000068
coax 1,203973 0,000173
coaxingly 2,995732 0,000429
cobble 2,995732 0,000429
cobbler 2,302585 0,000330
cobblestone 3,218876 0,000923
cobwebs 1,832581 0,000263
cocked 1,237874 0,000177
code 0,287682 0,000041
coffee 0,562119 0,000081
coffeehouse 3,218876 0,000461
coffin 1,021651 0,000146
cog 2,995732 0,000429
coin 0,544727 0,000078
colander 3,506558 0,000503
cold 0,040822 0,000012
collapse 1,108663 0,000159
collect 0,248461 0,000071
collection 0,162519 0,000047
collision 1,714798 0,000246
color 0,967584 0,000277
colored 1,171183 0,000168
coloring 2,120264 0,000304
colt 1,560648 0,000224
column 0,562119 0,000161
combat 0,820981 0,000118
combine 0,843970 0,000121
comfort 0,105361 0,000045
comfortable 0,261365 0,000037
comfortably 0,693147 0,000099
comical 1,560648 0,000224
comically 2,659260 0,000381
comma 2,659260 0,000381
command 0,116534 0,000033
commence 0,579818 0,000249
comment 0,478036 0,000069
commerce 1,078810 0,000155
commercial 0,274437 0,000039
commit 0,116534 0,000017
committee 1,272966 0,000182
common 0,072571 0,000010
commotion 1,049822 0,000150
communicative 1,514128 0,000217
companion 0,150823 0,000043
company 0,020203 0,000003
comparatively 0,634878 0,000091
compare 0,162519 0,000047
compartment 1,514128 0,000217
compensation 1,049822 0,000150
competent 1,139434 0,000163
compilation 0,478036 0,000069
complacently 1,832581 0,000263
complain 0,198451 0,000028
complaint 0,478036 0,000069
complete 0,105361 0,000015
completely 0,274437 0,000039
compliance 0,342490 0,000049
complicated 0,798508 0,000114
compliment 0,462035 0,000132
comply 0,287682 0,000082
compose 0,287682 0,000041
composer 1,966113 0,000282
comprehend 0,478036 0,000069
compressed 0,342490 0,000049
comrade 0,693147 0,000199
conceal 0,198451 0,000057
conceive 0,223144 0,000032
concept 0,527633 0,000076
concerned 0,287682 0,000041
concert 0,916291 0,000131
concession 1,427116 0,000205
conclude 0,235722 0,000034
conclusion 0,210721 0,000030
concoct 1,897120 0,000272
condescend 1,139434 0,000327
condescendingly 2,525729 0,000362
condition 0,051293 0,000007
conduct 0,094311 0,000014
confection 2,813411 0,000403
confectioner 2,407946 0,000345
confederates 2,207275 0,000316
confer 0,820981 0,000118
confess 0,127833 0,000037
confessor 1,714798 0,000246
confidence 0,139262 0,000020
confident 0,510826 0,000073
confidentially 1,897120 0,000272
confidently 1,049822 0,000150
confine 0,223144 0,000032
confirm 0,139262 0,000020
confirmation 0,356675 0,000051
conflict 0,597837 0,000086
confound 0,430783 0,000062
confused 0,248461 0,000036
confusion 0,287682 0,000041
congregation 1,272966 0,000182
conjure 1,427116 0,000205
connected 0,415515 0,000060
conquer 0,527633 0,000151
conscience 0,301105 0,000043
conscious 0,314711 0,000045
consciousness 0,371064 0,000053
conscription 2,813411 0,000403
consent 0,223144 0,000064
consequence 0,186330 0,000053
consequential 0,478036 0,000069
conservatory 2,407946 0,000345
considerable 0,105361 0,000015
consideration 0,223144 0,000032
consign 1,171183 0,000168
consolation 0,634878 0,000091
conspicuous 0,916291 0,000131
conspiracy 1,078810 0,000155
constant 0,051293 0,000007
constantinople 1,832581 0,000263
constantly 0,371064 0,000053
consternation 1,021651 0,000146
constitute 0,597837 0,000086
construct 0,713350 0,000204
consul 1,832581 0,000263
consult 0,400478 0,000057
consultation 0,916291 0,000131
consulting 0,891598 0,000128
contact 0,210721 0,000030
contemplate 0,544727 0,000078
contempt 0,446287 0,000064
contemptuous 1,049822 0,000150
content 0,174353 0,000025
contented 0,400478 0,000057
contentment 1,347074 0,000193
contents 0,094311 0,000014
contest 0,798508 0,000114
continue 0,186330 0,000027
continued 0,072571 0,000010
contract 0,139262 0,000020
contrary 0,198451 0,000028
contribute 0,510826 0,000073
contribution 0,371064 0,000053
contrivance 1,309333 0,000188
contrive 0,994252 0,000142
control 0,223144 0,000064
conveniently 1,203973 0,000173
conversation 0,186330 0,000027
converse 0,494296 0,000213
convert 0,186330 0,000053
conveyance 1,427116 0,000205
conviction 0,430783 0,000062
convince 0,198451 0,000085
cook 0,223144 0,000032
cool 0,248461 0,000036
coolly 1,021651 0,000146
copper 0,713350 0,000102
copying 0,494296 0,000071
copyright 0,415515 0,000060
coquet 3,218876 0,000461
coquette 2,302585 0,000330
coquettish 2,302585 0,000330
cord 0,693147 0,000099
cordial 1,049822 0,000150
cork 1,171183 0,000168
corkscrew 2,302585 0,000330
corn 0,527633 0,000076
corner 0,072571 0,000021
cornice 1,714798 0,000246
corporation 0,400478 0,000057
corpse 0,616186 0,000088
correspond 0,843970 0,000121
corrupt 0,235722 0,000034
cost 0,105361 0,000030
coster 3,218876 0,000461
costly 0,916291 0,000131
costume 1,021651 0,000293
cot 1,771957 0,000254
cottage 0,653926 0,000187
cotton 0,891598 0,000128
cough 0,733969 0,000210
council 0,653926 0,000094
count 0,116534 0,000067
countenance 0,371064 0,000053
country 0,010050 0,000003
countryman 0,867501 0,000249
couple 0,248461 0,000036
courage 0,150823 0,000022
court 0,094311 0,000014
courteous 0,967584 0,000139
courtier 1,560648 0,000224
courtyard 1,514128 0,000217
cousin 0,597837 0,000171
cover 0,223144 0,000064
covered 0,139262 0,000020
covering 0,415515 0,000060
coverlet 1,560648 0,000224
cow 0,653926 0,000094
coward 0,776529 0,000111
cowardly 0,994252 0,000142
cows 0,867501 0,000124
cozily 3,506558 0,000503
crack 0,478036 0,000137
cradle 1,049822 0,000150
craft 0,733969 0,000105
crane 1,237874 0,000177
crashing 1,386294 0,000199
crawl 0,494296 0,000213
crazy 0,916291 0,000131
cream 1,171183 0,000168
crease 1,714798 0,000246
create 0,094311 0,000041
creation 0,198451 0,000028
creature 0,116534 0,000033
credit 0,094311 0,000014
creditor 1,237874 0,000177
creep 0,198451 0,000028
creeper 2,040221 0,000292
crepe 3,506558 0,000503
crescent 1,660731 0,000238
crest 0,820981 0,000118
crestfallen 1,771957 0,000254
cricket 1,469676 0,000211
crier 2,302585 0,000330
crime 0,261365 0,000037
criminal 0,673345 0,000096
crimson 0,891598 0,000128
crippled 1,469676 0,000211
crisis 0,820981 0,000118
critical 0,235722 0,000034
croak 1,386294 0,000199
crockery 1,714798 0,000246
crooked 0,755023 0,000108
crop 0,653926 0,000094
crosier 3,506558 0,000503
cross 0,083382 0,000048
crossly 2,302585 0,000330
crouch 0,941609 0,000270
crouching 1,049822 0,000150
crow 0,867501 0,000124
crowd 0,174353 0,000050
crowded 0,301105 0,000043
crown 0,210721 0,000060
crowning 1,272966 0,000182
cruel 0,261365 0,000037
crumb 1,427116 0,000409
crush 0,274437 0,000118
crying 1,560648 0,000224
cup 0,342490 0,000049
cupboard 1,078810 0,000155
cupful 3,506558 0,000503
curb 1,272966 0,000365
cure 0,314711 0,000135
curiosity 0,210721 0,000060
curious 0,261365 0,000037
curl 0,510826 0,000220
currency 1,897120 0,000272
current 0,116534 0,000017
curtain 0,328504 0,000094
curtsy 2,207275 0,000316
curve 0,916291 0,000131
curved 1,171183 0,000168
cushion 0,820981 0,000235
custom 0,210721 0,000030
customer 1,139434 0,000327
customs 0,713350 0,000102
cut 0,030459 0,000013
cutter 1,560648 0,000224
czar 2,659260 0,000381
dagger 1,139434 0,000327
daily 0,248461 0,000036
daintily 2,207275 0,000316
dainty 0,634878 0,000091
damage 0,223144 0,000064
damages 0,400478 0,000057
damask 2,040221 0,000292
dame 1,021651 0,000146
damp 0,400478 0,000057
damply 3,218876 0,000461
damsel 1,237874 0,000177
dance 0,235722 0,000068
dancing 0,371064 0,000053
danger 0,105361 0,000015
dangerous 0,150823 0,000022
dangling 1,139434 0,000163
dank 1,660731 0,000238
daring 0,843970 0,000121
dark 0,051293 0,000022
darken 0,634878 0,000091
darkly 1,237874 0,000177
darkness 0,186330 0,000027
darling 0,916291 0,000131
dart 0,562119 0,000242
darts 1,386294 0,000199
dash 0,400478 0,000230
dasher 3,912023 0,000561
dat 2,525729 0,000362
datum 0,494296 0,000071
daughter 0,174353 0,000025
david 0,597837 0,000086
day 0,000000 0,000000
daybreak 1,203973 0,000173
daylight 0,446287 0,000064
dazzling 0,941609 0,000135
deacon 1,714798 0,000246
dead 0,072571 0,000010
deaden 1,560648 0,000224
deadly 0,478036 0,000069
deaf 0,634878 0,000091
deal 0,061875 0,000018
dealer 1,171183 0,000336
dearly 0,776529 0,000111
death 0,020203 0,000003
debt 0,494296 0,000142
deceased 1,078810 0,000155
december 0,562119 0,000081
decency 1,108663 0,000159
decent 0,693147 0,000099
decide 0,040822 0,000023
decidedly 0,867501 0,000124
decipher 1,771957 0,000254
decisive 0,867501 0,000124
deck 0,544727 0,000156
declare 0,139262 0,000060
decorate 0,891598 0,000128
dedicate 0,967584 0,000139
deductible 0,562119 0,000081
deed 0,287682 0,000082
deem 0,562119 0,000081
deep 0,020203 0,000006
deepen 0,867501 0,000124
deeply 0,261365 0,000037
deer 0,867501 0,000124
defaced 1,771957 0,000254
defect 0,261365 0,000075
defective 0,356675 0,000051
defence 0,527633 0,000076
defend 0,301105 0,000086
defense 1,514128 0,000217
defer 0,941609 0,000135
deference 0,967584 0,000139
defiance 0,713350 0,000102
defiant 1,469676 0,000211
degrade 0,994252 0,000142
deign 0,994252 0,000142
deletion 0,562119 0,000081
delft 3,912023 0,000561
deliberately 0,693147 0,000099
delicacy 0,597837 0,000171
delicate 0,301105 0,000043
delicious 0,713350 0,000102
delight 0,150823 0,000022
delighted 0,287682 0,000041
delightful 0,478036 0,000069
deliver 0,223144 0,000064
deluge 1,427116 0,000205
delusion 0,916291 0,000131
demand 0,051293 0,000015
demon 0,916291 0,000263
demurely 1,897120 0,000272
den 0,693147 0,000099
denial 0,776529 0,000223
deny 0,072571 0,000010
depart 0,162519 0,000047
department 0,916291 0,000131
depend 0,040822 0,000018
depict 1,237874 0,000177
deportment 1,714798 0,000246
deprecating 2,302585 0,000330
depths 0,446287 0,000064
der 1,832581 0,000263
derange 1,660731 0,000238
dere 2,995732 0,000429
derision 1,108663 0,000159
derivation 2,207275 0,000316
derivative 0,510826 0,000073
derive 0,210721 0,000060
descendant 0,867501 0,000124
descent 0,634878 0,000091
description 0,248461 0,000071
desert 0,314711 0,000045
deserted 0,385662 0,000055
deserve 0,314711 0,000045
deserving 0,891598 0,000128
design 0,287682 0,000124
desire 0,051293 0,000007
despair 0,174353 0,000025
despairing 0,798508 0,000114
desperate 0,328504 0,000047
desperately 0,843970 0,000121
desperation 0,867501 0,000124
despise 0,342490 0,000098
destine 0,494296 0,000071
destroy 0,061875 0,000018
destruction 0,342490 0,000049
detach 0,287682 0,000041
detachment 1,347074 0,000193
detain 0,544727 0,000234
detention 1,897120 0,000272
deter 1,272966 0,000182
determination 0,616186 0,000088
determine 0,061875 0,000018
detest 0,891598 0,000128
devastating 2,995732 0,000429
devil 0,301105 0,000043
devote 0,673345 0,000193
devoted 0,301105 0,000043
devotion 0,510826 0,000073
dew 0,755023 0,000108
dexterous 1,660731 0,000238
di 1,832581 0,000263
dialogue 1,049822 0,000150
diamond 0,673345 0,000193
didst 1,660731 0,000238
didy 3,912023 0,000561
die 0,010050 0,000006
difference 0,174353 0,000050
difficult 0,116534 0,000017
difficulty 0,116534 0,000017
dig 0,356675 0,000102
dignified 0,755023 0,000108
dignitary 1,966113 0,000282
dignity 0,314711 0,000090
digression 1,347074 0,000193
dike 2,813411 0,000806
diligently 1,203973 0,000173
dim 0,356675 0,000051
diminish 0,776529 0,000111
dimly 0,867501 0,000124
din 1,171183 0,000168
ding 2,407946 0,000345
dingy 1,347074 0,000193
dining 0,510826 0,000073
dinner 0,186330 0,000027
direct 0,040822 0,000006
direction 0,051293 0,000015
director 0,733969 0,000210
direful 2,813411 0,000403
dirt 0,544727 0,000078
dis 1,609438 0,000231
disagreeable 0,733969 0,000105
disappear 0,223144 0,000064
disappearance 1,272966 0,000182
disappointed 0,415515 0,000060
disappointment 0,462035 0,000066
disaster 0,820981 0,000118
disastrous 1,108663 0,000159
discern 0,634878 0,000091
discharge 0,478036 0,000069
discipline 0,634878 0,000091
disclaim 0,462035 0,000066
disclaimer 0,562119 0,000161
disclose 0,634878 0,000091
discontent 0,616186 0,000088
discontinue 0,510826 0,000073
discord 1,078810 0,000155
discourage 0,693147 0,000099
discouragement 1,714798 0,000246
discourse 0,579818 0,000083
discover 0,030459 0,000009
discovery 0,287682 0,000082
discretion 0,733969 0,000105
discuss 0,400478 0,000057
discussion 0,597837 0,000086
disdain 0,673345 0,000096
disdainful 1,714798 0,000246
disgrace 0,462035 0,000132
disgraceful 1,049822 0,000150
dish 0,478036 0,000069
disk 0,415515 0,000060
dislike 0,478036 0,000137
dismal 0,843970 0,000121
dismally 1,771957 0,000254
dismay 0,597837 0,000171
dismiss 0,430783 0,000062
disobey 1,108663 0,000318
display 0,162519 0,000070
displeased 1,108663 0,000159
displeasure 0,941609 0,000135
disposition 0,371064 0,000053
disproportionate 1,832581 0,000263
dispute 0,446287 0,000128
disregard 0,820981 0,000118
disrespect 2,040221 0,000292
dissever 2,995732 0,000429
distance 0,105361 0,000030
distant 0,162519 0,000023
distaste 1,771957 0,000254
distiller 3,218876 0,000461
distinct 0,301105 0,000043
distinction 0,356675 0,000051
distinctly 0,478036 0,000069
distinguish 0,314711 0,000045
distinguished 0,301105 0,000043
distractedly 1,966113 0,000282
distress 0,274437 0,000039
distressed 0,673345 0,000096
distribute 0,210721 0,000121
distribution 0,430783 0,000062
distributor 0,544727 0,000078
district 0,713350 0,000102
distrust 0,733969 0,000105
disturb 0,198451 0,000057
dit 2,813411 0,000403
ditch 0,994252 0,000285
diversion 0,916291 0,000131
divide 0,150823 0,000065
division 0,527633 0,000076
divulge 1,609438 0,000231
dizzy 1,386294 0,000199
dock 1,514128 0,000434
dockyard 3,218876 0,000923
doctor 0,400478 0,000057
dodge 1,049822 0,000150
dog 0,186330 0,000053
dogcart 2,995732 0,000859
doings 0,967584 0,000139
doleful 1,427116 0,000205
doll 1,386294 0,000199
dollar 1,237874 0,000355
dollhouse 3,912023 0,000561
domain 0,328504 0,000047
domestic 0,510826 0,000073
donate 0,544727 0,000078
donation 0,446287 0,000128
dong 2,525729 0,000362
donkey 1,609438 0,000231
donor 0,478036 0,000069
door 0,000000 0,000000
doorpost 2,995732 0,000429
doorsill 3,912023 0,000561
doorstep 1,714798 0,000246
doorway 0,733969 0,000105
dose 1,108663 0,000159
double 0,139262 0,000040
doublet 2,525729 0,000362
doubt 0,040822 0,000018
doubtless 0,430783 0,000062
dough 1,897120 0,000272
doughnut 2,995732 0,000859
dowager 2,302585 0,000330
download 0,562119 0,000081
doze 0,891598 0,000128
dozen 0,415515 0,000119
drag 0,248461 0,000107
dragon 1,021651 0,000146
drain 0,820981 0,000118
drapery 1,832581 0,000263
draw 0,020203 0,000012
drawback 1,469676 0,000211
drawbridge 2,813411 0,000403
dray 2,407946 0,000345
dread 0,248461 0,000107
dreadful 0,342490 0,000049
dream 0,083382 0,000048
dreamily 1,897120 0,000272
dreamland 2,813411 0,000403
drearily 2,040221 0,000292
dreary 0,673345 0,000096
drench 1,171183 0,000168
dress 0,162519 0,000047
dressed 0,261365 0,000037
dresser 1,771957 0,000254
drift 0,462035 0,000066
drink 0,072571 0,000021
dripping 0,891598 0,000128
drive 0,030459 0,000017
driver 0,713350 0,000102
droop 0,798508 0,000229
drop 0,061875 0,000027
drown 0,314711 0,000090
drowsily 2,120264 0,000304
drowsy 1,237874 0,000355
drudgery 2,302585 0,000330
druggist 2,659260 0,000381
drugstore 3,218876 0,000461
drum 0,843970 0,000121
dry 0,116534 0,000050
dryly 1,832581 0,000263
duck 0,820981 0,000118
duel 1,347074 0,000193
duke 0,967584 0,000139
dull 0,174353 0,000050
dullness 2,040221 0,000292
duly 0,843970 0,000121
dumb 0,562119 0,000081
dumpy 3,218876 0,000461
dunce 1,966113 0,000282
dune 3,506558 0,001005
dunkirk 3,506558 0,000503
dusky 1,021651 0,000146
dust 0,162519 0,000023
dutch 1,139434 0,000163
dutchman 1,966113 0,000282
dutchmen 2,207275 0,000316
duty 0,061875 0,000018
dwarf 1,021651 0,000146
dwell 0,342490 0,000098
dweller 1,237874 0,000177
dwellings 1,514128 0,000217
dye 1,049822 0,000150
eager 0,210721 0,000030
eagerly 0,385662 0,000055
eagerness 0,544727 0,000078
eagle 0,755023 0,000216
ear 0,061875 0,000018
earn 0,446287 0,000192
earnest 0,261365 0,000037
earnestly 0,415515 0,000060
earnestness 0,867501 0,000124
earring 1,660731 0,000238
earth 0,051293 0,000007
earthen 1,897120 0,000272
ease 0,150823 0,000022
easel 2,525729 0,000362
easily 0,072571 0,000010
east 0,235722 0,000034
easy 0,000000 0,000000
eat 0,040822 0,000018
eater 1,469676 0,000211
eating 0,235722 0,000034
ebb 1,078810 0,000155
ebony 1,660731 0,000238
eccentric 0,916291 0,000131
echo 0,356675 0,000204
economy 0,776529 0,000111
ecstasy 0,798508 0,000114
ecstatic 1,309333 0,000188
edge 0,150823 0,000043
edifice 1,272966 0,000182
edition 0,287682 0,000082
educate 0,544727 0,000078
education 0,415515 0,000060
educational 0,446287 0,000064
eel 1,609438 0,000461
effort 0,094311 0,000027
egg 1,021651 0,000146
eggs 0,776529 0,000111
egypt 0,891598 0,000128
egyptian 1,108663 0,000159
eighteen 0,462035 0,000066
elaborate 0,867501 0,000124
elaborately 2,207275 0,000316
elated 1,469676 0,000211
eld 0,385662 0,000111
elder 1,139434 0,000163
elect 0,210721 0,000030
electric 1,171183 0,000168
electrify 2,040221 0,000292
electronic 0,544727 0,000078
electronically 0,544727 0,000078
elegant 0,634878 0,000091
elegantly 1,714798 0,000246
elf 2,407946 0,000345
elfish 3,506558 0,000503
elm 1,609438 0,000461
email 0,562119 0,000081
embankment 1,771957 0,000254
embarrassed 0,916291 0,000131
embarrassment 0,994252 0,000142
embed 2,302585 0,000330
ember 1,108663 0,000159
emblems 2,120264 0,000304
embodiment 1,897120 0,000272
embrace 0,235722 0,000034
embroider 1,049822 0,000150
embroidery 1,386294 0,000397
emerald 1,309333 0,000188
emotion 0,356675 0,000051
emperor 0,916291 0,000131
emphasis 0,891598 0,000128
emphatically 1,203973 0,000173
empire 0,634878 0,000091
employ 0,235722 0,000034
employee 0,510826 0,000146
employer 1,347074 0,000193
employment 0,527633 0,000076
en 0,994252 0,000142
enable 0,274437 0,000118
enchanted 1,078810 0,000155
enchantment 1,139434 0,000163
encircle 1,021651 0,000293
enclose 0,713350 0,000102
encode 0,653926 0,000094
encounter 0,446287 0,000064
encouragement 0,755023 0,000108
encouraging 0,798508 0,000114
endeavor 1,203973 0,000345
endurance 0,891598 0,000128
endure 0,210721 0,000030
enemy 0,105361 0,000015
energy 0,371064 0,000106
engage 0,494296 0,000071
engaged 0,198451 0,000028
engagement 0,634878 0,000182
engineer 1,237874 0,000355
england 0,385662 0,000055
english 0,094311 0,000014
englishman 0,820981 0,000118
engrave 1,237874 0,000177
engraving 1,660731 0,000476
enjoy 0,072571 0,000031
enjoyment 0,562119 0,000081
enlighten 0,562119 0,000081
enliven 1,660731 0,000238
enormous 0,430783 0,000062
enrich 0,941609 0,000135
ensign 1,469676 0,000211
ensue 0,579818 0,000083
ensure 0,342490 0,000049
entangle 1,078810 0,000155
entanglement 2,302585 0,000330
enter 0,020203 0,000012
enterprise 0,755023 0,000108
enterprising 1,609438 0,000231
entertain 0,579818 0,000083
entertainer 2,407946 0,000345
entertainment 0,798508 0,000114
enthusiasm 0,653926 0,000094
enthusiastic 1,021651 0,000146
enthusiastically 1,771957 0,000254
entice 1,386294 0,000199
entire 0,274437 0,000039
entity 0,544727 0,000078
entrance 0,210721 0,000060
entreaty 1,021651 0,000146
entwine 1,771957 0,000254
envy 0,446287 0,000128
equal 0,162519 0,000047
equator 2,040221 0,000292
equip 0,967584 0,000139
equipment 0,415515 0,000060
equivalent 1,078810 0,000155
ere 0,634878 0,000091
erect 0,446287 0,000128
errand 0,733969 0,000105
error 0,072571 0,000021
escort 0,755023 0,000108
escutcheon 2,995732 0,000429
especial 1,309333 0,000188
essay 0,755023 0,000108
established 0,301105 0,000043
establishment 0,673345 0,000096
europe 0,510826 0,000073
european 0,867501 0,000124
eve 0,673345 0,000096
evening 0,072571 0,000010
event 0,150823 0,000043
evergreen 1,660731 0,000476
everyday 1,272966 0,000182
evident 0,356675 0,000051
evidently 0,371064 0,000053
evil 0,150823 0,000022
evince 1,108663 0,000159
examine 0,150823 0,000065
exceedingly 0,462035 0,000066
excel 0,994252 0,000285
excellence 1,021651 0,000146
excellent 0,150823 0,000022
excellently 1,609438 0,000231
exception 0,446287 0,000064
exchange 0,210721 0,000091
excitable 1,771957 0,000254
excite 0,798508 0,000114
excited 0,248461 0,000036
excitement 0,415515 0,000060
exciting 0,693147 0,000099
exclaim 0,287682 0,000082
exclusion 0,371064 0,000053
exclusively 1,139434 0,000163
excursion 0,891598 0,000128
excursionist 3,912023 0,000561
excuse 0,139262 0,000020
execution 0,597837 0,000086
executive 1,171183 0,000168
exempt 0,314711 0,000045
exercise 0,235722 0,000101
exert 0,820981 0,000235
exhausted 0,400478 0,000057
exhaustion 1,021651 0,000146
exist 0,072571 0,000010
existence 0,150823 0,000022
expand 0,891598 0,000128
expanse 1,108663 0,000159
expect 0,051293 0,000022
expectant 1,427116 0,000205
expectantly 2,407946 0,000345
expectation 0,356675 0,000051
expend 0,301105 0,000086
expense 0,127833 0,000037
expensive 0,843970 0,000121
experience 0,072571 0,000010
explain 0,116534 0,000017
explanation 0,139262 0,000020
exploit 0,867501 0,000249
explosion 1,203973 0,000173
export 0,446287 0,000064
express 0,072571 0,000021
expression 0,116534 0,000017
expressly 0,820981 0,000118
exquisite 0,673345 0,000096
exquisitely 1,386294 0,000199
extend 0,261365 0,000037
extensive 0,798508 0,000114
extent 0,083382 0,000012
external 0,562119 0,000081
extra 0,820981 0,000118
extraordinary 0,371064 0,000053
extreme 0,186330 0,000053
extremity 0,693147 0,000099
exultant 1,897120 0,000272
eye 0,000000 0,000000
eyebrow 0,673345 0,000096
eyed 0,597837 0,000086
eyelid 0,891598 0,000128
faced 0,820981 0,000118
faceup 3,912023 0,000561
facility 0,342490 0,000049
factory 1,272966 0,000365
faculty 0,510826 0,000073
fade 0,371064 0,000053
fail 0,072571 0,000031
faint 0,186330 0,000080
faintly 0,713350 0,000102
fair 0,051293 0,000015
fairbanks 1,386294 0,000199
fairy 1,021651 0,000293
fairyland 2,659260 0,000381
faithful 0,261365 0,000037
faithfully 0,755023 0,000108
faithless 1,832581 0,000263
fall 0,000000 0,000000
falls 0,328504 0,000047
false 0,210721 0,000030
falsehood 0,693147 0,000099
falter 0,867501 0,000124
fame 0,478036 0,000069
familiar 0,150823 0,000022
familiarity 0,843970 0,000121
familiarly 1,272966 0,000182
family 0,061875 0,000018
famished 1,272966 0,000182
famous 0,261365 0,000037
fan 0,579818 0,000083
fanciful 1,272966 0,000182
fancy 0,162519 0,000047
fanny 2,302585 0,000330
fantastic 0,798508 0,000114
fantastical 2,995732 0,000429
fare 0,597837 0,000171
farewell 0,634878 0,000182
farm 0,713350 0,000204
farmer 0,653926 0,000187
farmhouse 1,832581 0,000525
fashion 0,105361 0,000045
fast 0,030459 0,000013
fasten 0,478036 0,000206
fastening 1,966113 0,000282
fasting 1,049822 0,000150
fat 0,314711 0,000090
father 0,061875 0,000018
fatigue 0,494296 0,000071
fatigued 1,203973 0,000173
fatty 3,506558 0,000503
fault 0,139262 0,000020
faultless 2,040221 0,000292
favor 0,994252 0,000142
favorably 2,120264 0,000304
favored 1,897120 0,000272
favorite 1,309333 0,000188
fear 0,020203 0,000006
fearful 0,400478 0,000057
fearfully 1,049822 0,000150
fearless 1,309333 0,000188
feast 0,430783 0,000062
feat 0,967584 0,000277
feather 0,462035 0,000199
feathery 2,207275 0,000316
feature 0,261365 0,000075
federal 0,527633 0,000076
fee 0,301105 0,000086
feeble 0,356675 0,000051
feebly 0,843970 0,000121
feed 0,248461 0,000071
feel 0,020203 0,000006
feeling 0,072571 0,000021
fellow 0,040822 0,000012
felon 1,966113 0,000282
female 0,385662 0,000055
fence 0,693147 0,000199
ferocity 1,237874 0,000177
festival 0,994252 0,000142
festivity 1,514128 0,000217
fete 2,813411 0,000403
fever 0,342490 0,000049
fiddle 1,514128 0,000217
fidget 1,609438 0,000231
field 0,094311 0,000027
fierce 0,415515 0,000060
fiercely 0,776529 0,000111
fiery 0,713350 0,000102
fig 1,203973 0,000173
fight 0,083382 0,000048
figuratively 1,966113 0,000282
figure 0,051293 0,000029
file 0,223144 0,000064
fillet 2,302585 0,000330
film 1,609438 0,000231
finally 0,150823 0,000022
financial 0,415515 0,000060
finder 2,659260 0,000381
finding 1,272966 0,000182
fine 0,061875 0,000027
finely 1,171183 0,000168
finery 1,966113 0,000282
finger 0,150823 0,000043
finish 0,287682 0,000041
finished 0,162519 0,000023
finishing 0,843970 0,000121
firearm 2,407946 0,000345
firedog 3,506558 0,000503
firelight 1,660731 0,000238
fireplace 1,108663 0,000159
firework 2,120264 0,000304
firing 1,660731 0,000238
firm 0,248461 0,000036
firmly 0,342490 0,000049
fish 0,287682 0,000041
fishing 0,755023 0,000108
fishwife 3,506558 0,000503
fist 0,597837 0,000171
fit 0,030459 0,000017
fitness 0,446287 0,000064
flack 3,506558 0,000503
flag 0,653926 0,000187
flagging 2,120264 0,000304
flagstaff 2,995732 0,000859
flame 0,248461 0,000071
flanders 2,207275 0,000316
flap 0,891598 0,000128
flare 1,108663 0,000159
flash 0,261365 0,000150
flask 1,660731 0,000238
flat 0,139262 0,000040
flattering 0,798508 0,000114
flaunt 2,302585 0,000330
flavor 1,897120 0,000272
flaxen 1,660731 0,000238
flee 0,301105 0,000043
fleet 0,713350 0,000307
fleetness 2,813411 0,000403
flesh 0,210721 0,000030
flicker 0,755023 0,000108
fling 0,462035 0,000066
flip 2,407946 0,000690
flippant 2,525729 0,000362
flit 0,967584 0,000277
float 0,328504 0,000141
flock 0,385662 0,000166
flog 1,469676 0,000421
flogging 2,995732 0,000429
flood 0,430783 0,000123
flooding 2,207275 0,000316
floor 0,174353 0,000050
florin 2,302585 0,000330
flour 1,078810 0,000155
flourish 0,562119 0,000242
flourishing 1,021651 0,000146
flow 0,174353 0,000050
flower 0,174353 0,000050
fluently 1,832581 0,000263
fluid 1,203973 0,000173
flush 0,562119 0,000242
flutter 0,673345 0,000096
fluttering 0,994252 0,000142
fly 0,116534 0,000067
flying 0,235722 0,000034
foe 0,616186 0,000177
fold 0,287682 0,000124
folding 1,049822 0,000150
foliage 0,916291 0,000131
folk 0,527633 0,000151
follow 0,020203 0,000003
follower 0,713350 0,000102
folly 0,274437 0,000039
fond 0,261365 0,000037
food 0,127833 0,000018
fool 0,235722 0,000068
foolish 0,235722 0,000034
foolishness 1,514128 0,000217
foot 0,051293 0,000015
footed 1,049822 0,000150
footpath 1,897120 0,000272
footprint 1,897120 0,000272
footstep 0,430783 0,000062
forbid 0,248461 0,000036
force 0,030459 0,000017
forego 1,203973 0,000173
forehead 0,400478 0,000115
foreign 0,301105 0,000043
foreigner 0,891598 0,000128
foremost 0,673345 0,000096
forest 0,356675 0,000051
forge 0,798508 0,000114
forget 0,010050 0,000007
forgive 0,314711 0,000090
forgiveness 0,916291 0,000131
fork 0,616186 0,000088
forlorn 1,078810 0,000155
form 0,020203 0,000006
formal 0,673345 0,000096
format 0,562119 0,000161
formidable 0,673345 0,000096
forsake 0,755023 0,000108
forsooth 1,832581 0,000263
fortify 0,994252 0,000142
fortitude 1,078810 0,000155
forts 1,660731 0,000238
fortunate 0,415515 0,000060
fortunately 0,579818 0,000083
fortune 0,162519 0,000047
fossil 2,207275 0,000316
foundation 0,127833 0,000018
foundry 2,207275 0,000316
fountain 0,653926 0,000187
fourteen 0,616186 0,000088
fourth 0,174353 0,000025
fowl 1,108663 0,000159
fragile 1,714798 0,000246
fragrance 1,171183 0,000168
fragrant 1,108663 0,000159
frame 0,174353 0,000025
framework 1,560648 0,000224
france 0,544727 0,000078
frank 0,597837 0,000086
frantically 1,386294 0,000199
freckled 1,714798 0,000246
frederic 2,407946 0,000345
freedom 0,223144 0,000032
freely 0,105361 0,000015
freeze 0,941609 0,000270
freight 1,171183 0,000168
french 0,342490 0,000049
frequent 0,287682 0,000041
frequently 0,287682 0,000041
frescoed 3,506558 0,000503
fresh 0,105361 0,000030
freshet 2,813411 0,000403
freshness 1,021651 0,000146
fret 0,713350 0,000204
friction 1,771957 0,000254
friend 0,000000 0,000000
friendless 1,771957 0,000254
friendly 0,248461 0,000036
fright 0,653926 0,000094
frighten 0,733969 0,000105
frightened 0,301105 0,000043
fringe 0,798508 0,000229
frisk 1,966113 0,000282
friskiness 3,912023 0,000561
frisky 2,995732 0,000429
fro 0,494296 0,000071
frog 1,139434 0,000163
frolic 1,660731 0,000238
frolicsome 2,525729 0,000362
frost 0,653926 0,000187
frosty 1,386294 0,000199
frown 0,673345 0,000289
frozen 0,733969 0,000105
frugal 1,609438 0,000231
fruit 0,162519 0,000023
fruitless 1,049822 0,000150
fry 1,171183 0,000168
fuel 1,108663 0,000159
fugitive 0,967584 0,000139
fullness 1,966113 0,000282
fumble 1,660731 0,000238
fumbling 1,609438 0,000231
fun 0,798508 0,000114
funeral 0,597837 0,000171
funniest 2,813411 0,000403
funnily 3,506558 0,000503
funny 1,021651 0,000146
fur 0,994252 0,000142
furious 0,430783 0,000062
furiously 0,755023 0,000108
furnish 0,527633 0,000076
furnished 0,328504 0,000047
furniture 0,415515 0,000060
furs 1,609438 0,000231
fury 0,328504 0,000047
fuss 1,203973 0,000173
future 0,105361 0,000015
gable 1,832581 0,000263
gaily 1,078810 0,000155
gain 0,040822 0,000018
gale 1,078810 0,000155
gall 1,386294 0,000397
gallant 0,867501 0,000124
gallantly 1,309333 0,000188
gallery 0,693147 0,000199
gambling 1,609438 0,000231
game 0,210721 0,000060
gape 0,798508 0,000114
gaper 3,506558 0,000503
garbage 2,995732 0,000429
garden 0,150823 0,000043
gardener 0,994252 0,000285
garland 1,203973 0,000173
garment 0,400478 0,000115
garret 1,309333 0,000188
gasp 0,579818 0,000083
gate 0,210721 0,000060
gateway 1,309333 0,000375
gather 0,061875 0,000027
gathering 0,415515 0,000060
gaudy 1,347074 0,000193
gay 0,494296 0,000142
gayer 2,302585 0,000330
gaze 0,314711 0,000180
gem 1,108663 0,000159
generation 0,127833 0,000018
generous 0,356675 0,000051
genii 2,407946 0,000345
genius 0,400478 0,000057
gentle 0,274437 0,000039
gentleman 0,223144 0,000064
gentler 1,714798 0,000246
gently 0,235722 0,000034
gentry 1,514128 0,000217
genuine 0,597837 0,000086
geography 1,514128 0,000217
gerard 2,995732 0,000429
german 0,478036 0,000137
germany 1,049822 0,000150
gesture 0,510826 0,000073
giant 0,562119 0,000161
gibberish 2,813411 0,000403
gift 0,210721 0,000060
gilded 1,171183 0,000168
gilt 1,469676 0,000211
gingerbread 1,897120 0,000272
girl 0,198451 0,000057
girlhood 2,207275 0,000316
glacier 2,407946 0,000345
glad 0,072571 0,000010
gladden 1,609438 0,000231
gladly 0,544727 0,000078
glance 0,186330 0,000107
glass 0,174353 0,000050
glassy 1,660731 0,000238
glazed 1,660731 0,000238
glazing 2,525729 0,000362
gleam 0,510826 0,000220
glee 1,309333 0,000188
glide 0,673345 0,000386
glimpse 0,462035 0,000132
glisten 0,820981 0,000235
glitter 0,579818 0,000083
globe 0,755023 0,000108
gloomy 0,462035 0,000066
glorious 0,462035 0,000066
glove 0,597837 0,000171
glow 0,314711 0,000135
gnome 3,506558 0,001005
goal 0,274437 0,000079
god 0,083382 0,000012
goddess 1,049822 0,000150
godliness 3,218876 0,000461
godmother 2,207275 0,000316
gold 0,083382 0,000012
golden 0,342490 0,000049
gong 2,207275 0,000316
goodbye 2,407946 0,000345
goodly 1,237874 0,000177
goodness 0,328504 0,000047
goodnight 2,995732 0,000429
goose 0,755023 0,000216
gorgeous 1,171183 0,000168
gossamer 2,207275 0,000316
gossip 0,994252 0,000285
gothic 1,609438 0,000231
gouda 3,912023 0,000561
govern 0,186330 0,000027
governor 0,733969 0,000105
gown 0,616186 0,000177
grace 0,235722 0,000034
graceful 0,494296 0,000071
gracefully 1,203973 0,000173
graciously 1,203973 0,000173
grade 1,347074 0,000193
gradually 0,328504 0,000047
graduate 1,771957 0,000254
grain 0,562119 0,000081
grammar 1,171183 0,000168
grand 0,342490 0,000147
grandchild 1,514128 0,000217
grandfather 0,755023 0,000108
grandmother 1,272966 0,000365
grandparent 2,995732 0,000429
grandsire 2,659260 0,000381
grandson 1,347074 0,000193
granite 1,347074 0,000193
granny 2,407946 0,000345
grant 0,061875 0,000018
grapple 1,203973 0,000173
grasp 0,274437 0,000118
grass 0,301105 0,000043
grate 0,673345 0,000096
grateful 0,446287 0,000064
gratefully 0,415515 0,000060
gratitude 0,478036 0,000069
grave 0,116534 0,000017
gravel 1,203973 0,000173
gravely 0,693147 0,000099
gravestone 2,407946 0,000345
graveyard 1,966113 0,000282
gravitation 2,302585 0,000330
gray 0,733969 0,000105
greased 2,207275 0,000316
greasy 1,347074 0,000193
greatly 0,210721 0,000030
greatness 0,693147 0,000099
greece 1,139434 0,000163
greedy 1,021651 0,000146
green 0,105361 0,000015
greet 0,653926 0,000094
gregory 1,139434 0,000163
gretel 3,912023 0,000561
grief 0,356675 0,000051
grieve 0,673345 0,000096
grim 0,776529 0,000111
grimace 1,386294 0,000199
grin 0,733969 0,000210
grind 0,755023 0,000108
groan 0,446287 0,000256
gross 0,235722 0,000034
ground 0,030459 0,000004
grounds 0,446287 0,000064
grow 0,010050 0,000007
growl 0,941609 0,000270
growling 1,427116 0,000205
gruff 1,660731 0,000476
gruffly 1,897120 0,000272
grumble 0,867501 0,000249
grunt 1,021651 0,000146
guard 0,083382 0,000048
guess 0,223144 0,000064
guest 0,235722 0,000068
guide 0,083382 0,000024
guilder 3,506558 0,000503
guilders 3,506558 0,000503
guilt 0,544727 0,000078
guineas 1,427116 0,000205
gulliver 2,813411 0,000403
gun 0,544727 0,000078
gunpowder 1,560648 0,000224
gust 1,139434 0,000163
gutter 1,049822 0,000150
ha 0,891598 0,000128
habit 0,162519 0,000047
haggard 1,021651 0,000146
hague 2,813411 0,000403
hail 0,415515 0,000119
hailstone 2,525729 0,000362
hair 0,072571 0,000010
haired 0,820981 0,000118
hale 1,714798 0,000246
halfway 1,386294 0,000199
hall 0,274437 0,000039
halloo 2,040221 0,000292
halo 1,771957 0,000254
halt 0,733969 0,000105
halted 0,843970 0,000121
halting 1,309333 0,000188
hand 0,010050 0,000006
handel 3,506558 0,000503
handkerchief 0,616186 0,000088
handle 0,223144 0,000064
handmaiden 2,659260 0,000381
handsome 0,328504 0,000047
handy 0,967584 0,000139
hang 0,198451 0,000057
hanging 0,235722 0,000034
hans 2,302585 0,000330
happen 0,030459 0,000013
happily 0,478036 0,000069
happiness 0,150823 0,000022
happy 0,061875 0,000027
harangue 1,609438 0,000231
harbor 1,427116 0,000205
hard 0,040822 0,000012
harden 1,021651 0,000146
hardness 1,203973 0,000173
hardship 0,713350 0,000102
hardworking 2,995732 0,000429
hark 1,139434 0,000163
harlequin 2,525729 0,000362
harm 0,210721 0,000030
harmless 0,248461 0,000036
harmonious 1,171183 0,000168
harmony 0,579818 0,000083
harness 0,843970 0,000242
harsh 0,462035 0,000066
hart 0,462035 0,000066
harvest 0,713350 0,000102
hast 0,891598 0,000128
haste 0,371064 0,000053
hasten 0,371064 0,000160
hastily 0,462035 0,000066
hasty 0,510826 0,000073
hat 0,446287 0,000128
hatchet 1,609438 0,000231
hate 0,150823 0,000043
haughty 0,867501 0,000124
haunt 0,385662 0,000111
head 0,000000 0,000000
headband 3,506558 0,000503
headed 0,510826 0,000073
headgear 2,659260 0,000381
headstone 2,813411 0,000403
health 0,198451 0,000028
healthy 0,356675 0,000051
heap 0,248461 0,000107
hear 0,010050 0,000004
heart 0,010050 0,000003
hearted 0,415515 0,000060
hearth 0,843970 0,000121
hearthstone 2,407946 0,000345
heartily 0,597837 0,000086
hearty 0,616186 0,000177
heat 0,198451 0,000028
heaven 0,174353 0,000050
heavily 0,400478 0,000057
heavy 0,030459 0,000013
hedge 0,597837 0,000171
heed 0,510826 0,000073
heel 0,356675 0,000102
heer 3,506558 0,000503
heigh 2,995732 0,000429
height 0,210721 0,000060
heighten 1,771957 0,000254
heightened 1,469676 0,000211
helpless 0,328504 0,000047
hemp 2,040221 0,000292
henry 0,713350 0,000102
heraldic 2,659260 0,000381
herculean 1,771957 0,000254
herman 2,995732 0,000429
hermit 1,469676 0,000211
hero 0,430783 0,000123
heroic 0,891598 0,000128
herring 1,966113 0,000564
hesitate 0,314711 0,000090
hey 1,347074 0,000193
hide 0,072571 0,000021
hideous 0,527633 0,000076
hider 3,912023 0,000561
hiding 0,616186 0,000088
highland 2,120264 0,000304
hilarity 1,966113 0,000282
hilda 3,218876 0,000461
hill 0,150823 0,000022
hinder 0,579818 0,000083
hindrance 1,049822 0,000150
hinge 0,916291 0,000131
hint 0,301105 0,000129
hire 0,733969 0,000105
hiss 0,653926 0,000187
hist 2,120264 0,000304
historian 0,994252 0,000142
historic 1,832581 0,000263
historical 0,843970 0,000121
history 0,186330 0,000027
hit 0,314711 0,000090
hitch 1,347074 0,000193
ho 1,203973 0,000173
hoist 1,139434 0,000163
hoisting 2,525729 0,000362
hold 0,010050 0,000006
holder 0,430783 0,000062
hole 0,261365 0,000075
holiday 0,713350 0,000102
holland 1,514128 0,000217
hollander 3,218876 0,000461
hollanders 2,995732 0,000429
hollow 0,430783 0,000062
holp 3,912023 0,000561
holy 0,371064 0,000053
homage 1,078810 0,000155
homeless 1,832581 0,000263
homely 1,171183 0,000168
homemade 2,813411 0,000403
homeopathic 2,813411 0,000403
homes 2,813411 0,000403
homespun 3,218876 0,000461
homeward 0,891598 0,000128
homework 3,912023 0,000561
honest 0,235722 0,000034
honestly 0,843970 0,000121
honesty 0,733969 0,000105
honey 0,755023 0,000108
honor 0,891598 0,000256
honored 1,427116 0,000205
hood 1,237874 0,000177
hoof 0,867501 0,000124
hoop 1,771957 0,000254
hooped 2,659260 0,000381
hoot 2,040221 0,000292
hop 1,108663 0,000159
hope 0,000000 0,000000
hopeless 0,510826 0,000073
hopelessly 1,078810 0,000155
horizon 0,597837 0,000086
horrible 0,356675 0,000051
horrid 0,713350 0,000102
horror 0,198451 0,000057
horse 0,139262 0,000040
horseman 0,967584 0,000139
horseshoe 2,407946 0,000345
hose 2,040221 0,000292
hosier 2,813411 0,000403
hospital 0,755023 0,000108
host 0,446287 0,000128
hostess 1,347074 0,000193
hot 0,116534 0,000017
hotel 0,820981 0,000118
hothouse 3,218876 0,000461
hour 0,061875 0,000018
house 0,020203 0,000003
housebreak 2,995732 0,000429
housebreaker 2,659260 0,000381
houseful 2,813411 0,000403
household 0,430783 0,000123
houses 0,139262 0,000020
housetops 2,407946 0,000345
housewife 2,120264 0,000608
hubert 3,912023 0,000561
hue 0,776529 0,000111
hug 0,967584 0,000277
huge 0,400478 0,000057
hum 0,579818 0,000083
human 0,072571 0,000010
humble 0,261365 0,000037
humbly 0,867501 0,000124
humility 0,867501 0,000124
humor 1,203973 0,000518
hump 1,832581 0,000263
humph 1,897120 0,000272
hung 0,174353 0,000025
hunger 0,478036 0,000069
hungry 0,314711 0,000045
hunt 0,371064 0,000106
hunter 0,579818 0,000083
hunting 0,462035 0,000066
hurl 0,798508 0,000114
hurrah 1,386294 0,000199
hurray 3,506558 0,000503
hurriedly 0,891598 0,000128
hurry 0,162519 0,000070
hurt 0,150823 0,000022
husband 0,198451 0,000057
hush 0,527633 0,000151
husky 1,560648 0,000224
hut 0,776529 0,000111
hutlike 3,912023 0,000561
huzza 2,525729 0,000362
hyacinth 2,302585 0,000330
hymn 0,994252 0,000142
hysteric 1,660731 0,000238
ibex 3,912023 0,000561
ice 0,527633 0,000076
iceberg 2,659260 0,000762
iceboat 3,912023 0,001121
icebound 3,506558 0,000503
icebreaker 3,912023 0,000561
icicle 2,525729 0,000362
idea 0,083382 0,000024
identical 0,994252 0,000142
identification 0,527633 0,000076
identify 0,342490 0,000098
idiot 0,776529 0,000111
idiotic 1,347074 0,000193
idle 0,261365 0,000037
idler 1,660731 0,000238
idolatry 1,966113 0,000282
ignorance 0,287682 0,000041
ignorant 0,301105 0,000043
ik 3,912023 0,000561
illness 0,616186 0,000088
illuminate 0,941609 0,000135
illumine 1,309333 0,000188
illustrious 1,021651 0,000146
image 0,301105 0,000086
imaginable 1,427116 0,000205
imaginary 0,755023 0,000108
imagination 0,223144 0,000032
imagine 0,083382 0,000024
imbed 2,207275 0,000316
immense 0,314711 0,000045
immovable 1,203973 0,000173
impart 0,693147 0,000099
impatient 0,371064 0,000053
impatiently 0,634878 0,000091
impenitent 2,813411 0,000403
imperfect 0,673345 0,000096
impertinence 1,469676 0,000211
impertinent 1,171183 0,000168
implement 1,469676 0,000421
implore 0,776529 0,000334
imploringly 1,771957 0,000254
imply 0,235722 0,000034
importation 2,525729 0,000362
impose 0,162519 0,000023
imposing 0,843970 0,000121
impossible 0,094311 0,000014
impression 0,210721 0,000030
impressive 1,237874 0,000177
imprison 0,798508 0,000114
improve 0,385662 0,000166
improvement 0,616186 0,000177
impudent 1,469676 0,000211
impulse 0,400478 0,000057
inaccurate 0,510826 0,000073
inanimate 1,237874 0,000177
incense 0,755023 0,000108
inch 0,430783 0,000123
incident 0,356675 0,000102
incidental 0,446287 0,000064
inclined 0,186330 0,000027
include 0,072571 0,000042
incoherent 1,469676 0,000211
incomplete 0,301105 0,000043
inconsistency 1,171183 0,000168
increase 0,061875 0,000018
incredulous 1,309333 0,000188
indemnify 0,446287 0,000064
indemnity 0,527633 0,000076
india 0,843970 0,000121
indignant 0,820981 0,000118
indignantly 1,203973 0,000173
indignation 0,510826 0,000073
indirect 0,446287 0,000064
indirectly 0,371064 0,000053
indiscreet 1,609438 0,000231
indistinct 1,139434 0,000163
individual 0,139262 0,000020
indolent 1,427116 0,000205
induce 0,328504 0,000094
indulge 0,527633 0,000151
industrious 1,078810 0,000155
industry 0,843970 0,000121
inertia 2,407946 0,000345
infancy 0,916291 0,000131
infant 0,673345 0,000096
infinite 0,430783 0,000062
infinitum 2,659260 0,000381
inflict 0,579818 0,000083
inform 0,198451 0,000028
infringement 0,544727 0,000078
ingenious 0,693147 0,000099
ingratitude 1,171183 0,000168
inhabit 0,597837 0,000086
inhabitants 0,446287 0,000064
initial 0,994252 0,000285
injunction 1,108663 0,000159
injure 0,356675 0,000051
inland 1,469676 0,000211
inmate 1,203973 0,000173
inn 0,713350 0,000102
innkeeper 2,207275 0,000316
innocent 0,186330 0,000027
innocently 1,427116 0,000205
inquire 0,235722 0,000101
inquiringly 1,771957 0,000254
inquiry 0,446287 0,000064
inquisitive 1,078810 0,000155
inscription 1,171183 0,000168
insensible 0,843970 0,000121
insight 1,171183 0,000168
insinuation 1,609438 0,000231
insist 0,223144 0,000064
insolent 0,941609 0,000135
inspect 0,798508 0,000114
inspection 0,798508 0,000114
inspire 0,371064 0,000053
installation 2,995732 0,000429
instance 0,116534 0,000017
instant 0,210721 0,000030
instantly 0,356675 0,000051
instep 2,659260 0,000381
instinct 0,356675 0,000051
institution 0,713350 0,000204
instruct 0,494296 0,000071
instructive 1,469676 0,000211
instrument 0,248461 0,000071
insult 0,415515 0,000060
intellect 0,634878 0,000091
intellectual 0,235722 0,000034
intelligence 0,301105 0,000043
intelligent 0,342490 0,000049
intend 0,094311 0,000041
intense 0,430783 0,000062
intensely 0,820981 0,000118
intent 0,494296 0,000071
intention 0,127833 0,000018
intently 0,891598 0,000128
intercourse 0,798508 0,000114
interfere 0,415515 0,000060
interior 0,673345 0,000096
internal 0,261365 0,000037
internally 1,897120 0,000272
international 0,494296 0,000071
interpose 0,916291 0,000131
interpret 0,235722 0,000034
interpreter 1,108663 0,000159
interrupt 0,562119 0,000081
interrupted 0,301105 0,000043
interruption 0,634878 0,000091
intersect 1,514128 0,000434
interval 0,301105 0,000043
intimate 0,430783 0,000062
intricate 1,078810 0,000155
introduce 0,261365 0,000112
intruder 1,108663 0,000159
intrust 1,966113 0,000282
inundate 2,995732 0,000859
inundation 2,040221 0,000585
invade 0,755023 0,000108
invalidity 0,527633 0,000076
invaluable 1,386294 0,000199
invariable 1,514128 0,000217
invariably 0,798508 0,000114
invent 0,400478 0,000057
inventor 1,386294 0,000199
investigate 0,820981 0,000118
investigation 0,713350 0,000102
investigator 2,040221 0,000292
invisible 0,562119 0,000081
invitation 0,494296 0,000071
invite 0,261365 0,000075
inwardly 0,798508 0,000114
iron 0,162519 0,000047
irregular 0,733969 0,000105
irregularly 1,832581 0,000263
irs 0,562119 0,000081
ish 3,912023 0,000561
island 0,400478 0,000057
islands 0,755023 0,000108
israel 1,386294 0,000199
issue 0,198451 0,000057
item 1,139434 0,000163
ivory 0,820981 0,000118
ja 2,995732 0,000429
jack 0,755023 0,000108
jacket 0,755023 0,000216
jackknife 2,995732 0,000429
jacob 1,427116 0,000205
jagged 1,560648 0,000224
jail 1,347074 0,000193
jailer 2,302585 0,000330
jakob 3,912023 0,000561
james 0,673345 0,000096
jan 3,218876 0,000461
january 0,693147 0,000099
japan 1,560648 0,000224
japanese 1,660731 0,000238
jar 1,021651 0,000146
jasper 2,207275 0,000316
jauntily 2,302585 0,000330
jaunty 2,407946 0,000345
jealously 1,897120 0,000272
jelly 1,514128 0,000217
jenny 2,407946 0,000345
jerk 0,820981 0,000353
jewel 0,634878 0,000091
jeweled 3,218876 0,000461
jewelry 2,040221 0,000292
jews 1,078810 0,000155
jingle 1,171183 0,000168
joan 2,407946 0,000345
job 0,597837 0,000086
johannes 3,912023 0,000561
john 0,328504 0,000047
joined 2,995732 0,000429
joke 0,356675 0,000102
jollity 2,659260 0,000381
jolly 0,994252 0,000142
jostle 1,272966 0,000182
journey 0,150823 0,000022
joy 0,127833 0,000018
joyful 0,798508 0,000114
joyfully 1,272966 0,000182
joyous 0,941609 0,000135
joyously 1,560648 0,000224
judge 0,061875 0,000018
judging 0,713350 0,000102
judgment 0,198451 0,000028
judicial 1,309333 0,000188
jug 1,272966 0,000182
juggernaut 2,995732 0,000429
juice 1,272966 0,000182
julius 1,897120 0,000272
july 0,616186 0,000088
jumble 1,897120 0,000272
jump 0,430783 0,000123
jumping 0,798508 0,000114
jungle 1,832581 0,000263
junior 1,272966 0,000182
jut 1,609438 0,000231
karel 3,912023 0,000561
kate 2,659260 0,000381
katrina 3,912023 0,000561
katrinka 3,912023 0,000561
katy 3,218876 0,000461
keel 1,309333 0,000188
keen 0,371064 0,000053
keener 1,469676 0,000211
keeper 0,820981 0,000118
keg 1,966113 0,000282
kennel 1,660731 0,000476
kerchief 1,832581 0,000263
kermis 3,912023 0,000561
kettle 1,108663 0,000318
key 0,342490 0,000049
keyboard 2,813411 0,000806
kick 0,314711 0,000090
kill 0,083382 0,000036
killer 2,040221 0,000292
kindhearted 2,995732 0,000429
kindle 0,693147 0,000298
kindliness 2,040221 0,000292
kindly 0,223144 0,000032
kindness 0,274437 0,000079
king 0,210721 0,000030
kingdom 0,462035 0,000132
kiss 0,356675 0,000153
kissing 1,021651 0,000146
kitchen 0,562119 0,000081
kitten 1,560648 0,000447
knead 1,966113 0,000564
knee 0,150823 0,000043
kneel 0,478036 0,000206
knife 0,287682 0,000082
knight 1,272966 0,000182
knights 1,309333 0,000188
knit 0,673345 0,000386
knock 0,287682 0,000124
knocker 2,120264 0,000304
knot 0,510826 0,000220
knotty 1,897120 0,000272
knowing 2,525729 0,000362
knowledge 0,061875 0,000009
kwartje 3,912023 0,000561
label 1,427116 0,000205
labor 1,108663 0,000477
laborer 1,897120 0,000544
lace 0,867501 0,000124
laced 1,771957 0,000254
lack 0,371064 0,000106
lad 0,653926 0,000187
ladder 0,616186 0,000088
laden 0,673345 0,000096
lady 0,162519 0,000047
lake 0,162519 0,000047
lamb 0,693147 0,000199
lambert 2,525729 0,000362
lame 0,798508 0,000114
lamp 0,400478 0,000057
land 0,051293 0,000015
landing 0,544727 0,000078
landlady 1,514128 0,000217
landlord 0,941609 0,000135
landscape 0,820981 0,000118
lane 0,653926 0,000094
language 0,072571 0,000010
languages 0,967584 0,000139
languish 1,139434 0,000163
lank 1,609438 0,000231
lap 0,527633 0,000151
lash 0,562119 0,000161
lass 1,966113 0,000282
latch 1,309333 0,000188
latchet 3,912023 0,000561
late 0,094311 0,000014
latin 0,653926 0,000094
laugh 0,094311 0,000054
laughingly 1,714798 0,000246
laughter 0,274437 0,000039
launch 0,798508 0,000114
law 0,020203 0,000006
lawgiver 1,771957 0,000254
lawless 1,660731 0,000238
lawn 1,078810 0,000155
lawyer 0,673345 0,000096
lay 0,030459 0,000013
lazily 1,237874 0,000177
lazy 0,616186 0,000088
lead 0,020203 0,000006
leader 0,356675 0,000051
leading 0,139262 0,000020
leaf 0,446287 0,000064
leak 1,469676 0,000421
leaky 2,040221 0,000292
lean 0,127833 0,000073
leap 0,287682 0,000124
learn 0,020203 0,000012
leastwise 3,506558 0,000503
leather 0,527633 0,000076
leatherwork 3,912023 0,000561
leave -0,009950 -0,000004
lecture 0,673345 0,000193
leech 1,966113 0,000282
leer 1,897120 0,000272
left 0,000000 0,000000
leg 0,235722 0,000068
legal 0,261365 0,000037
legally 0,342490 0,000049
legend 0,820981 0,000118
legged 1,108663 0,000159
leisure 0,579818 0,000083
leisurely 1,108663 0,000159
lend 0,430783 0,000123
lending 1,609438 0,000231
lessen 0,713350 0,000102
lesson 0,287682 0,000082
letter 0,072571 0,000021
level 0,210721 0,000060
leven 2,995732 0,000429
leyden 2,525729 0,000362
liability 0,462035 0,000066
liable 0,235722 0,000034
liberation 1,832581 0,000263
library 0,223144 0,000032
license 0,301105 0,000043
licensed 0,430783 0,000062
lie 0,020203 0,000012
lieu 0,415515 0,000060
life -0,009950 -0,000003
lift 0,116534 0,000067
light 0,000000 0,000000
lighted 0,261365 0,000037
lighten 0,597837 0,000086
lighter 2,813411 0,000403
lighthearted 2,659260 0,000381
lightly 0,430783 0,000062
lightning 0,430783 0,000062
likeness 0,673345 0,000096
lilliput 2,995732 0,000429
lily 1,272966 0,000182
limb 0,248461 0,000071
limit 0,287682 0,000041
limitation 0,371064 0,000053
limited 0,261365 0,000037
linen 0,527633 0,000076
linger 0,446287 0,000256
linguist 2,813411 0,000403
lining 1,771957 0,000254
link 0,174353 0,000050
lion 0,579818 0,000166
lip 0,127833 0,000037
liqueur 2,525729 0,000362
liquid 0,843970 0,000121
list 0,301105 0,000043
listen 0,105361 0,000060
literary 0,287682 0,000041
literature 0,653926 0,000094
lithe 1,966113 0,000282
live 0,010050 0,000003
lively 0,385662 0,000111
living 0,020203 0,000003
lo 0,916291 0,000131
load 0,430783 0,000185
loath 1,427116 0,000205
locality 1,139434 0,000163
locate 0,371064 0,000053
location 0,494296 0,000071
lock 0,162519 0,000047
locker 2,120264 0,000304
locomotive 2,120264 0,000608
lodge 0,494296 0,000142
lodger 1,609438 0,000231
lodging 0,776529 0,000111
lodgings 1,078810 0,000155
loftily 2,302585 0,000330
lofty 0,494296 0,000071
log 0,798508 0,000114
logwood 3,506558 0,000503
loitering 1,660731 0,000238
london 0,415515 0,000060
lonely 0,400478 0,000057
looker 1,660731 0,000238
lookout 1,427116 0,000205
loose 0,094311 0,000014
loosen 0,891598 0,000128
lord 0,223144 0,000032
lords 0,843970 0,000121
lose 0,000000 0,000000
loss 0,083382 0,000012
lot 0,051293 0,000015
loud 0,105361 0,000030
loudly 0,400478 0,000057
loudness 2,207275 0,000316
louisa 2,407946 0,000345
love 0,030459 0,000013
lovely 0,462035 0,000199
lovey 3,506558 0,000503
loving 0,478036 0,000069
lovingly 1,427116 0,000205
lowlands 2,659260 0,000381
luck 0,446287 0,000064
lucky 0,494296 0,000071
lucretia 2,407946 0,000345
ludwig 3,912023 0,000561
lumber 1,203973 0,000345
lunatic 1,203973 0,000173
lurk 0,616186 0,000088
lusty 1,832581 0,000263
luxuriance 2,813411 0,000403
luxury 0,462035 0,000132
mabel 2,995732 0,000429
machine 0,210721 0,000030
machinery 1,049822 0,000150
mad 0,235722 0,000034
madam 0,967584 0,000139
madame 1,108663 0,000159
magic 0,673345 0,000096
magistrate 0,820981 0,000118
magnet 2,040221 0,000292
magnificent 0,328504 0,000047
magnify 0,994252 0,000142
maid 0,415515 0,000060
maiden 0,673345 0,000193
main 0,127833 0,000018
mainstay 2,659260 0,000381
maintain 0,094311 0,000027
majestically 1,560648 0,000224
majesty 0,510826 0,000073
maker 0,653926 0,000094
malaga 3,218876 0,000461
maliciously 1,771957 0,000254
malignant 1,139434 0,000163
mammoth 2,407946 0,000345
manage 0,261365 0,000037
mandarin 2,813411 0,000403
mandate 2,120264 0,000304
manhood 0,776529 0,000111
mania 1,347074 0,000193
manias 3,506558 0,000503
manly 0,820981 0,000118
manned 1,771957 0,000254
manner 0,040822 0,000006
manners 0,274437 0,000039
mansion 0,820981 0,000235
manufacture 1,078810 0,000155
map 0,916291 0,000131
mar 1,108663 0,000159
marble 0,562119 0,000081
march 0,223144 0,000064
marco 2,659260 0,000381
mare 1,203973 0,000173
margin 0,994252 0,000142
marine 1,309333 0,000188
mariner 1,078810 0,000155
mark 0,105361 0,000030
marked 0,061875 0,000009
market 0,510826 0,000073
marketplace 2,659260 0,000381
married 0,248461 0,000036
marry 0,356675 0,000051
marsh 1,139434 0,000163
marshy 1,966113 0,000282
marvel 0,693147 0,000099
marvelous 1,609438 0,000231
mary 0,693147 0,000099
masonry 1,832581 0,000263
mass 0,210721 0,000060
massacre 1,309333 0,000188
massive 1,049822 0,000150
mast 0,941609 0,000135
master 0,072571 0,000010
masterpiece 1,427116 0,000409
masters 0,446287 0,000064
masthead 2,659260 0,000762
mat 0,820981 0,000235
match 0,301105 0,000086
mate 0,713350 0,000102
material 0,261365 0,000075
matron 1,347074 0,000193
matter 0,000000 0,000000
maurice 2,659260 0,000381
maximum 0,478036 0,000069
mayence 3,506558 0,000503
mayhap 2,995732 0,000429
mayor 1,514128 0,000217
meal 0,261365 0,000037
meaning 0,186330 0,000027
measure 0,127833 0,000018
meat 0,356675 0,000051
mechanical 0,843970 0,000121
mechanically 1,078810 0,000155
mechlin 3,218876 0,000461
medal 1,469676 0,000421
medallion 2,659260 0,000762
meddle 0,994252 0,000142
meddlesome 2,995732 0,000429
medicine 0,562119 0,000081
medium 0,223144 0,000032
medley 2,040221 0,000292
meek 1,272966 0,000365
meekly 1,469676 0,000211
meer 3,506558 0,000503
meerschaum 2,659260 0,000762
meet 0,010050 0,000004
meeting 0,162519 0,000047
melancholy 0,342490 0,000049
mell 1,609438 0,000231
melody 1,347074 0,000193
melt 0,385662 0,000111
memoirs 1,347074 0,000193
memorial 1,139434 0,000163
memory 0,162519 0,000023
mend 0,653926 0,000281
mentally 1,237874 0,000177
mention 0,105361 0,000030
merchandise 1,469676 0,000211
merchant 0,494296 0,000142
mercuries 3,506558 0,000503
mercury 1,203973 0,000173
mercy 0,210721 0,000030
mere 0,094311 0,000014
merge 1,469676 0,000211
merit 0,371064 0,000106
merrily 1,272966 0,000182
merriment 1,139434 0,000163
merry 0,634878 0,000182
message 0,356675 0,000051
messenger 0,562119 0,000081
metal 0,527633 0,000076
method 0,094311 0,000027
metropolis 1,469676 0,000211
michael 0,400478 0,000057
microscope 2,207275 0,000633
midday 1,108663 0,000159
middle 0,030459 0,000004
midnight 0,328504 0,000047
midst 0,287682 0,000041
mighty 0,328504 0,000047
mild 0,430783 0,000062
mildness 1,427116 0,000205
mile 0,174353 0,000050
military 0,616186 0,000088
milk 0,400478 0,000057
milkman 2,407946 0,000690
miller 1,309333 0,000375
mimic 1,427116 0,000614
mimosa 2,995732 0,000429
mind 0,020203 0,000006
minded 0,400478 0,000057
mineral 1,609438 0,000231
mingle 0,356675 0,000153
miniature 1,139434 0,000163
minister 0,562119 0,000081
minute 0,150823 0,000043
miracle 0,597837 0,000086
miraculous 1,171183 0,000168
mire 1,049822 0,000150
mirror 0,579818 0,000166
mirth 0,776529 0,000111
mischief 0,494296 0,000071
miserable 0,210721 0,000030
misgive 2,302585 0,000330
mishap 1,660731 0,000476
misplace 2,120264 0,000304
missing 1,386294 0,000199
mission 0,210721 0,000030
mississippi 0,415515 0,000060
mist 0,430783 0,000062
mistake 0,186330 0,000053
mistaken 0,261365 0,000037
mister 1,832581 0,000263
mistress 0,478036 0,000069
mistrust 1,171183 0,000168
mit 2,813411 0,000403
mite 1,714798 0,000246
miter 2,995732 0,000429
mitt 3,912023 0,001121
mitten 2,407946 0,000690
mittened 3,218876 0,000461
mix 0,274437 0,000039
mixture 0,597837 0,000086
moan 0,653926 0,000375
moat 1,897120 0,000272
mob 1,139434 0,000163
mock 0,478036 0,000137
mockingly 1,966113 0,000282
mode 0,579818 0,000083
model 0,510826 0,000073
moderate 0,579818 0,000083
modern 0,301105 0,000043
modest 0,371064 0,000053
modification 0,478036 0,000069
modify 0,356675 0,000051
moist 0,843970 0,000121
molasses 2,659260 0,000381
mold 1,966113 0,000282
moldy 3,506558 0,000503
moment 0,010050 0,000003
monarch 1,108663 0,000159
monarchy 1,660731 0,000238
monday 0,891598 0,000128
money 0,051293 0,000007
monish 3,912023 0,000561
monk 1,108663 0,000159
monkey 0,941609 0,000135
monster 0,527633 0,000151
month 0,040822 0,000012
monthly 1,427116 0,000205
monument 0,776529 0,000223
mood 0,462035 0,000066
moody 1,514128 0,000217
moon 0,261365 0,000037
moonlight 0,673345 0,000096
moonrise 2,525729 0,000362
moonshine 2,040221 0,000292
moor 0,994252 0,000427
mooring 2,407946 0,000345
mop 1,832581 0,000525
moral 0,301105 0,000043
morn 1,609438 0,000231
morning 0,040822 0,000006
morocco 1,832581 0,000263
morrow 0,328504 0,000047
mortal 0,314711 0,000090
mosaic 2,040221 0,000292
moth 1,714798 0,000246
mother 0,072571 0,000021
motherly 2,040221 0,000292
motion 0,223144 0,000096
motionless 0,544727 0,000078
motley 1,660731 0,000238
motto 1,347074 0,000386
mound 1,272966 0,000182
mount 0,210721 0,000060
mountain 0,400478 0,000057
mountains 0,400478 0,000057
mourn 0,994252 0,000285
mourning 0,673345 0,000096
mouse 0,776529 0,000111
mouth 0,061875 0,000018
mouthful 1,237874 0,000355
movement 0,287682 0,000041
mow 1,714798 0,000246
mud 0,462035 0,000066
muffle 1,108663 0,000159
mule 0,967584 0,000139
multitude 0,385662 0,000111
mumbling 1,714798 0,000246
mummy 1,897120 0,000544
murder 0,248461 0,000071
murderer 0,733969 0,000105
murderous 1,078810 0,000155
murmur 0,287682 0,000082
muscle 0,755023 0,000108
museum 1,139434 0,000327
mushroom 1,660731 0,000238
music 0,198451 0,000028
musical 0,579818 0,000083
musician 1,171183 0,000336
musing 1,237874 0,000177
muslin 1,272966 0,000182
mute 0,776529 0,000111
mutter 0,653926 0,000187
muttering 1,049822 0,000150
mutual 0,510826 0,000073
mynheer 3,506558 0,001005
mysterious 0,314711 0,000045
mysteriously 1,171183 0,000168
mystery 0,235722 0,000068
mystify 1,609438 0,000231
nail 0,356675 0,000051
naked 0,274437 0,000039
nap 1,469676 0,000421
narrative 0,579818 0,000083
narrow 0,094311 0,000027
nassau 3,218876 0,000461
nation 0,579818 0,000083
national 0,755023 0,000108
nationality 1,897120 0,000272
nations 0,673345 0,000096
native 0,314711 0,000090
natural 0,094311 0,000014
naturalist 1,832581 0,000263
naturally 0,210721 0,000030
nature 0,094311 0,000014
natured 0,733969 0,000105
naturedly 1,897120 0,000272
naught 1,347074 0,000193
naughty 1,714798 0,000246
navigation 1,272966 0,000182
navigator 1,771957 0,000254
nearby 2,659260 0,000381
nearer 0,400478 0,000057
neat 0,653926 0,000094
neatness 1,514128 0,000217
necessity 0,210721 0,000030
neck 0,174353 0,000050
necklace 1,660731 0,000476
needle 0,673345 0,000193
needless 1,049822 0,000150
neglect 0,274437 0,000079
negligence 0,415515 0,000060
neighbor 1,237874 0,000355
neighborhood 1,171183 0,000168
neighboring 1,386294 0,000199
nervous 0,494296 0,000071
nervously 1,203973 0,000173
nest 0,579818 0,000166
nestle 1,427116 0,000409
netherlands 2,813411 0,000403
network 0,415515 0,000060
newcomer 1,560648 0,000224
newly 0,494296 0,000071
newness 2,407946 0,000345
news 0,210721 0,000030
newsletter 0,562119 0,000081
nibble 1,609438 0,000231
nice 0,371064 0,000053
nicholas 1,771957 0,000254
nick 1,386294 0,000397
night 0,010050 0,000003
nightfall 1,309333 0,000188
nightly 1,171183 0,000168
nimble 1,171183 0,000168
nimbly 1,714798 0,000246
nineteen 1,108663 0,000159
nobility 0,755023 0,000108
noble 0,198451 0,000085
noblehearted 3,912023 0,000561
nobly 1,309333 0,000188
nod 0,371064 0,000160
noise 0,139262 0,000020
noiseless 1,609438 0,000231
noiselessly 1,237874 0,000177
noisy 0,776529 0,000111
nonproprietary 0,562119 0,000081
nonsense 0,478036 0,000069
nook 1,427116 0,000205
noon 0,430783 0,000062
noontime 3,218876 0,000461
north 0,083382 0,000012
northward 1,203973 0,000173
nose 0,261365 0,000075
note 0,094311 0,000041
notebook 1,966113 0,000282
notice 0,020203 0,000009
notify 0,371064 0,000106
notion 0,314711 0,000045
noun 1,832581 0,000263
nourishment 0,994252 0,000142
november 0,544727 0,000078
nowadays 1,139434 0,000163
numbness 2,525729 0,000362
numerous 0,235722 0,000034
nurse 0,301105 0,000043
nursery 1,347074 0,000193
nursing 0,867501 0,000124
oak 0,673345 0,000096
oaken 2,040221 0,000292
oaks 1,237874 0,000177
oar 1,021651 0,000146
oath 0,385662 0,000111
obedience 0,494296 0,000071
obey 0,223144 0,000096
object 0,105361 0,000030
obligation 0,597837 0,000086
oblige 0,210721 0,000030
oblong 1,469676 0,000211
observant 1,309333 0,000188
observe 0,094311 0,000027
obsolete 0,446287 0,000064
obstacle 0,510826 0,000073
obstruction 1,609438 0,000231
occasion 0,105361 0,000015
occasionally 0,371064 0,000053
occupy 0,174353 0,000025
occur 0,083382 0,000024
ocean 0,415515 0,000060
october 0,653926 0,000094
odd 0,385662 0,000055
oddity 2,040221 0,000585
odious 0,941609 0,000135
odor 1,386294 0,000397
offal 2,120264 0,000304
offence 0,527633 0,000076
offended 0,616186 0,000088
offender 1,386294 0,000199
offensive 0,693147 0,000099
offer 0,020203 0,000009
office 0,072571 0,000010
officer 0,314711 0,000045
official 0,223144 0,000032
oftener 1,049822 0,000150
oil 0,446287 0,000128
olympus 1,966113 0,000282
ominously 1,966113 0,000282
omnibus 2,040221 0,000292
onion 1,203973 0,000345
online 0,510826 0,000073
onset 1,469676 0,000211
onward 1,108663 0,000159
openly 0,494296 0,000071
opera 1,139434 0,000163
operation 0,478036 0,000069
opinion 0,105361 0,000030
opportunity 0,061875 0,000018
oppose 0,579818 0,000083
opposition 0,494296 0,000071
oppressed 0,693147 0,000099
oppressor 1,771957 0,000254
oracle 1,237874 0,000177
orange 0,776529 0,000111
oratorically 3,506558 0,000503
orderly 0,941609 0,000135
ordinary 0,186330 0,000027
organ 0,634878 0,000182
organist 3,912023 0,000561
organized 0,356675 0,000051
oriental 1,108663 0,000159
origin 0,527633 0,000076
original 0,105361 0,000015
originally 0,673345 0,000096
originator 0,478036 0,000069
ornament 0,527633 0,000151
ornamented 1,171183 0,000168
orphan 0,798508 0,000229
outbreak 1,427116 0,000205
outdated 0,562119 0,000081
outdistance 2,659260 0,000381
outdoor 1,832581 0,000263
outer 0,510826 0,000073
outfit 1,171183 0,000168
outlast 2,813411 0,000403
outline 0,579818 0,000083
outrageous 1,386294 0,000199
outright 1,309333 0,000188
outstretched 1,108663 0,000159
outstrip 1,347074 0,000193
outward 0,579818 0,000083
overflow 0,616186 0,000177
overhead 0,843970 0,000121
overhear 0,994252 0,000142
oversee 2,040221 0,000292
oversleep 2,407946 0,000345
overspread 1,272966 0,000182
oversupply 3,912023 0,000561
overtake 0,400478 0,000057
overwhelmed 0,891598 0,000128
overwhelming 1,049822 0,000150
owe 0,105361 0,000015
owner 0,083382 0,000024
ox 0,941609 0,000135
oxen 1,427116 0,000205
oxford 1,272966 0,000182
oyster 1,203973 0,000173
pace 0,186330 0,000027
pacing 1,108663 0,000159
pack 0,579818 0,000083
packer 2,525729 0,000362
pad 1,560648 0,000447
padded 2,040221 0,000292
pagodalike 3,912023 0,000561
pail 1,309333 0,000188
pain 0,051293 0,000007
pained 1,203973 0,000173
painful 0,328504 0,000047
paint 0,274437 0,000118
painter 0,755023 0,000108
painting 0,713350 0,000204
pair 0,210721 0,000060
palace 0,494296 0,000142
pale 0,186330 0,000053
paleness 1,609438 0,000231
paler 1,386294 0,000199
palest 2,407946 0,000345
palm 0,494296 0,000071
paltry 1,203973 0,000173
pan 0,755023 0,000216
pane 1,078810 0,000155
panel 1,203973 0,000345
pannier 2,813411 0,000403
pant 1,272966 0,000182
panther 1,660731 0,000238
panting 0,597837 0,000086
paper 0,083382 0,000036
paperwork 0,562119 0,000081
paradise 0,776529 0,000111
paragraph 0,328504 0,000094
paralyze 1,660731 0,000238
pardon 0,287682 0,000041
parent 0,261365 0,000075
paris 0,562119 0,000081
parishioner 2,120264 0,000304
parisian 1,514128 0,000217
park 0,713350 0,000204
parlor 1,660731 0,000238
parry 1,832581 0,000263
partake 1,021651 0,000146
partial 0,733969 0,000105
particle 0,967584 0,000139
partly 0,301105 0,000043
partner 0,510826 0,000073
party 0,030459 0,000009
pass 0,020203 0,000009
passage 0,105361 0,000015
passenger 0,653926 0,000094
passerby 3,506558 0,000503
passersby 2,995732 0,000429
passing 0,094311 0,000014
passion 0,174353 0,000025
passionate 0,634878 0,000091
passive 0,941609 0,000135
pastime 1,171183 0,000168
pat 0,776529 0,000111
patch 0,616186 0,000177
patched 1,427116 0,000205
patent 0,941609 0,000135
path 0,150823 0,000022
pathetic 1,108663 0,000159
pathetically 1,897120 0,000272
pathway 1,469676 0,000211
patience 0,139262 0,000020
patient 0,274437 0,000079
patriot 1,560648 0,000224
patriotic 1,469676 0,000211
patriotism 1,897120 0,000272
paul 0,798508 0,000114
pause 0,314711 0,000135
pave 1,514128 0,000217
paved 1,108663 0,000159
pavement 0,755023 0,000216
pavilion 1,560648 0,000447
pay 0,030459 0,000013
paymaster 2,207275 0,000316
payment 0,274437 0,000079
peace 0,094311 0,000014
peaceful 0,478036 0,000069
peacock 1,469676 0,000211
peak 0,916291 0,000263
peasant 0,798508 0,000229
peasantry 2,120264 0,000304
peat 2,525729 0,000362
pebble 1,108663 0,000159
peculiar 0,223144 0,000032
peculiarity 0,755023 0,000216
pedal 2,659260 0,000381
peddler 2,407946 0,000345
peel 1,139434 0,000163
peep 0,634878 0,000182
peer 0,616186 0,000088
peered 1,237874 0,000177
peg 1,139434 0,000163
pegasus 3,218876 0,000461
pell 1,560648 0,000224
pelt 1,386294 0,000199
pen 0,235722 0,000068
penalty 0,820981 0,000118
pencil 0,616186 0,000088
pendant 1,897120 0,000272
penetrate 0,415515 0,000119
penitent 1,237874 0,000177
penknife 2,302585 0,000330
penniless 1,714798 0,000246
pennon 2,813411 0,000403
perceive 0,198451 0,000057
perch 0,891598 0,000128
perfect 0,061875 0,000009
perfection 0,446287 0,000064
perfectly 0,162519 0,000023
perform 0,072571 0,000031
performance 0,127833 0,000018
perfume 0,941609 0,000135
period 0,235722 0,000034
periodic 0,544727 0,000078
perish 0,462035 0,000199
permanent 0,223144 0,000032
permission 0,150823 0,000022
permit 0,094311 0,000027
perpetual 0,478036 0,000069
perseverance 1,108663 0,000159
persevere 0,994252 0,000142
persist 0,478036 0,000137
person -0,009950 -0,000004
personage 0,967584 0,000277
personal 0,223144 0,000032
persuade 0,223144 0,000032
pertly 2,995732 0,000429
pervade 1,139434 0,000327
pest 1,560648 0,000224
pester 2,040221 0,000292
pet 0,891598 0,000383
pete 2,813411 0,000403
peter 0,798508 0,000114
petrified 1,469676 0,000211
petter 3,912023 0,000561
petticoat 1,514128 0,000434
pew 1,966113 0,000564
pharaoh 2,207275 0,000316
philip 1,237874 0,000177
philosopher 0,673345 0,000096
philosophy 0,597837 0,000086
phrase 0,139262 0,000040
physic 1,714798 0,000246
physical 0,198451 0,000028
physician 0,693147 0,000099
piano 1,078810 0,000155
pianoforte 2,813411 0,000403
pick 0,223144 0,000064
picker 2,407946 0,000345
picking 0,634878 0,000091
pickle 1,427116 0,000614
picture 0,139262 0,000040
picturesque 0,755023 0,000108
pie 1,272966 0,000182
piece 0,020203 0,000006
pierce 0,356675 0,000153
pig 0,544727 0,000078
pigeon 1,108663 0,000318
pile 0,328504 0,000141
pilgrim 1,203973 0,000345
pill 1,560648 0,000224
pillar 0,597837 0,000171
pillow 0,544727 0,000078
pin 0,478036 0,000137
pinafore 2,525729 0,000362
pincushion 2,813411 0,000403
pine 0,462035 0,000066
pink 0,820981 0,000118
pinxter 3,912023 0,000561
pioneer 1,660731 0,000238
pipe 0,385662 0,000111
pippin 2,813411 0,000403
pirate 1,108663 0,000318
pirouette 3,218876 0,000461
pistol 0,820981 0,000118
pitch 0,261365 0,000075
piteous 1,272966 0,000182
pitifully 2,813411 0,000403
pity 0,139262 0,000040
placard 2,207275 0,000316
placid 1,203973 0,000173
placidly 1,832581 0,000263
plague 0,673345 0,000096
plain 0,040822 0,000006
plainly 0,261365 0,000037
plaintive 1,560648 0,000224
plaintively 2,207275 0,000316
plan 0,198451 0,000085
plank 0,673345 0,000096
plant 0,186330 0,000053
planting 1,560648 0,000224
plaster 0,916291 0,000131
plate 0,314711 0,000045
platform 0,843970 0,000121
platter 2,207275 0,000316
plausible 1,078810 0,000155
play 0,040822 0,000023
player 0,713350 0,000102
playful 1,386294 0,000199
playfully 2,040221 0,000292
playmate 2,040221 0,000292
plead 0,400478 0,000115
pleasant 0,162519 0,000023
pleasantly 0,820981 0,000118
pleased 0,150823 0,000022
pleasure 0,051293 0,000007
pledge 0,634878 0,000091
plenty 0,235722 0,000034
plot 0,693147 0,000099
pluck 0,371064 0,000053
plucky 2,207275 0,000633
plume 0,994252 0,000142
plump 1,021651 0,000146
plunge 0,314711 0,000135
ply 1,021651 0,000293
pocket 0,371064 0,000106
pocketbook 2,120264 0,000608
poem 0,798508 0,000229
poet 0,544727 0,000078
poetic 1,309333 0,000188
poise 1,203973 0,000173
poising 2,813411 0,000403
poison 0,371064 0,000053
polder 3,912023 0,000561
pole 0,494296 0,000071
police 0,755023 0,000108
polish 1,108663 0,000159
polished 0,673345 0,000096
polite 0,693147 0,000099
politely 1,078810 0,000155
politics 0,713350 0,000102
polliwog 3,912023 0,000561
polo 2,995732 0,000429
pommel 2,120264 0,000304
pomp 0,994252 0,000142
pompous 1,514128 0,000217
pompously 2,207275 0,000316
pond 0,994252 0,000285
ponder 0,820981 0,000118
pony 1,469676 0,000211
pooh 1,514128 0,000217
poor 0,020203 0,000006
poot 3,912023 0,000561
pope 0,941609 0,000135
populace 1,660731 0,000238
popular 0,430783 0,000062
porcelain 1,771957 0,000254
pork 1,272966 0,000182
porridge 2,040221 0,000292
porringer 2,995732 0,000429
portal 1,347074 0,000193
porter 0,941609 0,000135
portfolio 2,040221 0,000292
portion 0,301105 0,000129
portliest 3,912023 0,000561
portly 1,609438 0,000231
portrait 0,597837 0,000171
portuguese 1,966113 0,000282
position 0,162519 0,000023
positive 0,597837 0,000086
positively 0,776529 0,000111
possess 0,061875 0,000009
possession 0,083382 0,000012
possibility 0,150823 0,000022
post 0,051293 0,000015
postboy 2,659260 0,000381
pot 0,478036 0,000137
potato 1,078810 0,000309
potter 1,171183 0,000168
pottery 2,302585 0,000330
pouch 1,514128 0,000217
pouchful 3,912023 0,000561
pounce 1,469676 0,000211
pound 0,314711 0,000090
pour 0,116534 0,000050
pout 1,832581 0,000788
poverty 0,446287 0,000064
power 0,030459 0,000009
powerful 0,223144 0,000032
practical 0,494296 0,000071
practically 0,235722 0,000034
practice 0,116534 0,000050
praise 0,274437 0,000039
pray 0,261365 0,000112
prayer 0,287682 0,000041
precious 0,162519 0,000023
precisely 0,510826 0,000073
precision 0,798508 0,000114
preface 0,713350 0,000102
prefer 0,174353 0,000050
prejudice 0,579818 0,000166
premise 0,891598 0,000128
preparation 0,328504 0,000094
preparatory 1,309333 0,000188
prepare 0,116534 0,000033
prepared 0,105361 0,000015
prerogative 1,771957 0,000254
presence 0,094311 0,000014
presentation 1,386294 0,000199
presently 0,385662 0,000055
preserve 0,083382 0,000024
preside 0,843970 0,000121
press 0,105361 0,000045
pressed 0,274437 0,000039
pressure 0,527633 0,000076
presto 2,813411 0,000403
pretence 0,891598 0,000128
pretend 0,186330 0,000053
pretty 0,150823 0,000065
prevail 0,287682 0,000124
prevent 0,040822 0,000006
previous 0,094311 0,000014
price 0,314711 0,000090
prick 0,843970 0,000363
pricker 3,506558 0,000503
pricking 1,966113 0,000282
pride 0,150823 0,000022
priest 0,616186 0,000088
prim 2,040221 0,000292
primitive 0,916291 0,000131
prince 0,462035 0,000132
princely 1,714798 0,000246
princess 1,237874 0,000177
principal 0,287682 0,000041
principally 1,108663 0,000159
principle 0,274437 0,000079
print 0,116534 0,000033
printing 1,469676 0,000211
prison 0,248461 0,000071
prisoner 0,356675 0,000102
private 0,198451 0,000028
privilege 0,527633 0,000076
prize 0,494296 0,000071
prizes 1,139434 0,000163
proceed 0,116534 0,000017
processing 0,562119 0,000081
procession 0,693147 0,000199
proclaim 0,527633 0,000076
procure 0,415515 0,000060
prodigious 1,021651 0,000146
prodigiously 1,714798 0,000246
produce 0,061875 0,000035
production 0,274437 0,000039
profane 1,021651 0,000146
profess 0,616186 0,000088
professor 0,261365 0,000037
profile 1,347074 0,000193
profit 0,083382 0,000024
profitably 2,525729 0,000362
profoundly 0,994252 0,000142
progress 0,162519 0,000023
prohibition 0,415515 0,000060
project -0,009950 -0,000001
promenade 1,771957 0,000254
prominently 0,494296 0,000071
promise 0,051293 0,000022
promising 0,430783 0,000062
promote 0,274437 0,000039
promotion 0,342490 0,000049
prompt 0,478036 0,000069
pronged 2,813411 0,000403
pronounce 0,798508 0,000114
pronounced 0,446287 0,000064
proof 0,274437 0,000079
proofread 0,562119 0,000081
prop 0,941609 0,000135
propel 1,714798 0,000246
proper 0,061875 0,000009
property 0,127833 0,000018
prophecy 1,021651 0,000146
proportion 0,235722 0,000068
propose 0,186330 0,000053
proprietary 0,562119 0,000081
proprietor 0,967584 0,000139
propriety 0,843970 0,000121
prosecutor 2,120264 0,000304
prospect 0,430783 0,000062
prosperity 0,820981 0,000118
prosperous 0,891598 0,000128
prostrate 0,673345 0,000096
protect 0,139262 0,000060
protection 0,314711 0,000045
protestant 1,514128 0,000217
prouder 1,966113 0,000282
proudly 0,733969 0,000105
prove 0,083382 0,000048
proverb 1,108663 0,000159
provide 0,127833 0,000037
province 0,776529 0,000111
provision 0,094311 0,000027
provoke 0,510826 0,000073
prow 1,714798 0,000491
prowl 1,309333 0,000188
prudence 0,713350 0,000102
prudent 0,616186 0,000088
prudently 1,514128 0,000217
prussia 2,207275 0,000316
public 0,083382 0,000012
publicly 0,994252 0,000142
pucker 1,966113 0,000282
pudding 1,386294 0,000199
puddle 1,203973 0,000173
puff 0,733969 0,000210
puffing 1,771957 0,000254
puffy 2,407946 0,000345
pull 0,127833 0,000055
pulpit 1,171183 0,000168
pulse 0,733969 0,000105
pump 1,108663 0,000477
pumping 2,302585 0,000330
punctual 1,309333 0,000188
punishment 0,287682 0,000041
punitive 0,562119 0,000081
purchase 0,400478 0,000172
pure 0,139262 0,000040
purple 0,616186 0,000088
purpose 0,040822 0,000006
purposely 1,171183 0,000168
purse 0,562119 0,000161
pursue 0,186330 0,000053
pursuer 1,272966 0,000365
pursuit 0,287682 0,000082
push 0,139262 0,000060
puss 2,407946 0,000345
puzzle 0,941609 0,000270
puzzled 0,494296 0,000071
puzzling 1,560648 0,000224
pye 3,506558 0,000503
quaint 1,021651 0,000146
quaintly 2,302585 0,000330
quantity 0,478036 0,000137
quarrel 0,287682 0,000082
quarter 0,105361 0,000045
queen 0,415515 0,000060
queenly 2,302585 0,000330
queer 0,776529 0,000223
queerness 3,506558 0,000503
question 0,020203 0,000006
questioning 0,755023 0,000108
quick 0,127833 0,000037
quicken 0,798508 0,000229
quiet 0,094311 0,000014
quietly 0,261365 0,000037
quilt 1,609438 0,000231
quilted 2,813411 0,000403
quiver 0,494296 0,000071
quixote 2,407946 0,000345
rabbit 0,994252 0,000285
race 0,162519 0,000047
racer 2,040221 0,000292
racing 1,427116 0,000205
racket 2,040221 0,000292
radiant 0,867501 0,000124
raff 2,813411 0,000403
rafter 1,714798 0,000246
rag 0,693147 0,000199
ragamuffin 2,302585 0,000330
rage 0,139262 0,000020
rail 0,579818 0,000083
railing 1,237874 0,000177
railway 1,171183 0,000336
rain 0,150823 0,000022
raise 0,020203 0,000012
rampart 1,560648 0,000447
range 0,328504 0,000047
rank 0,223144 0,000064
rapid 0,371064 0,000053
rapidly 0,371064 0,000053
rapt 1,469676 0,000211
rapture 0,820981 0,000118
rare 0,261365 0,000037
rarely 0,527633 0,000076
rascal 0,867501 0,000124
rascally 1,714798 0,000246
rasp 2,525729 0,000362
rat 0,867501 0,000124
rate 0,261365 0,000037
rational 0,867501 0,000124
rattle 0,616186 0,000088
ravenous 1,514128 0,000217
ravenously 2,659260 0,000381
ravine 1,771957 0,000254
raving 1,309333 0,000188
raw 0,713350 0,000102
rawhide 3,506558 0,000503
reach 0,000000 0,000000
read 0,020203 0,000009
readable 0,510826 0,000073
reader 0,301105 0,000086
readiness 0,634878 0,000091
ready 0,030459 0,000004
real 0,040822 0,000006
reality 0,301105 0,000043
realize 0,693147 0,000199
reap 0,673345 0,000096
rear 0,371064 0,000053
reason 0,010050 0,000001
reasonable 0,116534 0,000017
reassume 2,525729 0,000362
reassure 0,820981 0,000118
rebel 0,733969 0,000105
rebuke 0,843970 0,000121
recall 0,235722 0,000068
receipt 0,261365 0,000037
receive 0,040822 0,000018
reception 0,693147 0,000099
recess 1,021651 0,000146
recital 1,427116 0,000205
recitation 2,120264 0,000304
reckless 1,049822 0,000150
reckoning 0,843970 0,000121
recognize 0,733969 0,000210
recollection 0,527633 0,000151
record 0,223144 0,000064
recover 0,127833 0,000037
recovery 0,616186 0,000088
red 0,061875 0,000009
reddish 1,386294 0,000199
redistribute 0,544727 0,000078
redistributing 0,562119 0,000081
redistribution 0,562119 0,000081
redouble 1,309333 0,000188
reduce 0,314711 0,000045
reed 0,941609 0,000270
reef 1,514128 0,000217
reel 0,820981 0,000118
reference 0,198451 0,000028
reflect 0,235722 0,000034
reflection 0,274437 0,000039
reflectively 1,897120 0,000272
refresh 0,446287 0,000064
refund 0,562119 0,000081
refuse 0,083382 0,000024
regale 2,040221 0,000292
regard 0,083382 0,000024
register 0,287682 0,000041
regret 0,342490 0,000049
regular 0,287682 0,000041
regularity 1,021651 0,000146
regularly 0,616186 0,000088
regulate 0,210721 0,000091
regulation 1,469676 0,000211
regulations 1,237874 0,000177
reign 0,430783 0,000062
rein 0,867501 0,000249
reindeer 3,506558 0,000503
rejoice 0,400478 0,000057
rejoin 0,776529 0,000223
rejoinder 1,832581 0,000263
relationship 0,867501 0,000124
relative 0,462035 0,000066
release 0,105361 0,000015
relic 0,867501 0,000249
relief 0,186330 0,000027
relieve 0,198451 0,000085
religion 0,415515 0,000060
religious 0,446287 0,000064
relinquish 0,916291 0,000131
relish 0,916291 0,000131
reluctantly 0,941609 0,000135
rely 0,579818 0,000083
remain 0,040822 0,000018
remark 0,223144 0,000064
remarkable 0,235722 0,000034
remarkably 0,733969 0,000105
remarks 0,462035 0,000066
rembrandt 2,525729 0,000362
remedy 0,150823 0,000022
remember 0,030459 0,000013
remind 0,301105 0,000086
remonstrance 1,171183 0,000168
remote 0,478036 0,000069
remove 0,040822 0,000018
rename 0,544727 0,000078
render 0,186330 0,000053
renew 0,314711 0,000045
renowned 1,171183 0,000168
repair 0,342490 0,000098
repast 1,139434 0,000163
repay 0,673345 0,000096
repeat 0,051293 0,000022
replace 0,198451 0,000028
replacement 0,544727 0,000078
reply 0,105361 0,000045
report 0,051293 0,000022
repose 0,494296 0,000071
represent 0,210721 0,000060
representation 0,261365 0,000075
reprimand 1,386294 0,000397
reproach 0,301105 0,000086
reproachful 1,309333 0,000188
reproachfully 1,714798 0,000246
reproof 1,272966 0,000182
republic 1,386294 0,000199
request 0,105361 0,000015
require 0,051293 0,000015
required 0,083382 0,000012
requirement 0,400478 0,000057
requisite 1,078810 0,000155
rescue 0,494296 0,000071
reseat 2,813411 0,000403
resemble 0,400478 0,000230
residence 0,653926 0,000094
resign 0,693147 0,000099
resistance 0,430783 0,000062
resistless 1,714798 0,000246
resolute 0,891598 0,000128
resolutely 1,108663 0,000159
resolution 0,385662 0,000055
resolve 0,287682 0,000082
resort 0,733969 0,000210
resound 0,916291 0,000263
resource 0,544727 0,000078
respect 0,040822 0,000006
respectable 0,430783 0,000062
respectful 0,755023 0,000108
respectfully 1,139434 0,000163
respects 0,527633 0,000076
respond 0,693147 0,000099
response 0,843970 0,000121
responsibility 0,733969 0,000105
rest 0,010050 0,000004
restless 0,478036 0,000069
restore 0,223144 0,000032
restriction 0,371064 0,000053
result 0,174353 0,000025
resume 0,301105 0,000043
retain 0,235722 0,000034
retaliate 1,560648 0,000224
retired 0,342490 0,000049
retort 0,820981 0,000118
retribution 1,714798 0,000246
return 0,010050 0,000006
reunite 1,966113 0,000282
reveille 3,506558 0,000503
revel 0,994252 0,000142
revenue 0,342490 0,000049
revere 1,427116 0,000205
reverence 0,579818 0,000083
reverently 1,514128 0,000217
reverie 1,203973 0,000173
reverse 0,527633 0,000076
reversed 1,171183 0,000168
revive 0,510826 0,000073
reward 0,174353 0,000025
rheumatic 2,207275 0,000316
rhine 1,609438 0,000231
rhythmic 2,302585 0,000330
rib 0,843970 0,000121
ribbon 0,843970 0,000242
rich 0,116534 0,000050
richly 0,891598 0,000128
richness 1,469676 0,000211
rickety 1,660731 0,000238
ride 0,261365 0,000150
rider 0,967584 0,000277
ridge 0,891598 0,000128
ridicule 0,994252 0,000142
ridiculous 0,478036 0,000069
rig 1,272966 0,000182
rightful 1,560648 0,000224
rightly 0,430783 0,000062
riot 1,171183 0,000168
rip 1,021651 0,000146
ripen 0,941609 0,000135
ripple 0,820981 0,000353
rise 0,030459 0,000022
rite 0,994252 0,000142
rival 0,494296 0,000071
river 0,174353 0,000025
rivers 0,713350 0,000102
rivulet 1,660731 0,000238
road 0,116534 0,000033
roan 2,525729 0,000362
roar 0,356675 0,000153
roast 0,798508 0,000114
rob 0,356675 0,000102
robber 0,653926 0,000094
robbery 1,021651 0,000146
robe 0,673345 0,000096
robert 1,078810 0,000155
robles 3,912023 0,000561
roc 3,912023 0,000561
rock 0,186330 0,000053
rocker 2,813411 0,000403
rocking 1,347074 0,000193
rocky 1,049822 0,000150
rod 0,616186 0,000088
roe 2,525729 0,000362
roger 2,040221 0,000292
rogue 1,272966 0,000182
roll 0,150823 0,000065
rollicking 2,813411 0,000403
roman 0,713350 0,000204
romantic 0,891598 0,000128
rome 0,713350 0,000102
rood 2,659260 0,000381
roof 0,186330 0,000080
root 0,235722 0,000068
rope 0,430783 0,000062
rose 0,941609 0,000135
rosette 2,525729 0,000362
rosy 1,078810 0,000309
rotterdam 2,659260 0,000381
rough 0,186330 0,000027
roughly 0,544727 0,000078
rounded 1,021651 0,000146
roundly 2,120264 0,000304
rousing 1,514128 0,000217
row 0,385662 0,000055
rowdy 3,506558 0,001005
rowing 1,609438 0,000231
royal 0,400478 0,000057
royalty 0,371064 0,000106
rub 0,342490 0,000147
rubber 1,609438 0,000231
rubbish 1,108663 0,000159
ruby 1,560648 0,000224
rudder 1,832581 0,000525
ruddy 0,967584 0,000139
rude 0,342490 0,000049
ruff 2,659260 0,000381
ruffle 0,941609 0,000135
rugged 0,798508 0,000114
ruin 0,116534 0,000033
rule 0,030459 0,000009
ruler 0,891598 0,000128
ruling 1,171183 0,000168
rummage 1,386294 0,000199
runaway 1,514128 0,000217
runner 1,469676 0,000421
rush 0,127833 0,000055
russia 1,309333 0,000188
rustic 1,078810 0,000309
rustle 0,967584 0,000139
rustling 1,203973 0,000173
rusty 1,078810 0,000155
rye 2,120264 0,000304
sable 1,514128 0,000217
sabot 3,506558 0,000503
sac 3,218876 0,000461
sack 0,653926 0,000094
sacque 3,218876 0,000461
sacred 0,415515 0,000060
sacrifice 0,210721 0,000030
sad 0,223144 0,000032
saddened 1,771957 0,000254
saddle 0,755023 0,000108
sadly 0,510826 0,000073
safe 0,116534 0,000017
safekeeping 3,912023 0,000561
safely 0,371064 0,000053
safety 0,356675 0,000051
sail 0,415515 0,000179
sailing 0,653926 0,000094
sailor 0,544727 0,000156
saint 0,673345 0,000096
saintly 1,966113 0,000282
saintship 3,506558 0,000503
sake 0,083382 0,000012
salad 1,660731 0,000238
sale 0,776529 0,000111
sally 0,867501 0,000124
salmagundi 3,912023 0,000561
saloon 1,427116 0,000205
salt 0,105361 0,000015
salutation 1,237874 0,000177
salute 0,634878 0,000091
sand 0,494296 0,000142
santa 1,771957 0,000254
sapling 2,040221 0,000292
sarcophagus 3,218876 0,000461
sash 1,427116 0,000205
satchel 2,813411 0,000806
satin 1,386294 0,000199
satinwood 3,506558 0,000503
satirical 1,660731 0,000238
satisfaction 0,186330 0,000027
satisfy 0,061875 0,000018
saturate 1,609438 0,000231
saturday 0,843970 0,000121
saucily 3,912023 0,000561
saucy 1,897120 0,000544
sauerkraut 3,912023 0,000561
sausage 1,966113 0,000282
savage 0,248461 0,000036
savagely 1,427116 0,000205
save 0,010050 0,000004
savings 1,714798 0,000246
saxon 1,514128 0,000217
scaffolding 2,207275 0,000316
scald 1,660731 0,000238
scale 0,274437 0,000039
scamp 2,120264 0,000304
scamper 1,609438 0,000231
scan 1,237874 0,000177
scandalous 1,237874 0,000177
scant 1,609438 0,000231
scanty 0,941609 0,000135
scarcely 0,301105 0,000043
scare 1,237874 0,000177
scarlet 0,798508 0,000114
scarred 2,040221 0,000292
scatter 0,693147 0,000099
scattered 0,139262 0,000020
scene 0,127833 0,000037
scheme 0,462035 0,000066
schiedam 3,218876 0,000461
schnapps 2,813411 0,000403
scholar 0,579818 0,000083
scholastic 1,966113 0,000282
school 0,150823 0,000022
schoolbook 3,218876 0,000461
schoolgirl 2,525729 0,000362
schoolhouse 2,525729 0,000362
schoolmistress 2,525729 0,000362
schoolroom 1,966113 0,000282
schooltime 3,218876 0,000461
science 0,415515 0,000060
scientific 0,776529 0,000111
scoff 1,514128 0,000217
scold 1,078810 0,000309
scolding 1,309333 0,000188
scoop 1,514128 0,000217
scorch 1,469676 0,000211
scorn 0,446287 0,000192
scornfully 1,347074 0,000193
scoundrel 1,078810 0,000155
scour 1,203973 0,000173
scout 1,386294 0,000199
scowl 1,049822 0,000602
scramble 0,941609 0,000135
scrape 0,634878 0,000273
scratch 0,544727 0,000078
scream 0,462035 0,000199
screech 1,609438 0,000231
screw 1,049822 0,000150
scripture 1,386294 0,000199
scrub 1,237874 0,000355
scrubbing 2,040221 0,000292
scrupulous 1,139434 0,000163
scrupulously 1,660731 0,000238
scuffle 1,427116 0,000205
sculpture 1,660731 0,000238
scuttle 1,237874 0,000177
sea 0,116534 0,000017
seal 0,371064 0,000053
seam 1,386294 0,000199
seaman 1,203973 0,000173
search 0,040822 0,000018
seashell 3,218876 0,000461
season 0,235722 0,000068
seat 0,051293 0,000022
seating 1,609438 0,000231
seclusion 1,237874 0,000177
secret 0,051293 0,000015
secretly 0,597837 0,000086
sect 1,021651 0,000146
secure 0,061875 0,000018
security 0,478036 0,000069
seed 0,510826 0,000073
seek 0,083382 0,000036
seeker 1,609438 0,000231
seize 0,116534 0,000050
seldom 0,301105 0,000043
select 0,301105 0,000043
selfish 0,798508 0,000114
selfsame 2,207275 0,000316
sell 0,210721 0,000091
semicircle 1,771957 0,000254
semicircular 2,407946 0,000345
semper 2,525729 0,000362
send 0,020203 0,000009
sensation 0,371064 0,000053
sense 0,051293 0,000007
sentence 0,094311 0,000014
sentiment 0,356675 0,000051
sentimental 1,139434 0,000163
sentinel 1,237874 0,000177
separate 0,094311 0,000014
sepulcher 2,813411 0,000403
serene 0,916291 0,000131
seriousness 1,469676 0,000211
sermon 0,891598 0,000128
servant 0,105361 0,000030
serve 0,051293 0,000029
service 0,072571 0,000021
session 1,560648 0,000224
set 0,010050 0,000003
settle 0,083382 0,000048
seventeen 0,693147 0,000099
seventeenth 1,427116 0,000205
severe 0,301105 0,000043
severely 0,634878 0,000091
sew 0,994252 0,000142
shabby 1,021651 0,000146
shade 0,223144 0,000064
shading 1,560648 0,000224
shadow 0,162519 0,000047
shady 0,967584 0,000139
shaggy 1,049822 0,000150
shake 0,072571 0,000042
shakespeare 1,171183 0,000168
shalt 1,171183 0,000168
shame 0,223144 0,000032
shameful 0,916291 0,000131
shamefully 1,660731 0,000238
shanty 2,302585 0,000330
shape 0,150823 0,000043
shaped 0,527633 0,000076
share 0,030459 0,000013
sharp 0,139262 0,000060
sharpened 1,049822 0,000150
sharply 0,510826 0,000073
shave 0,916291 0,000131
shawl 1,021651 0,000293
shay 3,218876 0,000461
shee 3,506558 0,000503
sheep 0,371064 0,000053
sheer 0,820981 0,000118
sheet 0,314711 0,000090
shelf 0,634878 0,000091
shelter 0,301105 0,000043
sheltered 0,820981 0,000118
shepherd 0,843970 0,000121
shield 0,634878 0,000091
shift 0,510826 0,000073
shifting 0,891598 0,000128
shine 0,150823 0,000086
shiny 1,714798 0,000246
ship 0,198451 0,000057
shipboard 2,302585 0,000330
shipbuilding 3,506558 0,000503
shipwright 2,813411 0,000403
shiver 0,478036 0,000206
sho 2,995732 0,000429
shoal 1,386294 0,000199
shock 0,235722 0,000068
shoe 0,314711 0,000090
shoot 0,385662 0,000111
shooting 0,634878 0,000091
shop 0,494296 0,000071
shopkeeper 1,660731 0,000238
shops 0,843970 0,000121
shore 0,287682 0,000082
short 0,020203 0,000006
shot 0,223144 0,000032
shoulder 0,139262 0,000060
shout 0,186330 0,000107
shovel 1,347074 0,000193
shower 0,544727 0,000156
showy 1,966113 0,000282
shrewd 0,994252 0,000142
shrieking 1,347074 0,000193
shrill 0,798508 0,000114
shrink 0,462035 0,000066
shrug 0,994252 0,000285
shrugging 1,897120 0,000272
shudder 0,446287 0,000128
shuffle 1,427116 0,000205
shuffling 1,347074 0,000193
shut 0,051293 0,000007
shutter 0,994252 0,000142
shy 0,673345 0,000096
sick 0,150823 0,000022
sicken 1,660731 0,000238
sickness 0,478036 0,000069
sideboard 1,560648 0,000224
sidewalk 2,120264 0,000304
sidewise 2,813411 0,000403
siege 0,941609 0,000135
sigh 0,235722 0,000101
sight 0,040822 0,000012
sigillum 3,912023 0,000561
sign 0,051293 0,000015
signal 0,462035 0,000066
signify 0,634878 0,000091
silence 0,051293 0,000007
silent 0,051293 0,000007
silently 0,544727 0,000078
silk 0,478036 0,000137
silken 1,309333 0,000188
silly 0,400478 0,000057
silver 0,210721 0,000030
simple 0,094311 0,000027
simpleton 1,660731 0,000238
simplex 3,912023 0,000561
simply 0,150823 0,000022
sin 0,314711 0,000045
sinful 1,309333 0,000188
sing 0,261365 0,000112
singer 1,049822 0,000150
singing 0,371064 0,000053
single 0,083382 0,000012
singular 0,430783 0,000062
singularly 0,843970 0,000121
sink 0,072571 0,000031
sip 1,386294 0,000397
sir 0,150823 0,000022
sister 0,223144 0,000064
sit 0,010050 0,000006
situation 0,198451 0,000028
sixteen 0,653926 0,000094
sixth 0,446287 0,000064
size 0,223144 0,000064
sized 1,237874 0,000177
skate 2,525729 0,001086
skater 2,659260 0,000762
skating 2,207275 0,000316
skeleton 0,867501 0,000249
skewer 2,407946 0,000345
skiff 1,714798 0,000246
skill 0,287682 0,000041
skilled 1,272966 0,000182
skillfully 2,207275 0,000316
skim 1,347074 0,000386
skimmer 3,506558 0,000503
skin 0,174353 0,000025
skinny 2,302585 0,000330
skip 1,139434 0,000327
skipper 1,897120 0,000272
skirt 0,527633 0,000227
skittle 3,218876 0,000461
skull 0,843970 0,000121
skullcap 3,218876 0,000461
sky 0,186330 0,000027
slab 1,514128 0,000434
slackened 1,203973 0,000173
slam 1,309333 0,000188
slant 1,203973 0,000173
slasher 3,506558 0,000503
sled 2,813411 0,000806
sleep 0,051293 0,000029
sleeper 1,078810 0,000309
sleepily 2,120264 0,000304
sleepiness 2,525729 0,000362
sleepy 0,713350 0,000204
sleet 1,966113 0,000282
sleeve 0,579818 0,000166
sleigh 2,407946 0,000345
slender 0,693147 0,000099
slice 1,108663 0,000318
slide 0,713350 0,000204
slight 0,072571 0,000021
slip 0,150823 0,000086
slipper 0,916291 0,000131
slippery 1,139434 0,000163
slobber 2,813411 0,000403
slope 0,527633 0,000076
slouch 1,660731 0,000238
slow 0,139262 0,000020
slowly 0,150823 0,000022
slowness 1,514128 0,000217
sluggish 1,514128 0,000217
sluice 2,302585 0,000660
sluicer 3,912023 0,000561
slumber 0,510826 0,000073
slumbering 1,386294 0,000199
slung 1,386294 0,000199
sly 0,713350 0,000102
slyly 1,832581 0,000263
smartly 1,514128 0,000217
smell 0,261365 0,000037
smile 0,150823 0,000086
smilingly 1,832581 0,000263
smith 0,820981 0,000235
smoke 0,186330 0,000080
smoker 2,207275 0,000316
smooth 0,235722 0,000068
smoothly 1,021651 0,000146
smother 0,941609 0,000135
snail 1,660731 0,000238
snakelike 3,218876 0,000461
snap 0,733969 0,000316
snarl 1,078810 0,000309
snatch 0,462035 0,000199
sneer 0,994252 0,000285
sneering 1,609438 0,000231
sneeringly 2,813411 0,000403
sneeze 1,203973 0,000173
sneezer 3,912023 0,000561
sniff 1,272966 0,000182
snivel 2,302585 0,000330
snore 1,272966 0,000365
snow 0,478036 0,000069
snowstorm 2,813411 0,000403
snowy 1,272966 0,000182
snuff 1,171183 0,000168
snug 1,139434 0,000163
soap 1,272966 0,000182
soar 0,916291 0,000131
sob 0,562119 0,000242
soberly 1,469676 0,000211
sociable 1,272966 0,000182
social 0,371064 0,000053
society 0,210721 0,000060
sock 1,469676 0,000211
socket 1,309333 0,000188
soft 0,210721 0,000060
soften 0,494296 0,000142
softly 0,400478 0,000057
soil 0,478036 0,000069
soiled 1,609438 0,000231
sole 0,301105 0,000129
solely 0,733969 0,000105
solemn 0,301105 0,000043
solemnity 0,843970 0,000121
solemnly 0,579818 0,000083
solicit 0,314711 0,000045
solicitation 0,430783 0,000062
solid 0,274437 0,000039
solitary 0,462035 0,000066
solitude 0,510826 0,000073
somber 2,120264 0,000304
somersault 2,407946 0,000345
son 0,083382 0,000024
song 0,261365 0,000075
sooth 1,966113 0,000282
soothe 0,798508 0,000114
soothing 0,798508 0,000114
soothingly 1,897120 0,000272
sore 0,527633 0,000076
sorely 1,049822 0,000150
sorrow 0,248461 0,000071
sorrowful 1,021651 0,000146
sorrowfully 1,714798 0,000246
sort 0,072571 0,000010
soul 0,083382 0,000024
sound 0,010050 0,000006
soundly 1,021651 0,000146
soup 1,078810 0,000155
sour 0,891598 0,000128
south 0,235722 0,000034
southern 0,579818 0,000083
southward 1,609438 0,000231
sow 0,579818 0,000083
space 0,105361 0,000015
spacious 0,916291 0,000131
spade 1,139434 0,000163
spain 0,994252 0,000142
span 1,237874 0,000177
spaniards 1,514128 0,000217
spanish 0,733969 0,000105
spare 0,116534 0,000033
spark 0,544727 0,000156
sparkle 0,941609 0,000405
sparkling 0,776529 0,000111
spartan 1,609438 0,000231
speak 0,030459 0,000017
speaker 0,634878 0,000091
speaking 0,072571 0,000010
spear 0,967584 0,000139
special 0,083382 0,000012
specific 0,820981 0,000118
specimen 0,579818 0,000166
speck 0,916291 0,000131
spectacle 0,544727 0,000078
spectacles 0,843970 0,000121
spectator 0,544727 0,000078
speculate 1,514128 0,000217
speculation 0,755023 0,000108
speculator 2,120264 0,000304
speech 0,139262 0,000020
speed 0,274437 0,000118
spell 0,653926 0,000094
spellbound 2,407946 0,000345
spend 0,051293 0,000022
spike 1,386294 0,000199
spin 0,510826 0,000293
spirit 0,051293 0,000015
spirited 0,713350 0,000102
spite 0,139262 0,000020
splendid 0,400478 0,000057
splitting 1,514128 0,000217
spoil 0,274437 0,000039
spokesman 2,302585 0,000330
spokeswoman 3,912023 0,000561
sponge 1,171183 0,000168
sport 0,446287 0,000128
sportsman 1,660731 0,000238
spot 0,150823 0,000022
spotless 1,560648 0,000224
spouse 1,609438 0,000231
sprawl 1,139434 0,000163
spread 0,051293 0,000015
sprightly 1,897120 0,000272
spring 0,051293 0,000037
springy 2,407946 0,000345
sprinkle 0,776529 0,000223
sprite 2,207275 0,000316
sprout 1,514128 0,000434
spy 0,579818 0,000166
squalid 1,832581 0,000263
squall 1,560648 0,000224
square 0,223144 0,000064
squat 0,941609 0,000135
squeak 1,714798 0,000737
squeaky 3,506558 0,000503
squire 1,272966 0,000182
squirrel 1,771957 0,000254
stable 0,478036 0,000069
staccato 2,407946 0,000345
stadtholder 3,912023 0,000561
staff 0,261365 0,000037
stagnant 1,771957 0,000254
staid 1,237874 0,000355
staidly 3,912023 0,000561
stain 0,478036 0,000137
stair 0,415515 0,000119
staircase 0,820981 0,000118
stairway 1,897120 0,000272
stake 0,446287 0,000064
stalk 0,755023 0,000108
stall 1,139434 0,000327
stammer 0,891598 0,000128
stamp 0,261365 0,000075
stand -0,009950 -0,000006
standard 0,544727 0,000078
standstill 1,714798 0,000246
star 0,261365 0,000037
stare 0,328504 0,000188
starlight 1,897120 0,000272
starry 1,272966 0,000182
start -0,009950 -0,000006
startled 0,415515 0,000060
starvation 1,386294 0,000199
starve 0,562119 0,000242
stately 0,733969 0,000105
statement 0,186330 0,000027
statesman 1,049822 0,000150
station 0,235722 0,000068
statuary 2,207275 0,000316
statue 0,634878 0,000091
status 0,446287 0,000064
statute 1,469676 0,000211
staunch 1,966113 0,000282
stay 0,061875 0,000035
steadily 0,415515 0,000060
steady 0,301105 0,000086
steal 0,105361 0,000045
stealthily 1,560648 0,000224
stealthy 1,469676 0,000211
steamboat 1,832581 0,000263
steed 1,427116 0,000205
steel 0,494296 0,000071
steeple 1,660731 0,000476
steer 0,994252 0,000285
stem 0,776529 0,000111
step 0,030459 0,000017
stern 0,478036 0,000137
sternly 0,820981 0,000118
stick 0,174353 0,000050
sticks 0,733969 0,000105
stiff 0,430783 0,000062
stiffen 1,078810 0,000155
stiffly 1,469676 0,000211
stillness 0,891598 0,000128
stilt 2,659260 0,000381
stingy 2,120264 0,000304
stir 0,210721 0,000091
stitch 1,347074 0,000386
stiver 3,218876 0,000923
stock 0,235722 0,000068
stocking 0,843970 0,000242
stolid 1,660731 0,000238
stone 0,094311 0,000027
stool 0,653926 0,000094
stoop 0,400478 0,000172
store 0,061875 0,000027
stork 2,207275 0,000633
storm 0,274437 0,000079
story 0,030459 0,000009
storybook 3,218876 0,000461
stout 0,527633 0,000151
stoutly 1,237874 0,000177
stove 1,108663 0,000318
stow 1,309333 0,000375
straggle 1,021651 0,000146
straight 0,105361 0,000030
straighten 0,967584 0,000139
straightforward 1,832581 0,000263
strain 0,248461 0,000107
straits 1,427116 0,000205
strand 0,820981 0,000118
strange 0,061875 0,000018
strangely 0,579818 0,000083
stranger 0,139262 0,000020
strangers 0,356675 0,000051
strangle 0,843970 0,000121
strap 1,203973 0,000345
straw 0,342490 0,000049
stray 0,562119 0,000081
streak 0,820981 0,000235
stream 0,139262 0,000020
streamer 2,207275 0,000633
streaming 0,798508 0,000114
street 0,116534 0,000033
strength 0,030459 0,000004
strengthen 0,478036 0,000069
stretch 0,116534 0,000050
stricken 0,653926 0,000094
strict 0,186330 0,000027
strictly 0,579818 0,000083
stride 0,616186 0,000088
strike 0,020203 0,000009
striking 0,274437 0,000039
string 0,371064 0,000106
strip 0,385662 0,000055
stripe 1,171183 0,000168
striped 1,560648 0,000224
stripling 2,302585 0,000330
strive 0,385662 0,000055
stroke 0,301105 0,000129
strong 0,020203 0,000009
structure 0,634878 0,000091
struggle 0,127833 0,000073
strut 1,514128 0,000217
stubbornly 1,832581 0,000263
student 0,579818 0,000166
studio 1,966113 0,000282
study 0,094311 0,000054
stuff 0,223144 0,000096
stumble 0,562119 0,000081
stumbling 1,108663 0,000159
stump 0,994252 0,000142
stumpy 2,813411 0,000403
stunned 1,078810 0,000155
stunning 1,832581 0,000263
stupid 0,478036 0,000137
stupidly 1,660731 0,000238
sturgeon 2,995732 0,000429
stut 3,912023 0,000561
style 0,261365 0,000037
subdued 0,494296 0,000071
subject 0,061875 0,000018
subscribe 0,342490 0,000049
subside 0,916291 0,000131
substantial 0,755023 0,000108
suburb 1,078810 0,000155
succeed 0,105361 0,000030
success 0,162519 0,000023
successor 0,916291 0,000131
sudden 0,072571 0,000010
suddenly 0,040822 0,000006
suffer 0,061875 0,000018
sufferer 0,891598 0,000128
suffering 0,210721 0,000060
sugarloaf 3,912023 0,000561
sugarplum 3,506558 0,000503
suggestive 1,237874 0,000177
suit 0,198451 0,000028
suitable 0,462035 0,000066
suited 0,597837 0,000086
sulk 2,120264 0,000304
sulkily 2,302585 0,000330
sullen 0,798508 0,000114
sum 0,261365 0,000037
summer 0,186330 0,000027
summon 0,544727 0,000156
summons 0,867501 0,000124
sumptuously 2,302585 0,000330
sun 0,072571 0,000010
sunbeam 1,469676 0,000211
sunday 0,494296 0,000071
sundown 1,897120 0,000272
sundry 1,386294 0,000199
sunlight 0,843970 0,000121
sunlit 2,407946 0,000345
sunny 0,843970 0,000121
sunrise 0,891598 0,000128
suns 1,560648 0,000224
sunset 0,798508 0,000114
sunshine 0,616186 0,000088
superb 1,203973 0,000173
superintend 1,347074 0,000193
supper 0,446287 0,000064
supple 1,171183 0,000168
supply 0,210721 0,000091
support 0,094311 0,000027
suppose 0,020203 0,000006
suppress 0,446287 0,000064
supreme 0,616186 0,000088
surcoat 3,218876 0,000461
surely 0,186330 0,000027
surface 0,287682 0,000041
surge 1,078810 0,000309
surgeon 0,891598 0,000128
surgery 2,407946 0,000345
surgical 1,832581 0,000263
surly 1,771957 0,000508
surmount 0,843970 0,000121
surpass 0,755023 0,000108
surprise 0,150823 0,000022
surprised 0,210721 0,000030
surprising 0,544727 0,000078
surrender 0,776529 0,000111
surround 0,162519 0,000070
survey 0,462035 0,000066
survive 0,186330 0,000027
survivor 1,469676 0,000211
susan 2,302585 0,000330
suspect 0,162519 0,000070
suspend 0,527633 0,000076
suspicion 0,210721 0,000030
sustain 0,314711 0,000045
swaddle 1,897120 0,000272
swallow 0,261365 0,000150
swamp 0,287682 0,000041
swan 1,171183 0,000336
swathe 1,660731 0,000238
swear 0,261365 0,000112
sweep 0,274437 0,000118
sweeping 0,820981 0,000118
sweet 0,139262 0,000080
sweetheart 1,609438 0,000231
sweetly 1,049822 0,000150
swell 0,186330 0,000080
swift 0,385662 0,000111
swiftly 0,713350 0,000102
swiftness 1,309333 0,000188
swim 0,478036 0,000069
swimmer 1,660731 0,000238
swing 0,430783 0,000123
swinging 0,798508 0,000114
sword 0,430783 0,000123
syllable 0,776529 0,000111
symbol 1,108663 0,000159
sympathy 0,314711 0,000090
symptom 0,693147 0,000099
syndic 3,506558 0,000503
synonymous 0,446287 0,000064
tabac 3,912023 0,000561
table 0,083382 0,000024
tablet 1,897120 0,000272
tack 1,139434 0,000163
tact 1,309333 0,000188
tail 0,356675 0,000102
takin 2,407946 0,000345
tale 0,248461 0,000071
talent 0,385662 0,000055
talk 0,061875 0,000027
talkative 1,514128 0,000217
talker 1,469676 0,000211
talking 0,150823 0,000022
tall 0,198451 0,000057
tame 0,820981 0,000235
tank 1,832581 0,000263
tankard 3,506558 0,000503
tanning 3,218876 0,000461
taper 1,386294 0,000199
tapestried 3,218876 0,000461
tapestry 1,660731 0,000476
tarnish 1,771957 0,000254
tartly 2,813411 0,000403
task 0,248461 0,000071
taste 0,105361 0,000030
tastefully 2,659260 0,000381
tattered 1,309333 0,000188
taunt 1,514128 0,000217
tawny 1,771957 0,000254
tax 0,248461 0,000107
te 1,609438 0,000231
tea 0,579818 0,000083
teach 0,083382 0,000036
teacher 0,415515 0,000060
tear 0,030459 0,000022
tearful 1,514128 0,000217
tease 1,386294 0,000199
telegraph 1,203973 0,000173
telescope 1,386294 0,000397
telling 1,560648 0,000224
temperate 1,078810 0,000155
tempest 0,776529 0,000111
temple 0,314711 0,000045
tempt 0,415515 0,000060
temptation 0,430783 0,000123
tempter 2,120264 0,000304
tempting 0,967584 0,000139
tend 0,430783 0,000123
tender 0,301105 0,000043
tenderly 0,916291 0,000131
tenderness 0,616186 0,000088
tent 0,713350 0,000102
term 0,061875 0,000018
terrible 0,186330 0,000027
terribly 0,733969 0,000105
terrific 1,108663 0,000159
terrify 0,579818 0,000083
terror 0,162519 0,000047
testify 0,820981 0,000235
testimony 0,562119 0,000081
texture 1,237874 0,000177
thanksgiving 1,469676 0,000211
thatch 1,714798 0,000491
thaw 1,386294 0,000397
thee 0,597837 0,000086
thereabout 1,514128 0,000217
thereat 2,207275 0,000316
thicket 0,967584 0,000139
thief 0,462035 0,000132
thimble 1,966113 0,000282
thine 1,139434 0,000163
thinking 0,274437 0,000039
thinly 2,120264 0,000304
thirsty 0,820981 0,000118
thirteen 0,579818 0,000083
thirteenth 1,203973 0,000173
thither 0,579818 0,000083
thomas 0,891598 0,000128
thoroughfare 1,660731 0,000238
thoughtful 0,693147 0,000099
thoughtfully 0,994252 0,000142
thrash 1,237874 0,000355
thread 0,342490 0,000098
threadbare 1,560648 0,000224
threat 0,634878 0,000091
threaten 0,186330 0,000053
threshold 0,562119 0,000081
thrift 1,966113 0,000282
thrifty 1,897120 0,000272
thrill 0,713350 0,000204
thrilling 1,139434 0,000163
thrive 1,078810 0,000155
throat 0,223144 0,000064
throb 1,021651 0,000146
throne 0,733969 0,000105
throng 0,891598 0,000256
throw 0,010050 0,000006
thrust 0,287682 0,000041
thumb 0,916291 0,000131
thump 1,203973 0,000173
thunder 0,430783 0,000062
thy 0,634878 0,000091
thyself 1,272966 0,000182
ticket 1,021651 0,000146
tide 0,616186 0,000177
tiding 1,139434 0,000163
tidy 1,171183 0,000168
tie 0,105361 0,000045
tiffin 3,912023 0,000561
tight 0,494296 0,000142
tighten 1,237874 0,000355
tightly 0,867501 0,000124
tights 2,813411 0,000403
tile 1,203973 0,000345
tilt 1,309333 0,000188
timber 0,798508 0,000114
time -0,009950 -0,000003
timekeeper 3,912023 0,000561
timid 0,544727 0,000078
timidly 1,171183 0,000168
tinderbox 3,506558 0,000503
tingle 1,469676 0,000632
tink 2,995732 0,000429
tinkle 1,078810 0,000309
tiny 0,820981 0,000118
tippet 3,218876 0,000461
tiptoe 0,941609 0,000135
tire 0,941609 0,000135
tired 0,198451 0,000028
titania 3,506558 0,000503
title 0,116534 0,000017
toast 1,139434 0,000163
tobacco 0,713350 0,000102
toch 3,912023 0,000561
toddle 2,659260 0,000381
toddler 3,506558 0,000503
toe 0,616186 0,000177
toil 0,430783 0,000062
toity 3,912023 0,000561
toledo 3,218876 0,000461
tolling 2,659260 0,000381
tomorrow 0,755023 0,000108
tone 0,198451 0,000057
toned 1,771957 0,000254
tongue 0,139262 0,000040
tonight 1,272966 0,000182
tool 0,478036 0,000137
tooth 0,186330 0,000027
topic 0,733969 0,000105
torchlight 2,659260 0,000381
torment 0,597837 0,000086
torrent 0,713350 0,000102
tortoiseshell 3,506558 0,000503
torture 0,371064 0,000053
toss 0,494296 0,000142
tossing 0,916291 0,000131
totter 1,237874 0,000355
touch 0,010050 0,000004
tough 0,891598 0,000128
tour 0,916291 0,000131
tower 0,314711 0,000135
towerlike 3,912023 0,000561
towing 2,207275 0,000316
town 0,094311 0,000027
townsman 1,966113 0,000282
townspeople 2,525729 0,000362
toy 0,733969 0,000105
trace 0,198451 0,000028
tracery 2,813411 0,000403
track 0,415515 0,000060
tract 1,049822 0,000150
trade 0,287682 0,000041
trademark 0,562119 0,000081
trading 1,237874 0,000177
tradition 0,755023 0,000108
tragedy 0,733969 0,000105
tragic 0,820981 0,000118
trail 0,653926 0,000094
train 0,162519 0,000047
training 0,776529 0,000111
tramp 0,891598 0,000256
tranquil 0,994252 0,000142
transact 1,469676 0,000211
transcribe 0,462035 0,000066
transcription 0,527633 0,000076
translate 0,634878 0,000273
translation 0,891598 0,000128
translator 1,347074 0,000193
trapdoor 2,995732 0,000429
travel 0,198451 0,000085
traveler 1,771957 0,000508
traverse 0,867501 0,000124
treachery 0,755023 0,000108
tread 0,328504 0,000141
treadle 3,218876 0,000461
treasure 0,261365 0,000075
treasury 1,237874 0,000177
treat 0,127833 0,000055
treatment 0,127833 0,000018
tree 0,061875 0,000018
treetop 2,525729 0,000362
trekschuit 3,912023 0,000561
tremble 0,174353 0,000100
tremendous 0,693147 0,000099
tremor 1,386294 0,000199
tress 1,514128 0,000217
trial 0,261365 0,000075
triangle 1,427116 0,000205
triangular 1,832581 0,000263
tribute 1,021651 0,000146
trick 0,274437 0,000039
trickle 0,941609 0,000270
trifle 0,446287 0,000064
trim 1,203973 0,000173
trimmed 1,237874 0,000177
trimmer 3,506558 0,000503
trimming 1,660731 0,000238
trinkets 1,660731 0,000238
trio 2,207275 0,000316
trip 0,510826 0,000146
triplet 2,995732 0,000429
triptych 3,912023 0,000561
triumph 0,261365 0,000037
triumphant 0,798508 0,000114
triumphantly 0,941609 0,000135
trodden 1,237874 0,000177
tromp 3,506558 0,000503
troop 0,843970 0,000121
trooper 2,302585 0,000330
troops 0,941609 0,000135
trophy 1,272966 0,000182
trot 0,867501 0,000249
trouble 0,010050 0,000004
troublesome 0,843970 0,000121
trousers 0,843970 0,000121
trudge 1,714798 0,000737
true 0,020203 0,000009
trumpet 0,843970 0,000121
trunk 0,579818 0,000083
trust 0,061875 0,000009
trustful 2,040221 0,000292
trusty 1,514128 0,000217
truth 0,030459 0,000004
tub 1,203973 0,000345
tube 1,309333 0,000188
tuck 1,049822 0,000301
tucker 2,302585 0,000330
tug 0,916291 0,000394
tulip 2,207275 0,000633
tumble 0,494296 0,000283
tumor 2,813411 0,000403
tumult 0,798508 0,000114
tune 0,616186 0,000177
tuneful 2,525729 0,000362
turban 1,660731 0,000238
turk 1,560648 0,000224
turkey 1,049822 0,000150
turkish 1,427116 0,000205
turks 1,514128 0,000217
tussle 2,813411 0,000403
tut 1,897120 0,000272
twentieth 1,108663 0,000159
twig 1,108663 0,000318
twine 1,139434 0,000327
twinge 2,120264 0,000304
twinkle 1,049822 0,000150
twinkling 1,021651 0,000146
twist 0,314711 0,000045
twitch 1,386294 0,000397
type 0,174353 0,000025
tyrannize 2,120264 0,000304
tyranny 1,108663 0,000159
ugh 1,771957 0,000254
ugly 0,385662 0,000055
umbrella 1,203973 0,000173
unable 0,248461 0,000036
unaccountably 1,966113 0,000282
unanimously 1,660731 0,000238
unanswerable 1,771957 0,000254
unbeliever 1,832581 0,000263
unbidden 2,407946 0,000345
unbind 2,659260 0,000381
unbuttoned 1,966113 0,000282
unceremonious 2,659260 0,000381
unceremoniously 1,966113 0,000282
uncertain 0,301105 0,000043
uncertainty 0,776529 0,000111
uncle 0,544727 0,000078
unclipped 3,912023 0,000561
uncomfortable 0,798508 0,000114
uncomfortably 1,771957 0,000254
uncommon 0,798508 0,000114
unconcern 2,120264 0,000304
unconscious 0,400478 0,000057
unconsciously 0,634878 0,000091
uncontrollable 1,347074 0,000193
uncouth 1,347074 0,000193
underfoot 2,207275 0,000316
underjacket 3,912023 0,000561
underlip 2,525729 0,000362
understand 0,020203 0,000006
undertaking 0,693147 0,000099
undertone 1,771957 0,000254
undignified 2,040221 0,000292
unduly 1,966113 0,000282
uneasily 1,347074 0,000193
uneasy 0,544727 0,000078
unenforceability 0,562119 0,000081
unexpectedly 0,916291 0,000131
unfastened 1,714798 0,000246
unfeeling 1,609438 0,000231
unfinished 1,049822 0,000150
unfit 1,108663 0,000159
unfortunate 0,314711 0,000045
ungrateful 0,798508 0,000114
unhappy 0,400478 0,000057
unheard 0,994252 0,000142
unheeded 1,609438 0,000231
uniform 0,210721 0,000060
uninhabitable 3,218876 0,000461
unite 0,867501 0,000124
united 0,094311 0,000014
universally 0,967584 0,000139
university 0,967584 0,000139
unknown 0,105361 0,000015
unlighted 2,995732 0,000429
unlink 0,562119 0,000081
unlock 0,755023 0,000108
unmanageable 2,407946 0,000345
unmistakable 1,171183 0,000168
unmoved 0,916291 0,000131
unnoticed 1,514128 0,000217
unopened 2,207275 0,000316
unpretending 2,525729 0,000362
unprincipled 1,966113 0,000282
unreasonable 0,967584 0,000139
unseasonable 1,897120 0,000272
unseen 0,616186 0,000088
unselfish 1,609438 0,000231
unsolicited 0,510826 0,000073
unsteady 1,469676 0,000211
untasted 2,120264 0,000304
untie 1,309333 0,000188
untouched 1,171183 0,000168
unusually 0,891598 0,000128
unwelcome 1,469676 0,000211
unwillingly 1,171183 0,000168
unwind 2,120264 0,000304
update 0,510826 0,000073
upper 0,314711 0,000045
upraise 1,897120 0,000272
upright 0,301105 0,000043
uproarious 2,659260 0,000381
upset 0,755023 0,000108
upsetting 1,771957 0,000254
upward 0,579818 0,000083
urchin 1,609438 0,000461
urge 0,274437 0,000039
urn 1,714798 0,000246
useless 0,235722 0,000034
user 0,544727 0,000078
usual 0,139262 0,000020
ut 0,510826 0,000073
utensil 1,347074 0,000193
utmost 0,356675 0,000051
utrecht 2,995732 0,000429
utter 0,162519 0,000047
vacant 0,693147 0,000099
vacantly 1,897120 0,000272
vagrant 1,714798 0,000246
vain 0,116534 0,000017
valor 1,771957 0,000254
valuable 0,342490 0,000049
van 1,021651 0,000146
vane 2,525729 0,000362
vanilla 0,544727 0,000078
vanish 0,314711 0,000180
vanity 0,400478 0,000057
vanquish 0,916291 0,000131
vapor 1,966113 0,000282
vapory 3,506558 0,000503
variety 0,150823 0,000043
varnish 1,514128 0,000217
vary 0,342490 0,000049
vast 0,223144 0,000032
vat 2,302585 0,000330
vegetable 0,693147 0,000099
vehicle 0,843970 0,000121
vein 0,446287 0,000128
vell 3,218876 0,000461
velvet 0,891598 0,000128
velvety 2,302585 0,000330
vengeance 0,579818 0,000083
vent 0,798508 0,000114
venture 0,223144 0,000096
venturesome 2,525729 0,000362
verb 1,609438 0,000231
verdure 1,469676 0,000211
veri 3,218876 0,000461
veritable 1,560648 0,000224
version 0,342490 0,000049
vertigo 2,813411 0,000403
vessel 0,446287 0,000128
veteran 1,609438 0,000231
vex 0,579818 0,000083
vexation 0,820981 0,000118
victim 0,385662 0,000055
victoria 1,966113 0,000282
victorious 1,108663 0,000159
victory 0,356675 0,000051
view 0,040822 0,000018
vigor 1,347074 0,000193
vigorous 0,544727 0,000078
vill 3,218876 0,000461
village 0,356675 0,000051
villages 0,820981 0,000118
villain 0,916291 0,000131
violate 0,342490 0,000049
violence 0,248461 0,000036
violent 0,223144 0,000032
violently 0,462035 0,000066
virus 0,527633 0,000076
visible 0,235722 0,000034
vision 0,301105 0,000043
visit 0,030459 0,000017
visitor 0,446287 0,000128
vista 1,714798 0,000246
viver 3,506558 0,000503
voice 0,020203 0,000006
voiced 1,714798 0,000246
void 0,261365 0,000037
volcano 1,514128 0,000217
volume 0,356675 0,000051
voluntarily 0,891598 0,000128
volunteer 0,314711 0,000045
volunteers 0,430783 0,000062
von 1,771957 0,000254
voracious 2,040221 0,000292
vote 0,843970 0,000242
vow 0,616186 0,000088
vox 2,995732 0,000429
vrouw 3,912023 0,000561
wade 1,139434 0,000163
waffle 3,506558 0,001005
wager 1,347074 0,000193
wagon 1,078810 0,000309
wail 0,798508 0,000114
waist 0,693147 0,000199
waistcoat 0,941609 0,000135
wait 0,061875 0,000018
waiting 0,083382 0,000012
wake 0,223144 0,000128
wakefulness 2,407946 0,000345
waken 1,139434 0,000327
walk 0,000000 0,000000
wall 0,094311 0,000027
walled 1,347074 0,000193
wallet 2,407946 0,000345
wander 0,116534 0,000017
wanderer 1,078810 0,000155
war 0,139262 0,000020
ward 0,755023 0,000216
ware 1,660731 0,000238
warehouse 1,309333 0,000375
warm 0,116534 0,000067
warmly 0,798508 0,000114
warmth 0,579818 0,000083
warn 0,287682 0,000082
warning 0,235722 0,000034
warningly 2,407946 0,000345
warrant 0,562119 0,000081
warranty 0,544727 0,000156
wash 0,210721 0,000091
washerwoman 2,302585 0,000330
waste 0,127833 0,000037
watch 0,020203 0,000012
watcher 1,560648 0,000224
watchful 1,171183 0,000168
watchfulness 1,966113 0,000282
watchman 1,427116 0,000205
water 0,040822 0,000012
waterloo 1,609438 0,000231
wave 0,210721 0,000121
waver 0,733969 0,000105
wax 0,446287 0,000128
wayside 1,714798 0,000246
weak 0,105361 0,000045
weakness 0,248461 0,000036
wealth 0,287682 0,000041
wealthy 0,579818 0,000166
weapon 0,400478 0,000115
wear 0,083382 0,000060
wearily 1,272966 0,000182
weary 0,186330 0,000027
weasel 2,407946 0,000345
weather 0,248461 0,000036
weathercock 2,525729 0,000362
weave 0,693147 0,000199
wedding 0,733969 0,000105
weed 0,755023 0,000108
week 0,127833 0,000037
weep 0,356675 0,000153
weigh 0,162519 0,000023
weight 0,116534 0,000017
wellington 2,120264 0,000304
werf 3,912023 0,000561
west 0,083382 0,000012
western 0,616186 0,000088
westminster 1,771957 0,000254
wet 0,261365 0,000037
whalebone 2,525729 0,000362
wharf 1,427116 0,000205
whatsoever 0,287682 0,000041
wheel 0,274437 0,000118
whew 2,407946 0,000345
whiff 1,609438 0,000231
whip 0,400478 0,000115
whirl 0,527633 0,000227
whirr 2,659260 0,000381
whisk 1,771957 0,000508
whisper 0,248461 0,000071
whispering 0,798508 0,000114
whistle 0,462035 0,000199
whit 1,171183 0,000168
white 0,051293 0,000022
whitewashed 1,660731 0,000238
whitewood 3,912023 0,000561
whiz 1,966113 0,000845
wholly 0,400478 0,000057
wicked 0,328504 0,000047
wide 0,030459 0,000013
widen 0,916291 0,000131
widow 0,510826 0,000146
wife 0,083382 0,000024
wig 1,272966 0,000182
wild 0,051293 0,000007
wildest 1,272966 0,000182
william 0,798508 0,000114
willingly 0,527633 0,000076
willingness 1,514128 0,000217
willow 1,171183 0,000336
win 0,356675 0,000153
wince 1,469676 0,000421
wind 0,094311 0,000041
windmill 2,120264 0,000608
window 0,162519 0,000047
windowpane 2,995732 0,000429
windy 1,469676 0,000211
wine 0,235722 0,000034
wing 0,314711 0,000090
winged 1,272966 0,000182
wink 0,597837 0,000171
winner 1,771957 0,000508
winsome 2,659260 0,000381
winter 0,198451 0,000028
wintry 1,386294 0,000199
wipe 0,415515 0,000179
wisdom 0,287682 0,000041
wise 0,094311 0,000027
wisely 0,653926 0,000094
wisp 1,660731 0,000238
wispy 3,506558 0,000503
wist 2,995732 0,000429
wistful 2,207275 0,000316
wistfully 1,832581 0,000263
wit 0,198451 0,000057
witchy 3,912023 0,000561
withstand 1,021651 0,000146
witness 0,116534 0,000050
witted 1,609438 0,000231
witticism 1,966113 0,000282
witty 1,139434 0,000163
woe 0,673345 0,000096
woeful 2,302585 0,000330
woefully 2,813411 0,000403
wolf 0,597837 0,000086
woman 0,030459 0,000009
wonderful 0,162519 0,000023
wonderfully 0,510826 0,000073
wood 0,083382 0,000024
wooden 0,415515 0,000060
woodman 2,207275 0,000316
wool 1,049822 0,000150
woolen 2,659260 0,000381
word 0,020203 0,000003
worker 0,941609 0,000135
workman 0,755023 0,000108
workmanship 1,272966 0,000182
workpeople 2,813411 0,000403
workshop 1,609438 0,000231
worry 0,544727 0,000156
worship 0,415515 0,000119
worth 0,061875 0,000009
worthy 0,186330 0,000027
wound 0,198451 0,000028
wounded 0,274437 0,000039
wrap 0,400478 0,000115
wrapper 1,469676 0,000211
wrapping 2,525729 0,000362
wrath 0,634878 0,000091
wreak 1,966113 0,000282
wreath 0,867501 0,000249
wretch 0,653926 0,000094
wriggle 1,171183 0,000168
wringing 1,609438 0,000231
wrinkle 0,755023 0,000108
wrist 0,776529 0,000111
writ 1,386294 0,000199
write 0,020203 0,000012
writer 0,328504 0,000094
writhe 0,867501 0,000124
writing 0,061875 0,000009
wrong 0,072571 0,000021
wrongdoing 2,659260 0,000381
wry 2,120264 0,000304
xantippe 3,912023 0,000561
ya 2,659260 0,000381
yankee 1,897120 0,000272
yankees 2,302585 0,000330
yanker 3,912023 0,000561
yard 0,223144 0,000064
yarmouth 3,506558 0,000503
yarn 1,609438 0,000231
yaw 2,659260 0,000381
yawn 0,820981 0,000235
yearly 1,203973 0,000173
yearning 1,514128 0,000434
yellow 0,314711 0,000045
yesterday 0,301105 0,000043
yield 0,174353 0,000075
yoke 0,994252 0,000285
yolk 3,912023 0,000561
yon 2,120264 0,000304
yonder 0,843970 0,000121
yorkers 3,218876 0,000461
youngster 1,171183 0,000336
youth 0,139262 0,000040
youthful 0,673345 0,000096
zeal 0,579818 0,000083
zee 3,506558 0,000503
zoo 2,813411 0,000403
zoological 2,813411 0,000403
