abandon 0,223144 0,000158
abide 0,248461 0,000088
abides 2,207275 0,000391
ability 0,478036 0,000085
abode 0,579818 0,000103
abolish 1,272966 0,000225
abortive 2,040221 0,000361
abound 1,021651 0,000181
abridge 1,714798 0,000304
absence 0,274437 0,000049
absent 0,371064 0,000066
absolute 0,400478 0,000071
absolutely 0,287682 0,000051
absolve 1,514128 0,000268
absorbent 3,912023 0,000693
abstain 1,139434 0,000404
abstract 0,733969 0,000520
abstraction 1,427116 0,000253
absurd 0,430783 0,000076
absurdity 1,049822 0,000372
abundant 0,867501 0,000154
abundantly 1,272966 0,000225
abuse 0,562119 0,000100
abused 0,843970 0,000149
abut 2,207275 0,000782
abyss 0,994252 0,000176
academical 2,659260 0,000471
accept 0,061875 0,000044
acceptable 0,967584 0,000171
acceptance 0,967584 0,000171
acceptation 2,302585 0,000408
access 0,314711 0,000111
accessible 0,446287 0,000079
accession 1,966113 0,000348
accident 0,274437 0,000097
accidental 0,755023 0,000134
accidentally 0,820981 0,000145
accompaniment 1,347074 0,000239
accompany 0,094311 0,000067
accomplish 0,634878 0,000112
accomplished 0,385662 0,000068
accord 0,527633 0,000280
accordant 2,995732 0,000531
account 0,010050 0,000004
accredit 3,506558 0,000621
accrue 2,302585 0,000408
accumulate 0,891598 0,000158
accumulation 1,469676 0,000260
accuracy 1,108663 0,000196
accurate 0,941609 0,000167
accurately 1,049822 0,000186
accusation 0,891598 0,000158
accuse 0,385662 0,000205
accustom 1,560648 0,000276
accustomed 0,287682 0,000051
achieve 0,597837 0,000106
acid 1,832581 0,000325
acknowledge 0,274437 0,000146
acquaint 0,342490 0,000121
acquaintance 0,248461 0,000044
acquire 0,371064 0,000131
acquisition 1,272966 0,000225
acroamatic 3,912023 0,000693
action 0,094311 0,000033
active 0,127833 0,000023
activity 0,415515 0,000074
actual 0,174353 0,000031
actuality 2,302585 0,000408
acute 0,733969 0,000130
acuteness 1,427116 0,000253
adapt 0,653926 0,000116
add 0,094311 0,000050
addition 0,116534 0,000041
additional 0,198451 0,000035
address 0,072571 0,000051
adduce 2,120264 0,001127
adequate 1,309333 0,000232
adequately 2,120264 0,000376
adequateness 3,912023 0,000693
adhere 0,916291 0,000325
adherence 2,040221 0,000361
adjacent 1,469676 0,000260
adjective 1,897120 0,000336
adjunct 2,659260 0,000471
adjust 0,891598 0,000316
administer 0,867501 0,000154
administration 1,427116 0,000253
admirable 0,527633 0,000093
admiration 0,342490 0,000061
admirer 0,916291 0,000162
admissibility 3,912023 0,000693
admissible 2,995732 0,000531
admission 0,693147 0,000123
admit 0,116534 0,000083
admixture 2,525729 0,000895
admonition 1,427116 0,000253
adopt 0,673345 0,000358
adorn 0,634878 0,000225
advance 0,061875 0,000044
advancement 1,203973 0,000213
advantage 0,127833 0,000045
advantageous 1,237874 0,000219
adventure 0,301105 0,000053
adversary 0,867501 0,000307
adverse 1,514128 0,000268
advice 0,186330 0,000033
advisable 1,309333 0,000232
advisedly 2,525729 0,000447
advocate 0,867501 0,000154
affair 0,094311 0,000033
affect 0,478036 0,000085
affection 0,235722 0,000084
affinity 1,427116 0,000253
affirm 0,843970 0,000598
affirmation 2,207275 0,000782
affirmative 1,203973 0,000426
affirmatively 2,995732 0,000531
affix 1,897120 0,000336
afford 0,186330 0,000099
aforesaid 1,469676 0,000260
age 0,040822 0,000014
aged 0,198451 0,000035
agency 1,021651 0,000181
agendum 3,912023 0,000693
agent 0,223144 0,000079
aggregate 2,040221 0,001084
aggregation 3,218876 0,000570
agree 0,051293 0,000027
agreeable 0,462035 0,000082
agreeably 1,171183 0,000207
agreement 0,210721 0,000037
aid 0,210721 0,000075
aim 0,287682 0,000153
air 0,061875 0,000022
airless 3,506558 0,000621
alarm 0,314711 0,000056
alexander 1,108663 0,000196
algebra 2,525729 0,000447
alike 0,287682 0,000051
alive 0,051293 0,000009
alkalis 3,912023 0,000693
allege 1,108663 0,000589
allo 3,506558 0,000621
allowable 2,040221 0,000361
allure 1,386294 0,000491
ally 0,713350 0,000126
alter 0,235722 0,000125
alteration 0,261365 0,000093
alternate 0,261365 0,000093
alternately 1,021651 0,000181
alternation 2,120264 0,000376
alternative 0,994252 0,000176
altogether 0,198451 0,000035
ambiguity 1,897120 0,000672
ambiguous 1,771957 0,000314
ambitious 0,891598 0,000158
amphiboly 3,912023 0,000693
ample 0,527633 0,000093
amplify 2,407946 0,000426
amply 0,967584 0,000171
amusement 0,478036 0,000085
analogical 3,506558 0,000621
analogon 3,912023 0,000693
analogous 2,120264 0,000376
analogously 3,912023 0,000693
analogy 1,660731 0,000588
analysation 3,912023 0,000693
analyse 1,609438 0,000855
analysis 1,347074 0,000477
analyst 3,218876 0,001140
analytic 2,995732 0,000531
analytical 2,813411 0,000498
analytically 3,912023 0,000693
anarchy 1,832581 0,000325
anatomist 2,659260 0,000471
ancestor 0,462035 0,000082
anchor 0,776529 0,000138
ancient 0,198451 0,000035
ancients 1,347074 0,000239
angle 0,478036 0,000169
angled 2,995732 0,000531
anima 3,218876 0,000570
animadversion 3,218876 0,000570
animal 0,223144 0,000079
animality 3,912023 0,000693
animate 1,347074 0,000239
animated 0,755023 0,000134
annex 1,272966 0,000676
annihilate 1,203973 0,000640
annihilation 1,514128 0,000268
annul 2,525729 0,000447
anomaly 2,302585 0,000408
answer 0,020203 0,000011
answerable 1,660731 0,000294
answering 0,510826 0,000090
antagonistic 1,966113 0,000348
antecede 3,912023 0,001386
antecedent 1,660731 0,000294
antecedently 3,912023 0,000693
anterior 2,525729 0,000447
anthropological 3,218876 0,000570
anthropology 2,995732 0,000531
anthropomorphic 3,912023 0,000693
anthropomorphism 3,912023 0,000693
anticipate 0,616186 0,000437
anticipation 0,733969 0,000260
anticipatory 3,506558 0,000621
antinomy 3,506558 0,001242
antiquated 2,525729 0,000447
antiquity 0,941609 0,000167
antithesis 2,120264 0,000376
antithetic 3,912023 0,000693
anxiety 0,287682 0,000051
apagogic 3,912023 0,000693
apodeictic 3,912023 0,000693
apodeictical 3,912023 0,000693
apodeictically 3,912023 0,000693
apologize 1,309333 0,000232
apology 0,527633 0,000093
apparent 0,314711 0,000056
appeal 0,261365 0,000046
appealing 1,171183 0,000207
appeals 0,916291 0,000162
appearance 0,072571 0,000026
appellation 1,832581 0,000649
append 2,040221 0,000723
appendix 1,660731 0,000294
apperception 3,912023 0,000693
appertain 1,832581 0,000649
appetite 0,314711 0,000056
applicability 3,506558 0,000621
applicable 0,400478 0,000071
application 0,653926 0,000232
apply 0,116534 0,000083
appoint 0,328504 0,000058
appointment 0,579818 0,000103
appreciation 1,049822 0,000186
apprehend 0,798508 0,000424
apprehension 0,494296 0,000175
approach 0,040822 0,000022
approbation 1,203973 0,000426
appropriation 2,040221 0,000361
approval 0,798508 0,000141
approve 0,342490 0,000061
approximate 2,525729 0,000895
approximating 3,506558 0,000621
approximation 2,302585 0,000816
april 0,798508 0,000141
aptitude 1,714798 0,000304
arbitrarily 2,302585 0,000408
arbitrary 1,309333 0,000232
archetypal 3,912023 0,000693
archetype 3,218876 0,001140
architect 1,139434 0,000202
architectonic 3,506558 0,000621
architectonically 3,912023 0,000693
archive 0,544727 0,000096
archives 1,966113 0,000348
ardent 0,941609 0,000167
arena 2,302585 0,000408
argue 0,371064 0,000066
argument 0,287682 0,000102
argumentation 3,218876 0,000570
argumentative 1,832581 0,000325
argumentum 3,506558 0,000621
aristotle 1,560648 0,000276
arithmetic 1,203973 0,000213
arithmetical 2,302585 0,000408
arm 0,030459 0,000005
armed 0,385662 0,000068
armistice 2,525729 0,000447
armoury 2,525729 0,000447
army 0,356675 0,000063
arrange 0,198451 0,000141
arrangement 0,274437 0,000097
array 0,248461 0,000044
arrive 0,083382 0,000059
arrogant 1,347074 0,000239
arrogate 2,207275 0,000782
art 0,127833 0,000045
article 0,400478 0,000142
articulation 2,302585 0,000408
artifice 1,427116 0,000506
artificial 0,616186 0,000109
artificially 1,771957 0,000314
artist 0,562119 0,000199
artistic 1,049822 0,000186
ascend 0,430783 0,000229
ascension 2,813411 0,000498
ascent 0,994252 0,000176
ascertain 0,597837 0,000212
ascii 0,562119 0,000100
ascribe 1,272966 0,000676
ash 0,400478 0,000071
aspect 0,446287 0,000079
aspiration 1,049822 0,000186
assemble 0,462035 0,000164
assent 0,579818 0,000103
assert 0,462035 0,000327
assertion 0,891598 0,000316
assertor 3,218876 0,000570
assertorical 3,912023 0,000693
assertorically 3,912023 0,000693
assign 0,597837 0,000318
assist 0,328504 0,000175
assistance 0,105361 0,000019
association 0,713350 0,000126
assume 0,162519 0,000115
assumption 1,309333 0,000464
assurance 0,430783 0,000076
assure 0,127833 0,000091
assuredly 0,967584 0,000171
astonishing 0,653926 0,000116
astonishment 0,301105 0,000053
astray 1,078810 0,000191
astronomer 1,714798 0,000607
astronomy 1,832581 0,000325
asymptotic 3,912023 0,000693
atheism 2,302585 0,000408
atheistic 2,813411 0,000498
atomistic 3,506558 0,000621
attach 0,116534 0,000083
attack 0,198451 0,000141
attain 0,328504 0,000233
attainable 2,207275 0,000391
attainment 1,427116 0,000253
attempt 0,051293 0,000036
attend 0,127833 0,000091
attention 0,083382 0,000015
attentive 0,713350 0,000126
attest 1,237874 0,000219
attract 0,261365 0,000093
attraction 0,653926 0,000116
attractive 0,820981 0,000145
attribute 0,527633 0,000374
aught 0,891598 0,000158
augment 1,139434 0,000605
augmentation 2,813411 0,000498
augmentative 3,912023 0,000693
authenticity 2,207275 0,000391
author 0,116534 0,000041
authority 0,223144 0,000040
authorize 1,514128 0,001073
auxiliary 1,897120 0,000336
avail 0,462035 0,000246
avoid 0,105361 0,000037
avow 1,560648 0,000276
await 0,314711 0,000056
awake 0,150823 0,000027
awaken 0,430783 0,000153
awakening 1,108663 0,000196
aware 0,223144 0,000040
awe 0,597837 0,000106
axiom 1,771957 0,000628
axiomatic 3,506558 0,000621
axis 1,237874 0,000219
bacon 0,994252 0,000176
bad 0,020203 0,000007
badly 0,446287 0,000079
balance 0,342490 0,000061
ball 0,287682 0,000102
band 0,342490 0,000061
bane 2,302585 0,000408
banish 0,562119 0,000299
bank 0,210721 0,000037
bar 0,235722 0,000042
barbaric 1,714798 0,000304
barbarism 1,771957 0,000314
bare 0,150823 0,000027
barrier 0,776529 0,000138
base 0,094311 0,000050
baseless 2,813411 0,000498
basis 0,673345 0,000239
battle 0,235722 0,000042
bear 0,000000 0,000000
beat 0,083382 0,000015
beautiful 0,083382 0,000015
beauty 0,162519 0,000029
beckon 0,867501 0,000154
befit 1,966113 0,000348
beg 0,116534 0,000021
behalf 0,713350 0,000126
behaviour 0,941609 0,000167
behoof 2,995732 0,000531
belief 0,198451 0,000035
belong 0,072571 0,000051
beloved 0,415515 0,000074
bend 0,314711 0,000056
beneath 0,198451 0,000035
beneficial 1,272966 0,000225
benefit 0,356675 0,000190
bequeath 1,309333 0,000232
bequest 2,302585 0,000408
berkeley 2,302585 0,000408
beset 0,941609 0,000167
bestow 0,430783 0,000076
bet 0,967584 0,000171
betray 0,301105 0,000107
bide 1,771957 0,000314
binary 0,562119 0,000100
bind 0,030459 0,000005
binding 0,867501 0,000154
birth 0,301105 0,000053
birthplace 2,120264 0,000376
blame 0,162519 0,000058
blameless 1,469676 0,000260
blemish 1,660731 0,000294
blessedness 1,966113 0,000348
blind 0,174353 0,000062
blindly 0,941609 0,000167
blindness 0,994252 0,000176
block 0,494296 0,000088
bloodless 1,469676 0,000260
blow 0,061875 0,000022
blunder 0,776529 0,000138
boast 0,328504 0,000116
boastful 1,897120 0,000336
boasting 1,108663 0,000196
bodily 0,673345 0,000119
body 0,010050 0,000004
bold 0,223144 0,000079
boldly 0,462035 0,000082
boldness 0,916291 0,000162
bonnet 0,994252 0,000176
bonum 2,995732 0,000531
book 0,040822 0,000014
borrow 0,462035 0,000327
bosom 0,446287 0,000079
bound 0,301105 0,000107
boundary 1,049822 0,000372
boundless 0,891598 0,000158
brain 0,314711 0,000056
branch 0,186330 0,000066
breach 0,274437 0,000049
break 0,010050 0,000005
breast 0,198451 0,000035
brevity 1,560648 0,000276
bridge 0,430783 0,000076
brilliant 0,430783 0,000076
bring 0,000000 0,000000
broad 0,127833 0,000023
build 0,094311 0,000033
building 0,210721 0,000037
bulwark 1,386294 0,000246
bungle 2,525729 0,000447
bungler 2,525729 0,000447
burden 0,198451 0,000035
burn 0,061875 0,000011
business 0,040822 0,000007
busy 0,210721 0,000037
calculate 0,116534 0,000041
calculation 0,713350 0,000126
calling 0,733969 0,000130
calm 0,274437 0,000049
caloric 3,506558 0,000621
canon 1,660731 0,000294
capability 1,966113 0,000696
capable 0,261365 0,000046
capacity 0,510826 0,000090
cape 0,916291 0,000162
capital 0,314711 0,000056
card 0,139262 0,000025
cardinal 1,469676 0,000260
care 0,000000 0,000000
careful 0,174353 0,000031
carefully 0,139262 0,000025
carelessly 0,776529 0,000138
carelessness 1,021651 0,000181
carry 0,010050 0,000007
cart 0,597837 0,000106
cartesian 3,912023 0,000693
cash 0,967584 0,000171
cast 0,116534 0,000041
casting 0,544727 0,000096
castle 0,755023 0,000134
casus 2,995732 0,000531
catalogue 1,272966 0,000225
categorical 3,218876 0,000570
category 1,832581 0,000649
cathartic 3,912023 0,000693
causal 3,506558 0,000621
causality 2,813411 0,000498
caution 0,478036 0,000085
cautious 0,673345 0,000119
cease 0,061875 0,000044
ceaseless 1,386294 0,000246
celebrated 0,562119 0,000100
celestial 1,171183 0,000207
censor 2,407946 0,000426
censure 1,078810 0,000191
central 0,733969 0,000130
centre 0,385662 0,000137
century 0,328504 0,000116
certainty 0,342490 0,000121
certificate 1,514128 0,000268
certify 1,771957 0,000314
certitude 2,813411 0,000498
chain 0,174353 0,000062
chair 0,261365 0,000046
challenge 0,755023 0,000401
champion 0,916291 0,000325
chance 0,061875 0,000011
change 0,010050 0,000005
changeable 2,120264 0,000376
chaos 1,078810 0,000191
chapter 0,328504 0,000116
character 0,061875 0,000022
characteristic 0,400478 0,000142
characterize 1,514128 0,000805
charge 0,040822 0,000014
chargeable 2,407946 0,000426
charitable 0,287682 0,000051
charity 0,186330 0,000033
charles 0,597837 0,000106
charm 0,342490 0,000061
chart 1,514128 0,000268
chasm 1,272966 0,000225
check 0,072571 0,000026
chemical 1,469676 0,000260
chemist 1,714798 0,000607
cherish 0,653926 0,000232
chicanery 3,218876 0,000570
chief 0,094311 0,000017
chiefly 0,527633 0,000093
child 0,040822 0,000007
chimera 2,207275 0,000782
chimerical 2,207275 0,000391
choice 0,150823 0,000027
choose 0,020203 0,000011
choosing 0,867501 0,000154
cicero 1,609438 0,000285
circle 0,150823 0,000027
circuit 0,867501 0,000154
circular 1,021651 0,000181
circulate 1,078810 0,000191
circumference 1,469676 0,000260
circumscribe 1,966113 0,001045
circumspection 1,771957 0,000314
circumstance 0,116534 0,000041
citizen 0,673345 0,000239
city 0,051293 0,000009
civil 0,544727 0,000096
civilized 1,237874 0,000219
claim 0,083382 0,000030
claimant 2,525729 0,000447
class 0,248461 0,000132
clay 0,494296 0,000088
clearness 1,049822 0,000186
cleave 1,309333 0,000464
clement 2,040221 0,000361
cloak 0,527633 0,000093
clock 0,510826 0,000090
close 0,010050 0,000004
closely 0,223144 0,000040
closing 0,446287 0,000079
clue 1,049822 0,000186
coalesce 3,218876 0,000570
coalition 2,525729 0,000447
coat 0,235722 0,000042
cobweb 2,207275 0,000391
cobwebs 1,832581 0,000325
code 0,287682 0,000102
coerce 2,120264 0,000376
coercion 2,659260 0,000471
coexist 3,218876 0,000570
coexistence 3,912023 0,000693
coexistent 3,218876 0,000570
cogitable 3,912023 0,000693
cogitate 2,659260 0,001413
cogitated 3,218876 0,000570
cogitation 2,302585 0,000408
cogito 3,506558 0,000621
cognate 3,218876 0,000570
cognition 3,506558 0,000621
cognizable 3,218876 0,000570
cognizant 2,813411 0,000498
cognize 3,912023 0,002772
cohere 3,506558 0,001863
coherence 2,995732 0,000531
coin 0,544727 0,000193
coincide 1,237874 0,000438
cold 0,040822 0,000007
collateral 2,525729 0,000447
collect 0,248461 0,000132
collectedness 3,506558 0,000621
collection 0,162519 0,000029
collective 1,966113 0,000348
colour 0,510826 0,000181
coloured 0,693147 0,000123
colouring 1,514128 0,000268
column 0,562119 0,000100
combat 0,820981 0,000145
combatant 1,660731 0,000588
combative 3,506558 0,000621
combination 0,634878 0,000112
combine 0,843970 0,000448
combined 0,713350 0,000126
comet 1,832581 0,000325
comfort 0,105361 0,000019
command 0,116534 0,000041
commence 0,579818 0,000411
commencement 1,108663 0,000196
commend 0,798508 0,000141
commensurate 3,218876 0,000570
commercial 0,274437 0,000049
commercium 3,506558 0,000621
commit 0,116534 0,000041
common 0,072571 0,000026
commonly 0,755023 0,000134
commune 1,560648 0,000276
communicate 0,446287 0,000316
communication 0,510826 0,000090
communion 1,427116 0,000253
communis 3,506558 0,000621
community 0,579818 0,000205
company 0,020203 0,000004
comparative 0,994252 0,000176
comparatively 0,634878 0,000112
compare 0,162519 0,000115
comparison 0,446287 0,000158
compartment 1,514128 0,000268
compass 0,579818 0,000103
compel 0,385662 0,000205
compelling 1,560648 0,000276
compendium 3,506558 0,000621
compensate 1,347074 0,000716
compensation 1,049822 0,000186
competent 1,139434 0,000202
compilation 0,478036 0,000085
complain 0,198451 0,000035
complaint 0,478036 0,000169
complemental 3,506558 0,000621
complete 0,105361 0,000056
completely 0,274437 0,000049
completeness 1,966113 0,000348
completion 1,386294 0,000246
complex 1,139434 0,000202
compliance 0,342490 0,000061
comply 0,287682 0,000102
component 3,218876 0,000570
compose 0,287682 0,000102
composita 3,912023 0,000693
composite 2,302585 0,000408
composition 0,798508 0,000141
compound 1,021651 0,000362
comprehend 0,478036 0,000339
comprehensibility 3,912023 0,000693
comprehensible 1,832581 0,000325
comprehension 1,203973 0,000213
comprehensive 1,237874 0,000219
compressed 0,342490 0,000061
comprise 1,108663 0,000589
compulsion 1,609438 0,000285
compute 1,771957 0,000314
concatenation 2,813411 0,000498
concave 2,040221 0,000361
conceal 0,198451 0,000070
concealment 1,108663 0,000196
concede 1,272966 0,000451
conceit 0,994252 0,000176
conceivable 1,386294 0,000246
conceive 0,223144 0,000119
concept 0,527633 0,000093
conception 0,562119 0,000199
conceptus 3,912023 0,000693
concern 0,342490 0,000121
concerned 0,287682 0,000051
concernment 2,813411 0,000498
concession 1,427116 0,000506
conclude 0,235722 0,000167
conclusion 0,210721 0,000075
conclusive 1,427116 0,000253
conclusiveness 3,218876 0,000570
concordant 3,506558 0,000621
concrete 1,897120 0,000336
condemn 0,446287 0,000158
condition 0,051293 0,000027
conditionally 2,813411 0,000498
conduce 1,469676 0,000260
conducive 1,560648 0,000276
conduct 0,094311 0,000067
cone 1,714798 0,000304
confer 0,820981 0,000291
confess 0,127833 0,000091
confession 0,579818 0,000103
confidence 0,139262 0,000025
confident 0,510826 0,000090
confidently 1,049822 0,000186
confine 0,223144 0,000119
confines 1,386294 0,000246
confirm 0,139262 0,000074
confirmation 0,356675 0,000063
conflict 0,597837 0,000318
confluence 2,995732 0,000531
conform 1,203973 0,000640
conformability 3,912023 0,000693
conformable 2,525729 0,000447
conformably 2,813411 0,000498
conformity 1,514128 0,000268
confound 0,430783 0,000229
confront 0,776529 0,000138
confuse 1,714798 0,000304
confused 0,248461 0,000044
confusedly 1,660731 0,000294
confusing 1,966113 0,000348
confusion 0,287682 0,000102
confutation 3,218876 0,000570
confute 2,120264 0,000751
congeries 3,506558 0,000621
congruent 3,912023 0,000693
conjecture 0,544727 0,000289
conjoin 2,120264 0,001502
conjunction 1,272966 0,000225
connect 0,891598 0,000474
connected 0,415515 0,000074
connection 0,446287 0,000158
conquer 0,527633 0,000093
conqueror 1,021651 0,000181
conquests 1,714798 0,000304
conscious 0,314711 0,000056
consciously 1,469676 0,000260
consciousness 0,371064 0,000066
consequence 0,186330 0,000066
consequent 1,203973 0,000213
consequential 0,478036 0,000085
considerable 0,105361 0,000019
consideration 0,223144 0,000079
consist 0,314711 0,000167
consistence 2,525729 0,000447
consistency 1,427116 0,000253
consistent 0,798508 0,000141
console 0,673345 0,000239
consonant 2,120264 0,000376
constant 0,051293 0,000009
constantly 0,371064 0,000066
constituent 1,966113 0,000348
constitute 0,597837 0,000424
constitution 0,776529 0,000138
constitutive 3,912023 0,000693
constrain 0,733969 0,000260
constraint 1,272966 0,000225
construct 0,713350 0,000505
construction 0,733969 0,000260
consult 0,400478 0,000142
contact 0,210721 0,000037
contagious 2,040221 0,000361
contemplate 0,544727 0,000289
contemplation 0,527633 0,000093
contemporaneous 3,506558 0,000621
contemporaneously 3,912023 0,000693
contempt 0,446287 0,000079
contemptuous 1,049822 0,000186
contend 0,597837 0,000106
content 0,174353 0,000031
contented 0,400478 0,000071
contentless 3,912023 0,000693
contentment 1,347074 0,000239
contents 0,094311 0,000017
contest 0,798508 0,000283
context 2,207275 0,000391
contiguity 2,995732 0,000531
contiguous 1,897120 0,000336
continent 0,820981 0,000291
contingence 3,912023 0,000693
contingency 2,040221 0,000723
contingent 1,660731 0,000294
contingently 3,912023 0,000693
continua 3,912023 0,000693
continual 0,693147 0,000123
continually 0,446287 0,000079
continuance 1,237874 0,000219
continuation 1,347074 0,000477
continue 0,186330 0,000099
continued 0,072571 0,000013
continuity 2,040221 0,000361
continuous 0,867501 0,000154
continuum 3,506558 0,000621
contract 0,139262 0,000049
contraction 1,514128 0,000268
contradict 0,798508 0,000424
contradiction 0,713350 0,000253
contradictorily 3,506558 0,000621
contradictory 1,272966 0,000451
contradistinction 2,659260 0,000471
contrariwise 2,813411 0,000498
contrary 0,198451 0,000035
contrast 0,385662 0,000068
contribute 0,510826 0,000362
contribution 0,371064 0,000066
control 0,223144 0,000040
controversy 1,386294 0,000491
convenience 0,673345 0,000119
convenient 0,462035 0,000082
conveniently 1,203973 0,000213
conventionalism 3,912023 0,000693
conversation 0,186330 0,000033
converse 0,494296 0,000088
conversely 2,995732 0,000531
conversion 1,386294 0,000246
convert 0,186330 0,000099
convey 0,287682 0,000102
convict 0,941609 0,000167
conviction 0,430783 0,000153
convince 0,198451 0,000141
convulsion 0,967584 0,000171
copernican 3,912023 0,000693
copernicus 3,218876 0,000570
copula 3,912023 0,000693
copying 0,494296 0,000088
copyright 0,415515 0,000074
corner 0,072571 0,000013
corporation 0,400478 0,000071
corporeal 1,966113 0,000348
corpus 2,207275 0,000391
correct 0,235722 0,000167
correction 1,203973 0,000213
corrections 1,897120 0,000336
corrective 2,407946 0,000426
correctly 0,843970 0,000149
correctness 1,832581 0,000325
correlate 3,912023 0,001386
correlative 2,995732 0,000531
correspond 0,843970 0,000299
correspondence 0,820981 0,000145
corroborate 1,514128 0,000268
corrupt 0,235722 0,000084
corruption 0,820981 0,000145
cosmical 3,506558 0,000621
cosmological 3,912023 0,000693
cosmologically 3,912023 0,000693
cosmology 3,506558 0,000621
cost 0,105361 0,000037
counsel 0,462035 0,000082
countenance 0,371064 0,000066
counter 0,733969 0,000260
counterbalance 1,832581 0,000325
country 0,010050 0,000004
couple 0,248461 0,000044
courage 0,150823 0,000027
court 0,094311 0,000017
courtesy 0,693147 0,000123
covering 0,415515 0,000074
covertly 2,407946 0,000426
create 0,094311 0,000067
creation 0,198451 0,000070
creative 1,771957 0,000314
creator 1,139434 0,000404
creature 0,116534 0,000021
credential 3,506558 0,000621
credentials 2,207275 0,000391
credit 0,094311 0,000017
credulity 1,966113 0,000348
creep 0,198451 0,000035
crime 0,261365 0,000046
criterion 2,207275 0,000782
critic 1,021651 0,000362
critical 0,235722 0,000042
criticism 0,820981 0,000145
criticize 2,120264 0,000751
critique 2,813411 0,000498
crowd 0,174353 0,000031
crowded 0,301105 0,000053
crown 0,210721 0,000112
crucible 2,407946 0,000426
crude 1,347074 0,000239
cubic 2,120264 0,000376
culpable 2,207275 0,000391
culprit 1,347074 0,000239
cultivate 0,462035 0,000082
cultivation 1,469676 0,000260
culture 1,078810 0,000191
cum 1,966113 0,000348
cure 0,314711 0,000056
curiosity 0,210721 0,000037
current 0,116534 0,000021
cursory 2,302585 0,000408
curvature 2,813411 0,000498
curved 1,171183 0,000207
curvilinear 3,506558 0,000621
cushion 0,820981 0,000145
customary 0,653926 0,000116
customs 0,713350 0,000126
cut 0,030459 0,000011
damage 0,223144 0,000079
damages 0,400478 0,000071
danger 0,105361 0,000019
dangerous 0,150823 0,000027
dark 0,051293 0,000018
darkness 0,186330 0,000033
darling 0,916291 0,000162
datum 0,494296 0,000175
david 0,597837 0,000106
dawn 0,314711 0,000056
day 0,000000 0,000000
dead 0,072571 0,000013
deaf 0,634878 0,000112
deal 0,061875 0,000044
death 0,020203 0,000004
debar 2,040221 0,000361
decade 1,897120 0,000336
decay 0,544727 0,000096
deceit 0,967584 0,000171
deceitful 1,347074 0,000239
deceive 0,261365 0,000093
deception 0,916291 0,000162
deceptive 2,040221 0,000361
decide 0,040822 0,000029
decidedly 0,867501 0,000154
decision 0,544727 0,000096
decisive 0,867501 0,000154
declaration 0,967584 0,000343
declare 0,139262 0,000099
decline 0,356675 0,000126
decompose 2,525729 0,000447
decomposition 2,659260 0,000471
decrease 1,272966 0,000451
decry 2,659260 0,000942
deduce 1,660731 0,000882
deducible 3,218876 0,000570
deductible 0,562119 0,000100
deduction 1,560648 0,000553
deed 0,287682 0,000051
deem 0,562119 0,000100
deep 0,020203 0,000011
deeply 0,261365 0,000046
defect 0,261365 0,000093
defective 0,356675 0,000063
defence 0,527633 0,000187
defend 0,301105 0,000107
defender 1,427116 0,000253
defensive 1,560648 0,000276
defer 0,941609 0,000167
deficiency 1,203973 0,000426
deficient 1,272966 0,000225
define 0,673345 0,000477
definite 0,755023 0,000134
definition 1,203973 0,000426
degrading 1,386294 0,000246
degree 0,150823 0,000053
deist 3,506558 0,000621
deistic 3,506558 0,000621
deity 1,171183 0,000207
delay 0,186330 0,000033
deletion 0,562119 0,000100
delineate 2,207275 0,000782
deliver 0,223144 0,000079
deliverance 0,941609 0,000167
delivery 0,994252 0,000176
delude 1,347074 0,000477
delusion 0,916291 0,000325
delusive 2,525729 0,000447
demand 0,051293 0,000036
demarcation 2,813411 0,000498
demerit 2,995732 0,000531
demonstrable 2,813411 0,000498
demonstrate 0,967584 0,000686
demonstration 0,994252 0,000352
demonstrative 1,897120 0,000336
demonstratively 3,506558 0,000621
demur 1,771957 0,000628
denial 0,776529 0,000138
denominate 2,207275 0,000782
denomination 1,966113 0,000348
denote 1,139434 0,000605
denounce 1,078810 0,000191
deny 0,072571 0,000051
depart 0,162519 0,000058
department 0,916291 0,000325
departure 0,430783 0,000076
depend 0,040822 0,000022
dependence 1,309333 0,000232
dependent 0,820981 0,000145
depict 1,237874 0,000219
deposit 0,776529 0,000138
depositor 3,218876 0,000570
depreciate 1,897120 0,000336
depress 0,616186 0,000109
deprive 0,415515 0,000221
depths 0,446287 0,000079
derivable 2,995732 0,000531
derivation 2,207275 0,000391
derivative 0,510826 0,000090
derive 0,210721 0,000149
descartes 2,813411 0,000498
descend 0,174353 0,000062
descendant 0,867501 0,000154
descent 0,634878 0,000112
description 0,248461 0,000044
desert 0,314711 0,000111
deserted 0,385662 0,000068
deserve 0,314711 0,000111
deserving 0,891598 0,000158
design 0,287682 0,000153
designate 1,309333 0,000928
designation 1,714798 0,000304
designing 1,771957 0,000314
desirable 0,733969 0,000130
desire 0,051293 0,000036
desirous 0,634878 0,000112
desist 1,660731 0,000294
despairing 0,798508 0,000141
desperate 0,328504 0,000058
despicable 1,469676 0,000260
despise 0,342490 0,000121
despotic 1,897120 0,000336
despotism 1,832581 0,000325
destination 1,078810 0,000191
destine 0,494296 0,000088
destiny 0,597837 0,000106
destitute 0,916291 0,000162
destroy 0,061875 0,000044
destruction 0,342490 0,000061
destructive 1,049822 0,000186
detach 0,287682 0,000051
detailed 1,469676 0,000260
detain 0,544727 0,000193
detect 0,562119 0,000299
detection 1,427116 0,000253
deter 1,272966 0,000225
determinability 3,912023 0,000693
determinable 3,506558 0,000621
determinate 2,525729 0,000447
determinately 3,912023 0,000693
determination 0,616186 0,000218
determinative 3,912023 0,000693
determine 0,061875 0,000044
detract 1,660731 0,000294
detriment 1,771957 0,000314
detrimental 2,813411 0,000498
develop 0,891598 0,000158
developed 0,544727 0,000096
development 0,693147 0,000123
deviate 1,660731 0,000588
deviation 1,714798 0,000304
device 0,597837 0,000106
devise 0,733969 0,000260
devoid 1,309333 0,000232
devote 0,673345 0,000239
devoted 0,301105 0,000053
diagonal 2,525729 0,000447
dialectic 2,659260 0,000942
dialectical 3,218876 0,000570
dialectically 3,912023 0,000693
dialectician 2,995732 0,000531
diameter 1,897120 0,000336
dichotomy 3,912023 0,000693
dictate 0,579818 0,000308
dictation 2,040221 0,000361
dictatorial 2,813411 0,000498
dictum 2,659260 0,000471
didactically 3,506558 0,000621
die 0,010050 0,000002
difference 0,174353 0,000062
difficult 0,116534 0,000021
difficulty 0,116534 0,000041
dignity 0,314711 0,000056
digression 1,347074 0,000239
dilemma 1,560648 0,000276
dim 0,356675 0,000063
dimension 0,916291 0,000325
diminish 0,776529 0,000138
diminished 0,776529 0,000138
diminution 1,832581 0,000325
diogenes 2,120264 0,000376
direct 0,040822 0,000029
direction 0,051293 0,000018
disadvantage 0,843970 0,000149
disagreement 1,660731 0,000294
disallow 2,659260 0,000471
disappear 0,223144 0,000119
disappearance 1,272966 0,000225
disappointed 0,415515 0,000074
disappointment 0,462035 0,000082
disapproval 1,966113 0,000348
disarrange 2,207275 0,000391
discern 0,634878 0,000112
discipline 0,634878 0,000112
disclaim 0,462035 0,000082
disclaimer 0,562119 0,000199
disclose 0,634878 0,000337
disconcert 1,171183 0,000207
disconnected 1,771957 0,000314
discontinue 0,510826 0,000271
discord 1,078810 0,000191
discover 0,030459 0,000022
discoverable 2,995732 0,000531
discoverer 1,714798 0,000304
discovery 0,287682 0,000102
discursive 2,659260 0,000471
discursively 3,912023 0,000693
discuss 0,400478 0,000213
discussion 0,597837 0,000212
disease 0,328504 0,000058
disengage 0,843970 0,000149
disfigure 2,207275 0,000391
disguise 0,494296 0,000175
disjoin 2,995732 0,000531
disjunctive 3,506558 0,000621
disk 0,415515 0,000074
dislike 0,478036 0,000085
dismay 0,597837 0,000106
dismiss 0,430783 0,000229
disparage 2,120264 0,000751
dispassionate 2,120264 0,000376
dispel 1,139434 0,000202
dispensable 3,506558 0,000621
dispense 0,820981 0,000436
display 0,162519 0,000115
displeasure 0,941609 0,000167
dispose 0,755023 0,000134
disposed 0,385662 0,000068
disposition 0,371064 0,000131
disproportionate 1,832581 0,000325
disprove 1,714798 0,000607
disputant 2,407946 0,000426
dispute 0,446287 0,000237
disquiet 1,309333 0,000232
disregard 0,820981 0,000145
disrepute 2,659260 0,000471
dissatisfaction 1,609438 0,000285
dissect 1,714798 0,000304
dissecting 2,120264 0,000376
dissection 2,813411 0,000498
dissension 1,660731 0,000294
dissimilar 1,832581 0,000325
dissimilarity 3,506558 0,000621
dissipate 0,916291 0,000162
dissolution 1,427116 0,000253
dissolve 0,733969 0,000130
distance 0,105361 0,000037
distant 0,162519 0,000029
distinct 0,301105 0,000053
distinction 0,356675 0,000126
distinctive 1,832581 0,000325
distinctness 1,469676 0,000260
distinguish 0,314711 0,000111
distinguishable 1,771957 0,000314
distinguished 0,301105 0,000053
distinguishing 1,078810 0,000191
distract 0,510826 0,000090
distribute 0,210721 0,000112
distribution 0,430783 0,000076
distributive 3,218876 0,000570
distributor 0,544727 0,000096
distrust 0,733969 0,000130
distrustful 2,120264 0,000376
disturb 0,198451 0,000035
disunion 3,218876 0,000570
disunited 3,218876 0,000570
disuse 2,040221 0,000361
diver 1,021651 0,000181
diverse 1,514128 0,000268
diversify 2,040221 0,000361
diversity 1,560648 0,000553
divert 0,634878 0,000112
divest 1,469676 0,000521
divide 0,150823 0,000107
divine 0,356675 0,000063
divinity 0,867501 0,000154
divisibility 3,912023 0,000693
divisible 2,995732 0,000531
division 0,527633 0,000187
docile 1,714798 0,000304
doctrinal 3,218876 0,000570
doctrine 0,616186 0,000218
dog 0,186330 0,000033
dogma 1,832581 0,000649
dogmata 3,218876 0,000570
dogmatic 2,302585 0,000408
dogmatical 2,813411 0,000498
dogmatically 2,995732 0,000531
dogmatism 2,995732 0,000531
dogmatist 2,995732 0,001061
dogmatize 3,506558 0,000621
dollar 1,237874 0,000219
domain 0,328504 0,000116
dominion 0,941609 0,000167
donate 0,544727 0,000096
donation 0,446287 0,000158
donor 0,478036 0,000085
door 0,000000 0,000000
double 0,139262 0,000025
doubt 0,040822 0,000029
dove 0,916291 0,000162
downfall 1,609438 0,000285
download 0,562119 0,000100
downward 0,798508 0,000141
draught 0,527633 0,000093
draw 0,020203 0,000018
dread 0,248461 0,000044
dream 0,083382 0,000044
dress 0,162519 0,000029
drink 0,072571 0,000013
drive 0,030459 0,000016
drop 0,061875 0,000022
dry 0,116534 0,000041
ducat 2,813411 0,000498
dull 0,174353 0,000062
dumb 0,562119 0,000100
duration 1,078810 0,000191
duty 0,061875 0,000022
dwell 0,342490 0,000061
dwelling 0,494296 0,000088
dynamical 3,912023 0,000693
dynamically 3,912023 0,000693
dynamics 3,218876 0,000570
ear 0,061875 0,000011
earnest 0,261365 0,000046
earnestly 0,415515 0,000074
earth 0,051293 0,000018
earthly 0,673345 0,000119
ease 0,150823 0,000027
easily 0,072571 0,000013
easy 0,000000 0,000000
economical 1,514128 0,000268
economize 2,525729 0,000447
economy 0,776529 0,000138
ectypal 3,912023 0,000693
edifice 1,272966 0,000451
edifying 1,771957 0,000314
edition 0,287682 0,000102
education 0,415515 0,000074
educational 0,446287 0,000079
effective 0,967584 0,000171
efficiency 2,040221 0,000361
efficient 1,309333 0,000232
effort 0,094311 0,000033
ego 1,771957 0,000314
egyptian 1,108663 0,000196
elaborate 0,867501 0,000307
elaboration 2,302585 0,000408
elapse 0,891598 0,000158
elect 0,210721 0,000037
electronic 0,544727 0,000096
electronically 0,544727 0,000096
elegance 0,994252 0,000176
element 0,342490 0,000121
elemental 1,897120 0,000336
elementary 1,427116 0,000253
elenchi 3,218876 0,000570
elevate 1,309333 0,000464
elevated 0,891598 0,000158
elevation 0,843970 0,000299
eliminate 1,714798 0,000607
ellipse 3,506558 0,000621
ellipsis 2,813411 0,000498
eloquent 0,820981 0,000145
elucidate 2,207275 0,000391
elucidation 3,218876 0,001140
elude 1,078810 0,000382
email 0,562119 0,000100
embarrass 2,120264 0,000376
embarrassing 1,514128 0,000268
embarrassment 0,994252 0,000352
embellishment 1,609438 0,000285
embrace 0,235722 0,000167
emend 3,506558 0,000621
eminent 0,967584 0,000171
empire 0,634878 0,000112
empirical 3,218876 0,000570
empirically 3,506558 0,000621
empiricism 3,912023 0,000693
empiricist 3,506558 0,001242
employ 0,235722 0,000167
employee 0,510826 0,000181
employment 0,527633 0,000093
empower 1,714798 0,000304
enable 0,274437 0,000194
enact 1,309333 0,000232
enclose 0,713350 0,000379
encode 0,653926 0,000116
encounter 0,446287 0,000158
encourage 0,301105 0,000107
encroach 1,714798 0,000304
endeavour 0,713350 0,000379
endless 0,478036 0,000085
endow 0,673345 0,000119
endure 0,210721 0,000075
enemy 0,105361 0,000019
energetic 1,078810 0,000191
engage 0,494296 0,000175
engaged 0,198451 0,000035
english 0,094311 0,000017
engraft 2,995732 0,000531
enigma 1,771957 0,000314
enigmatical 2,040221 0,000361
enjoin 1,171183 0,000207
enjoy 0,072571 0,000026
enlarge 0,673345 0,000477
enlargement 2,207275 0,000391
enlighten 0,562119 0,000100
enounce 2,995732 0,002122
enouncement 3,912023 0,000693
ens 2,995732 0,000531
ensemble 2,995732 0,000531
ensue 0,579818 0,000103
ensure 0,342490 0,000243
enter 0,020203 0,000014
entertain 0,579818 0,000205
entertained 0,616186 0,000109
entia 3,912023 0,000693
entire 0,274437 0,000049
entitle 0,653926 0,000232
entity 0,544727 0,000193
entrust 1,203973 0,000426
enumerate 1,108663 0,000393
enumeration 1,660731 0,000294
enunciate 2,302585 0,000408
enunciation 2,813411 0,000498
epicurean 2,120264 0,000376
epicureanism 3,506558 0,000621
epigenesis 3,912023 0,000693
epithet 1,347074 0,000239
epoch 1,309333 0,000464
equal 0,162519 0,000058
equality 0,967584 0,000171
equally 0,223144 0,000040
equation 2,813411 0,000498
equator 2,040221 0,000361
equilibrium 1,966113 0,000348
equip 0,967584 0,000171
equipment 0,415515 0,000074
equitable 1,966113 0,000348
equivalent 1,078810 0,000191
equivocal 2,207275 0,000391
eradicate 1,897120 0,000336
ere 0,634878 0,000112
erect 0,446287 0,000316
erection 1,966113 0,000348
ergo 2,525729 0,000447
err 0,733969 0,000130
erroneous 1,514128 0,000268
erroneously 2,120264 0,000376
error 0,072571 0,000026
escape 0,061875 0,000033
especial 1,309333 0,000232
essay 0,755023 0,000134
esse 2,813411 0,000498
essence 0,693147 0,000123
essential 0,544727 0,000096
essentially 1,347074 0,000239
est 1,309333 0,000232
establish 0,579818 0,000308
established 0,301105 0,000053
establishment 0,673345 0,000119
estimate 0,653926 0,000463
estimation 1,139434 0,000202
estrange 1,386294 0,000246
eternal 0,415515 0,000074
eternity 0,673345 0,000119
ethic 1,427116 0,000253
ethical 2,120264 0,000376
eulogize 2,995732 0,000531
european 0,867501 0,000154
euthanasia 3,506558 0,000621
evade 0,891598 0,000316
evasion 1,609438 0,000570
evasive 2,207275 0,000391
event 0,150823 0,000053
everyday 1,272966 0,000225
evidence 0,235722 0,000125
evident 0,356675 0,000063
evidently 0,371064 0,000066
evil 0,150823 0,000053
evolve 2,120264 0,000751
exact 0,274437 0,000049
exactness 1,514128 0,000268
exaggerate 1,139434 0,000202
exaggerated 0,843970 0,000149
exaggeration 1,237874 0,000219
examination 0,385662 0,000068
examine 0,150823 0,000080
exceed 0,462035 0,000082
exceedingly 0,462035 0,000082
excellence 1,021651 0,000181
excellent 0,150823 0,000027
exception 0,446287 0,000158
exchange 0,210721 0,000037
excite 0,798508 0,000283
excited 0,248461 0,000044
exciting 0,693147 0,000123
exclude 0,755023 0,000535
exclusion 0,371064 0,000066
exclusive 1,203973 0,000213
exclusively 1,139434 0,000202
excogitate 3,912023 0,000693
excusable 2,120264 0,000376
excuse 0,139262 0,000049
execute 0,527633 0,000187
execution 0,597837 0,000106
executive 1,171183 0,000207
exemplification 3,218876 0,000570
exemplify 2,207275 0,000391
exempt 0,314711 0,000111
exemption 2,302585 0,000408
exercise 0,235722 0,000167
exert 0,820981 0,000436
exertion 0,693147 0,000123
exhausted 0,400478 0,000071
exhibit 0,579818 0,000411
exhibition 0,994252 0,000176
exhort 1,171183 0,000207
exist 0,072571 0,000039
existence 0,150823 0,000053
existent 2,120264 0,000376
existential 3,912023 0,000693
existing 0,891598 0,000158
expand 0,891598 0,000158
expansion 1,771957 0,000314
expect 0,051293 0,000036
expectation 0,356675 0,000126
expedient 0,941609 0,000167
expend 0,301105 0,000053
expense 0,127833 0,000045
experience 0,072571 0,000026
experiment 0,494296 0,000350
experimental 1,560648 0,000276
explain 0,116534 0,000083
explanation 0,139262 0,000049
explication 2,995732 0,000531
explicative 3,506558 0,000621
explore 0,713350 0,000126
exponent 2,995732 0,001061
export 0,446287 0,000079
expose 0,597837 0,000318
exposed 0,301105 0,000053
exposition 1,660731 0,000588
exposure 1,139434 0,000202
express 0,072571 0,000051
expression 0,116534 0,000041
expressive 0,733969 0,000130
expressly 0,820981 0,000145
extend 0,261365 0,000185
extension 1,347074 0,000239
extensive 0,798508 0,000141
extensively 2,525729 0,000447
extent 0,083382 0,000015
exterior 1,272966 0,000225
external 0,562119 0,000100
externally 1,771957 0,000314
extinct 1,108663 0,000196
extinction 1,660731 0,000294
extirpate 2,302585 0,000408
extract 0,544727 0,000193
extraction 2,040221 0,000361
extraneously 3,912023 0,000693
extraordinary 0,371064 0,000066
extravagance 1,347074 0,000239
extravagant 0,916291 0,000162
extreme 0,186330 0,000066
extremely 0,385662 0,000068
exul 3,912023 0,000693
eye 0,000000 0,000000
facia 3,912023 0,000693
facilitate 1,560648 0,000276
facility 0,342490 0,000061
factitious 2,995732 0,000531
facto 2,659260 0,000471
faculty 0,510826 0,000181
fail 0,072571 0,000051
failure 0,415515 0,000074
faint 0,186330 0,000033
fair 0,051293 0,000009
fairness 1,771957 0,000314
faith 0,210721 0,000037
fall 0,000000 0,000000
fallacious 1,966113 0,000348
fallacy 1,966113 0,000696
fallible 2,813411 0,000498
falls 0,328504 0,000058
false 0,210721 0,000037
falsehood 0,693147 0,000123
falsely 1,171183 0,000207
falseness 2,659260 0,000471
falsification 3,218876 0,000570
falsify 2,120264 0,000376
falsity 2,120264 0,000376
fame 0,478036 0,000085
familiar 0,150823 0,000027
family 0,061875 0,000011
famous 0,261365 0,000046
fanaticism 1,966113 0,000348
fanciful 1,272966 0,000225
fancy 0,162519 0,000086
fantastic 0,798508 0,000141
fantasy 1,714798 0,000304
fare 0,597837 0,000106
farth 1,049822 0,000186
fashion 0,105361 0,000019
fashionable 0,916291 0,000162
fast 0,030459 0,000005
fatal 0,342490 0,000061
fatalism 3,218876 0,000570
fate 0,174353 0,000031
father 0,061875 0,000011
fault 0,139262 0,000025
faultiness 3,506558 0,000621
faultless 2,040221 0,000361
faulty 1,427116 0,000253
favour 0,544727 0,000289
favourable 0,776529 0,000138
favoured 1,021651 0,000181
favourite 0,653926 0,000116
fear 0,020203 0,000004
fecundity 2,525729 0,000447
federal 0,527633 0,000093
fee 0,301105 0,000107
feel 0,020203 0,000007
feeling 0,072571 0,000026
fetter 0,994252 0,000176
fiction 0,843970 0,000299
fictitious 1,560648 0,000276
field 0,094311 0,000033
fierce 0,415515 0,000074
fiery 0,713350 0,000126
fight 0,083382 0,000044
figurae 3,912023 0,000693
figurative 2,120264 0,000376
figuratively 1,966113 0,000348
figure 0,051293 0,000018
file 0,223144 0,000079
filings 3,506558 0,000621
filling 2,407946 0,000426
final 0,342490 0,000061
finalis 3,912023 0,000693
finality 2,407946 0,000426
finally 0,150823 0,000027
financial 0,415515 0,000074
finespun 3,218876 0,000570
finger 0,150823 0,000027
finish 0,287682 0,000051
finishing 0,843970 0,000149
finite 2,207275 0,000391
finitude 3,912023 0,000693
firm 0,248461 0,000044
firmly 0,342490 0,000061
firmness 0,994252 0,000176
firstly 1,897120 0,000336
fit 0,030459 0,000016
fitness 0,446287 0,000079
flash 0,261365 0,000046
flat 0,139262 0,000049
flatten 1,560648 0,000553
flatter 0,755023 0,000134
flattering 0,798508 0,000141
flight 0,287682 0,000051
fling 0,462035 0,000082
float 0,328504 0,000058
flow 0,174353 0,000062
fluency 2,207275 0,000391
fluid 1,203973 0,000213
fluidity 3,912023 0,000693
focus 1,560648 0,000276
fog 0,653926 0,000116
follow 0,020203 0,000004
follower 0,713350 0,000253
foot 0,051293 0,000018
footed 1,049822 0,000186
footing 0,820981 0,000145
footpath 1,897120 0,000336
footstep 0,430783 0,000076
forbid 0,248461 0,000176
force 0,030459 0,000022
forcibly 0,820981 0,000145
fore 0,755023 0,000134
forego 1,203973 0,000213
foregone 2,407946 0,000426
foreign 0,301105 0,000053
foresee 0,494296 0,000088
forestall 1,771957 0,000314
forethought 2,120264 0,000376
forget 0,010050 0,000004
forlorn 1,078810 0,000191
form 0,020203 0,000014
formal 0,673345 0,000119
formaliter 3,912023 0,000693
format 0,562119 0,000199
formation 1,139434 0,000202
formative 2,995732 0,000531
formidable 0,673345 0,000119
formula 1,469676 0,000781
forsake 0,755023 0,000134
forthcoming 2,120264 0,000376
fortify 0,994252 0,000176
fortuitous 2,995732 0,000531
fortunate 0,415515 0,000074
fortunately 0,579818 0,000103
fortune 0,162519 0,000029
foster 0,891598 0,000158
foundation 0,127833 0,000045
fountain 0,653926 0,000116
fourfold 2,659260 0,000471
fourth 0,174353 0,000031
fourthly 1,832581 0,000325
fragmentary 1,966113 0,000348
frame 0,174353 0,000093
frankly 0,798508 0,000141
fraternal 2,040221 0,000361
freedom 0,223144 0,000040
freely 0,105361 0,000019
freeze 0,941609 0,000167
frequent 0,287682 0,000051
frequently 0,287682 0,000051
fresh 0,105361 0,000019
friend 0,000000 0,000000
frivolity 1,660731 0,000294
fruitful 1,171183 0,000207
fruitfulness 2,995732 0,000531
fruitless 1,049822 0,000186
frustrate 1,897120 0,000336
frustrated 2,040221 0,000361
fulfil 0,385662 0,000205
function 0,820981 0,000291
fund 0,967584 0,000171
fundamental 1,203973 0,000213
furnish 0,527633 0,000187
furnished 0,328504 0,000058
furnishing 1,427116 0,000253
futility 1,966113 0,000348
future 0,105361 0,000019
gain 0,040822 0,000029
gainer 2,407946 0,000426
galilei 3,912023 0,000693
game 0,210721 0,000037
genealogical 2,525729 0,000447
genealogy 1,714798 0,000304
genera 2,525729 0,000447
generality 1,660731 0,000294
generalness 3,912023 0,000693
generate 1,386294 0,000737
generating 2,995732 0,000531
generation 0,127833 0,000045
generic 2,659260 0,000471
generis 3,506558 0,000621
genesis 1,427116 0,000253
genius 0,400478 0,000071
genuine 0,597837 0,000106
genuineness 2,302585 0,000408
genus 2,207275 0,000391
geographer 2,525729 0,000447
geometrical 1,660731 0,000294
geometrician 2,659260 0,000942
geometry 1,771957 0,000314
germ 1,386294 0,000491
german 0,478036 0,000169
germany 1,049822 0,000186
gift 0,210721 0,000075
gladly 0,544727 0,000096
glance 0,186330 0,000033
glass 0,174353 0,000031
glimmer 0,967584 0,000171
glimpse 0,462035 0,000082
glorious 0,462035 0,000082
goal 0,274437 0,000097
goat 1,021651 0,000181
god 0,083382 0,000015
gold 0,083382 0,000015
goodness 0,328504 0,000058
govern 0,186330 0,000066
government 0,462035 0,000164
governor 0,733969 0,000130
grace 0,235722 0,000042
gradation 1,609438 0,000570
gradual 1,049822 0,000186
gradually 0,328504 0,000058
graduate 1,771957 0,000314
graduation 2,813411 0,000498
grand 0,342490 0,000061
grandeur 0,994252 0,000176
grant 0,061875 0,000044
grasp 0,274437 0,000049
gratefully 0,415515 0,000074
gratify 0,733969 0,000130
gratuitous 2,302585 0,000408
gravitation 2,302585 0,000408
gravity 0,693147 0,000123
greatly 0,210721 0,000037
greatness 0,693147 0,000123
greek 0,494296 0,000175
grope 0,733969 0,000130
gross 0,235722 0,000042
grossly 1,386294 0,000246
ground 0,030459 0,000016
groundless 1,771957 0,000314
grounds 0,446287 0,000079
groundwork 2,120264 0,000376
grow 0,010050 0,000005
growth 0,430783 0,000076
guarantee 1,203973 0,000853
guard 0,083382 0,000059
guardianship 1,832581 0,000325
guess 0,223144 0,000079
guest 0,235722 0,000042
guidance 0,776529 0,000138
guide 0,083382 0,000059
guilty 0,356675 0,000063
habit 0,162519 0,000058
habitation 1,021651 0,000181
habitually 1,469676 0,000260
hair 0,072571 0,000013
halve 2,995732 0,000531
hand 0,010050 0,000004
handle 0,223144 0,000040
haphazard 2,407946 0,000426
happen 0,030459 0,000016
happily 0,478036 0,000085
happiness 0,150823 0,000027
happy 0,061875 0,000011
hard 0,040822 0,000007
harden 1,021651 0,000181
hardness 1,203973 0,000213
harm 0,210721 0,000037
harmless 0,248461 0,000044
harmonious 1,171183 0,000207
harmoniously 1,897120 0,000336
harmonize 2,040221 0,000723
harmony 0,579818 0,000103
harsh 0,462035 0,000082
hart 0,462035 0,000082
haste 0,371064 0,000066
hasten 0,371064 0,000066
hasty 0,510826 0,000090
hate 0,150823 0,000027
hateful 0,891598 0,000158
hazard 0,776529 0,000138
head 0,000000 0,000000
healthy 0,356675 0,000063
heap 0,248461 0,000044
hear 0,010050 0,000005
hearing 0,139262 0,000025
heart 0,010050 0,000002
heat 0,198451 0,000035
heaven 0,174353 0,000031
heavenly 0,843970 0,000149
heavy 0,030459 0,000005
hecuba 2,525729 0,000447
height 0,210721 0,000075
hem 1,171183 0,000207
henceforward 1,660731 0,000294
hereditary 1,108663 0,000196
hero 0,430783 0,000076
herr 2,525729 0,000447
hesitate 0,314711 0,000111
hesitation 0,616186 0,000109
heterogeneity 3,912023 0,000693
heterogeneous 2,525729 0,000447
heuristic 3,506558 0,000621
hew 1,427116 0,000253
hiatus 2,995732 0,000531
hide 0,072571 0,000013
highly 0,261365 0,000046
highway 0,916291 0,000162
hinder 0,579818 0,000205
hindrance 1,049822 0,000186
hint 0,301105 0,000053
historian 0,994252 0,000176
historical 0,843970 0,000149
history 0,186330 0,000033
hitherto 0,385662 0,000068
hold 0,010050 0,000007
holder 0,430783 0,000076
hole 0,261365 0,000046
hollow 0,430783 0,000076
homogeneity 3,506558 0,000621
homogeneous 3,506558 0,000621
honest 0,235722 0,000042
honestly 0,843970 0,000149
honesty 0,733969 0,000130
honour 0,494296 0,000175
hope 0,000000 0,000000
hopeless 0,510826 0,000090
horizon 0,597837 0,000212
horizontal 1,514128 0,000268
hostile 0,776529 0,000138
house 0,020203 0,000004
hover 0,653926 0,000232
human 0,072571 0,000013
humanity 0,494296 0,000088
humble 0,261365 0,000046
humbly 0,867501 0,000154
hume 2,207275 0,000391
humiliating 1,427116 0,000253
humiliation 0,916291 0,000162
hunt 0,371064 0,000066
hurry 0,162519 0,000029
hurtful 1,714798 0,000304
hyperbolic 3,912023 0,000693
hyperphysical 3,912023 0,000693
hypocrisy 1,347074 0,000239
hypostatic 3,912023 0,000693
hypostatization 3,912023 0,000693
hypostatize 3,912023 0,001386
hypostatizing 3,912023 0,000693
hypothesis 1,237874 0,000438
hypothetical 2,525729 0,000447
hypothetically 2,813411 0,000498
iceberg 2,659260 0,000471
idea 0,083382 0,000030
ideal 0,776529 0,000275
idealism 2,302585 0,000408
idealistic 3,218876 0,000570
ideality 2,995732 0,000531
idealize 2,995732 0,000531
identical 0,994252 0,000176
identification 0,527633 0,000093
identify 0,342490 0,000061
identity 1,021651 0,000181
idle 0,261365 0,000046
idolater 2,525729 0,000447
ignorance 0,287682 0,000051
ignorant 0,301105 0,000053
ignore 1,309333 0,000464
iii 0,287682 0,000051
illegitimate 1,966113 0,000348
illimitable 2,525729 0,000447
illimitableness 3,912023 0,000693
illuminate 0,941609 0,000167
illuminations 2,995732 0,000531
illusion 0,994252 0,000352
illusory 2,659260 0,000471
illustrate 0,616186 0,000327
illustration 0,867501 0,000307
illustrative 2,407946 0,000426
image 0,301105 0,000107
imaginary 0,755023 0,000134
imagination 0,223144 0,000040
imagine 0,083382 0,000015
imitate 0,579818 0,000308
imitation 0,673345 0,000119
imitative 2,525729 0,000447
immanence 3,912023 0,000693
immanent 3,506558 0,000621
immanuel 3,506558 0,000621
immaterial 1,966113 0,000348
immateriality 3,506558 0,000621
immeasurable 1,560648 0,000276
immeasurably 1,514128 0,000268
immense 0,314711 0,000056
immensity 2,040221 0,000361
imminently 3,506558 0,000621
immoral 1,660731 0,000294
immortal 0,755023 0,000134
immortality 1,171183 0,000207
immovable 1,203973 0,000213
immutable 1,714798 0,000304
impaired 1,609438 0,000285
impart 0,693147 0,000368
impartial 1,237874 0,000219
impartiality 1,966113 0,000348
impassable 1,560648 0,000276
impatient 0,371064 0,000066
impede 1,309333 0,000232
impediment 1,560648 0,000553
impel 0,916291 0,000487
impenetrability 3,218876 0,000570
impenetrable 1,049822 0,000186
imperative 1,237874 0,000438
imperatively 2,659260 0,000471
imperfect 0,673345 0,000119
imperfection 1,272966 0,000225
imperfectly 1,386294 0,000246
imperilled 2,302585 0,000408
impetus 1,966113 0,000348
implant 1,714798 0,000304
imply 0,235722 0,000125
import 0,843970 0,000149
impose 0,162519 0,000086
imposing 0,843970 0,000149
impossibility 0,891598 0,000158
impossible 0,094311 0,000017
impotent 1,272966 0,000225
impracticability 3,218876 0,000570
impracticable 1,237874 0,000219
impregnation 3,506558 0,000621
impression 0,210721 0,000075
improperly 2,120264 0,000376
improve 0,385662 0,000068
improvement 0,616186 0,000218
improvidently 3,912023 0,000693
improvise 1,897120 0,000336
impugn 2,659260 0,000471
impulse 0,400478 0,000142
impure 1,469676 0,000260
imputable 3,218876 0,000570
imputation 1,660731 0,000294
impute 1,771957 0,000314
imputed 1,609438 0,000285
inability 1,386294 0,000246
inaccurate 0,510826 0,000090
inaction 1,966113 0,000348
inactive 1,897120 0,000336
inadequacy 2,659260 0,000471
inadequate 1,237874 0,000219
inadmissible 2,995732 0,000531
inadvertently 2,120264 0,000376
inane 2,659260 0,000471
inanimate 1,237874 0,000219
inapplicable 2,995732 0,000531
inappropriate 2,120264 0,000376
incapable 0,562119 0,000100
incapacitate 2,407946 0,000853
incapacity 1,714798 0,000304
incautious 2,813411 0,000498
incessantly 0,916291 0,000162
inch 0,430783 0,000076
incidental 0,446287 0,000079
incite 1,427116 0,000506
incitement 2,120264 0,000376
inclination 0,544727 0,000193
inclined 0,186330 0,000033
include 0,072571 0,000051
incogitable 3,912023 0,000693
incognizable 3,912023 0,000693
incompatible 1,771957 0,000314
incompetent 2,040221 0,000361
incomplete 0,301105 0,000053
incompletely 3,912023 0,000693
incompleteness 3,218876 0,000570
incomprehensibility 3,218876 0,000570
incomprehensible 1,108663 0,000196
inconceivable 1,078810 0,000191
incongruity 2,040221 0,000361
inconsequently 3,912023 0,000693
inconsiderable 1,560648 0,000276
inconsiderateness 3,506558 0,000621
inconsistency 1,171183 0,000207
inconsistent 1,272966 0,000225
incontestably 2,813411 0,000498
incontrovertible 2,995732 0,000531
incontrovertibly 3,912023 0,000693
inconvenience 1,078810 0,000191
incorporate 1,560648 0,000276
incorporeal 2,659260 0,000471
incorrect 1,832581 0,000325
incorrectly 2,813411 0,000498
incorruptibility 3,218876 0,000570
increase 0,061875 0,000044
increment 3,218876 0,000570
inculcate 1,897120 0,000336
incumbent 1,714798 0,000304
indebted 0,994252 0,000176
indefinite 1,309333 0,000232
indefinitely 1,469676 0,000260
indemnify 0,446287 0,000079
indemnity 0,527633 0,000093
indemonstrable 3,912023 0,000693
independence 0,843970 0,000149
independent 0,510826 0,000090
independently 1,427116 0,000253
indescribably 1,771957 0,000314
indestructible 2,207275 0,000391
indeterminable 3,506558 0,000621
indeterminate 2,813411 0,000498
indeterminateness 3,912023 0,000693
indication 0,798508 0,000283
indicative 2,120264 0,000376
indifference 0,527633 0,000093
indifferent 0,400478 0,000071
indifferentism 3,912023 0,000693
indirect 0,446287 0,000079
indirectly 0,371064 0,000066
indiscernible 3,218876 0,000570
indispensable 0,843970 0,000149
indispensably 2,302585 0,000408
indisputable 1,966113 0,000348
indisputably 3,218876 0,000570
indissoluble 2,407946 0,000426
indissolubly 2,659260 0,000471
indistinct 1,139434 0,000202
individual 0,139262 0,000049
individuality 1,609438 0,000285
individually 1,609438 0,000285
individuum 3,912023 0,000693
indivisible 2,407946 0,000426
indolence 1,309333 0,000232
indubitable 2,659260 0,000471
indubitably 2,659260 0,000471
induce 0,328504 0,000175
inducement 1,237874 0,000219
induction 2,525729 0,000447
indulge 0,527633 0,000093
indulgence 0,755023 0,000134
inefficient 2,525729 0,000447
inequality 1,386294 0,000246
inertiae 3,912023 0,000693
inestimable 1,897120 0,000336
inevitable 0,544727 0,000096
inevitably 0,843970 0,000149
inexhaustible 1,237874 0,000219
inexperienced 1,203973 0,000213
inextinguishable 2,302585 0,000408
inextricable 2,525729 0,000447
infallible 1,108663 0,000196
infallibly 1,427116 0,000253
infancy 0,916291 0,000162
infer 0,891598 0,000474
inference 1,386294 0,000491
inferring 2,995732 0,000531
infinite 0,430783 0,000076
infinitely 0,673345 0,000119
infinitude 2,659260 0,000471
infinitum 2,659260 0,000471
infinity 1,832581 0,000325
infit 3,912023 0,000693
inflammable 2,813411 0,000498
influence 0,198451 0,000141
inform 0,198451 0,000070
infringement 0,544727 0,000096
ingenious 0,693147 0,000123
inhabit 0,597837 0,000106
inhabitants 0,446287 0,000079
inhere 3,912023 0,001386
inherence 3,912023 0,000693
inherent 1,560648 0,000276
inimical 2,813411 0,000498
initial 0,994252 0,000176
initiation 2,120264 0,000376
injure 0,356675 0,000190
injurious 1,427116 0,000253
injury 0,301105 0,000053
injustice 0,653926 0,000116
innate 1,427116 0,000253
innermost 1,771957 0,000314
innocent 0,186330 0,000033
innumerable 0,634878 0,000112
inorganic 2,813411 0,000498
inquire 0,235722 0,000125
inquirer 1,966113 0,000696
inquiry 0,446287 0,000158
insatiable 1,427116 0,000253
inscrutable 1,514128 0,000268
insecure 2,207275 0,000391
insecurity 2,995732 0,000531
insensate 2,407946 0,000426
inseparable 1,203973 0,000213
inseparably 1,966113 0,000348
insert 1,021651 0,000181
insight 1,171183 0,000207
insignia 2,813411 0,000498
insignificant 0,891598 0,000158
insist 0,223144 0,000119
insoluble 2,407946 0,000426
insomuch 1,966113 0,000348
instance 0,116534 0,000041
instant 0,210721 0,000037
instantaneous 1,427116 0,000253
instil 2,040221 0,000361
instinct 0,356675 0,000063
institute 1,203973 0,000426
institution 0,713350 0,000253
instruct 0,494296 0,000263
instruction 0,328504 0,000058
instructor 1,347074 0,000239
instructress 2,995732 0,000531
instrument 0,248461 0,000088
instrumentality 2,659260 0,000471
insufficiency 2,407946 0,000426
insufficient 1,386294 0,000246
insuperable 1,897120 0,000336
insure 1,237874 0,000219
insurmountable 1,714798 0,000304
intact 1,609438 0,000285
intellect 0,634878 0,000112
intellectual 0,235722 0,000042
intellectualize 3,912023 0,000693
intelligence 0,301105 0,000053
intelligences 2,525729 0,000447
intelligent 0,342490 0,000061
intelligently 2,207275 0,000391
intelligibility 3,912023 0,000693
intelligible 1,021651 0,000181
intemperance 1,966113 0,000348
intend 0,094311 0,000033
intensive 3,506558 0,000621
intention 0,127833 0,000045
intentional 1,897120 0,000336
inter 1,469676 0,000260
interchange 1,427116 0,000506
interfere 0,415515 0,000147
interference 1,108663 0,000196
interior 0,673345 0,000119
intermediate 1,660731 0,000294
internal 0,261365 0,000046
internally 1,897120 0,000336
international 0,494296 0,000088
interne 3,912023 0,000693
interpret 0,235722 0,000042
interpretation 0,994252 0,000176
interrogate 1,660731 0,000294
interrogation 1,897120 0,000336
interrupted 0,301105 0,000053
intervention 1,514128 0,000268
interwoven 1,897120 0,000336
intestine 2,207275 0,000391
intimidation 2,813411 0,000498
intolerable 0,673345 0,000119
intrinsic 2,407946 0,000426
intrinsically 2,525729 0,000447
introd 2,995732 0,000531
introduce 0,261365 0,000185
introduction 0,385662 0,000068
introductory 1,771957 0,000314
introspection 3,218876 0,000570
intrude 1,108663 0,000196
intrusive 2,407946 0,000426
intuit 3,912023 0,001386
intuition 1,560648 0,000553
intuitional 3,912023 0,000693
intuitive 2,407946 0,000426
intuitively 2,659260 0,000471
invalid 1,078810 0,000191
invalidate 2,813411 0,000498
invalidity 0,527633 0,000093
invariably 0,798508 0,000141
invent 0,400478 0,000142
inventor 1,386294 0,000246
inventory 2,040221 0,000361
inverse 2,407946 0,000426
investigate 0,820981 0,000436
investigation 0,713350 0,000253
invincible 1,427116 0,000253
inviolable 2,040221 0,000361
invisible 0,562119 0,000100
invite 0,261365 0,000093
involve 0,820981 0,000436
involved 0,579818 0,000103
inwardly 0,798508 0,000141
ipso 2,995732 0,000531
irrational 1,469676 0,000260
irreconcilable 2,302585 0,000408
irrefutable 2,813411 0,000498
irremediable 2,525729 0,000447
irreparable 1,832581 0,000325
irresistible 0,653926 0,000116
irresistibly 1,203973 0,000213
irrespective 2,407946 0,000426
irs 0,562119 0,000100
island 0,400478 0,000071
ism 3,218876 0,000570
isolate 2,407946 0,000426
isolated 0,994252 0,000176
isosceles 3,218876 0,000570
issue 0,198451 0,000035
iv 0,328504 0,000058
ix 0,494296 0,000088
jealous 0,446287 0,000079
judge 0,061875 0,000033
judgement 2,120264 0,000376
judgements 2,995732 0,000531
judging 0,713350 0,000126
judicial 1,309333 0,000232
judicium 3,506558 0,000621
juggling 2,659260 0,000471
july 0,616186 0,000109
jumping 0,798508 0,000141
junction 1,514128 0,000268
juridical 3,506558 0,000621
juris 3,218876 0,000570
jurisdiction 1,560648 0,000276
jurisprudence 2,525729 0,000447
jurists 3,912023 0,000693
jury 1,108663 0,000196
justice 0,162519 0,000029
justification 1,139434 0,000202
justified 0,693147 0,000123
justify 0,562119 0,000199
justly 0,653926 0,000116
kai 3,218876 0,000570
kant 2,407946 0,000426
kantian 3,218876 0,000570
kat 3,912023 0,000693
key 0,342490 0,000061
kingdom 0,462035 0,000164
knot 0,510826 0,000090
knowledge 0,061875 0,000011
laborious 1,171183 0,000207
labour 0,562119 0,000199
labourer 1,309333 0,000232
ladder 0,616186 0,000109
lake 0,162519 0,000029
lambert 2,525729 0,000447
lame 0,798508 0,000141
lamentable 1,469676 0,000260
land 0,051293 0,000009
language 0,072571 0,000013
languages 0,967584 0,000171
lapse 0,733969 0,000130
lapsus 3,218876 0,000570
lasting 1,771957 0,000314
lastly 0,867501 0,000154
late 0,094311 0,000017
latent 1,469676 0,000260
latin 0,653926 0,000116
laugh 0,094311 0,000017
law 0,020203 0,000007
lawgiver 1,771957 0,000314
lawless 1,660731 0,000294
lawlessness 2,525729 0,000447
lawsuit 1,832581 0,000325
lay 0,030459 0,000022
lead 0,020203 0,000011
leaden 1,237874 0,000219
leading 0,139262 0,000025
leap 0,287682 0,000102
learn 0,020203 0,000011
learner 2,659260 0,000471
leave -0,009950 -0,000005
left 0,000000 0,000000
legacy 1,560648 0,000276
legal 0,261365 0,000046
legally 0,342490 0,000061
legis 3,912023 0,000693
legislating 2,995732 0,000531
legislation 1,966113 0,000348
legislative 1,771957 0,000314
legislator 1,714798 0,000304
legitimacy 2,995732 0,000531
legitimate 1,139434 0,000202
legitimately 2,407946 0,000426
leibnitzian 3,912023 0,000693
lend 0,430783 0,000076
lessen 0,713350 0,000126
lesson 0,287682 0,000051
level 0,210721 0,000037
levity 1,609438 0,000285
lex 2,995732 0,000531
liability 0,462035 0,000082
liable 0,235722 0,000042
liberate 1,469676 0,000260
liberty 0,198451 0,000035
liberum 3,506558 0,000621
libitum 3,506558 0,000621
library 0,223144 0,000040
licence 1,560648 0,000276
license 0,301105 0,000053
licensed 0,430783 0,000076
lie 0,020203 0,000011
lieu 0,415515 0,000074
life -0,009950 -0,000004
lift 0,116534 0,000021
light 0,000000 0,000000
limb 0,248461 0,000044
lime 1,309333 0,000232
limit 0,287682 0,000153
limitation 0,371064 0,000131
limitative 3,912023 0,000693
limited 0,261365 0,000046
linear 2,659260 0,000471
link 0,174353 0,000093
liquet 3,912023 0,000693
liquid 0,843970 0,000149
list 0,301105 0,000053
listen 0,105361 0,000037
listener 0,843970 0,000149
literary 0,287682 0,000051
live 0,010050 0,000002
living 0,020203 0,000004
locale 3,912023 0,000693
locate 0,371064 0,000066
location 0,494296 0,000088
logic 1,049822 0,000186
logical 1,021651 0,000181
logically 2,207275 0,000391
logician 2,659260 0,000942
loose 0,094311 0,000017
loosely 1,347074 0,000239
loquacious 2,120264 0,000376
lose 0,000000 0,000000
loss 0,083382 0,000015
lot 0,051293 0,000009
loth 2,040221 0,000361
loud 0,105361 0,000019
lucid 1,386294 0,000246
lurk 0,616186 0,000327
machine 0,210721 0,000075
madness 0,597837 0,000106
magical 1,660731 0,000294
magnet 2,040221 0,000361
magnetic 1,832581 0,000325
magnificent 0,328504 0,000058
magnify 0,994252 0,000176
magnitude 1,078810 0,000191
main 0,127833 0,000023
maintain 0,094311 0,000067
maintainer 2,995732 0,000531
maintenance 1,171183 0,000207
majestic 1,108663 0,000196
majesty 0,510826 0,000090
major 1,108663 0,000196
majority 0,597837 0,000106
malevolent 1,966113 0,000348
malleability 3,506558 0,000621
manager 0,597837 0,000106
manhood 0,776529 0,000138
manifest 0,478036 0,000169
manifestation 1,139434 0,000404
manifestly 1,469676 0,000260
manifold 1,386294 0,000246
manifoldness 3,506558 0,000621
mankind 0,478036 0,000085
manner 0,040822 0,000007
manners 0,274437 0,000049
manual 1,469676 0,000260
mar 1,108663 0,000196
march 0,223144 0,000040
mariner 1,078810 0,000191
mark 0,105361 0,000037
marked 0,061875 0,000011
mass 0,210721 0,000075
master 0,072571 0,000026
masters 0,446287 0,000079
material 0,261365 0,000093
materialism 2,659260 0,000471
materialist 2,659260 0,000471
materially 1,771957 0,000314
mathematic 3,912023 0,000693
mathematical 1,237874 0,000219
mathematically 2,525729 0,000447
mathematician 1,714798 0,000607
mathematics 1,272966 0,000225
matron 1,347074 0,000239
matter 0,000000 0,000000
mature 0,941609 0,000167
maturity 1,427116 0,000253
maxim 1,078810 0,000382
maximum 0,478036 0,000169
maze 1,272966 0,000225
meaning 0,186330 0,000066
meaningless 1,966113 0,000348
measure 0,127833 0,000068
measurement 1,714798 0,000304
mechanic 1,347074 0,000239
mechanical 0,843970 0,000149
mechanically 1,078810 0,000191
mechanism 1,771957 0,000314
mecum 2,813411 0,000498
mediate 2,813411 0,001495
mediately 2,995732 0,000531
mediation 1,966113 0,000348
medical 1,021651 0,000181
meditate 0,733969 0,000260
meditation 0,776529 0,000138
medium 0,223144 0,000040
meet 0,010050 0,000005
melancholy 0,342490 0,000061
melior 3,912023 0,000693
melt 0,385662 0,000068
memory 0,162519 0,000029
menace 1,021651 0,000181
mendelssohn 3,218876 0,000570
mental 0,430783 0,000076
mention 0,105361 0,000037
merchant 0,494296 0,000088
merchantability 0,994252 0,000176
mercury 1,203973 0,000213
mere 0,094311 0,000017
merge 1,469676 0,000260
merit 0,371064 0,000131
metabasis 3,912023 0,000693
metal 0,527633 0,000187
metamorphose 2,207275 0,000391
metamorphoses 2,525729 0,000447
metaphysic 3,218876 0,000570
metaphysical 1,714798 0,000304
metaphysician 2,302585 0,000816
metaphysics 1,514128 0,000268
method 0,094311 0,000033
methodical 1,966113 0,000348
methodology 3,506558 0,000621
michael 0,400478 0,000071
microscopical 3,912023 0,000693
middle 0,030459 0,000005
midst 0,287682 0,000051
midway 1,514128 0,000268
mighty 0,328504 0,000058
militate 2,813411 0,000498
milk 0,400478 0,000071
mind 0,020203 0,000007
minded 0,400478 0,000071
mineral 1,609438 0,000285
mingle 0,356675 0,000126
minor 0,713350 0,000126
minority 1,386294 0,000246
miracle 0,597837 0,000106
mirror 0,579818 0,000103
misapplication 3,912023 0,000693
misapply 2,659260 0,000471
misapprehension 2,207275 0,000782
miscarriage 2,407946 0,000426
mischievous 1,078810 0,000191
misconceive 3,506558 0,000621
misconception 2,407946 0,000853
misemployment 3,912023 0,000693
miserable 0,210721 0,000037
miserably 1,108663 0,000196
misfortune 0,400478 0,000071
misinterpretation 3,218876 0,000570
mislead 0,994252 0,000528
misleading 2,207275 0,000391
misology 3,912023 0,000693
misrepresentation 2,207275 0,000391
mission 0,210721 0,000037
mississippi 0,415515 0,000074
mistake 0,186330 0,000099
mistaken 0,261365 0,000046
mistakenly 2,813411 0,000498
mistress 0,478036 0,000085
mistrust 1,171183 0,000207
mistrustful 2,407946 0,000426
misunderstand 1,237874 0,000219
misunderstanding 1,469676 0,000260
misuse 1,714798 0,000607
mix 0,274437 0,000049
mixture 0,597837 0,000106
mob 1,139434 0,000202
mock 0,478036 0,000339
modality 3,912023 0,000693
mode 0,579818 0,000205
model 0,510826 0,000181
moderate 0,579818 0,000103
moderation 1,108663 0,000196
modern 0,301105 0,000107
modest 0,371064 0,000066
modesty 0,733969 0,000130
modi 3,912023 0,000693
modification 0,478036 0,000169
modify 0,356675 0,000126
modo 2,995732 0,000531
modus 3,218876 0,000570
moment 0,010050 0,000004
momenta 3,912023 0,000693
momentary 0,693147 0,000123
momentum 2,525729 0,000447
mona 3,218876 0,000570
monad 3,218876 0,000570
monadology 3,912023 0,000693
money 0,051293 0,000009
monogram 2,407946 0,000426
monopoly 2,040221 0,000361
monotheism 3,912023 0,000693
month 0,040822 0,000007
moon 0,261365 0,000046
moral 0,301105 0,000107
moralist 1,660731 0,000588
morality 0,867501 0,000154
moralize 2,525729 0,000447
morally 1,171183 0,000207
morrow 0,328504 0,000058
mortal 0,314711 0,000056
mother 0,072571 0,000013
motion 0,223144 0,000079
motive 0,356675 0,000126
motto 1,347074 0,000239
mount 0,210721 0,000037
mountain 0,400478 0,000071
mountains 0,400478 0,000071
mourn 0,994252 0,000176
movable 1,514128 0,000268
movement 0,287682 0,000051
mover 2,302585 0,000408
multiplicity 1,714798 0,000304
multitude 0,385662 0,000068
music 0,198451 0,000035
musician 1,171183 0,000207
mutable 2,659260 0,000471
mutation 2,995732 0,000531
mutual 0,510826 0,000090
mutually 1,386294 0,000246
mysterious 0,314711 0,000056
mystery 0,235722 0,000042
mystical 1,469676 0,000260
mysticism 2,525729 0,000447
naked 0,274437 0,000049
narrow 0,094311 0,000017
narrowly 1,272966 0,000225
narrowness 1,560648 0,000276
nation 0,579818 0,000103
national 0,755023 0,000134
nations 0,673345 0,000119
native 0,314711 0,000056
natura 2,813411 0,000498
natural 0,094311 0,000017
naturalist 1,832581 0,000649
naturalistic 3,506558 0,000621
naturally 0,210721 0,000037
nature 0,094311 0,000033
naught 1,347074 0,000239
necessitate 1,714798 0,001215
necessity 0,210721 0,000075
needful 1,108663 0,000196
needless 1,049822 0,000186
negation 2,207275 0,000782
negative 0,916291 0,000487
negatively 2,525729 0,000447
neglect 0,274437 0,000049
negligence 0,415515 0,000074
nervus 3,912023 0,000693
nest 0,579818 0,000103
network 0,415515 0,000074
neutrality 2,407946 0,000426
newsletter 0,562119 0,000100
newtonian 3,912023 0,000693
nexus 3,912023 0,000693
nigh 0,843970 0,000149
night 0,010050 0,000002
nihil 2,813411 0,000498
nihilum 3,912023 0,000693
nil 2,120264 0,000376
noble 0,198451 0,000035
nomadic 2,813411 0,000498
nonentity 2,659260 0,000942
nonproprietary 0,562119 0,000100
nonsense 0,478036 0,000085
north 0,083382 0,000015
notation 3,218876 0,000570
note 0,094311 0,000017
nothingness 1,832581 0,000325
notice 0,020203 0,000004
notify 0,371064 0,000066
notion 0,314711 0,000111
notional 3,912023 0,000693
nought 1,609438 0,000570
noumena 3,912023 0,000693
noumenon 3,912023 0,000693
nourish 0,916291 0,000162
novelty 0,798508 0,000141
novo 3,218876 0,000570
nowadays 1,139434 0,000202
nugatory 3,506558 0,000621
nullify 3,218876 0,001140
nullity 3,506558 0,000621
nullo 3,912023 0,000693
numeration 3,506558 0,000621
numerical 2,302585 0,000408
numerically 3,218876 0,000570
numero 3,506558 0,000621
numerous 0,235722 0,000042
nunc 2,659260 0,000471
obedience 0,494296 0,000088
obedient 0,544727 0,000096
obey 0,223144 0,000079
object 0,105361 0,000056
objection 0,400478 0,000142
objective 1,660731 0,000294
objectively 3,506558 0,000621
objectivize 3,912023 0,000693
objector 3,218876 0,000570
obligation 0,597837 0,000106
obligatory 2,659260 0,000471
oblige 0,210721 0,000075
obliterate 1,469676 0,000260
oblivion 1,272966 0,000225
obnoxious 1,514128 0,000268
obscure 0,478036 0,000169
obscurely 1,832581 0,000325
obscurity 0,967584 0,000343
observable 1,771957 0,000314
observance 1,427116 0,000253
observation 0,446287 0,000079
observations 0,867501 0,000154
observe 0,094311 0,000067
observer 0,820981 0,000291
obsolete 0,446287 0,000079
obstacle 0,510826 0,000181
obstinacy 1,108663 0,000196
obstinate 0,713350 0,000126
obstinately 1,272966 0,000225
obtuseness 3,218876 0,000570
obviate 1,897120 0,000336
obvious 0,415515 0,000074
occasion 0,105361 0,000075
occasionally 0,371064 0,000066
occupation 0,371064 0,000066
occupy 0,174353 0,000124
occur 0,083382 0,000044
occurrence 0,693147 0,000123
ocean 0,415515 0,000074
ocular 2,659260 0,000471
offence 0,527633 0,000093
offender 1,386294 0,000246
offer 0,020203 0,000011
office 0,072571 0,000013
official 0,223144 0,000040
offspring 0,994252 0,000176
omission 1,347074 0,000239
omit 0,843970 0,000149
omni 2,813411 0,000498
omnipotence 2,302585 0,000408
omnipotent 1,660731 0,000294
omnipresence 2,659260 0,000471
omnipresent 2,659260 0,000471
omniscient 2,407946 0,000426
oneself 1,386294 0,000246
online 0,510826 0,000090
onset 1,469676 0,000260
ontological 3,912023 0,000693
ontology 3,506558 0,000621
onwards 2,120264 0,000376
openly 0,494296 0,000088
operate 0,916291 0,000487
operation 0,478036 0,000169
operative 2,659260 0,000471
opinion 0,105361 0,000037
opponent 1,108663 0,000393
opportunity 0,061875 0,000022
oppose 0,579818 0,000205
opposed 0,653926 0,000116
opposition 0,494296 0,000088
optical 2,407946 0,000426
oration 1,560648 0,000276
orbit 1,714798 0,000304
ordain 0,891598 0,000316
ordinary 0,186330 0,000033
organ 0,634878 0,000225
organic 1,832581 0,000325
organism 1,832581 0,000325
organization 1,469676 0,000260
organized 0,356675 0,000063
organon 3,506558 0,000621
organum 3,912023 0,000693
origin 0,527633 0,000093
original 0,105361 0,000019
originally 0,673345 0,000119
originate 1,139434 0,000807
origination 3,218876 0,000570
originator 0,478036 0,000085
ostensive 3,912023 0,000693
otherwhere 3,218876 0,000570
outbreak 1,427116 0,000253
outdated 0,562119 0,000100
outline 0,579818 0,000205
outlook 1,714798 0,000304
outset 1,237874 0,000219
outward 0,579818 0,000103
overbalance 2,302585 0,000408
overborne 2,525729 0,000447
overcome 0,198451 0,000070
overflow 0,616186 0,000109
overgrown 1,660731 0,000294
overlook 0,527633 0,000280
overstep 2,525729 0,000895
overtake 0,400478 0,000142
overthrow 0,967584 0,000343
overturn 0,994252 0,000352
ovid 2,407946 0,000426
owe 0,105361 0,000037
owner 0,083382 0,000015
pain 0,051293 0,000009
painter 0,755023 0,000134
pair 0,210721 0,000037
palingenesis 3,912023 0,000693
palpable 1,469676 0,000260
paper 0,083382 0,000015
paperwork 0,562119 0,000100
parabola 3,506558 0,000621
parade 0,994252 0,000352
paradox 1,514128 0,000268
paradoxical 2,207275 0,000391
paragraph 0,328504 0,000116
parallel 0,843970 0,000149
parallelism 3,506558 0,000621
paralogism 3,912023 0,000693
parent 0,261365 0,000093
parsimony 2,120264 0,000376
parte 2,813411 0,000498
partial 0,733969 0,000130
partiality 1,427116 0,000253
partially 0,967584 0,000171
participant 2,407946 0,000426
participation 1,660731 0,000294
particularity 2,995732 0,000531
particularize 3,506558 0,000621
partisan 1,560648 0,000276
partly 0,301105 0,000053
party 0,030459 0,000011
pass 0,020203 0,000011
passage 0,105361 0,000037
passing 0,094311 0,000017
passion 0,174353 0,000062
passive 0,941609 0,000167
path 0,150823 0,000053
pathological 3,218876 0,000570
pathologically 3,506558 0,000621
patient 0,274437 0,000049
pause 0,314711 0,000056
pay 0,030459 0,000022
payment 0,274437 0,000049
peace 0,094311 0,000017
peculiar 0,223144 0,000040
peculiarity 0,755023 0,000267
peculiarly 0,755023 0,000134
pendant 1,897120 0,000336
penetrate 0,415515 0,000221
penetration 1,347074 0,000239
perceive 0,198451 0,000141
perceptible 1,171183 0,000207
perception 0,967584 0,000343
perceptive 3,218876 0,000570
perfect 0,061875 0,000022
perfectibility 2,659260 0,000471
perfection 0,446287 0,000079
perfectly 0,162519 0,000029
perform 0,072571 0,000051
performance 0,127833 0,000023
perfume 0,941609 0,000167
period 0,235722 0,000084
periodic 0,544727 0,000096
perish 0,462035 0,000082
permanence 2,407946 0,000426
permanency 2,407946 0,000426
permanent 0,223144 0,000040
permanently 1,386294 0,000246
permissible 2,302585 0,000408
permission 0,150823 0,000027
permissive 3,506558 0,000621
permit 0,094311 0,000050
pernicious 1,560648 0,000276
perpendicular 1,386294 0,000246
perpetual 0,478036 0,000085
perpetually 1,078810 0,000191
perplexity 0,755023 0,000267
persist 0,478036 0,000169
persistence 1,771957 0,000314
person -0,009950 -0,000005
personal 0,223144 0,000040
personality 0,967584 0,000171
personify 2,040221 0,000361
perspicuity 2,659260 0,000471
persuade 0,223144 0,000119
persuasion 0,891598 0,000158
pertain 1,832581 0,000974
perversion 2,207275 0,000391
pervert 1,897120 0,000336
perverted 1,347074 0,000239
petitio 3,912023 0,000693
petty 0,776529 0,000138
phaedo 2,813411 0,000498
phaenomenon 3,912023 0,000693
phantom 0,967584 0,000343
pharmacopoeia 3,912023 0,000693
phenomenal 2,407946 0,000426
phenomenize 3,912023 0,000693
phenomenon 0,820981 0,000291
philosopher 0,673345 0,000239
philosophic 1,203973 0,000213
philosophical 1,049822 0,000186
philosophize 2,525729 0,001342
philosophy 0,597837 0,000212
phrase 0,139262 0,000025
phthisis 3,218876 0,000570
physical 0,198451 0,000035
physician 0,693147 0,000123
physics 1,897120 0,000336
physiocracy 3,912023 0,000693
physiological 2,525729 0,000447
physiology 1,966113 0,000348
pick 0,223144 0,000079
picture 0,139262 0,000025
piece 0,020203 0,000007
pilgrimage 1,427116 0,000253
pillar 0,597837 0,000106
pious 0,733969 0,000130
pitiful 0,798508 0,000141
plain 0,040822 0,000022
plainly 0,261365 0,000046
plan 0,198451 0,000070
plane 1,171183 0,000207
planet 1,021651 0,000181
plant 0,186330 0,000066
plaster 0,916291 0,000162
plate 0,314711 0,000056
plato 1,237874 0,000219
platonic 2,120264 0,000376
platonism 2,995732 0,000531
plausibility 2,525729 0,000447
plausible 1,078810 0,000191
play 0,040822 0,000022
plea 1,049822 0,000186
plead 0,400478 0,000071
pleasant 0,162519 0,000029
pleasure 0,051293 0,000009
plurality 2,120264 0,000376
pneumatism 3,912023 0,000693
poison 0,371064 0,000131
pole 0,494296 0,000088
polemic 2,813411 0,000997
police 0,755023 0,000134
political 0,562119 0,000100
polytheism 3,218876 0,000570
pomp 0,994252 0,000176
pompous 1,514128 0,000268
poor 0,020203 0,000004
popular 0,430783 0,000076
popularity 1,427116 0,000253
popularly 1,966113 0,000348
portion 0,301105 0,000107
pose 1,021651 0,000181
posit 3,506558 0,001863
positing 3,912023 0,000693
position 0,162519 0,000058
positive 0,597837 0,000212
positively 0,776529 0,000138
posse 2,207275 0,000782
possess 0,061875 0,000044
possession 0,083382 0,000030
possessor 0,994252 0,000176
possibility 0,150823 0,000053
post 0,051293 0,000018
posteriori 3,506558 0,000621
posterity 1,139434 0,000202
posthumous 2,659260 0,000471
postpone 1,021651 0,000362
postulate 3,218876 0,001710
postulatum 3,912023 0,000693
potential 2,302585 0,000408
poverty 0,446287 0,000079
power 0,030459 0,000011
powerful 0,223144 0,000040
powerless 1,139434 0,000202
practicability 2,659260 0,000471
practicable 1,309333 0,000232
practical 0,494296 0,000088
practically 0,235722 0,000042
practice 0,116534 0,000021
practise 0,510826 0,000090
practitioner 2,040221 0,000361
pragmatical 3,912023 0,000693
praise 0,274437 0,000049
praiseworthy 2,040221 0,000361
prate 1,714798 0,000304
pravity 3,218876 0,000570
precede 0,385662 0,000273
precedence 1,966113 0,000348
precept 1,049822 0,000372
preception 3,912023 0,000693
precise 0,776529 0,000138
precisely 0,510826 0,000090
precision 0,798508 0,000141
preclude 1,771957 0,000314
preconceived 2,302585 0,000408
precondition 3,506558 0,000621
predecessor 1,049822 0,000186
predetermine 2,995732 0,001061
predicable 3,912023 0,000693
predicament 1,469676 0,000260
predicate 2,407946 0,001706
preface 0,713350 0,000126
prefer 0,174353 0,000124
preferable 1,386294 0,000246
preference 0,843970 0,000149
preformation 3,912023 0,000693
prejudice 0,579818 0,000205
prejudicial 2,207275 0,000391
preliminary 0,941609 0,000334
prelude 1,427116 0,000253
premier 2,813411 0,000498
premise 0,891598 0,000316
premiss 3,506558 0,001242
premonition 2,995732 0,000531
preparation 0,328504 0,000116
prepare 0,116534 0,000062
prepared 0,105361 0,000019
preponderance 2,525729 0,000447
preponderate 2,995732 0,000531
prerogative 1,771957 0,000314
prescribe 0,776529 0,000550
prescription 1,469676 0,000260
presence 0,094311 0,000017
presentable 2,207275 0,000391
presentation 1,386294 0,000246
presently 0,385662 0,000068
preservation 1,049822 0,000186
preserve 0,083382 0,000044
press 0,105361 0,000037
presume 0,462035 0,000164
presumption 0,994252 0,000176
presumptuous 1,469676 0,000260
presuppose 2,040221 0,001445
presupposition 3,506558 0,000621
pretence 0,891598 0,000158
pretend 0,186330 0,000099
pretension 1,049822 0,000372
pretext 0,891598 0,000158
pretty 0,150823 0,000027
prevail 0,287682 0,000051
prevalent 1,309333 0,000232
prevent 0,040822 0,000029
prevention 2,040221 0,000361
previous 0,094311 0,000017
pride 0,150823 0,000027
primal 2,407946 0,000426
primary 1,660731 0,000294
prime 0,653926 0,000116
primeval 1,897120 0,000336
primitive 0,916291 0,000162
primitively 3,506558 0,000621
prince 0,462035 0,000082
principal 0,287682 0,000051
principally 1,108663 0,000196
principium 3,912023 0,000693
principle 0,274437 0,000097
print 0,116534 0,000041
prior 1,237874 0,000219
priori 2,659260 0,000471
prius 3,912023 0,000693
private 0,198451 0,000035
privation 1,427116 0,000253
privilege 0,527633 0,000093
prize 0,494296 0,000175
probability 0,733969 0,000130
probable 0,494296 0,000088
probandi 3,912023 0,000693
probity 2,407946 0,000426
problematic 3,218876 0,000570
problematical 2,813411 0,000498
problematically 3,912023 0,000693
procedure 1,832581 0,000325
proceed 0,116534 0,000041
proceeding 0,510826 0,000090
proceeds 0,916291 0,000162
process 0,400478 0,000142
processing 0,562119 0,000100
procession 0,693147 0,000123
procure 0,415515 0,000074
produce 0,061875 0,000044
product 1,108663 0,000393
production 0,274437 0,000097
productive 1,469676 0,000260
profess 0,616186 0,000437
profession 0,446287 0,000158
professor 0,261365 0,000046
profit 0,083382 0,000015
profitable 0,891598 0,000158
profound 0,446287 0,000079
profoundly 0,994252 0,000176
profundity 2,525729 0,000447
programme 1,560648 0,000276
progress 0,162519 0,000086
progression 1,966113 0,000348
progressive 1,771957 0,000314
progressively 2,407946 0,000426
prohibit 1,347074 0,000239
prohibition 0,415515 0,000074
prohibitive 3,506558 0,000621
project -0,009950 -0,000004
prolixity 2,995732 0,000531
prolong 1,237874 0,000219
prolongation 2,813411 0,000498
prolonged 0,597837 0,000106
prominently 0,494296 0,000088
promise 0,051293 0,000018
promising 0,430783 0,000076
promote 0,274437 0,000097
promoted 1,237874 0,000219
promotion 0,342490 0,000061
promotive 3,912023 0,000693
prompt 0,478036 0,000085
pronounce 0,798508 0,000283
proof 0,274437 0,000097
proofread 0,562119 0,000100
propensity 1,347074 0,000239
proper 0,061875 0,000011
properly 0,385662 0,000068
property 0,127833 0,000045
proportion 0,235722 0,000125
proportionate 1,771957 0,000314
propose 0,186330 0,000132
proposition 0,820981 0,000291
propound 1,771957 0,000628
proprietary 0,562119 0,000100
propriety 0,843970 0,000149
prospect 0,430783 0,000076
prospects 1,203973 0,000213
prosyllogism 3,912023 0,000693
protect 0,139262 0,000049
protensive 3,912023 0,000693
protest 0,342490 0,000061
prototype 2,525729 0,000447
protuberance 2,813411 0,000498
prove 0,083382 0,000059
proverbial 1,771957 0,000314
provide 0,127833 0,000045
providence 0,693147 0,000123
providential 2,040221 0,000361
province 0,776529 0,000138
provision 0,094311 0,000033
provisionary 3,912023 0,000693
proximity 1,609438 0,000285
prudence 0,713350 0,000126
prudent 0,616186 0,000109
prudential 2,407946 0,000426
psychological 1,660731 0,000294
psychologist 2,302585 0,000408
psychology 1,897120 0,000336
public 0,083382 0,000015
publish 0,478036 0,000169
punish 0,314711 0,000056
punishment 0,287682 0,000051
punitive 0,562119 0,000100
pupil 0,579818 0,000103
pupilage 3,506558 0,000621
pure 0,139262 0,000025
purely 0,713350 0,000126
purify 0,916291 0,000325
purity 0,776529 0,000138
purpose 0,040822 0,000014
purposed 1,832581 0,000325
purposeless 2,120264 0,000376
purposely 1,171183 0,000207
pursue 0,186330 0,000132
pursuit 0,287682 0,000102
push 0,139262 0,000049
qua 2,659260 0,000471
quaestio 3,912023 0,000693
qualitative 3,218876 0,000570
quality 0,186330 0,000066
quam 2,995732 0,000531
quando 2,995732 0,000531
quanta 3,912023 0,000693
quanti 3,912023 0,000693
quantitative 2,995732 0,000531
quantity 0,478036 0,000169
quantum 2,659260 0,000471
quarrel 0,287682 0,000051
quarter 0,105361 0,000019
queen 0,415515 0,000074
question 0,020203 0,000007
quibble 2,525729 0,000895
quibus 2,995732 0,000531
quicken 0,798508 0,000283
quid 1,966113 0,000348
quit 0,462035 0,000082
quoad 3,912023 0,000693
quod 2,207275 0,000391
quodlibet 3,912023 0,000693
race 0,162519 0,000058
radiate 1,897120 0,000336
radical 2,040221 0,000361
radius 2,120264 0,000376
rain 0,150823 0,000027
rainbow 1,171183 0,000207
raindrop 2,659260 0,000471
raise 0,020203 0,000014
random 0,967584 0,000171
range 0,328504 0,000058
rank 0,223144 0,000119
rapid 0,371064 0,000066
rapidly 0,371064 0,000066
rare 0,261365 0,000046
rarely 0,527633 0,000093
rash 0,891598 0,000158
rashly 1,560648 0,000276
ratio 2,525729 0,000447
rational 0,867501 0,000154
rationalist 3,912023 0,000693
rationalistic 3,912023 0,000693
ravages 1,832581 0,000325
raw 0,713350 0,000126
ray 0,462035 0,000082
reach 0,000000 0,000000
react 2,040221 0,000723
reaction 1,237874 0,000219
read 0,020203 0,000007
readable 0,510826 0,000090
reader 0,301105 0,000107
ready 0,030459 0,000005
real 0,040822 0,000007
realist 2,659260 0,000471
reality 0,301105 0,000107
realization 1,560648 0,000276
realize 0,693147 0,000491
realm 0,867501 0,000154
reap 0,673345 0,000239
rear 0,371064 0,000066
rearrange 2,207275 0,000391
reason 0,010050 0,000005
reasonable 0,116534 0,000021
reasonableness 1,832581 0,000325
reasoner 2,407946 0,000853
reasoning 0,713350 0,000126
recall 0,235722 0,000042
recapitulate 2,207275 0,000391
recapitulation 2,659260 0,000471
recede 0,916291 0,000162
receipt 0,261365 0,000046
receive 0,040822 0,000029
reception 0,693147 0,000123
receptivity 3,218876 0,000570
reciprocal 1,897120 0,000336
reciprocally 2,813411 0,000498
reciprocity 3,506558 0,000621
reckon 0,385662 0,000137
reckoning 0,843970 0,000149
recognition 0,713350 0,000126
recognizable 2,995732 0,000531
recognize 0,733969 0,000520
recollection 0,527633 0,000093
recommence 1,514128 0,000268
recommend 0,400478 0,000142
recommendation 1,237874 0,000438
reconcile 0,597837 0,000318
reconvert 3,218876 0,000570
record 0,223144 0,000040
recourse 1,171183 0,000207
rectification 3,912023 0,000693
recur 0,941609 0,000167
red 0,061875 0,000011
redistribute 0,544727 0,000096
redistributing 0,562119 0,000100
redistribution 0,562119 0,000100
redness 2,040221 0,000361
reduce 0,314711 0,000167
reduction 1,514128 0,000268
refer 0,223144 0,000158
referable 2,813411 0,000498
reference 0,198451 0,000070
reflect 0,235722 0,000125
reflection 0,274437 0,000097
reflective 2,040221 0,000361
reform 0,891598 0,000158
refrain 0,597837 0,000212
refund 0,562119 0,000100
refusal 0,820981 0,000145
refuse 0,083382 0,000059
refutation 2,407946 0,000853
refute 1,469676 0,000521
regard 0,083382 0,000030
region 0,462035 0,000164
register 0,287682 0,000102
regnum 3,218876 0,000570
regress 3,912023 0,000693
regression 3,912023 0,000693
regressive 3,912023 0,000693
regressively 3,912023 0,000693
regular 0,287682 0,000051
regularity 1,021651 0,000181
regularly 0,616186 0,000109
regulate 0,210721 0,000149
regulation 1,469676 0,000260
regulative 3,506558 0,000621
reign 0,430783 0,000153
reinstallation 3,912023 0,000693
reject 0,478036 0,000254
rejection 1,609438 0,000285
relate 0,415515 0,000221
relation 0,223144 0,000079
relationship 0,867501 0,000154
relative 0,462035 0,000082
release 0,105361 0,000019
reliable 1,609438 0,000285
reliance 1,469676 0,000260
religion 0,415515 0,000074
religious 0,446287 0,000079
relinquish 0,916291 0,000325
reluctant 1,021651 0,000181
rely 0,579818 0,000103
remain 0,040822 0,000022
remainder 0,597837 0,000212
remains 0,150823 0,000027
remark 0,223144 0,000119
remarkable 0,235722 0,000042
remarkably 0,733969 0,000130
remarks 0,462035 0,000082
remedy 0,150823 0,000053
remember 0,030459 0,000005
remind 0,301105 0,000053
reminiscence 1,469676 0,000260
remote 0,478036 0,000085
remove 0,040822 0,000029
rename 0,544727 0,000096
render 0,186330 0,000132
renew 0,314711 0,000111
renounce 0,941609 0,000500
renowned 1,171183 0,000207
renunciation 2,207275 0,000391
repair 0,342490 0,000061
repay 0,673345 0,000119
repeat 0,051293 0,000018
repeatedly 1,108663 0,000196
repel 0,967584 0,000171
repetition 0,713350 0,000126
replace 0,198451 0,000035
replacement 0,544727 0,000096
reply 0,105361 0,000037
report 0,051293 0,000018
repose 0,494296 0,000175
reprehensible 2,120264 0,000376
represent 0,210721 0,000149
representable 3,912023 0,000693
representation 0,261365 0,000093
representative 0,820981 0,000145
repress 0,867501 0,000154
reprimand 1,386294 0,000246
reproach 0,301105 0,000053
reproduction 2,302585 0,000408
reproductive 3,912023 0,000693
republic 1,386294 0,000246
repugnance 1,386294 0,000246
repulse 0,994252 0,000176
repulsion 2,040221 0,000361
reputation 0,342490 0,000061
request 0,105361 0,000019
require 0,051293 0,000027
required 0,083382 0,000015
requirement 0,400478 0,000142
requisite 1,078810 0,000382
resemblance 0,713350 0,000126
resemble 0,400478 0,000071
reserve 0,400478 0,000071
reside 0,713350 0,000379
resist 0,274437 0,000146
resistance 0,430783 0,000076
resolution 0,385662 0,000068
resolve 0,287682 0,000153
respect 0,040822 0,000022
respectability 1,427116 0,000253
respective 1,171183 0,000207
respects 0,527633 0,000093
responsibility 0,733969 0,000260
rest 0,010050 0,000007
restless 0,478036 0,000085
restore 0,223144 0,000079
restrain 0,579818 0,000103
restrained 0,776529 0,000138
restraint 0,713350 0,000126
restrict 1,427116 0,001011
restriction 0,371064 0,000131
restrictive 3,506558 0,000621
result 0,174353 0,000031
resurrection 1,309333 0,000232
retain 0,235722 0,000125
retort 0,820981 0,000291
retrace 1,237874 0,000219
retrogressively 3,912023 0,000693
return 0,010050 0,000005
reveal 0,223144 0,000119
revelation 0,693147 0,000123
revenue 0,342490 0,000061
reverence 0,579818 0,000103
reverse 0,527633 0,000187
reversed 1,171183 0,000207
review 0,693147 0,000368
revolution 0,634878 0,000225
revolutionize 2,659260 0,000471
revolve 0,776529 0,000413
reward 0,174353 0,000031
rhapsodically 3,912023 0,000693
rhapsodistic 3,912023 0,000693
rhapsody 2,659260 0,000471
rhetoric 1,560648 0,000276
rhetorician 2,207275 0,000391
rich 0,116534 0,000041
rid 0,223144 0,000040
ridicule 0,994252 0,000352
ridiculous 0,478036 0,000085
righteous 1,203973 0,000213
rightful 1,560648 0,000276
rightly 0,430783 0,000076
rigid 0,820981 0,000145
rigorous 1,560648 0,000276
rigour 1,832581 0,000325
ripen 0,941609 0,000167
rise 0,030459 0,000027
risk 0,301105 0,000053
rival 0,494296 0,000088
river 0,174353 0,000031
road 0,116534 0,000041
rob 0,356675 0,000126
rock 0,186330 0,000066
romance 0,673345 0,000119
rood 2,659260 0,000471
roof 0,186330 0,000033
root 0,235722 0,000125
rotten 0,941609 0,000167
rough 0,186330 0,000033
roughness 1,514128 0,000268
roundness 2,302585 0,000408
rouse 0,494296 0,000175
route 0,713350 0,000126
royal 0,400478 0,000071
royalty 0,371064 0,000131
rude 0,342490 0,000061
rudeness 1,203973 0,000213
ruin 0,116534 0,000041
ruinous 1,386294 0,000246
rule 0,030459 0,000011
ruler 0,891598 0,000158
rust 1,171183 0,000207
sacred 0,415515 0,000074
sacredness 2,407946 0,000426
sacrifice 0,210721 0,000037
sadly 0,510826 0,000090
safe 0,116534 0,000021
safeguard 1,609438 0,000285
safely 0,371064 0,000066
safety 0,356675 0,000063
sagacity 1,139434 0,000202
sake 0,083382 0,000015
salt 0,105361 0,000037
saltus 3,912023 0,000693
sap 1,514128 0,000268
sarcastic 1,427116 0,000253
satis 3,218876 0,000570
satisfaction 0,186330 0,000033
satisfactorily 1,272966 0,000225
satisfactory 0,562119 0,000100
satisfy 0,061875 0,000044
saturn 1,832581 0,000325
save 0,010050 0,000004
scandal 0,843970 0,000149
scarcely 0,301105 0,000053
scattered 0,139262 0,000025
sceptic 1,832581 0,000649
sceptical 1,966113 0,000348
scepticism 1,771957 0,000314
schema 3,912023 0,000693
schemata 3,912023 0,000693
schematism 3,912023 0,000693
scholar 0,579818 0,000205
scholastic 1,966113 0,000348
scholastically 3,912023 0,000693
school 0,150823 0,000053
schoolman 3,218876 0,001140
science 0,415515 0,000147
scientific 0,776529 0,000138
scope 1,139434 0,000202
scorn 0,446287 0,000079
scrutiny 1,237874 0,000219
sea 0,116534 0,000021
search 0,040822 0,000014
seas 0,916291 0,000162
seat 0,051293 0,000009
secret 0,051293 0,000018
secure 0,061875 0,000044
securely 0,916291 0,000162
security 0,478036 0,000085
seduce 1,171183 0,000415
seduction 1,771957 0,000314
seductive 1,771957 0,000314
seek 0,083382 0,000059
seemingly 0,967584 0,000171
seize 0,116534 0,000021
seldom 0,301105 0,000053
select 0,301105 0,000053
selfish 0,798508 0,000141
semblance 1,049822 0,000186
send 0,020203 0,000007
sensation 0,371064 0,000131
sense 0,051293 0,000009
senseless 0,867501 0,000154
sensibility 1,237874 0,000219
sensual 1,203973 0,000213
sensualist 2,407946 0,000426
sensualize 3,912023 0,000693
sensuous 2,302585 0,000408
sensuously 3,506558 0,000621
sensuousness 3,218876 0,000570
sentence 0,094311 0,000017
sentiment 0,356675 0,000126
separate 0,094311 0,000067
separately 1,108663 0,000196
separation 0,755023 0,000267
sequel 1,078810 0,000191
sequence 1,560648 0,000276
serially 3,506558 0,000621
series 0,494296 0,000088
serve 0,051293 0,000027
service 0,072571 0,000013
serviceable 1,237874 0,000219
set 0,010050 0,000005
settle 0,083382 0,000044
settlement 0,994252 0,000176
sever 0,941609 0,000167
severe 0,301105 0,000107
severely 0,634878 0,000112
severity 0,798508 0,000141
shadow 0,162519 0,000058
shadowy 1,108663 0,000196
shake 0,072571 0,000013
shallowness 2,995732 0,000531
shame 0,223144 0,000040
shameless 1,427116 0,000253
shape 0,150823 0,000080
share 0,030459 0,000016
sharpen 1,386294 0,000246
shield 0,634878 0,000112
shifting 0,891598 0,000158
shine 0,150823 0,000027
ship 0,198451 0,000035
shoot 0,385662 0,000068
shore 0,287682 0,000051
short 0,020203 0,000011
shortness 1,660731 0,000294
shower 0,544727 0,000096
shut 0,051293 0,000009
sided 1,714798 0,000304
sieve 1,897120 0,000336
sight 0,040822 0,000007
sighted 0,733969 0,000130
sign 0,051293 0,000009
signal 0,462035 0,000082
signalize 2,813411 0,000997
significance 1,021651 0,000181
significancy 3,218876 0,000570
signification 1,660731 0,000588
signify 0,634878 0,000225
silence 0,051293 0,000009
silently 0,544727 0,000096
silly 0,400478 0,000071
silver 0,210721 0,000037
similarity 1,386294 0,000491
simple 0,094311 0,000050
simplicity 0,527633 0,000093
simplify 1,966113 0,000696
simply 0,150823 0,000027
simul 3,506558 0,000621
simultaneity 3,912023 0,000693
simultaneous 1,660731 0,000294
sine 2,407946 0,000426
single 0,083382 0,000015
singular 0,430783 0,000076
sink 0,072571 0,000026
sit 0,010050 0,000002
situation 0,198451 0,000035
situs 3,912023 0,000693
size 0,223144 0,000040
sketch 0,653926 0,000232
skilful 0,967584 0,000171
skill 0,287682 0,000051
slight 0,072571 0,000026
slip 0,150823 0,000027
slumber 0,510826 0,000090
smell 0,261365 0,000093
smoke 0,186330 0,000033
smooth 0,235722 0,000042
soar 0,916291 0,000162
social 0,371064 0,000066
society 0,210721 0,000037
socratic 2,407946 0,000426
soever 1,966113 0,000348
softness 0,891598 0,000158
solar 1,660731 0,000294
sole 0,301105 0,000053
solely 0,733969 0,000130
solicit 0,314711 0,000056
solicitation 0,430783 0,000076
solid 0,274437 0,000049
solidity 2,040221 0,000361
solus 2,659260 0,000471
solution 0,755023 0,000267
solve 0,478036 0,000254
son 0,083382 0,000015
sooner 1,309333 0,000232
sophism 2,659260 0,000942
sophist 2,302585 0,000816
sophistical 2,813411 0,000498
sophistry 2,525729 0,000895
sorrow 0,248461 0,000044
sort 0,072571 0,000026
soul 0,083382 0,000030
soulless 2,659260 0,000471
sound 0,010050 0,000002
source 0,274437 0,000097
sovereignty 1,771957 0,000314
space 0,105361 0,000037
spacious 0,916291 0,000162
spare 0,116534 0,000041
spark 0,544727 0,000096
speak 0,030459 0,000016
speaking 0,072571 0,000013
special 0,083382 0,000015
specially 0,820981 0,000145
species 0,634878 0,000112
specific 0,820981 0,000145
specification 2,995732 0,000531
specious 1,966113 0,000348
spectacle 0,544727 0,000096
spectator 0,544727 0,000193
speculate 1,514128 0,000268
speculation 0,755023 0,000267
speculative 1,897120 0,000336
speculator 2,120264 0,000376
speech 0,139262 0,000025
spelling 1,171183 0,000207
spend 0,051293 0,000018
sphere 0,693147 0,000246
spherical 2,659260 0,000471
spheroid 3,912023 0,000693
spin 0,510826 0,000090
spirit 0,051293 0,000009
spiritual 0,653926 0,000116
spiritualism 2,995732 0,000531
spiritualist 3,218876 0,000570
spirituality 2,525729 0,000447
spite 0,139262 0,000025
splendour 1,237874 0,000219
spontaneity 3,218876 0,000570
spontaneous 1,139434 0,000202
spontaneously 1,609438 0,000285
sport 0,446287 0,000079
spring 0,051293 0,000027
spurious 2,120264 0,000376
square 0,223144 0,000040
stability 2,302585 0,000408
staff 0,261365 0,000046
stage 0,186330 0,000033
stagger 0,527633 0,000093
stake 0,446287 0,000079
stamp 0,261365 0,000046
stand -0,009950 -0,000007
standard 0,544727 0,000193
standpoint 1,771957 0,000314
standstill 1,714798 0,000304
star 0,261365 0,000093
starry 1,272966 0,000225
start -0,009950 -0,000005
startle 1,347074 0,000477
startling 0,967584 0,000171
statement 0,186330 0,000066
statesman 1,049822 0,000186
stationary 1,427116 0,000253
status 0,446287 0,000079
statute 1,469676 0,000521
stay 0,061875 0,000011
steadily 0,415515 0,000074
steel 0,494296 0,000175
stem 0,776529 0,000138
step 0,030459 0,000016
stock 0,235722 0,000042
stoics 2,302585 0,000408
stone 0,094311 0,000033
store 0,061875 0,000011
stormy 0,755023 0,000134
story 0,030459 0,000005
straight 0,105361 0,000019
strange 0,061875 0,000011
stranger 0,139262 0,000025
stratagem 1,469676 0,000260
stray 0,562119 0,000199
stream 0,139262 0,000025
strength 0,030459 0,000005
strengthen 0,478036 0,000169
stretch 0,116534 0,000041
strict 0,186330 0,000066
strictly 0,579818 0,000103
strictness 1,966113 0,000348
strife 0,994252 0,000176
strike 0,020203 0,000011
striking 0,274437 0,000049
string 0,371064 0,000066
strive 0,385662 0,000205
strong 0,020203 0,000011
structure 0,634878 0,000225
struggle 0,127833 0,000068
student 0,579818 0,000103
study 0,094311 0,000033
stumble 0,562119 0,000100
stumbling 1,108663 0,000196
stupidity 0,916291 0,000162
style 0,261365 0,000046
subaltern 2,207275 0,000391
subdivide 2,207275 0,000391
subdivision 2,207275 0,000782
subdued 0,494296 0,000088
subject 0,061875 0,000044
subjection 1,272966 0,000225
subjective 2,120264 0,000376
subjectively 3,218876 0,000570
subjoin 2,407946 0,000426
sublime 0,994252 0,000176
sublunary 2,995732 0,000531
submit 0,430783 0,000305
subordinate 0,967584 0,000343
subordination 2,525729 0,000447
subreption 3,912023 0,000693
subscribe 0,342490 0,000061
subsequent 0,867501 0,000154
subservient 1,897120 0,000336
subsidiary 3,506558 0,000621
subsist 1,347074 0,000477
subsistence 1,609438 0,000285
subsistent 3,506558 0,000621
substance 0,415515 0,000147
substantia 3,506558 0,001242
substantial 0,755023 0,000134
substantiality 3,506558 0,000621
substantiate 2,659260 0,000471
substantive 2,525729 0,000447
substitute 0,713350 0,000253
substitution 1,966113 0,000348
substratum 2,659260 0,000471
subsume 3,912023 0,002079
subsumption 3,912023 0,000693
subterfuge 2,207275 0,000391
subterranean 1,714798 0,000304
subtle 0,713350 0,000253
subtlety 1,272966 0,000225
subtract 2,407946 0,000426
subtraction 2,659260 0,000471
subvert 2,302585 0,000408
succeed 0,105361 0,000075
success 0,162519 0,000029
successful 0,478036 0,000085
succession 0,510826 0,000181
successive 0,891598 0,000158
successively 1,347074 0,000239
successor 0,916291 0,000162
sudden 0,072571 0,000013
suddenly 0,040822 0,000007
suffer 0,061875 0,000022
sufferance 2,207275 0,000391
suffice 0,544727 0,000096
sufficiency 1,966113 0,000348
sufficient 0,139262 0,000025
suggestion 0,356675 0,000063
suggestive 1,237874 0,000219
suit 0,198451 0,000070
suitable 0,462035 0,000082
suited 0,597837 0,000106
sum 0,261365 0,000093
summa 2,995732 0,000531
summary 1,469676 0,000260
summit 0,713350 0,000126
summons 0,867501 0,000154
sun 0,072571 0,000013
sunny 0,843970 0,000149
sunt 2,302585 0,000408
supellex 3,912023 0,000693
superannuated 2,525729 0,000447
superficial 1,108663 0,000196
superfluous 0,867501 0,000154
superfluousness 3,506558 0,000621
superhuman 1,714798 0,000304
superior 0,261365 0,000046
superiority 0,673345 0,000119
supernatural 1,272966 0,000225
supersensible 3,912023 0,000693
superstition 0,798508 0,000141
supplant 1,771957 0,000314
supplement 1,469676 0,000260
supply 0,210721 0,000149
support 0,094311 0,000067
supporter 1,609438 0,000285
suppose 0,020203 0,000014
supposition 0,776529 0,000275
supposititious 2,995732 0,000531
suppress 0,446287 0,000158
suppression 1,560648 0,000276
supreme 0,616186 0,000109
supremely 1,609438 0,000285
surely 0,186330 0,000033
surface 0,287682 0,000102
surmise 1,237874 0,000219
surmount 0,843970 0,000149
surpass 0,755023 0,000267
surprising 0,544727 0,000096
surrender 0,776529 0,000275
surreptitious 3,506558 0,000621
surreptitiously 2,995732 0,000531
surround 0,162519 0,000058
surveillance 2,302585 0,000408
survey 0,462035 0,000164
survive 0,186330 0,000033
susceptibility 2,207275 0,000391
susceptible 1,386294 0,000246
suspect 0,162519 0,000029
suspicion 0,210721 0,000037
sustain 0,314711 0,000167
sustenance 1,469676 0,000260
swallow 0,261365 0,000046
swamp 0,287682 0,000051
swear 0,261365 0,000046
swell 0,186330 0,000033
swim 0,478036 0,000085
syllogism 2,525729 0,000895
syllogistic 3,912023 0,000693
symbol 1,108663 0,000393
symbolical 2,525729 0,000447
sympathize 1,309333 0,000232
symptom 0,693147 0,000123
synonym 2,813411 0,000997
synonymous 0,446287 0,000079
synthesis 2,525729 0,000895
synthetic 2,995732 0,000531
synthetical 3,218876 0,000570
synthetically 3,506558 0,000621
systematic 1,427116 0,000253
systematical 3,506558 0,000621
systematically 2,120264 0,000376
systems 3,218876 0,000570
table 0,083382 0,000015
tabular 3,506558 0,000621
talent 0,385662 0,000137
talk 0,061875 0,000033
tangible 1,560648 0,000276
tantamount 2,659260 0,000471
task 0,248461 0,000088
taste 0,105361 0,000019
tautological 3,506558 0,000621
tautology 3,912023 0,000693
tax 0,248461 0,000088
teach 0,083382 0,000059
teacher 0,415515 0,000147
teaching 1,560648 0,000276
tear 0,030459 0,000011
technical 1,660731 0,000294
technically 2,813411 0,000498
technique 2,659260 0,000471
tecum 3,912023 0,000693
tedious 0,755023 0,000134
teleological 3,506558 0,000621
teleology 3,506558 0,000621
tellus 2,995732 0,000531
temperament 0,967584 0,000171
temperate 1,078810 0,000191
temporal 1,714798 0,000304
temptation 0,430783 0,000076
tempus 3,912023 0,000693
tend 0,430783 0,000076
tendency 0,527633 0,000187
tenth 0,733969 0,000130
term 0,061875 0,000044
termination 1,309333 0,000232
terrestrial 1,427116 0,000253
terrible 0,186330 0,000033
territory 1,203973 0,000213
terror 0,162519 0,000029
tertio 3,218876 0,000570
tertium 3,912023 0,000693
testimony 0,562119 0,000100
testing 2,407946 0,000426
thankfulness 1,832581 0,000325
thee 0,597837 0,000106
theist 3,912023 0,000693
theistic 3,506558 0,000621
theme 0,891598 0,000158
theologian 1,714798 0,000304
theological 1,714798 0,000304
theology 1,427116 0,000253
theorem 2,659260 0,000942
theoretical 2,407946 0,000426
theoretically 2,120264 0,000376
theory 0,400478 0,000142
therefrom 1,771957 0,000314
thereon 1,469676 0,000260
therewith 1,560648 0,000276
thermometer 1,660731 0,000294
thesis 2,302585 0,000408
thetic 3,912023 0,000693
thew 2,525729 0,000447
thinker 1,427116 0,000506
thinking 0,274437 0,000049
thirdly 1,347074 0,000239
thirteen 0,579818 0,000103
thoroughgoing 3,506558 0,000621
thoroughness 3,218876 0,000570
thread 0,342490 0,000061
threat 0,634878 0,000112
threaten 0,186330 0,000066
threefold 2,120264 0,000376
threshold 0,562119 0,000100
throw 0,010050 0,000007
tie 0,105361 0,000019
time -0,009950 -0,000004
timid 0,544727 0,000096
title 0,116534 0,000041
toil 0,430783 0,000076
tolerably 0,994252 0,000176
tolerate 1,078810 0,000191
tone 0,198451 0,000035
tongue 0,139262 0,000025
topic 0,733969 0,000130
tortuous 2,207275 0,000391
tot 2,995732 0,000531
total 0,579818 0,000103
totality 2,659260 0,000471
totally 0,916291 0,000162
toto 3,506558 0,000621
totum 2,995732 0,000531
touch 0,010050 0,000005
touchstone 2,659260 0,000471
tourney 3,912023 0,000693
tower 0,314711 0,000056
trace 0,198451 0,000070
track 0,415515 0,000147
trademark 0,562119 0,000100
train 0,162519 0,000058
training 0,776529 0,000138
trample 0,597837 0,000106
tranquil 0,994252 0,000176
tranquility 2,120264 0,000376
transcend 2,040221 0,001445
transcendent 1,897120 0,000336
transcendental 2,302585 0,000408
transcendentalism 3,506558 0,000621
transcendentally 3,912023 0,000693
transcendently 3,506558 0,000621
transcribe 0,462035 0,000082
transcription 0,527633 0,000093
transference 2,659260 0,000471
transform 0,693147 0,000246
transgress 1,386294 0,000737
transgression 1,560648 0,000276
transition 1,272966 0,000225
transitory 1,897120 0,000336
translate 0,634878 0,000112
translator 1,347074 0,000239
transport 0,653926 0,000116
travel 0,198451 0,000035
traverse 0,867501 0,000154
treason 1,514128 0,000268
treasure 0,261365 0,000093
treat 0,127833 0,000091
treatise 1,272966 0,000451
treatment 0,127833 0,000023
tree 0,061875 0,000011
tremble 0,174353 0,000031
triad 3,506558 0,000621
trial 0,261365 0,000046
triangle 1,427116 0,000506
tribe 0,693147 0,000123
tribunal 1,427116 0,000253
trick 0,274437 0,000049
trifling 0,653926 0,000116
triumph 0,261365 0,000046
triumphant 0,798508 0,000141
trivial 0,776529 0,000138
trouble 0,010050 0,000004
true 0,020203 0,000007
trust 0,061875 0,000011
trustworthy 1,514128 0,000268
truth 0,030459 0,000011
truthful 1,427116 0,000253
tuition 1,771957 0,000314
turbulent 1,560648 0,000276
tween 3,218876 0,000570
twist 0,314711 0,000111
twofold 1,966113 0,000348
type 0,174353 0,000062
ubi 2,659260 0,000471
ultimate 0,941609 0,000167
ultimately 1,108663 0,000196
umpire 2,407946 0,000426
unable 0,248461 0,000044
unaccompanied 2,525729 0,000447
unadvisable 3,912023 0,000693
unalloyed 1,897120 0,000336
unalterable 1,309333 0,000232
unaltered 2,302585 0,000408
unanimously 1,660731 0,000294
unanswerable 1,771957 0,000314
unanswered 2,302585 0,000408
unascertained 3,912023 0,000693
unassailable 2,407946 0,000426
unattainable 1,609438 0,000285
unattained 3,506558 0,000621
unattempted 3,506558 0,000621
unattended 1,897120 0,000336
unauthorized 3,218876 0,000570
unavoidable 1,049822 0,000186
unavoidably 2,120264 0,000376
unaware 1,469676 0,000260
unbecoming 1,660731 0,000294
unbelief 1,771957 0,000314
unbiased 2,525729 0,000447
unbounded 1,309333 0,000232
unbroken 0,733969 0,000130
uncaused 3,912023 0,000693
unceasing 1,609438 0,000285
unceasingly 1,609438 0,000285
uncertain 0,301105 0,000053
uncertainty 0,776529 0,000138
unchangeable 1,771957 0,000314
unchangeably 3,506558 0,000621
unchanged 0,994252 0,000176
unchanging 2,120264 0,000376
uncivilized 2,659260 0,000471
uncommon 0,798508 0,000141
uncompensated 3,912023 0,000693
unconcerned 1,660731 0,000294
unconditional 2,207275 0,000391
unconditionally 2,659260 0,000471
unconditioned 3,506558 0,000621
unconnected 1,897120 0,000336
unconquerable 1,560648 0,000276
unconscious 0,400478 0,000071
unconsciously 0,634878 0,000112
unconvincing 3,506558 0,000621
uncritical 2,659260 0,000471
undecided 1,272966 0,000225
undemonstrated 3,912023 0,000693
undeniable 1,897120 0,000336
undeniably 2,525729 0,000447
undergo 0,510826 0,000090
undermine 1,660731 0,001177
understand 0,020203 0,000011
understanding 0,223144 0,000079
undertake 0,385662 0,000205
undertaking 0,693147 0,000123
undervalue 2,207275 0,000391
undeserving 2,302585 0,000408
undetermined 2,525729 0,000447
undeterred 2,995732 0,000531
undeveloped 1,771957 0,000314
undeviating 3,218876 0,000570
undiminished 2,207275 0,000391
undiscovered 1,714798 0,000304
undisturbed 1,049822 0,000186
undivided 1,832581 0,000325
undoubted 1,386294 0,000246
undoubtedly 0,634878 0,000112
undoubtingly 3,218876 0,000570
uneducated 1,660731 0,000294
unenforceability 0,562119 0,000100
unessential 3,218876 0,000570
unexceptionable 2,995732 0,000531
unexceptionably 3,912023 0,000693
unexpected 0,430783 0,000076
unfair 1,049822 0,000186
unfairly 2,207275 0,000391
unfavourable 1,514128 0,000268
unfitness 2,207275 0,000391
unfold 0,755023 0,000267
unfortunate 0,314711 0,000056
unguarded 1,560648 0,000276
unguardedly 3,506558 0,000621
unhappily 1,660731 0,000294
unhappy 0,400478 0,000071
uni 3,506558 0,000621
uniform 0,210721 0,000037
uniformity 1,771957 0,000314
uniformly 1,832581 0,000325
unilaterally 3,912023 0,000693
unimportant 1,386294 0,000246
uninfluenced 3,506558 0,000621
uninterrupted 1,309333 0,000232
union 0,494296 0,000088
unit 1,771957 0,000628
unite 0,867501 0,000461
united 0,094311 0,000017
unity 1,049822 0,000186
universal 0,478036 0,000085
universality 2,659260 0,000471
universally 0,967584 0,000171
universe 0,733969 0,000130
universitas 3,912023 0,000693
unjust 0,693147 0,000123
unknown 0,105361 0,000019
unlimited 1,078810 0,000191
unlink 0,562119 0,000100
unluckily 1,832581 0,000325
unmistakable 1,171183 0,000207
unmixed 1,771957 0,000314
unnamed 3,506558 0,000621
unnecessarily 2,040221 0,000361
unnecessary 0,653926 0,000116
unobserved 1,203973 0,000213
unperceived 1,832581 0,000325
unphilosophical 2,813411 0,000498
unpleasant 0,562119 0,000100
unpopular 2,302585 0,000408
unprepared 1,514128 0,000268
unprofitable 1,660731 0,000294
unprotected 0,673345 0,000119
unqualified 2,120264 0,000376
unquestionably 1,427116 0,000253
unreal 1,514128 0,000268
unreasonable 0,967584 0,000171
unrestrained 1,714798 0,000304
unrestricted 3,218876 0,000570
unrighteous 1,966113 0,000348
unsafe 1,897120 0,000336
unsatisfactory 1,609438 0,000285
unsearchable 3,218876 0,000570
unseen 0,616186 0,000109
unsettled 1,309333 0,000232
unshaken 1,609438 0,000285
unskillful 3,218876 0,000570
unsolicited 0,510826 0,000090
unsophisticated 2,407946 0,000426
unsuccessful 0,994252 0,000176
unsuited 2,659260 0,000471
unsusceptible 3,506558 0,000621
unthinkingly 2,659260 0,000471
untravelled 3,218876 0,000570
untrue 1,309333 0,000232
unum 2,813411 0,000498
unusual 0,415515 0,000074
unvarying 2,207275 0,000391
unveil 1,771957 0,000314
unveiling 2,813411 0,000498
unwarrantable 2,659260 0,000471
unwilling 0,653926 0,000116
unwise 1,469676 0,000260
unworthy 0,673345 0,000119
update 0,510826 0,000090
uphold 1,237874 0,000219
upholder 2,995732 0,000531
upright 0,301105 0,000053
uprightness 1,771957 0,000314
urge 0,274437 0,000049
usage 0,733969 0,000130
useless 0,235722 0,000042
user 0,544727 0,000096
usual 0,139262 0,000025
usurp 1,469676 0,000260
usurpation 2,207275 0,000391
ut 0,510826 0,000090
utility 1,427116 0,000253
utmost 0,356675 0,000063
utter 0,162519 0,000086
utterly 0,371064 0,000066
vacant 0,693147 0,000123
vacillate 2,120264 0,000376
vacuum 2,207275 0,000391
vagabond 1,203973 0,000213
vague 0,579818 0,000103
vain 0,116534 0,000021
vainly 0,634878 0,000112
valid 1,966113 0,000348
validity 2,813411 0,000498
valueless 2,525729 0,000447
vanilla 0,544727 0,000096
vanish 0,314711 0,000167
vanity 0,400478 0,000071
variable 1,897120 0,000336
variance 1,560648 0,000276
variation 0,994252 0,000352
variegate 1,897120 0,000336
variety 0,150823 0,000053
variously 1,427116 0,000253
vary 0,342490 0,000061
vast 0,223144 0,000040
vegetable 0,693147 0,000123
vehement 1,427116 0,000253
vehicle 0,843970 0,000149
vehicula 3,912023 0,000693
vel 2,813411 0,000498
venture 0,223144 0,000119
veracious 2,407946 0,000426
verbal 1,203973 0,000213
verbiage 3,506558 0,000621
verge 0,867501 0,000154
veritable 1,560648 0,000276
versa 2,813411 0,000498
version 0,342490 0,000061
vessel 0,446287 0,000079
vestibule 1,832581 0,000325
veto 2,995732 0,000531
vice 0,478036 0,000085
vicious 0,653926 0,000116
viciousness 2,407946 0,000426
victory 0,356675 0,000126
view 0,040822 0,000029
vigorously 1,021651 0,000181
vigour 0,843970 0,000149
vii 0,430783 0,000076
viii 0,446287 0,000079
vindicate 1,427116 0,000253
vindication 2,407946 0,000426
violate 0,342490 0,000061
violence 0,248461 0,000044
virtue 0,287682 0,000051
virus 0,527633 0,000093
vis 2,120264 0,000376
visible 0,235722 0,000042
vision 0,301105 0,000107
visionary 1,427116 0,000253
visit 0,030459 0,000011
visual 2,407946 0,000426
vitally 2,407946 0,000426
vocabulary 1,714798 0,000304
vocation 1,272966 0,000225
voice 0,020203 0,000004
void 0,261365 0,000046
volition 1,714798 0,000304
volume 0,356675 0,000063
voluntary 0,843970 0,000149
volunteer 0,314711 0,000056
volunteers 0,430783 0,000076
von 1,771957 0,000314
vote 0,843970 0,000149
vouchsafe 1,309333 0,000232
voyage 0,616186 0,000109
vulgar 0,634878 0,000112
wait 0,061875 0,000011
walhalla 3,912023 0,000693
walk 0,000000 0,000000
wander 0,116534 0,000021
wanderings 1,237874 0,000219
war 0,139262 0,000049
ward 0,755023 0,000134
warm 0,116534 0,000021
warn 0,287682 0,000102
warning 0,235722 0,000084
warrant 0,562119 0,000299
warranty 0,544727 0,000193
waste 0,127833 0,000023
watch 0,020203 0,000007
water 0,040822 0,000007
waver 0,733969 0,000260
wax 0,446287 0,000079
weak 0,105361 0,000037
weaken 0,562119 0,000100
weakness 0,248461 0,000088
weal 1,714798 0,000304
wealth 0,287682 0,000051
weapon 0,400478 0,000071
wearied 0,820981 0,000145
weariness 0,755023 0,000134
weed 0,755023 0,000134
weigh 0,162519 0,000058
weight 0,116534 0,000021
weighty 1,237874 0,000219
welfare 0,916291 0,000162
west 0,083382 0,000015
whatsoever 0,287682 0,000051
wherefore 1,139434 0,000202
whereof 1,237874 0,000219
whereon 1,309333 0,000232
wholly 0,400478 0,000071
wicked 0,328504 0,000058
wide 0,030459 0,000016
widen 0,916291 0,000325
widespread 0,916291 0,000162
wildest 1,272966 0,000225
willed 1,347074 0,000239
willingly 0,527633 0,000093
windy 1,469676 0,000260
wing 0,314711 0,000056
wisdom 0,287682 0,000051
wise 0,094311 0,000033
wisely 0,653926 0,000116
wit 0,198451 0,000035
withdraw 0,210721 0,000075
withstand 1,021651 0,000181
witness 0,116534 0,000041
wolf 0,597837 0,000106
wolfian 3,506558 0,000621
wonderful 0,162519 0,000029
wondrous 1,203973 0,000213
wood 0,083382 0,000015
word 0,020203 0,000004
worms 1,078810 0,000191
worth 0,061875 0,000011
worthiness 3,912023 0,000693
worthlessness 2,407946 0,000426
worthy 0,186330 0,000033
write 0,020203 0,000004
writer 0,328504 0,000058
writing 0,061875 0,000011
writings 0,994252 0,000176
wrong 0,072571 0,000013
xiii 0,673345 0,000119
yield 0,174353 0,000031
youth 0,139262 0,000025
youthful 0,673345 0,000119
zeal 0,579818 0,000103
zealous 1,049822 0,000186
