abase 2,040221 0,000297
abasement 1,897120 0,000276
abbe 3,506558 0,000511
abbreviation 2,302585 0,000336
abdicate 2,407946 0,000351
abide 0,248461 0,000036
ability 0,478036 0,000070
abjure 1,966113 0,000286
abortion 2,120264 0,000309
abridgement 2,995732 0,000437
absent 0,371064 0,000054
absolute 0,400478 0,000058
absolutely 0,287682 0,000042
absolve 1,514128 0,000221
absorb 0,446287 0,000065
abstinence 1,609438 0,000235
abstract 0,733969 0,000214
abstruse 1,897120 0,000276
absurd 0,430783 0,000063
absurdity 1,049822 0,000153
absurdly 1,427116 0,000208
absurdum 3,218876 0,000469
abundant 0,867501 0,000126
abuse 0,562119 0,000082
abused 0,843970 0,000123
abyss 0,994252 0,000290
accept 0,061875 0,000036
acceptance 0,967584 0,000141
access 0,314711 0,000138
accessible 0,446287 0,000065
accessory 1,427116 0,000208
accident 0,274437 0,000080
accidental 0,755023 0,000110
accompany 0,094311 0,000027
accomplish 0,634878 0,000093
accord 0,527633 0,000077
accoucheur 3,218876 0,000469
account 0,010050 0,000003
accumulate 0,891598 0,000130
accumulation 1,469676 0,000214
accurately 1,049822 0,000153
accuser 1,660731 0,000242
accustom 1,560648 0,000227
accustomed 0,287682 0,000042
achieve 0,597837 0,000174
achievement 1,171183 0,000171
acknowledge 0,274437 0,000120
acquaint 0,342490 0,000050
acquire 0,371064 0,000162
acquisition 1,272966 0,000185
action 0,094311 0,000027
active 0,127833 0,000019
activity 0,415515 0,000061
actor 0,755023 0,000220
actual 0,174353 0,000025
actualize 3,912023 0,000570
acute 0,733969 0,000107
acuteness 1,427116 0,000208
acutest 2,659260 0,000387
adapt 0,653926 0,000286
adaptableness 3,912023 0,000570
adaptation 2,302585 0,000671
add 0,094311 0,000027
addition 0,116534 0,000034
additional 0,198451 0,000029
address 0,072571 0,000032
adherent 2,120264 0,000309
adjustment 2,207275 0,000322
administration 1,427116 0,000208
admirable 0,527633 0,000077
admiration 0,342490 0,000050
admire 0,356675 0,000104
admired 0,579818 0,000084
admissible 2,995732 0,000437
admission 0,693147 0,000101
admit 0,116534 0,000051
admixture 2,525729 0,000368
adorable 2,040221 0,000297
adoration 1,171183 0,000171
adore 0,891598 0,000130
adornment 1,560648 0,000227
adulator 3,912023 0,000570
advance 0,061875 0,000027
advantage 0,127833 0,000019
advent 1,514128 0,000221
adventure 0,301105 0,000044
adventurer 1,272966 0,000185
adventurous 1,237874 0,000180
advice 0,186330 0,000027
advise 0,301105 0,000088
advocate 0,867501 0,000253
aeschylus 2,995732 0,000437
aesthetics 3,506558 0,000511
affability 1,897120 0,000276
affair 0,094311 0,000027
affinity 1,427116 0,000208
affirm 0,843970 0,000123
affirmative 1,203973 0,000175
afflict 0,597837 0,000087
affliction 0,798508 0,000116
afraid 0,105361 0,000015
afternoon 0,274437 0,000040
age 0,040822 0,000012
aged 0,198451 0,000029
agency 1,021651 0,000149
agent 0,223144 0,000033
aggrandizement 2,659260 0,000387
aggregate 2,040221 0,000297
aggrieved 1,832581 0,000267
aging 3,506558 0,000511
agit 3,218876 0,000469
agitation 0,673345 0,000098
agitator 2,813411 0,000410
agony 0,462035 0,000067
agree 0,051293 0,000022
agreeable 0,462035 0,000067
agreeably 1,171183 0,000171
agreement 0,210721 0,000031
aground 2,302585 0,000336
aid 0,210721 0,000031
aim 0,287682 0,000084
air 0,061875 0,000018
ak 1,347074 0,000196
akin 1,203973 0,000175
alarming 0,867501 0,000126
alarmingly 2,302585 0,000336
alas 0,462035 0,000067
alchemy 3,218876 0,000469
alcibiades 2,659260 0,000387
alcoholic 2,813411 0,000410
alert 0,843970 0,000123
alike 0,287682 0,000042
alive 0,051293 0,000007
allegorical 1,966113 0,000286
allegory 1,714798 0,000250
allemande 3,912023 0,000570
aller 2,995732 0,000437
alleviate 1,560648 0,000455
alleviation 2,407946 0,000351
alliance 1,108663 0,000162
allowable 2,040221 0,000297
allure 1,386294 0,000606
allurement 1,560648 0,000455
aloft 0,916291 0,000134
aloofness 2,659260 0,000387
aloud 0,301105 0,000044
altaic 3,912023 0,000570
alter 0,235722 0,000103
alteration 0,261365 0,000038
alternate 0,261365 0,000038
alternately 1,021651 0,000149
alternative 0,994252 0,000145
altitude 2,302585 0,000336
altogether 0,198451 0,000029
amalgamist 3,912023 0,000570
amazed 0,634878 0,000093
ambergris 3,218876 0,000469
ambiguity 1,897120 0,000276
ambiguous 1,771957 0,000258
ambition 0,510826 0,000074
ambitious 0,891598 0,000130
ame 3,218876 0,000469
america 0,579818 0,000084
ami 2,207275 0,000322
amiable 0,755023 0,000110
amiss 0,798508 0,000116
amorous 1,386294 0,000202
amour 2,659260 0,000387
ample 0,527633 0,000077
ampler 2,995732 0,000437
amplitude 2,525729 0,000368
amply 0,967584 0,000141
amulet 2,659260 0,000387
amuse 0,371064 0,000054
amusement 0,478036 0,000070
anachronism 2,302585 0,000336
analysis 1,347074 0,000196
analyze 1,771957 0,000516
anarchism 3,218876 0,000469
anarchist 2,525729 0,000368
anarchists 2,995732 0,000437
anarchy 1,832581 0,000267
ancestor 0,462035 0,000067
anchorite 2,525729 0,000736
ancient 0,198451 0,000029
ancients 1,347074 0,000196
anew 0,867501 0,000126
angle 0,478036 0,000070
anglomania 3,912023 0,000570
angry 0,174353 0,000025
anguish 0,579818 0,000084
animal 0,223144 0,000065
animalization 3,912023 0,000570
animate 1,347074 0,000196
animated 0,755023 0,000110
annealed 3,912023 0,000570
annex 1,272966 0,000185
annoyed 0,733969 0,000107
anonymous 1,714798 0,000250
answer 0,020203 0,000006
answerable 1,660731 0,000242
antagonism 1,966113 0,000286
antagonist 1,139434 0,000166
antecedent 1,660731 0,000242
anterior 2,525729 0,000368
anticipate 0,616186 0,000180
anticipatory 3,506558 0,000511
antidote 1,771957 0,000258
antinomian 3,912023 0,000570
antipodal 3,218876 0,000469
antipode 2,525729 0,000368
antique 1,108663 0,000162
antiquity 0,941609 0,000137
antithesis 2,120264 0,000618
antithetical 3,506558 0,000511
anxiety 0,287682 0,000084
apartness 3,912023 0,000570
ape 1,203973 0,000351
aphrodisiacal 3,912023 0,000570
apostle 1,386294 0,000202
apostolate 3,912023 0,000570
apparatus 1,347074 0,000196
apparent 0,314711 0,000046
apparentness 3,912023 0,000570
appeal 0,261365 0,000038
appeals 0,916291 0,000134
appearance 0,072571 0,000021
appetite 0,314711 0,000046
appliance 2,040221 0,000297
applicable 0,400478 0,000058
apply 0,116534 0,000068
appoint 0,328504 0,000048
appreciation 1,049822 0,000306
apprehension 0,494296 0,000072
approach 0,040822 0,000012
appropriation 2,040221 0,000297
appropriator 3,506558 0,000511
approval 0,798508 0,000116
approve 0,342490 0,000150
approximate 2,525729 0,000368
approximation 2,302585 0,000336
aptitude 1,714798 0,000250
arbitrarily 2,302585 0,000336
arbitrariness 3,218876 0,000469
arbitrary 1,309333 0,000191
archaize 3,912023 0,000570
architecture 1,108663 0,000162
archive 0,544727 0,000079
ardent 0,941609 0,000137
ardour 1,237874 0,000180
arduously 3,912023 0,000570
arena 2,302585 0,000336
argument 0,287682 0,000084
argumentative 1,832581 0,000267
ariadne 2,659260 0,000387
aridity 3,912023 0,000570
aristocracy 1,386294 0,000202
aristocrat 2,040221 0,000297
aristocratic 1,309333 0,000191
aristophanic 3,912023 0,000570
aristotelian 2,995732 0,000437
aristotelianism 3,912023 0,000570
arm 0,030459 0,000009
army 0,356675 0,000052
arouse 0,653926 0,000286
arrange 0,198451 0,000087
arrangement 0,274437 0,000080
arranger 3,218876 0,000469
array 0,248461 0,000036
arrive 0,083382 0,000036
arrogance 1,714798 0,000250
arrogant 1,347074 0,000196
arrow 0,510826 0,000074
art 0,127833 0,000037
artful 1,171183 0,000171
artfulness 2,813411 0,000410
arthur 1,660731 0,000242
article 0,400478 0,000058
artifice 1,427116 0,000416
artificial 0,616186 0,000090
artist 0,562119 0,000164
artiste 3,912023 0,000570
artistic 1,049822 0,000153
artistical 3,912023 0,000570
artistry 3,506558 0,000511
ascend 0,430783 0,000063
ascendancy 2,302585 0,000336
ascetic 1,771957 0,000516
asceticism 2,659260 0,000387
ascii 0,562119 0,000082
ascribe 1,272966 0,000185
ash 0,400478 0,000058
ashamed 0,248461 0,000036
asia 1,108663 0,000162
asiatic 1,660731 0,000242
asinine 3,218876 0,000469
aspect 0,446287 0,000065
aspire 0,967584 0,000282
ass 0,916291 0,000267
assailant 1,139434 0,000166
assent 0,579818 0,000169
assert 0,462035 0,000202
assertion 0,891598 0,000260
assign 0,597837 0,000174
assimilate 1,714798 0,000250
assimilation 2,659260 0,000387
assist 0,328504 0,000048
assistance 0,105361 0,000015
assistant 0,755023 0,000110
associate 0,713350 0,000104
assortment 1,714798 0,000250
assume 0,162519 0,000071
assurance 0,430783 0,000063
assure 0,127833 0,000019
assuredly 0,967584 0,000141
astonish 0,261365 0,000038
astonishing 0,653926 0,000095
astonishment 0,301105 0,000044
astray 1,078810 0,000157
astrology 2,813411 0,000410
astronomer 1,714798 0,000250
astute 1,609438 0,000235
astuteness 3,218876 0,000469
atavism 3,506558 0,000511
atavistic 3,912023 0,000570
atheism 2,302585 0,000336
athenian 2,120264 0,000309
athenians 2,040221 0,000297
athens 1,386294 0,000202
atmosphere 0,579818 0,000084
atom 1,272966 0,000185
atomism 3,912023 0,000570
atomistic 3,506558 0,000511
atone 1,203973 0,000351
attach 0,116534 0,000051
attachment 0,916291 0,000267
attack 0,198451 0,000058
attain 0,328504 0,000144
attempt 0,051293 0,000030
attentat 3,912023 0,000570
attention 0,083382 0,000012
attentively 0,755023 0,000110
attenuate 2,302585 0,000671
attenuation 3,912023 0,000570
attitude 0,446287 0,000065
attract 0,261365 0,000114
attractive 0,820981 0,000120
attributable 3,506558 0,000511
attribute 0,527633 0,000077
audacious 1,309333 0,000191
audacity 1,237874 0,000180
augmentation 2,813411 0,000410
auguste 3,218876 0,000469
augustine 1,966113 0,000286
austere 1,171183 0,000171
austria 1,966113 0,000286
author 0,116534 0,000017
authoritative 1,897120 0,000276
authority 0,223144 0,000033
authorize 1,514128 0,000221
auto 2,525729 0,000368
autocratic 2,813411 0,000410
autonomous 3,912023 0,000570
autonomously 3,912023 0,000570
autonomy 3,912023 0,000570
autumn 0,653926 0,000095
auxiliary 1,897120 0,000276
avail 0,462035 0,000135
ave 2,302585 0,000336
average 0,733969 0,000107
averse 1,049822 0,000153
averseness 3,506558 0,000511
aversion 0,941609 0,000137
avidiously 3,912023 0,000570
avidity 1,832581 0,000267
avoid 0,105361 0,000031
avow 1,560648 0,000227
await 0,314711 0,000046
awake 0,150823 0,000022
awaken 0,430783 0,000188
awakening 1,108663 0,000162
aware 0,223144 0,000033
awe 0,597837 0,000087
awkward 0,544727 0,000079
awkwardly 1,272966 0,000185
awkwardness 1,386294 0,000202
axiom 1,771957 0,000258
aye 1,347074 0,000196
babel 1,714798 0,000250
backbone 1,966113 0,000286
background 0,867501 0,000253
bacon 0,994252 0,000145
bad 0,020203 0,000009
badly 0,446287 0,000065
badness 2,040221 0,000297
balance 0,342490 0,000050
ballast 1,832581 0,000267
ban 1,660731 0,000242
band 0,342490 0,000050
bandaged 1,832581 0,000267
banish 0,562119 0,000082
banner 0,967584 0,000141
baptize 1,660731 0,000242
bar 0,235722 0,000034
barbarian 1,386294 0,000404
barbaric 1,714798 0,000250
barbarism 1,771957 0,000258
barbarity 2,207275 0,000322
barbarous 1,108663 0,000162
barbed 2,120264 0,000309
bare 0,150823 0,000022
bargain 0,527633 0,000077
bark 0,478036 0,000070
barocco 3,912023 0,000570
barren 0,713350 0,000104
barrenness 2,813411 0,000410
barrow 1,897120 0,000276
barter 1,897120 0,000276
base 0,094311 0,000027
baseness 1,469676 0,000214
baser 2,040221 0,000297
basic 2,995732 0,000437
basis 0,673345 0,000098
bath 0,274437 0,000080
battle 0,235722 0,000034
bawler 2,995732 0,000873
beadsman 3,912023 0,000570
bear 0,000000 0,000000
beast 0,235722 0,000069
beautiful 0,083382 0,000012
beautify 1,771957 0,000516
beauty 0,162519 0,000024
bed 0,051293 0,000007
bedeck 2,995732 0,000437
bedlamite 3,506558 0,000511
beer 0,941609 0,000137
beethoven 2,207275 0,000322
befool 2,995732 0,000437
beg 0,116534 0,000017
begloom 3,506558 0,000511
beglooming 3,912023 0,000570
behalf 0,713350 0,000104
behave 0,462035 0,000067
behaviour 0,941609 0,000137
behold 0,235722 0,000069
belated 1,514128 0,000221
belief 0,198451 0,000058
believer 1,272966 0,000185
belittle 2,302585 0,000336
bell 0,301105 0,000044
belly 0,798508 0,000116
belong 0,072571 0,000042
belongings 1,714798 0,000250
beloved 0,415515 0,000061
beneath 0,198451 0,000029
beneficent 1,386294 0,000202
benefit 0,356675 0,000052
benevolence 1,049822 0,000153
benevolent 1,021651 0,000149
bent 0,174353 0,000025
benumb 1,771957 0,000258
berlin 2,207275 0,000322
beset 0,941609 0,000137
besotted 2,525729 0,000368
bestow 0,430783 0,000126
bethink 1,272966 0,000185
betise 3,912023 0,000570
betoken 1,966113 0,000573
betray 0,301105 0,000175
betrayer 2,813411 0,000410
betwixt 1,514128 0,000221
beware 0,820981 0,000120
bias 1,469676 0,000214
bible 0,755023 0,000110
bid 0,186330 0,000054
bien 1,966113 0,000286
billy 2,207275 0,000322
binary 0,562119 0,000082
bind 0,030459 0,000009
binding 0,867501 0,000126
biography 1,386294 0,000202
bird 0,150823 0,000044
birth 0,301105 0,000044
bite 0,371064 0,000108
bitter 0,210721 0,000061
bitterly 0,579818 0,000084
bitterness 0,634878 0,000093
bizet 3,912023 0,000570
black 0,061875 0,000009
blade 0,616186 0,000090
blame 0,162519 0,000047
bleed 0,967584 0,000141
blend 1,660731 0,000242
blender 3,912023 0,000570
blending 1,897120 0,000276
bless 0,415515 0,000121
blessed 0,356675 0,000052
blessedness 1,966113 0,000286
blessing 0,415515 0,000061
blind 0,174353 0,000051
blindness 0,994252 0,000145
bliss 0,891598 0,000130
blood 0,116534 0,000017
blooded 1,560648 0,000227
bloodsucker 3,506558 0,000511
bloody 0,527633 0,000077
bloom 0,527633 0,000077
blossom 0,673345 0,000196
blow 0,061875 0,000027
blue 0,174353 0,000025
blunder 0,776529 0,000339
blunt 0,891598 0,000130
bluntly 1,966113 0,000286
blush 0,562119 0,000082
boast 0,328504 0,000048
body 0,010050 0,000003
boisterous 1,514128 0,000221
bold 0,223144 0,000033
boldly 0,462035 0,000067
boldness 0,916291 0,000134
bolt 0,494296 0,000144
bon 1,660731 0,000242
bond 0,478036 0,000070
bondage 1,203973 0,000175
bonhomme 3,506558 0,000511
booby 2,207275 0,000322
book 0,040822 0,000012
boorish 2,659260 0,000387
border 0,400478 0,000058
bore 0,820981 0,000120
borrow 0,462035 0,000067
bosom 0,446287 0,000065
botch 2,407946 0,000351
boulevardiers 3,912023 0,000570
boundary 1,049822 0,000153
boundless 0,891598 0,000130
boundlessly 3,506558 0,000511
bounty 1,309333 0,000191
bourgeois 2,207275 0,000322
bourgeoise 3,506558 0,000511
bourne 2,813411 0,000410
bow 0,127833 0,000037
box 0,248461 0,000036
bracket 2,120264 0,000309
brahmins 2,659260 0,000387
branch 0,186330 0,000054
brand 0,733969 0,000107
brass 0,462035 0,000067
brave 0,342490 0,000100
bravely 1,078810 0,000157
bravery 1,272966 0,000185
breach 0,274437 0,000040
bread 0,248461 0,000036
break 0,010050 0,000006
breakfast 0,342490 0,000050
breast 0,198451 0,000029
breath 0,174353 0,000025
breathe 0,261365 0,000038
breed 0,342490 0,000050
breeder 2,120264 0,000309
brewer 2,659260 0,000387
bridge 0,430783 0,000063
bright 0,094311 0,000027
brightness 0,634878 0,000093
brilliant 0,430783 0,000063
bring 0,000000 0,000000
broad 0,127833 0,000019
broaden 2,120264 0,000309
brooklet 2,659260 0,000387
brother 0,127833 0,000019
brotherly 1,609438 0,000235
brothers 0,356675 0,000052
brown 0,274437 0,000080
bruise 0,673345 0,000098
brush 0,478036 0,000070
brutal 0,755023 0,000110
brutalize 2,659260 0,001162
brutishness 2,813411 0,000410
buddha 2,525729 0,000368
buddhism 2,813411 0,000410
buffoon 1,966113 0,000286
build 0,094311 0,000027
builder 1,108663 0,000162
building 0,210721 0,000031
bull 0,430783 0,000063
bullock 1,714798 0,000250
bungler 2,525729 0,000368
burden 0,198451 0,000029
burn 0,061875 0,000018
burns 1,203973 0,000175
bury 0,186330 0,000027
business 0,040822 0,000006
bypath 3,218876 0,000469
byron 1,660731 0,000242
caesar 1,609438 0,000235
caesarian 3,912023 0,000570
calamity 0,755023 0,000110
calculable 3,218876 0,000469
calculate 0,116534 0,000034
calumniate 2,407946 0,000351
calumniator 2,995732 0,000437
calumny 1,714798 0,000250
candidly 1,771957 0,000258
canon 1,660731 0,000242
canonize 2,659260 0,000387
capability 1,966113 0,000286
capable 0,261365 0,000038
capacity 0,510826 0,000149
capitalize 3,506558 0,000511
capo 2,995732 0,000437
capri 2,995732 0,000437
captious 2,207275 0,000322
capture 0,597837 0,000174
caput 2,995732 0,000437
card 0,139262 0,000041
cardinal 1,469676 0,000214
care 0,000000 0,000000
careful 0,174353 0,000025
carefully 0,139262 0,000020
carefulness 2,995732 0,000437
careless 0,494296 0,000072
carelessly 0,776529 0,000113
caricature 1,514128 0,000441
carnival 2,207275 0,000322
carnivora 2,995732 0,000437
carpet 0,462035 0,000067
carry 0,010050 0,000004
cartload 2,525729 0,000368
cash 0,967584 0,000141
cask 1,309333 0,000191
cast 0,116534 0,000034
caste 1,469676 0,000214
casual 1,078810 0,000157
cat 0,462035 0,000067
catalina 3,912023 0,000570
catcher 2,525729 0,000736
categorical 3,218876 0,000469
category 1,832581 0,000534
catholic 1,139434 0,000166
catholicism 2,995732 0,000437
cattle 0,544727 0,000079
causa 2,525729 0,000368
causal 3,506558 0,000511
causality 2,813411 0,000410
caution 0,478036 0,000070
cautious 0,673345 0,000098
cavalier 1,660731 0,000242
cave 0,653926 0,000191
cavern 0,967584 0,000141
ce 1,832581 0,000267
cease 0,061875 0,000027
celebrated 0,562119 0,000082
celtic 2,407946 0,000351
celts 3,506558 0,000511
central 0,733969 0,000107
centre 0,385662 0,000169
century 0,328504 0,000096
ceremonious 2,407946 0,000351
certainty 0,342490 0,000100
cessation 1,386294 0,000202
chain 0,174353 0,000025
chamber 0,328504 0,000048
chamoix 1,714798 0,000250
chance 0,061875 0,000018
change 0,010050 0,000004
changeable 2,120264 0,000309
channel 0,544727 0,000079
chant 1,272966 0,000185
chaos 1,078810 0,000157
chapter 0,328504 0,000048
character 0,061875 0,000009
characterise 2,659260 0,000387
characteristic 0,400478 0,000117
charge 0,040822 0,000012
charitable 0,287682 0,000042
charity 0,186330 0,000054
charles 0,597837 0,000087
charm 0,342490 0,000100
charming 0,527633 0,000077
chastest 3,506558 0,000511
cheaply 1,966113 0,000286
check 0,072571 0,000032
cheer 0,356675 0,000052
cheerful 0,385662 0,000056
cheerfulness 0,867501 0,000126
chemist 1,714798 0,000250
chief 0,094311 0,000014
chiefly 0,527633 0,000077
child 0,040822 0,000012
childhood 0,527633 0,000077
childish 0,713350 0,000104
childlike 1,771957 0,000258
chill 0,597837 0,000087
chilly 1,237874 0,000180
chime 1,139434 0,000166
china 0,776529 0,000113
chinaman 2,813411 0,000410
chinese 1,139434 0,000166
choice 0,150823 0,000022
choke 0,446287 0,000065
choose 0,020203 0,000006
choses 3,218876 0,000469
christen 1,347074 0,000196
christian 0,385662 0,000112
christianity 1,347074 0,000196
chronic 1,966113 0,000286
church 0,261365 0,000076
churlish 2,407946 0,000351
cicero 1,609438 0,000235
cicerone 3,218876 0,000469
circe 2,040221 0,000297
circle 0,150823 0,000022
circulus 3,912023 0,000570
circumspection 1,771957 0,000258
circumstance 0,116534 0,000034
circumstantially 2,407946 0,000351
circumvent 2,120264 0,000309
citadel 1,560648 0,000227
cite 1,469676 0,000214
citizen 0,673345 0,000098
city 0,051293 0,000007
civilization 1,347074 0,000393
civilized 1,237874 0,000180
claim 0,083382 0,000036
clair 3,218876 0,000469
clairvoyant 3,218876 0,000469
class 0,248461 0,000072
classic 1,108663 0,000162
classical 1,237874 0,000180
classification 1,832581 0,000267
claw 0,798508 0,000116
clay 0,494296 0,000072
cleaning 1,049822 0,000153
cleanliness 1,237874 0,000180
clearness 1,049822 0,000153
cleave 1,309333 0,000191
clerk 0,562119 0,000082
clerkess 3,912023 0,000570
clever 0,371064 0,000054
cleverly 1,514128 0,000221
climate 0,713350 0,000104
climatically 3,912023 0,000570
climax 1,272966 0,000185
climbing 0,733969 0,000107
clime 1,714798 0,000250
cling 0,415515 0,000061
cloak 0,527633 0,000077
clock 0,510826 0,000074
close 0,010050 0,000004
closely 0,223144 0,000033
closing 0,446287 0,000065
clothe 0,287682 0,000084
cloud 0,150823 0,000044
clown 1,771957 0,000258
clue 1,049822 0,000153
clumsily 1,714798 0,000250
clumsiness 2,659260 0,000387
clumsy 0,994252 0,000145
coarse 0,478036 0,000139
coarsen 3,506558 0,000511
coarseness 2,040221 0,000297
cobweb 2,207275 0,000322
code 0,287682 0,000042
codger 3,218876 0,000469
cogent 2,659260 0,000387
cognition 3,506558 0,000511
cognizance 2,207275 0,000322
coin 0,544727 0,000079
coinage 2,407946 0,000351
coincide 1,237874 0,000180
cold 0,040822 0,000012
coldly 0,916291 0,000134
coldness 1,021651 0,000149
collect 0,248461 0,000036
collection 0,162519 0,000024
collective 1,966113 0,000286
collectively 2,207275 0,000322
collector 1,514128 0,000441
colour 0,510826 0,000149
coloured 0,693147 0,000101
combination 0,634878 0,000093
comedy 0,916291 0,000134
comfort 0,105361 0,000031
comfortable 0,261365 0,000038
comfortably 0,693147 0,000101
comical 1,560648 0,000227
comma 2,659260 0,000387
command 0,116534 0,000068
commander 0,867501 0,000253
commence 0,579818 0,000338
commencement 1,108663 0,000162
commendation 1,560648 0,000227
comment 0,478036 0,000070
commerce 1,078810 0,000157
commercial 0,274437 0,000040
commit 0,116534 0,000017
common 0,072571 0,000021
commonly 0,755023 0,000110
commonplace 1,108663 0,000162
commonplaceness 3,912023 0,000570
commonwealth 1,832581 0,000267
communicability 3,912023 0,000570
communicate 0,446287 0,000195
communication 0,510826 0,000074
communicative 1,514128 0,000221
community 0,579818 0,000169
companion 0,150823 0,000022
company 0,020203 0,000003
compare 0,162519 0,000071
comparison 0,446287 0,000065
compassion 0,820981 0,000120
compatible 2,207275 0,000322
compel 0,385662 0,000169
compensation 1,049822 0,000153
compilation 0,478036 0,000070
complacency 1,427116 0,000208
complacently 1,832581 0,000267
complain 0,198451 0,000058
complaisance 2,120264 0,000309
complaisant 2,407946 0,000351
complementary 2,813411 0,000410
complete 0,105361 0,000031
completely 0,274437 0,000040
complex 1,139434 0,000166
compliance 0,342490 0,000050
complicated 0,798508 0,000116
complication 1,771957 0,000258
compliment 0,462035 0,000067
comply 0,287682 0,000084
compose 0,287682 0,000042
comprehend 0,478036 0,000209
comprehensible 1,832581 0,000267
comprehension 1,203973 0,000175
comprehensive 1,237874 0,000180
comprehensiveness 2,995732 0,000437
compressed 0,342490 0,000050
comprise 1,108663 0,000162
compromise 1,021651 0,000149
compulsion 1,609438 0,000235
compulsorily 3,912023 0,000570
compulsory 2,120264 0,000309
comte 2,813411 0,000410
conceal 0,198451 0,000116
concealment 1,108663 0,000162
concede 1,272966 0,000371
conceit 0,994252 0,000290
conceited 1,139434 0,000166
conceitedness 3,912023 0,000570
conceivable 1,386294 0,000202
conceive 0,223144 0,000065
concept 0,527633 0,000077
conception 0,562119 0,000164
conceptional 3,912023 0,000570
conceptual 3,912023 0,000570
concern 0,342490 0,000100
concerned 0,287682 0,000042
concession 1,427116 0,000416
conciliatory 2,120264 0,000309
conclusion 0,210721 0,000061
conclusive 1,427116 0,000208
concubinage 3,506558 0,000511
concur 1,714798 0,000250
condemn 0,446287 0,000260
condemnation 1,309333 0,000191
condition 0,051293 0,000022
conditioning 3,218876 0,000469
conduce 1,469676 0,000214
conducive 1,560648 0,000227
conduct 0,094311 0,000027
confer 0,820981 0,000120
confess 0,127833 0,000037
confession 0,579818 0,000084
confessor 1,714798 0,000250
confide 0,755023 0,000110
confidence 0,139262 0,000020
confidingness 3,912023 0,000570
confinable 3,912023 0,000570
confine 0,223144 0,000065
confines 1,386294 0,000202
confirm 0,139262 0,000020
confirmation 0,356675 0,000052
conflict 0,597837 0,000174
conformable 2,525729 0,000368
conformably 2,813411 0,000410
conformity 1,514128 0,000221
confound 0,430783 0,000251
confused 0,248461 0,000036
confusingly 3,912023 0,000570
confusion 0,287682 0,000042
congratulate 0,798508 0,000116
conjuring 2,525729 0,000368
connected 0,415515 0,000061
connection 0,446287 0,000065
connoisseur 1,660731 0,000242
conquer 0,527633 0,000077
conqueror 1,021651 0,000149
conquest 0,967584 0,000141
conscience 0,301105 0,000088
conscientiousness 2,525729 0,000368
conscious 0,314711 0,000046
consciousness 0,371064 0,000054
consequence 0,186330 0,000054
consequential 0,478036 0,000070
conservative 2,120264 0,000309
conserve 2,995732 0,000437
considerable 0,105361 0,000015
considerably 0,776529 0,000113
considerate 1,469676 0,000214
consideration 0,223144 0,000065
consist 0,314711 0,000138
consolation 0,634878 0,000093
console 0,673345 0,000098
conspicuous 0,916291 0,000134
constant 0,051293 0,000007
constantly 0,371064 0,000054
constellation 1,897120 0,000276
constitute 0,597837 0,000261
constitution 0,776529 0,000226
constrain 0,733969 0,000321
constraint 1,272966 0,000371
construct 0,713350 0,000208
contact 0,210721 0,000031
contemn 2,302585 0,000336
contemplate 0,544727 0,000159
contemplation 0,527633 0,000077
contemplative 1,714798 0,000250
contemple 3,912023 0,000570
contemporary 0,967584 0,000282
contempt 0,446287 0,000065
contemptible 1,078810 0,000157
contemptibleness 3,912023 0,000570
contend 0,597837 0,000087
content 0,174353 0,000025
contentedness 3,912023 0,000570
contentment 1,347074 0,000196
contents 0,094311 0,000014
contiguous 1,897120 0,000276
continent 0,820981 0,000120
continual 0,693147 0,000101
continually 0,446287 0,000065
continue 0,186330 0,000081
continued 0,072571 0,000011
continuous 0,867501 0,000126
contract 0,139262 0,000020
contradict 0,798508 0,000116
contradiction 0,713350 0,000104
contradictorily 3,506558 0,000511
contradictory 1,272966 0,000185
contradistinction 2,659260 0,000387
contrariety 2,525729 0,000368
contrariwise 2,813411 0,000410
contrary 0,198451 0,000029
contrast 0,385662 0,000112
contribute 0,510826 0,000074
contribution 0,371064 0,000054
contrition 2,120264 0,000309
contrivance 1,309333 0,000191
contrived 0,713350 0,000104
control 0,223144 0,000033
convenient 0,462035 0,000067
convent 1,469676 0,000214
conventional 1,347074 0,000196
conversant 1,609438 0,000235
conversation 0,186330 0,000054
convert 0,186330 0,000054
conviction 0,430783 0,000126
convince 0,198451 0,000058
convincingly 2,995732 0,000437
convulse 1,347074 0,000196
cook 0,223144 0,000065
coop 2,040221 0,000297
copernicus 3,218876 0,000469
copying 0,494296 0,000072
copyright 0,415515 0,000061
cordiality 1,771957 0,000258
cordially 1,237874 0,000180
corner 0,072571 0,000021
cornucopia 3,218876 0,000469
corporation 0,400478 0,000058
corporeal 1,966113 0,000286
corps 1,560648 0,000227
correct 0,235722 0,000034
correctly 0,843970 0,000123
correspond 0,843970 0,000123
corrupt 0,235722 0,000069
corrupter 2,995732 0,000437
corruption 0,820981 0,000120
cost 0,105361 0,000031
costly 0,916291 0,000134
costume 1,021651 0,000298
couch 0,579818 0,000084
count 0,116534 0,000068
countenance 0,371064 0,000054
counter 0,733969 0,000107
counterfeiting 3,218876 0,000469
counterpart 1,560648 0,000227
countless 1,203973 0,000175
country 0,010050 0,000003
couple 0,248461 0,000036
courage 0,150823 0,000022
courageous 1,171183 0,000171
court 0,094311 0,000027
courtesy 0,693147 0,000101
cover 0,223144 0,000033
covet 0,967584 0,000141
covetous 1,771957 0,000258
covetousness 1,771957 0,000258
cowardly 0,994252 0,000145
coyness 2,995732 0,000437
crackle 1,237874 0,000180
craft 0,733969 0,000107
craftiness 3,912023 0,000570
crafty 1,427116 0,000208
cram 1,309333 0,000191
crass 3,218876 0,000469
craving 1,108663 0,000162
craze 1,714798 0,000250
crazy 0,916291 0,000134
create 0,094311 0,000055
creation 0,198451 0,000058
creative 1,771957 0,000258
creatively 3,912023 0,000570
creator 1,139434 0,000166
creature 0,116534 0,000034
credibility 2,407946 0,000351
credit 0,094311 0,000027
creditably 2,995732 0,000437
credulous 1,832581 0,000267
crepuscular 3,912023 0,000570
crime 0,261365 0,000076
criminal 0,673345 0,000196
cripple 1,469676 0,000214
crisis 0,820981 0,000239
criterion 2,207275 0,000322
critic 1,021651 0,000298
critical 0,235722 0,000034
criticism 0,820981 0,000120
crocheted 3,506558 0,000511
cromwell 2,302585 0,000336
crooked 0,755023 0,000110
cross 0,083382 0,000024
crowd 0,174353 0,000025
crown 0,210721 0,000031
crucify 1,560648 0,000227
cruel 0,261365 0,000038
cruelly 0,820981 0,000120
cruelty 0,462035 0,000067
crush 0,274437 0,000040
cult 2,995732 0,000437
cultivate 0,462035 0,000202
culture 1,078810 0,000472
cumbersome 2,525729 0,000368
cunning 0,462035 0,000067
cupidity 1,897120 0,000276
curiosity 0,210721 0,000031
curious 0,261365 0,000038
curiously 0,776529 0,000113
current 0,116534 0,000017
curse 0,342490 0,000150
curve 0,916291 0,000134
customary 0,653926 0,000095
customs 0,713350 0,000104
cut 0,030459 0,000004
cyclops 2,813411 0,000410
cynic 1,897120 0,000276
cynicism 2,407946 0,000351
da 1,469676 0,000214
dabble 1,714798 0,000250
daily 0,248461 0,000036
dainty 0,634878 0,000093
damage 0,223144 0,000065
damages 0,400478 0,000058
dame 1,021651 0,000149
damp 0,400478 0,000117
dance 0,235722 0,000069
dancing 0,371064 0,000054
danger 0,105361 0,000031
dangerous 0,150823 0,000022
dangerously 1,560648 0,000227
dangerousness 3,912023 0,000570
dangling 1,139434 0,000166
dante 1,514128 0,000221
daring 0,843970 0,000123
dark 0,051293 0,000015
darwin 2,207275 0,000322
darwinists 3,912023 0,000570
dash 0,400478 0,000058
datum 0,494296 0,000072
daub 1,660731 0,000242
david 0,597837 0,000087
dawn 0,314711 0,000046
day 0,000000 0,000000
daylight 0,446287 0,000065
deadening 3,218876 0,000469
deadly 0,478036 0,000070
deaf 0,634878 0,000093
deal 0,061875 0,000027
dearly 0,776529 0,000113
death 0,020203 0,000003
debilitate 3,218876 0,000469
debility 2,407946 0,000351
decade 1,897120 0,000276
decadence 2,995732 0,000437
decay 0,544727 0,000159
deceit 0,967584 0,000141
deceive 0,261365 0,000152
december 0,562119 0,000082
decent 0,693147 0,000101
deception 0,916291 0,000267
deceptive 2,040221 0,000297
decide 0,040822 0,000012
decidedly 0,867501 0,000126
decision 0,544727 0,000159
decisive 0,867501 0,000126
decisively 1,897120 0,000276
deck 0,544727 0,000159
declaration 0,967584 0,000141
declare 0,139262 0,000041
decline 0,356675 0,000156
decoration 1,309333 0,000191
decrease 1,272966 0,000185
decree 0,673345 0,000196
deduce 1,660731 0,000484
deductible 0,562119 0,000082
deduction 1,560648 0,000227
deed 0,287682 0,000042
deem 0,562119 0,000164
deep 0,020203 0,000009
deepen 0,867501 0,000126
deeply 0,261365 0,000038
defame 2,302585 0,000336
defect 0,261365 0,000076
defective 0,356675 0,000052
defeminising 3,912023 0,000570
defeminize 3,912023 0,000570
defend 0,301105 0,000132
defender 1,427116 0,000208
defense 1,514128 0,000221
defensive 1,560648 0,000227
deference 0,967584 0,000141
defiance 0,713350 0,000104
defilement 2,659260 0,000387
define 0,673345 0,000196
definite 0,755023 0,000110
definition 1,203973 0,000175
deftly 1,660731 0,000242
defy 0,693147 0,000101
degeneracy 2,302585 0,000336
degenerate 1,078810 0,000472
degeneration 2,995732 0,000437
degrade 0,994252 0,000145
degree 0,150823 0,000044
dei 1,966113 0,000286
deify 2,407946 0,000351
delay 0,186330 0,000027
deletion 0,562119 0,000082
deliberately 0,693147 0,000101
delicacy 0,597837 0,000174
delicate 0,301105 0,000044
delicately 1,171183 0,000171
delight 0,150823 0,000044
delightful 0,478036 0,000070
delirious 1,386294 0,000202
deliver 0,223144 0,000033
deliverance 0,941609 0,000137
deliverer 1,897120 0,000276
dell 2,040221 0,000297
deluder 3,912023 0,000570
delusion 0,916291 0,000134
demand 0,051293 0,000022
demeanour 1,469676 0,000214
demigod 2,407946 0,000351
demimonde 3,912023 0,000570
democracy 1,832581 0,000267
democrat 2,207275 0,000322
democratic 1,897120 0,000276
democratising 3,912023 0,000570
demon 0,916291 0,000134
demonstrate 0,967584 0,000141
demureness 3,218876 0,000469
denial 0,776529 0,000113
deny 0,072571 0,000032
depart 0,162519 0,000047
depend 0,040822 0,000018
dependency 2,407946 0,000351
dependent 0,820981 0,000239
depersonalizing 3,912023 0,000570
depraved 1,560648 0,000227
depravity 1,560648 0,000227
depreciate 1,897120 0,000276
depreciation 2,659260 0,000775
depression 0,967584 0,000141
depth 0,494296 0,000072
depths 0,446287 0,000065
der 1,832581 0,000267
derangement 2,407946 0,000351
derision 1,108663 0,000162
derisive 2,407946 0,000351
derivation 2,207275 0,000322
derivative 0,510826 0,000074
derivatively 3,912023 0,000570
derive 0,210721 0,000061
des 1,427116 0,000208
descartes 2,813411 0,000410
descend 0,174353 0,000051
descent 0,634878 0,000093
description 0,248461 0,000036
desert 0,314711 0,000046
deserve 0,314711 0,000092
deserved 0,634878 0,000093
designate 1,309333 0,000382
designation 1,714798 0,000500
desirability 3,218876 0,000469
desirable 0,733969 0,000107
desire 0,051293 0,000030
desist 1,660731 0,000242
desk 0,867501 0,000126
despair 0,174353 0,000025
despairing 0,798508 0,000116
despairingly 1,966113 0,000286
desperateness 3,912023 0,000570
desperation 0,867501 0,000126
despicable 1,469676 0,000214
despise 0,342490 0,000150
despiser 2,995732 0,000437
destine 0,494296 0,000072
destiny 0,597837 0,000087
destroy 0,061875 0,000036
destruction 0,342490 0,000050
destructive 1,049822 0,000153
detach 0,287682 0,000042
detachment 1,347074 0,000196
deteriorate 2,207275 0,000965
deterioration 2,813411 0,000820
determination 0,616186 0,000090
determine 0,061875 0,000036
determiner 3,506558 0,000511
detour 2,120264 0,000309
detractor 2,813411 0,000410
detriment 1,771957 0,000258
deus 2,659260 0,000387
develop 0,891598 0,000390
developed 0,544727 0,000079
development 0,693147 0,000202
deviation 1,714798 0,000500
devil 0,301105 0,000088
devilry 2,525729 0,000368
devise 0,733969 0,000107
devolve 1,609438 0,000235
devote 0,673345 0,000098
devoted 0,301105 0,000044
devotion 0,510826 0,000074
devour 0,462035 0,000067
dew 0,755023 0,000110
diabolical 1,714798 0,000250
diagnosis 2,659260 0,000387
dialectic 2,659260 0,000387
dialectician 2,995732 0,000437
dialogue 1,049822 0,000153
dictate 0,579818 0,000084
dictator 2,407946 0,000351
didst 1,660731 0,000242
die 0,010050 0,000004
difference 0,174353 0,000051
difficult 0,116534 0,000017
difficultly 3,218876 0,000469
difficulty 0,116534 0,000034
diffidence 1,514128 0,000221
diffident 1,771957 0,000258
diffused 1,469676 0,000214
dig 0,356675 0,000052
digest 1,171183 0,000341
digestion 1,771957 0,000258
digestive 2,407946 0,000351
dignity 0,314711 0,000046
digress 2,120264 0,000618
dilation 3,506558 0,000511
dilettante 2,302585 0,000671
diligence 1,237874 0,000180
diligent 1,469676 0,000214
diligently 1,203973 0,000175
diminished 0,776529 0,000113
ding 2,407946 0,000351
dinner 0,186330 0,000027
dionysus 3,506558 0,000511
diphthong 3,218876 0,000469
direct 0,040822 0,000012
direction 0,051293 0,000015
director 0,733969 0,000107
dirt 0,544727 0,000079
dirty 0,544727 0,000079
disagree 1,469676 0,000214
disagreeable 0,733969 0,000107
disappear 0,223144 0,000033
disappointed 0,415515 0,000061
disappointing 1,897120 0,000276
disbelief 1,832581 0,000267
discern 0,634878 0,000093
discerner 3,218876 0,000469
discerning 1,469676 0,000214
discernment 1,469676 0,000214
discharge 0,478036 0,000139
disciple 1,021651 0,000298
disciplinary 3,218876 0,000469
discipline 0,634878 0,000185
disclaim 0,462035 0,000067
disclaimer 0,562119 0,000164
disclose 0,634878 0,000278
discomfort 1,108663 0,000162
discontinue 0,510826 0,000074
discord 1,078810 0,000157
discourage 0,693147 0,000101
discourse 0,579818 0,000084
discover 0,030459 0,000018
discoverer 1,714798 0,000500
discovery 0,287682 0,000084
discredit 1,660731 0,000242
discreet 0,843970 0,000123
discretion 0,733969 0,000107
disdain 0,673345 0,000098
disease 0,328504 0,000048
diseased 1,237874 0,000180
disenchant 2,813411 0,000410
disenchantment 2,995732 0,000437
disengage 0,843970 0,000123
disgrace 0,462035 0,000067
disguise 0,494296 0,000288
disgust 0,430783 0,000063
disgusted 0,820981 0,000120
dish 0,478036 0,000070
dishonour 1,469676 0,000214
dishonourable 2,040221 0,000297
disillusion 2,040221 0,000297
disillusionment 2,995732 0,000437
disintegrate 2,659260 0,000387
disintegration 2,659260 0,000387
disinterested 1,386294 0,000202
disinterestedly 2,995732 0,000437
disk 0,415515 0,000061
dislike 0,478036 0,000070
disorder 0,544727 0,000079
disorderly 1,469676 0,000214
disorganization 3,912023 0,000570
disparage 2,120264 0,000309
dispense 0,820981 0,000359
displace 1,309333 0,000191
displacing 2,813411 0,000410
display 0,162519 0,000095
displease 1,021651 0,000149
displeasure 0,941609 0,000137
dispose 0,755023 0,000220
disposed 0,385662 0,000056
disposition 0,371064 0,000054
disprove 1,714798 0,000250
dispute 0,446287 0,000065
disquiet 1,309333 0,000191
disquieting 2,120264 0,000309
disregard 0,820981 0,000120
disrespectful 1,832581 0,000267
disrespectfulness 3,912023 0,000570
dissatisfaction 1,609438 0,000235
dissatisfied 1,021651 0,000149
dissecting 2,120264 0,000309
dissection 2,813411 0,000410
dissemble 1,609438 0,000235
dissembling 2,302585 0,000336
dissipate 0,916291 0,000134
dissolution 1,427116 0,000208
dissolve 0,733969 0,000107
dissuade 1,309333 0,000191
distance 0,105361 0,000031
distant 0,162519 0,000024
distasteful 1,714798 0,000250
distastefulness 3,912023 0,000570
distinction 0,356675 0,000104
distinctly 0,478036 0,000070
distinctness 1,469676 0,000214
distinguish 0,314711 0,000092
distinguished 0,301105 0,000044
distinguishing 1,078810 0,000157
distort 0,916291 0,000134
distract 0,510826 0,000074
distress 0,274437 0,000040
distribute 0,210721 0,000092
distribution 0,430783 0,000063
distributor 0,544727 0,000079
distrust 0,733969 0,000107
distrustful 2,120264 0,000309
distrustfully 2,525729 0,000368
distrustfulness 3,506558 0,000511
disturb 0,198451 0,000087
disturbance 0,713350 0,000104
dive 0,967584 0,000141
diverge 1,897120 0,000276
divergence 2,995732 0,000437
divergent 3,506558 0,000511
diverse 1,514128 0,000221
diversify 2,040221 0,000297
divert 0,634878 0,000093
divide 0,150823 0,000022
divine 0,356675 0,000156
divinely 1,609438 0,000235
diviner 2,120264 0,000309
divining 2,302585 0,000336
divinity 0,867501 0,000126
doctor 0,400478 0,000117
doctrine 0,616186 0,000180
documentarily 3,912023 0,000570
doer 1,832581 0,000267
doff 2,040221 0,000297
dog 0,186330 0,000054
dogma 1,832581 0,000267
dogmatic 2,302585 0,000336
dogmatist 2,995732 0,000873
dogmatize 3,506558 0,000511
doltishness 3,912023 0,000570
domain 0,328504 0,000096
domestic 0,510826 0,000074
dominate 1,386294 0,000606
domination 2,040221 0,000297
dominion 0,941609 0,000137
donate 0,544727 0,000079
donation 0,446287 0,000130
dong 2,525729 0,000368
donor 0,478036 0,000070
doom 0,579818 0,000084
door 0,000000 0,000000
dormant 2,040221 0,000297
doth 1,049822 0,000153
double 0,139262 0,000041
doubly 1,049822 0,000153
doubt 0,040822 0,000024
doubtless 0,430783 0,000063
dove 0,916291 0,000134
download 0,562119 0,000082
drag 0,248461 0,000072
dragon 1,021651 0,000149
drain 0,820981 0,000120
drapery 1,832581 0,000267
draw 0,020203 0,000009
drawer 0,820981 0,000239
dread 0,248461 0,000036
dreadful 0,342490 0,000050
dreadfulness 3,912023 0,000570
dream 0,083382 0,000049
dregs 1,714798 0,000250
dress 0,162519 0,000071
drift 0,462035 0,000067
drink 0,072571 0,000011
drinking 0,371064 0,000054
drive 0,030459 0,000009
drop 0,061875 0,000018
drudge 1,832581 0,000267
drunkard 0,994252 0,000145
dry 0,116534 0,000017
du 1,347074 0,000196
duality 2,995732 0,000437
dub 2,207275 0,000322
dull 0,174353 0,000051
dumbfounded 2,659260 0,000387
dun 1,660731 0,000242
dung 1,469676 0,000214
dungeon 1,237874 0,000180
duration 1,078810 0,000157
dust 0,162519 0,000024
duty 0,061875 0,000018
dwarf 1,021651 0,000447
dwarfing 3,506558 0,000511
dwell 0,342490 0,000100
dynamite 3,218876 0,000469
dynastic 3,912023 0,000570
dyspepsia 2,813411 0,000410
dyspeptic 2,525729 0,000368
eager 0,210721 0,000031
eagerness 0,544727 0,000079
eagle 0,755023 0,000110
ear 0,061875 0,000018
earnest 0,261365 0,000038
earth 0,051293 0,000007
earthly 0,673345 0,000098
ease 0,150823 0,000022
easily 0,072571 0,000011
east 0,235722 0,000034
easy 0,000000 0,000000
eat 0,040822 0,000006
eccentric 0,916291 0,000134
ecclesia 3,506558 0,000511
ecclesiastical 1,560648 0,000227
echo 0,356675 0,000052
economic 1,966113 0,000286
economical 1,514128 0,000221
economizer 3,912023 0,000570
economy 0,776529 0,000113
ecstasy 0,798508 0,000116
edifice 1,272966 0,000185
edition 0,287682 0,000084
educate 0,544727 0,000238
education 0,415515 0,000061
educational 0,446287 0,000065
educator 2,659260 0,000387
efface 1,171183 0,000171
effective 0,967584 0,000141
effectively 2,525729 0,000368
effeminacy 2,207275 0,000322
effeminizing 3,912023 0,000570
effort 0,094311 0,000027
effulgence 2,302585 0,000336
ego 1,771957 0,000258
egoism 2,302585 0,000671
egoist 2,659260 0,000387
egypt 0,891598 0,000130
egyptian 1,108663 0,000162
eighteen 0,462035 0,000067
eighteenth 1,203973 0,000175
elaborate 0,867501 0,000126
elaboration 2,302585 0,000336
elect 0,210721 0,000031
electronic 0,544727 0,000079
electronically 0,544727 0,000079
elegance 0,994252 0,000145
elegant 0,634878 0,000093
element 0,342490 0,000100
elevate 1,309333 0,000382
elevated 0,891598 0,000130
elevation 0,843970 0,000246
elicit 1,272966 0,000185
ella 3,912023 0,000570
eloquence 0,776529 0,000113
eloquent 0,820981 0,000120
emaciated 1,832581 0,000267
email 0,562119 0,000082
emancipate 2,659260 0,000387
emancipation 1,771957 0,000258
emasculation 3,912023 0,000570
embarrassed 0,916291 0,000134
embellish 1,771957 0,000258
embellishment 1,609438 0,000235
embitter 2,813411 0,000410
embody 1,347074 0,000393
embolden 1,469676 0,000214
embrace 0,235722 0,000069
emerge 0,653926 0,000095
emergence 2,659260 0,000387
emotion 0,356675 0,000104
emperor 0,916291 0,000134
emphasize 1,832581 0,000801
emphatic 1,427116 0,000208
emphatically 1,203973 0,000175
empire 0,634878 0,000093
empiricist 3,506558 0,000511
employ 0,235722 0,000103
employee 0,510826 0,000149
employment 0,527633 0,000077
empower 1,714798 0,000250
emptiness 1,609438 0,000235
en 0,994252 0,000145
enchain 2,525729 0,000368
enchant 2,525729 0,000368
enchanted 1,078810 0,000157
enchanting 1,714798 0,000250
enchantment 1,139434 0,000166
encircle 1,021651 0,000149
encode 0,653926 0,000095
encounter 0,446287 0,000195
encourage 0,301105 0,000088
endeavour 0,713350 0,000312
endless 0,478036 0,000070
endorse 2,407946 0,000351
endow 0,673345 0,000098
endowment 1,514128 0,000221
endurable 2,407946 0,000351
endurance 0,891598 0,000130
endure 0,210721 0,000092
enemy 0,105361 0,000031
energy 0,371064 0,000054
enervation 3,912023 0,000570
enforcement 2,525729 0,000368
enfranchise 2,525729 0,000368
engender 1,386294 0,000606
england 0,385662 0,000056
english 0,094311 0,000014
englishman 0,820981 0,000239
englishwoman 2,407946 0,000351
engrossing 2,120264 0,000309
enigma 1,771957 0,000516
enigmatical 2,040221 0,000297
enjoin 1,171183 0,000171
enjoy 0,072571 0,000032
enjoyment 0,562119 0,000082
enlarge 0,673345 0,000098
enlighten 0,562119 0,000246
enlightenment 1,714798 0,000250
enmity 1,171183 0,000171
ennoble 1,966113 0,000286
ennoblement 3,912023 0,000570
ennui 1,832581 0,000267
enormity 1,966113 0,000286
enormous 0,430783 0,000063
enormously 1,427116 0,000208
enrapture 2,407946 0,000351
ensnare 2,207275 0,000322
ensure 0,342490 0,000050
entail 1,309333 0,000382
entangle 1,078810 0,000314
enter 0,020203 0,000009
enterprise 0,755023 0,000220
entertain 0,579818 0,000084
enthusiasm 0,653926 0,000095
enthusiast 1,714798 0,000250
enthusiastic 1,021651 0,000149
entice 1,386294 0,000202
enticement 2,525729 0,000368
entire 0,274437 0,000040
entitle 0,653926 0,000095
entity 0,544727 0,000079
entrance 0,210721 0,000031
enviable 2,040221 0,000297
environment 1,514128 0,000221
envy 0,446287 0,000065
eo 2,813411 0,000410
epicurean 2,120264 0,000309
epicurism 3,506558 0,000511
epidemical 3,912023 0,000570
epilepsy 2,995732 0,000437
epilogue 1,966113 0,000286
episode 1,078810 0,000157
epistemological 3,912023 0,000570
epistles 2,120264 0,000309
epitome 2,120264 0,000309
epoch 1,309333 0,000382
equability 3,218876 0,000469
equal 0,162519 0,000047
equality 0,967584 0,000141
equalize 3,218876 0,000469
equally 0,223144 0,000033
equilibrium 1,966113 0,000286
equipment 0,415515 0,000061
equivalent 1,078810 0,000157
equivocator 3,912023 0,000570
era 1,347074 0,000196
ere 0,634878 0,000093
ernest 2,302585 0,000336
eros 2,659260 0,000387
err 0,733969 0,000107
erroneous 1,514128 0,000221
erroneousness 3,506558 0,000511
error 0,072571 0,000021
escape 0,061875 0,000018
esoteric 2,659260 0,000387
espouse 1,469676 0,000428
esprit 2,525729 0,000368
essence 0,693147 0,000101
essential 0,544727 0,000079
essentially 1,347074 0,000196
est 1,309333 0,000191
establish 0,579818 0,000169
established 0,301105 0,000044
esteem 0,478036 0,000139
esteemed 0,916291 0,000134
estimable 1,560648 0,000227
estimate 0,653926 0,000381
estimation 1,139434 0,000166
estrangement 2,207275 0,000322
eternal 0,415515 0,000061
eternally 1,347074 0,000196
eternity 0,673345 0,000098
ethic 1,427116 0,000208
ethical 2,120264 0,000309
etiquette 1,560648 0,000227
eudaemonism 3,912023 0,000570
europe 0,510826 0,000074
european 0,867501 0,000253
europeanism 3,506558 0,000511
evasion 1,609438 0,000235
evening 0,072571 0,000011
event 0,150823 0,000044
eventide 2,120264 0,000309
eventually 1,171183 0,000171
everlasting 0,891598 0,000130
everyday 1,272966 0,000185
evidence 0,235722 0,000034
evident 0,356675 0,000052
evidently 0,371064 0,000054
evil 0,150823 0,000022
evoke 1,514128 0,000441
evolution 1,171183 0,000171
evolving 3,506558 0,000511
exaggerated 0,843970 0,000123
exaggeration 1,237874 0,000361
exalt 0,597837 0,000087
exaltation 1,714798 0,000250
examination 0,385662 0,000056
examine 0,150823 0,000044
exceed 0,462035 0,000067
excellence 1,021651 0,000149
excellency 1,347074 0,000196
excellent 0,150823 0,000022
excepting 3,218876 0,000469
exception 0,446287 0,000130
exceptional 1,386294 0,000202
excess 0,579818 0,000084
excessive 0,597837 0,000087
excessively 1,469676 0,000214
exchange 0,210721 0,000031
excite 0,798508 0,000233
excitement 0,415515 0,000061
exclusion 0,371064 0,000054
exclusive 1,203973 0,000175
exclusively 1,139434 0,000166
executive 1,171183 0,000171
executor 1,832581 0,000534
exemplify 2,207275 0,000322
exempt 0,314711 0,000046
exercise 0,235722 0,000137
exert 0,820981 0,000120
exhaust 1,560648 0,000227
exhausted 0,400478 0,000058
exhibit 0,579818 0,000169
exhibition 0,994252 0,000145
exhort 1,171183 0,000171
exist 0,072571 0,000032
existence 0,150823 0,000022
existing 0,891598 0,000130
exit 1,347074 0,000196
exoteric 3,506558 0,000511
exotic 1,897120 0,000276
exoticism 3,912023 0,000570
expand 0,891598 0,000130
expanse 1,108663 0,000162
expect 0,051293 0,000007
expectation 0,356675 0,000052
expediency 2,040221 0,000595
expedient 0,941609 0,000274
expedition 0,733969 0,000107
expel 1,203973 0,000175
expend 0,301105 0,000088
expenditure 1,427116 0,000208
expense 0,127833 0,000037
experience 0,072571 0,000021
experienced 0,356675 0,000052
experiment 0,494296 0,000072
explain 0,116534 0,000034
explainable 3,506558 0,000511
explanation 0,139262 0,000041
explicitly 2,407946 0,000351
explicitness 3,912023 0,000570
explode 1,309333 0,000191
exploit 0,867501 0,000379
exploitation 2,813411 0,000410
explosive 2,120264 0,000309
export 0,446287 0,000065
exposition 1,660731 0,000242
exposure 1,139434 0,000166
express 0,072571 0,000032
expression 0,116534 0,000034
expressly 0,820981 0,000120
expulsion 1,771957 0,000258
exquisite 0,673345 0,000098
extend 0,261365 0,000114
extensive 0,798508 0,000116
extent 0,083382 0,000012
extenuate 1,832581 0,000267
exterminate 1,714798 0,000250
external 0,562119 0,000082
externally 1,771957 0,000258
extinct 1,108663 0,000162
extinguish 0,562119 0,000082
extol 1,660731 0,000242
extraordinarily 1,714798 0,000250
extraordinary 0,371064 0,000054
extravagance 1,347074 0,000196
extravagant 0,916291 0,000134
extreme 0,186330 0,000027
extremely 0,385662 0,000056
exuberance 1,832581 0,000267
exuberant 1,966113 0,000286
exult 1,309333 0,000382
eye 0,000000 0,000000
fable 1,108663 0,000162
fabric 1,237874 0,000180
fabricate 2,525729 0,000368
facility 0,342490 0,000050
factor 1,171183 0,000171
faculty 0,510826 0,000149
fade 0,371064 0,000108
faggot 2,813411 0,000410
fail 0,072571 0,000021
failure 0,415515 0,000121
fain 0,967584 0,000141
fair 0,051293 0,000015
fairbanks 1,386294 0,000202
faire 2,525729 0,000368
fairness 1,771957 0,000258
fairy 1,021651 0,000149
fait 2,407946 0,000351
faith 0,210721 0,000031
faithful 0,261365 0,000038
fall 0,000000 0,000000
falls 0,328504 0,000048
false 0,210721 0,000061
falsehood 0,693147 0,000101
falsely 1,171183 0,000171
falseness 2,659260 0,000387
falsification 3,218876 0,000938
falsify 2,120264 0,001236
falter 0,867501 0,000126
familiar 0,150823 0,000022
familiarity 0,843970 0,000123
family 0,061875 0,000009
famish 2,407946 0,000351
famous 0,261365 0,000038
fanatic 1,714798 0,000250
fanaticism 1,966113 0,000286
fancy 0,162519 0,000024
farce 1,832581 0,000267
farth 1,049822 0,000153
fascinatingly 3,912023 0,000570
fashion 0,105361 0,000031
fashioning 2,659260 0,000387
fast 0,030459 0,000009
fasten 0,478036 0,000070
fastidious 1,514128 0,000221
fasting 1,049822 0,000153
fat 0,314711 0,000046
fatal 0,342490 0,000050
fatalism 3,218876 0,000469
fatalist 2,525729 0,000368
fate 0,174353 0,000025
father 0,061875 0,000018
fatherland 1,966113 0,000573
fatigued 1,203973 0,000175
fault 0,139262 0,000041
fauna 2,813411 0,000410
faust 2,659260 0,000387
faut 2,207275 0,000322
favour 0,544727 0,000079
favourable 0,776529 0,000113
favourably 1,771957 0,000258
favoured 1,021651 0,000149
favourite 0,653926 0,000095
fear 0,020203 0,000009
fearfulness 2,525729 0,000368
fearless 1,309333 0,000191
fearlessness 2,995732 0,000437
feast 0,430783 0,000126
feature 0,261365 0,000076
february 0,820981 0,000120
federal 0,527633 0,000077
fee 0,301105 0,000088
feeble 0,356675 0,000052
feeding 0,616186 0,000090
feel 0,020203 0,000006
feeling 0,072571 0,000021
feign 0,776529 0,000113
felix 2,207275 0,000322
fellow 0,040822 0,000012
female 0,385662 0,000056
feminine 1,049822 0,000153
fertile 1,021651 0,000149
festal 2,659260 0,000387
festival 0,994252 0,000145
festive 1,514128 0,000221
fetter 0,994252 0,000290
fever 0,342490 0,000100
fiction 0,843970 0,000246
fight 0,083382 0,000036
figuratively 1,966113 0,000286
figure 0,051293 0,000007
file 0,223144 0,000065
film 1,609438 0,000235
filth 1,139434 0,000166
filthy 1,049822 0,000153
final 0,342490 0,000050
finally 0,150823 0,000022
financial 0,415515 0,000061
fine 0,061875 0,000027
finery 1,966113 0,000286
finger 0,150823 0,000066
finished 0,162519 0,000024
finishing 0,843970 0,000123
firework 2,120264 0,000309
firmament 1,660731 0,000242
firmly 0,342490 0,000050
firstling 2,525729 0,000736
firstly 1,897120 0,000276
fit 0,030459 0,000004
fitness 0,446287 0,000065
fixedly 1,427116 0,000208
flag 0,653926 0,000095
flash 0,261365 0,000038
flat 0,139262 0,000020
flatter 0,755023 0,000110
flatterer 1,771957 0,000258
flattering 0,798508 0,000116
flattery 0,867501 0,000126
flaubert 2,995732 0,000437
flavour 1,386294 0,000404
flaw 1,514128 0,000221
flee 0,301105 0,000132
fleeting 1,139434 0,000166
flesh 0,210721 0,000031
flexibility 2,659260 0,000387
flexible 1,714798 0,000250
flicker 0,755023 0,000110
flier 3,218876 0,000469
flight 0,287682 0,000042
flighty 2,207275 0,000322
fling 0,462035 0,000067
float 0,328504 0,000048
flood 0,430783 0,000188
florence 1,609438 0,000235
florentine 2,302585 0,000336
florid 1,560648 0,000227
flourish 0,562119 0,000164
flourishing 1,021651 0,000149
flow 0,174353 0,000051
flower 0,174353 0,000025
flute 1,427116 0,000208
flutter 0,673345 0,000098
fly 0,116534 0,000051
flying 0,235722 0,000034
foe 0,616186 0,000090
fog 0,653926 0,000095
fold 0,287682 0,000042
folies 3,912023 0,000570
follow 0,020203 0,000003
follower 0,713350 0,000104
folly 0,274437 0,000080
fond 0,261365 0,000038
food 0,127833 0,000019
fool 0,235722 0,000069
foolhardiness 2,659260 0,000387
foolish 0,235722 0,000034
foolisher 3,506558 0,000511
foolishly 1,139434 0,000166
foot 0,051293 0,000015
footnote 1,427116 0,000416
footstep 0,430783 0,000063
forbearance 1,272966 0,000185
forbid 0,248461 0,000036
force 0,030459 0,000013
forcibly 0,820981 0,000120
forego 1,203973 0,000175
foreground 1,560648 0,000455
forehead 0,400478 0,000058
foreign 0,301105 0,000044
foreigner 0,891598 0,000130
forelock 2,120264 0,000309
foremost 0,673345 0,000098
forerunner 2,120264 0,000309
forest 0,356675 0,000052
forestall 1,771957 0,000258
foresworn 3,506558 0,000511
foretaste 1,714798 0,000250
forfeit 1,237874 0,000180
forfeiture 2,302585 0,000336
forge 0,798508 0,000116
forget 0,010050 0,000006
forgetful 1,347074 0,000196
forgetfulness 0,916291 0,000134
forgive 0,314711 0,000092
forlorn 1,078810 0,000157
form 0,020203 0,000009
formal 0,673345 0,000098
formalize 3,912023 0,000570
format 0,562119 0,000164
formation 1,139434 0,000166
formless 2,040221 0,000297
formula 1,469676 0,000428
formulation 3,506558 0,000511
formulize 3,912023 0,000570
forsooth 1,832581 0,000267
fortuitousness 3,912023 0,000570
fortunate 0,415515 0,000061
fortunately 0,579818 0,000084
fortune 0,162519 0,000024
foster 0,891598 0,000130
foundation 0,127833 0,000019
fourth 0,174353 0,000025
fragile 1,714798 0,000250
fragrancy 3,506558 0,000511
fragrant 1,108663 0,000162
frail 0,967584 0,000141
frame 0,174353 0,000025
france 0,544727 0,000079
frank 0,597837 0,000087
frankness 1,272966 0,000185
franks 2,525729 0,000368
frantically 1,386294 0,000202
fraternity 1,897120 0,000276
fraud 1,078810 0,000157
fraught 1,514128 0,000221
fraus 3,912023 0,000570
freak 1,514128 0,000221
frederick 1,272966 0,000185
freedom 0,223144 0,000033
freely 0,105361 0,000015
freethinker 3,218876 0,000469
french 0,342490 0,000050
frenchman 1,272966 0,000185
frenchmen 1,714798 0,000250
frequent 0,287682 0,000042
frequently 0,287682 0,000042
fresh 0,105361 0,000015
friend 0,000000 0,000000
friendliness 1,560648 0,000227
friendship 0,261365 0,000076
frightened 0,301105 0,000044
frightening 1,514128 0,000221
frightful 0,776529 0,000113
frightfully 1,560648 0,000227
fringe 0,798508 0,000116
frippery 3,218876 0,000469
frivolity 1,660731 0,000242
frivolously 3,218876 0,000469
frog 1,139434 0,000166
froglike 3,912023 0,000570
froth 1,386294 0,000202
fructify 3,912023 0,001140
fruit 0,162519 0,000047
fruitful 1,171183 0,000171
fugitive 0,967584 0,000141
fulfil 0,385662 0,000056
fume 0,941609 0,000274
function 0,820981 0,000239
fundamental 1,203973 0,000175
fundamentally 2,813411 0,000410
funeral 0,597837 0,000087
furca 3,506558 0,000511
furious 0,430783 0,000063
furnish 0,527633 0,000154
furnished 0,328504 0,000048
fuse 1,966113 0,000286
future 0,105361 0,000015
futurity 2,207275 0,000322
gaiety 1,237874 0,000180
gain 0,040822 0,000018
gait 1,078810 0,000157
gala 2,525729 0,000368
gallery 0,693147 0,000101
galling 1,832581 0,000267
gallop 0,820981 0,000120
game 0,210721 0,000061
gange 1,771957 0,000258
gap 0,843970 0,000123
gape 0,798508 0,000116
garb 1,203973 0,000175
garden 0,150823 0,000022
garland 1,203973 0,000175
garment 0,400478 0,000058
gasp 0,579818 0,000084
gather 0,061875 0,000018
gay 0,494296 0,000072
gaze 0,314711 0,000138
generalism 3,912023 0,000570
generalization 2,813411 0,000410
generalize 2,995732 0,000437
generate 1,386294 0,000202
generation 0,127833 0,000037
generative 2,995732 0,000437
generous 0,356675 0,000052
genesis 1,427116 0,000208
genie 3,506558 0,000511
genii 2,407946 0,000351
genius 0,400478 0,000117
gentle 0,274437 0,000040
gentleman 0,223144 0,000033
gentleness 0,916291 0,000134
gentler 1,714798 0,000250
genuine 0,597837 0,000087
george 0,616186 0,000090
germ 1,386294 0,000202
german 0,478036 0,000139
germanism 3,912023 0,000570
germany 1,049822 0,000153
gesture 0,510826 0,000074
ghost 0,462035 0,000067
gift 0,210721 0,000061
gifted 1,049822 0,000153
gilded 1,171183 0,000171
girl 0,198451 0,000058
givers 2,659260 0,000387
glacier 2,407946 0,000702
glad 0,072571 0,000011
gladly 0,544727 0,000079
glance 0,186330 0,000054
glib 2,659260 0,000387
glide 0,673345 0,000098
glisten 0,820981 0,000239
gloom 0,579818 0,000169
gloominess 2,995732 0,000437
gloomy 0,462035 0,000067
gloria 2,813411 0,000410
glorification 2,813411 0,000820
glorifier 3,912023 0,000570
glorify 1,272966 0,000556
glory 0,301105 0,000044
glove 0,597837 0,000087
glow 0,314711 0,000046
gnash 1,966113 0,000286
gnashing 1,897120 0,000276
goal 0,274437 0,000080
goat 1,021651 0,000149
god 0,083382 0,000024
godless 1,966113 0,000286
godlike 1,771957 0,000258
godsend 2,302585 0,000336
goethe 2,302585 0,000336
gold 0,083382 0,000012
golden 0,342490 0,000050
goldenness 3,912023 0,000570
goodness 0,328504 0,000048
goody 2,525729 0,000368
gorgeous 1,171183 0,000171
govern 0,186330 0,000027
governess 1,897120 0,000553
governing 1,714798 0,000250
government 0,462035 0,000067
gown 0,616186 0,000090
grace 0,235722 0,000034
gradation 1,609438 0,000469
grade 1,347074 0,000393
gradually 0,328504 0,000048
grain 0,562119 0,000082
gram 3,506558 0,000511
grammar 1,171183 0,000171
grammatical 2,813411 0,000410
grand 0,342490 0,000050
grandchild 1,514128 0,000221
grandfather 0,755023 0,000220
grandfatherly 3,912023 0,000570
grandiose 2,995732 0,000437
granite 1,347074 0,000196
grant 0,061875 0,000027
grasp 0,274437 0,000160
grateful 0,446287 0,000065
gratefully 0,415515 0,000061
gratification 0,994252 0,000145
gratify 0,733969 0,000107
gratifying 1,272966 0,000185
gratitude 0,478036 0,000070
gravity 0,693147 0,000101
greatness 0,693147 0,000101
greece 1,139434 0,000166
greek 0,494296 0,000144
green 0,105361 0,000031
gregarious 2,659260 0,000387
gregory 1,139434 0,000166
grenadier 2,120264 0,000309
grey 0,562119 0,000082
grief 0,356675 0,000052
grievous 0,967584 0,000141
grimace 1,386294 0,000404
grisly 2,040221 0,000297
groan 0,446287 0,000065
gross 0,235722 0,000069
grotesque 1,021651 0,000149
grotesquely 2,995732 0,000437
grotto 2,302585 0,000336
ground 0,030459 0,000004
grounds 0,446287 0,000065
grove 0,733969 0,000107
grow 0,010050 0,000007
growth 0,430783 0,000126
grudge 0,994252 0,000145
grumble 0,867501 0,000126
grunt 1,021651 0,000149
guarantee 1,203973 0,000175
guard 0,083382 0,000024
guardian 0,597837 0,000087
guess 0,223144 0,000065
guest 0,235722 0,000069
guidance 0,776529 0,000113
guide 0,083382 0,000012
guise 1,514128 0,000221
gulf 0,733969 0,000107
gunpowder 1,560648 0,000227
habit 0,162519 0,000047
habitual 0,916291 0,000134
habituated 1,832581 0,000267
hack 1,171183 0,000171
hafis 3,912023 0,000570
hail 0,415515 0,000061
haine 3,912023 0,000570
hair 0,072571 0,000011
halcyon 2,995732 0,000437
hallow 2,407946 0,000702
halt 0,733969 0,000107
hamlet 1,078810 0,000157
hammer 0,544727 0,000079
hamper 1,237874 0,000180
hand 0,010050 0,000004
handful 0,776529 0,000226
handle 0,223144 0,000033
handsome 0,328504 0,000048
handy 0,967584 0,000141
hang 0,198451 0,000029
hanker 2,813411 0,000410
hankering 2,120264 0,000309
hans 2,302585 0,000336
happen 0,030459 0,000013
happily 0,478036 0,000070
happiness 0,150823 0,000022
happy 0,061875 0,000027
harass 1,078810 0,000157
harbour 0,916291 0,000267
hard 0,040822 0,000012
hardened 0,820981 0,000120
hardiment 3,912023 0,000570
hardness 1,203973 0,000175
hardship 0,713350 0,000104
hardy 0,967584 0,000141
hark 1,139434 0,000166
harmless 0,248461 0,000036
harmony 0,579818 0,000169
harpy 2,040221 0,000297
harshness 1,560648 0,000227
hart 0,462035 0,000067
hartmann 3,912023 0,000570
hast 0,891598 0,000130
hasty 0,510826 0,000074
hate 0,150823 0,000044
hatred 0,494296 0,000072
haughtiness 2,207275 0,000322
haunting 1,469676 0,000214
hazard 0,776529 0,000113
hazardous 1,560648 0,000227
head 0,000000 0,000000
headed 0,510826 0,000074
headstrong 1,714798 0,000250
healing 1,347074 0,000196
health 0,198451 0,000029
healthy 0,356675 0,000156
hear 0,010050 0,000004
hearer 1,021651 0,000149
hearing 0,139262 0,000020
hearken 1,714798 0,000250
heart 0,010050 0,000003
hearted 0,415515 0,000061
heartfelt 2,120264 0,000309
heartily 0,597837 0,000087
heartiness 2,525729 0,000368
heat 0,198451 0,000029
heaven 0,174353 0,000051
heavenly 0,843970 0,000123
heavily 0,400478 0,000058
heavy 0,030459 0,000004
hedonism 3,506558 0,000511
height 0,210721 0,000061
heiling 3,912023 0,000570
heinrich 3,506558 0,000511
heir 0,527633 0,000077
helen 1,714798 0,000250
hellenic 2,813411 0,000410
hellenism 3,912023 0,000570
helm 1,347074 0,000196
helpful 1,560648 0,000227
helpless 0,328504 0,000048
helplessness 1,386294 0,000202
hemlock 2,995732 0,000437
henceforth 0,867501 0,000126
herald 1,139434 0,000332
herbert 2,525729 0,000368
hercules 1,272966 0,000185
herd 0,597837 0,000174
herding 2,525729 0,000368
hereditarily 3,506558 0,000511
hereditary 1,108663 0,000162
heredity 2,120264 0,000309
heritage 1,897120 0,000276
hermaphroditic 3,912023 0,000570
hero 0,430783 0,000063
heroism 1,514128 0,000221
hesitate 0,314711 0,000138
hesitatingly 1,714798 0,000250
hesitation 0,616186 0,000090
heuristic 3,506558 0,000511
hide 0,072571 0,000032
hiding 0,616186 0,000090
highly 0,261365 0,000038
highway 0,916291 0,000134
hill 0,150823 0,000022
hinder 0,579818 0,000169
hindrance 1,049822 0,000153
hint 0,301105 0,000088
hiss 0,653926 0,000095
historian 0,994252 0,000290
historical 0,843970 0,000123
historically 2,207275 0,000322
history 0,186330 0,000027
histrionic 2,995732 0,000437
hit 0,314711 0,000046
hitherto 0,385662 0,000056
hoarse 0,867501 0,000126
hoary 1,714798 0,000250
hocus 3,506558 0,000511
hohenstaufen 3,218876 0,000469
hold 0,010050 0,000003
holder 0,430783 0,000063
hole 0,261365 0,000038
holiness 1,347074 0,000196
holy 0,371064 0,000108
homer 1,203973 0,000175
homeric 2,302585 0,000336
homesickness 2,407946 0,000351
homme 2,995732 0,000437
homo 2,525729 0,000368
honest 0,235722 0,000034
honestly 0,843970 0,000123
honesty 0,733969 0,000107
honey 0,755023 0,000110
honeymoon 1,966113 0,000286
honour 0,494296 0,000216
honourable 0,941609 0,000137
hooped 2,659260 0,000387
hope 0,000000 0,000000
hopeful 0,916291 0,000134
horace 1,514128 0,000221
horizon 0,597837 0,000174
horizontally 1,832581 0,000267
horn 0,478036 0,000070
horner 2,659260 0,000387
horror 0,198451 0,000029
horse 0,139262 0,000041
hospitable 1,078810 0,000157
hospitality 0,713350 0,000104
hostile 0,776529 0,000113
hostility 1,171183 0,000171
hot 0,116534 0,000017
hotch 3,218876 0,000469
hound 0,843970 0,000123
hour 0,061875 0,000018
house 0,020203 0,000003
household 0,430783 0,000063
hover 0,653926 0,000095
howl 0,527633 0,000077
hows 3,912023 0,000570
hugo 1,966113 0,000286
human 0,072571 0,000011
humane 1,203973 0,000351
humanely 2,813411 0,000410
humaner 3,218876 0,000469
humanise 2,995732 0,000437
humanitarian 2,995732 0,000873
humanity 0,494296 0,000072
humanize 2,995732 0,000437
humanness 3,912023 0,000570
humble 0,261365 0,000038
hume 2,207275 0,000322
humility 0,867501 0,000126
humour 0,713350 0,000104
humoured 1,609438 0,000235
hunger 0,478036 0,000070
hunt 0,371064 0,000054
hunting 0,462035 0,000067
huntsman 1,771957 0,000258
hush 0,527633 0,000077
hybrid 2,813411 0,000410
hypnotic 2,813411 0,000410
hypochondriac 2,995732 0,000437
hypocrisy 1,347074 0,000196
hypocritically 3,218876 0,000469
hypothesis 1,237874 0,000361
hypothetically 2,813411 0,000410
hysteria 2,813411 0,000410
hysterical 1,469676 0,000214
ice 0,527633 0,000077
icy 1,203973 0,000175
idea 0,083382 0,000024
ideal 0,776529 0,000226
idealise 3,506558 0,000511
idealist 2,207275 0,000322
idealistic 3,218876 0,000469
idealize 2,995732 0,000437
idealized 2,659260 0,000387
identical 0,994252 0,000145
identification 0,527633 0,000077
identify 0,342490 0,000100
ideology 3,506558 0,000511
idiocy 2,407946 0,000351
idiotic 1,347074 0,000196
idle 0,261365 0,000038
idleness 0,755023 0,000110
idler 1,660731 0,000242
ignoble 1,427116 0,000208
ignobleness 3,912023 0,000570
ignorance 0,287682 0,000042
ignorant 0,301105 0,000044
ignore 1,309333 0,000191
iii 0,287682 0,000042
illness 0,616186 0,000090
illumine 1,309333 0,000191
illusion 0,994252 0,000290
illusory 2,659260 0,000387
image 0,301105 0,000044
imagine 0,083382 0,000024
imbecile 1,514128 0,000221
imbecility 1,609438 0,000235
imbue 1,609438 0,000235
imitate 0,579818 0,000084
immeasurable 1,560648 0,000227
immemorial 1,714798 0,000250
immense 0,314711 0,000046
immodest 2,407946 0,000351
immoral 1,660731 0,000242
immorality 1,966113 0,000286
immortal 0,755023 0,000110
immortalize 3,218876 0,000469
immunity 1,771957 0,000258
immutable 1,714798 0,000250
impaired 1,609438 0,000235
impartial 1,237874 0,000180
impatience 0,634878 0,000093
impatient 0,371064 0,000054
impatiently 0,634878 0,000093
impel 0,916291 0,000267
imperative 1,237874 0,000180
imperfect 0,673345 0,000098
imperfectly 1,386294 0,000202
imperious 1,237874 0,000180
imperiousness 2,995732 0,000437
imperium 3,218876 0,000469
impersonal 1,897120 0,000276
implant 1,714798 0,000500
implicitly 1,832581 0,000267
imply 0,235722 0,000103
import 0,843970 0,000123
importunate 1,609438 0,000235
importunely 3,912023 0,000570
importunity 1,514128 0,000221
impose 0,162519 0,000071
imposing 0,843970 0,000123
imposingly 3,218876 0,000469
impossible 0,094311 0,000014
impotence 1,832581 0,000267
impress 0,634878 0,000093
impression 0,210721 0,000031
imprison 0,798508 0,000116
improbability 2,207275 0,000322
improbable 1,021651 0,000149
improper 1,139434 0,000166
imprudence 1,832581 0,000267
imprudent 1,469676 0,000214
imprudently 2,120264 0,000309
impugn 2,659260 0,000387
impulse 0,400478 0,000117
impulsion 3,218876 0,000469
impulsive 1,714798 0,000250
impure 1,469676 0,000214
impurity 1,560648 0,000227
inability 1,386294 0,000202
inaccessible 1,427116 0,000208
inaccurate 0,510826 0,000074
inadequate 1,237874 0,000180
inaudible 1,560648 0,000227
incalculable 1,832581 0,000267
incapable 0,562119 0,000082
incapacitate 2,407946 0,000351
incapacity 1,714798 0,000250
incarnate 1,832581 0,000267
incarnated 3,506558 0,000511
incense 0,755023 0,000220
incentive 2,302585 0,000671
incidental 0,446287 0,000065
incisiveness 3,912023 0,000570
incivility 2,407946 0,000351
inclination 0,544727 0,000159
incline 0,733969 0,000214
inclined 0,186330 0,000027
include 0,072571 0,000042
incompetent 2,040221 0,000297
incomplete 0,301105 0,000044
incomprehensible 1,108663 0,000162
incomprehensibleness 3,912023 0,000570
inconceivable 1,078810 0,000157
inconsiderate 2,302585 0,000336
inconsistency 1,171183 0,000171
incontinence 2,659260 0,000387
inconvenience 1,078810 0,000157
incorporate 1,560648 0,000455
incorporation 2,995732 0,000437
increase 0,061875 0,000036
increasingly 2,525729 0,000368
incredible 0,653926 0,000095
incurable 1,386294 0,000202
incurably 2,813411 0,000410
indefatigable 1,771957 0,000258
indelible 2,407946 0,000351
indemnification 2,995732 0,000437
indemnify 0,446287 0,000065
indemnity 0,527633 0,000077
independence 0,843970 0,000123
independent 0,510826 0,000074
independently 1,427116 0,000208
indescribable 1,108663 0,000162
indescribably 1,771957 0,000258
indestructible 2,207275 0,000322
indian 0,544727 0,000159
indication 0,798508 0,000116
indifference 0,527633 0,000077
indifferent 0,400478 0,000058
indifferently 1,049822 0,000153
indigence 2,207275 0,000322
indigenous 2,659260 0,000387
indigestible 3,506558 0,000511
indignant 0,820981 0,000120
indignantly 1,203973 0,000175
indignation 0,510826 0,000074
indignity 1,560648 0,000227
indirect 0,446287 0,000065
indirectly 0,371064 0,000054
indiscreet 1,609438 0,000235
indiscretion 1,427116 0,000208
indispensable 0,843970 0,000123
individual 0,139262 0,000041
indivisible 2,407946 0,000351
indoctrinate 3,218876 0,000469
indolence 1,309333 0,000191
induce 0,328504 0,000144
inducement 1,237874 0,000180
indulge 0,527633 0,000077
indulgence 0,755023 0,000110
indulgent 1,386294 0,000202
industrial 2,302585 0,000336
industrious 1,078810 0,000157
industriously 2,407946 0,000351
industry 0,843970 0,000123
inevitable 0,544727 0,000079
inevitably 0,843970 0,000123
inexhaust 3,912023 0,000570
inexhaustible 1,237874 0,000180
inexorable 1,347074 0,000196
inexorably 2,659260 0,000387
inexperience 1,427116 0,000208
inexplicable 1,171183 0,000171
infamous 1,049822 0,000153
infected 1,347074 0,000196
infection 1,514128 0,000221
infer 0,891598 0,000390
inference 1,386294 0,000404
inferior 0,579818 0,000084
infinite 0,430783 0,000063
infirm 1,714798 0,000250
infirmity 1,049822 0,000153
inflated 1,966113 0,000286
inflection 2,813411 0,000410
inflict 0,579818 0,000084
influence 0,198451 0,000087
influential 1,832581 0,000267
inform 0,198451 0,000029
infrequently 2,302585 0,000336
infringement 0,544727 0,000079
ingenious 0,693147 0,000101
ingeniousness 3,912023 0,000570
ingrained 2,995732 0,000437
ingredient 1,514128 0,000441
inherent 1,560648 0,000227
inherit 0,579818 0,000084
inheritance 0,798508 0,000116
inhuman 1,108663 0,000162
inimitable 1,966113 0,000286
initial 0,994252 0,000145
initiate 1,309333 0,000382
initiative 2,207275 0,000322
injure 0,356675 0,000208
injurious 1,427116 0,000208
injury 0,301105 0,000044
injustice 0,653926 0,000095
inkling 1,427116 0,000208
inmost 1,309333 0,000191
innate 1,427116 0,000208
innateness 3,912023 0,000570
innocence 0,634878 0,000093
innocent 0,186330 0,000027
innocently 1,427116 0,000208
inquire 0,235722 0,000034
inquiringly 1,771957 0,000258
inquisitive 1,078810 0,000157
insanity 1,469676 0,000214
insatiability 3,506558 0,000511
insatiable 1,427116 0,000208
insatiably 2,813411 0,000410
insatiate 1,897120 0,000276
inscribe 1,171183 0,000512
inscrutable 1,514128 0,000221
insert 1,021651 0,000149
insidious 1,832581 0,000267
insidiously 2,995732 0,000437
insight 1,171183 0,000341
insignificant 0,891598 0,000130
insinuate 1,203973 0,000175
insist 0,223144 0,000065
insolence 0,994252 0,000145
insolent 0,941609 0,000137
inspiration 0,755023 0,000110
inspire 0,371064 0,000108
inspiring 1,108663 0,000162
instance 0,116534 0,000034
instant 0,210721 0,000031
instil 2,040221 0,000297
instinct 0,356675 0,000104
instinctive 1,203973 0,000175
instinctively 0,733969 0,000107
institution 0,713350 0,000104
instruct 0,494296 0,000072
instruction 0,328504 0,000048
instructive 1,469676 0,000214
instrument 0,248461 0,000072
insuperably 3,912023 0,000570
insupportable 1,660731 0,000242
insurrection 1,609438 0,000235
intangible 1,966113 0,000286
intellect 0,634878 0,000185
intellectual 0,235722 0,000034
intellectuality 3,912023 0,000570
intellectually 2,207275 0,000322
intelligence 0,301105 0,000044
intelligent 0,342490 0,000050
intelligible 1,021651 0,000149
intend 0,094311 0,000014
intensify 1,386294 0,000202
intention 0,127833 0,000056
intentional 1,897120 0,000276
inter 1,469676 0,000214
intercalary 3,506558 0,000511
intercalate 3,506558 0,000511
intercourse 0,798508 0,000116
interfere 0,415515 0,000061
interlocutor 1,966113 0,000573
interlude 2,407946 0,000702
intermediary 2,995732 0,000437
intermediate 1,660731 0,000242
intermingle 1,714798 0,000250
intermix 2,207275 0,000322
internal 0,261365 0,000038
internally 1,897120 0,000276
international 0,494296 0,000072
interpret 0,235722 0,000103
interpretation 0,994252 0,000290
interpreter 1,108663 0,000323
interrogation 1,897120 0,000276
interrogative 2,659260 0,000387
interrogator 2,995732 0,000437
interval 0,301105 0,000044
intimacy 0,843970 0,000123
intimate 0,430783 0,000063
intimately 1,309333 0,000191
intolerance 2,659260 0,000387
intolerant 2,040221 0,000297
intoxicated 1,427116 0,000208
intoxication 1,309333 0,000191
intrinsic 2,407946 0,000351
introduce 0,261365 0,000076
introduction 0,385662 0,000056
introspection 3,218876 0,000469
intruder 1,108663 0,000162
intuition 1,560648 0,000455
intuitive 2,407946 0,000351
invalid 1,078810 0,000157
invalidity 0,527633 0,000077
invaluable 1,386294 0,000202
invariably 0,798508 0,000116
invent 0,400478 0,000233
inventive 2,040221 0,000297
inventiveness 2,813411 0,000410
inventor 1,386294 0,000202
inverse 2,407946 0,000351
inversion 2,813411 0,000410
invert 2,525729 0,000736
inverted 2,120264 0,000309
investigate 0,820981 0,000120
investigation 0,713350 0,000104
investigator 2,040221 0,000595
invincible 1,427116 0,000208
invisible 0,562119 0,000082
involuntarily 1,139434 0,000166
involuntary 1,021651 0,000149
involve 0,820981 0,000359
involved 0,579818 0,000084
inwardly 0,798508 0,000116
iridescence 3,912023 0,000570
iridescent 3,218876 0,000469
iron 0,162519 0,000024
ironical 1,386294 0,000202
ironist 3,912023 0,000570
irony 1,386294 0,000202
irrationality 3,506558 0,000511
irreceptive 3,912023 0,000570
irreconcilable 2,302585 0,000336
irrecoverable 3,218876 0,000469
irresistibly 1,203973 0,000175
irresponsive 3,506558 0,000511
irrestrainable 3,912023 0,000570
irritability 1,897120 0,000276
irritated 1,078810 0,000157
irritating 1,272966 0,000185
irritation 1,108663 0,000162
irs 0,562119 0,000082
ise 3,912023 0,000570
island 0,400478 0,000058
isolated 0,994252 0,000145
isolation 1,514128 0,000221
isolde 3,506558 0,000511
italian 0,653926 0,000095
italicize 3,218876 0,000469
italics 2,813411 0,000410
italy 0,820981 0,000120
itching 2,207275 0,000322
iv 0,328504 0,000048
ix 0,494296 0,000072
jack 0,755023 0,000110
japanese 1,660731 0,000242
java 2,525729 0,000368
jealous 0,446287 0,000065
jealousy 0,430783 0,000063
jean 1,966113 0,000286
jenny 2,407946 0,000351
jest 0,616186 0,000090
jesting 1,427116 0,000208
jesuitical 2,995732 0,000437
jesuitism 3,912023 0,000570
jesuits 2,302585 0,000336
jesus 1,237874 0,000180
jew 1,171183 0,000171
jewel 0,634878 0,000093
jewish 1,832581 0,000267
jews 1,078810 0,000157
jingle 1,171183 0,000171
john 0,328504 0,000048
joke 0,356675 0,000052
joy 0,127833 0,000037
joyfully 1,272966 0,000185
joyous 0,941609 0,000137
joyously 1,560648 0,000227
jubilantly 3,218876 0,000469
jubilation 2,525729 0,000368
judge 0,061875 0,000018
judging 0,713350 0,000104
judgment 0,198451 0,000058
june 0,527633 0,000077
justice 0,162519 0,000024
justification 1,139434 0,000166
justified 0,693147 0,000101
justify 0,562119 0,000246
juxtaposition 2,995732 0,000437
kant 2,407946 0,000351
kantian 3,218876 0,000469
keen 0,371064 0,000108
keener 1,469676 0,000214
key 0,342490 0,000050
kill 0,083382 0,000024
kin 1,139434 0,000166
kindly 0,223144 0,000033
kindness 0,274437 0,000040
king 0,210721 0,000061
kingship 2,995732 0,000437
kiss 0,356675 0,000052
kitchen 0,562119 0,000082
kith 2,659260 0,000387
knack 1,660731 0,000242
knee 0,150823 0,000044
knife 0,287682 0,000042
knights 1,309333 0,000191
knock 0,287682 0,000042
knot 0,510826 0,000149
knowable 3,506558 0,000511
knowledge 0,061875 0,000009
kundry 3,912023 0,000570
label 1,427116 0,000208
laborious 1,171183 0,000171
laboriousness 3,506558 0,000511
labour 0,562119 0,000246
labyrinth 1,514128 0,000441
lacerate 2,120264 0,000618
lack 0,371064 0,000162
ladder 0,616186 0,000090
lady 0,162519 0,000024
lake 0,162519 0,000024
lamb 0,693147 0,000101
lambert 2,525729 0,000368
land 0,051293 0,000015
language 0,072571 0,000011
languages 0,967584 0,000141
languish 1,139434 0,000332
lap 0,527633 0,000077
lapse 0,733969 0,000107
larynx 2,995732 0,000437
lassitude 1,897120 0,000276
lastly 0,867501 0,000126
late 0,094311 0,000014
latin 0,653926 0,000095
laudable 1,609438 0,000235
laugh 0,094311 0,000055
laugher 2,995732 0,000437
laughter 0,274437 0,000040
launch 0,798508 0,000116
law 0,020203 0,000006
lawful 1,078810 0,000157
lay 0,030459 0,000013
lazily 1,237874 0,000180
le 1,049822 0,000153
lead 0,020203 0,000009
leaden 1,237874 0,000180
leader 0,356675 0,000104
league 0,653926 0,000095
lean 0,127833 0,000019
learn 0,020203 0,000015
learner 2,659260 0,000387
leave -0,009950 -0,000001
leaven 1,897120 0,000276
left 0,000000 0,000000
leg 0,235722 0,000069
legal 0,261365 0,000038
legally 0,342490 0,000050
legion 1,309333 0,000191
legislator 1,714798 0,000250
legitimate 1,139434 0,000166
lei 3,506558 0,000511
leisure 0,579818 0,000084
lend 0,430783 0,000063
leniency 3,218876 0,000469
lento 3,506558 0,000511
leonardo 2,813411 0,000410
les 1,514128 0,000221
letter 0,072571 0,000021
letting 2,995732 0,000437
level 0,210721 0,000031
levellers 3,912023 0,000570
levelling 2,659260 0,000387
levity 1,609438 0,000235
liability 0,462035 0,000067
liable 0,235722 0,000034
liar 1,021651 0,000298
liberal 0,597837 0,000087
liberality 1,347074 0,000196
liberation 1,832581 0,000267
liberty 0,198451 0,000058
library 0,223144 0,000033
license 0,301105 0,000044
licensed 0,430783 0,000063
lick 0,673345 0,000098
lie 0,020203 0,000009
lieu 0,415515 0,000061
life -0,009950 -0,000003
lifetime 0,843970 0,000123
lift 0,116534 0,000017
light 0,000000 0,000000
lighten 0,597837 0,000087
lightly 0,430783 0,000063
lightning 0,430783 0,000126
lightsome 2,525729 0,000368
ligurian 3,912023 0,000570
likelihood 1,660731 0,000242
likeness 0,673345 0,000098
limb 0,248461 0,000036
limit 0,287682 0,000084
limitation 0,371064 0,000054
limited 0,261365 0,000038
linger 0,446287 0,000130
link 0,174353 0,000051
lion 0,579818 0,000084
lip 0,127833 0,000019
list 0,301105 0,000088
listen 0,105361 0,000046
litany 2,813411 0,000410
literally 0,713350 0,000104
literary 0,287682 0,000042
literature 0,653926 0,000095
live 0,010050 0,000003
lively 0,385662 0,000112
living 0,020203 0,000003
lizard 1,560648 0,000227
loafers 2,659260 0,000387
loathing 1,386294 0,000202
loathsome 1,078810 0,000157
locate 0,371064 0,000108
location 0,494296 0,000072
lock 0,162519 0,000024
loftiness 2,659260 0,000387
lofty 0,494296 0,000216
logic 1,049822 0,000153
logical 1,021651 0,000149
logician 2,659260 0,000775
lonely 0,400478 0,000058
lonesome 2,120264 0,000309
longing 0,653926 0,000191
longingly 2,525729 0,000368
loose 0,094311 0,000014
loquaciously 3,506558 0,000511
lord 0,223144 0,000033
lordliness 3,506558 0,000511
lordly 1,832581 0,000267
lorn 3,218876 0,000469
lose 0,000000 0,000000
loss 0,083382 0,000012
lot 0,051293 0,000007
loth 2,040221 0,000297
loud 0,105361 0,000031
love 0,030459 0,000013
lover 0,356675 0,000104
lowering 2,659260 0,000387
luce 3,218876 0,000469
lucky 0,494296 0,000072
ludicrous 1,386294 0,000202
ludicrously 3,506558 0,000511
lull 1,139434 0,000166
lung 0,867501 0,000126
lurk 0,616186 0,000269
lustre 1,139434 0,000166
luther 2,040221 0,000297
luxuriance 2,813411 0,000410
luxuriousness 2,995732 0,000437
luxury 0,462035 0,000067
lynx 2,659260 0,000387
lyricism 3,506558 0,000511
lyrist 3,912023 0,000570
machine 0,210721 0,000031
machinist 3,506558 0,000511
mad 0,235722 0,000034
madame 1,108663 0,000162
magnanimity 1,609438 0,000235
magnificence 1,237874 0,000180
magnificent 0,328504 0,000048
magnify 0,994252 0,000145
magnus 2,525729 0,000368
maid 0,415515 0,000061
maiden 0,673345 0,000098
mail 0,820981 0,000120
main 0,127833 0,000019
maintain 0,094311 0,000055
maintenance 1,171183 0,000171
maitre 3,218876 0,000469
majesty 0,510826 0,000074
majority 0,597837 0,000087
mala 3,218876 0,000469
malady 1,309333 0,000382
malice 0,776529 0,000113
malicious 0,941609 0,000137
malign 2,120264 0,000309
malignant 1,139434 0,000166
malignity 1,966113 0,000286
manage 0,261365 0,000076
manageable 2,995732 0,000437
mandarins 2,525729 0,000368
manfred 2,813411 0,000410
maniere 3,912023 0,000570
manifest 0,478036 0,000209
manifestation 1,139434 0,000332
manifold 1,386294 0,000202
manipulate 2,407946 0,000351
mankind 0,478036 0,000070
manliness 2,407946 0,000351
manly 0,820981 0,000120
manner 0,040822 0,000006
mannered 1,609438 0,000235
manners 0,274437 0,000040
mantle 0,776529 0,000113
margin 0,994252 0,000145
maria 1,427116 0,000208
mark 0,105361 0,000031
marked 0,061875 0,000009
market 0,510826 0,000074
marmot 2,995732 0,000437
marriage 0,314711 0,000046
martyr 1,272966 0,000185
martyrdom 1,897120 0,000276
marvel 0,693147 0,000303
marvelous 1,609438 0,000235
marvelously 2,302585 0,000336
masculine 1,347074 0,000196
masculinize 3,912023 0,000570
mask 0,673345 0,000196
masquerade 1,771957 0,000516
mass 0,210721 0,000061
massive 1,049822 0,000153
master 0,072571 0,000021
masterly 1,832581 0,000267
masterpiece 1,427116 0,000208
masters 0,446287 0,000065
mastersinger 3,912023 0,000570
mastery 1,171183 0,000171
matador 3,912023 0,000570
match 0,301105 0,000044
material 0,261365 0,000038
materialise 2,995732 0,000437
materialistic 2,659260 0,000387
mathematical 1,237874 0,000180
mathematician 1,714798 0,000250
matter 0,000000 0,000000
mature 0,941609 0,000137
maturity 1,427116 0,000208
maxim 1,078810 0,000157
maximum 0,478036 0,000070
meadow 0,733969 0,000107
meaning 0,186330 0,000054
meanness 1,237874 0,000180
meant 2,525729 0,000368
measure 0,127833 0,000056
mechanic 1,347074 0,000196
mechanical 0,843970 0,000123
mechanism 1,771957 0,000258
meddling 1,609438 0,000235
medical 1,021651 0,000149
medicine 0,562119 0,000164
mediocre 2,407946 0,000351
mediocrity 2,207275 0,000322
meditate 0,733969 0,000107
mediterranean 1,609438 0,000235
medium 0,223144 0,000033
medley 2,040221 0,000297
meet 0,010050 0,000004
melancholia 3,912023 0,000570
melancholy 0,342490 0,000050
mellow 1,427116 0,000208
mellowness 3,912023 0,000570
melody 1,347074 0,000196
memory 0,162519 0,000047
mendacious 3,218876 0,000469
mendelssohn 3,218876 0,000469
mendicant 2,120264 0,000309
mental 0,430783 0,000063
mention 0,105361 0,000031
mephistophelean 3,506558 0,000511
mercilessly 2,302585 0,000336
mere 0,094311 0,000027
merit 0,371064 0,000108
merry 0,634878 0,000185
messmate 2,302585 0,000336
messrs 3,912023 0,000570
metaphor 1,771957 0,000258
metaphysical 1,714798 0,000250
metaphysician 2,302585 0,000671
metaphysics 1,514128 0,000221
method 0,094311 0,000027
methodism 3,218876 0,000469
methodology 3,506558 0,000511
metrical 2,525729 0,000368
michael 0,400478 0,000058
microscopic 2,207275 0,000322
midday 1,108663 0,000162
middle 0,030459 0,000004
midnight 0,328504 0,000048
midst 0,287682 0,000042
mien 1,660731 0,000242
mighty 0,328504 0,000144
mild 0,430783 0,000126
mildly 1,171183 0,000171
milieu 3,912023 0,000570
militant 2,302585 0,000336
military 0,616186 0,000090
milk 0,400478 0,000058
millennium 2,207275 0,000322
millepede 3,912023 0,000570
mind 0,020203 0,000006
minded 0,400478 0,000058
mindedness 2,659260 0,000387
mingle 0,356675 0,000104
minotaur 2,659260 0,000387
miracle 0,597837 0,000087
miraculous 1,171183 0,000171
mire 1,049822 0,000153
mirror 0,579818 0,000084
mirroring 3,218876 0,000469
miscalculate 2,525729 0,000368
miscarry 1,832581 0,000267
mischief 0,494296 0,000072
mise 3,218876 0,000469
miser 1,560648 0,000227
misery 0,248461 0,000036
misfortune 0,400478 0,000058
misinterpret 2,995732 0,000437
mislead 0,994252 0,000145
misleader 3,912023 0,000570
misleading 2,207275 0,000322
misshapen 1,966113 0,000286
mission 0,210721 0,000031
mississippi 0,415515 0,000061
mistake 0,186330 0,000054
mistaken 0,261365 0,000038
misunderstand 1,237874 0,000361
misunderstanding 1,469676 0,000428
misuse 1,714798 0,000250
mithra 3,912023 0,000570
mitigation 2,995732 0,000437
mix 0,274437 0,000080
mixing 1,272966 0,000185
mixture 0,597837 0,000087
mob 1,139434 0,000166
mobile 1,966113 0,000286
mobility 3,218876 0,000469
mock 0,478036 0,000070
mockingly 1,966113 0,000286
mode 0,579818 0,000169
model 0,510826 0,000074
moderation 1,108663 0,000162
modern 0,301105 0,000044
moderne 3,506558 0,000511
modest 0,371064 0,000054
modestly 1,139434 0,000166
modesty 0,733969 0,000107
modification 0,478036 0,000139
modify 0,356675 0,000052
moi 2,207275 0,000322
mole 1,203973 0,000175
moliere 3,506558 0,000511
moment 0,010050 0,000003
mon 1,714798 0,000250
monad 3,218876 0,000469
money 0,051293 0,000007
monsieur 1,427116 0,000208
monster 0,527633 0,000154
monstrosity 2,407946 0,000702
monstrous 0,400478 0,000058
mood 0,462035 0,000067
moorish 2,120264 0,000309
moral 0,301105 0,000088
moralist 1,660731 0,000484
moralistic 3,912023 0,000570
morality 0,867501 0,000253
moralize 2,525729 0,000368
moralizing 2,525729 0,000368
morally 1,171183 0,000171
morbid 1,469676 0,000214
morbidness 3,506558 0,000511
morn 1,609438 0,000235
morning 0,040822 0,000006
morphology 3,912023 0,000570
morrow 0,328504 0,000048
mort 2,207275 0,000322
mortal 0,314711 0,000046
mortally 1,514128 0,000221
mother 0,072571 0,000021
motion 0,223144 0,000033
motive 0,356675 0,000104
motley 1,660731 0,000242
motleyness 3,912023 0,000570
mould 0,755023 0,000110
mount 0,210721 0,000031
mouth 0,061875 0,000018
movable 1,514128 0,000221
movement 0,287682 0,000084
mozart 2,995732 0,000437
mud 0,462035 0,000067
muddle 1,966113 0,000286
multifarious 2,525729 0,000368
multifariousness 3,912023 0,000570
multiplicity 1,714798 0,000500
multiply 0,776529 0,000113
multitude 0,385662 0,000056
mumbling 1,714798 0,000250
munchausen 3,912023 0,000570
murmuring 0,967584 0,000141
muscle 0,755023 0,000110
muscular 1,203973 0,000175
mushroom 1,660731 0,000242
music 0,198451 0,000029
musical 0,579818 0,000084
musician 1,171183 0,000341
musty 1,832581 0,000267
mutilation 2,407946 0,000351
mutual 0,510826 0,000074
mutually 1,386294 0,000202
mysterious 0,314711 0,000046
mystery 0,235722 0,000069
mystic 1,108663 0,000323
mystical 1,469676 0,000214
mysticism 2,525729 0,000368
mythologically 3,912023 0,000570
mythology 1,832581 0,000267
naive 2,659260 0,000387
naively 2,995732 0,000437
naivete 3,912023 0,001140
naked 0,274437 0,000040
nakedness 1,560648 0,000227
naples 1,272966 0,000185
napoleon 1,347074 0,000196
napoleonic 2,995732 0,000437
narrow 0,094311 0,000041
narrowness 1,560648 0,000227
nation 0,579818 0,000084
national 0,755023 0,000110
nationality 1,897120 0,000276
nations 0,673345 0,000098
native 0,314711 0,000046
natura 2,813411 0,000410
natural 0,094311 0,000014
naturalist 1,832581 0,000267
naturalize 2,813411 0,000410
naturally 0,210721 0,000031
nature 0,094311 0,000027
natured 0,733969 0,000107
nausea 2,120264 0,000309
nays 3,912023 0,000570
nearer 0,400478 0,000058
nearness 1,771957 0,000258
necessitous 2,525729 0,000368
necessity 0,210721 0,000031
neck 0,174353 0,000025
needy 1,660731 0,000242
negation 2,207275 0,000322
negative 0,916291 0,000134
negatively 2,525729 0,000368
neglect 0,274437 0,000040
negligence 0,415515 0,000061
negligent 1,609438 0,000235
neighbour 0,510826 0,000223
neighbourhood 0,776529 0,000113
nerve 0,371064 0,000054
nervous 0,494296 0,000072
ness 2,813411 0,000410
nether 1,832581 0,000267
network 0,415515 0,000121
neurosis 3,912023 0,000570
neutrality 2,407946 0,000351
neutralize 2,525729 0,000368
newcomer 1,560648 0,000227
newly 0,494296 0,000072
newsletter 0,562119 0,000082
newspaper 0,693147 0,000202
niaiserie 3,912023 0,000570
nice 0,371064 0,000108
nietzsche 3,218876 0,000469
nigh 0,843970 0,000123
night 0,010050 0,000001
nightmare 1,171183 0,000171
nihilism 3,218876 0,000469
nimble 1,171183 0,000171
nineteenth 1,171183 0,000171
nobility 0,755023 0,000110
noble 0,198451 0,000087
nobleman 1,021651 0,000149
nobleness 2,207275 0,000322
noblesse 2,995732 0,000437
noise 0,139262 0,000041
noisy 0,776529 0,000113
nomadic 2,813411 0,000410
nomenclature 2,525729 0,000368
nominate 2,207275 0,000322
nonproprietary 0,562119 0,000082
nonsense 0,478036 0,000070
nook 1,427116 0,000416
normal 1,237874 0,000180
north 0,083382 0,000012
northern 0,653926 0,000095
northerners 3,218876 0,000469
nose 0,261365 0,000038
nostril 0,798508 0,000116
nostrum 2,813411 0,000410
note 0,094311 0,000027
nothingness 1,832581 0,000267
notice 0,020203 0,000009
notify 0,371064 0,000054
notion 0,314711 0,000092
nourish 0,916291 0,000134
nourishment 0,994252 0,000145
novelty 0,798508 0,000116
nowadays 1,139434 0,000166
nuance 3,506558 0,001022
numerous 0,235722 0,000034
nun 1,427116 0,000208
nurture 1,660731 0,000242
nutriment 2,207275 0,000322
nutrition 2,813411 0,000410
oak 0,673345 0,000098
oakum 2,813411 0,000410
obedience 0,494296 0,000072
oberon 3,912023 0,000570
obey 0,223144 0,000098
object 0,105361 0,000031
objection 0,400478 0,000117
objective 1,660731 0,000242
objectiveness 3,912023 0,000570
obligation 0,597837 0,000174
obligatory 2,659260 0,000387
oblige 0,210721 0,000092
obnoxious 1,514128 0,000221
obscurantist 3,912023 0,000570
obscure 0,478036 0,000139
obscurity 0,967584 0,000141
obsequiousness 2,995732 0,000437
observe 0,094311 0,000027
observer 0,820981 0,000120
obsolete 0,446287 0,000065
obstacle 0,510826 0,000074
obstinately 1,272966 0,000185
obstructive 3,506558 0,000511
obtrusion 3,506558 0,000511
obtrusive 2,302585 0,000336
obtrusiveness 3,506558 0,000511
obtuseness 3,218876 0,000469
obversely 3,912023 0,000570
obviate 1,897120 0,000276
obvious 0,415515 0,000061
obviousness 3,506558 0,000511
occasion 0,105361 0,000015
occasional 0,510826 0,000074
occasionally 0,371064 0,000054
occult 2,040221 0,000297
occupy 0,174353 0,000051
occur 0,083382 0,000036
occurrence 0,693147 0,000101
ocular 2,659260 0,000387
odious 0,941609 0,000137
odour 1,021651 0,000298
oedipus 2,525729 0,000368
offence 0,527633 0,000077
offend 0,798508 0,000116
offensive 0,693147 0,000101
offer 0,020203 0,000009
office 0,072571 0,000011
officer 0,314711 0,000046
official 0,223144 0,000033
officious 1,832581 0,000267
oft 1,347074 0,000196
oftener 1,049822 0,000153
oftentimes 1,832581 0,000267
ogle 2,525729 0,000368
olden 1,966113 0,000286
olympian 2,040221 0,000297
ominous 1,171183 0,000171
omission 1,347074 0,000196
omit 0,843970 0,000123
omnibus 2,040221 0,000297
omnivorous 3,506558 0,000511
oneself 1,386294 0,000202
online 0,510826 0,000074
onlooker 2,407946 0,000351
onward 1,108663 0,000162
opaque 1,897120 0,000276
ope 2,302585 0,000336
openly 0,494296 0,000072
operate 0,916291 0,000534
operation 0,478036 0,000139
opinion 0,105361 0,000031
opium 1,609438 0,000235
opponent 1,108663 0,000162
opportune 2,120264 0,000309
opportunity 0,061875 0,000018
oppose 0,579818 0,000169
opposed 0,653926 0,000095
opposites 3,912023 0,000570
opposition 0,494296 0,000144
oppressed 0,693147 0,000101
oppression 0,916291 0,000134
optional 3,218876 0,000469
orator 1,171183 0,000171
oratory 1,966113 0,000286
orbit 1,714798 0,000250
ordain 0,891598 0,000130
ordinary 0,186330 0,000027
organ 0,634878 0,000093
organic 1,832581 0,000267
organization 1,469676 0,000214
organized 0,356675 0,000052
orgy 1,771957 0,000258
orient 1,832581 0,000267
oriental 1,108663 0,000162
orientals 2,659260 0,000387
origin 0,527633 0,000077
original 0,105361 0,000015
originally 0,673345 0,000098
originate 1,139434 0,000498
originator 0,478036 0,000070
ornament 0,527633 0,000077
ornamentation 3,506558 0,000511
ornamented 1,171183 0,000171
ostentation 1,832581 0,000267
ostentatious 2,120264 0,000309
otium 3,218876 0,000469
outbreak 1,427116 0,000416
outburst 1,272966 0,000185
outcry 1,272966 0,000185
outdated 0,562119 0,000082
outer 0,510826 0,000074
outgoing 2,525729 0,000368
outlet 1,386294 0,000202
outlive 1,560648 0,000227
outset 1,237874 0,000180
outward 0,579818 0,000084
outwards 1,832581 0,000267
outwit 1,966113 0,000286
overbearing 1,966113 0,000286
overcast 1,609438 0,000235
overcharge 2,120264 0,000309
overcome 0,198451 0,000087
overflow 0,616186 0,000269
overleap 2,525729 0,000368
overlook 0,527633 0,000154
overman 3,912023 0,000570
overmast 3,912023 0,000570
overmaster 2,659260 0,000387
oversee 2,040221 0,000297
overshadow 1,609438 0,000235
overspread 1,272966 0,000185
overtake 0,400478 0,000058
overthrow 0,967584 0,000141
overture 1,347074 0,000196
overwhelm 1,514128 0,000221
overwhelming 1,049822 0,000153
owe 0,105361 0,000046
owl 1,078810 0,000157
owner 0,083382 0,000012
ownership 2,525729 0,000368
pace 0,186330 0,000054
packed 0,616186 0,000090
pain 0,051293 0,000015
painful 0,328504 0,000048
paint 0,274437 0,000080
painter 0,755023 0,000110
painting 0,713350 0,000104
palate 1,660731 0,000242
pale 0,186330 0,000027
pallas 2,659260 0,000387
palm 0,494296 0,000072
palpableness 3,506558 0,000511
paltry 1,203973 0,000175
pampered 1,897120 0,000276
pampering 3,218876 0,000469
pane 1,078810 0,000157
panegyrist 3,218876 0,000469
pang 0,634878 0,000093
panting 0,597837 0,000087
pantomime 1,966113 0,000286
paper 0,083382 0,000012
paperwork 0,562119 0,000082
par 1,347074 0,000196
parable 1,609438 0,000235
parade 0,994252 0,000145
paradise 0,776529 0,000113
paradox 1,514128 0,000221
paradoxical 2,207275 0,000322
paragraph 0,328504 0,000096
paralysis 2,120264 0,000309
paramount 1,714798 0,000250
paramountly 3,912023 0,000570
parchment 1,714798 0,000250
pardon 0,287682 0,000126
pare 1,966113 0,000286
parent 0,261365 0,000038
pariah 2,995732 0,000437
paris 0,562119 0,000082
parisian 1,514128 0,000221
park 0,713350 0,000104
parliament 1,021651 0,000149
parliamentarism 3,912023 0,000570
parliamentary 2,120264 0,000309
parodist 3,912023 0,000570
paroxysm 1,347074 0,000196
parsifal 3,506558 0,000511
partial 0,733969 0,000107
partiality 1,427116 0,000208
partially 0,967584 0,000141
participate 1,309333 0,000191
participation 1,660731 0,000242
particle 0,967584 0,000141
partie 2,813411 0,000410
partly 0,301105 0,000044
party 0,030459 0,000009
parvenus 3,912023 0,000570
pas 1,897120 0,000276
pascal 2,525729 0,000368
pass 0,020203 0,000009
passage 0,105361 0,000031
passer 1,078810 0,000157
passion 0,174353 0,000051
passionate 0,634878 0,000093
passionately 0,941609 0,000137
passive 0,941609 0,000137
passport 1,771957 0,000258
patchiness 3,912023 0,000570
pate 2,302585 0,000336
path 0,150823 0,000044
pathetically 1,897120 0,000276
pathology 2,995732 0,000437
pathos 1,309333 0,000191
patience 0,139262 0,000020
patient 0,274437 0,000040
patriot 1,560648 0,000455
patriotic 1,469676 0,000214
patriotism 1,897120 0,000276
patronage 1,272966 0,000185
pattern 0,597837 0,000087
paul 0,798508 0,000116
pay 0,030459 0,000013
payment 0,274437 0,000040
peace 0,094311 0,000014
peaceable 1,347074 0,000196
peaceful 0,478036 0,000070
peacefully 1,108663 0,000162
peacock 1,469676 0,000214
peasant 0,798508 0,000233
peculiar 0,223144 0,000033
peculiarly 0,755023 0,000110
pedant 2,302585 0,000671
pedantic 1,660731 0,000242
pedantry 2,407946 0,000351
peep 0,634878 0,000093
peer 0,616186 0,000090
penal 1,714798 0,000250
penance 1,514128 0,000221
penetrate 0,415515 0,000061
peninsula 1,897120 0,000276
penitential 2,659260 0,000387
penitentiary 2,813411 0,000410
peoples 1,514128 0,000221
perceive 0,198451 0,000087
perception 0,967584 0,000141
perfect 0,061875 0,000027
perfection 0,446287 0,000065
perfectly 0,162519 0,000024
perform 0,072571 0,000032
performance 0,127833 0,000037
perhapses 3,912023 0,000570
pericles 2,659260 0,000387
peril 0,693147 0,000101
perilous 0,798508 0,000116
period 0,235722 0,000069
periodic 0,544727 0,000079
perish 0,462035 0,000135
permanency 2,407946 0,000351
permanent 0,223144 0,000033
permeate 2,525729 0,000368
permission 0,150823 0,000022
permit 0,094311 0,000027
perpendicular 1,386294 0,000202
perpetual 0,478036 0,000070
perpetually 1,078810 0,000157
perplex 0,653926 0,000095
perplexing 1,560648 0,000227
persecute 0,994252 0,000145
persian 1,139434 0,000166
persist 0,478036 0,000070
persistence 1,771957 0,000258
persistent 1,347074 0,000196
persistently 1,560648 0,000227
person -0,009950 -0,000004
personage 0,967584 0,000141
personal 0,223144 0,000033
personality 0,967584 0,000141
personally 0,798508 0,000116
personnel 3,218876 0,000469
perspective 1,609438 0,000469
persuade 0,223144 0,000098
persuasively 2,813411 0,000410
pertain 1,832581 0,000267
perverse 1,237874 0,000180
perversion 2,207275 0,000322
perversity 2,207275 0,000322
pessimism 2,659260 0,000387
pessimist 2,302585 0,000336
pessimistic 2,995732 0,000437
pet 0,891598 0,000130
petit 2,120264 0,000309
petrifying 2,813411 0,000410
pettiness 2,407946 0,000351
petty 0,776529 0,000113
phantom 0,967584 0,000141
pharisaism 3,912023 0,000570
phenomenon 0,820981 0,000239
philanthropy 1,771957 0,000258
philologist 2,995732 0,000873
philology 3,912023 0,000570
philosophe 2,995732 0,000437
philosopher 0,673345 0,000196
philosophical 1,049822 0,000153
philosophize 2,525729 0,001104
philosophy 0,597837 0,000174
philtre 3,912023 0,000570
phlegm 2,525729 0,000368
phoenicianism 3,912023 0,000570
phoenicians 2,525729 0,000368
phrase 0,139262 0,000041
physical 0,198451 0,000029
physician 0,693147 0,000101
physicians 1,272966 0,000185
physicist 2,995732 0,000437
physiological 2,525729 0,000368
physiologically 3,912023 0,000570
physiologist 2,659260 0,000775
physiology 1,966113 0,000286
pia 2,995732 0,000437
picture 0,139262 0,000020
piece 0,020203 0,000006
piecemeal 2,302585 0,000336
piety 1,078810 0,000157
pigmy 2,120264 0,000309
pigtail 2,525729 0,000368
pile 0,328504 0,000048
pillow 0,544727 0,000079
pine 0,462035 0,000067
pinings 3,912023 0,000570
pious 0,733969 0,000107
pipe 0,385662 0,000056
pit 0,597837 0,000087
pitch 0,261365 0,000038
pitiful 0,798508 0,000116
pity 0,139262 0,000020
placid 1,203973 0,000175
placidity 2,525729 0,000368
plain 0,040822 0,000012
plainly 0,261365 0,000038
planet 1,021651 0,000149
planning 1,021651 0,000149
plant 0,186330 0,000054
planting 1,560648 0,000227
plate 0,314711 0,000046
platform 0,843970 0,000123
plato 1,237874 0,000180
platonic 2,120264 0,000309
platonism 2,995732 0,000437
plausible 1,078810 0,000157
play 0,040822 0,000024
player 0,713350 0,000104
plaything 1,386294 0,000202
pleasant 0,162519 0,000047
pleasantly 0,820981 0,000120
pleasing 0,653926 0,000095
pleasure 0,051293 0,000015
plebeian 2,040221 0,000297
plebeianism 3,912023 0,000570
plenipotence 3,912023 0,000570
plenitude 2,995732 0,000437
plenty 0,235722 0,000034
pluck 0,371064 0,000054
plummet 2,407946 0,000351
plunge 0,314711 0,000092
plurality 2,120264 0,000309
pococurante 3,506558 0,000511
pocus 3,912023 0,000570
poe 2,525729 0,000368
poet 0,544727 0,000159
poetical 1,514128 0,000221
poison 0,371064 0,000054
poisoning 2,040221 0,000297
poisonous 1,272966 0,000185
poke 0,941609 0,000137
pole 0,494296 0,000144
police 0,755023 0,000110
policy 0,820981 0,000120
polis 3,506558 0,000511
polish 1,108663 0,000162
politely 1,078810 0,000157
politeness 0,798508 0,000116
political 0,562119 0,000082
politician 1,171183 0,000171
politics 0,713350 0,000104
pomp 0,994252 0,000145
pompous 1,514128 0,000221
pompously 2,207275 0,000322
pond 0,994252 0,000145
ponderous 1,203973 0,000175
ponderously 2,813411 0,000410
poor 0,020203 0,000006
poppy 2,040221 0,000297
populace 1,660731 0,000242
popular 0,430783 0,000063
popularly 1,966113 0,000286
port 0,579818 0,000084
portal 1,347074 0,000393
portentous 1,714798 0,000250
portion 0,301105 0,000088
portrait 0,597837 0,000087
pose 1,021651 0,000149
posit 3,506558 0,000511
position 0,162519 0,000047
positive 0,597837 0,000087
positivism 3,912023 0,000570
possess 0,061875 0,000036
possession 0,083382 0,000012
possibility 0,150823 0,000044
post 0,051293 0,000015
posterior 2,207275 0,000322
posterity 1,139434 0,000166
posthumous 2,659260 0,000387
potch 3,912023 0,000570
potency 2,302585 0,000336
potent 1,309333 0,000191
potter 1,171183 0,000171
pour 0,116534 0,000034
poverty 0,446287 0,000065
power 0,030459 0,000009
powerful 0,223144 0,000033
powerfulness 3,912023 0,000570
practical 0,494296 0,000072
practically 0,235722 0,000034
practice 0,116534 0,000034
practise 0,510826 0,000223
praise 0,274437 0,000120
prank 1,714798 0,000250
pray 0,261365 0,000076
prayer 0,287682 0,000042
preach 0,755023 0,000220
preacher 1,049822 0,000306
precaution 0,733969 0,000214
precious 0,162519 0,000024
precipitate 1,078810 0,000157
precisely 0,510826 0,000074
precision 0,798508 0,000116
predatory 2,659260 0,000387
predecessor 1,049822 0,000153
predestined 2,207275 0,000322
predetermine 2,995732 0,000437
predicate 2,407946 0,000351
predict 1,139434 0,000166
predilection 2,407946 0,000702
preface 0,713350 0,000104
prefer 0,174353 0,000102
preferably 2,995732 0,000437
preference 0,843970 0,000246
pregnancy 2,120264 0,000309
pregnant 1,272966 0,000185
prehistoric 2,525729 0,000368
prejudice 0,579818 0,000253
preliminarily 3,506558 0,000511
preliminary 0,941609 0,000137
prelude 1,427116 0,000208
premature 1,203973 0,000175
prematureness 3,912023 0,000570
premise 0,891598 0,000130
preordained 3,506558 0,000511
preparation 0,328504 0,000048
prepare 0,116534 0,000051
prepared 0,105361 0,000015
preponderance 2,525729 0,000368
prepossess 2,995732 0,000437
prepossessed 3,218876 0,000469
preposterous 1,609438 0,000235
prerogative 1,771957 0,000258
prescribe 0,776529 0,000113
prescription 1,469676 0,000214
presence 0,094311 0,000014
preservation 1,049822 0,000153
preservative 2,659260 0,000387
preserve 0,083382 0,000049
press 0,105361 0,000046
pressed 0,274437 0,000040
pressure 0,527633 0,000077
presto 2,813411 0,000410
presume 0,462035 0,000067
presumption 0,994252 0,000290
presumptive 3,218876 0,000469
presumptuous 1,469676 0,000214
presuppose 2,040221 0,000892
presupposition 3,506558 0,000511
pretence 0,891598 0,000130
pretend 0,186330 0,000027
pretension 1,049822 0,000153
pretentious 2,525729 0,000368
pretty 0,150823 0,000022
prevail 0,287682 0,000168
prevalence 1,832581 0,000267
prevalent 1,309333 0,000191
prevent 0,040822 0,000012
previous 0,094311 0,000014
prey 0,478036 0,000070
price 0,314711 0,000046
pride 0,150823 0,000022
priest 0,616186 0,000090
priestly 2,207275 0,000322
prima 2,207275 0,000322
primary 1,660731 0,000242
primitive 0,916291 0,000134
prince 0,462035 0,000067
principal 0,287682 0,000042
principally 1,108663 0,000162
principe 3,218876 0,000469
principle 0,274437 0,000080
print 0,116534 0,000034
printing 1,469676 0,000214
priori 2,659260 0,000387
prison 0,248461 0,000036
prisoner 0,356675 0,000052
privacy 1,714798 0,000250
privation 1,427116 0,000208
privilege 0,527633 0,000077
privileged 1,347074 0,000196
privileges 1,021651 0,000149
prize 0,494296 0,000072
probability 0,733969 0,000107
probable 0,494296 0,000072
problematic 3,218876 0,000469
procedure 1,832581 0,000267
proceedings 0,713350 0,000104
process 0,400478 0,000117
processing 0,562119 0,000082
proclivity 3,218876 0,000469
prodigally 3,218876 0,000469
prodigy 1,469676 0,000214
produce 0,061875 0,000027
product 1,108663 0,000162
production 0,274437 0,000040
profess 0,616186 0,000090
profession 0,446287 0,000065
professor 0,261365 0,000038
proficiency 1,660731 0,000242
profit 0,083382 0,000024
profound 0,446287 0,000130
profounder 2,407946 0,000351
profoundly 0,994252 0,000145
profoundness 3,506558 0,000511
profundity 2,525729 0,000368
profuse 1,609438 0,000235
profusion 1,347074 0,000196
progress 0,162519 0,000024
prohibition 0,415515 0,000061
project -0,009950 -0,000001
prolonged 0,597837 0,000087
prominence 1,660731 0,000242
prominent 0,967584 0,000141
prominently 0,494296 0,000072
promiscuously 2,525729 0,000368
promise 0,051293 0,000015
promising 0,430783 0,000063
promote 0,274437 0,000040
promotion 0,342490 0,000050
prompt 0,478036 0,000209
proof 0,274437 0,000040
proofread 0,562119 0,000082
proofreading 1,966113 0,000286
propagate 1,771957 0,000516
propagator 3,912023 0,000570
propensity 1,347074 0,000393
proper 0,061875 0,000009
properly 0,385662 0,000056
property 0,127833 0,000019
prophet 0,867501 0,000126
proportion 0,235722 0,000034
proportionateness 3,912023 0,000570
propose 0,186330 0,000027
proposition 0,820981 0,000120
propound 1,771957 0,000516
proprietary 0,562119 0,000082
prose 1,021651 0,000149
prospect 0,430783 0,000063
prostrate 0,673345 0,000098
prostration 1,966113 0,000286
protean 3,912023 0,000570
protect 0,139262 0,000061
protection 0,314711 0,000046
protector 1,139434 0,000166
protest 0,342490 0,000050
protestant 1,514128 0,000221
protestantism 3,506558 0,000511
protract 1,427116 0,000208
protractedness 3,912023 0,000570
prouder 1,966113 0,000286
proudly 0,733969 0,000107
prove 0,083382 0,000036
provencal 3,218876 0,000469
proverb 1,108663 0,000162
provide 0,127833 0,000037
provision 0,094311 0,000027
provisional 2,407946 0,000351
provocation 1,049822 0,000153
proximity 1,609438 0,000235
prudence 0,713350 0,000104
prudent 0,616186 0,000090
prudently 1,514128 0,000221
prussia 2,207275 0,000322
prussian 2,207275 0,000322
pry 1,139434 0,000332
psalm 1,514128 0,000221
psychical 2,995732 0,000437
psychological 1,660731 0,000242
psychologist 2,302585 0,000671
psychology 1,897120 0,000276
puberty 2,813411 0,000410
public 0,083382 0,000012
publica 3,218876 0,000469
publish 0,478036 0,000070
puerilism 3,912023 0,000570
pull 0,127833 0,000019
pulpit 1,171183 0,000171
punish 0,314711 0,000138
punishment 0,287682 0,000042
punitive 0,562119 0,000082
pupil 0,579818 0,000084
pure 0,139262 0,000061
purely 0,713350 0,000104
purify 0,916291 0,000134
puritan 2,207275 0,000322
puritanical 2,995732 0,000437
puritanism 3,218876 0,000469
puritans 2,525729 0,000368
purity 0,776529 0,000113
purport 1,469676 0,000214
purpose 0,040822 0,000006
pursue 0,186330 0,000054
push 0,139262 0,000041
puzzle 0,941609 0,000274
pythagorean 2,659260 0,000387
qualified 0,967584 0,000141
qualify 1,560648 0,000227
quality 0,186330 0,000054
quant 3,506558 0,000511
quantity 0,478036 0,000070
quantum 2,659260 0,000387
quarrelsomeness 3,912023 0,000570
quarter 0,105361 0,000015
queen 0,415515 0,000061
quench 0,941609 0,000137
question 0,020203 0,000006
questionable 1,714798 0,000250
questionableness 3,912023 0,000570
questioning 0,755023 0,000110
qui 1,469676 0,000214
quia 2,407946 0,000351
quick 0,127833 0,000019
quiet 0,094311 0,000014
quietly 0,261365 0,000038
quiver 0,494296 0,000072
race 0,162519 0,000047
racial 3,218876 0,000469
rack 0,673345 0,000098
radiant 0,867501 0,000126
radical 2,040221 0,000297
radically 2,659260 0,000387
rag 0,693147 0,000101
rage 0,139262 0,000041
raise 0,020203 0,000009
rake 1,139434 0,000166
ramble 1,427116 0,000208
ramification 2,813411 0,000410
rampant 2,407946 0,000351
rancorously 3,912023 0,000570
random 0,967584 0,000141
range 0,328504 0,000048
rank 0,223144 0,000065
rapacity 2,407946 0,000351
raphael 1,897120 0,000276
rapid 0,371064 0,000054
rapidly 0,371064 0,000054
rapture 0,820981 0,000120
rapturous 1,714798 0,000250
rare 0,261365 0,000114
rarely 0,527633 0,000077
rareness 3,912023 0,000570
rat 0,867501 0,000126
rate 0,261365 0,000038
rath 3,218876 0,000469
ratification 2,525729 0,000368
rationalism 3,506558 0,000511
rationality 3,506558 0,000511
rave 1,272966 0,000371
reach 0,000000 0,000000
reacquire 3,912023 0,000570
read 0,020203 0,000009
readable 0,510826 0,000074
reader 0,301105 0,000044
readiness 0,634878 0,000093
ready 0,030459 0,000004
real 0,040822 0,000006
realise 1,021651 0,000149
realist 2,659260 0,000387
reality 0,301105 0,000044
realize 0,693147 0,000202
realm 0,867501 0,000253
reappearing 2,120264 0,000309
rear 0,371064 0,000216
reason 0,010050 0,000003
reasonable 0,116534 0,000017
reasoning 0,713350 0,000104
rebaptize 3,912023 0,000570
rebel 0,733969 0,000107
rebellion 0,941609 0,000137
rebellious 1,049822 0,000153
recall 0,235722 0,000034
receipt 0,261365 0,000038
receive 0,040822 0,000024
recess 1,021651 0,000298
recipe 2,120264 0,000309
reciprocal 1,897120 0,000276
reciprocity 3,506558 0,000511
reckon 0,385662 0,000112
recluse 2,040221 0,000595
recognise 0,843970 0,000123
recognition 0,713350 0,000104
recognize 0,733969 0,000321
recollection 0,527633 0,000154
recommend 0,400478 0,000117
reconcile 0,597837 0,000087
reconciliation 1,021651 0,000149
reconstruct 1,966113 0,000286
recourse 1,171183 0,000171
recover 0,127833 0,000019
recovery 0,616186 0,000090
recreation 1,309333 0,000191
recur 0,941609 0,000274
red 0,061875 0,000009
redeeming 1,771957 0,000258
rediscover 3,218876 0,000469
redistribute 0,544727 0,000079
redistributing 0,562119 0,000082
redistribution 0,562119 0,000082
redound 2,207275 0,000322
reds 2,995732 0,000437
reduce 0,314711 0,000046
reductio 3,218876 0,000469
refer 0,223144 0,000065
reference 0,198451 0,000029
refine 0,755023 0,000220
refinement 1,049822 0,000306
refining 2,659260 0,000387
reflect 0,235722 0,000103
reflection 0,274437 0,000040
reform 0,891598 0,000130
refrain 0,597837 0,000087
refresh 0,446287 0,000130
refreshment 0,843970 0,000123
refuge 0,446287 0,000065
refund 0,562119 0,000082
refuse 0,083382 0,000024
refutable 3,912023 0,000570
refute 1,469676 0,000428
regain 0,634878 0,000093
regard 0,083382 0,000024
regimen 2,525729 0,000368
region 0,462035 0,000067
register 0,287682 0,000042
regret 0,342490 0,000050
regrettably 3,912023 0,000570
regular 0,287682 0,000042
regularly 0,616186 0,000090
regulate 0,210721 0,000031
regulation 1,469676 0,000214
regulative 3,506558 0,000511
rein 0,867501 0,000126
reject 0,478036 0,000139
rejoice 0,400478 0,000117
relapse 1,021651 0,000298
relation 0,223144 0,000065
relationship 0,867501 0,000253
relative 0,462035 0,000067
relativity 2,995732 0,000437
relax 1,108663 0,000162
relaxed 0,994252 0,000145
relearn 3,912023 0,000570
release 0,105361 0,000015
relentless 1,714798 0,000250
reliable 1,609438 0,000235
reliance 1,469676 0,000214
relief 0,186330 0,000027
religieuse 3,912023 0,000570
religieux 3,912023 0,000570
religion 0,415515 0,000121
religious 0,446287 0,000065
religiously 1,560648 0,000227
relinquish 0,916291 0,000134
reluctance 1,049822 0,000153
reluctantly 0,941609 0,000137
remain 0,040822 0,000018
remains 0,150823 0,000022
remark 0,223144 0,000065
remarkable 0,235722 0,000034
remedy 0,150823 0,000022
remember 0,030459 0,000009
remind 0,301105 0,000044
remnant 1,049822 0,000153
remorse 0,755023 0,000110
remorseless 2,207275 0,000322
remote 0,478036 0,000139
remotely 2,120264 0,000309
remoteness 2,207275 0,000322
remove 0,040822 0,000012
rename 0,544727 0,000079
rend 0,994252 0,000145
render 0,186330 0,000081
rendezvous 1,560648 0,000227
renounce 0,941609 0,000274
renunciation 2,207275 0,000322
repaint 2,813411 0,000410
repay 0,673345 0,000098
repeat 0,051293 0,000015
repeatedly 1,108663 0,000162
repel 0,967584 0,000282
repentance 0,798508 0,000116
repetition 0,713350 0,000104
replace 0,198451 0,000029
replacement 0,544727 0,000079
repletion 2,302585 0,000336
reply 0,105361 0,000031
report 0,051293 0,000015
repose 0,494296 0,000072
represent 0,210721 0,000092
representation 0,261365 0,000076
representative 0,820981 0,000239
reprint 1,660731 0,000242
reproach 0,301105 0,000088
repudiate 1,660731 0,000726
repudiation 2,995732 0,000437
repudiator 3,506558 0,000511
repugnance 1,386294 0,000202
repugnant 1,771957 0,000258
repulsive 1,049822 0,000153
reputation 0,342490 0,000050
repute 1,108663 0,000323
request 0,105361 0,000015
require 0,051293 0,000022
required 0,083382 0,000012
requirement 0,400478 0,000117
requisite 1,078810 0,000157
requital 2,995732 0,000437
res 2,995732 0,000437
resemblance 0,713350 0,000104
resemble 0,400478 0,000117
resentful 1,966113 0,000286
reserve 0,400478 0,000058
reside 0,713350 0,000208
residuum 3,506558 0,000511
resign 0,693147 0,000101
resist 0,274437 0,000120
resistance 0,430783 0,000063
resolute 0,891598 0,000130
resolutely 1,108663 0,000162
resolution 0,385662 0,000056
resource 0,544727 0,000079
respect 0,040822 0,000012
respectability 1,427116 0,000208
respectable 0,430783 0,000063
respectably 2,407946 0,000351
respectful 0,755023 0,000110
respects 0,527633 0,000077
responsibility 0,733969 0,000214
responsible 0,693147 0,000101
rest 0,010050 0,000006
restlessness 1,347074 0,000196
restrained 0,776529 0,000113
restraint 0,713350 0,000104
restrict 1,427116 0,000208
restriction 0,371064 0,000054
restrictively 3,912023 0,000570
result 0,174353 0,000025
retailer 2,813411 0,000410
retain 0,235722 0,000034
retaliation 1,609438 0,000235
retarded 1,832581 0,000267
reticent 2,525729 0,000368
retint 3,506558 0,000511
retire 0,415515 0,000061
retired 0,342490 0,000050
retirement 1,108663 0,000162
retro 3,506558 0,000511
retrograde 1,897120 0,000553
retrogression 2,995732 0,000437
retrospect 2,525729 0,000368
retrospective 2,659260 0,000387
return 0,010050 0,000006
reveal 0,223144 0,000130
revel 0,994252 0,000290
revenge 0,462035 0,000135
revengefulness 3,506558 0,000511
revenue 0,342490 0,000050
reverence 0,579818 0,000169
reverent 1,771957 0,000258
reverently 1,514128 0,000221
reverse 0,527633 0,000154
reversely 3,912023 0,000570
revolt 0,967584 0,000141
revolution 0,634878 0,000185
revolutionary 1,966113 0,000286
revolve 0,776529 0,000113
reward 0,174353 0,000025
rewarder 3,912023 0,000570
rhetorician 2,207275 0,000322
rhyme 1,237874 0,000361
rhythm 1,897120 0,000553
rib 0,843970 0,000123
rich 0,116534 0,000034
richard 1,021651 0,000149
richly 0,891598 0,000130
rid 0,223144 0,000065
riddle 0,891598 0,000260
rider 0,967584 0,000141
ridicule 0,994252 0,000145
ridiculous 0,478036 0,000070
rightly 0,430783 0,000063
rights 2,813411 0,000410
rigid 0,820981 0,000120
rigidity 1,966113 0,000286
rigidness 3,912023 0,000570
rigorous 1,560648 0,000227
rigorously 1,966113 0,000286
rigour 1,832581 0,000267
ripe 0,820981 0,000120
ripen 0,941609 0,000137
rise 0,030459 0,000018
risk 0,301105 0,000088
rivalry 1,609438 0,000235
river 0,174353 0,000025
roam 0,994252 0,000145
roasted 1,272966 0,000185
rob 0,356675 0,000052
robert 1,078810 0,000157
robust 0,967584 0,000141
rococo 3,218876 0,000469
rod 0,616186 0,000090
roguish 2,407946 0,000351
roland 2,659260 0,000387
role 1,609438 0,000235
roll 0,150823 0,000022
roman 0,713350 0,000208
romantic 0,891598 0,000130
romanticism 2,995732 0,000437
rome 0,713350 0,000104
romping 2,302585 0,000336
roof 0,186330 0,000027
root 0,235722 0,000034
rope 0,430783 0,000063
rotundly 3,912023 0,000570
rouen 2,525729 0,000368
rough 0,186330 0,000027
roughly 0,544727 0,000079
roundness 2,302585 0,000336
rousseau 1,897120 0,000276
rove 1,514128 0,000441
roving 1,469676 0,000214
royal 0,400478 0,000058
royalty 0,371064 0,000108
rub 0,342490 0,000100
rubato 3,912023 0,000570
rude 0,342490 0,000050
ruder 2,302585 0,000336
rue 1,203973 0,000175
ruin 0,116534 0,000051
ruination 3,218876 0,000469
rule 0,030459 0,000013
ruler 0,891598 0,000260
ruling 1,171183 0,000171
rumble 1,171183 0,000171
ruse 1,771957 0,000258
rush 0,127833 0,000037
russia 1,309333 0,000191
russian 1,237874 0,000361
rustic 1,078810 0,000157
ruthlessly 1,771957 0,000258
sabbath 1,469676 0,000428
saber 2,302585 0,000336
sacrifice 0,210721 0,000092
sacrificer 2,995732 0,000437
sacrificial 2,525729 0,000368
sad 0,223144 0,000033
sadly 0,510826 0,000074
sadness 0,820981 0,000120
safe 0,116534 0,000017
safely 0,371064 0,000054
safety 0,356675 0,000052
saga 3,218876 0,000469
sagacity 1,139434 0,000166
sage 0,820981 0,000120
sail 0,415515 0,000061
sailor 0,544727 0,000079
saint 0,673345 0,000098
sainte 2,302585 0,000336
saints 1,049822 0,000153
sake 0,083382 0,000012
salt 0,105361 0,000015
salvation 0,798508 0,000116
sample 1,272966 0,000185
san 1,272966 0,000185
sancta 2,995732 0,000437
sanctify 1,386294 0,000202
sanctity 1,347074 0,000196
sand 0,494296 0,000072
satiety 1,966113 0,000286
satisfaction 0,186330 0,000027
satisfactorily 1,272966 0,000185
satisfactory 0,562119 0,000082
satisfy 0,061875 0,000018
satyr 1,832581 0,000267
satyric 3,912023 0,000570
savage 0,248461 0,000036
savagely 1,427116 0,000208
save 0,010050 0,000003
savour 1,514128 0,000221
saxon 1,514128 0,000221
scaffolding 2,207275 0,000322
scale 0,274437 0,000040
scandinavian 2,659260 0,000387
scarcely 0,301105 0,000044
scarecrow 2,302585 0,000336
scattered 0,139262 0,000020
scaur 3,912023 0,000570
scene 0,127833 0,000019
scent 0,544727 0,000159
sceptic 1,832581 0,000267
schelling 3,506558 0,000511
scheme 0,462035 0,000135
schiller 2,207275 0,000322
scholar 0,579818 0,000169
scholarly 2,407946 0,000351
school 0,150823 0,000066
schooling 1,897120 0,000276
schoolmaster 1,272966 0,000185
schopenhauerian 3,506558 0,000511
science 0,415515 0,000121
scientific 0,776529 0,000113
scoffer 2,407946 0,000351
scold 1,078810 0,000157
scorn 0,446287 0,000065
scornful 1,203973 0,000175
scratch 0,544727 0,000079
scribe 1,771957 0,000258
sculptor 1,660731 0,000242
scurvy 2,407946 0,000351
sea 0,116534 0,000017
seal 0,371064 0,000054
sear 1,771957 0,000258
search 0,040822 0,000006
season 0,235722 0,000069
seat 0,051293 0,000007
secondary 1,347074 0,000196
secrecy 0,798508 0,000116
secret 0,051293 0,000007
secretion 3,506558 0,000511
secretly 0,597837 0,000087
sect 1,021651 0,000149
secure 0,061875 0,000036
securer 2,995732 0,000437
security 0,478036 0,000070
sedative 2,995732 0,000437
sediment 2,407946 0,000351
seduce 1,171183 0,000341
seduction 1,771957 0,000516
seductive 1,771957 0,000258
seductively 3,506558 0,000511
sedulously 2,525729 0,000368
seek 0,083382 0,000049
seeker 1,609438 0,000469
seemingly 0,967584 0,000141
seemingness 3,912023 0,000570
seemly 2,207275 0,000322
seer 1,609438 0,000235
seize 0,116534 0,000051
seldom 0,301105 0,000044
select 0,301105 0,000088
selection 1,139434 0,000166
selfishness 0,843970 0,000123
selfless 3,506558 0,000511
selflessness 3,912023 0,000570
semblance 1,049822 0,000306
send 0,020203 0,000006
senile 3,218876 0,000469
sensation 0,371064 0,000108
sense 0,051293 0,000015
senseless 0,867501 0,000126
sensibility 1,237874 0,000180
sensitive 0,693147 0,000101
sensitively 2,813411 0,000410
sensitiveness 2,040221 0,000297
sensual 1,203973 0,000175
sensualism 3,912023 0,000570
sensuality 1,714798 0,000250
sensuous 2,302585 0,000336
sensuousness 3,218876 0,000469
sensus 3,912023 0,000570
sentence 0,094311 0,000027
sentiment 0,356675 0,000104
sentimental 1,139434 0,000166
separate 0,094311 0,000041
separately 1,108663 0,000162
separation 0,755023 0,000110
sequence 1,560648 0,000227
serene 0,916291 0,000134
serenity 1,203973 0,000175
series 0,494296 0,000072
seriousness 1,469676 0,000214
sermon 0,891598 0,000130
serpent 0,693147 0,000202
serpentine 2,302585 0,000336
servant 0,105361 0,000031
serve 0,051293 0,000022
service 0,072571 0,000021
serviceable 1,237874 0,000180
servile 1,309333 0,000191
servitude 1,272966 0,000185
set 0,010050 0,000003
settle 0,083382 0,000012
seventeenth 1,427116 0,000208
seventh 0,562119 0,000082
sever 0,941609 0,000412
severe 0,301105 0,000044
severity 0,798508 0,000116
sex 0,462035 0,000135
sexual 2,525729 0,000368
shade 0,223144 0,000033
shades 0,916291 0,000134
shadow 0,162519 0,000047
shakespeare 1,171183 0,000171
shallow 0,755023 0,000110
shalt 1,171183 0,000171
shamble 2,407946 0,000351
shame 0,223144 0,000033
shameless 1,427116 0,000208
shamelessly 2,302585 0,000336
shape 0,150823 0,000044
share 0,030459 0,000013
sharp 0,139262 0,000041
sharpen 1,386294 0,000202
sharpened 1,049822 0,000153
sharply 0,510826 0,000074
shatter 1,771957 0,000516
sheep 0,371064 0,000054
shelley 2,302585 0,000336
shepherd 0,843970 0,000123
shift 0,510826 0,000074
shifting 0,891598 0,000130
shine 0,150823 0,000044
shock 0,235722 0,000034
shocking 1,139434 0,000166
shoe 0,314711 0,000046
shop 0,494296 0,000072
short 0,020203 0,000006
shorten 0,916291 0,000134
shortly 0,462035 0,000067
shout 0,186330 0,000027
shred 1,108663 0,000162
shrewd 0,994252 0,000290
shriek 0,634878 0,000093
shrine 1,203973 0,000175
shrink 0,462035 0,000067
shroud 0,916291 0,000134
shudder 0,446287 0,000130
shun 0,994252 0,000145
shut 0,051293 0,000015
shy 0,673345 0,000098
shyly 2,040221 0,000297
sick 0,150823 0,000022
sickliness 2,995732 0,000437
sickly 0,891598 0,000130
sickness 0,478036 0,000070
sided 1,714798 0,000250
siegfried 3,506558 0,000511
sigh 0,235722 0,000069
sight 0,040822 0,000006
sighted 0,733969 0,000107
sign 0,051293 0,000015
significance 1,021651 0,000149
signification 1,660731 0,000484
signify 0,634878 0,000185
silence 0,051293 0,000015
silent 0,051293 0,000007
silently 0,544727 0,000079
silly 0,400478 0,000058
similarity 1,386294 0,000202
simile 1,386294 0,000202
simple 0,094311 0,000041
simplicity 0,527633 0,000077
simplification 3,218876 0,000469
simplified 2,525729 0,000368
simplify 1,966113 0,000286
simply 0,150823 0,000022
simulation 3,506558 0,000511
simultaneously 1,203973 0,000175
simultaneousness 3,218876 0,000469
sin 0,314711 0,000092
sing 0,261365 0,000076
singing 0,371064 0,000054
single 0,083382 0,000012
singly 1,139434 0,000166
singular 0,430783 0,000063
sink 0,072571 0,000032
sip 1,386294 0,000202
sir 0,150823 0,000022
sit 0,010050 0,000003
situated 0,733969 0,000107
situation 0,198451 0,000029
sixteenth 1,171183 0,000171
sixth 0,446287 0,000065
skeptic 2,813411 0,000820
skeptical 2,995732 0,000437
skepticism 2,813411 0,000410
skill 0,287682 0,000042
skin 0,174353 0,000025
skull 0,843970 0,000123
sky 0,186330 0,000054
slander 1,609438 0,000235
slave 0,356675 0,000104
slavery 0,798508 0,000116
slay 0,733969 0,000107
sleep 0,051293 0,000007
sleepy 0,713350 0,000104
slender 0,693147 0,000101
slight 0,072571 0,000021
slippery 1,139434 0,000166
slough 1,469676 0,000214
slow 0,139262 0,000020
slowly 0,150823 0,000022
sluggish 1,514128 0,000221
slumber 0,510826 0,000074
slumbering 1,386294 0,000202
sly 0,713350 0,000104
smartness 2,302585 0,000336
smell 0,261365 0,000114
smile 0,150823 0,000066
smooth 0,235722 0,000034
snare 1,171183 0,000171
sneeze 1,203973 0,000175
soar 0,916291 0,000267
sober 0,562119 0,000082
social 0,371064 0,000054
socialist 2,659260 0,000775
socialistic 3,218876 0,000469
society 0,210721 0,000031
sociology 2,995732 0,000437
socrates 1,609438 0,000235
socratic 2,407946 0,000351
socratism 3,912023 0,000570
soft 0,210721 0,000031
softening 1,514128 0,000221
soil 0,478036 0,000070
sojourn 1,139434 0,000166
solar 1,660731 0,000242
soldier 0,415515 0,000061
sole 0,301105 0,000044
solely 0,733969 0,000107
solemn 0,301105 0,000044
solemnly 0,579818 0,000084
solicit 0,314711 0,000046
solicitation 0,430783 0,000063
solidify 2,995732 0,000437
solitariness 2,995732 0,000437
solitary 0,462035 0,000067
solitude 0,510826 0,000074
solution 0,755023 0,000220
solve 0,478036 0,000070
sombre 1,171183 0,000171
son 0,083382 0,000024
song 0,261365 0,000076
soothing 0,798508 0,000116
soporific 2,659260 0,000387
sordid 1,139434 0,000166
sorrow 0,248461 0,000036
sorrowful 1,021651 0,000149
sort 0,072571 0,000021
soul 0,083382 0,000024
sound 0,010050 0,000004
soundly 1,021651 0,000149
source 0,274437 0,000080
south 0,235722 0,000034
southern 0,579818 0,000084
southerner 3,218876 0,000469
southernly 3,912023 0,000570
sovereign 0,733969 0,000107
sovereignty 1,771957 0,000258
space 0,105361 0,000015
spade 1,139434 0,000166
spain 0,994252 0,000145
spaniard 1,832581 0,000267
spanish 0,733969 0,000107
spark 0,544727 0,000079
spasm 1,469676 0,000214
speak 0,030459 0,000018
speaking 0,072571 0,000011
special 0,083382 0,000012
specialist 1,771957 0,000516
specialize 3,912023 0,000570
specially 0,820981 0,000120
specialty 2,120264 0,000618
species 0,634878 0,000093
specific 0,820981 0,000120
spectacle 0,544727 0,000079
spectacles 0,843970 0,000123
spectator 0,544727 0,000159
speech 0,139262 0,000020
speed 0,274437 0,000040
spell 0,653926 0,000191
spelling 1,171183 0,000171
spencer 1,897120 0,000276
spend 0,051293 0,000007
spendthrift 2,302585 0,000336
sphere 0,693147 0,000101
sphinx 1,771957 0,000258
spice 1,108663 0,000162
spider 1,139434 0,000166
spin 0,510826 0,000074
spinner 3,506558 0,000511
spirit 0,051293 0,000015
spirited 0,713350 0,000104
spiritism 3,912023 0,000570
spiritual 0,653926 0,000095
spirituality 2,525729 0,000368
spiritualization 3,912023 0,000570
spiritualize 3,506558 0,000511
spite 0,139262 0,000020
spiteful 1,832581 0,000267
spittle 2,407946 0,000351
spleen 1,714798 0,000250
splendidly 1,171183 0,000171
splendour 1,237874 0,000180
spoil 0,274437 0,000120
spontaneously 1,609438 0,000235
spot 0,150823 0,000022
spout 1,514128 0,000221
sprawl 1,139434 0,000166
spread 0,051293 0,000007
sprightly 1,897120 0,000276
spring 0,051293 0,000030
springtime 2,659260 0,000387
sprinkle 0,776529 0,000113
spurious 2,120264 0,000309
spurt 2,040221 0,000297
spy 0,579818 0,000084
spying 1,714798 0,000250
squander 1,469676 0,000214
square 0,223144 0,000033
squarely 1,966113 0,000286
squint 1,714798 0,000250
stability 2,302585 0,000336
stable 0,478036 0,000070
staccato 2,407946 0,000351
staff 0,261365 0,000038
stage 0,186330 0,000027
staid 1,237874 0,000180
stake 0,446287 0,000065
stalk 0,755023 0,000220
stammer 0,891598 0,000130
stamp 0,261365 0,000038
stand -0,009950 -0,000006
standard 0,544727 0,000159
standpoint 1,771957 0,000516
standstill 1,714798 0,000250
star 0,261365 0,000076
stare 0,328504 0,000048
start -0,009950 -0,000003
statement 0,186330 0,000027
statesman 1,049822 0,000153
station 0,235722 0,000034
statism 3,912023 0,000570
statuesque 2,525729 0,000368
status 0,446287 0,000065
stay 0,061875 0,000009
steel 0,494296 0,000072
steep 0,527633 0,000077
stellar 2,995732 0,000437
step 0,030459 0,000009
sterner 2,040221 0,000297
sternness 1,714798 0,000250
stick 0,174353 0,000025
stiff 0,430783 0,000126
stiffness 1,660731 0,000242
stifle 0,967584 0,000282
stigma 2,407946 0,000351
stimulate 1,021651 0,000149
stimulus 1,560648 0,000227
sting 0,616186 0,000090
stink 1,469676 0,000214
stoa 3,218876 0,000469
stoic 1,966113 0,000286
stoical 2,120264 0,000309
stoically 3,506558 0,000511
stoicism 2,525729 0,000368
stoics 2,302585 0,000336
stomach 0,616186 0,000180
stone 0,094311 0,000014
store 0,061875 0,000009
storeroom 2,302585 0,000336
storm 0,274437 0,000080
story 0,030459 0,000004
straight 0,105361 0,000015
straighten 0,967584 0,000141
strain 0,248461 0,000109
strange 0,061875 0,000018
strangely 0,579818 0,000084
stranger 0,139262 0,000020
strangle 0,843970 0,000123
stratum 1,897120 0,000276
stray 0,562119 0,000082
stream 0,139262 0,000020
street 0,116534 0,000017
strength 0,030459 0,000004
strengthen 0,478036 0,000070
stress 0,891598 0,000130
stretch 0,116534 0,000034
stricken 0,653926 0,000095
strict 0,186330 0,000081
strictly 0,579818 0,000084
strife 0,994252 0,000145
strike 0,020203 0,000009
strive 0,385662 0,000169
stroke 0,301105 0,000044
strong 0,020203 0,000009
structure 0,634878 0,000093
struggle 0,127833 0,000037
stuart 2,040221 0,000297
student 0,579818 0,000084
studious 1,386294 0,000202
study 0,094311 0,000027
stuff 0,223144 0,000033
stultification 3,912023 0,000570
stunting 3,912023 0,000570
stupefy 2,995732 0,000437
stupendous 1,514128 0,000221
stupid 0,478036 0,000139
stupidity 0,916291 0,000267
style 0,261365 0,000038
subject 0,061875 0,000036
subjection 1,272966 0,000185
subjective 2,120264 0,000309
subjectivity 3,912023 0,000570
subjugate 2,407946 0,000351
subjugation 2,525729 0,000368
subjugator 3,218876 0,000469
sublimate 3,218876 0,000938
sublime 0,994252 0,000290
sublimer 2,813411 0,000410
sublimity 2,040221 0,000297
submission 0,776529 0,000113
submit 0,430783 0,000126
subordinate 0,967584 0,000282
subscribe 0,342490 0,000050
subservient 1,897120 0,000276
substance 0,415515 0,000061
subterranean 1,714798 0,000250
subtle 0,713350 0,000208
subtler 2,407946 0,000351
subtlety 1,272966 0,000185
suburb 1,078810 0,000157
subversion 2,813411 0,000410
subvert 2,302585 0,000336
succeed 0,105361 0,000046
success 0,162519 0,000047
successful 0,478036 0,000070
succession 0,510826 0,000074
succumb 1,427116 0,000416
sudden 0,072571 0,000011
suddenly 0,040822 0,000006
suddenness 1,469676 0,000214
suffer 0,061875 0,000027
sufferer 0,891598 0,000260
suffering 0,210721 0,000061
suffice 0,544727 0,000317
sufficiency 1,966113 0,000286
sufficient 0,139262 0,000020
suffocate 1,272966 0,000371
sugar 0,776529 0,000113
suggestion 0,356675 0,000104
sui 3,218876 0,000469
suicide 1,049822 0,000153
suit 0,198451 0,000029
suitable 0,462035 0,000067
suitably 2,040221 0,000297
suited 0,597837 0,000087
sum 0,261365 0,000076
summer 0,186330 0,000027
summon 0,544727 0,000079
sun 0,072571 0,000011
sunday 0,494296 0,000072
sunless 2,659260 0,000387
suns 1,560648 0,000227
sunset 0,798508 0,000116
sunshine 0,616186 0,000090
superabundance 2,813411 0,000410
superciliously 2,407946 0,000351
superciliousness 2,407946 0,000351
superficial 1,108663 0,000162
superficiality 2,813411 0,000410
superfluous 0,867501 0,000126
superimpose 3,506558 0,000511
superior 0,261365 0,000076
superiority 0,673345 0,000098
superlative 2,302585 0,000336
supermoral 3,912023 0,000570
superstition 0,798508 0,000233
support 0,094311 0,000041
suppose 0,020203 0,000009
supposer 3,506558 0,000511
supposition 0,776529 0,000113
suppress 0,446287 0,000065
suppression 1,560648 0,000227
supremacy 1,714798 0,000250
supreme 0,616186 0,000090
surely 0,186330 0,000027
surface 0,287682 0,000042
surmise 1,237874 0,000180
surmount 0,843970 0,000369
surpass 0,755023 0,000220
surplus 1,771957 0,000258
surprised 0,210721 0,000031
surprising 0,544727 0,000079
surprisingly 1,966113 0,000286
surrender 0,776529 0,000226
survey 0,462035 0,000067
surveyor 2,207275 0,000322
survive 0,186330 0,000027
survivor 1,469676 0,000214
suspect 0,162519 0,000095
suspicion 0,210721 0,000031
suspicious 0,579818 0,000084
suspiciously 1,832581 0,000267
swamp 0,287682 0,000084
swan 1,171183 0,000171
sway 0,494296 0,000144
swear 0,261365 0,000038
sweat 0,562119 0,000082
sweep 0,274437 0,000040
sweet 0,139262 0,000020
sweeten 1,771957 0,000258
sweetness 0,673345 0,000098
swell 0,186330 0,000054
swelling 3,912023 0,000570
swim 0,478036 0,000070
swing 0,430783 0,000063
switzerland 1,714798 0,000250
sword 0,430783 0,000126
syllable 0,776529 0,000226
symbol 1,108663 0,000323
symbolic 2,120264 0,000309
symbolism 2,659260 0,000387
symmetry 1,514128 0,000221
sympathetic 1,021651 0,000149
sympathize 1,309333 0,000382
sympathy 0,314711 0,000046
symptom 0,693147 0,000202
synonymous 0,446287 0,000065
synthesis 2,525729 0,000368
synthetic 2,995732 0,000437
synthetically 3,506558 0,000511
systematic 1,427116 0,000208
systematically 2,120264 0,000309
systematise 3,506558 0,000511
table 0,083382 0,000024
taboo 3,218876 0,000469
tact 1,309333 0,000191
tail 0,356675 0,000052
tailoress 3,506558 0,000511
taint 1,139434 0,000166
tale 0,248461 0,000036
talent 0,385662 0,000112
talented 2,207275 0,000322
talk 0,061875 0,000027
talkative 1,514128 0,000221
talking 0,150823 0,000022
tame 0,820981 0,000239
tannhauser 3,506558 0,000511
tantaluses 3,912023 0,000570
tantamount 2,659260 0,000387
tarnish 1,771957 0,000258
tartuffery 3,912023 0,000570
tartuffism 3,912023 0,000570
task 0,248461 0,000072
taste 0,105361 0,000046
tasteful 2,207275 0,000322
taut 2,207275 0,000322
tax 0,248461 0,000072
teach 0,083382 0,000049
teacher 0,415515 0,000121
team 1,049822 0,000153
tear 0,030459 0,000009
tearful 1,514128 0,000221
tedious 0,755023 0,000110
tediousness 2,302585 0,000336
teem 1,309333 0,000191
teleological 3,506558 0,000511
temper 0,261365 0,000038
temperament 0,967584 0,000141
temperance 1,560648 0,000227
temperate 1,078810 0,000157
tempo 3,506558 0,000511
temporarily 1,560648 0,000227
temporary 0,713350 0,000104
tempt 0,415515 0,000121
temptation 0,430783 0,000126
tempter 2,120264 0,000618
tenacious 1,714798 0,000250
tenacity 1,609438 0,000235
tend 0,430783 0,000063
tendency 0,527633 0,000077
tender 0,301105 0,000044
tenderness 0,616186 0,000090
tenet 2,040221 0,000297
tensely 2,813411 0,000410
tension 1,514128 0,000221
tentative 2,525729 0,000368
tentatively 2,525729 0,000368
tentativeness 3,912023 0,000570
term 0,061875 0,000027
termination 1,309333 0,000191
terrible 0,186330 0,000027
terribleness 2,995732 0,000437
terribly 0,733969 0,000107
terrifying 2,040221 0,000297
terror 0,162519 0,000024
terse 2,040221 0,000297
testament 1,049822 0,000153
testimony 0,562119 0,000082
testing 2,407946 0,000351
teutonic 2,525729 0,000368
teutonomania 3,912023 0,000570
thawing 2,407946 0,000351
theatre 0,820981 0,000120
thee 0,597837 0,000087
theism 3,218876 0,000469
theistic 3,506558 0,000511
theme 0,891598 0,000130
theologian 1,714798 0,000250
theological 1,714798 0,000250
theology 1,427116 0,000208
theorist 2,813411 0,000410
theory 0,400478 0,000117
therefrom 1,771957 0,000258
thereon 1,469676 0,000214
theretofore 3,218876 0,000469
therewith 1,560648 0,000227
thesis 2,302585 0,000336
thinker 1,427116 0,000416
thinking 0,274437 0,000040
thirst 0,494296 0,000072
thirstily 2,995732 0,000437
thither 0,579818 0,000084
thorn 0,967584 0,000141
thoughtful 0,693147 0,000101
thoughtlessness 1,832581 0,000267
thousandfold 2,407946 0,000351
thrash 1,237874 0,000180
thread 0,342490 0,000050
threaten 0,186330 0,000081
threateningly 2,302585 0,000336
threshold 0,562119 0,000082
thrill 0,713350 0,000208
throe 1,714798 0,000250
throw 0,010050 0,000004
thrust 0,287682 0,000084
thwart 1,108663 0,000162
thy 0,634878 0,000093
thyself 1,272966 0,000185
tiberius 2,302585 0,000336
ticklish 2,120264 0,000309
ticklishness 3,912023 0,000570
tide 0,616186 0,000090
tie 0,105361 0,000015
tiger 1,078810 0,000157
time -0,009950 -0,000003
timely 1,514128 0,000221
timid 0,544727 0,000079
timidity 1,469676 0,000428
timidly 1,171183 0,000171
tinker 1,771957 0,000258
tinted 1,609438 0,000235
tire 0,941609 0,000137
tired 0,198451 0,000029
tiresome 1,078810 0,000157
title 0,116534 0,000034
toe 0,616186 0,000090
toil 0,430783 0,000063
token 0,693147 0,000202
tolerably 0,994252 0,000145
tolerance 2,302585 0,000336
tolerant 2,040221 0,000297
toleration 1,966113 0,000286
tomorrow 0,755023 0,000110
tone 0,198451 0,000029
tongue 0,139262 0,000020
tongued 2,525729 0,000368
tool 0,478036 0,000070
tooth 0,186330 0,000027
topic 0,733969 0,000107
torment 0,597837 0,000174
torrent 0,713350 0,000104
tortoise 1,514128 0,000221
torture 0,371064 0,000162
totality 2,659260 0,000387
touch 0,010050 0,000004
touchstone 2,659260 0,000775
tough 0,891598 0,000260
tour 0,916291 0,000134
tower 0,314711 0,000092
town 0,094311 0,000014
trace 0,198451 0,000029
trade 0,287682 0,000042
trademark 0,562119 0,000082
trading 1,237874 0,000180
tradition 0,755023 0,000110
traditional 1,514128 0,000221
tragedy 0,733969 0,000107
tragic 0,820981 0,000120
tragically 2,302585 0,000336
train 0,162519 0,000071
trainer 2,525729 0,000368
training 0,776529 0,000113
trait 1,139434 0,000332
tranquility 2,120264 0,000309
tranquilize 3,506558 0,000511
transcendental 2,302585 0,000336
transcribe 0,462035 0,000067
transcriber 1,714798 0,000250
transcription 0,527633 0,000077
transfiguration 2,659260 0,000387
transfigure 2,525729 0,000368
transfigured 2,207275 0,000322
transform 0,693147 0,000202
transition 1,272966 0,000185
transitory 1,897120 0,000276
translate 0,634878 0,000185
translation 0,891598 0,000260
translator 1,347074 0,000196
transmit 1,049822 0,000153
transvaluation 3,506558 0,000511
transvalue 3,506558 0,000511
travel 0,198451 0,000029
traveler 1,771957 0,000516
traverse 0,867501 0,000253
travesty 2,525729 0,000368
treacherous 0,891598 0,000130
tread 0,328504 0,000048
treasure 0,261365 0,000038
treat 0,127833 0,000056
treatment 0,127833 0,000019
tree 0,061875 0,000009
trellis 2,407946 0,000351
tremble 0,174353 0,000025
tribe 0,693147 0,000101
tribune 2,040221 0,000297
tribute 1,021651 0,000149
trick 0,274437 0,000080
trifle 0,446287 0,000065
trip 0,510826 0,000074
tristan 2,995732 0,000437
triumph 0,261365 0,000076
triumphantly 0,941609 0,000137
tropical 1,560648 0,000227
tropics 1,897120 0,000276
trouble 0,010050 0,000003
troublesome 0,843970 0,000123
truckle 2,525729 0,000736
true 0,020203 0,000003
trump 1,386294 0,000202
trumpery 2,995732 0,000437
trust 0,061875 0,000009
trustworthiness 3,506558 0,000511
truth 0,030459 0,000009
truthful 1,427116 0,000208
truthfulness 1,966113 0,000286
tubingen 3,912023 0,000570
tune 0,616186 0,000090
turmoil 1,714798 0,000250
twentieth 1,108663 0,000162
twilight 0,733969 0,000107
twist 0,314711 0,000046
type 0,174353 0,000051
typical 1,560648 0,000227
tyrannical 1,514128 0,000221
tyrannically 2,995732 0,000437
tyrannize 2,120264 0,000618
tyrannous 2,995732 0,000437
tyranny 1,108663 0,000162
tyrant 0,843970 0,000246
tyronism 3,912023 0,000570
uglifying 3,506558 0,000511
ugly 0,385662 0,000056
ultimate 0,941609 0,000137
ultimately 1,108663 0,000162
ululating 3,912023 0,000570
ulysses 1,832581 0,000267
umbrella 1,203973 0,000175
unable 0,248461 0,000036
unaffected 1,386294 0,000202
unalterable 1,309333 0,000191
unanimous 1,771957 0,000258
unassuming 2,207275 0,000322
unauthorizedly 3,912023 0,000570
unavoidable 1,049822 0,000153
unavoidably 2,120264 0,000309
unawares 1,237874 0,000180
unbearable 1,560648 0,000227
unbelief 1,771957 0,000258
unbend 2,813411 0,000410
unbridled 2,207275 0,000322
unbridledness 3,912023 0,000570
unbroken 0,733969 0,000107
uncanny 1,560648 0,000227
uncertain 0,301105 0,000044
uncertainty 0,776529 0,000113
unchangeable 1,771957 0,000258
unclean 1,386294 0,000202
uncleanliness 2,659260 0,000387
uncommunicative 3,218876 0,000469
unconditional 2,207275 0,000322
unconditionally 2,659260 0,000387
unconditionalness 3,912023 0,000570
unconditioned 3,506558 0,000511
unconquerable 1,560648 0,000227
unconquered 2,813411 0,000410
unconscious 0,400478 0,000058
unconsciously 0,634878 0,000093
undefined 1,714798 0,000250
undergo 0,510826 0,000149
underground 1,309333 0,000191
underline 2,407946 0,000351
undermine 1,660731 0,000242
underrate 2,813411 0,000410
understand 0,020203 0,000009
understanding 0,223144 0,000065
undertake 0,385662 0,000112
undervalue 2,207275 0,000322
undeservedly 2,813411 0,000410
undeveloped 1,771957 0,000258
undiscovered 1,714798 0,000250
undistinguished 2,813411 0,000410
undisturbedness 3,912023 0,000570
undoubtedly 0,634878 0,000093
unearth 1,832581 0,000267
uneaseful 3,912023 0,000570
unemancipated 3,506558 0,000511
unendurable 1,966113 0,000286
unenforceability 0,562119 0,000082
unenraptured 3,912023 0,000570
unequally 2,302585 0,000336
unequivocal 2,995732 0,000437
unequivocally 3,218876 0,000469
unexceptionalness 3,912023 0,000570
unexhausted 2,659260 0,000387
unexpressed 2,659260 0,000387
unfailing 1,714798 0,000250
unfailingly 2,995732 0,000437
unfair 1,049822 0,000153
unfamiliar 1,386294 0,000202
unfathomable 1,771957 0,000258
unfavourable 1,514128 0,000221
unfavourably 2,659260 0,000387
unfold 0,755023 0,000110
unfortunate 0,314711 0,000046
ungrateful 0,798508 0,000116
unhappy 0,400478 0,000058
unhesitating 2,995732 0,000437
unhinge 2,207275 0,000322
uniform 0,210721 0,000031
uniformity 1,771957 0,000258
unintelligent 2,659260 0,000387
unintelligible 1,237874 0,000180
uninteresting 1,347074 0,000196
unintuitively 3,912023 0,000570
unio 3,506558 0,000511
unique 1,237874 0,000180
unite 0,867501 0,000126
united 0,094311 0,000014
unity 1,049822 0,000153
universal 0,478036 0,000070
university 0,967584 0,000141
unjust 0,693147 0,000101
unknown 0,105361 0,000015
unlawful 1,469676 0,000214
unlearn 2,302585 0,001007
unlearned 2,407946 0,000351
unlink 0,562119 0,000082
unlucky 1,139434 0,000166
unmanliness 3,218876 0,000469
unmentionable 3,218876 0,000469
unmistakable 1,171183 0,000171
unmoved 0,916291 0,000134
unnaturalness 3,218876 0,000469
unnoticed 1,514128 0,000221
unobjectionable 2,995732 0,000437
unpeaceable 3,912023 0,000570
unphilosophical 2,813411 0,000410
unphilosophically 3,912023 0,000570
unpleasant 0,562119 0,000082
unprejudiced 2,407946 0,000351
unprejudicedly 3,912023 0,000570
unprejudicedness 3,912023 0,000570
unpretentious 2,813411 0,000410
unreasonable 0,967584 0,000141
unreasonableness 3,506558 0,000511
unrecognizable 3,218876 0,000469
unrefined 3,506558 0,000511
unrefuted 3,506558 0,000511
unrestful 3,912023 0,000570
unrestrained 1,714798 0,000250
unriddle 3,506558 0,000511
unsatisfactorily 3,506558 0,000511
unscholarly 3,912023 0,000570
unscrupulous 1,771957 0,000258
unseasonable 1,897120 0,000276
unseemly 1,560648 0,000227
unselfish 1,609438 0,000235
unsensuousness 3,912023 0,000570
unsettling 2,995732 0,000437
unskilled 2,207275 0,000322
unsolicited 0,510826 0,000074
unsuccessful 0,994252 0,000145
unsuitable 1,609438 0,000235
unsuspecting 2,407946 0,000351
unteachable 2,995732 0,000437
untranslatable 3,506558 0,000511
untrodden 2,525729 0,000368
untrue 1,309333 0,000191
untruth 2,407946 0,000351
untruthful 3,218876 0,000469
unusually 0,891598 0,000130
unuttered 2,995732 0,000437
unwariness 3,912023 0,000570
unwearied 1,714798 0,000250
unwilling 0,653926 0,000095
unwillingly 1,171183 0,000171
unwisely 2,659260 0,000387
unwittingly 1,660731 0,000242
unworldliness 3,912023 0,000570
upbraid 1,386294 0,000202
update 0,510826 0,000074
upgoing 3,912023 0,000570
upper 0,314711 0,000046
upright 0,301105 0,000044
uprightness 1,771957 0,000258
uprose 2,525729 0,000368
upset 0,755023 0,000110
ural 3,912023 0,000570
urgently 1,560648 0,000227
usage 0,733969 0,000214
useless 0,235722 0,000034
user 0,544727 0,000079
usque 3,506558 0,000511
usual 0,139262 0,000020
ut 0,510826 0,000074
utile 3,506558 0,000511
utilitarian 2,659260 0,000387
utilitarianism 3,218876 0,000469
utilitarians 3,912023 0,000570
utility 1,427116 0,000208
utilize 2,407946 0,000351
utmost 0,356675 0,000052
utter 0,162519 0,000047
utterance 0,867501 0,000126
vain 0,116534 0,000017
valuable 0,342490 0,000050
valuation 2,525729 0,000736
vampyre 3,218876 0,000469
vanilla 0,544727 0,000079
vanish 0,314711 0,000046
vanity 0,400478 0,000058
vanquish 0,916291 0,000134
variation 0,994252 0,000145
variegate 1,897120 0,000276
variety 0,150823 0,000044
variously 1,427116 0,000208
vary 0,342490 0,000050
vassal 1,897120 0,000276
vast 0,223144 0,000033
vaunt 1,771957 0,000258
vedanta 3,912023 0,000570
vehemence 1,108663 0,000162
vehemently 1,386294 0,000202
vehicle 0,843970 0,000123
veil 0,510826 0,000074
veiled 1,272966 0,000185
venerable 0,843970 0,000123
venerate 1,660731 0,000484
vengeance 0,579818 0,000084
venice 1,427116 0,000208
vent 0,798508 0,000116
venture 0,223144 0,000098
verbal 1,203973 0,000175
verbiage 3,506558 0,000511
verdict 1,237874 0,000180
veritable 1,560648 0,000227
verse 0,478036 0,000070
version 0,342490 0,000050
vertu 2,659260 0,000387
vessel 0,446287 0,000065
vex 0,579818 0,000084
vexation 0,820981 0,000120
vice 0,478036 0,000139
vicious 0,653926 0,000095
vicissitude 1,560648 0,000227
victim 0,385662 0,000112
victor 0,967584 0,000141
victorious 1,108663 0,000162
victory 0,356675 0,000052
view 0,040822 0,000024
vigilance 1,309333 0,000191
vigorous 0,544727 0,000079
vigorously 1,021651 0,000149
vii 0,430783 0,000063
viii 0,446287 0,000065
viking 3,218876 0,000469
village 0,356675 0,000052
vinci 3,218876 0,000469
vindicate 1,427116 0,000208
vindictively 2,813411 0,000410
violate 0,342490 0,000050
violation 1,560648 0,000227
violence 0,248461 0,000036
violent 0,223144 0,000033
virgin 0,755023 0,000110
virility 2,659260 0,000387
virtu 3,218876 0,000469
virtue 0,287682 0,000084
virtuosi 3,218876 0,000469
virtuosoship 3,912023 0,000570
virtuous 0,653926 0,000095
virtuously 2,407946 0,000351
virtus 3,506558 0,000511
virus 0,527633 0,000077
viscous 3,218876 0,000469
visible 0,235722 0,000034
vision 0,301105 0,000044
visionary 1,427116 0,000416
visit 0,030459 0,000004
visitor 0,446287 0,000065
visual 2,407946 0,000351
vital 0,693147 0,000101
vitality 1,309333 0,000191
vivacious 1,832581 0,000267
vivisect 2,813411 0,000410
vivisection 2,659260 0,000387
vivisector 3,218876 0,000469
vocal 1,469676 0,000214
voice 0,020203 0,000006
void 0,261365 0,000038
voila 3,506558 0,000511
volition 1,714798 0,000500
volitional 3,912023 0,000570
voltaire 1,897120 0,000276
voltairean 3,506558 0,000511
voluntarily 0,891598 0,000130
voluntary 0,843970 0,000123
volunteer 0,314711 0,000046
volunteers 0,430783 0,000063
voluptuous 1,469676 0,000214
von 1,771957 0,000258
vow 0,616186 0,000090
vowel 2,120264 0,000309
voyage 0,616186 0,000180
vulgar 0,634878 0,000093
vulgarity 1,897120 0,000276
vulgarization 3,912023 0,000570
vulgarize 3,506558 0,001022
vulnerability 3,912023 0,000570
vulnerable 2,120264 0,000309
wage 1,203973 0,000175
wager 1,347074 0,000196
waggish 2,407946 0,000351
wagner 2,407946 0,000351
wagnerian 3,912023 0,000570
wagnerite 3,912023 0,000570
wait 0,061875 0,000018
waiting 0,083382 0,000012
wake 0,223144 0,000033
wakefulness 2,407946 0,000351
walk 0,000000 0,000000
wallow 1,309333 0,000191
wander 0,116534 0,000034
wanderer 1,078810 0,000157
wane 0,967584 0,000141
wanton 1,021651 0,000149
wantonly 1,660731 0,000242
wantonness 1,514128 0,000221
war 0,139262 0,000041
warlike 1,427116 0,000208
warm 0,116534 0,000017
warn 0,287682 0,000042
warningly 2,407946 0,000351
warranty 0,544727 0,000159
wary 1,171183 0,000341
wast 2,120264 0,000309
waste 0,127833 0,000019
watch 0,020203 0,000003
water 0,040822 0,000012
waver 0,733969 0,000107
weak 0,105361 0,000031
weaken 0,562119 0,000164
weakling 1,966113 0,000286
weakness 0,248461 0,000072
weal 1,714798 0,000250
wealth 0,287682 0,000042
wealthy 0,579818 0,000084
weapon 0,400478 0,000058
wear 0,083382 0,000024
wearied 0,820981 0,000120
weariness 0,755023 0,000110
wearisome 1,139434 0,000166
weary 0,186330 0,000054
weave 0,693147 0,000101
weber 2,659260 0,000387
wedding 0,733969 0,000107
week 0,127833 0,000019
weep 0,356675 0,000052
weight 0,116534 0,000017
welfare 0,916291 0,000134
werther 3,218876 0,000469
west 0,083382 0,000012
western 0,616186 0,000090
wet 0,261365 0,000038
wether 3,218876 0,000469
whatsoever 0,287682 0,000042
wheel 0,274437 0,000040
wheeling 1,514128 0,000221
whirl 0,527633 0,000077
whisper 0,248461 0,000036
wholly 0,400478 0,000058
whys 3,912023 0,000570
wicked 0,328504 0,000096
wickedness 0,916291 0,000134
wide 0,030459 0,000013
widen 0,916291 0,000267
wife 0,083382 0,000024
wild 0,051293 0,000007
wilderness 0,673345 0,000098
wildest 1,272966 0,000185
wildness 1,514128 0,000221
willed 1,347074 0,000196
william 0,798508 0,000116
willingly 0,527633 0,000077
win 0,356675 0,000156
wind 0,094311 0,000014
winded 1,832581 0,000267
window 0,162519 0,000047
wine 0,235722 0,000034
wing 0,314711 0,000046
wipe 0,415515 0,000061
wisdom 0,287682 0,000042
wise 0,094311 0,000041
wisely 0,653926 0,000095
wisp 1,660731 0,000242
wit 0,198451 0,000029
witchery 2,302585 0,000336
withal 1,347074 0,000196
withdraw 0,210721 0,000061
withered 0,843970 0,000123
witness 0,116534 0,000051
witticism 1,966113 0,000286
wizard 1,897120 0,000276
woe 0,673345 0,000098
woman 0,030459 0,000009
womanly 1,560648 0,000227
wonderful 0,162519 0,000024
word 0,020203 0,000003
worker 0,941609 0,000274
workman 0,755023 0,000220
workmanlike 2,813411 0,000410
worldly 0,820981 0,000120
worm 0,733969 0,000107
worship 0,415515 0,000121
worth 0,061875 0,000009
worthy 0,186330 0,000081
wound 0,198451 0,000058
wounded 0,274437 0,000040
wrath 0,634878 0,000093
wreck 0,693147 0,000101
wrestler 1,832581 0,000267
wretched 0,328504 0,000048
wretchedness 1,139434 0,000166
wring 0,798508 0,000116
write 0,020203 0,000012
writer 0,328504 0,000048
writing 0,061875 0,000009
writings 0,994252 0,000145
wrong 0,072571 0,000021
wrongly 1,966113 0,000286
yawn 0,820981 0,000120
yea 1,897120 0,000276
yeas 3,912023 0,000570
yellow 0,314711 0,000092
yesterday 0,301105 0,000044
yield 0,174353 0,000051
yon 2,120264 0,000309
youth 0,139262 0,000041
youthful 0,673345 0,000098
youthfulness 2,407946 0,000351
zeitgeist 3,912023 0,000570
zone 1,660731 0,000484
