aback 1,660731 0,000110
abaft 3,218876 0,000214
abandon 0,223144 0,000030
abandonedly 3,506558 0,000233
abandonment 1,514128 0,000101
abase 2,040221 0,000136
abasement 1,897120 0,000126
abashed 1,560648 0,000104
abate 1,108663 0,000221
abatement 2,120264 0,000141
abbreviate 3,912023 0,000260
abbreviation 2,302585 0,000153
abe 1,897120 0,000126
abeam 3,506558 0,000233
abel 2,120264 0,000141
abhor 1,203973 0,000080
abhorred 1,560648 0,000104
abhorrence 1,560648 0,000104
abhorrent 2,120264 0,000141
abide 0,248461 0,000050
ability 0,478036 0,000032
abjectly 2,659260 0,000177
ablutions 2,040221 0,000136
aboard 1,237874 0,000082
abode 0,579818 0,000039
abominable 0,867501 0,000058
abominate 2,813411 0,000374
abomination 1,609438 0,000107
aboriginal 2,813411 0,000187
aboriginally 3,912023 0,000260
abortion 2,120264 0,000282
abound 1,021651 0,000204
aboundingly 3,912023 0,000260
abraham 1,386294 0,000092
abreast 1,203973 0,000080
abridge 1,714798 0,000114
abruptly 0,843970 0,000056
absence 0,274437 0,000018
absent 0,371064 0,000025
absolute 0,400478 0,000027
absolutely 0,287682 0,000019
absorb 0,446287 0,000059
absorbingly 3,912023 0,000260
abstain 1,139434 0,000076
abstemious 2,659260 0,000177
abstinence 1,609438 0,000107
abstract 0,733969 0,000098
abstraction 1,427116 0,000095
absurd 0,430783 0,000029
absurdly 1,427116 0,000095
abundance 0,843970 0,000056
abundant 0,867501 0,000058
abundantly 1,272966 0,000085
academy 1,347074 0,000089
accelerate 1,771957 0,000353
accept 0,061875 0,000004
accessible 0,446287 0,000030
accessory 1,427116 0,000095
accident 0,274437 0,000036
accidental 0,755023 0,000050
accidentally 0,820981 0,000055
accommodate 0,916291 0,000122
accommodation 1,203973 0,000080
accompaniment 1,347074 0,000089
accompany 0,094311 0,000025
accomplish 0,634878 0,000084
accomplished 0,385662 0,000026
accomplishment 0,994252 0,000066
accost 1,049822 0,000070
account 0,010050 0,000003
accountable 2,302585 0,000153
accountant 2,407946 0,000160
accumulate 0,891598 0,000178
accuracy 1,108663 0,000074
accurate 0,941609 0,000063
accurately 1,049822 0,000070
accursed 1,108663 0,000074
accustomed 0,287682 0,000019
acerbity 3,506558 0,000233
ache 0,733969 0,000098
achieve 0,597837 0,000079
achilles 1,560648 0,000104
acknowledge 0,274437 0,000036
acquaint 0,342490 0,000023
acquaintance 0,248461 0,000033
acquiesce 1,021651 0,000136
acquiescence 1,427116 0,000095
acquire 0,371064 0,000025
acre 0,776529 0,000103
acridness 3,912023 0,000260
action 0,094311 0,000013
actium 2,659260 0,000177
active 0,127833 0,000008
actively 1,560648 0,000104
activity 0,415515 0,000028
actual 0,174353 0,000012
actuate 1,771957 0,000118
acute 0,733969 0,000049
acuteness 1,427116 0,000095
adam 0,941609 0,000063
adapt 0,653926 0,000043
add 0,094311 0,000019
addition 0,116534 0,000008
additional 0,198451 0,000013
address 0,072571 0,000014
adelaide 2,813411 0,000187
adequate 1,309333 0,000087
adequately 2,120264 0,000141
adhere 0,916291 0,000061
adhesiveness 3,506558 0,000233
adieu 1,237874 0,000082
adieux 2,813411 0,000187
adios 3,912023 0,000260
adjacent 1,469676 0,000098
adjoin 0,798508 0,000053
adjust 0,891598 0,000118
admeasurement 3,506558 0,000233
administer 0,867501 0,000115
admirable 0,527633 0,000035
admirably 1,203973 0,000080
admiral 1,347074 0,000179
admire 0,356675 0,000024
admirer 0,916291 0,000122
admit 0,116534 0,000031
admonish 1,237874 0,000247
admonition 1,427116 0,000095
admonitory 2,813411 0,000187
ado 1,514128 0,000101
adolescence 2,659260 0,000177
adopt 0,673345 0,000089
adoption 1,771957 0,000118
adoration 1,171183 0,000078
adore 0,891598 0,000059
adorn 0,634878 0,000084
adornment 1,560648 0,000104
adown 2,659260 0,000177
adrift 1,660731 0,000110
adroit 2,120264 0,000141
adroitly 2,120264 0,000141
adroop 3,912023 0,000260
adult 1,660731 0,000110
adulterer 2,302585 0,000153
advance 0,061875 0,000016
advancement 1,203973 0,000080
advantage 0,127833 0,000017
advent 1,514128 0,000101
adventure 0,301105 0,000040
adventurous 1,237874 0,000082
adventurously 3,506558 0,000233
adverse 1,514128 0,000101
advert 2,995732 0,000199
advertise 1,108663 0,000074
advice 0,186330 0,000012
advise 0,301105 0,000020
advocate 0,867501 0,000058
aerate 3,912023 0,000260
afar 0,994252 0,000066
affair 0,094311 0,000013
affect 0,478036 0,000032
affection 0,235722 0,000016
affectionate 0,616186 0,000041
affectionately 1,237874 0,000082
affidavit 2,813411 0,000187
affinity 1,427116 0,000095
affirm 0,843970 0,000112
affirmative 1,203973 0,000080
affix 1,897120 0,000126
afflict 0,597837 0,000040
affliction 0,798508 0,000053
affluent 2,525729 0,000168
afford 0,186330 0,000050
affright 1,609438 0,000321
affront 1,171183 0,000078
afire 2,407946 0,000160
afloat 1,966113 0,000131
afoam 3,912023 0,000260
afore 1,609438 0,000107
aforesaid 1,469676 0,000098
aforethought 3,506558 0,000233
afoul 3,506558 0,000233
afraid 0,105361 0,000007
afresh 1,021651 0,000068
afric 2,813411 0,000187
africa 0,967584 0,000064
african 1,427116 0,000190
aft 1,771957 0,000118
afternoon 0,274437 0,000036
age 0,040822 0,000005
aged 0,198451 0,000013
agency 1,021651 0,000136
agent 0,223144 0,000030
aggravate 1,171183 0,000078
aggregate 2,040221 0,000271
aggregation 3,218876 0,000428
aggrieved 1,832581 0,000122
aghast 1,272966 0,000085
agile 1,427116 0,000095
agitated 0,693147 0,000046
aglow 2,120264 0,000141
agonize 2,407946 0,000160
agonizing 1,832581 0,000122
agonizingly 2,659260 0,000177
agony 0,462035 0,000061
agrarian 3,218876 0,000214
agree 0,051293 0,000010
agreeable 0,462035 0,000031
aground 2,302585 0,000153
ague 1,609438 0,000107
ahab 2,525729 0,000168
ahoy 2,995732 0,000199
aid 0,210721 0,000014
aide 2,040221 0,000136
ail 1,108663 0,000074
aim 0,287682 0,000038
aimlessly 1,897120 0,000126
air 0,061875 0,000004
airth 3,506558 0,000233
aisle 1,832581 0,000122
ajar 1,514128 0,000101
akin 1,203973 0,000080
alabama 2,525729 0,000168
aladdin 2,995732 0,000199
alarm 0,314711 0,000042
alarmed 0,478036 0,000032
alas 0,462035 0,000031
alb 3,912023 0,000260
albatross 2,995732 0,000398
albert 1,832581 0,000122
albicore 3,912023 0,000260
albino 3,218876 0,000214
alcove 2,302585 0,000153
aldermen 2,659260 0,000177
ale 1,660731 0,000110
aleak 3,912023 0,000260
alert 0,843970 0,000056
alewife 3,912023 0,000260
alexander 1,108663 0,000074
alexanders 3,506558 0,000233
alfred 1,897120 0,000126
algerine 3,506558 0,000233
algiers 2,207275 0,000147
alien 1,272966 0,000169
alight 0,755023 0,000050
alike 0,287682 0,000019
aliment 2,659260 0,000177
alive 0,051293 0,000003
allay 1,272966 0,000169
allege 1,108663 0,000074
allegiance 1,897120 0,000126
allegorical 1,966113 0,000131
allegory 1,714798 0,000114
alley 1,021651 0,000136
allot 1,108663 0,000074
allowance 0,713350 0,000095
allude 0,891598 0,000178
allure 1,386294 0,000184
allurement 1,560648 0,000104
alluring 1,714798 0,000114
alluringly 3,506558 0,000233
allusion 0,755023 0,000100
ally 0,713350 0,000047
almanac 2,407946 0,000160
almighty 1,108663 0,000074
alms 1,309333 0,000087
aloft 0,916291 0,000061
aloof 1,309333 0,000087
aloud 0,301105 0,000020
alow 3,506558 0,000233
alpaca 3,912023 0,000260
alpine 2,120264 0,000141
alps 1,560648 0,000104
altar 0,755023 0,000050
alter 0,235722 0,000047
alternate 0,261365 0,000035
alternately 1,021651 0,000068
altitude 2,302585 0,000306
altogether 0,198451 0,000013
amain 2,525729 0,000168
amaze 1,660731 0,000110
amazement 0,446287 0,000030
amazing 0,941609 0,000063
amazingly 1,771957 0,000118
amber 1,386294 0,000092
ambergris 3,218876 0,000214
ambiguous 1,771957 0,000118
ambition 0,510826 0,000034
ambitious 0,891598 0,000059
amelia 2,659260 0,000177
amen 1,237874 0,000082
amend 0,820981 0,000055
america 0,579818 0,000039
american 0,634878 0,000084
americas 3,218876 0,000214
amorous 1,386294 0,000092
amours 2,659260 0,000177
amphibious 2,813411 0,000187
amphitheatrical 3,912023 0,000260
ample 0,527633 0,000035
amplify 2,407946 0,000320
amputate 2,407946 0,000480
amputation 3,218876 0,000428
amsterdam 2,207275 0,000147
amuck 3,218876 0,000214
amusing 0,693147 0,000046
anaconda 3,912023 0,000520
analogical 3,506558 0,000233
analogous 2,120264 0,000141
analogy 1,660731 0,000221
analyse 1,609438 0,000214
analysis 1,347074 0,000089
analytic 2,995732 0,000199
anathema 2,995732 0,000199
anatomical 2,407946 0,000160
anatomist 2,659260 0,000177
anatomy 1,966113 0,000131
ancestor 0,462035 0,000031
ancestress 3,218876 0,000214
ancestry 2,525729 0,000168
anchor 0,776529 0,000155
ancient 0,198451 0,000013
ancientest 3,506558 0,000233
andes 2,659260 0,000177
andiron 2,995732 0,000199
andrew 1,469676 0,000098
andromeda 3,218876 0,000214
anew 0,867501 0,000058
angel 0,579818 0,000039
angelo 2,302585 0,000153
angels 0,776529 0,000052
anger 0,287682 0,000019
angle 0,478036 0,000064
anglo 2,302585 0,000153
angrily 0,867501 0,000058
angry 0,174353 0,000012
anguish 0,579818 0,000039
angular 2,407946 0,000160
angularly 3,912023 0,000260
animal 0,223144 0,000030
animate 1,347074 0,000179
animated 0,755023 0,000050
animation 1,171183 0,000078
animosity 1,427116 0,000095
ankle 0,916291 0,000061
annals 1,660731 0,000110
anne 1,560648 0,000104
annihilate 1,203973 0,000160
annihilation 1,514128 0,000101
anno 2,659260 0,000177
announcement 1,078810 0,000072
annual 1,171183 0,000078
annually 1,771957 0,000118
annuitant 3,506558 0,000233
annus 3,912023 0,000260
anoint 1,309333 0,000348
anomalous 2,813411 0,000187
anomalously 3,912023 0,000260
anomaly 2,302585 0,000153
anon 1,272966 0,000085
anonymous 1,714798 0,000114
answer 0,020203 0,000004
ant 1,309333 0,000174
antagonistic 1,966113 0,000131
antarctic 3,506558 0,000233
antecedent 1,660731 0,000110
antediluvian 3,218876 0,000214
antelope 2,040221 0,000136
antic 2,040221 0,000136
antichronical 3,912023 0,000260
anticipate 0,616186 0,000041
anticipatingly 3,912023 0,000260
anticipation 0,733969 0,000049
anticipative 3,506558 0,000233
antidote 1,771957 0,000118
antilles 3,218876 0,000214
antique 1,108663 0,000074
antiquity 0,941609 0,000125
antler 2,995732 0,000199
antlered 3,506558 0,000233
antony 2,207275 0,000147
antwerp 2,207275 0,000147
anus 2,995732 0,000199
anvil 2,302585 0,000153
anxiety 0,287682 0,000038
anxious 0,261365 0,000017
aorta 3,912023 0,000260
apartment 0,597837 0,000040
ape 1,203973 0,000080
apeak 3,912023 0,000260
aperture 1,560648 0,000104
apex 2,120264 0,000141
apollo 1,660731 0,000110
apology 0,527633 0,000035
apoplectic 2,207275 0,000147
apoplexy 2,525729 0,000168
apostolic 2,659260 0,000177
apothecary 1,609438 0,000107
apotheosis 2,407946 0,000160
appal 1,021651 0,000204
appalling 1,237874 0,000082
appallingly 2,813411 0,000187
apparatus 1,347074 0,000089
apparel 1,171183 0,000156
apparent 0,314711 0,000021
apparition 0,994252 0,000066
appeal 0,261365 0,000017
appeals 0,916291 0,000061
appearance 0,072571 0,000010
appellation 1,832581 0,000243
appellative 3,218876 0,000214
append 2,040221 0,000136
appendage 2,040221 0,000136
appetite 0,314711 0,000042
apple 0,494296 0,000033
appliance 2,040221 0,000136
applicable 0,400478 0,000027
application 0,653926 0,000043
apply 0,116534 0,000031
appoint 0,328504 0,000044
appointment 0,579818 0,000039
apportion 2,040221 0,000136
appreciative 2,207275 0,000147
apprehension 0,494296 0,000066
apprehensiveness 3,506558 0,000233
apprise 1,897120 0,000252
approach 0,040822 0,000011
approval 0,798508 0,000053
approve 0,342490 0,000068
approvingly 1,771957 0,000118
approximate 2,525729 0,000168
apricot 2,813411 0,000187
april 0,798508 0,000053
apron 1,203973 0,000080
apt 0,579818 0,000039
aptitude 1,714798 0,000228
aquarius 2,995732 0,000199
arbitrary 1,309333 0,000087
arbour 2,040221 0,000136
arc 1,609438 0,000107
arch 0,713350 0,000095
archangel 2,040221 0,000136
archangelic 3,506558 0,000233
archangelical 3,506558 0,000233
archangels 2,302585 0,000153
archbishop 1,560648 0,000104
archbishopric 3,912023 0,000260
arched 1,171183 0,000078
archer 1,560648 0,000104
archiepiscopacy 3,912023 0,000260
arching 2,302585 0,000153
archipelago 2,120264 0,000141
architect 1,139434 0,000151
architecture 1,108663 0,000074
archives 1,966113 0,000131
archy 3,912023 0,000260
arctic 2,040221 0,000136
ardour 1,237874 0,000082
arethusa 2,659260 0,000177
argo 2,525729 0,000168
argosy 3,506558 0,000233
argue 0,371064 0,000074
argument 0,287682 0,000038
arid 1,966113 0,000131
aries 2,995732 0,000199
aright 1,078810 0,000072
arion 3,506558 0,000233
aristotle 1,560648 0,000104
arithmetic 1,203973 0,000080
ark 1,560648 0,000104
arkansas 2,995732 0,000199
arkite 3,218876 0,000214
arm 0,030459 0,000004
armada 2,302585 0,000153
armed 0,385662 0,000026
armor 1,832581 0,000122
army 0,356675 0,000047
arnold 2,302585 0,000153
aroma 2,525729 0,000336
aromatic 1,714798 0,000114
arpen 3,912023 0,000260
arrah 3,506558 0,000233
arrange 0,198451 0,000040
arrangement 0,274437 0,000018
arrant 2,407946 0,000160
array 0,248461 0,000033
arrest 0,544727 0,000036
arrival 0,328504 0,000022
arrive 0,083382 0,000022
arrogance 1,714798 0,000114
arrow 0,510826 0,000068
arrowy 2,995732 0,000199
art 0,127833 0,000017
arter 2,659260 0,000177
arterial 3,506558 0,000233
artful 1,171183 0,000078
article 0,400478 0,000053
articulate 1,237874 0,000082
artificial 0,616186 0,000041
artificially 1,771957 0,000118
artificialness 3,912023 0,000260
artisan 1,660731 0,000110
artist 0,562119 0,000075
artistic 1,049822 0,000070
asa 2,813411 0,000187
ascend 0,430783 0,000086
ascendency 2,813411 0,000187
ascertain 0,597837 0,000079
ascribable 3,912023 0,000260
ascribe 1,272966 0,000169
ascription 3,912023 0,000260
ash 0,400478 0,000053
ashantee 3,506558 0,000233
ashore 1,139434 0,000076
asia 1,108663 0,000074
asiatic 1,660731 0,000110
askance 1,660731 0,000110
aslant 2,407946 0,000160
asleep 0,162519 0,000011
aslope 3,506558 0,000233
aspect 0,446287 0,000059
aspersion 3,506558 0,000233
asphaltic 3,506558 0,000233
aspiration 1,049822 0,000070
aspire 0,967584 0,000064
ass 0,916291 0,000122
assail 0,891598 0,000237
assailable 3,506558 0,000233
assailant 1,139434 0,000151
assassin 1,514128 0,000101
assault 0,798508 0,000159
assemble 0,462035 0,000031
assembly 0,798508 0,000053
assent 0,579818 0,000039
assert 0,462035 0,000061
assertion 0,891598 0,000059
assign 0,597837 0,000079
assignment 2,302585 0,000153
assist 0,328504 0,000065
assistance 0,105361 0,000007
assistant 0,755023 0,000050
associate 0,713350 0,000047
association 0,713350 0,000047
assuage 1,771957 0,000118
assume 0,162519 0,000043
assumption 1,309333 0,000087
assurance 0,430783 0,000029
assure 0,127833 0,000034
assuredly 0,967584 0,000064
assyrian 2,407946 0,000160
astern 2,120264 0,000141
astir 1,966113 0,000131
astonish 0,261365 0,000017
astonishing 0,653926 0,000043
astonishment 0,301105 0,000020
astral 2,813411 0,000187
astrological 3,912023 0,000260
astronomer 1,714798 0,000114
astronomical 2,302585 0,000153
astronomy 1,832581 0,000122
asunder 1,108663 0,000074
asylum 1,309333 0,000087
atheism 2,302585 0,000153
atheistical 3,506558 0,000233
athirst 2,525729 0,000168
athletic 1,714798 0,000114
athwartship 3,912023 0,000260
atlantic 1,171183 0,000078
atmosphere 0,579818 0,000077
atmospheric 1,966113 0,000131
atom 1,272966 0,000085
atrocious 1,427116 0,000095
attach 0,116534 0,000015
attack 0,198451 0,000053
attain 0,328504 0,000087
attainable 2,207275 0,000147
attar 3,912023 0,000260
attempt 0,051293 0,000007
attend 0,127833 0,000034
attendance 0,776529 0,000052
attendant 0,616186 0,000041
attention 0,083382 0,000006
attentive 0,713350 0,000047
attentively 0,755023 0,000050
attenuate 2,302585 0,000153
attest 1,237874 0,000164
attestation 2,995732 0,000199
attic 1,237874 0,000082
attitude 0,446287 0,000059
attract 0,261365 0,000035
attraction 0,653926 0,000043
attribute 0,527633 0,000035
attuned 2,813411 0,000187
auction 1,832581 0,000122
audacious 1,309333 0,000087
audacity 1,237874 0,000082
audible 0,916291 0,000061
auger 2,659260 0,000177
aught 0,891598 0,000059
augment 1,139434 0,000151
august 0,616186 0,000041
aunt 0,798508 0,000106
auspices 1,832581 0,000122
austere 1,171183 0,000078
australia 2,040221 0,000136
australian 2,407946 0,000160
austrian 1,832581 0,000122
authentic 1,897120 0,000126
authenticate 2,659260 0,000177
author 0,116534 0,000015
authoritative 1,897120 0,000126
authoritatively 2,813411 0,000187
authority 0,223144 0,000030
authorize 1,514128 0,000101
auto 2,525729 0,000168
automaton 2,302585 0,000153
autumn 0,653926 0,000043
autumnal 1,966113 0,000131
auxiliary 1,897120 0,000126
avail 0,462035 0,000061
avast 2,995732 0,000199
avatar 2,995732 0,000199
avenger 1,560648 0,000104
avenue 0,820981 0,000055
aver 1,660731 0,000221
average 0,733969 0,000098
averse 1,049822 0,000070
avert 0,843970 0,000056
avocation 1,897120 0,000126
avoid 0,105361 0,000007
await 0,314711 0,000063
awake 0,150823 0,000020
awaken 0,430783 0,000057
award 1,560648 0,000104
aware 0,223144 0,000015
awe 0,597837 0,000040
awed 1,560648 0,000104
awestruck 2,659260 0,000177
awful 0,328504 0,000022
awfulness 2,407946 0,000160
awhile 0,967584 0,000064
awkwardness 1,386294 0,000092
awl 2,813411 0,000187
awry 1,660731 0,000110
axe 1,049822 0,000070
axis 1,237874 0,000082
axle 1,832581 0,000122
ay 1,108663 0,000074
aye 1,347074 0,000089
azimuth 3,912023 0,000260
azores 2,813411 0,000187
azure 1,514128 0,000101
babble 1,427116 0,000095
babe 1,272966 0,000169
babel 1,714798 0,000114
baboon 2,659260 0,000177
baby 0,653926 0,000087
babyish 2,995732 0,000199
babylon 1,771957 0,000118
babylonian 2,120264 0,000141
bachelor 0,967584 0,000129
backbone 1,966113 0,000261
background 0,867501 0,000058
backstay 3,218876 0,000428
backwardly 3,912023 0,000260
backwoods 3,506558 0,000233
backwoodsman 3,912023 0,000260
bacon 0,994252 0,000066
bad 0,020203 0,000004
badge 1,469676 0,000098
badger 2,525729 0,000168
badly 0,446287 0,000030
baffle 0,994252 0,000132
bag 0,446287 0,000089
baggage 0,941609 0,000063
bagging 3,506558 0,000233
bailer 3,912023 0,000260
bailiff 2,207275 0,000147
bait 0,994252 0,000066
bake 1,897120 0,000126
baked 1,237874 0,000082
baker 1,203973 0,000160
balance 0,342490 0,000046
bald 0,967584 0,000064
bale 1,660731 0,000331
baleen 3,506558 0,000233
baleful 2,040221 0,000136
ball 0,287682 0,000038
ballast 1,832581 0,000243
balloon 1,771957 0,000118
ballroom 2,407946 0,000160
bally 3,506558 0,000233
balmy 1,771957 0,000118
baltic 2,407946 0,000160
baltimore 2,407946 0,000160
bamboo 1,771957 0,000118
bamboozle 3,912023 0,000260
ban 1,660731 0,000110
band 0,342490 0,000068
bandage 1,108663 0,000074
bandaged 1,832581 0,000122
bandana 3,218876 0,000214
bandbox 2,813411 0,000187
banded 2,302585 0,000153
bandy 2,040221 0,000136
bang 1,049822 0,000070
banish 0,562119 0,000037
banister 2,525729 0,000168
bank 0,210721 0,000042
banker 1,139434 0,000151
bankrupt 1,832581 0,000122
banner 0,967584 0,000129
bannered 3,912023 0,000260
bannister 3,218876 0,000214
banquet 1,108663 0,000074
banqueter 3,912023 0,000260
bantam 3,506558 0,000233
banter 1,609438 0,000107
banteringly 3,506558 0,000233
baptise 2,659260 0,000177
baptism 1,832581 0,000122
baptismal 3,218876 0,000214
baptize 1,660731 0,000110
bar 0,235722 0,000047
barb 2,995732 0,000398
barbarian 1,386294 0,000184
barbaric 1,714798 0,000114
barbarous 1,108663 0,000074
barbary 2,813411 0,000187
barbecue 2,995732 0,000199
barbed 2,120264 0,000141
barber 1,386294 0,000092
bare 0,150823 0,000020
barely 0,798508 0,000053
bargain 0,527633 0,000035
barges 2,302585 0,000153
bark 0,478036 0,000032
barn 1,237874 0,000082
barnacle 2,995732 0,000199
barnacled 3,912023 0,000260
barometer 2,207275 0,000147
baron 1,427116 0,000095
baronial 3,506558 0,000233
barque 3,218876 0,000214
barrel 0,673345 0,000089
barreler 3,912023 0,000260
barren 0,713350 0,000047
barrens 3,218876 0,000214
barricade 1,660731 0,000110
barrier 0,776529 0,000052
barrow 1,897120 0,000126
barter 1,897120 0,000126
bartering 3,218876 0,000214
bartholomew 2,040221 0,000136
base 0,094311 0,000013
basement 1,966113 0,000131
baser 2,040221 0,000136
bashaw 3,218876 0,000214
bashful 1,609438 0,000107
bashfulness 1,966113 0,000131
basilosaurus 3,912023 0,000260
basin 0,916291 0,000061
basis 0,673345 0,000045
bask 1,514128 0,000101
basket 0,579818 0,000077
bass 1,347074 0,000089
basso 3,506558 0,000233
bastille 2,813411 0,000187
bastion 2,302585 0,000153
bat 1,272966 0,000169
bath 0,274437 0,000036
bathe 1,139434 0,000076
bathing 1,272966 0,000085
baton 2,813411 0,000187
battalion 1,714798 0,000114
batten 2,407946 0,000320
batter 0,891598 0,000059
battery 1,309333 0,000174
battle 0,235722 0,000047
baulk 3,218876 0,000214
bawl 1,714798 0,000342
bay 0,510826 0,000068
bayonet 2,040221 0,000271
beach 1,049822 0,000209
beached 2,995732 0,000199
beacon 1,714798 0,000114
bead 1,171183 0,000078
beadle 2,407946 0,000160
beak 1,347074 0,000179
beaked 2,407946 0,000160
beaker 3,218876 0,000214
beam 0,430783 0,000086
bear 0,000000 0,000000
beard 0,527633 0,000070
bearded 1,108663 0,000074
bearer 0,776529 0,000103
bearing 1,427116 0,000095
bearskin 2,813411 0,000187
beast 0,235722 0,000031
beat 0,083382 0,000022
beater 3,506558 0,000466
beautiful 0,083382 0,000006
beauty 0,162519 0,000011
beaver 1,714798 0,000114
becalm 2,407946 0,000160
becharmed 3,912023 0,000260
becket 2,995732 0,000199
beckon 0,867501 0,000115
bed 0,051293 0,000010
bedevil 3,912023 0,000260
bedfellow 3,506558 0,000466
bedford 2,407946 0,000160
bedraggled 2,995732 0,000199
bedroom 0,798508 0,000053
bedside 1,171183 0,000078
bedstead 1,237874 0,000164
bedwards 3,912023 0,000260
bee 0,673345 0,000045
beech 1,966113 0,000131
beef 0,916291 0,000061
beefsteak 2,813411 0,000187
beehive 2,659260 0,000177
beelzebub 2,813411 0,000187
beer 0,941609 0,000063
befall 0,527633 0,000105
befogged 3,506558 0,000233
befool 2,995732 0,000199
befriend 1,347074 0,000268
beg 0,116534 0,000023
beget 1,171183 0,000311
beggar 0,597837 0,000079
beginner 1,966113 0,000131
begone 1,660731 0,000110
begrime 2,407946 0,000160
behalf 0,713350 0,000047
behavior 1,714798 0,000114
behead 1,897120 0,000252
beheading 2,995732 0,000199
behold 0,235722 0,000063
beholder 1,560648 0,000104
behoove 2,525729 0,000168
belated 1,514128 0,000101
belay 3,218876 0,000428
belfast 3,506558 0,000233
belfry 2,525729 0,000168
belial 2,659260 0,000177
belie 1,660731 0,000110
belief 0,198451 0,000026
believer 1,272966 0,000169
belike 2,995732 0,000199
bell 0,301105 0,000060
bellow 1,272966 0,000085
belly 0,798508 0,000159
belong 0,072571 0,000019
beloved 0,415515 0,000028
belshazzar 2,995732 0,000199
belt 0,653926 0,000087
bench 0,544727 0,000072
bend 0,314711 0,000063
beneath 0,198451 0,000013
benediction 1,609438 0,000107
benefit 0,356675 0,000024
benevolence 1,049822 0,000070
benevolent 1,021651 0,000068
benevolently 2,659260 0,000177
bengal 2,302585 0,000153
benignity 2,407946 0,000160
benjamin 1,714798 0,000114
bent 0,174353 0,000012
bequeath 1,309333 0,000087
berg 3,218876 0,000214
berkshire 2,813411 0,000187
berlin 2,207275 0,000147
bermudas 3,912023 0,000260
bernard 1,966113 0,000131
berry 1,347074 0,000089
berth 1,771957 0,000235
beseech 0,891598 0,000118
beset 0,941609 0,000063
besiege 1,272966 0,000085
besmoke 3,912023 0,000260
bespatter 2,302585 0,000153
bespeak 1,966113 0,000131
bespeaking 3,218876 0,000214
bess 2,995732 0,000199
bestir 2,120264 0,000423
bestow 0,430783 0,000086
bestowal 2,995732 0,000199
bet 0,967584 0,000064
betake 1,272966 0,000254
bethink 1,272966 0,000254
betoken 1,966113 0,000392
betray 0,301105 0,000020
betters 1,660731 0,000110
betty 2,525729 0,000168
beverage 1,966113 0,000131
bevy 2,995732 0,000199
beware 0,820981 0,000055
bewilder 0,776529 0,000052
bewildering 1,714798 0,000114
bewitched 1,897120 0,000126
bewitching 2,207275 0,000147
bias 1,469676 0,000098
bible 0,755023 0,000100
bibliographical 3,506558 0,000233
bid 0,186330 0,000062
bier 2,040221 0,000136
bigamist 2,995732 0,000199
bigness 2,207275 0,000147
bigot 2,407946 0,000160
bigotry 2,207275 0,000147
bilious 1,966113 0,000131
billet 1,771957 0,000118
billiard 1,832581 0,000122
billow 1,427116 0,000190
bilocular 3,912023 0,000260
bind 0,030459 0,000004
binder 2,995732 0,000199
binding 0,867501 0,000058
binnacle 3,506558 0,000233
biographical 2,659260 0,000177
biography 1,386294 0,000092
biped 2,659260 0,000177
birch 1,609438 0,000107
bird 0,150823 0,000020
birth 0,301105 0,000020
birthmark 3,218876 0,000214
biscuit 1,272966 0,000169
bishop 1,049822 0,000070
bison 3,506558 0,000466
bit 0,139262 0,000019
bite 0,371064 0,000074
bitingly 3,912023 0,000260
bitt 3,506558 0,000233
bitter 0,210721 0,000042
bitterly 0,579818 0,000039
bitterness 0,634878 0,000042
bitters 2,995732 0,000199
black 0,061875 0,000012
blacken 1,139434 0,000076
blackish 2,813411 0,000187
blackness 1,237874 0,000082
blacksmith 1,427116 0,000190
bladder 2,120264 0,000282
blade 0,616186 0,000082
bladed 2,813411 0,000187
blame 0,162519 0,000011
blameworthy 2,813411 0,000187
blanc 1,832581 0,000122
blanch 1,771957 0,000118
blanche 2,407946 0,000160
blanco 3,218876 0,000214
bland 2,040221 0,000136
blandishments 3,218876 0,000214
blandness 3,218876 0,000214
blank 0,527633 0,000070
blanket 0,891598 0,000118
blanketing 3,912023 0,000260
blankness 2,813411 0,000187
blasphemer 2,659260 0,000177
blasphemous 2,040221 0,000136
blasphemy 1,427116 0,000095
blast 0,462035 0,000092
blasting 2,407946 0,000160
blaze 0,634878 0,000127
blazes 1,832581 0,000122
bleach 2,040221 0,000271
bleak 1,386294 0,000092
bleakness 2,995732 0,000199
bleed 0,967584 0,000193
bleeding 0,843970 0,000056
blemish 1,660731 0,000110
blend 1,660731 0,000110
blended 1,203973 0,000080
blending 1,897120 0,000126
blent 2,995732 0,000199
bless 0,415515 0,000028
blessed 0,356675 0,000024
blessing 0,415515 0,000028
blight 1,386294 0,000184
blind 0,174353 0,000058
blindfold 1,897120 0,000126
blindly 0,941609 0,000063
bliss 0,891598 0,000059
blister 1,609438 0,000321
blisteringly 3,912023 0,000260
blithe 2,407946 0,000160
bloated 1,660731 0,000110
block 0,494296 0,000066
blockhead 1,832581 0,000122
blood 0,116534 0,000008
blooded 1,560648 0,000104
bloodshed 1,386294 0,000092
bloodshot 1,897120 0,000126
bloodthirsty 2,207275 0,000147
bloody 0,527633 0,000070
bloom 0,527633 0,000035
blossom 0,673345 0,000089
blot 0,820981 0,000055
blotting 1,832581 0,000122
blow 0,061875 0,000021
blubber 2,040221 0,000271
blue 0,174353 0,000023
blueness 3,912023 0,000260
bluff 1,514128 0,000101
bluish 1,897120 0,000126
blunder 0,776529 0,000103
blunt 0,891598 0,000059
bluntly 1,966113 0,000131
blur 1,309333 0,000087
blush 0,562119 0,000037
blusterer 2,995732 0,000199
boa 2,995732 0,000199
board 0,261365 0,000052
boarder 1,966113 0,000131
boarding 1,272966 0,000085
boast 0,328504 0,000065
boastful 1,897120 0,000126
boasting 1,108663 0,000074
boat 0,446287 0,000030
boatheader 3,912023 0,000260
boatman 1,832581 0,000122
boats 0,820981 0,000055
boatswain 2,407946 0,000160
bob 1,427116 0,000284
bodice 2,120264 0,000141
bodied 1,897120 0,000126
bodiless 3,506558 0,000233
bodily 0,673345 0,000045
boding 2,302585 0,000153
body 0,010050 0,000001
boggy 2,525729 0,000168
boil 0,385662 0,000051
boiler 1,609438 0,000214
boisterous 1,514128 0,000101
boisterously 3,218876 0,000214
bold 0,223144 0,000044
boldly 0,462035 0,000031
boldness 0,916291 0,000061
bolivia 3,912023 0,000260
bolster 2,040221 0,000136
bolt 0,494296 0,000131
bomb 2,302585 0,000153
bombay 2,407946 0,000160
bombazine 3,506558 0,000233
bon 1,660731 0,000110
bond 0,478036 0,000032
bondsman 3,218876 0,000214
bone 0,198451 0,000026
boneless 3,912023 0,000260
bonnet 0,994252 0,000066
bony 1,469676 0,000098
booby 2,207275 0,000147
book 0,040822 0,000005
bookbinder 3,912023 0,000260
boom 1,347074 0,000268
boomer 3,912023 0,000260
booming 1,560648 0,000104
boon 1,560648 0,000104
boone 2,995732 0,000199
boot 0,430783 0,000057
booting 3,506558 0,000233
boozy 3,506558 0,000233
bordeaux 2,207275 0,000147
border 0,400478 0,000106
bore 0,820981 0,000055
borean 3,912023 0,000260
borneo 3,218876 0,000214
borrow 0,462035 0,000092
bosky 3,506558 0,000233
bosom 0,446287 0,000059
boston 1,832581 0,000122
bottle 0,430783 0,000086
bottled 2,813411 0,000187
bottomless 2,040221 0,000136
bough 0,916291 0,000122
bounce 1,609438 0,000321
bound 0,301105 0,000060
boundary 1,049822 0,000070
bounder 3,218876 0,000214
boundless 0,891598 0,000059
bounteous 2,120264 0,000141
bountiful 1,771957 0,000118
bountifully 3,912023 0,000260
bounty 1,309333 0,000087
bourbons 2,995732 0,000199
bout 1,237874 0,000082
bouton 3,912023 0,000260
bow 0,127833 0,000034
bowditch 3,912023 0,000260
bowels 1,309333 0,000087
bower 1,714798 0,000114
bowie 2,659260 0,000177
bowing 3,912023 0,000260
bowl 0,616186 0,000164
bowline 3,912023 0,000520
bowsman 3,912023 0,000260
bowsprit 2,407946 0,000160
box 0,248461 0,000017
boxes 0,798508 0,000053
boxing 2,120264 0,000141
boy 0,105361 0,000014
boyhood 1,237874 0,000082
brace 0,891598 0,000178
braced 1,609438 0,000107
brack 3,912023 0,000260
brackish 2,995732 0,000199
brag 1,609438 0,000214
brahma 2,813411 0,000187
brahmins 2,659260 0,000177
braid 1,347074 0,000179
brain 0,314711 0,000063
brained 2,813411 0,000187
branch 0,186330 0,000025
brand 0,733969 0,000146
brandreth 3,912023 0,000260
brandy 0,941609 0,000063
brass 0,462035 0,000031
brat 1,897120 0,000126
bravado 2,207275 0,000147
brave 0,342490 0,000091
bravely 1,078810 0,000072
bravery 1,272966 0,000085
brawler 3,218876 0,000214
brawn 2,659260 0,000177
brawniness 3,912023 0,000260
brawny 1,832581 0,000122
brazen 1,171183 0,000078
brazil 2,525729 0,000168
breach 0,274437 0,000036
breaching 3,912023 0,000260
bread 0,248461 0,000017
breadfruit 3,218876 0,000214
breadth 0,653926 0,000043
break 0,010050 0,000003
breaker 1,347074 0,000089
breakfast 0,342490 0,000046
breakwater 3,218876 0,000214
breast 0,198451 0,000026
breastband 3,912023 0,000260
breasted 2,302585 0,000153
breath 0,174353 0,000023
breathe 0,261365 0,000052
breathing 0,462035 0,000031
breathless 0,673345 0,000045
breathlessly 1,714798 0,000114
breeching 3,506558 0,000233
breed 0,342490 0,000068
breeding 0,967584 0,000064
breeze 0,713350 0,000142
breezeless 3,912023 0,000260
breezy 2,407946 0,000160
brevet 2,995732 0,000199
brevity 1,560648 0,000104
brew 1,897120 0,000252
brewery 2,659260 0,000177
brick 0,653926 0,000087
bridal 1,427116 0,000190
bride 0,798508 0,000106
bridegroom 1,203973 0,000160
bridge 0,430783 0,000057
bridle 0,916291 0,000061
brig 2,120264 0,000282
brigandish 3,912023 0,000260
bright 0,094311 0,000019
brightness 0,634878 0,000042
brilliance 1,832581 0,000122
brilliancy 1,609438 0,000107
brilliant 0,430783 0,000029
brim 0,994252 0,000198
brimful 2,659260 0,000177
brimmer 3,912023 0,000260
brimstone 1,966113 0,000131
brindled 2,813411 0,000187
brine 2,040221 0,000136
bring 0,000000 0,000000
brisk 0,941609 0,000063
bristle 0,941609 0,000125
brit 3,912023 0,000260
britain 1,427116 0,000095
british 0,843970 0,000056
britons 2,302585 0,000153
brittle 1,660731 0,000110
broad 0,127833 0,000008
broadly 1,897120 0,000126
broadway 2,407946 0,000160
broider 2,813411 0,000187
broil 1,771957 0,000235
brokenly 2,995732 0,000199
broker 1,897120 0,000126
bronze 1,237874 0,000082
brood 0,597837 0,000119
brook 0,994252 0,000066
brooks 1,714798 0,000114
broom 1,347074 0,000089
brother 0,127833 0,000008
brotherhood 1,660731 0,000110
brotherly 1,609438 0,000107
brothers 0,356675 0,000024
brow 0,446287 0,000089
brown 0,274437 0,000018
browsing 2,407946 0,000160
bruise 0,673345 0,000089
bruit 2,995732 0,000199
brunt 2,407946 0,000160
brush 0,478036 0,000095
brushwood 2,040221 0,000136
brutal 0,755023 0,000050
brute 0,462035 0,000061
bubble 0,941609 0,000250
bubblingly 3,912023 0,000260
buck 1,386294 0,000184
bucket 1,049822 0,000139
buckle 1,309333 0,000174
buckler 1,897120 0,000252
buckskin 2,995732 0,000199
bud 0,867501 0,000115
budge 1,427116 0,000190
buffalo 1,832581 0,000243
bugbear 2,995732 0,000199
build 0,094311 0,000013
builder 1,108663 0,000147
building 0,210721 0,000014
bulb 2,302585 0,000306
bulbous 3,218876 0,000214
bulge 1,347074 0,000089
bulk 0,820981 0,000109
bulkhead 2,995732 0,000199
bulky 1,309333 0,000087
bull 0,430783 0,000057
bullet 0,867501 0,000058
bullock 1,714798 0,000114
bully 1,203973 0,000240
bulwark 1,386294 0,000092
bump 1,560648 0,000415
bumper 2,525729 0,000168
bumpkin 2,995732 0,000398
bunch 0,776529 0,000103
bundle 0,653926 0,000130
bung 2,995732 0,000199
bunger 3,912023 0,000260
bungle 2,525729 0,000168
bunk 2,120264 0,000282
bunting 2,525729 0,000168
bunyan 2,302585 0,000153
buoy 1,832581 0,000365
buoyancy 2,525729 0,000168
buoyant 1,897120 0,000126
buoyantly 3,912023 0,000260
burden 0,198451 0,000013
burgher 2,525729 0,000336
burglar 1,386294 0,000092
burglary 1,832581 0,000122
burial 0,941609 0,000063
burke 2,525729 0,000168
burkes 3,912023 0,000260
burly 1,609438 0,000107
burn 0,061875 0,000016
burnish 1,966113 0,000261
burns 1,203973 0,000080
burrower 3,218876 0,000214
burst 0,248461 0,000017
bursting 0,713350 0,000047
burton 2,040221 0,000136
burtons 3,912023 0,000260
bury 0,186330 0,000050
bush 0,430783 0,000029
bushel 1,660731 0,000110
bushy 1,272966 0,000085
busily 1,021651 0,000068
business 0,040822 0,000003
busk 3,218876 0,000214
bust 1,108663 0,000147
bustle 0,693147 0,000092
busy 0,210721 0,000028
butcher 0,891598 0,000178
butler 1,139434 0,000076
butt 1,078810 0,000143
butter 0,798508 0,000106
butterfly 1,171183 0,000156
butterless 3,912023 0,000260
buttery 3,218876 0,000214
button 0,693147 0,000184
buttress 2,407946 0,000320
bye 0,776529 0,000052
bystander 2,040221 0,000136
byward 3,912023 0,000260
cabalistical 3,506558 0,000233
cabalistically 3,912023 0,000260
cabin 0,843970 0,000112
cabinet 0,941609 0,000125
cable 1,386294 0,000276
cachalot 3,912023 0,000260
caddy 3,506558 0,000233
cadence 1,660731 0,000110
cage 0,941609 0,000125
cain 1,660731 0,000110
cajole 2,407946 0,000160
cake 0,733969 0,000146
calabash 3,912023 0,000260
calais 2,407946 0,000160
calamity 0,755023 0,000100
calculate 0,116534 0,000023
calculation 0,713350 0,000047
calendar 1,714798 0,000114
calf 0,798508 0,000106
californian 2,659260 0,000177
calling 0,733969 0,000098
calm 0,274437 0,000036
calmly 0,510826 0,000034
calmness 1,203973 0,000080
calomel 3,912023 0,000260
cambric 1,966113 0,000131
camel 1,309333 0,000087
campagna 3,506558 0,000233
campaign 1,021651 0,000068
camphorated 3,912023 0,000260
canaan 2,659260 0,000177
canada 1,897120 0,000126
canadian 2,525729 0,000168
canakin 3,912023 0,000260
canal 1,171183 0,000156
canaller 3,912023 0,000260
canallers 3,912023 0,000260
cancer 1,966113 0,000131
candelabra 2,995732 0,000199
candid 1,203973 0,000080
candidate 1,469676 0,000195
candle 0,415515 0,000055
candy 1,714798 0,000114
cane 0,843970 0,000112
cankerous 3,912023 0,000260
cannibal 1,832581 0,000243
cannibalism 2,995732 0,000199
cannibalistically 3,912023 0,000260
cannibally 3,912023 0,000260
cannikin 3,506558 0,000233
cannon 0,916291 0,000061
canny 3,218876 0,000214
canoe 1,609438 0,000214
canonic 3,912023 0,000260
canonical 2,659260 0,000177
canonize 2,659260 0,000177
canopy 1,514128 0,000101
canst 1,514128 0,000101
canterbury 2,659260 0,000177
canticle 2,659260 0,000177
canvas 0,916291 0,000061
cap 0,356675 0,000071
capable 0,261365 0,000017
capacious 1,771957 0,000118
capacity 0,510826 0,000034
cape 0,916291 0,000122
caper 1,560648 0,000207
capital 0,314711 0,000042
caprice 1,309333 0,000087
capricious 1,386294 0,000092
capriciously 2,407946 0,000160
capricornus 3,912023 0,000260
capsize 2,659260 0,000353
capsizing 3,912023 0,000260
capstan 2,525729 0,000336
captain 0,328504 0,000044
captive 0,755023 0,000050
captor 2,302585 0,000153
capture 0,597837 0,000119
caput 2,995732 0,000199
car 0,820981 0,000055
caramba 3,912023 0,000260
caravan 1,897120 0,000252
carcase 1,897120 0,000252
carcass 1,171183 0,000078
card 0,139262 0,000019
cardinals 2,302585 0,000153
care 0,000000 0,000000
careen 2,659260 0,000353
career 0,478036 0,000032
careful 0,174353 0,000012
carefully 0,139262 0,000009
careless 0,494296 0,000033
carelessly 0,776529 0,000052
carelessness 1,021651 0,000068
caress 0,776529 0,000103
carey 3,218876 0,000214
cargo 1,237874 0,000164
cark 3,912023 0,000260
carline 3,912023 0,000260
carnation 2,525729 0,000168
carnivorous 2,040221 0,000136
carpenter 0,891598 0,000118
carpet 0,462035 0,000061
carriage 0,356675 0,000047
carrion 1,832581 0,000122
carry 0,010050 0,000003
carson 2,995732 0,000199
cart 0,597837 0,000079
cartload 2,525729 0,000336
cartridge 1,560648 0,000104
carve 1,272966 0,000169
carved 0,843970 0,000056
caryatid 3,506558 0,000233
cascade 2,302585 0,000306
casement 1,714798 0,000228
cash 0,967584 0,000064
cashier 2,040221 0,000136
cask 1,309333 0,000261
casket 2,040221 0,000136
cassock 2,302585 0,000153
cast 0,116534 0,000015
castaway 2,207275 0,000293
casting 0,544727 0,000036
castle 0,755023 0,000050
castor 2,302585 0,000306
casual 1,078810 0,000072
casually 1,386294 0,000092
casualty 2,040221 0,000271
cat 0,462035 0,000061
catacombs 2,525729 0,000168
catalogue 1,272966 0,000085
cataract 1,897120 0,000126
catarrh 2,813411 0,000187
catastrophe 1,021651 0,000068
catch 0,072571 0,000024
catcher 2,525729 0,000168
caterpillar 2,407946 0,000160
cathedral 1,237874 0,000164
catholic 1,139434 0,000076
catskill 3,912023 0,000260
cattle 0,544727 0,000036
caulk 3,218876 0,000428
caulking 3,506558 0,000233
caution 0,478036 0,000032
cautious 0,673345 0,000045
cautiously 0,867501 0,000058
cautiousness 2,813411 0,000187
cavalier 1,660731 0,000221
cave 0,653926 0,000130
cavern 0,967584 0,000064
cavity 1,660731 0,000221
caw 2,813411 0,000187
cease 0,061875 0,000012
ceaseless 1,386294 0,000092
cedar 1,386294 0,000092
ceiling 0,510826 0,000034
celebrate 0,967584 0,000064
celebrated 0,562119 0,000037
celebration 1,771957 0,000118
celebrity 1,771957 0,000118
celerity 1,897120 0,000126
celestial 1,171183 0,000078
cell 0,776529 0,000155
cellar 0,798508 0,000106
cemetery 1,469676 0,000098
cenotaph 3,506558 0,000233
census 2,525729 0,000168
cent 1,049822 0,000139
centaur 1,832581 0,000122
centipede 2,659260 0,000177
central 0,733969 0,000049
centralization 3,506558 0,000233
centrally 3,912023 0,000260
centre 0,385662 0,000051
centrepiece 3,912023 0,000260
century 0,328504 0,000044
cerebellum 3,506558 0,000233
ceremonial 1,966113 0,000131
ceremony 0,446287 0,000059
certainty 0,342490 0,000046
cervantes 2,659260 0,000177
cetacea 3,506558 0,000233
cetacean 3,218876 0,000214
ceti 3,912023 0,000260
cetological 3,912023 0,000260
cetology 3,912023 0,000260
cetus 3,912023 0,000260
ceylon 2,302585 0,000153
chace 3,506558 0,000233
chafe 1,021651 0,000068
chain 0,174353 0,000035
chair 0,261365 0,000035
chaldee 3,912023 0,000260
chalice 2,407946 0,000160
chalk 1,139434 0,000076
challenge 0,755023 0,000050
chamber 0,328504 0,000044
chamoix 1,714798 0,000114
champ 2,659260 0,000177
champagne 1,469676 0,000098
champion 0,916291 0,000061
chance 0,061875 0,000016
chancery 2,040221 0,000136
change 0,010050 0,000002
changeful 2,659260 0,000177
changeless 2,813411 0,000187
channel 0,544727 0,000072
chaos 1,078810 0,000072
chaotic 2,040221 0,000136
chap 0,891598 0,000118
chapel 1,078810 0,000143
chaplain 1,714798 0,000114
chapter 0,328504 0,000044
character 0,061875 0,000008
characteristic 0,400478 0,000053
characteristically 2,207275 0,000147
characterize 1,514128 0,000201
charcoal 1,469676 0,000098
charge 0,040822 0,000008
charger 2,302585 0,000306
charging 1,347074 0,000089
charing 1,966113 0,000131
chariot 1,139434 0,000076
charitable 0,287682 0,000019
charity 0,186330 0,000012
charlemagne 2,207275 0,000147
charles 0,597837 0,000040
charley 2,995732 0,000199
charm 0,342490 0,000068
charmingly 1,660731 0,000110
charnel 2,813411 0,000187
chart 1,514128 0,000302
charter 1,609438 0,000214
chase 0,430783 0,000114
chasm 1,272966 0,000085
chaste 1,203973 0,000080
chat 0,867501 0,000115
chatter 0,713350 0,000047
cheap 0,579818 0,000077
cheaply 1,966113 0,000131
cheating 2,040221 0,000136
check 0,072571 0,000005
checkered 2,302585 0,000153
cheek 0,261365 0,000035
cheeked 1,966113 0,000131
cheer 0,356675 0,000095
cheerful 0,385662 0,000026
cheerfully 0,820981 0,000055
cheerfulness 0,867501 0,000058
cheerily 1,660731 0,000110
cheerless 1,714798 0,000114
cheerly 3,912023 0,000260
cheery 1,514128 0,000201
cheese 0,967584 0,000064
chemistry 1,714798 0,000114
cherish 0,653926 0,000130
cherry 1,469676 0,000293
cherubim 2,040221 0,000136
chess 1,660731 0,000110
chest 0,342490 0,000046
chested 2,525729 0,000168
chestnut 1,108663 0,000147
chew 0,967584 0,000129
chicha 3,912023 0,000260
chick 2,207275 0,000147
chicken 0,941609 0,000063
chief 0,094311 0,000013
chiefly 0,527633 0,000035
child 0,040822 0,000005
childe 2,813411 0,000187
childhood 0,527633 0,000035
childish 0,713350 0,000047
childlessness 3,912023 0,000260
chili 2,995732 0,000199
chill 0,597837 0,000040
chilled 1,139434 0,000076
chilly 1,237874 0,000082
chime 1,139434 0,000076
chimney 0,634878 0,000084
chin 0,478036 0,000032
china 0,776529 0,000052
chinese 1,139434 0,000076
chink 1,347074 0,000089
chip 1,386294 0,000368
chirography 3,912023 0,000260
chisel 1,469676 0,000293
chivalric 3,218876 0,000214
chivalrous 1,560648 0,000104
chock 3,218876 0,000428
choice 0,150823 0,000010
choke 0,446287 0,000089
cholera 2,407946 0,000160
cholo 3,912023 0,000260
choose 0,020203 0,000004
chop 1,021651 0,000136
chorus 0,941609 0,000063
chowder 3,506558 0,000466
christ 0,867501 0,000058
christen 1,347074 0,000089
christendom 1,660731 0,000110
christian 0,385662 0,000051
christianity 1,347074 0,000089
christmas 0,891598 0,000059
chronically 3,218876 0,000214
chronicle 1,139434 0,000151
chronicler 2,207275 0,000147
chronometer 2,525729 0,000168
chrysalis 2,995732 0,000199
chuck 1,832581 0,000122
chuckle 0,941609 0,000125
chum 2,040221 0,000136
church 0,261365 0,000035
churchyard 1,514128 0,000101
churn 2,207275 0,000293
cigar 0,994252 0,000132
cinder 1,771957 0,000118
cindered 3,912023 0,000260
cinnamon 1,966113 0,000131
cinque 3,912023 0,000260
cipher 1,771957 0,000118
circassian 2,995732 0,000199
circle 0,150823 0,000030
circling 1,203973 0,000080
circuit 0,867501 0,000058
circular 1,021651 0,000136
circulate 1,078810 0,000215
circulation 1,514128 0,000101
circumambient 3,218876 0,000214
circumambulate 3,506558 0,000233
circumference 1,469676 0,000195
circumnavigate 2,995732 0,000398
circumnavigation 3,218876 0,000428
circumpolar 3,506558 0,000233
circumspect 1,897120 0,000126
circumspection 1,771957 0,000118
circumspectly 2,525729 0,000168
circumstance 0,116534 0,000023
circumstantial 1,714798 0,000114
circumvent 2,120264 0,000141
circumvention 3,912023 0,000260
circus 1,386294 0,000092
cistern 1,560648 0,000207
citadel 1,560648 0,000207
citation 2,995732 0,000398
cite 1,469676 0,000195
citron 2,407946 0,000160
city 0,051293 0,000007
civil 0,544727 0,000036
civility 1,309333 0,000087
civilization 1,347074 0,000089
civilized 1,237874 0,000082
civilly 1,560648 0,000104
civitas 3,506558 0,000233
claim 0,083382 0,000017
clam 3,506558 0,000466
clamber 1,272966 0,000085
clammy 1,897120 0,000126
clamor 1,714798 0,000114
clamorous 1,609438 0,000107
clamped 2,525729 0,000168
clan 2,302585 0,000153
clang 1,203973 0,000160
clank 1,609438 0,000107
clap 0,755023 0,000150
clapping 1,108663 0,000074
clapt 3,912023 0,000260
claret 1,771957 0,000118
clash 1,078810 0,000072
clasp 1,021651 0,000068
clasped 0,843970 0,000056
class 0,248461 0,000033
classic 1,108663 0,000074
classical 1,237874 0,000082
classification 1,832581 0,000122
classify 1,897120 0,000126
clatter 0,941609 0,000063
claus 2,813411 0,000187
claw 0,798508 0,000106
clay 0,494296 0,000033
clayey 2,995732 0,000199
clean 0,210721 0,000014
cleanly 1,832581 0,000122
cleanse 1,237874 0,000164
cleansing 1,832581 0,000122
clearing 1,386294 0,000184
clearness 1,049822 0,000070
cleat 3,912023 0,000520
cleave 1,309333 0,000087
cleft 1,237874 0,000164
clench 1,771957 0,000118
clenched 1,049822 0,000070
cleopatra 1,966113 0,000131
clergy 1,272966 0,000085
clergyman 1,078810 0,000072
clerical 1,714798 0,000114
cleveland 2,659260 0,000177
clever 0,371064 0,000025
clew 2,659260 0,000177
cliff 0,916291 0,000061
clifford 3,506558 0,000233
climate 0,713350 0,000095
climax 1,272966 0,000085
climb 0,400478 0,000080
climbing 0,733969 0,000049
clime 1,714798 0,000228
clinch 1,897120 0,000252
cling 0,415515 0,000110
clinking 2,302585 0,000153
clip 1,469676 0,000098
cloak 0,527633 0,000070
clock 0,510826 0,000034
clog 1,309333 0,000087
cloistered 2,659260 0,000177
close 0,010050 0,000003
closely 0,223144 0,000015
closeness 2,040221 0,000136
closet 0,916291 0,000061
closing 0,446287 0,000030
clot 2,302585 0,000153
cloth 0,356675 0,000024
clothe 0,287682 0,000057
clothes 0,127833 0,000008
clothing 0,776529 0,000052
cloths 1,560648 0,000104
clotted 2,302585 0,000153
cloud 0,150823 0,000020
cloudless 1,514128 0,000101
cloudy 1,078810 0,000072
clout 2,407946 0,000160
clove 1,966113 0,000261
cloven 2,040221 0,000136
clover 2,302585 0,000153
club 0,544727 0,000109
clue 1,049822 0,000070
clump 1,171183 0,000078
clumsily 1,714798 0,000114
clumsy 0,994252 0,000132
cluster 0,693147 0,000184
clutch 0,713350 0,000190
coach 0,755023 0,000100
coal 0,527633 0,000070
coalesce 3,218876 0,000214
coarse 0,478036 0,000032
coast 0,544727 0,000072
coasting 2,040221 0,000136
coat 0,235722 0,000047
coating 2,525729 0,000168
coax 1,203973 0,000080
cob 2,302585 0,000153
cobbler 2,302585 0,000153
cobblestone 3,218876 0,000214
cobbling 2,995732 0,000199
cobs 2,813411 0,000187
cobweb 2,207275 0,000147
cock 0,713350 0,000095
cockatoo 2,995732 0,000199
cocked 1,237874 0,000082
cockpit 3,506558 0,000233
cocoa 2,120264 0,000141
cocoanut 2,407946 0,000320
cod 1,897120 0,000252
code 0,287682 0,000019
codfish 2,995732 0,000199
coerce 2,120264 0,000282
coffee 0,562119 0,000037
coffer 1,660731 0,000110
coffin 1,021651 0,000136
coffined 3,912023 0,000260
cogent 2,659260 0,000177
cognac 2,995732 0,000199
cognisable 3,912023 0,000260
cohere 3,506558 0,000233
cohort 2,525729 0,000168
coil 0,867501 0,000231
coin 0,544727 0,000109
coincident 2,525729 0,000168
coke 3,506558 0,000233
cold 0,040822 0,000008
colic 2,659260 0,000177
coll 3,506558 0,000233
collapse 1,108663 0,000074
collar 0,634878 0,000127
collate 2,525729 0,000168
collateral 2,525729 0,000168
collect 0,248461 0,000050
collectedness 3,506558 0,000233
collection 0,162519 0,000011
collectively 2,207275 0,000147
college 0,693147 0,000046
colleges 2,040221 0,000136
collegian 3,506558 0,000233
collision 1,714798 0,000114
cologne 2,407946 0,000160
colonial 2,040221 0,000136
colonnade 2,525729 0,000168
colony 1,139434 0,000151
colorless 2,525729 0,000168
colossal 1,560648 0,000104
colossus 2,813411 0,000187
colour 0,510826 0,000068
coloured 0,693147 0,000046
colouring 1,514128 0,000101
colourless 1,832581 0,000122
colt 1,560648 0,000104
columbus 1,771957 0,000118
column 0,562119 0,000075
comb 0,916291 0,000183
combat 0,820981 0,000055
comber 3,218876 0,000214
combination 0,634878 0,000084
combine 0,843970 0,000056
combined 0,713350 0,000047
combinedly 3,912023 0,000260
comedy 0,916291 0,000061
comely 1,171183 0,000078
comet 1,832581 0,000243
cometh 1,897120 0,000126
comfort 0,105361 0,000028
comfortable 0,261365 0,000017
comfortableness 3,506558 0,000233
comfortably 0,693147 0,000046
comforter 1,469676 0,000195
comical 1,560648 0,000104
coming 1,021651 0,000068
command 0,116534 0,000031
commander 0,867501 0,000115
commandingly 3,218876 0,000214
commandment 1,514128 0,000101
commence 0,579818 0,000077
commend 0,798508 0,000106
comment 0,478036 0,000032
commentary 1,427116 0,000095
commentator 1,897120 0,000252
commerce 1,078810 0,000072
commercial 0,274437 0,000018
commission 0,579818 0,000039
commit 0,116534 0,000015
commodore 2,995732 0,000199
commodores 3,912023 0,000260
common 0,072571 0,000010
commonalty 3,218876 0,000214
commonly 0,755023 0,000050
commonplace 1,108663 0,000074
commons 1,714798 0,000114
commonwealth 1,832581 0,000122
commotion 1,049822 0,000139
commune 1,560648 0,000104
communicate 0,446287 0,000089
communication 0,510826 0,000068
communion 1,427116 0,000095
community 0,579818 0,000077
compact 0,867501 0,000058
compacted 2,813411 0,000187
compactness 2,995732 0,000199
companion 0,150823 0,000020
companionable 2,659260 0,000177
companionship 0,967584 0,000064
companionway 3,506558 0,000233
company 0,020203 0,000004
comparable 2,040221 0,000136
comparative 0,994252 0,000066
comparatively 0,634878 0,000042
compare 0,162519 0,000032
comparison 0,446287 0,000030
compass 0,579818 0,000077
compassion 0,820981 0,000055
compendious 3,506558 0,000233
compensate 1,347074 0,000089
competency 2,525729 0,000168
competent 1,139434 0,000076
compilation 0,478036 0,000032
compile 1,966113 0,000261
complacent 1,514128 0,000101
complain 0,198451 0,000026
complaint 0,478036 0,000032
complement 2,120264 0,000141
complete 0,105361 0,000021
completely 0,274437 0,000018
completion 1,386294 0,000092
complexion 0,755023 0,000050
complexioned 2,525729 0,000168
compliance 0,342490 0,000023
complicated 0,798508 0,000053
compliment 0,462035 0,000092
complimentary 1,897120 0,000126
comply 0,287682 0,000057
comport 2,813411 0,000187
compose 0,287682 0,000057
compound 1,021651 0,000136
comprehend 0,478036 0,000095
comprehensible 1,832581 0,000122
comprehension 1,203973 0,000080
comprehensive 1,237874 0,000082
comprehensively 2,995732 0,000199
comprehensiveness 2,995732 0,000199
compress 1,897120 0,000126
comprise 1,108663 0,000295
compunction 1,660731 0,000110
compute 1,771957 0,000118
comrade 0,693147 0,000092
comstock 3,506558 0,000233
conceal 0,198451 0,000040
concede 1,272966 0,000085
conceit 0,994252 0,000132
conceited 1,139434 0,000076
conceivable 1,386294 0,000092
conceive 0,223144 0,000044
concentrate 1,386294 0,000184
concentrated 0,867501 0,000058
concentration 1,771957 0,000235
concentred 3,912023 0,000260
concentric 2,659260 0,000177
conception 0,562119 0,000075
concern 0,342490 0,000046
concerned 0,287682 0,000019
concernment 2,813411 0,000187
concert 0,916291 0,000061
conciliate 1,771957 0,000118
conclude 0,235722 0,000047
conclusion 0,210721 0,000014
concoct 1,897120 0,000252
concrete 1,897120 0,000252
concubine 1,771957 0,000118
concur 1,714798 0,000228
concussion 1,660731 0,000221
condemn 0,446287 0,000059
condensation 3,506558 0,000233
condense 1,514128 0,000201
condescending 1,771957 0,000118
condescension 1,309333 0,000087
condition 0,051293 0,000003
condor 2,813411 0,000187
conduct 0,094311 0,000019
conductor 1,021651 0,000068
conduit 2,302585 0,000153
cone 1,714798 0,000228
confabulation 2,813411 0,000187
confederate 1,771957 0,000118
confess 0,127833 0,000017
confession 0,579818 0,000039
confide 0,755023 0,000050
confidence 0,139262 0,000009
confident 0,510826 0,000034
confidential 1,021651 0,000068
confidentially 1,897120 0,000126
confidently 1,049822 0,000070
confine 0,223144 0,000044
confinement 1,108663 0,000074
confines 1,386294 0,000092
confirmation 0,356675 0,000024
conflagration 1,347074 0,000179
conflict 0,597837 0,000119
confluent 3,506558 0,000233
confound 0,430783 0,000114
confoundedly 3,218876 0,000214
confront 0,776529 0,000052
confused 0,248461 0,000017
confusion 0,287682 0,000019
congeal 1,386294 0,000184
congenial 1,309333 0,000087
congeniality 3,506558 0,000233
congo 2,813411 0,000187
congratulate 0,798508 0,000053
congregate 1,832581 0,000243
congregation 1,272966 0,000085
congregational 3,218876 0,000214
conical 2,407946 0,000160
conjecture 0,544727 0,000036
conjoin 2,120264 0,000141
conjuncture 2,995732 0,000199
conjure 1,427116 0,000284
conjuror 2,995732 0,000199
connect 0,891598 0,000118
connected 0,415515 0,000028
connecticut 2,525729 0,000168
connection 0,446287 0,000030
connexion 2,207275 0,000147
conquer 0,527633 0,000070
conquest 0,967584 0,000064
conscience 0,301105 0,000040
conscientious 1,272966 0,000085
conscientiously 1,609438 0,000107
conscious 0,314711 0,000021
consciously 1,469676 0,000098
consciousness 0,371064 0,000025
consecrate 1,832581 0,000122
consecrated 1,309333 0,000087
consecutive 2,302585 0,000153
consent 0,223144 0,000015
consequence 0,186330 0,000025
consequent 1,203973 0,000080
conservatory 2,407946 0,000160
considerable 0,105361 0,000007
considerably 0,776529 0,000052
consideration 0,223144 0,000030
consign 1,171183 0,000078
consist 0,314711 0,000084
consistence 2,525729 0,000168
consistency 1,427116 0,000095
consolation 0,634878 0,000042
consolatory 2,207275 0,000147
consort 1,309333 0,000174
conspicuous 0,916291 0,000061
conspicuously 1,771957 0,000118
conspire 1,427116 0,000190
constable 1,272966 0,000085
constant 0,051293 0,000003
constantine 1,897120 0,000126
constantinople 1,832581 0,000122
constantly 0,371064 0,000025
constellation 1,897120 0,000252
consternation 1,021651 0,000068
constituent 1,966113 0,000131
constitute 0,597837 0,000040
constitution 0,776529 0,000052
constitutional 1,469676 0,000098
constrain 0,733969 0,000098
constraint 1,272966 0,000085
construct 0,713350 0,000095
construction 0,733969 0,000049
consult 0,400478 0,000053
consulting 0,891598 0,000059
consume 0,462035 0,000092
consumptive 2,040221 0,000136
contact 0,210721 0,000014
contemplate 0,544727 0,000036
contemplation 0,527633 0,000070
contemplative 1,714798 0,000114
contemporary 0,967584 0,000064
contemptible 1,078810 0,000072
contemptibly 2,813411 0,000187
contemptuously 1,237874 0,000082
contend 0,597837 0,000079
content 0,174353 0,000023
contented 0,400478 0,000027
contentedly 1,897120 0,000126
contents 0,094311 0,000006
contest 0,798508 0,000106
context 2,207275 0,000147
contiguity 2,995732 0,000199
continent 0,820981 0,000109
continental 1,660731 0,000110
contingency 2,040221 0,000271
contingent 1,660731 0,000110
continual 0,693147 0,000046
continually 0,446287 0,000030
continuation 1,347074 0,000089
continue 0,186330 0,000037
continued 0,072571 0,000005
continuous 0,867501 0,000058
continuously 1,469676 0,000098
contortion 1,897120 0,000126
contour 2,120264 0,000141
contraband 2,407946 0,000160
contract 0,139262 0,000037
contraction 1,514128 0,000101
contradict 0,798508 0,000106
contradiction 0,713350 0,000047
contradictory 1,272966 0,000085
contrary 0,198451 0,000013
contrast 0,385662 0,000077
contrastingly 3,912023 0,000260
contribute 0,510826 0,000102
contributory 3,912023 0,000260
contrivance 1,309333 0,000174
contrive 0,994252 0,000066
contrived 0,713350 0,000047
control 0,223144 0,000030
controllable 3,912023 0,000260
controversy 1,386294 0,000092
controvert 2,407946 0,000160
contusion 3,218876 0,000214
convalesce 3,218876 0,000214
convalescence 1,897120 0,000126
convenience 0,673345 0,000089
convenient 0,462035 0,000031
conveniently 1,203973 0,000080
convent 1,469676 0,000098
conventional 1,347074 0,000089
conversant 1,609438 0,000107
conversation 0,186330 0,000025
converse 0,494296 0,000033
convert 0,186330 0,000025
convertible 3,912023 0,000260
convex 2,525729 0,000168
convey 0,287682 0,000076
conveyance 1,427116 0,000095
convict 0,941609 0,000125
conviction 0,430783 0,000029
convince 0,198451 0,000026
convivial 2,659260 0,000177
convolution 3,506558 0,000233
convulsive 1,272966 0,000085
convulsively 1,347074 0,000089
cook 0,223144 0,000059
cool 0,248461 0,000050
cooling 1,272966 0,000085
coolly 1,021651 0,000068
coolness 1,171183 0,000078
cooper 2,040221 0,000271
cope 1,171183 0,000078
copenhagen 2,995732 0,000199
copestone 3,506558 0,000233
copper 0,713350 0,000095
coppered 3,912023 0,000260
coral 1,514128 0,000101
corals 3,218876 0,000214
cord 0,693147 0,000092
cordage 2,207275 0,000147
cordially 1,237874 0,000082
cordon 2,813411 0,000187
core 1,347074 0,000089
corinthian 2,040221 0,000136
cork 1,171183 0,000078
corkscrew 2,302585 0,000153
corkscrewed 3,506558 0,000233
corky 3,912023 0,000260
corn 0,527633 0,000035
corner 0,072571 0,000010
coronation 2,302585 0,000306
corporal 1,660731 0,000110
corporeal 1,966113 0,000131
corporeally 3,506558 0,000233
corpse 0,616186 0,000082
corpulence 2,995732 0,000199
correct 0,235722 0,000016
correctly 0,843970 0,000056
correspond 0,843970 0,000112
correspondence 0,820981 0,000055
corridor 1,108663 0,000074
corroborate 1,514128 0,000101
corroborative 2,813411 0,000187
corrode 2,813411 0,000187
corrupt 0,235722 0,000031
corruption 0,820981 0,000055
corsair 2,407946 0,000160
cosmetic 2,995732 0,000199
cosmopolite 3,218876 0,000214
cost 0,105361 0,000007
costly 0,916291 0,000122
costume 1,021651 0,000068
cosy 2,302585 0,000153
cottage 0,653926 0,000043
cotton 0,891598 0,000059
couch 0,579818 0,000039
cougar 3,506558 0,000233
cough 0,733969 0,000049
couldst 2,120264 0,000141
counsel 0,462035 0,000061
counsellor 0,994252 0,000066
count 0,116534 0,000023
countenance 0,371064 0,000025
counter 0,733969 0,000098
counteract 1,514128 0,000201
counterbalance 1,832581 0,000122
counterfeit 1,203973 0,000080
counterpane 2,120264 0,000141
counterpart 1,560648 0,000104
counterpoise 2,407946 0,000160
countersink 3,912023 0,000260
countersunk 3,912023 0,000260
countless 1,203973 0,000080
country 0,010050 0,000001
countryman 0,867501 0,000115
county 0,941609 0,000125
couple 0,248461 0,000050
courage 0,150823 0,000010
courageous 1,171183 0,000078
courageousness 3,912023 0,000260
courier 2,040221 0,000136
court 0,094311 0,000019
courteous 0,967584 0,000064
courteously 1,609438 0,000107
courtesy 0,693147 0,000046
cousin 0,597837 0,000040
cove 1,832581 0,000243
covenant 1,469676 0,000098
cover 0,223144 0,000030
covered 0,139262 0,000009
covering 0,415515 0,000028
coverlid 3,218876 0,000214
cow 0,653926 0,000043
coward 0,776529 0,000103
cowardly 0,994252 0,000066
cowhide 2,813411 0,000187
cowper 2,659260 0,000177
cows 0,867501 0,000058
cozening 3,912023 0,000260
crab 1,609438 0,000214
crack 0,478036 0,000127
cracker 2,120264 0,000141
crackle 1,237874 0,000082
cradle 1,049822 0,000139
craft 0,733969 0,000049
crafty 1,427116 0,000095
crag 1,514128 0,000101
craggy 1,714798 0,000114
cram 1,309333 0,000087
cramped 1,427116 0,000095
crane 1,237874 0,000164
cranial 3,912023 0,000260
cranium 3,218876 0,000214
cranny 2,040221 0,000136
crape 2,407946 0,000160
crappo 3,912023 0,000260
crash 0,733969 0,000049
crashing 1,386294 0,000092
crater 2,302585 0,000306
crave 1,347074 0,000089
craven 2,302585 0,000153
crawl 0,494296 0,000099
craze 1,714798 0,000114
craziness 3,218876 0,000214
crazy 0,916291 0,000061
creagh 3,912023 0,000260
creak 0,967584 0,000129
cream 1,171183 0,000156
creamy 2,407946 0,000160
create 0,094311 0,000025
creation 0,198451 0,000026
creative 1,771957 0,000118
creativeness 3,912023 0,000260
creature 0,116534 0,000015
credentials 2,207275 0,000147
credible 1,714798 0,000114
credit 0,094311 0,000013
creditor 1,237874 0,000164
credulity 1,966113 0,000131
credulous 1,832581 0,000122
creed 1,139434 0,000151
creep 0,198451 0,000040
creepingly 3,912023 0,000260
crescent 1,660731 0,000110
crescentic 3,912023 0,000260
crest 0,820981 0,000109
crested 2,995732 0,000199
cretan 2,659260 0,000177
crete 2,302585 0,000153
crew 0,755023 0,000100
crick 2,995732 0,000199
cricket 1,469676 0,000098
crier 2,302585 0,000153
crim 3,506558 0,000233
crime 0,261365 0,000017
criminal 0,673345 0,000045
crimson 0,891598 0,000118
cringe 1,609438 0,000214
cripple 1,469676 0,000098
crippled 1,469676 0,000098
crisis 0,820981 0,000055
crisp 1,237874 0,000082
criterion 2,207275 0,000147
critic 1,021651 0,000068
critical 0,235722 0,000016
critically 1,714798 0,000114
criticism 0,820981 0,000055
critter 2,995732 0,000199
crockery 1,714798 0,000114
crocodile 1,897120 0,000126
crony 2,302585 0,000306
crooked 0,755023 0,000050
crookedly 2,659260 0,000177
crookedness 2,995732 0,000199
crop 0,653926 0,000043
cross 0,083382 0,000022
crosswise 2,659260 0,000177
crotch 3,218876 0,000214
crotchet 2,659260 0,000177
crouch 0,941609 0,000125
crouching 1,049822 0,000070
crow 0,867501 0,000173
crowd 0,174353 0,000035
crowded 0,301105 0,000020
crown 0,210721 0,000028
crowning 1,272966 0,000085
crucible 2,407946 0,000160
crucifix 1,966113 0,000131
crucifixion 2,120264 0,000141
crucify 1,560648 0,000104
cruel 0,261365 0,000035
cruelty 0,462035 0,000031
cruet 2,813411 0,000187
cruise 1,660731 0,000441
cruiser 3,218876 0,000428
crumb 1,427116 0,000095
crumple 1,237874 0,000082
crunch 1,832581 0,000243
crupper 2,995732 0,000199
crusader 3,506558 0,000233
crusaders 2,659260 0,000177
crush 0,274437 0,000055
crust 1,139434 0,000076
crutch 1,771957 0,000118
crystal 0,941609 0,000125
crystalline 2,525729 0,000168
crystallize 2,995732 0,000199
cub 1,771957 0,000235
cuba 2,995732 0,000199
cubic 2,120264 0,000141
cucumber 1,897120 0,000126
cudgel 1,771957 0,000118
cuff 1,139434 0,000076
cultivate 0,462035 0,000061
culture 1,078810 0,000072
cumbrous 1,897120 0,000126
cunning 0,462035 0,000031
cunningly 1,560648 0,000104
cup 0,342490 0,000046
cupbearer 2,813411 0,000187
cupidity 1,897120 0,000126
cupola 2,207275 0,000147
curb 1,272966 0,000085
curbstone 3,506558 0,000233
curdle 1,897120 0,000126
curds 3,218876 0,000214
cure 0,314711 0,000084
curio 2,995732 0,000199
curiosity 0,210721 0,000014
curious 0,261365 0,000017
curiously 0,776529 0,000052
curiousness 3,218876 0,000214
curl 0,510826 0,000102
curly 1,171183 0,000078
current 0,116534 0,000015
curse 0,342490 0,000068
cursing 1,203973 0,000080
cursorily 2,813411 0,000187
curtain 0,328504 0,000022
curve 0,916291 0,000183
curved 1,171183 0,000078
cushion 0,820981 0,000055
cuss 2,813411 0,000187
custom 0,210721 0,000014
customary 0,653926 0,000043
customs 0,713350 0,000047
cut 0,030459 0,000006
cutlass 2,207275 0,000147
cutlery 3,218876 0,000214
cutlet 2,120264 0,000282
cutter 1,560648 0,000104
cuttle 3,912023 0,000260
cyclades 2,813411 0,000187
cycloid 3,506558 0,000233
cylinder 1,771957 0,000118
cylindrically 3,506558 0,000233
cymballed 3,912023 0,000260
cymballing 3,912023 0,000260
cynical 1,560648 0,000104
cypher 2,659260 0,000353
czar 2,659260 0,000177
czarship 3,912023 0,000260
da 1,469676 0,000098
dab 2,407946 0,000160
dad 2,040221 0,000136
daft 3,912023 0,000260
dagger 1,139434 0,000076
dagon 2,813411 0,000187
daily 0,248461 0,000017
daintiness 3,506558 0,000233
dainty 0,634878 0,000084
dairy 2,302585 0,000153
dale 1,714798 0,000114
dalliance 2,995732 0,000199
dally 1,966113 0,000131
dam 1,203973 0,000160
damage 0,223144 0,000030
dame 1,021651 0,000136
damn 1,309333 0,000087
damned 1,139434 0,000076
damning 2,525729 0,000168
damocles 3,912023 0,000260
damp 0,400478 0,000053
damply 3,218876 0,000214
dampness 2,407946 0,000160
damsel 1,237874 0,000082
dan 1,897120 0,000126
dance 0,235722 0,000031
dancing 0,371064 0,000025
dandy 1,609438 0,000214
danes 2,525729 0,000168
danger 0,105361 0,000007
dangerous 0,150823 0,000010
dangling 1,139434 0,000076
daniel 1,427116 0,000095
danish 2,659260 0,000177
dante 1,514128 0,000101
dantean 3,912023 0,000260
darby 2,995732 0,000199
darien 2,995732 0,000199
daring 0,843970 0,000056
dark 0,051293 0,000007
darken 0,634878 0,000084
darkey 3,506558 0,000233
darkle 2,407946 0,000160
darkly 1,237874 0,000082
darkness 0,186330 0,000012
dart 0,562119 0,000112
dartingly 3,912023 0,000260
darts 1,386294 0,000092
darwin 2,207275 0,000147
dash 0,400478 0,000106
daughter 0,174353 0,000023
daunt 1,714798 0,000114
dauntless 2,120264 0,000141
dauntlessness 3,506558 0,000233
dauphine 2,813411 0,000187
davis 2,207275 0,000147
davy 2,813411 0,000187
dawn 0,314711 0,000063
day 0,000000 0,000000
daybreak 1,203973 0,000080
daylight 0,446287 0,000030
daze 1,309333 0,000087
dazzling 0,941609 0,000063
dazzlingly 2,813411 0,000187
deacon 1,714798 0,000114
dead 0,072571 0,000005
deaden 1,560648 0,000104
deadening 3,218876 0,000214
deadliness 3,506558 0,000233
deadly 0,478036 0,000064
deaf 0,634878 0,000042
deafen 2,040221 0,000136
deafening 1,897120 0,000126
deal 0,061875 0,000004
dealer 1,171183 0,000078
dearly 0,776529 0,000052
death 0,020203 0,000003
deathful 3,218876 0,000214
debel 3,506558 0,000233
debell 3,912023 0,000260
debtor 1,609438 0,000107
decanter 1,469676 0,000195
decanting 3,912023 0,000260
decapitate 2,813411 0,000374
decapitation 3,506558 0,000233
decay 0,544727 0,000036
deceased 1,078810 0,000072
deceit 0,967584 0,000064
deceitfully 2,813411 0,000187
deceitfulness 2,995732 0,000199
deceive 0,261365 0,000052
december 0,562119 0,000037
decency 1,108663 0,000074
decent 0,693147 0,000046
decently 1,309333 0,000087
deception 0,916291 0,000061
deceptive 2,040221 0,000136
decide 0,040822 0,000005
decidedly 0,867501 0,000058
decipher 1,771957 0,000235
decision 0,544727 0,000036
deck 0,544727 0,000072
declare 0,139262 0,000037
decline 0,356675 0,000071
decoction 2,813411 0,000187
decorate 0,891598 0,000059
decoration 1,309333 0,000087
decree 0,673345 0,000134
dedicate 0,967584 0,000193
dedication 1,832581 0,000122
deduction 1,560648 0,000104
deed 0,287682 0,000038
deem 0,562119 0,000075
deep 0,020203 0,000005
deepen 0,867501 0,000058
deepeningly 3,912023 0,000260
deeply 0,261365 0,000017
deer 0,867501 0,000058
defaced 1,771957 0,000118
defection 2,813411 0,000187
defence 0,527633 0,000035
defendant 2,207275 0,000147
deferential 2,207275 0,000147
defiance 0,713350 0,000047
deficiency 1,203973 0,000160
defile 1,078810 0,000143
defilement 2,659260 0,000177
define 0,673345 0,000089
definition 1,203973 0,000080
deform 0,967584 0,000064
deformity 1,514128 0,000201
defray 2,207275 0,000147
deftly 1,660731 0,000110
defunct 2,407946 0,000160
defy 0,693147 0,000092
defyingly 3,506558 0,000233
degenerate 1,078810 0,000072
degree 0,150823 0,000020
deify 2,407946 0,000160
deity 1,171183 0,000078
dejected 1,021651 0,000068
del 1,832581 0,000122
delay 0,186330 0,000012
delectable 2,120264 0,000141
delegate 1,469676 0,000098
deliberate 0,673345 0,000134
deliberately 0,693147 0,000046
delicacy 0,597837 0,000040
delicate 0,301105 0,000020
delicately 1,171183 0,000078
delicious 0,713350 0,000047
deliciousness 3,506558 0,000233
delight 0,150823 0,000020
delighted 0,287682 0,000019
delightful 0,478036 0,000032
delightfully 1,560648 0,000104
delineate 2,207275 0,000147
delineation 2,407946 0,000160
delirious 1,386294 0,000092
deliriously 2,995732 0,000199
delirium 1,203973 0,000160
deliver 0,223144 0,000030
deliverance 0,941609 0,000063
deliverer 1,897120 0,000126
delivery 0,994252 0,000066
delta 2,995732 0,000199
delude 1,347074 0,000089
deluge 1,427116 0,000095
delusion 0,916291 0,000122
demand 0,051293 0,000014
demeanor 2,120264 0,000141
demi 2,040221 0,000136
demigod 2,407946 0,000320
demijohn 3,506558 0,000233
democracy 1,832581 0,000122
democrat 2,207275 0,000147
democratic 1,897120 0,000126
demon 0,916291 0,000061
demoniac 2,302585 0,000153
demonism 3,912023 0,000520
demonstrable 2,813411 0,000187
demonstrate 0,967584 0,000064
demonstration 0,994252 0,000066
den 0,693147 0,000046
denial 0,776529 0,000052
denizen 1,966113 0,000261
denominate 2,207275 0,000440
denote 1,139434 0,000227
dense 0,693147 0,000046
densely 1,832581 0,000122
density 2,040221 0,000136
dent 2,207275 0,000440
dentist 2,407946 0,000160
dentistical 3,912023 0,000260
denunciation 2,040221 0,000136
deny 0,072571 0,000014
depart 0,162519 0,000032
department 0,916291 0,000122
departure 0,430783 0,000029
depend 0,040822 0,000011
depict 1,237874 0,000247
deplorably 2,995732 0,000199
deplore 1,237874 0,000164
deploy 2,813411 0,000187
depose 1,714798 0,000228
deposit 0,776529 0,000052
deprecating 2,302585 0,000153
deprecatory 2,995732 0,000199
depreciate 1,897120 0,000126
depress 0,616186 0,000082
depression 0,967584 0,000129
deprive 0,415515 0,000028
depth 0,494296 0,000033
depths 0,446287 0,000030
deputation 2,302585 0,000153
dere 2,995732 0,000199
deride 1,386294 0,000092
derision 1,108663 0,000074
derisive 2,407946 0,000160
derive 0,210721 0,000042
descend 0,174353 0,000046
descendant 0,867501 0,000058
descent 0,634878 0,000042
description 0,248461 0,000017
descriptively 3,912023 0,000260
descry 1,469676 0,000293
desecrated 2,659260 0,000177
desert 0,314711 0,000042
deserted 0,385662 0,000026
deserve 0,314711 0,000042
deserved 0,634878 0,000042
deserving 0,891598 0,000059
design 0,287682 0,000038
designate 1,309333 0,000174
designation 1,714798 0,000114
desirable 0,733969 0,000049
desire 0,051293 0,000014
desirous 0,634878 0,000042
desist 1,660731 0,000110
desisted 1,966113 0,000131
desk 0,867501 0,000115
desolate 0,733969 0,000049
desolateness 3,912023 0,000260
desolation 0,916291 0,000061
despair 0,174353 0,000012
despairing 0,798508 0,000053
despatch 1,108663 0,000147
desperado 2,813411 0,000374
desperate 0,328504 0,000022
desperation 0,867501 0,000058
despise 0,342490 0,000023
despot 2,040221 0,000136
destination 1,078810 0,000143
destine 0,494296 0,000033
destiny 0,597837 0,000040
destitute 0,916291 0,000061
destroy 0,061875 0,000016
destroyer 1,427116 0,000095
destruction 0,342490 0,000023
destructive 1,049822 0,000070
detach 0,287682 0,000019
detailed 1,469676 0,000098
detain 0,544727 0,000036
detect 0,562119 0,000112
determinate 2,525729 0,000168
determination 0,616186 0,000041
determine 0,061875 0,000012
detestable 1,203973 0,000080
detestation 1,771957 0,000118
detract 1,660731 0,000110
deuteronomy 2,995732 0,000199
develop 0,891598 0,000059
developed 0,544727 0,000036
development 0,693147 0,000092
deviation 1,714798 0,000114
device 0,597837 0,000079
devil 0,301105 0,000040
devilish 1,237874 0,000082
devilishness 3,912023 0,000260
devious 2,302585 0,000153
devote 0,673345 0,000089
devoted 0,301105 0,000020
devotee 2,120264 0,000282
devour 0,462035 0,000061
devout 1,203973 0,000080
devoutly 1,386294 0,000092
dew 0,755023 0,000050
dewy 1,660731 0,000110
dexterity 1,560648 0,000104
dexterous 1,660731 0,000110
dexterously 2,040221 0,000136
dey 2,813411 0,000187
diabolical 1,714798 0,000114
diabolically 2,813411 0,000187
diabolism 3,912023 0,000260
diadem 1,897120 0,000126
diademed 3,912023 0,000260
diagonal 2,525729 0,000168
dial 1,897120 0,000126
diameter 1,897120 0,000126
diametrically 2,995732 0,000199
diamond 0,673345 0,000045
dick 1,771957 0,000118
dictate 0,579818 0,000039
dictator 2,407946 0,000160
dictatorship 2,813411 0,000187
dictionary 1,347074 0,000179
diddle 3,218876 0,000214
didst 1,660731 0,000110
die 0,010050 0,000003
diet 1,078810 0,000072
dietetically 3,912023 0,000260
difference 0,174353 0,000023
difficulty 0,116534 0,000015
diffused 1,469676 0,000098
dig 0,356675 0,000071
digest 1,171183 0,000156
digester 3,912023 0,000260
digestion 1,771957 0,000118
digestive 2,407946 0,000160
digger 1,966113 0,000131
dignified 0,755023 0,000050
dignity 0,314711 0,000021
digressively 3,912023 0,000260
dilapidated 1,660731 0,000110
dilate 1,309333 0,000174
diligence 1,237874 0,000082
diligent 1,469676 0,000098
diligently 1,203973 0,000080
dilute 2,207275 0,000147
dim 0,356675 0,000047
dimension 0,916291 0,000122
diminish 0,776529 0,000052
diminished 0,776529 0,000052
dimly 0,867501 0,000058
din 1,171183 0,000156
dine 0,562119 0,000075
ding 2,407946 0,000160
dining 0,510826 0,000034
dinner 0,186330 0,000012
dinnerless 3,912023 0,000260
dint 1,514128 0,000201
dip 0,673345 0,000134
dipper 2,659260 0,000177
dire 1,171183 0,000078
direct 0,040822 0,000008
direction 0,051293 0,000007
direful 2,813411 0,000187
dirgelike 3,912023 0,000260
dirty 0,544727 0,000036
dis 1,609438 0,000107
disable 2,407946 0,000160
disabled 1,714798 0,000114
disadvantage 0,843970 0,000056
disaffection 2,659260 0,000177
disagreeable 0,733969 0,000049
disappear 0,223144 0,000044
disappearance 1,272966 0,000085
disappointed 0,415515 0,000028
disaster 0,820981 0,000109
disastrous 1,108663 0,000074
disband 2,302585 0,000153
disbelief 1,832581 0,000122
discern 0,634878 0,000084
discernible 1,897120 0,000126
discernment 1,469676 0,000098
discharge 0,478036 0,000127
disciple 1,021651 0,000136
discipline 0,634878 0,000042
disclose 0,634878 0,000042
disclosure 1,609438 0,000107
discolour 1,832581 0,000243
discomfort 1,108663 0,000074
disconnected 1,771957 0,000118
discount 2,120264 0,000141
discourse 0,579818 0,000039
discoursing 1,897120 0,000126
discover 0,030459 0,000008
discoverer 1,714798 0,000228
discovery 0,287682 0,000038
discreditably 3,506558 0,000233
discreet 0,843970 0,000056
discreetly 1,347074 0,000089
discretion 0,733969 0,000049
discriminate 1,660731 0,000110
discrimination 1,832581 0,000122
disdain 0,673345 0,000089
disease 0,328504 0,000022
disembowelled 2,525729 0,000168
disembowelment 3,912023 0,000260
disencumber 2,995732 0,000199
disengage 0,843970 0,000056
disentangle 2,040221 0,000136
disgorge 2,120264 0,000141
disguise 0,494296 0,000066
disguisement 3,506558 0,000233
disgust 0,430783 0,000029
disgusted 0,820981 0,000055
dish 0,478036 0,000064
disheartening 2,207275 0,000147
dishonor 2,120264 0,000141
disincline 3,912023 0,000260
disinfect 3,912023 0,000260
disintegrate 2,659260 0,000177
disinter 2,813411 0,000187
disinterested 1,386294 0,000092
disjointedly 3,912023 0,000260
disk 0,415515 0,000028
dislike 0,478036 0,000032
dislocate 2,207275 0,000147
dislocation 3,218876 0,000214
dislodge 1,771957 0,000118
dismal 0,843970 0,000056
dismally 1,771957 0,000118
dismantle 1,714798 0,000114
dismasted 3,912023 0,000260
dismasting 3,912023 0,000260
dismay 0,597837 0,000040
dismember 2,120264 0,000282
dismemberer 3,912023 0,000260
dismembering 3,912023 0,000260
dismemberment 3,218876 0,000214
dismiss 0,430783 0,000029
dismissal 1,832581 0,000122
disobedience 1,560648 0,000104
disobey 1,108663 0,000147
disorder 0,544727 0,000072
disordered 1,203973 0,000080
disorderliness 3,912023 0,000260
disorderly 1,469676 0,000098
disparagement 2,040221 0,000136
dispel 1,139434 0,000076
dispense 0,820981 0,000109
disperse 0,776529 0,000052
dispirit 3,506558 0,000233
dispirited 1,771957 0,000118
displace 1,309333 0,000087
display 0,162519 0,000032
disport 2,120264 0,000141
dispose 0,755023 0,000050
disposed 0,385662 0,000026
disposition 0,371064 0,000025
disprove 1,714798 0,000114
dispute 0,446287 0,000089
disquietude 2,407946 0,000160
disrated 3,912023 0,000260
disreputable 1,714798 0,000114
dissatisfaction 1,609438 0,000107
dissect 1,714798 0,000114
dissection 2,813411 0,000187
dissemble 1,609438 0,000107
dissembling 2,302585 0,000153
dissent 1,514128 0,000101
dissertations 2,525729 0,000168
dissimilar 1,832581 0,000122
dissociate 2,407946 0,000160
dissolution 1,427116 0,000095
dissolve 0,733969 0,000098
distance 0,105361 0,000014
distant 0,162519 0,000011
distantly 2,813411 0,000187
distended 1,897120 0,000126
distension 3,912023 0,000260
distil 1,514128 0,000101
distinct 0,301105 0,000020
distinction 0,356675 0,000047
distinctive 1,832581 0,000122
distinctly 0,478036 0,000032
distinguish 0,314711 0,000021
distinguished 0,301105 0,000020
distinguishing 1,078810 0,000072
distortion 2,040221 0,000136
distract 0,510826 0,000034
distraction 0,994252 0,000066
distress 0,274437 0,000018
distressed 0,673345 0,000045
distribute 0,210721 0,000014
district 0,713350 0,000095
distrust 0,733969 0,000146
distrustful 2,120264 0,000141
disturb 0,198451 0,000026
ditch 0,994252 0,000066
ditcher 2,995732 0,000199
ditto 2,525729 0,000168
dive 0,967584 0,000193
diver 1,021651 0,000136
diverge 1,897120 0,000126
diversion 0,916291 0,000061
divert 0,634878 0,000042
divide 0,150823 0,000040
dividend 3,218876 0,000214
divine 0,356675 0,000047
divinely 1,609438 0,000107
divineness 3,912023 0,000260
divinest 2,659260 0,000177
diving 1,660731 0,000110
divinity 0,867501 0,000058
division 0,527633 0,000070
divorce 1,237874 0,000082
divulge 1,609438 0,000107
docile 1,714798 0,000114
dock 1,514128 0,000302
doctor 0,400478 0,000053
doctored 2,659260 0,000177
doctrine 0,616186 0,000041
document 1,021651 0,000068
dodge 1,049822 0,000209
doer 1,832581 0,000122
dog 0,186330 0,000037
dogged 1,514128 0,000101
doggedly 1,897120 0,000126
dogger 3,218876 0,000214
doleful 1,427116 0,000095
dollar 1,237874 0,000164
dolly 2,407946 0,000160
dolphin 1,966113 0,000261
doltish 3,506558 0,000233
domain 0,328504 0,000022
dome 1,309333 0,000174
domed 2,813411 0,000187
domestic 0,510826 0,000034
domesticate 2,302585 0,000153
domineer 2,813411 0,000374
domineering 2,659260 0,000177
dominic 2,525729 0,000168
dominion 0,941609 0,000063
dong 2,525729 0,000168
donkey 1,609438 0,000107
dons 3,912023 0,000260
doom 0,579818 0,000077
door 0,000000 0,000000
doored 3,912023 0,000260
doorway 0,733969 0,000049
dorsal 3,218876 0,000214
dost 1,237874 0,000082
dotted 1,347074 0,000089
double 0,139262 0,000019
doubloon 3,218876 0,000428
doubly 1,049822 0,000070
doubt 0,040822 0,000011
doubtless 0,430783 0,000029
dough 1,897120 0,000126
douse 2,995732 0,000199
dover 1,897120 0,000126
dower 2,525729 0,000168
downcast 1,386294 0,000092
downright 1,272966 0,000085
downtown 2,995732 0,000199
downward 0,798508 0,000053
doxology 3,506558 0,000233
doze 0,891598 0,000118
dozen 0,415515 0,000028
drab 2,207275 0,000293
draft 1,469676 0,000098
drag 0,248461 0,000066
draggingly 3,506558 0,000233
dragon 1,021651 0,000136
drain 0,820981 0,000109
drama 1,203973 0,000080
dramatic 1,078810 0,000072
dramatically 2,813411 0,000187
dramatist 2,659260 0,000177
drat 2,659260 0,000177
draught 0,527633 0,000070
draughtsmen 3,506558 0,000233
draw 0,020203 0,000007
drawback 1,469676 0,000098
drawer 0,820981 0,000055
drawing 1,609438 0,000107
drawl 1,514128 0,000101
drawlingly 3,912023 0,000260
dread 0,248461 0,000033
dreadful 0,342490 0,000023
dreadfully 1,021651 0,000068
dreadnaught 3,912023 0,000260
dream 0,083382 0,000028
dreaminess 2,813411 0,000187
dreamy 1,347074 0,000179
dreary 0,673345 0,000045
drench 1,171183 0,000156
drenching 2,302585 0,000153
dress 0,162519 0,000022
dressed 0,261365 0,000017
dribble 2,813411 0,000187
drift 0,462035 0,000123
drill 1,514128 0,000201
drink 0,072571 0,000014
drinking 0,371064 0,000025
dripping 0,891598 0,000118
drive 0,030459 0,000010
driver 0,713350 0,000095
drizzly 3,506558 0,000233
dromedary 3,912023 0,000260
droop 0,798508 0,000053
drop 0,061875 0,000016
dropt 2,120264 0,000141
drought 2,120264 0,000141
drove 2,120264 0,000141
drown 0,314711 0,000084
drowsiness 1,609438 0,000107
drowsy 1,237874 0,000082
drug 0,967584 0,000193
druggist 2,659260 0,000353
drum 0,843970 0,000056
drumstick 2,813411 0,000187
drunk 0,415515 0,000028
drunkard 0,994252 0,000066
drunken 0,820981 0,000055
dry 0,116534 0,000015
dubious 1,660731 0,000110
dubiously 2,659260 0,000177
ducat 2,813411 0,000187
duck 0,820981 0,000218
duel 1,347074 0,000179
duellist 3,218876 0,000214
duff 2,995732 0,000199
dugongs 3,912023 0,000260
duke 0,967584 0,000064
dull 0,174353 0,000012
duly 0,843970 0,000056
dumb 0,562119 0,000075
dumbly 3,218876 0,000214
dump 2,040221 0,000136
dumpling 2,995732 0,000398
dun 1,660731 0,000110
dunder 3,506558 0,000233
dung 1,469676 0,000098
dunkirk 3,506558 0,000233
duodecimo 3,506558 0,000233
duplicate 1,714798 0,000228
durability 3,218876 0,000214
durable 1,714798 0,000114
durst 2,302585 0,000153
dusk 0,941609 0,000063
duskier 3,506558 0,000233
dusky 1,021651 0,000068
dust 0,162519 0,000022
dusty 0,967584 0,000064
dutch 1,139434 0,000076
dutchman 1,966113 0,000131
duty 0,061875 0,000008
dwarf 1,021651 0,000068
dwell 0,342490 0,000046
dwelling 0,494296 0,000033
dyspepsia 2,813411 0,000187
dyspeptic 2,525729 0,000168
eager 0,210721 0,000014
eagerly 0,385662 0,000026
eagerness 0,544727 0,000036
eagle 0,755023 0,000050
ear 0,061875 0,000008
earl 1,771957 0,000118
earls 2,302585 0,000153
earn 0,446287 0,000030
earnest 0,261365 0,000017
earnestly 0,415515 0,000028
earnestness 0,867501 0,000058
earth 0,051293 0,000003
earthly 0,673345 0,000045
earthquake 1,021651 0,000136
earthy 1,897120 0,000126
ease 0,150823 0,000010
easily 0,072571 0,000005
east 0,235722 0,000016
easterly 1,966113 0,000131
eastern 0,733969 0,000049
eastward 1,203973 0,000080
eastwards 3,218876 0,000214
easy 0,000000 0,000000
eat 0,040822 0,000011
eatable 2,525729 0,000168
eating 0,235722 0,000016
eave 3,506558 0,000233
eaves 1,832581 0,000122
eavesdropper 2,995732 0,000199
ebb 1,078810 0,000143
ebon 3,218876 0,000214
ebony 1,660731 0,000110
eccentric 0,916291 0,000061
ecclesiastes 2,525729 0,000168
echo 0,356675 0,000071
ecliptic 3,218876 0,000214
economic 1,966113 0,000131
economical 1,514128 0,000101
economically 2,813411 0,000187
ecuador 3,912023 0,000260
eddy 1,237874 0,000329
edge 0,150823 0,000040
edgewise 3,506558 0,000233
edict 1,714798 0,000114
edifice 1,272966 0,000085
edition 0,287682 0,000019
edmund 2,525729 0,000168
educate 0,544727 0,000036
education 0,415515 0,000028
edward 1,049822 0,000070
eel 1,609438 0,000214
eely 3,912023 0,000260
efface 1,171183 0,000078
effectual 1,203973 0,000080
effectually 1,203973 0,000080
effeminacy 2,207275 0,000147
efficiency 2,040221 0,000136
efficient 1,309333 0,000087
effort 0,094311 0,000006
effulgence 2,302585 0,000153
effulgent 3,912023 0,000260
eggs 0,776529 0,000052
ego 1,771957 0,000118
egotistical 2,407946 0,000160
egress 2,040221 0,000136
egypt 0,891598 0,000059
egyptian 1,108663 0,000147
eighteen 0,462035 0,000031
eightieth 2,407946 0,000160
ejaculate 1,514128 0,000201
ejaculation 1,714798 0,000114
elaborate 0,867501 0,000058
elaborately 2,207275 0,000147
elaboration 2,302585 0,000153
elapse 0,891598 0,000118
elastic 1,386294 0,000092
elasticity 1,897120 0,000126
elated 1,469676 0,000098
elbow 0,494296 0,000066
eld 0,385662 0,000026
elder 1,139434 0,000076
elderly 0,843970 0,000056
elect 0,210721 0,000014
election 1,237874 0,000082
elector 2,207275 0,000147
electric 1,171183 0,000078
electricity 1,966113 0,000131
elegant 0,634878 0,000042
element 0,342490 0,000046
elemental 1,897120 0,000126
elephant 0,967584 0,000129
elephanta 3,218876 0,000214
elevate 1,309333 0,000261
elevated 0,891598 0,000059
elevation 0,843970 0,000112
eleventh 1,347074 0,000089
elf 2,407946 0,000160
elijah 2,120264 0,000141
eliza 2,207275 0,000147
elizabeth 1,514128 0,000101
elk 2,813411 0,000187
elm 1,609438 0,000107
elongated 2,207275 0,000147
elope 2,302585 0,000153
eloquent 0,820981 0,000055
eloquently 1,897120 0,000126
elucidate 2,207275 0,000440
elude 1,078810 0,000215
elusive 2,302585 0,000153
embalm 2,302585 0,000153
embalmed 1,966113 0,000131
embark 1,139434 0,000303
embarrassed 0,916291 0,000061
embattle 3,912023 0,000260
embattled 2,207275 0,000147
embayed 2,995732 0,000199
embellish 1,771957 0,000118
embellishment 1,609438 0,000107
emblazon 2,407946 0,000320
emblem 1,469676 0,000098
emblematical 3,506558 0,000233
embodiment 1,897120 0,000126
embody 1,347074 0,000089
embolden 1,469676 0,000098
embrace 0,235722 0,000063
emerge 0,653926 0,000130
emergency 1,049822 0,000070
emetic 3,218876 0,000214
emigrant 2,302585 0,000153
emigrants 2,407946 0,000160
emir 3,218876 0,000214
emolument 2,525729 0,000168
emotion 0,356675 0,000047
emperor 0,916291 0,000122
emphasis 0,891598 0,000059
emphatically 1,203973 0,000080
empire 0,634878 0,000084
employ 0,235722 0,000047
employment 0,527633 0,000070
emprise 3,506558 0,000233
emulation 1,897120 0,000126
en 0,994252 0,000066
enable 0,274437 0,000036
enact 1,309333 0,000087
enactment 2,407946 0,000160
encamp 1,560648 0,000207
encase 2,207275 0,000147
enchanted 1,078810 0,000072
enchanter 2,120264 0,000141
enchanting 1,714798 0,000114
enchantment 1,139434 0,000076
encircle 1,021651 0,000136
enclose 0,713350 0,000047
encompass 1,203973 0,000080
encore 2,302585 0,000153
encounter 0,446287 0,000119
encourage 0,301105 0,000020
endanger 1,386294 0,000092
endearment 1,897120 0,000126
endeavor 1,203973 0,000240
endless 0,478036 0,000032
endlessly 2,659260 0,000177
endlessness 3,912023 0,000260
endue 1,832581 0,000122
endurance 0,891598 0,000059
endure 0,210721 0,000042
endwise 3,912023 0,000260
enemy 0,105361 0,000014
energy 0,371064 0,000049
enfeebled 2,207275 0,000147
enfolding 3,912023 0,000260
enforce 0,941609 0,000063
engage 0,494296 0,000066
engaged 0,198451 0,000013
engender 1,386294 0,000184
engine 0,776529 0,000103
engineering 1,966113 0,000131
england 0,385662 0,000026
englander 2,995732 0,000199
english 0,094311 0,000006
englishman 0,820981 0,000109
engraft 2,995732 0,000199
engrave 1,237874 0,000082
engraven 2,813411 0,000187
engraving 1,660731 0,000221
engross 1,386294 0,000092
engrossing 2,120264 0,000141
enhance 1,237874 0,000247
enigmatical 2,040221 0,000136
enjoin 1,171183 0,000233
enjoy 0,072571 0,000019
enjoyment 0,562119 0,000037
enkindle 2,525729 0,000168
enlarge 0,673345 0,000134
enlighten 0,562119 0,000075
enlist 1,309333 0,000174
enliven 1,660731 0,000110
enormous 0,430783 0,000029
enormousness 3,506558 0,000233
enrage 0,916291 0,000061
enrich 0,941609 0,000063
enrol 1,609438 0,000107
ensconce 2,040221 0,000136
enshrine 2,302585 0,000153
ensign 1,469676 0,000098
enslave 1,272966 0,000085
ensue 0,579818 0,000116
entail 1,309333 0,000087
entangle 1,078810 0,000215
enter 0,020203 0,000005
enterprise 0,755023 0,000100
entertaining 0,941609 0,000063
entertainment 0,798508 0,000053
enthrone 2,120264 0,000141
enthusiasm 0,653926 0,000043
enticing 2,207275 0,000147
entire 0,274437 0,000018
entitle 0,653926 0,000087
entombment 3,912023 0,000260
entrails 1,514128 0,000101
entrance 0,210721 0,000042
entrap 2,407946 0,000160
entreat 0,713350 0,000095
entreaty 1,021651 0,000136
entrenched 2,525729 0,000168
entrenchment 2,407946 0,000160
entry 0,776529 0,000052
enumerate 1,108663 0,000147
envelop 1,108663 0,000147
envelope 1,347074 0,000179
enviable 2,040221 0,000136
envious 1,309333 0,000087
envoy 2,120264 0,000141
envy 0,446287 0,000059
epaulet 2,813411 0,000187
ephesian 2,995732 0,000199
epicure 2,407946 0,000160
epicurean 2,120264 0,000141
epidemic 2,407946 0,000160
epilogue 1,966113 0,000131
episode 1,078810 0,000072
epitaph 1,832581 0,000122
epitome 2,120264 0,000141
equal 0,162519 0,000022
equality 0,967584 0,000064
equally 0,223144 0,000015
equanimity 1,660731 0,000110
equator 2,040221 0,000136
equatorial 2,813411 0,000187
equinoctial 2,525729 0,000168
equinox 2,302585 0,000153
equip 0,967584 0,000064
equity 1,832581 0,000122
equivalent 1,078810 0,000072
ere 0,634878 0,000042
erect 0,446287 0,000089
erection 1,966113 0,000261
erectly 3,912023 0,000260
ergo 2,525729 0,000168
erie 3,506558 0,000233
eris 3,218876 0,000214
ermine 2,659260 0,000177
err 0,733969 0,000098
errand 0,733969 0,000049
erroneous 1,514128 0,000101
error 0,072571 0,000010
erudite 2,659260 0,000177
erudition 2,207275 0,000147
eruption 1,897120 0,000126
esau 2,207275 0,000147
escape 0,061875 0,000016
eschew 2,525729 0,000168
espy 1,966113 0,000261
essay 0,755023 0,000201
essence 0,693147 0,000092
essential 0,544727 0,000036
essentially 1,347074 0,000089
essex 2,302585 0,000153
establish 0,579818 0,000077
established 0,301105 0,000020
establishment 0,673345 0,000045
estate 0,478036 0,000032
esteem 0,478036 0,000032
esteemed 0,916291 0,000061
estimate 0,653926 0,000087
estimation 1,139434 0,000076
etching 2,525729 0,000168
eternal 0,415515 0,000028
eternally 1,347074 0,000089
eternity 0,673345 0,000089
ether 1,832581 0,000122
ethereal 1,714798 0,000114
etherial 3,506558 0,000233
ethiopian 2,302585 0,000153
etymology 2,302585 0,000153
euclid 2,207275 0,000147
euclidean 3,912023 0,000260
eulogy 2,120264 0,000141
euroclydon 3,912023 0,000260
europa 2,995732 0,000199
europe 0,510826 0,000034
european 0,867501 0,000058
evade 0,891598 0,000059
evanescence 3,506558 0,000233
evanescent 2,659260 0,000177
evangelical 2,659260 0,000177
evangelist 2,659260 0,000177
evangelists 2,995732 0,000199
evaporate 1,966113 0,000261
eve 0,673345 0,000045
evening 0,072571 0,000005
event 0,150823 0,000020
eventual 2,995732 0,000199
eventually 1,171183 0,000078
eventuate 3,506558 0,000233
everlasting 0,891598 0,000059
everlastingly 2,040221 0,000136
everyway 3,912023 0,000260
evidence 0,235722 0,000016
evil 0,150823 0,000010
evilly 2,995732 0,000199
evince 1,108663 0,000295
evoke 1,514128 0,000101
evolution 1,171183 0,000156
evolve 2,120264 0,000141
ewer 2,659260 0,000177
exact 0,274437 0,000036
exactitude 2,302585 0,000153
exactness 1,514128 0,000101
exaggerate 1,139434 0,000151
exalt 0,597837 0,000040
examination 0,385662 0,000026
examine 0,150823 0,000030
exasperate 1,514128 0,000201
exasperated 1,386294 0,000092
excavate 2,407946 0,000160
excavation 2,302585 0,000153
exceed 0,462035 0,000123
exceedingly 0,462035 0,000031
excel 0,994252 0,000066
excellence 1,021651 0,000068
excellent 0,150823 0,000010
excellently 1,609438 0,000107
exception 0,446287 0,000030
exceptionable 3,218876 0,000214
excessive 0,597837 0,000040
excessively 1,469676 0,000098
exchange 0,210721 0,000042
excite 0,798508 0,000053
excited 0,248461 0,000017
excitedly 1,609438 0,000107
excitement 0,415515 0,000055
exciting 0,693147 0,000046
exclaim 0,287682 0,000038
exclamation 0,755023 0,000100
exclude 0,755023 0,000201
exclusion 0,371064 0,000025
exclusive 1,203973 0,000080
exclusiveness 2,659260 0,000177
excursion 0,891598 0,000059
excuse 0,139262 0,000009
execration 2,040221 0,000136
execute 0,527633 0,000070
executioner 1,427116 0,000095
executor 1,832581 0,000243
exegetist 3,912023 0,000260
exemplary 1,660731 0,000110
exercise 0,235722 0,000031
exert 0,820981 0,000109
exertion 0,693147 0,000092
exhale 1,660731 0,000221
exhaling 2,813411 0,000187
exhaust 1,560648 0,000104
exhausted 0,400478 0,000027
exhausting 1,609438 0,000107
exhaustion 1,021651 0,000068
exhaustive 2,813411 0,000187
exhibit 0,579818 0,000116
exhibition 0,994252 0,000066
exhilarate 2,120264 0,000141
exhort 1,171183 0,000078
exhume 3,506558 0,000233
exile 0,776529 0,000103
exist 0,072571 0,000010
existence 0,150823 0,000010
existing 0,891598 0,000059
exordium 2,302585 0,000153
exotic 1,897120 0,000126
expand 0,891598 0,000237
expandingly 3,912023 0,000260
expanse 1,108663 0,000147
expansion 1,771957 0,000118
expansive 2,120264 0,000141
expansiveness 3,506558 0,000233
expatiate 1,832581 0,000122
expect 0,051293 0,000007
expectant 1,427116 0,000095
expectantly 2,407946 0,000160
expediency 2,040221 0,000136
expedition 0,733969 0,000098
expend 0,301105 0,000020
expense 0,127833 0,000017
expensive 0,843970 0,000056
experience 0,072571 0,000010
experienced 0,356675 0,000024
experiment 0,494296 0,000066
experimental 1,560648 0,000104
expert 1,021651 0,000068
expertness 3,506558 0,000233
expire 0,916291 0,000122
explain 0,116534 0,000015
explanation 0,139262 0,000009
explanatory 1,771957 0,000118
explode 1,309333 0,000174
exploit 0,867501 0,000058
explore 0,713350 0,000095
explosion 1,203973 0,000080
export 0,446287 0,000030
expose 0,597837 0,000119
exposed 0,301105 0,000020
expostulation 2,040221 0,000136
exposure 1,139434 0,000076
expound 1,309333 0,000087
express 0,072571 0,000019
expression 0,116534 0,000015
expressive 0,733969 0,000049
expressly 0,820981 0,000055
exquisitely 1,386294 0,000092
extant 1,832581 0,000122
extend 0,261365 0,000052
extension 1,347074 0,000089
extensive 0,798508 0,000053
extent 0,083382 0,000006
exterior 1,272966 0,000085
exterminate 1,714798 0,000228
extermination 2,659260 0,000177
external 0,562119 0,000037
externals 3,218876 0,000214
extinct 1,108663 0,000074
extinction 1,660731 0,000110
extinguish 0,562119 0,000075
extort 1,347074 0,000089
extra 0,820981 0,000109
extract 0,544727 0,000145
extraordinary 0,371064 0,000025
extravaganza 3,218876 0,000214
extreme 0,186330 0,000037
extremely 0,385662 0,000026
extremity 0,693147 0,000092
exult 1,309333 0,000087
exultation 1,203973 0,000080
exultingly 2,525729 0,000168
eye 0,000000 0,000000
eyed 0,597837 0,000040
eyelash 1,609438 0,000107
eyeless 2,813411 0,000187
eyelid 0,891598 0,000059
ezekiel 2,207275 0,000147
fa 2,813411 0,000187
fable 1,108663 0,000074
fabled 2,302585 0,000153
fabric 1,237874 0,000082
fabricate 2,525729 0,000168
fabulous 1,237874 0,000082
fac 2,659260 0,000177
facetious 1,897120 0,000126
facetiousness 3,218876 0,000214
facilitate 1,560648 0,000207
facility 0,342490 0,000023
faction 1,897120 0,000126
factory 1,272966 0,000085
faculty 0,510826 0,000034
fade 0,371064 0,000074
fadeless 3,912023 0,000260
fag 1,609438 0,000107
fagot 2,120264 0,000141
fail 0,072571 0,000010
failure 0,415515 0,000028
fain 0,967584 0,000064
faint 0,186330 0,000050
faintly 0,713350 0,000047
faintness 1,714798 0,000114
fair 0,051293 0,000010
fairy 1,021651 0,000068
faith 0,210721 0,000014
faithful 0,261365 0,000017
faithfully 0,755023 0,000050
faithfulness 2,040221 0,000136
falconer 2,813411 0,000187
fall 0,000000 0,000000
fallacious 1,966113 0,000131
falls 0,328504 0,000022
false 0,210721 0,000014
falsehood 0,693147 0,000046
falsely 1,171183 0,000078
falsify 2,120264 0,000141
falter 0,867501 0,000058
famed 2,040221 0,000136
familiar 0,150823 0,000010
familiarity 0,843970 0,000056
familiarly 1,272966 0,000085
family 0,061875 0,000008
famine 1,049822 0,000070
famish 2,407946 0,000160
famous 0,261365 0,000017
fan 0,579818 0,000077
fanatic 1,714798 0,000228
fanciful 1,272966 0,000085
fancy 0,162519 0,000043
fang 1,560648 0,000207
fanged 2,995732 0,000199
fantastic 0,798508 0,000053
fantasy 1,714798 0,000114
farce 1,832581 0,000122
fare 0,597837 0,000119
farewell 0,634878 0,000042
farmer 0,653926 0,000087
farrago 3,218876 0,000214
farthing 1,347074 0,000089
farthingale 3,218876 0,000214
fascinate 1,171183 0,000078
fashion 0,105361 0,000021
fast 0,030459 0,000004
fasten 0,478036 0,000095
fastener 3,218876 0,000214
fastening 1,966113 0,000131
fastidious 1,514128 0,000101
fasting 1,049822 0,000070
fat 0,314711 0,000063
fatal 0,342490 0,000023
fatalist 2,525729 0,000168
fatalistic 3,218876 0,000214
fatality 1,771957 0,000235
fatally 1,714798 0,000114
fate 0,174353 0,000035
father 0,061875 0,000008
fatherless 1,966113 0,000131
fathom 1,139434 0,000151
fathomless 2,813411 0,000187
fatness 2,207275 0,000147
fatten 1,386294 0,000092
fault 0,139262 0,000009
faulty 1,427116 0,000095
favour 0,544727 0,000072
favourable 0,776529 0,000052
favoured 1,021651 0,000068
favourite 0,653926 0,000043
fawn 1,078810 0,000072
fear 0,020203 0,000005
fearful 0,400478 0,000027
fearfully 1,049822 0,000070
fearfulness 2,525729 0,000168
fearless 1,309333 0,000087
fearlessly 2,040221 0,000136
fearlessness 2,995732 0,000199
feast 0,430783 0,000086
feasting 1,660731 0,000110
feat 0,967584 0,000129
feather 0,462035 0,000061
feathering 3,218876 0,000214
feathery 2,207275 0,000147
feature 0,261365 0,000069
february 0,820981 0,000055
federated 3,506558 0,000233
fee 0,301105 0,000020
feeble 0,356675 0,000047
feebly 0,843970 0,000056
feed 0,248461 0,000050
feeder 2,525729 0,000336
feeding 0,616186 0,000041
feel 0,020203 0,000003
feeling 0,072571 0,000010
feelingly 2,302585 0,000153
feign 0,776529 0,000052
feint 1,897120 0,000126
felicity 1,272966 0,000169
feline 2,995732 0,000199
fell 1,171183 0,000078
fellow 0,040822 0,000005
felonious 3,506558 0,000233
female 0,385662 0,000026
females 1,309333 0,000087
feminine 1,049822 0,000070
fence 0,693147 0,000092
fencer 2,813411 0,000187
fencing 1,966113 0,000131
fern 1,771957 0,000118
ferocious 1,203973 0,000080
ferociousness 3,506558 0,000233
ferocity 1,237874 0,000082
ferret 1,660731 0,000110
ferrule 2,659260 0,000177
ferry 1,427116 0,000095
fertilely 3,912023 0,000260
fertility 1,897120 0,000126
ferule 3,218876 0,000214
fervent 1,021651 0,000068
festival 0,994252 0,000066
festivity 1,514128 0,000101
festoon 1,609438 0,000428
fetch 0,510826 0,000136
fetid 2,302585 0,000153
fetor 3,912023 0,000260
fetter 0,994252 0,000066
feud 1,514128 0,000101
fever 0,342490 0,000046
feverish 0,843970 0,000056
feverishly 1,832581 0,000122
fibre 1,560648 0,000104
fibrous 2,813411 0,000187
fickleness 2,207275 0,000147
fictitious 1,560648 0,000104
fictitiously 3,912023 0,000260
fiddle 1,514128 0,000101
fiddler 2,407946 0,000160
fidelity 0,967584 0,000129
field 0,094311 0,000013
fiend 1,049822 0,000139
fiendish 1,832581 0,000122
fierce 0,415515 0,000055
fiercely 0,776529 0,000052
fierceness 1,897120 0,000126
fiery 0,713350 0,000047
fife 2,659260 0,000177
fiftieth 1,832581 0,000122
fight 0,083382 0,000022
figure 0,051293 0,000010
filament 2,659260 0,000177
file 0,223144 0,000059
filer 3,912023 0,000260
filial 1,309333 0,000087
filling 2,407946 0,000160
fillip 2,659260 0,000177
fin 1,832581 0,000243
final 0,342490 0,000023
finally 0,150823 0,000010
fine 0,061875 0,000012
finger 0,150823 0,000020
finical 3,912023 0,000260
finish 0,287682 0,000019
finished 0,162519 0,000011
finite 2,207275 0,000147
finny 3,506558 0,000233
fireboard 3,912023 0,000260
fireplaces 3,218876 0,000214
fireside 1,609438 0,000107
firewood 1,897120 0,000126
firkin 3,218876 0,000214
firm 0,248461 0,000050
firma 2,813411 0,000187
firmament 1,660731 0,000221
firmly 0,342490 0,000023
firmness 0,994252 0,000066
fish 0,287682 0,000057
fisher 1,609438 0,000107
fisherman 1,049822 0,000139
fishery 2,207275 0,000293
fishing 0,755023 0,000050
fishy 2,525729 0,000336
fissure 2,207275 0,000293
fist 0,597837 0,000079
fit 0,030459 0,000008
fitful 2,040221 0,000136
fitfully 1,966113 0,000131
fitly 2,207275 0,000147
fitness 0,446287 0,000030
fitting 2,407946 0,000160
fitz 2,813411 0,000187
fixed 1,272966 0,000085
fixedly 1,427116 0,000095
fixture 2,040221 0,000136
flag 0,653926 0,000087
flagon 2,302585 0,000153
flail 2,407946 0,000480
flake 1,427116 0,000284
flaky 2,813411 0,000187
flambeaux 3,218876 0,000214
flame 0,248461 0,000050
flank 0,941609 0,000188
flanking 2,525729 0,000168
flannel 1,469676 0,000098
flap 0,891598 0,000118
flash 0,261365 0,000069
flashing 3,912023 0,000260
flask 1,660731 0,000221
flat 0,139262 0,000019
flatly 1,660731 0,000110
flatten 1,560648 0,000104
flattering 0,798508 0,000053
flavor 1,897120 0,000126
flaw 1,514128 0,000101
flaxen 1,660731 0,000110
flea 1,832581 0,000122
flee 0,301105 0,000040
fleece 1,832581 0,000243
fleecy 2,040221 0,000136
fleet 0,713350 0,000095
fleeting 1,139434 0,000076
fleetness 2,813411 0,000187
flensing 3,912023 0,000260
flesh 0,210721 0,000014
fleshy 1,771957 0,000118
flexibility 2,659260 0,000177
flexible 1,714798 0,000114
flexion 3,506558 0,000466
flicker 0,755023 0,000050
flight 0,287682 0,000038
fling 0,462035 0,000092
flinger 3,912023 0,000260
flint 1,171183 0,000156
flinty 2,207275 0,000147
flip 2,407946 0,000320
flirt 1,514128 0,000101
flit 0,967584 0,000129
float 0,328504 0,000087
flock 0,385662 0,000026
floe 3,506558 0,000233
flog 1,469676 0,000293
flood 0,430783 0,000086
floor 0,174353 0,000023
flounder 1,237874 0,000247
flour 1,078810 0,000072
flourish 0,562119 0,000075
flourishing 1,021651 0,000068
flout 2,407946 0,000160
flow 0,174353 0,000046
flower 0,174353 0,000035
flowering 1,966113 0,000131
flowery 1,771957 0,000118
flue 3,218876 0,000214
fluid 1,203973 0,000080
fluke 3,506558 0,000466
fluking 3,912023 0,000260
flume 3,218876 0,000214
flurry 1,897120 0,000126
flush 0,562119 0,000075
fluttering 0,994252 0,000066
fly 0,116534 0,000023
flying 0,235722 0,000016
foal 2,120264 0,000282
foam 0,733969 0,000098
foamingly 3,912023 0,000260
foamy 2,995732 0,000199
fobbing 3,912023 0,000260
focus 1,560648 0,000104
foe 0,616186 0,000082
fog 0,653926 0,000087
foggy 1,469676 0,000098
fogo 3,912023 0,000260
foible 2,120264 0,000282
foil 1,347074 0,000089
fold 0,287682 0,000057
folder 3,218876 0,000214
folding 1,049822 0,000070
folio 2,120264 0,000282
folk 0,527633 0,000035
follow 0,020203 0,000001
folly 0,274437 0,000018
fond 0,261365 0,000017
fondly 1,309333 0,000087
food 0,127833 0,000008
fool 0,235722 0,000031
fooling 1,966113 0,000131
foolish 0,235722 0,000016
foolishly 1,139434 0,000076
foot 0,051293 0,000007
footed 1,049822 0,000070
footfall 2,207275 0,000147
foothold 1,897120 0,000126
footman 1,108663 0,000074
footpad 3,506558 0,000233
footpath 1,897120 0,000126
footstep 0,430783 0,000029
forbear 1,427116 0,000095
forbearance 1,272966 0,000085
forbearing 2,302585 0,000153
forbid 0,248461 0,000083
forborne 2,813411 0,000187
force 0,030459 0,000006
forcibly 0,820981 0,000055
fore 0,755023 0,000050
forebode 1,660731 0,000110
foreboding 1,714798 0,000114
forecast 2,040221 0,000136
forecastle 2,207275 0,000293
forefinger 1,272966 0,000085
forego 1,203973 0,000080
foregone 2,407946 0,000160
foreground 1,560648 0,000104
forehead 0,400478 0,000053
foreign 0,301105 0,000020
foreknow 2,995732 0,000199
foremast 2,407946 0,000160
foremastman 3,912023 0,000260
foremost 0,673345 0,000045
forenoon 1,347074 0,000089
foresail 2,995732 0,000199
foresee 0,494296 0,000066
foreshadowing 3,912023 0,000260
foreshorten 2,995732 0,000199
forest 0,356675 0,000024
foretell 1,171183 0,000078
forewarn 1,832581 0,000122
forewarnings 3,506558 0,000233
forfeiture 2,302585 0,000153
forge 0,798508 0,000212
forger 2,407946 0,000160
forget 0,010050 0,000003
forgetful 1,347074 0,000089
forgetfulness 0,916291 0,000061
forgive 0,314711 0,000021
fork 0,616186 0,000164
forlorn 1,078810 0,000072
forlornly 2,659260 0,000177
forlornness 3,218876 0,000214
form 0,020203 0,000005
formal 0,673345 0,000045
formally 1,386294 0,000092
formation 1,139434 0,000151
formidable 0,673345 0,000045
formless 2,040221 0,000136
fornication 2,659260 0,000177
forsake 0,755023 0,000100
forswear 2,659260 0,000353
fort 1,171183 0,000078
forthwith 1,108663 0,000074
fortification 1,609438 0,000107
fortitude 1,078810 0,000072
fortress 1,021651 0,000136
forts 1,660731 0,000110
fortunately 0,579818 0,000039
fortune 0,162519 0,000022
forwards 1,237874 0,000082
fossil 2,207275 0,000293
fossiliferous 3,912023 0,000260
foster 0,891598 0,000059
foul 0,616186 0,000041
foulness 2,120264 0,000141
foundation 0,127833 0,000017
founder 0,891598 0,000178
foundling 2,407946 0,000160
fountain 0,653926 0,000087
fours 1,771957 0,000118
fourteen 0,616186 0,000041
fourth 0,174353 0,000023
fowl 1,108663 0,000074
fowls 1,272966 0,000085
fragment 0,597837 0,000040
fragmentary 1,966113 0,000131
fragrance 1,171183 0,000078
fragrant 1,108663 0,000074
frail 0,967584 0,000064
frame 0,174353 0,000023
framework 1,560648 0,000104
france 0,544727 0,000036
frank 0,597837 0,000040
frankfort 2,813411 0,000187
frankincense 2,207275 0,000147
franklin 2,040221 0,000136
frankly 0,798508 0,000053
frantic 0,820981 0,000055
fraternity 1,897120 0,000126
fray 1,021651 0,000136
freckle 2,302585 0,000153
freckled 1,714798 0,000114
frederick 1,272966 0,000085
freebooter 2,659260 0,000177
freebooting 3,506558 0,000233
freedom 0,223144 0,000015
freely 0,105361 0,000007
freewill 2,995732 0,000199
freeze 0,941609 0,000188
freight 1,171183 0,000156
french 0,342490 0,000023
frenchman 1,272966 0,000085
frenchmen 1,714798 0,000114
frenzied 1,660731 0,000110
frenzy 0,867501 0,000115
frequency 1,660731 0,000110
frequent 0,287682 0,000038
frequently 0,287682 0,000019
fresh 0,105361 0,000014
freshen 1,714798 0,000228
freshet 2,813411 0,000374
freshly 1,347074 0,000089
freshness 1,021651 0,000068
friar 1,966113 0,000131
friction 1,771957 0,000118
friend 0,000000 0,000000
friendliness 1,560648 0,000104
friendly 0,248461 0,000017
friendship 0,261365 0,000017
frigate 2,207275 0,000293
fright 0,653926 0,000087
frighted 2,813411 0,000187
frighten 0,733969 0,000098
frightened 0,301105 0,000020
frightful 0,776529 0,000052
frigid 1,897120 0,000126
fringe 0,798508 0,000106
frisky 2,995732 0,000199
fritter 2,525729 0,000168
fro 0,494296 0,000033
frock 1,021651 0,000136
frog 1,139434 0,000076
frolic 1,660731 0,000110
frontier 1,171183 0,000156
frontispiece 1,714798 0,000114
frost 0,653926 0,000130
frosty 1,386294 0,000092
froth 1,386294 0,000092
frown 0,673345 0,000045
frozen 0,733969 0,000049
frugal 1,609438 0,000107
fruit 0,162519 0,000022
fruition 2,040221 0,000136
frustrate 1,897120 0,000126
fry 1,171183 0,000078
fuddle 2,813411 0,000187
fuel 1,108663 0,000074
fugitive 0,967584 0,000064
fulfill 1,714798 0,000114
fulfilment 1,514128 0,000101
fuller 3,506558 0,000233
fumble 1,660731 0,000110
fumbling 1,609438 0,000107
fume 0,941609 0,000063
fun 0,798508 0,000053
function 0,820981 0,000109
functionary 1,966113 0,000131
fundamental 1,203973 0,000160
funeral 0,597837 0,000040
funereal 2,120264 0,000141
funereally 3,912023 0,000260
fungi 2,659260 0,000177
funny 1,021651 0,000068
fur 0,994252 0,000066
furious 0,430783 0,000029
furiously 0,755023 0,000050
furl 2,120264 0,000423
furlong 2,525729 0,000168
furnace 0,967584 0,000129
furnish 0,527633 0,000070
furnished 0,328504 0,000022
furnishing 1,427116 0,000095
furniture 0,415515 0,000028
furred 2,525729 0,000168
furrow 1,139434 0,000151
furs 1,609438 0,000107
fury 0,328504 0,000022
fusee 3,912023 0,000260
fuss 1,203973 0,000080
future 0,105361 0,000014
fuzz 3,506558 0,000233
gable 1,832581 0,000122
gabled 3,506558 0,000233
gabriel 1,966113 0,000131
gaff 3,218876 0,000428
gag 1,832581 0,000243
gaily 1,078810 0,000072
gain 0,040822 0,000011
gainsay 2,040221 0,000136
gainst 2,302585 0,000153
gait 1,078810 0,000072
gale 1,078810 0,000143
gall 1,386294 0,000184
gallant 0,867501 0,000058
gallantly 1,309333 0,000087
gallantry 1,347074 0,000089
gallery 0,693147 0,000092
galley 1,514128 0,000101
galliot 3,218876 0,000428
gallon 2,040221 0,000271
gallop 0,820981 0,000055
gallows 1,386294 0,000092
gally 3,506558 0,000233
gam 3,218876 0,000214
gamboge 3,218876 0,000214
gambol 2,302585 0,000153
game 0,210721 0,000014
gamesome 3,506558 0,000233
gamesomeness 3,912023 0,000260
gamming 3,912023 0,000260
gamy 3,912023 0,000260
ganders 3,912023 0,000260
gang 1,203973 0,000160
gange 1,771957 0,000118
gangway 2,040221 0,000136
gap 0,843970 0,000056
gape 0,798508 0,000159
garden 0,150823 0,000020
gardening 2,207275 0,000147
garment 0,400478 0,000027
garnish 1,714798 0,000114
garrison 1,309333 0,000087
garter 1,966113 0,000261
gas 1,139434 0,000151
gaseous 3,218876 0,000214
gash 1,514128 0,000201
gasp 0,579818 0,000154
gastric 3,218876 0,000214
gate 0,210721 0,000014
gateway 1,309333 0,000174
gather 0,061875 0,000012
gathering 0,415515 0,000028
gaudy 1,347074 0,000089
gaunt 1,139434 0,000076
gauntleted 3,506558 0,000233
gay 0,494296 0,000033
gayer 2,302585 0,000153
gaze 0,314711 0,000084
gazer 2,120264 0,000282
gazette 1,609438 0,000214
gem 1,108663 0,000074
gemini 3,218876 0,000214
genealogy 1,714798 0,000228
genera 2,525729 0,000168
generalize 2,995732 0,000199
generate 1,386294 0,000092
generation 0,127833 0,000008
generic 2,659260 0,000177
generous 0,356675 0,000024
generously 1,139434 0,000076
genesis 1,427116 0,000095
geneva 1,966113 0,000131
genial 0,994252 0,000066
genially 2,207275 0,000147
genius 0,400478 0,000053
genteel 1,427116 0,000095
genteelly 2,525729 0,000168
gentle 0,274437 0,000018
gentleman 0,223144 0,000030
gentlemanlike 2,995732 0,000199
gentlemanly 1,771957 0,000118
gentleness 0,916291 0,000061
gentler 1,714798 0,000114
gently 0,235722 0,000016
genuine 0,597837 0,000040
genuineness 2,302585 0,000153
genus 2,207275 0,000147
geographical 2,040221 0,000136
geological 2,525729 0,000168
geologist 2,813411 0,000187
geometrical 1,660731 0,000110
geometry 1,771957 0,000118
george 0,616186 0,000041
ger 3,912023 0,000260
germ 1,386294 0,000092
germain 2,407946 0,000160
german 0,478036 0,000064
gestation 3,218876 0,000214
gesticulate 1,714798 0,000114
gesture 0,510826 0,000068
ghastliness 2,995732 0,000199
ghastly 0,867501 0,000058
ghent 2,525729 0,000168
ghost 0,462035 0,000061
ghostliness 3,218876 0,000214
ghostly 1,237874 0,000082
giant 0,562119 0,000075
gibber 2,525729 0,000168
gibberish 2,813411 0,000187
gibraltar 2,302585 0,000153
giddily 3,218876 0,000214
giddy 1,108663 0,000074
gift 0,210721 0,000028
gifted 1,049822 0,000070
gigantic 0,994252 0,000066
gilded 1,171183 0,000078
gilder 3,218876 0,000214
gill 1,966113 0,000261
gilt 1,469676 0,000098
gin 1,427116 0,000095
ginger 2,120264 0,000141
gingerly 2,407946 0,000160
giraffe 2,995732 0,000199
gird 1,427116 0,000095
girdle 1,078810 0,000215
girl 0,198451 0,000026
girlish 1,897120 0,000126
girth 1,771957 0,000118
giver 1,609438 0,000107
gizzard 3,218876 0,000214
glacier 2,407946 0,000160
glad 0,072571 0,000005
glade 1,714798 0,000228
gladly 0,544727 0,000036
gladness 1,049822 0,000070
glance 0,186330 0,000050
glare 0,733969 0,000098
glaring 0,967584 0,000064
glass 0,174353 0,000023
glassy 1,660731 0,000110
glazed 1,660731 0,000110
glazier 3,506558 0,000233
gleam 0,510826 0,000136
glee 1,309333 0,000087
glen 2,207275 0,000293
glide 0,673345 0,000179
glim 3,218876 0,000214
glimmer 0,967584 0,000129
glimpse 0,462035 0,000061
glisten 0,820981 0,000109
glitter 0,579818 0,000116
glitteringly 3,912023 0,000260
gloat 1,832581 0,000122
globe 0,755023 0,000050
globular 3,218876 0,000214
globule 2,525729 0,000168
gloom 0,579818 0,000039
gloomily 1,386294 0,000092
gloomy 0,462035 0,000061
glorify 1,272966 0,000085
glorious 0,462035 0,000031
gloriously 1,427116 0,000095
glory 0,301105 0,000060
gloss 1,469676 0,000098
glossy 1,609438 0,000107
glove 0,597837 0,000040
glow 0,314711 0,000084
glue 1,609438 0,000214
glutinous 2,659260 0,000177
gnarl 1,514128 0,000101
gnashing 1,897120 0,000126
gnaw 0,967584 0,000193
gnomon 3,912023 0,000260
goa 2,659260 0,000177
goad 1,237874 0,000082
goal 0,274437 0,000018
goat 1,021651 0,000068
goats 1,347074 0,000089
gobble 2,040221 0,000136
goblet 1,771957 0,000235
god 0,083382 0,000011
goddess 1,049822 0,000070
godhead 2,120264 0,000141
godly 2,207275 0,000147
goethe 2,302585 0,000153
goggle 3,218876 0,000214
golconda 3,218876 0,000214
gold 0,083382 0,000006
golden 0,342490 0,000023
goldsmith 1,897120 0,000126
gomorrah 2,659260 0,000177
goney 3,912023 0,000260
goodly 1,237874 0,000082
goodness 0,328504 0,000022
goose 0,755023 0,000100
gor 3,218876 0,000214
gore 1,514128 0,000302
gorge 1,237874 0,000164
gorgeous 1,171183 0,000078
goring 3,218876 0,000214
gospel 1,021651 0,000068
gothic 1,609438 0,000107
gouge 2,813411 0,000374
gourmand 2,813411 0,000187
gout 1,966113 0,000131
gouty 2,813411 0,000187
govern 0,186330 0,000012
government 0,462035 0,000031
governor 0,733969 0,000049
gown 0,616186 0,000082
grab 1,514128 0,000101
grace 0,235722 0,000031
graceful 0,494296 0,000033
gracious 0,544727 0,000036
gradation 1,609438 0,000107
grade 1,347074 0,000089
gradual 1,049822 0,000070
gradually 0,328504 0,000022
graduate 1,771957 0,000118
grain 0,562119 0,000075
grained 2,813411 0,000187
grammar 1,171183 0,000156
grampus 3,912023 0,000260
grand 0,342490 0,000046
grandeur 0,994252 0,000066
grandfather 0,755023 0,000050
grandiloquent 3,506558 0,000233
grandmother 1,272966 0,000085
granite 1,347074 0,000089
grant 0,061875 0,000012
grape 0,867501 0,000058
grapnel 3,218876 0,000214
grapple 1,203973 0,000240
grasp 0,274437 0,000073
grass 0,301105 0,000040
grasshopper 1,966113 0,000131
grassy 1,469676 0,000098
grate 0,673345 0,000089
grateful 0,446287 0,000030
gratitude 0,478036 0,000032
grave 0,116534 0,000023
gravely 0,693147 0,000046
graven 1,771957 0,000118
gravestone 2,407946 0,000160
graveyard 1,966113 0,000131
gravity 0,693147 0,000046
graze 1,108663 0,000295
grease 1,660731 0,000110
greatly 0,210721 0,000014
greatness 0,693147 0,000046
grecian 1,347074 0,000089
greece 1,139434 0,000076
greedily 1,078810 0,000072
greedy 1,021651 0,000068
greek 0,494296 0,000066
green 0,105361 0,000007
greener 2,207275 0,000147
greenhorn 2,995732 0,000199
greenish 1,832581 0,000122
greenland 2,407946 0,000160
greenly 3,912023 0,000260
greenness 2,207275 0,000147
greenwich 2,207275 0,000147
greet 0,653926 0,000043
gregarious 2,659260 0,000177
grego 3,912023 0,000260
grenadier 2,120264 0,000141
grey 0,562119 0,000037
greyhound 2,040221 0,000271
grief 0,356675 0,000047
grievance 1,108663 0,000074
grieve 0,673345 0,000089
grievous 0,967584 0,000064
griffin 2,525729 0,000336
grim 0,776529 0,000052
grimly 1,108663 0,000074
grimness 3,218876 0,000214
grin 0,733969 0,000098
grind 0,755023 0,000050
grindstone 2,302585 0,000153
grip 0,798508 0,000106
gripe 2,302585 0,000153
grisly 2,040221 0,000136
gritted 3,506558 0,000233
grizzled 1,714798 0,000114
grizzly 2,813411 0,000187
groan 0,446287 0,000089
grocer 1,832581 0,000122
grog 2,302585 0,000153
groin 2,302585 0,000153
groom 1,347074 0,000089
groove 1,660731 0,000221
grooved 2,659260 0,000177
grope 0,733969 0,000146
gros 2,995732 0,000199
gross 0,235722 0,000016
grotesque 1,021651 0,000068
grotesqueness 3,506558 0,000233
ground 0,030459 0,000004
grounds 0,446287 0,000030
grove 0,733969 0,000098
grow 0,010050 0,000003
growl 0,941609 0,000125
growlingly 3,506558 0,000233
growth 0,430783 0,000029
grub 1,560648 0,000104
grudge 0,994252 0,000066
gruff 1,660731 0,000110
grunt 1,021651 0,000136
guarantee 1,203973 0,000160
guard 0,083382 0,000017
guardian 0,597837 0,000040
gudgeon 2,995732 0,000398
guernsey 3,506558 0,000233
guess 0,223144 0,000015
guest 0,235722 0,000016
guide 0,083382 0,000017
guido 2,302585 0,000153
guilt 0,544727 0,000036
guiltiness 3,218876 0,000214
guilty 0,356675 0,000024
guinea 1,237874 0,000082
guineas 1,427116 0,000095
guise 1,514128 0,000101
gulf 0,733969 0,000098
gulfweed 3,506558 0,000233
gull 1,660731 0,000110
gully 1,966113 0,000131
gulp 1,386294 0,000276
gum 1,386294 0,000092
gun 0,544727 0,000072
gunpowder 1,560648 0,000104
gunwale 2,525729 0,000336
gurgle 1,609438 0,000107
gurry 3,912023 0,000260
gush 0,891598 0,000118
guttural 2,302585 0,000153
ha 0,891598 0,000059
habergeon 2,813411 0,000187
habit 0,162519 0,000022
habitual 0,916291 0,000061
habitually 1,469676 0,000098
habituated 1,832581 0,000122
habituation 3,912023 0,000260
habitude 2,995732 0,000199
habitudes 3,506558 0,000233
hack 1,171183 0,000078
hacking 2,407946 0,000160
hadst 1,714798 0,000114
hag 1,714798 0,000228
haggardly 3,912023 0,000260
hah 2,659260 0,000177
hail 0,415515 0,000110
hair 0,072571 0,000010
haired 0,820981 0,000055
hairy 1,078810 0,000072
hake 3,506558 0,000233
halibut 3,912023 0,000260
hall 0,274437 0,000036
hallo 1,966113 0,000131
halloa 2,120264 0,000141
halloo 2,040221 0,000136
hallowed 1,897120 0,000126
hallucination 2,120264 0,000141
halt 0,733969 0,000049
halted 0,843970 0,000056
halter 2,040221 0,000271
halting 1,309333 0,000087
halve 2,995732 0,000199
halyard 3,506558 0,000233
ham 1,139434 0,000151
hamlet 1,078810 0,000143
hammer 0,544727 0,000145
hammock 2,207275 0,000293
hamper 1,237874 0,000082
hampshire 2,525729 0,000168
hamstring 3,506558 0,000233
hand 0,010050 0,000003
handedly 3,506558 0,000233
handedness 3,218876 0,000214
handful 0,776529 0,000103
handicraft 2,207275 0,000147
handkerchief 0,616186 0,000041
handle 0,223144 0,000059
handsome 0,328504 0,000022
handspike 3,218876 0,000214
handy 0,967584 0,000064
hang 0,198451 0,000026
hanging 0,235722 0,000016
hangman 2,207275 0,000147
hannibal 1,897120 0,000126
hanoverian 3,218876 0,000214
hap 2,040221 0,000136
haphazard 2,407946 0,000160
hapless 1,714798 0,000114
haply 2,207275 0,000147
happen 0,030459 0,000006
happily 0,478036 0,000032
happiness 0,150823 0,000010
happy 0,061875 0,000008
harbor 1,427116 0,000284
harbour 0,916291 0,000061
harbourless 3,912023 0,000260
hard 0,040822 0,000008
hardihood 1,771957 0,000118
hardness 1,203973 0,000080
hardy 0,967584 0,000064
hare 1,203973 0,000080
harem 2,040221 0,000271
hares 1,966113 0,000131
hark 1,139434 0,000076
harlot 1,609438 0,000107
harm 0,210721 0,000028
harmless 0,248461 0,000017
harmoniously 1,897120 0,000126
harmony 0,579818 0,000039
harness 0,843970 0,000056
harold 2,813411 0,000187
harp 0,843970 0,000056
harpoon 3,218876 0,000642
harpooneer 3,912023 0,000260
harpooner 3,218876 0,000214
harpooning 3,506558 0,000233
harris 2,407946 0,000160
harry 1,203973 0,000080
harsh 0,462035 0,000031
hartshorn 3,218876 0,000214
harvard 2,995732 0,000199
harvest 0,713350 0,000047
harvesting 2,659260 0,000177
hast 0,891598 0,000059
hasten 0,371064 0,000025
hastily 0,462035 0,000031
hasty 0,510826 0,000068
hat 0,446287 0,000059
hatband 2,995732 0,000199
hatch 1,347074 0,000268
hatchet 1,609438 0,000107
hatching 2,120264 0,000141
hatchway 2,659260 0,000353
hate 0,150823 0,000020
hater 2,525729 0,000336
haughtily 1,771957 0,000118
haughty 0,867501 0,000058
haul 0,941609 0,000125
hauling 1,660731 0,000110
haunt 0,385662 0,000077
haunting 1,469676 0,000098
havoc 1,714798 0,000114
hawaiian 3,218876 0,000214
hawk 1,108663 0,000147
hawser 2,407946 0,000320
hawthorne 2,995732 0,000199
hay 1,171183 0,000078
hazard 0,776529 0,000103
haze 1,514128 0,000101
hazel 1,897120 0,000126
hazy 1,771957 0,000118
head 0,000000 0,000000
headed 0,510826 0,000034
header 2,659260 0,000353
headland 2,120264 0,000282
headless 1,897120 0,000126
headlong 0,843970 0,000056
headmost 3,912023 0,000260
headsman 2,995732 0,000199
headsmen 3,912023 0,000260
headway 1,966113 0,000131
heal 0,867501 0,000058
health 0,198451 0,000013
healthful 2,302585 0,000153
healthily 3,506558 0,000233
healthy 0,356675 0,000024
heap 0,248461 0,000050
hear 0,010050 0,000002
hearer 1,021651 0,000068
hearing 0,139262 0,000009
hearken 1,714798 0,000114
hearkening 2,813411 0,000187
hearse 1,966113 0,000261
hearsed 3,912023 0,000260
heart 0,010050 0,000001
hearted 0,415515 0,000028
heartedness 2,040221 0,000136
hearth 0,843970 0,000056
hearthstone 2,407946 0,000160
heartily 0,597837 0,000040
heartless 1,347074 0,000089
heartlessness 2,995732 0,000199
hearty 0,616186 0,000082
heat 0,198451 0,000026
heath 1,560648 0,000104
heathen 1,203973 0,000160
heathenish 2,813411 0,000187
heave 0,820981 0,000109
heaven 0,174353 0,000023
heavenly 0,843970 0,000056
heaver 2,995732 0,000199
heavily 0,400478 0,000027
heaviness 1,714798 0,000114
heaving 0,994252 0,000066
heavy 0,030459 0,000006
hebrew 1,203973 0,000080
hebrews 1,832581 0,000122
hedgehog 2,813411 0,000187
hee 3,218876 0,000214
heed 0,510826 0,000136
heedful 2,659260 0,000177
heedfully 3,506558 0,000233
heedfulness 3,912023 0,000260
heedless 1,272966 0,000085
heedlessly 2,659260 0,000177
heel 0,356675 0,000071
heigh 2,995732 0,000199
height 0,210721 0,000028
heighten 1,771957 0,000235
heightened 1,469676 0,000098
heinousness 3,506558 0,000233
heir 0,527633 0,000035
helena 2,120264 0,000141
heliotrope 2,659260 0,000177
helm 1,347074 0,000089
helmet 1,427116 0,000095
helmeted 3,912023 0,000260
helmsman 2,407946 0,000160
helpless 0,328504 0,000022
helplessly 1,514128 0,000101
hem 1,171183 0,000156
hemisphere 1,966113 0,000131
hemlock 2,995732 0,000199
hemp 2,040221 0,000136
hempen 2,302585 0,000153
hems 2,813411 0,000187
hen 1,347074 0,000089
henceforth 0,867501 0,000058
henry 0,713350 0,000047
herald 1,139434 0,000076
heraldic 2,659260 0,000177
herbert 2,525729 0,000168
hercules 1,272966 0,000085
herd 0,597837 0,000119
herding 2,525729 0,000168
hereabouts 2,040221 0,000136
hereditarily 3,506558 0,000233
hereditary 1,108663 0,000074
hereof 2,995732 0,000199
herman 2,995732 0,000199
hermaphroditical 3,912023 0,000260
hermetically 2,525729 0,000168
hermit 1,469676 0,000195
hero 0,430783 0,000057
heroic 0,891598 0,000059
heroically 1,966113 0,000131
heron 1,771957 0,000235
herr 2,525729 0,000168
herring 1,966113 0,000261
herschel 3,912023 0,000260
hesitatingly 1,714798 0,000114
heterogeneous 2,525729 0,000168
heterogeneously 3,912023 0,000260
hey 1,347074 0,000089
hickory 2,813411 0,000187
hide 0,072571 0,000014
hideous 0,527633 0,000035
hideously 2,120264 0,000141
hideousness 2,207275 0,000147
hiding 0,616186 0,000041
hie 2,407946 0,000320
hieroglyphic 1,897120 0,000252
hieroglyphical 3,218876 0,000214
highland 2,120264 0,000141
highly 0,261365 0,000017
highness 1,771957 0,000118
highway 0,916291 0,000061
highwayman 2,120264 0,000141
hilarious 2,120264 0,000141
hilariously 3,218876 0,000214
hilarity 1,966113 0,000131
hill 0,150823 0,000020
hillock 1,966113 0,000131
hilt 1,469676 0,000098
hind 1,171183 0,000078
hinder 0,579818 0,000039
hindmost 2,120264 0,000141
hindoo 2,813411 0,000187
hinge 0,916291 0,000122
hint 0,301105 0,000080
hip 1,078810 0,000072
hippogriff 3,912023 0,000260
hire 0,733969 0,000049
hish 3,912023 0,000260
hiss 0,653926 0,000130
hisself 2,659260 0,000177
hist 2,120264 0,000141
historian 0,994252 0,000132
historic 1,832581 0,000122
historical 0,843970 0,000056
historically 2,207275 0,000147
history 0,186330 0,000025
hit 0,314711 0,000063
hitch 1,347074 0,000089
hitherto 0,385662 0,000026
hittite 3,218876 0,000214
ho 1,203973 0,000080
hoar 1,609438 0,000107
hoard 1,514128 0,000201
hoary 1,714798 0,000114
hob 2,040221 0,000136
hobble 1,660731 0,000110
hoe 2,407946 0,000160
hog 1,309333 0,000087
hogarthian 3,506558 0,000233
hogshead 2,407946 0,000320
hoist 1,139434 0,000151
hoister 3,912023 0,000260
hoisting 2,525729 0,000168
hold 0,010050 0,000003
holder 0,430783 0,000057
hole 0,261365 0,000035
holiday 0,713350 0,000095
holiness 1,347074 0,000089
holland 1,514128 0,000101
hollanders 2,995732 0,000199
holloa 3,506558 0,000233
hollow 0,430783 0,000086
hollowly 3,912023 0,000260
holofernes 2,813411 0,000187
holy 0,371064 0,000099
homage 1,078810 0,000072
homeless 1,832581 0,000122
homeward 0,891598 0,000059
homewards 2,207275 0,000147
hone 2,813411 0,000748
honest 0,235722 0,000016
honesty 0,733969 0,000049
honey 0,755023 0,000050
honeycomb 2,407946 0,000320
honeymoon 1,966113 0,000131
honor 0,891598 0,000178
honorable 1,386294 0,000092
honorableness 3,912023 0,000260
honorably 2,207275 0,000147
honorary 2,302585 0,000153
hoo 2,995732 0,000199
hood 1,237874 0,000082
hooded 2,407946 0,000160
hoof 0,867501 0,000115
hook 0,634878 0,000127
hooked 1,469676 0,000098
hoop 1,771957 0,000235
hooped 2,659260 0,000177
hooroosh 3,912023 0,000260
hoot 2,040221 0,000136
hop 1,108663 0,000147
hope 0,000000 0,000000
hopeful 0,916291 0,000061
hopefulness 2,995732 0,000199
hopeless 0,510826 0,000034
hopelessly 1,078810 0,000072
horizon 0,597837 0,000079
horizontal 1,514128 0,000101
horizontally 1,832581 0,000122
horn 0,478036 0,000095
horner 2,659260 0,000177
hornpipe 2,407946 0,000160
horrible 0,356675 0,000047
horribly 0,916291 0,000061
horrid 0,713350 0,000047
horrified 1,272966 0,000085
horrify 2,659260 0,000177
horrifying 2,813411 0,000187
horror 0,198451 0,000026
horse 0,139262 0,000019
horseback 0,843970 0,000056
horseman 0,967584 0,000064
hose 2,040221 0,000136
hosea 3,218876 0,000214
hospitable 1,078810 0,000072
hospital 0,755023 0,000100
hospitality 0,713350 0,000095
host 0,446287 0,000059
hostile 0,776529 0,000052
hostilely 3,506558 0,000233
hostility 1,171183 0,000078
hot 0,116534 0,000008
hotel 0,820981 0,000109
hour 0,061875 0,000008
hourly 1,714798 0,000114
house 0,020203 0,000003
household 0,430783 0,000029
housekeeper 1,139434 0,000076
housekeeping 1,427116 0,000095
houseless 2,525729 0,000168
houses 0,139262 0,000009
housewife 2,120264 0,000141
housing 1,897120 0,000126
hove 2,120264 0,000141
hover 0,653926 0,000174
hoveringly 3,912023 0,000260
howdah 3,506558 0,000233
howl 0,527633 0,000140
hudson 1,832581 0,000122
hue 0,776529 0,000103
hued 2,659260 0,000177
huff 2,995732 0,000199
hug 0,967584 0,000193
huge 0,400478 0,000027
hugely 2,407946 0,000160
hugeness 3,912023 0,000260
hugest 3,506558 0,000233
hull 1,347074 0,000179
hum 0,579818 0,000116
human 0,072571 0,000005
humane 1,203973 0,000080
humanities 3,218876 0,000214
humanity 0,494296 0,000033
humble 0,261365 0,000017
humbly 0,867501 0,000058
humbug 1,514128 0,000101
humiliation 0,916291 0,000061
humility 0,867501 0,000058
hummingly 3,912023 0,000260
humor 1,203973 0,000160
humorists 3,218876 0,000214
humorous 1,427116 0,000095
humorously 2,659260 0,000177
humorousness 3,912023 0,000260
hump 1,832581 0,000365
humpback 3,506558 0,000233
humpbacked 3,218876 0,000214
humph 1,897120 0,000126
hunch 1,771957 0,000118
hundredth 1,309333 0,000087
hung 0,174353 0,000012
hunger 0,478036 0,000032
hungry 0,314711 0,000021
hunk 2,302585 0,000153
hunt 0,371064 0,000074
hunter 0,579818 0,000077
hunting 0,462035 0,000031
hurl 0,798508 0,000159
hurler 3,912023 0,000260
huron 3,912023 0,000260
hurrah 1,386294 0,000092
hurricane 1,560648 0,000104
hurriedly 0,891598 0,000059
hurry 0,162519 0,000032
hurt 0,150823 0,000010
hurtle 2,302585 0,000153
husband 0,198451 0,000013
hush 0,527633 0,000070
husk 1,897120 0,000126
huskily 2,120264 0,000141
hussar 2,207275 0,000147
hustings 3,218876 0,000214
huzza 2,525729 0,000168
hydrant 3,506558 0,000233
hydriote 3,912023 0,000260
hydrophobia 3,912023 0,000260
hydrus 3,506558 0,000233
hyena 2,813411 0,000187
hygiene 2,995732 0,000199
hymn 0,994252 0,000132
hyperborean 3,218876 0,000214
hypo 3,912023 0,000520
hypochondriac 2,995732 0,000199
hypocrisy 1,347074 0,000089
hypothesis 1,237874 0,000082
hypothesize 3,912023 0,000260
hypothetically 2,813411 0,000187
ian 3,912023 0,000260
ibid 2,813411 0,000187
ibis 2,995732 0,000199
ice 0,527633 0,000035
iceberg 2,659260 0,000353
icebound 3,506558 0,000233
iceland 2,659260 0,000177
icelandic 3,506558 0,000233
icicle 2,525729 0,000336
icily 2,659260 0,000177
iciness 3,218876 0,000214
icy 1,203973 0,000080
idea 0,083382 0,000011
ideal 0,776529 0,000052
ideality 2,995732 0,000199
idealized 2,659260 0,000177
identical 0,994252 0,000066
identically 3,506558 0,000233
identify 0,342490 0,000046
identity 1,021651 0,000068
idiom 1,966113 0,000131
idiot 0,776529 0,000052
idiotic 1,347074 0,000089
idle 0,261365 0,000017
idleness 0,755023 0,000050
idler 1,660731 0,000110
idly 1,309333 0,000087
idol 1,237874 0,000082
idolatrous 2,207275 0,000147
ifs 3,506558 0,000233
ignite 2,525729 0,000503
ignition 3,912023 0,000260
ignoble 1,427116 0,000095
ignominious 1,771957 0,000118
ignominy 1,714798 0,000114
ignoramus 2,659260 0,000177
ignorance 0,287682 0,000019
ignorant 0,301105 0,000020
ignorantly 2,302585 0,000153
ignore 1,309333 0,000261
iii 0,287682 0,000019
ile 2,995732 0,000199
illimitable 2,525729 0,000168
illimitably 3,912023 0,000260
illinois 2,525729 0,000168
illness 0,616186 0,000041
illuminate 0,941609 0,000188
illumination 1,897120 0,000126
illumine 1,309333 0,000087
illustrate 0,616186 0,000082
illustration 0,867501 0,000058
illustrative 2,407946 0,000160
image 0,301105 0,000040
imaginary 0,755023 0,000050
imagination 0,223144 0,000030
imaginative 1,609438 0,000107
imagine 0,083382 0,000017
imbecile 1,514128 0,000101
imbecility 1,609438 0,000107
imbed 2,207275 0,000147
imbibe 1,771957 0,000118
imitate 0,579818 0,000039
immaculate 1,714798 0,000114
immaterial 1,966113 0,000131
immeasurable 1,560648 0,000104
immemorial 1,714798 0,000114
immemorially 3,506558 0,000233
immense 0,314711 0,000021
immensely 1,171183 0,000078
immensity 2,040221 0,000271
immerse 1,427116 0,000095
imminent 1,514128 0,000101
immitigable 3,912023 0,000260
immortal 0,755023 0,000100
immortality 1,171183 0,000078
immovable 1,203973 0,000080
immutable 1,714798 0,000114
immutableness 3,912023 0,000260
immutably 2,659260 0,000177
imp 1,609438 0,000214
impair 2,120264 0,000282
impale 2,525729 0,000168
impalpable 2,302585 0,000153
impart 0,693147 0,000184
impartial 1,237874 0,000082
impatience 0,634878 0,000042
impatient 0,371064 0,000025
impatiently 0,634878 0,000042
impeach 2,525729 0,000168
impede 1,309333 0,000087
impediment 1,560648 0,000104
impel 0,916291 0,000122
impenetrable 1,049822 0,000070
impenitent 2,813411 0,000187
imperative 1,237874 0,000082
imperceptible 1,609438 0,000107
imperceptibly 1,469676 0,000098
imperfect 0,673345 0,000045
imperfectly 1,386294 0,000092
imperial 1,021651 0,000068
imperilled 2,302585 0,000153
imperiously 1,966113 0,000131
impersonal 1,897120 0,000126
impersonate 3,218876 0,000214
impertinent 1,171183 0,000078
imperturbable 1,897120 0,000126
impetuously 2,040221 0,000136
impetuousness 3,218876 0,000214
impetus 1,966113 0,000131
impiety 1,966113 0,000131
impious 1,714798 0,000114
impiousness 3,912023 0,000260
implement 1,469676 0,000195
implicate 1,966113 0,000131
implicit 1,966113 0,000131
imponderable 3,912023 0,000260
import 0,843970 0,000224
importunity 1,514128 0,000101
impose 0,162519 0,000011
imposing 0,843970 0,000056
imposingly 3,218876 0,000214
impossibility 0,891598 0,000059
impossible 0,094311 0,000006
impotence 1,832581 0,000122
impotent 1,272966 0,000085
impotently 3,218876 0,000214
imprecate 2,995732 0,000199
imprecation 1,897120 0,000126
impregnable 1,771957 0,000118
impregnably 3,506558 0,000233
impregnate 2,207275 0,000147
impress 0,634878 0,000042
impressed 0,510826 0,000034
impression 0,210721 0,000028
impressive 1,237874 0,000082
imprimis 3,506558 0,000233
improbable 1,021651 0,000068
improve 0,385662 0,000026
improvement 0,616186 0,000082
impudence 1,272966 0,000085
impulse 0,400478 0,000027
impulsive 1,714798 0,000114
impulsively 2,407946 0,000160
impunity 1,347074 0,000089
impurity 1,560648 0,000104
imputable 3,218876 0,000214
imputation 1,660731 0,000110
impute 1,771957 0,000118
imputed 1,609438 0,000107
inability 1,386294 0,000092
inaccessible 1,427116 0,000095
inactive 1,897120 0,000126
inadequately 3,506558 0,000233
inanimate 1,237874 0,000082
inarticulate 1,514128 0,000101
inattention 1,714798 0,000114
inaudible 1,560648 0,000104
inboard 3,218876 0,000214
incalculable 1,832581 0,000122
incantation 2,302585 0,000153
incapable 0,562119 0,000037
incapacitate 2,407946 0,000160
incarcerate 2,813411 0,000187
incarnate 1,832581 0,000122
incarnated 3,506558 0,000233
incarnation 1,771957 0,000235
incense 0,755023 0,000100
incessant 0,941609 0,000063
incessantly 0,916291 0,000061
inch 0,430783 0,000057
incident 0,356675 0,000047
incidental 0,446287 0,000030
incidentally 1,609438 0,000107
incite 1,427116 0,000190
inclement 2,207275 0,000147
inclination 0,544727 0,000036
incline 0,733969 0,000098
inclined 0,186330 0,000012
inclose 1,897120 0,000126
include 0,072571 0,000014
inclusive 2,207275 0,000147
incognita 3,912023 0,000260
incoherence 2,207275 0,000147
incoherently 2,207275 0,000147
income 0,798508 0,000053
incommoding 3,506558 0,000233
incommodiously 3,912023 0,000260
incommunicable 2,813411 0,000187
incompatible 1,771957 0,000118
incompetence 2,813411 0,000187
incompetency 3,218876 0,000214
incompetent 2,040221 0,000136
incomplete 0,301105 0,000020
incomputable 3,912023 0,000260
inconclusive 2,525729 0,000168
incongruity 2,040221 0,000136
inconsiderable 1,560648 0,000104
incontestable 2,302585 0,000153
incontinently 2,659260 0,000177
incorporate 1,560648 0,000207
incorrect 1,832581 0,000122
incorrigible 1,832581 0,000122
incorruptible 1,966113 0,000131
incorruption 3,506558 0,000233
increase 0,061875 0,000012
incredible 0,653926 0,000043
incredibly 1,897120 0,000126
incredulity 1,386294 0,000092
incredulous 1,309333 0,000087
incrustation 2,813411 0,000374
inculcate 1,897120 0,000252
incumbrance 2,207275 0,000147
incurable 1,386294 0,000092
incuriously 3,912023 0,000260
indebted 0,994252 0,000066
indecorous 2,407946 0,000160
indefatigable 1,771957 0,000118
indefinite 1,309333 0,000087
indefinitely 1,469676 0,000098
indefiniteness 3,506558 0,000233
independence 0,843970 0,000056
independent 0,510826 0,000034
independently 1,427116 0,000095
indestructible 2,207275 0,000147
india 0,843970 0,000056
indiaman 2,995732 0,000199
indian 0,544727 0,000072
indication 0,798508 0,000106
indies 1,309333 0,000087
indifference 0,527633 0,000035
indifferent 0,400478 0,000027
indifferently 1,049822 0,000070
indigenous 2,659260 0,000177
indigestion 2,207275 0,000147
indignant 0,820981 0,000055
indignity 1,560648 0,000104
indirect 0,446287 0,000030
indirectly 0,371064 0,000025
indiscreet 1,609438 0,000107
indiscretion 1,427116 0,000095
indiscriminately 2,040221 0,000136
indispensable 0,843970 0,000056
indispensableness 3,912023 0,000260
indisputable 1,966113 0,000131
indissoluble 2,407946 0,000160
indistinctly 1,897120 0,000126
indistinctness 3,506558 0,000233
indite 2,407946 0,000160
individual 0,139262 0,000019
individuality 1,609438 0,000214
individualizing 3,912023 0,000260
individually 1,609438 0,000107
indolence 1,309333 0,000087
indolent 1,427116 0,000095
indolently 2,525729 0,000168
indomitable 2,040221 0,000136
indomitableness 3,912023 0,000260
indubitably 2,659260 0,000177
induce 0,328504 0,000065
inducement 1,237874 0,000082
indulge 0,527633 0,000105
industrious 1,078810 0,000072
industry 0,843970 0,000056
ineffable 1,771957 0,000118
ineffably 2,813411 0,000187
ineffaceable 2,659260 0,000177
ineffectual 1,469676 0,000098
ineffectually 2,659260 0,000177
inelegant 2,525729 0,000168
inequality 1,386294 0,000092
inert 1,714798 0,000114
inestimable 1,897120 0,000126
inevitable 0,544727 0,000036
inevitably 0,843970 0,000056
inexhaustible 1,237874 0,000082
inexorable 1,347074 0,000089
inexperience 1,427116 0,000095
inexperienced 1,203973 0,000080
inexplicable 1,171183 0,000078
inexpressible 1,469676 0,000098
inexpressive 2,525729 0,000168
inextricable 2,525729 0,000168
infallible 1,108663 0,000074
infallibly 1,427116 0,000095
infancy 0,916291 0,000061
infant 0,673345 0,000045
infants 1,171183 0,000078
infatuated 2,120264 0,000141
infatuation 1,660731 0,000110
infect 2,040221 0,000136
infected 1,347074 0,000089
infer 0,891598 0,000059
inferable 3,912023 0,000260
inference 1,386294 0,000184
inferentially 3,912023 0,000260
inferior 0,579818 0,000077
inferiority 1,609438 0,000107
infernal 0,843970 0,000056
infernally 3,218876 0,000214
infest 1,832581 0,000122
infidel 1,832581 0,000122
infidelity 1,660731 0,000110
infiltrate 3,506558 0,000233
infinite 0,430783 0,000029
infinitely 0,673345 0,000045
infinity 1,832581 0,000122
infirmity 1,049822 0,000070
infixed 3,912023 0,000260
inflame 1,049822 0,000070
inflated 1,966113 0,000131
inflexibility 3,912023 0,000260
inflexible 1,771957 0,000118
inflexibly 2,995732 0,000199
inflict 0,579818 0,000039
infliction 2,302585 0,000153
influence 0,198451 0,000040
influential 1,832581 0,000122
inform 0,198451 0,000026
infuriate 1,609438 0,000107
ingenious 0,693147 0,000046
ingeniously 1,832581 0,000122
inglorious 2,040221 0,000136
ingloriously 2,813411 0,000187
inhabitable 3,506558 0,000233
inhabitant 1,560648 0,000104
inhabitants 0,446287 0,000030
inhabitiveness 3,912023 0,000260
inhale 1,427116 0,000284
inherent 1,560648 0,000104
inheritor 2,659260 0,000177
inhospitable 1,714798 0,000114
inhuman 1,108663 0,000074
initial 0,994252 0,000066
initiate 1,309333 0,000174
injunction 1,108663 0,000074
injure 0,356675 0,000024
injury 0,301105 0,000020
injustice 0,653926 0,000043
ink 0,916291 0,000061
inkling 1,427116 0,000095
inkstand 2,407946 0,000160
inland 1,469676 0,000098
inlander 3,912023 0,000260
inlanders 3,912023 0,000260
inlay 1,714798 0,000228
inmate 1,203973 0,000080
inmost 1,309333 0,000087
inn 0,713350 0,000047
innate 1,427116 0,000095
innermost 1,771957 0,000118
innkeeper 2,207275 0,000147
innocence 0,634878 0,000042
innocency 2,995732 0,000199
innocent 0,186330 0,000025
innocently 1,427116 0,000095
inns 1,897120 0,000126
innuendo 2,407946 0,000160
innumerable 0,634878 0,000042
inoffensive 1,660731 0,000110
inoffensiveness 3,506558 0,000233
inordinate 1,771957 0,000118
inquire 0,235722 0,000047
inquiringly 1,771957 0,000118
inquiry 0,446287 0,000059
inquisition 1,514128 0,000101
insane 0,994252 0,000066
insanity 1,469676 0,000098
insatiate 1,897120 0,000126
inscribe 1,171183 0,000078
inscription 1,171183 0,000156
inscrutable 1,514128 0,000101
inscrutably 3,506558 0,000233
insect 0,916291 0,000122
insensible 0,843970 0,000056
insensibly 1,386294 0,000092
inseparable 1,203973 0,000080
insert 1,021651 0,000204
insertion 3,506558 0,000233
inshore 3,218876 0,000214
insider 3,506558 0,000233
insignificant 0,891598 0,000059
insinuate 1,203973 0,000240
insist 0,223144 0,000030
insolent 0,941609 0,000063
insomuch 1,966113 0,000131
inspect 0,798508 0,000053
inspectingly 3,912023 0,000260
inspection 0,798508 0,000053
inspire 0,371064 0,000025
instance 0,116534 0,000015
instant 0,210721 0,000014
instantaneous 1,427116 0,000095
instantaneously 1,832581 0,000122
instantly 0,356675 0,000024
instigation 1,966113 0,000131
instinct 0,356675 0,000047
instinctive 1,203973 0,000080
instinctively 0,733969 0,000049
institute 1,203973 0,000080
instruction 0,328504 0,000022
instrument 0,248461 0,000017
insufferable 1,660731 0,000110
insufficient 1,386294 0,000092
insular 2,659260 0,000177
insulated 2,525729 0,000168
insult 0,415515 0,000055
insulting 1,203973 0,000080
insupportable 1,660731 0,000110
insurance 2,120264 0,000141
insure 1,237874 0,000164
insurgent 2,525729 0,000168
intact 1,609438 0,000107
intangible 1,966113 0,000131
integral 2,659260 0,000177
integrity 1,203973 0,000080
integument 3,218876 0,000214
intellect 0,634878 0,000084
intellectual 0,235722 0,000016
intelligence 0,301105 0,000020
intelligent 0,342490 0,000023
intelligently 2,207275 0,000147
intemperately 3,506558 0,000233
intend 0,094311 0,000013
intense 0,430783 0,000057
intensely 0,820981 0,000055
intensify 1,386294 0,000184
intensity 0,994252 0,000132
intent 0,494296 0,000066
intention 0,127833 0,000017
intently 0,891598 0,000059
interblending 3,912023 0,000260
intercept 1,171183 0,000156
interchange 1,427116 0,000095
interchangeably 2,995732 0,000199
intercourse 0,798508 0,000053
interdict 2,040221 0,000136
interfere 0,415515 0,000055
interflow 3,912023 0,000260
interfusing 3,912023 0,000260
interior 0,673345 0,000045
interlace 2,525729 0,000168
interlinked 3,912023 0,000260
interlude 2,407946 0,000160
intermeddle 2,659260 0,000177
intermediate 1,660731 0,000110
interminable 1,237874 0,000082
intermission 1,514128 0,000101
intermit 2,813411 0,000187
intermix 2,207275 0,000147
intermixture 2,813411 0,000187
internal 0,261365 0,000017
internationally 3,912023 0,000260
interpenetrate 3,506558 0,000233
interpose 0,916291 0,000061
interpret 0,235722 0,000047
interpreter 1,108663 0,000147
interregnum 2,995732 0,000199
interrogatively 2,659260 0,000177
interrupt 0,562119 0,000037
interrupted 0,301105 0,000020
interruption 0,634878 0,000084
intersect 1,514128 0,000101
intertangled 3,912023 0,000260
intertwisting 3,912023 0,000260
interval 0,301105 0,000040
intervene 0,713350 0,000142
interview 0,634878 0,000042
interweave 2,813411 0,000374
interweavingly 3,912023 0,000260
intestine 2,207275 0,000147
intimacy 0,843970 0,000056
intimate 0,430783 0,000029
intimation 1,272966 0,000085
intolerable 0,673345 0,000045
intolerableness 3,912023 0,000260
intolerably 2,120264 0,000141
intrepid 1,966113 0,000131
intrepidity 2,302585 0,000153
intrepidly 3,506558 0,000233
intricacy 2,207275 0,000293
intricate 1,078810 0,000072
introduce 0,261365 0,000017
introduction 0,385662 0,000026
intuition 1,560648 0,000104
invade 0,755023 0,000100
invader 1,832581 0,000243
invaluable 1,386294 0,000092
invariability 3,912023 0,000260
invariable 1,514128 0,000101
invariably 0,798508 0,000053
invasion 1,427116 0,000095
invent 0,400478 0,000080
inventive 2,040221 0,000136
inventor 1,386294 0,000184
invert 2,525729 0,000168
inverted 2,120264 0,000141
invertedly 3,912023 0,000260
invest 1,021651 0,000136
investigate 0,820981 0,000109
investigation 0,713350 0,000095
investigator 2,040221 0,000271
investing 2,207275 0,000147
investiture 3,218876 0,000214
investment 1,560648 0,000104
invests 2,525729 0,000168
inveteracy 3,506558 0,000233
inveterate 1,560648 0,000104
invincible 1,427116 0,000095
invisible 0,562119 0,000037
invisibly 2,525729 0,000168
invite 0,261365 0,000052
invitingly 2,813411 0,000187
invocation 2,659260 0,000353
invoke 1,469676 0,000195
involuntarily 1,139434 0,000076
involuntary 1,021651 0,000068
involution 3,506558 0,000233
involve 0,820981 0,000164
involved 0,579818 0,000039
invulnerable 2,040221 0,000136
inwards 1,966113 0,000131
inwreathe 3,506558 0,000233
irascible 2,207275 0,000147
ire 1,832581 0,000122
ireful 2,995732 0,000199
ireland 1,514128 0,000101
irish 1,347074 0,000089
irksome 1,469676 0,000098
iron 0,162519 0,000022
ironical 1,386294 0,000092
iroquois 3,506558 0,000233
irradiate 2,525729 0,000168
irrational 1,469676 0,000098
irregular 0,733969 0,000049
irregularity 1,386294 0,000092
irregularly 1,832581 0,000122
irresistible 0,653926 0,000043
irresistibleness 3,912023 0,000260
irresistibly 1,203973 0,000080
irresolute 1,427116 0,000095
irresolution 2,302585 0,000153
irrespective 2,407946 0,000160
irresponsible 1,832581 0,000122
irreverence 2,525729 0,000168
irrevocably 1,897120 0,000126
irritated 1,078810 0,000072
isabella 2,207275 0,000147
isaiah 2,207275 0,000147
ishmael 2,813411 0,000187
isinglass 3,912023 0,000260
island 0,400478 0,000027
islander 2,302585 0,000153
islands 0,755023 0,000050
isle 1,427116 0,000095
isles 1,560648 0,000104
islet 2,120264 0,000141
isolate 2,407946 0,000160
isolated 0,994252 0,000066
isolation 1,514128 0,000101
israel 1,386294 0,000092
israelites 2,207275 0,000147
issue 0,198451 0,000053
isthmus 2,120264 0,000141
italian 0,653926 0,000043
italy 0,820981 0,000055
itch 1,771957 0,000118
item 1,139434 0,000151
iv 0,328504 0,000022
ivory 0,820981 0,000055
ixion 2,995732 0,000199
jabber 2,207275 0,000147
jack 0,755023 0,000100
jackal 2,040221 0,000136
jackass 2,813411 0,000187
jacket 0,755023 0,000100
jackson 1,714798 0,000114
jacob 1,427116 0,000095
jagged 1,560648 0,000104
jail 1,347074 0,000179
jalap 3,912023 0,000260
jam 1,237874 0,000247
jamb 3,218876 0,000214
japan 1,560648 0,000104
japanese 1,660731 0,000110
japans 3,912023 0,000260
japonica 3,506558 0,000233
jar 1,021651 0,000136
jaundice 3,218876 0,000214
java 2,525729 0,000168
javan 2,995732 0,000199
javelin 2,120264 0,000282
jaw 0,544727 0,000072
jawed 2,995732 0,000199
jealous 0,446287 0,000030
jealously 1,897120 0,000126
jealousy 0,430783 0,000029
jeer 1,469676 0,000098
jeering 1,714798 0,000114
jeeringly 2,659260 0,000177
jefferson 2,525729 0,000168
jellied 3,912023 0,000260
jelly 1,514128 0,000101
jenny 2,407946 0,000160
jeopardize 2,813411 0,000187
jeopardized 3,506558 0,000233
jeopardy 2,207275 0,000147
jeremy 2,995732 0,000199
jerk 0,820981 0,000164
jerkingly 3,912023 0,000260
jeroboam 2,995732 0,000199
jesu 3,218876 0,000214
jesus 1,237874 0,000082
jet 1,347074 0,000358
jew 1,171183 0,000078
jewel 0,634878 0,000084
jewelled 2,659260 0,000177
jeweller 2,120264 0,000282
jews 1,078810 0,000072
jib 2,525729 0,000336
jiff 3,912023 0,000260
jiffy 2,525729 0,000168
jig 2,302585 0,000153
jingle 1,171183 0,000156
jinglers 3,912023 0,000260
job 0,597837 0,000079
jocularly 2,995732 0,000199
joe 1,832581 0,000122
jog 1,897120 0,000252
john 0,328504 0,000022
johnny 2,040221 0,000136
johnson 1,514128 0,000101
joiner 2,525729 0,000168
joint 0,446287 0,000059
jointed 2,407946 0,000160
joist 3,506558 0,000466
joke 0,356675 0,000071
joker 2,302585 0,000153
joky 3,912023 0,000260
jollily 3,506558 0,000233
jollity 2,659260 0,000177
jolly 0,994252 0,000132
jonah 2,525729 0,000168
jonas 2,995732 0,000199
jonathan 2,120264 0,000141
jones 1,309333 0,000087
jordan 1,966113 0,000131
jostle 1,272966 0,000085
jot 1,897120 0,000126
journal 0,916291 0,000061
journey 0,150823 0,000020
journeyman 2,302585 0,000153
jove 1,108663 0,000074
jovial 1,609438 0,000107
joy 0,127833 0,000008
joyful 0,798508 0,000053
joyfully 1,272966 0,000085
joyous 0,941609 0,000063
joyously 1,560648 0,000104
joyousness 2,659260 0,000177
juan 2,120264 0,000141
juba 3,218876 0,000214
jubilation 2,525729 0,000168
judge 0,061875 0,000008
judging 0,713350 0,000047
judgmatically 3,912023 0,000260
judgment 0,198451 0,000026
judicious 1,139434 0,000076
judiciously 2,040221 0,000136
judith 2,120264 0,000141
juggler 2,525729 0,000336
juggling 2,659260 0,000177
juice 1,272966 0,000085
juicy 2,040221 0,000136
july 0,616186 0,000041
jumble 1,897120 0,000126
jump 0,430783 0,000057
jumping 0,798508 0,000053
junction 1,514128 0,000101
juncture 1,386294 0,000092
june 0,527633 0,000035
jungle 1,832581 0,000122
junior 1,272966 0,000085
juniper 2,407946 0,000160
junk 2,407946 0,000320
jupiter 1,560648 0,000104
jure 3,218876 0,000214
jurisdiction 1,560648 0,000104
jurisprudence 2,525729 0,000168
jury 1,108663 0,000074
justice 0,162519 0,000011
justification 1,139434 0,000076
justified 0,693147 0,000046
justify 0,562119 0,000037
justinian 2,659260 0,000177
justly 0,653926 0,000043
juvenile 1,832581 0,000122
ka 3,506558 0,000233
kant 2,407946 0,000160
kedger 3,912023 0,000260
kee 3,912023 0,000260
keel 1,309333 0,000261
keeling 3,506558 0,000233
keen 0,371064 0,000049
keener 1,469676 0,000098
keenly 0,967584 0,000064
keeper 0,820981 0,000109
keeping 1,078810 0,000072
keg 1,966113 0,000131
kelpy 3,912023 0,000260
kelson 3,506558 0,000233
kennel 1,660731 0,000110
kentledge 3,912023 0,000260
kentuckian 3,912023 0,000260
kentucky 2,407946 0,000160
kettle 1,108663 0,000074
key 0,342490 0,000046
keystone 3,912023 0,000260
khan 2,813411 0,000187
kick 0,314711 0,000084
kidnap 2,120264 0,000282
kidnapping 2,995732 0,000199
kill 0,083382 0,000022
killer 2,040221 0,000271
kiln 2,525729 0,000168
kin 1,139434 0,000076
kindhearted 2,995732 0,000199
kindle 0,693147 0,000138
kindly 0,223144 0,000015
kindness 0,274437 0,000018
kindred 0,994252 0,000066
kine 2,207275 0,000147
king 0,210721 0,000028
kingdom 0,462035 0,000061
kingly 1,966113 0,000131
kink 3,218876 0,000214
kinsman 1,469676 0,000098
kiss 0,356675 0,000047
kit 2,040221 0,000136
kitchen 0,562119 0,000037
kith 2,659260 0,000177
kitten 1,560648 0,000104
knave 1,427116 0,000095
knee 0,150823 0,000020
kneel 0,478036 0,000064
kneepan 3,506558 0,000233
knell 2,407946 0,000160
knife 0,287682 0,000038
knight 1,272966 0,000085
knightly 2,525729 0,000168
knights 1,309333 0,000087
knit 0,673345 0,000134
knob 1,427116 0,000190
knobbed 2,995732 0,000199
knobby 3,218876 0,000214
knock 0,287682 0,000076
knocker 2,120264 0,000141
knocking 3,218876 0,000214
knot 0,510826 0,000102
knotty 1,897120 0,000252
knowingly 2,207275 0,000147
knowledge 0,061875 0,000004
korah 3,218876 0,000214
kraken 3,506558 0,000233
kremlin 3,912023 0,000260
label 1,427116 0,000190
labor 1,108663 0,000221
laborer 1,897120 0,000126
laborious 1,171183 0,000078
labrador 3,506558 0,000233
labyrinth 1,514128 0,000101
lace 0,867501 0,000058
laced 1,771957 0,000118
laceration 3,218876 0,000214
lacing 3,218876 0,000214
lack 0,371064 0,000049
lackaday 3,506558 0,000233
lacquered 3,506558 0,000233
lad 0,653926 0,000087
ladder 0,616186 0,000082
laden 0,673345 0,000045
ladle 2,302585 0,000153
lady 0,162519 0,000022
lake 0,162519 0,000022
lama 2,995732 0,000199
lamb 0,693147 0,000046
lament 0,713350 0,000047
lamentable 1,469676 0,000098
lamp 0,400478 0,000053
lance 1,171183 0,000156
lancer 3,506558 0,000233
lancers 2,995732 0,000199
lancet 2,302585 0,000153
land 0,051293 0,000010
landing 0,544727 0,000036
landlady 1,514128 0,000101
landless 3,912023 0,000260
landlessness 3,912023 0,000260
landlord 0,941609 0,000063
landscape 0,820981 0,000109
landsman 2,995732 0,000199
landsmen 2,813411 0,000187
lane 0,653926 0,000087
language 0,072571 0,000005
languages 0,967584 0,000064
languid 1,049822 0,000070
languish 1,139434 0,000076
languor 1,560648 0,000104
lank 1,609438 0,000107
lantern 0,843970 0,000112
lanyard 3,506558 0,000233
lap 0,527633 0,000035
lapland 3,218876 0,000214
laplander 3,506558 0,000233
laplandish 3,912023 0,000260
lapse 0,733969 0,000098
larboard 2,407946 0,000160
larceny 2,659260 0,000177
lard 2,659260 0,000177
larder 2,120264 0,000141
largeness 1,897120 0,000126
lascar 3,218876 0,000214
lascars 3,912023 0,000260
lash 0,562119 0,000149
lashing 2,525729 0,000168
lashless 3,912023 0,000260
lass 1,966113 0,000131
lassitude 1,897120 0,000126
lasso 2,659260 0,000177
lastly 0,867501 0,000058
latch 1,309333 0,000087
late 0,094311 0,000006
latent 1,469676 0,000098
latently 3,912023 0,000260
lath 2,120264 0,000141
lathering 3,506558 0,000233
latin 0,653926 0,000043
latitude 1,309333 0,000087
latitudes 2,407946 0,000160
laudanum 2,407946 0,000160
laugh 0,094311 0,000025
laughable 1,897120 0,000126
laughter 0,274437 0,000018
launch 0,798508 0,000159
laureate 2,995732 0,000199
lava 2,525729 0,000168
lave 2,040221 0,000136
lavish 1,108663 0,000074
law 0,020203 0,000003
lawful 1,078810 0,000072
lawless 1,660731 0,000110
lawyer 0,673345 0,000089
lay 0,030459 0,000008
layer 1,514128 0,000201
lazarus 2,813411 0,000187
lazily 1,237874 0,000082
lazy 0,616186 0,000041
le 1,049822 0,000070
leach 3,506558 0,000233
lead 0,020203 0,000004
leaded 2,659260 0,000177
leader 0,356675 0,000047
leadership 2,040221 0,000136
leading 0,139262 0,000009
leaf 0,446287 0,000030
league 0,653926 0,000130
leak 1,469676 0,000293
leakage 3,218876 0,000214
leaky 2,040221 0,000136
lean 0,127833 0,000042
leap 0,287682 0,000076
learn 0,020203 0,000005
learnedly 2,813411 0,000187
leash 2,407946 0,000160
leather 0,527633 0,000035
leathern 2,040221 0,000136
leave -0,009950 -0,000002
leavings 2,995732 0,000199
lecherous 3,218876 0,000214
lecture 0,673345 0,000045
ledge 1,049822 0,000070
ledger 2,120264 0,000141
lee 1,347074 0,000089
leech 1,966113 0,000131
leering 2,995732 0,000199
lees 2,302585 0,000153
leeward 2,207275 0,000147
left 0,000000 0,000000
leg 0,235722 0,000031
legal 0,261365 0,000017
legatee 3,218876 0,000428
lege 3,218876 0,000214
legend 0,820981 0,000109
legendary 2,302585 0,000153
legerdemain 3,506558 0,000233
legged 1,108663 0,000074
legislative 1,771957 0,000118
legislator 1,714798 0,000114
legitimately 2,407946 0,000160
leicester 2,659260 0,000177
leisure 0,579818 0,000039
leisurely 1,108663 0,000074
lend 0,430783 0,000086
lengthen 0,994252 0,000132
lengthwise 2,407946 0,000160
lens 2,407946 0,000160
leo 2,120264 0,000141
leopard 2,302585 0,000153
leopards 3,218876 0,000214
leper 1,966113 0,000131
lesson 0,287682 0,000038
lethargy 1,714798 0,000114
letter 0,072571 0,000014
levanter 3,912023 0,000260
level 0,210721 0,000042
levelling 2,659260 0,000177
lever 1,427116 0,000095
leviathan 2,659260 0,000177
leviathans 3,912023 0,000260
lexicographer 3,912023 0,000260
lexicon 2,813411 0,000374
leyden 2,525729 0,000168
liability 0,462035 0,000061
liable 0,235722 0,000016
liar 1,021651 0,000136
liberal 0,597837 0,000040
liberally 1,347074 0,000089
liberate 1,469676 0,000098
liberation 1,832581 0,000122
libertine 2,525729 0,000168
liberty 0,198451 0,000013
libra 2,995732 0,000199
library 0,223144 0,000030
license 0,301105 0,000020
licensed 0,430783 0,000029
lick 0,673345 0,000089
lid 0,597837 0,000079
lie 0,020203 0,000005
lieu 0,415515 0,000028
lieutenant 1,203973 0,000080
lieutenants 1,966113 0,000131
life -0,009950 -0,000001
lifeless 1,108663 0,000074
lifelessly 3,506558 0,000233
lifetime 0,843970 0,000056
lift 0,116534 0,000031
ligature 2,302585 0,000153
light 0,000000 0,000000
lighted 0,261365 0,000017
lighten 0,597837 0,000079
lighthouse 2,120264 0,000141
lightly 0,430783 0,000029
lightness 1,897120 0,000126
lightning 0,430783 0,000057
liken 2,120264 0,000282
likeness 0,673345 0,000089
likes 1,771957 0,000118
lily 1,272966 0,000169
lima 2,995732 0,000199
limb 0,248461 0,000033
limber 2,659260 0,000353
lime 1,309333 0,000087
limestone 2,302585 0,000153
limit 0,287682 0,000038
limitation 0,371064 0,000025
limitless 2,207275 0,000147
limp 1,108663 0,000074
limpid 1,897120 0,000126
limping 1,771957 0,000118
linear 2,659260 0,000177
linen 0,527633 0,000035
linger 0,446287 0,000089
lingo 2,813411 0,000187
lining 1,771957 0,000118
link 0,174353 0,000035
lint 2,659260 0,000177
lion 0,579818 0,000039
lionel 3,218876 0,000214
lip 0,127833 0,000017
lipless 3,506558 0,000233
lipped 1,966113 0,000131
liquid 0,843970 0,000056
liquor 0,798508 0,000053
list 0,301105 0,000040
listen 0,105361 0,000021
listener 0,843970 0,000056
listlessness 2,207275 0,000147
literal 1,714798 0,000114
literally 0,713350 0,000047
literature 0,653926 0,000043
lithe 1,966113 0,000131
litigate 3,506558 0,000233
litter 0,843970 0,000056
liturgy 3,218876 0,000214
live 0,010050 0,000001
livelihood 1,514128 0,000101
liveliness 1,966113 0,000131
livelong 2,659260 0,000177
lively 0,385662 0,000026
liver 1,171183 0,000156
livid 1,171183 0,000078
lividly 3,218876 0,000214
living 0,020203 0,000001
livingly 3,506558 0,000233
lizard 1,560648 0,000104
lo 0,916291 0,000061
load 0,430783 0,000086
loading 1,309333 0,000087
loadstone 2,525729 0,000168
loaf 0,867501 0,000058
loam 3,218876 0,000214
loan 1,427116 0,000095
loath 1,427116 0,000095
loathe 1,309333 0,000087
loathsome 1,078810 0,000072
lobe 2,813411 0,000187
local 0,713350 0,000047
locality 1,139434 0,000076
localness 3,912023 0,000260
lock 0,162519 0,000032
locker 2,120264 0,000282
locking 1,272966 0,000085
locksmith 2,302585 0,000153
lodge 0,494296 0,000099
lodgings 1,078810 0,000072
lofty 0,494296 0,000066
log 0,798508 0,000159
logan 2,813411 0,000187
loggerhead 3,506558 0,000233
loggerheads 2,995732 0,000199
loin 1,427116 0,000095
loiter 1,347074 0,000089
loitering 1,660731 0,000110
london 0,415515 0,000028
lone 1,514128 0,000101
loneliness 1,347074 0,000089
lonely 0,400478 0,000027
lonesomely 3,912023 0,000260
lonesomeness 2,813411 0,000187
longevity 2,659260 0,000177
longing 0,653926 0,000087
longingly 2,525729 0,000168
longitude 2,302585 0,000306
loo 2,813411 0,000187
lookee 3,506558 0,000233
looker 1,660731 0,000110
lookout 1,427116 0,000095
loom 1,078810 0,000215
loon 3,218876 0,000214
loop 1,272966 0,000169
loose 0,094311 0,000013
loosely 1,347074 0,000089
loosen 0,891598 0,000059
loosening 2,302585 0,000153
lord 0,223144 0,000030
lordly 1,832581 0,000122
lords 0,843970 0,000056
lose 0,000000 0,000000
loss 0,083382 0,000006
lot 0,051293 0,000007
lothario 3,506558 0,000233
lotion 2,659260 0,000353
lotus 1,897120 0,000126
loud 0,105361 0,000014
loudly 0,400478 0,000027
louis 1,078810 0,000072
louisiana 2,302585 0,000153
lounge 1,108663 0,000295
loungingly 3,912023 0,000260
love 0,030459 0,000006
loveliness 1,469676 0,000098
lovely 0,462035 0,000061
lover 0,356675 0,000047
loving 0,478036 0,000032
lowering 2,659260 0,000177
loweringly 3,912023 0,000260
lowermost 3,506558 0,000233
lowly 1,771957 0,000118
loyal 1,203973 0,000080
lubber 2,995732 0,000199
lucian 2,995732 0,000199
lucifer 1,966113 0,000261
luck 0,446287 0,000030
luckily 1,203973 0,000080
luckless 1,714798 0,000114
lucky 0,494296 0,000033
luff 2,813411 0,000374
lug 1,771957 0,000118
luggage 1,203973 0,000080
lugger 3,218876 0,000214
lull 1,139434 0,000227
lullaby 2,040221 0,000136
lumber 1,203973 0,000160
lump 0,916291 0,000122
lunacy 2,813411 0,000187
lunar 2,525729 0,000168
lunatic 1,203973 0,000080
lung 0,867501 0,000115
lunge 1,966113 0,000261
lungless 3,912023 0,000260
lurch 1,660731 0,000221
lurchingly 3,912023 0,000260
lure 1,108663 0,000074
lurid 1,609438 0,000107
luridly 3,506558 0,000233
lurk 0,616186 0,000164
lustily 1,897120 0,000126
lustre 1,139434 0,000076
lustrous 2,040221 0,000136
lusty 1,832581 0,000122
luxuriant 1,427116 0,000095
luxurious 0,916291 0,000061
lye 3,218876 0,000214
mab 3,218876 0,000214
macassar 2,995732 0,000199
maccabees 2,813411 0,000187
mace 2,525729 0,000168
machine 0,210721 0,000028
machinery 1,049822 0,000070
mackerel 2,995732 0,000199
mackinaw 3,912023 0,000260
macrocephalus 3,912023 0,000260
mad 0,235722 0,000016
madame 1,108663 0,000074
madden 1,771957 0,000353
maddened 1,897120 0,000126
madly 1,272966 0,000085
madman 0,941609 0,000063
madness 0,597837 0,000040
maelstrom 2,659260 0,000177
magazine 1,203973 0,000080
maggot 2,813411 0,000187
magian 3,506558 0,000233
magic 0,673345 0,000045
magical 1,660731 0,000110
magician 1,386294 0,000092
magistrate 0,820981 0,000055
magnanimity 1,609438 0,000107
magnanimous 1,469676 0,000098
magnet 2,040221 0,000271
magnetic 1,832581 0,000122
magnetically 3,912023 0,000260
magnetism 2,659260 0,000177
magnetizing 3,912023 0,000260
magnification 3,912023 0,000260
magnificence 1,237874 0,000082
magnificent 0,328504 0,000022
magnify 0,994252 0,000198
magniloquent 3,912023 0,000260
magnitude 1,078810 0,000072
mahogany 1,609438 0,000107
mahomet 1,660731 0,000110
maid 0,415515 0,000028
maiden 0,673345 0,000045
maidenly 2,525729 0,000168
mail 0,820981 0,000109
maim 1,272966 0,000254
main 0,127833 0,000008
maine 2,120264 0,000141
mainmast 2,813411 0,000187
maintain 0,094311 0,000025
majestic 1,108663 0,000074
majestical 3,506558 0,000233
majestically 1,560648 0,000104
majesty 0,510826 0,000034
majority 0,597837 0,000040
maker 0,653926 0,000043
makings 2,813411 0,000187
malacca 2,659260 0,000177
malady 1,309333 0,000087
malay 2,659260 0,000177
malays 2,525729 0,000168
male 0,562119 0,000075
malediction 2,659260 0,000177
malefactor 1,966113 0,000131
malice 0,776529 0,000052
malicious 0,941609 0,000063
maliciously 1,771957 0,000118
malignant 1,139434 0,000076
malignantly 2,407946 0,000160
malignity 1,966113 0,000131
mallet 2,302585 0,000153
maltese 3,506558 0,000233
maltreat 2,207275 0,000147
mammiferous 3,506558 0,000233
mammoth 2,407946 0,000160
manage 0,261365 0,000052
management 0,843970 0,000056
manager 0,597837 0,000040
manchester 2,040221 0,000136
mandible 3,506558 0,000233
mane 1,609438 0,000107
maned 3,912023 0,000260
manes 2,040221 0,000136
manfully 1,771957 0,000118
mangle 1,897120 0,000126
mangrove 2,995732 0,000199
manhandle 3,912023 0,000260
manhood 0,776529 0,000052
manifest 0,478036 0,000064
manifestation 1,139434 0,000076
manifesto 3,218876 0,000214
manifold 1,386294 0,000092
manikin 3,218876 0,000214
manilla 2,995732 0,000199
manillas 3,912023 0,000260
manipulate 2,407946 0,000160
manipulator 3,912023 0,000260
mankind 0,478036 0,000032
manliness 2,407946 0,000160
manly 0,820981 0,000109
manned 1,771957 0,000118
manner 0,040822 0,000003
mannerly 3,506558 0,000233
manners 0,274437 0,000018
mannikin 3,218876 0,000214
mansion 0,820981 0,000055
mantle 0,776529 0,000052
manufacture 1,078810 0,000072
manufacturer 1,966113 0,000131
manufacturing 2,040221 0,000136
manx 3,506558 0,000233
manxman 3,912023 0,000260
map 0,916291 0,000122
maple 2,302585 0,000306
mar 1,108663 0,000147
marble 0,562119 0,000112
marbleized 3,912023 0,000260
march 0,223144 0,000044
marching 1,171183 0,000078
marge 3,506558 0,000233
margin 0,994252 0,000066
marine 1,309333 0,000174
mariner 1,078810 0,000143
maritime 1,966113 0,000131
mark 0,105361 0,000021
marked 0,061875 0,000004
market 0,510826 0,000034
marksman 2,813411 0,000187
marl 3,912023 0,000260
marline 3,912023 0,000260
marling 3,912023 0,000260
marlingspike 3,912023 0,000260
marquee 3,506558 0,000233
marriage 0,314711 0,000021
married 0,248461 0,000017
marrow 1,386294 0,000092
marry 0,356675 0,000024
marsh 1,139434 0,000076
marshal 1,272966 0,000254
marshy 1,966113 0,000131
marten 3,506558 0,000233
martha 2,040221 0,000136
martial 1,469676 0,000098
martin 1,386294 0,000092
martyr 1,272966 0,000085
marvel 0,693147 0,000184
marvellous 0,891598 0,000059
marvellously 1,660731 0,000110
mary 0,693147 0,000046
masculine 1,347074 0,000089
mask 0,673345 0,000134
mason 1,560648 0,000207
masonry 1,832581 0,000122
mass 0,210721 0,000028
massa 2,659260 0,000177
massachusetts 2,207275 0,000147
massacre 1,309333 0,000087
massive 1,049822 0,000070
mast 0,941609 0,000125
masted 2,995732 0,000199
master 0,072571 0,000010
masterless 3,218876 0,000214
masterly 1,832581 0,000122
masters 0,446287 0,000030
mastership 3,218876 0,000214
mastery 1,171183 0,000078
masthead 2,659260 0,000177
mastication 3,912023 0,000260
mastodon 2,813411 0,000374
mat 0,820981 0,000109
match 0,301105 0,000060
mate 0,713350 0,000095
material 0,261365 0,000035
materially 1,771957 0,000118
maternal 1,272966 0,000085
mateship 3,506558 0,000233
mathematical 1,237874 0,000082
mathematically 2,525729 0,000168
mathematics 1,272966 0,000085
matrimonial 2,040221 0,000136
matter 0,000000 0,000000
mattrass 3,912023 0,000260
mattress 1,237874 0,000082
mature 0,941609 0,000125
maty 3,912023 0,000260
maul 2,407946 0,000160
maw 1,966113 0,000131
maxim 1,078810 0,000072
mayhap 2,995732 0,000199
mayst 2,302585 0,000153
maze 1,272966 0,000169
maziness 3,912023 0,000260
mazy 3,506558 0,000233
mead 2,302585 0,000153
meadow 0,733969 0,000098
meagre 1,347074 0,000089
meal 0,261365 0,000035
mealtime 2,813411 0,000187
mealy 3,506558 0,000233
meaning 0,186330 0,000025
meanly 1,514128 0,000101
measure 0,127833 0,000034
measureless 2,659260 0,000177
measurement 1,714798 0,000114
measurer 3,912023 0,000260
meat 0,356675 0,000024
mecca 2,813411 0,000187
mechanical 0,843970 0,000056
mechanically 1,078810 0,000072
medal 1,469676 0,000195
medallion 2,659260 0,000353
meddle 0,994252 0,000066
meddling 1,609438 0,000107
medicament 3,506558 0,000233
medicinally 3,912023 0,000260
medicine 0,562119 0,000037
mediocrity 2,207275 0,000147
meditation 0,776529 0,000103
meditative 1,660731 0,000110
meditativeness 3,912023 0,000260
mediterranean 1,609438 0,000107
medium 0,223144 0,000030
meet 0,010050 0,000002
meeting 0,162519 0,000022
melancholy 0,342490 0,000023
mell 1,609438 0,000107
melodious 1,609438 0,000107
melt 0,385662 0,000077
membrane 2,407946 0,000320
memoirs 1,347074 0,000089
memorable 1,108663 0,000074
memorial 1,139434 0,000076
memory 0,162519 0,000022
menace 1,021651 0,000136
menacing 1,272966 0,000085
mend 0,653926 0,000130
mene 3,506558 0,000233
menial 1,714798 0,000114
mention 0,105361 0,000028
mephistophelean 3,506558 0,000233
merchant 0,494296 0,000066
merchantman 2,207275 0,000147
merciful 0,994252 0,000066
mercifully 2,120264 0,000141
merciless 1,427116 0,000095
mercy 0,210721 0,000014
mere 0,094311 0,000013
merge 1,469676 0,000098
merging 2,407946 0,000160
meridian 1,771957 0,000235
merit 0,371064 0,000049
mermaid 2,813411 0,000374
merman 3,506558 0,000233
merrily 1,272966 0,000085
merry 0,634878 0,000084
mesopotamian 3,912023 0,000260
mess 0,867501 0,000058
message 0,356675 0,000024
messmate 2,302585 0,000153
metal 0,527633 0,000035
metallic 1,514128 0,000101
metaphysical 1,714798 0,000114
metaphysically 3,912023 0,000260
metempsychosis 2,813411 0,000187
methinks 2,407946 0,000160
method 0,094311 0,000013
methodic 3,506558 0,000233
methodical 1,966113 0,000131
methodically 2,120264 0,000141
methodization 3,912023 0,000260
methought 2,207275 0,000147
methuselah 2,659260 0,000177
metre 2,302585 0,000153
metropolis 1,469676 0,000098
metropolitan 1,714798 0,000114
mexico 1,660731 0,000110
miasma 2,995732 0,000199
michael 0,400478 0,000027
michigan 2,995732 0,000199
microscopic 2,207275 0,000147
mid 1,832581 0,000122
midday 1,108663 0,000074
middle 0,030459 0,000002
middling 1,966113 0,000131
midmost 2,813411 0,000187
midnight 0,328504 0,000022
midship 3,912023 0,000520
midst 0,287682 0,000019
midsummer 2,120264 0,000141
midway 1,514128 0,000101
midwifery 2,995732 0,000199
midwinter 2,813411 0,000187
mightily 1,469676 0,000098
mighty 0,328504 0,000065
migrate 1,897120 0,000126
migration 2,813411 0,000187
migratory 2,995732 0,000199
miguel 3,506558 0,000233
mild 0,430783 0,000029
mildew 1,966113 0,000131
mildly 1,171183 0,000078
mildness 1,427116 0,000095
mile 0,174353 0,000023
milestone 2,525729 0,000168
militant 2,302585 0,000153
military 0,616186 0,000041
militia 1,897120 0,000126
milk 0,400478 0,000027
milkiness 3,912023 0,000260
milky 1,714798 0,000114
miller 1,309333 0,000087
milliner 2,525729 0,000168
milling 3,506558 0,000233
millionth 2,995732 0,000199
mills 2,659260 0,000177
mimic 1,427116 0,000095
mince 2,120264 0,000282
mincer 3,912023 0,000260
mincing 1,966113 0,000131
mind 0,020203 0,000003
minded 0,400478 0,000027
mindedness 2,659260 0,000177
miner 2,120264 0,000141
mingle 0,356675 0,000047
miniature 1,139434 0,000151
minister 0,562119 0,000037
ministry 1,660731 0,000110
minor 0,713350 0,000047
mint 1,832581 0,000243
minute 0,150823 0,000030
mirabilis 3,912023 0,000260
miracle 0,597837 0,000040
miraculous 1,171183 0,000078
miriam 2,813411 0,000187
mirror 0,579818 0,000077
mirth 0,776529 0,000052
misanthrope 2,302585 0,000153
misanthropic 2,813411 0,000187
misbehaviour 2,813411 0,000187
miscellaneous 1,771957 0,000118
miscellaneously 3,912023 0,000260
mischief 0,494296 0,000033
mischievous 1,078810 0,000072
miscreant 1,897120 0,000126
misdoubt 2,659260 0,000177
miser 1,560648 0,000104
miserable 0,210721 0,000014
miserably 1,108663 0,000074
miserly 2,302585 0,000153
misery 0,248461 0,000033
misfortune 0,400478 0,000053
misgiving 1,469676 0,000195
misgrown 3,912023 0,000260
mishap 1,660731 0,000221
mislead 0,994252 0,000066
misname 3,218876 0,000214
missent 3,506558 0,000233
missing 1,386294 0,000092
mission 0,210721 0,000014
missionary 1,560648 0,000207
mississippi 0,415515 0,000028
missive 2,207275 0,000147
missouri 2,120264 0,000141
mist 0,430783 0,000057
mistake 0,186330 0,000037
mistaken 0,261365 0,000017
mistiness 3,218876 0,000214
mistress 0,478036 0,000032
mistrust 1,171183 0,000078
misty 1,309333 0,000087
mite 1,714798 0,000114
mitten 2,407946 0,000160
mittened 3,218876 0,000214
mix 0,274437 0,000036
mixing 1,272966 0,000085
mizen 2,995732 0,000199
mizzen 2,813411 0,000187
moan 0,653926 0,000043
mob 1,139434 0,000227
moccasin 2,659260 0,000177
mock 0,478036 0,000127
mockery 0,916291 0,000061
mockingly 1,966113 0,000131
mode 0,579818 0,000077
model 0,510826 0,000068
moderate 0,579818 0,000039
moderately 1,660731 0,000110
moderation 1,108663 0,000074
modern 0,301105 0,000040
modification 0,478036 0,000032
modify 0,356675 0,000071
mogul 2,659260 0,000177
mogulship 3,912023 0,000260
mohawk 3,912023 0,000260
moidore 3,218876 0,000214
moisture 1,108663 0,000074
molasses 2,659260 0,000177
mole 1,203973 0,000160
molest 1,609438 0,000214
molten 1,560648 0,000104
moment 0,010050 0,000001
momentarily 1,832581 0,000122
momentary 0,693147 0,000046
momentous 1,771957 0,000118
momentum 2,525729 0,000168
monadnock 3,912023 0,000260
monarch 1,108663 0,000147
monday 0,891598 0,000059
money 0,051293 0,000003
mong 2,995732 0,000199
monger 2,302585 0,000153
mongrel 2,302585 0,000153
monied 2,995732 0,000199
monition 3,218876 0,000214
monk 1,108663 0,000074
monkey 0,941609 0,000063
monomania 2,525729 0,000168
monomaniac 2,995732 0,000199
monongahela 3,912023 0,000260
monopolising 3,218876 0,000214
monotonous 1,078810 0,000072
monotonously 2,813411 0,000187
monsieur 1,427116 0,000095
monsieurs 3,912023 0,000260
monsoon 2,659260 0,000177
monster 0,527633 0,000070
monstrous 0,400478 0,000027
montgomery 2,659260 0,000177
month 0,040822 0,000005
monument 0,776529 0,000103
monumental 1,966113 0,000131
mood 0,462035 0,000061
moodily 1,966113 0,000131
moodiness 3,218876 0,000214
moody 1,514128 0,000101
moon 0,261365 0,000035
moonlight 0,673345 0,000045
moonlit 1,832581 0,000122
moor 0,994252 0,000198
moorish 2,120264 0,000141
moose 3,218876 0,000214
moot 3,912023 0,000520
mop 1,832581 0,000122
moral 0,301105 0,000040
morally 1,171183 0,000078
morass 2,040221 0,000136
morbid 1,469676 0,000098
morbidness 3,506558 0,000233
mordecai 2,813411 0,000187
morgana 3,912023 0,000260
morn 1,609438 0,000107
morning 0,040822 0,000005
morrow 0,328504 0,000022
morsel 1,021651 0,000068
mortal 0,314711 0,000042
mortality 1,469676 0,000195
mortally 1,514128 0,000101
mortar 1,272966 0,000085
moses 1,139434 0,000076
mosque 2,207275 0,000147
moss 1,049822 0,000139
mossy 1,714798 0,000114
mote 2,407946 0,000160
moth 1,714798 0,000114
mother 0,072571 0,000014
motion 0,223144 0,000059
motionless 0,544727 0,000036
motionlessly 3,506558 0,000233
motive 0,356675 0,000047
motley 1,660731 0,000110
mottled 2,120264 0,000141
motto 1,347074 0,000089
mould 0,755023 0,000100
moulder 2,525729 0,000168
moulding 2,813411 0,000187
mouldy 2,407946 0,000160
mount 0,210721 0,000056
mountain 0,400478 0,000027
mountaineer 2,120264 0,000141
mountainous 1,560648 0,000104
mountains 0,400478 0,000027
mournful 0,941609 0,000063
mourning 0,673345 0,000045
mouse 0,776529 0,000052
moustache 1,514128 0,000101
mout 3,506558 0,000233
mouth 0,061875 0,000008
mouthed 1,660731 0,000110
mouthful 1,237874 0,000164
movable 1,514128 0,000101
movement 0,287682 0,000038
movingly 3,218876 0,000214
mow 1,714798 0,000228
mower 2,207275 0,000293
mss 2,995732 0,000199
mud 0,462035 0,000031
muddled 1,897120 0,000126
muezzin 3,506558 0,000233
muffin 2,407946 0,000160
muffle 1,108663 0,000221
mufti 2,813411 0,000187
mulberry 1,966113 0,000131
mule 0,967584 0,000064
multiplicity 1,714798 0,000114
multiply 0,776529 0,000103
multitude 0,385662 0,000051
multitudinous 2,040221 0,000136
multitudinously 3,912023 0,000260
multum 2,813411 0,000187
mum 2,525729 0,000168
mumble 1,386294 0,000092
mumbling 1,714798 0,000228
mummery 2,525729 0,000168
mummy 1,897120 0,000126
mundane 2,659260 0,000177
mungo 3,218876 0,000214
murder 0,248461 0,000050
murderer 0,733969 0,000049
murderers 1,386294 0,000092
murderous 1,078810 0,000072
murky 1,771957 0,000118
murmur 0,287682 0,000038
murmuring 0,967584 0,000064
murray 2,207275 0,000147
muscle 0,755023 0,000100
muscular 1,203973 0,000080
museum 1,139434 0,000076
music 0,198451 0,000013
musical 0,579818 0,000039
musically 2,525729 0,000168
musk 2,525729 0,000168
musked 3,912023 0,000260
musket 1,514128 0,000201
muskiness 3,912023 0,000260
musky 2,813411 0,000187
mustard 1,714798 0,000114
muster 1,078810 0,000143
mustered 1,832581 0,000122
musty 1,832581 0,000122
mutation 2,995732 0,000199
mute 0,776529 0,000103
mutely 2,207275 0,000147
muteness 3,506558 0,000233
mutilate 1,427116 0,000095
mutineer 2,525729 0,000336
mutinous 2,120264 0,000141
mutiny 1,469676 0,000195
mutter 0,653926 0,000130
muttering 1,049822 0,000070
mutual 0,510826 0,000034
mutually 1,386294 0,000092
muzzle 1,171183 0,000078
myrrh 2,207275 0,000147
mysterious 0,314711 0,000021
mysteriously 1,171183 0,000078
mystery 0,235722 0,000031
mystic 1,108663 0,000074
mystical 1,469676 0,000098
mystically 3,506558 0,000233
mystifications 3,218876 0,000214
mystify 1,609438 0,000107
mythology 1,832581 0,000122
nail 0,356675 0,000095
naked 0,274437 0,000018
nakedness 1,560648 0,000104
nameless 1,078810 0,000072
namelessly 3,912023 0,000260
nap 1,469676 0,000195
nape 1,771957 0,000118
napkin 1,514128 0,000201
napoleon 1,347074 0,000089
nappishness 3,912023 0,000260
narcissus 2,302585 0,000153
narrate 1,203973 0,000240
narration 1,609438 0,000214
narrative 0,579818 0,000039
narrow 0,094311 0,000013
narrowly 1,272966 0,000085
narwhale 3,506558 0,000466
nasty 1,139434 0,000076
nat 2,813411 0,000187
nathan 2,525729 0,000168
nation 0,579818 0,000039
national 0,755023 0,000050
nations 0,673345 0,000045
native 0,314711 0,000042
natural 0,094311 0,000006
naturalist 1,832581 0,000243
naturally 0,210721 0,000014
nature 0,094311 0,000013
natured 0,733969 0,000049
naught 1,347074 0,000089
nautical 1,832581 0,000122
nautilus 2,995732 0,000199
naval 1,386294 0,000092
navel 2,040221 0,000136
navigation 1,272966 0,000085
navigator 1,771957 0,000118
navis 3,912023 0,000260
navy 1,237874 0,000164
nearer 0,400478 0,000027
neat 0,653926 0,000043
neatness 1,514128 0,000101
necessaries 1,386294 0,000092
necessitate 1,714798 0,000228
necessity 0,210721 0,000028
neck 0,174353 0,000023
necklace 1,660731 0,000110
needful 1,108663 0,000074
needle 0,673345 0,000089
needlessly 2,207275 0,000147
negation 2,207275 0,000147
negative 0,916291 0,000122
negatively 2,525729 0,000168
neglect 0,274437 0,000036
negro 0,967584 0,000129
neighbor 1,237874 0,000164
neighborhood 1,171183 0,000078
neighboring 1,386294 0,000092
neighbour 0,510826 0,000034
nelson 2,302585 0,000153
nephew 0,891598 0,000059
nerve 0,371064 0,000025
nervous 0,494296 0,000033
nervously 1,203973 0,000080
nervousness 1,714798 0,000114
nest 0,579818 0,000077
nestle 1,427116 0,000190
netherlands 2,813411 0,000187
neutral 1,609438 0,000107
newcastle 2,207275 0,000147
newfoundland 2,040221 0,000136
newly 0,494296 0,000033
news 0,210721 0,000014
newspaper 0,693147 0,000046
niagara 2,525729 0,000168
nibble 1,609438 0,000107
nice 0,371064 0,000025
nicely 1,021651 0,000068
nicholas 1,771957 0,000118
nick 1,386294 0,000092
niece 1,203973 0,000080
nigh 0,843970 0,000056
night 0,010050 0,000001
nightfall 1,309333 0,000087
nightgown 2,813411 0,000187
nightly 1,171183 0,000078
nightmare 1,171183 0,000078
nile 1,469676 0,000098
nill 3,218876 0,000214
nimble 1,171183 0,000078
nimbly 1,714798 0,000114
nineteenth 1,171183 0,000078
ninetieth 3,912023 0,000260
nipper 2,813411 0,000374
noah 1,514128 0,000101
noble 0,198451 0,000040
nobleman 1,021651 0,000068
nobly 1,309333 0,000087
nod 0,371064 0,000074
noise 0,139262 0,000019
noiseless 1,609438 0,000107
noiselessly 1,237874 0,000082
noiselessness 3,506558 0,000233
noisy 0,776529 0,000052
nomenclature 2,525729 0,000168
nominal 1,714798 0,000114
nominally 2,120264 0,000141
nomine 2,995732 0,000199
nonce 2,813411 0,000187
nondescript 2,407946 0,000160
nonplussed 3,218876 0,000214
nonsense 0,478036 0,000032
nook 1,427116 0,000095
noon 0,430783 0,000029
noose 1,609438 0,000107
normal 1,237874 0,000082
norse 3,506558 0,000233
north 0,083382 0,000006
northern 0,653926 0,000043
northman 3,506558 0,000233
northward 1,203973 0,000080
northwards 2,525729 0,000168
northwest 2,302585 0,000153
norway 2,120264 0,000141
norwegian 2,659260 0,000177
nose 0,261365 0,000035
nosed 1,560648 0,000104
nosegay 2,407946 0,000320
nostril 0,798508 0,000106
notability 2,813411 0,000187
notch 1,832581 0,000243
note 0,094311 0,000019
noteworthy 2,040221 0,000136
nothingness 1,832581 0,000122
notice 0,020203 0,000004
notify 0,371064 0,000025
notion 0,314711 0,000042
notoriety 1,897120 0,000126
notorious 1,049822 0,000070
noun 1,832581 0,000122
nourish 0,916291 0,000122
nourishment 0,994252 0,000066
november 0,544727 0,000036
nowadays 1,139434 0,000076
noways 3,506558 0,000233
nowise 2,525729 0,000168
nudging 2,407946 0,000160
numb 1,514128 0,000101
numberless 2,040221 0,000136
numbness 2,525729 0,000168
numerous 0,235722 0,000016
nun 1,427116 0,000095
nuptial 2,207275 0,000147
nurse 0,301105 0,000020
nursery 1,347074 0,000179
nursing 0,867501 0,000058
nurture 1,660731 0,000110
nut 0,820981 0,000109
nutmeg 2,120264 0,000141
oak 0,673345 0,000045
oaken 2,040221 0,000136
oaks 1,237874 0,000082
oakum 2,813411 0,000187
oar 1,021651 0,000136
oarsman 2,207275 0,000293
oasis 2,302585 0,000153
oath 0,385662 0,000051
oats 1,609438 0,000107
ob 2,407946 0,000160
obedience 0,494296 0,000033
obedient 0,544727 0,000036
obey 0,223144 0,000059
obituary 2,813411 0,000187
object 0,105361 0,000021
objection 0,400478 0,000053
objectionable 1,897120 0,000126
obligation 0,597837 0,000040
oblige 0,210721 0,000028
oblique 1,966113 0,000131
obliquely 2,120264 0,000141
obliquity 2,659260 0,000177
obliterate 1,469676 0,000098
oblivious 1,771957 0,000118
oblong 1,469676 0,000195
obscure 0,478036 0,000127
obscurely 1,832581 0,000122
obscurity 0,967584 0,000064
obsequious 1,560648 0,000104
observable 1,771957 0,000118
observance 1,427116 0,000095
observant 1,309333 0,000087
observation 0,446287 0,000030
observations 0,867501 0,000058
observatory 2,302585 0,000153
observe 0,094311 0,000019
observer 0,820981 0,000055
obsolete 0,446287 0,000030
obstacle 0,510826 0,000034
obstetrics 3,912023 0,000260
obstinacy 1,108663 0,000074
obstinate 0,713350 0,000047
obstinately 1,272966 0,000085
obstreperously 3,912023 0,000260
obstruct 1,309333 0,000087
obtrude 1,897120 0,000126
obvious 0,415515 0,000028
occasion 0,105361 0,000021
occasional 0,510826 0,000034
occasionally 0,371064 0,000025
occult 2,040221 0,000136
occupant 1,203973 0,000160
occupation 0,371064 0,000025
occupy 0,174353 0,000035
occur 0,083382 0,000017
occurrence 0,693147 0,000046
ocean 0,415515 0,000055
octavo 2,813411 0,000187
october 0,653926 0,000043
odd 0,385662 0,000026
oddish 3,912023 0,000260
oddly 1,469676 0,000098
odds 1,108663 0,000074
odious 0,941609 0,000063
odor 1,386294 0,000092
odoriferous 2,995732 0,000199
odorless 3,912023 0,000260
odorous 2,302585 0,000153
offence 0,527633 0,000035
offensive 0,693147 0,000046
offensively 2,525729 0,000168
offer 0,020203 0,000005
office 0,072571 0,000010
officer 0,314711 0,000063
official 0,223144 0,000015
officially 1,966113 0,000131
officiate 2,040221 0,000136
officio 3,506558 0,000233
offing 3,912023 0,000260
offspring 0,994252 0,000066
oft 1,347074 0,000089
oftener 1,049822 0,000070
oftenest 2,302585 0,000153
oftentimes 1,832581 0,000122
ohio 2,407946 0,000160
oil 0,446287 0,000059
oils 2,407946 0,000160
oily 1,771957 0,000118
ointment 1,966113 0,000131
olden 1,966113 0,000131
olfactory 3,506558 0,000233
olive 0,994252 0,000066
omen 1,171183 0,000156
ominous 1,171183 0,000078
omit 0,843970 0,000056
omnipotent 1,660731 0,000110
omnipresence 2,659260 0,000177
omnipresent 2,659260 0,000177
omniscient 2,407946 0,000160
omnisciently 3,912023 0,000260
omnivorous 3,506558 0,000233
oneness 3,218876 0,000214
oneself 1,386294 0,000092
onset 1,469676 0,000195
ontario 3,506558 0,000233
onward 1,108663 0,000074
ooze 1,427116 0,000095
oozy 2,995732 0,000199
opal 2,302585 0,000153
openly 0,494296 0,000033
opera 1,139434 0,000151
operate 0,916291 0,000243
operation 0,478036 0,000064
operator 2,040221 0,000136
ophites 3,506558 0,000233
opine 2,525729 0,000336
opinion 0,105361 0,000014
opium 1,609438 0,000107
opportunity 0,061875 0,000008
oppose 0,579818 0,000077
opposed 0,653926 0,000043
oppositely 3,912023 0,000260
opposition 0,494296 0,000033
optically 3,506558 0,000233
opulence 2,120264 0,000141
opulent 2,120264 0,000141
orange 0,776529 0,000052
orator 1,171183 0,000078
orb 1,514128 0,000101
orbit 1,714798 0,000114
orchard 1,514128 0,000101
orchestra 1,609438 0,000107
ordain 0,891598 0,000118
ordinaire 3,912023 0,000260
ordinarily 1,469676 0,000098
ordinary 0,186330 0,000012
oregon 2,813411 0,000187
organ 0,634878 0,000084
organization 1,469676 0,000098
organized 0,356675 0,000024
orgy 1,771957 0,000118
orient 1,832581 0,000122
oriental 1,108663 0,000074
orientals 2,659260 0,000177
origin 0,527633 0,000035
original 0,105361 0,000007
originally 0,673345 0,000045
originate 1,139434 0,000151
orion 2,302585 0,000153
orison 2,407946 0,000160
orleans 1,966113 0,000131
orlop 3,912023 0,000260
ornament 0,527633 0,000070
ornamental 1,386294 0,000092
ornamented 1,171183 0,000078
orphan 0,798508 0,000106
orthodox 1,386294 0,000092
orthodoxy 2,407946 0,000160
os 2,995732 0,000199
oscillate 2,813411 0,000187
osseous 3,912023 0,000260
ostensible 2,207275 0,000147
ostentatious 2,120264 0,000141
ostentatiously 2,207275 0,000147
ostrich 1,660731 0,000110
ottoman 2,207275 0,000147
ottomans 2,995732 0,000199
ounce 1,427116 0,000095
oust 2,813411 0,000187
outblown 3,912023 0,000260
outbranching 3,912023 0,000260
outburst 1,272966 0,000085
outcry 1,272966 0,000085
outdo 1,660731 0,000110
outer 0,510826 0,000034
outermost 2,302585 0,000153
outfit 1,171183 0,000156
outlandish 1,966113 0,000131
outlandishness 3,912023 0,000260
outlast 2,813411 0,000187
outlaw 2,120264 0,000141
outlet 1,386294 0,000184
outline 0,579818 0,000077
outnumber 2,120264 0,000141
outrage 0,891598 0,000059
outraged 1,272966 0,000085
outrageous 1,386294 0,000092
outreach 3,218876 0,000214
outrider 3,218876 0,000214
outright 1,309333 0,000087
outrun 2,207275 0,000147
outset 1,237874 0,000082
outskirts 1,560648 0,000104
outspread 2,120264 0,000141
outstretch 2,995732 0,000199
outstretched 1,108663 0,000074
outstrip 1,347074 0,000089
outward 0,579818 0,000039
outwardly 1,309333 0,000087
outwards 1,832581 0,000122
outweigh 1,469676 0,000098
outwork 2,407946 0,000160
outyell 3,912023 0,000260
oval 1,560648 0,000104
overawe 2,120264 0,000282
overbalance 2,302585 0,000153
overbearing 1,966113 0,000131
overboard 1,347074 0,000089
overburden 3,506558 0,000233
overcloud 2,813411 0,000187
overcome 0,198451 0,000013
overdo 1,966113 0,000131
overdone 2,207275 0,000147
overflow 0,616186 0,000082
overgrow 3,912023 0,000260
overgrowth 3,218876 0,000214
overhang 1,171183 0,000156
overhead 0,843970 0,000056
overhear 0,994252 0,000132
overladen 2,995732 0,000199
overlap 2,525729 0,000336
overlay 2,207275 0,000147
overleap 2,525729 0,000168
overlook 0,527633 0,000105
overlord 3,218876 0,000214
overmanned 3,912023 0,000260
overmuch 2,040221 0,000136
overpower 0,941609 0,000063
overrule 2,525729 0,000168
overrun 1,469676 0,000195
overrunningly 3,912023 0,000260
oversee 2,040221 0,000271
overshoe 2,995732 0,000199
oversight 2,040221 0,000136
overspread 1,272966 0,000169
overstock 3,218876 0,000214
overstrained 2,207275 0,000147
overswarm 3,912023 0,000260
overtake 0,400478 0,000106
overture 1,347074 0,000089
overwhelmed 0,891598 0,000059
overwhelming 1,049822 0,000070
owe 0,105361 0,000007
owen 2,995732 0,000199
owner 0,083382 0,000011
ox 0,941609 0,000063
oxen 1,427116 0,000095
oxygenate 3,912023 0,000260
oyster 1,203973 0,000080
pace 0,186330 0,000037
pacific 1,560648 0,000104
pacing 1,108663 0,000074
pack 0,579818 0,000077
packed 0,616186 0,000041
packet 1,237874 0,000082
pactolus 3,506558 0,000233
pad 1,560648 0,000104
padded 2,040221 0,000136
paddle 1,386294 0,000368
padlock 2,525729 0,000336
paean 2,995732 0,000199
pagan 1,560648 0,000207
pageant 2,120264 0,000141
pagoda 2,659260 0,000177
pail 1,309333 0,000087
pain 0,051293 0,000007
paine 3,506558 0,000233
pained 1,203973 0,000080
painful 0,328504 0,000022
painfully 0,916291 0,000061
painfulness 3,218876 0,000214
painstaking 2,207275 0,000147
paint 0,274437 0,000055
painter 0,755023 0,000100
painting 0,713350 0,000095
pair 0,210721 0,000028
palace 0,494296 0,000033
palate 1,660731 0,000110
palaver 2,659260 0,000177
pale 0,186330 0,000025
paler 1,386294 0,000092
palest 2,407946 0,000160
palisade 2,120264 0,000141
pall 1,272966 0,000085
pallet 2,407946 0,000160
pallid 1,237874 0,000082
pallidness 3,912023 0,000260
pallor 1,347074 0,000089
palm 0,494296 0,000066
palms 0,820981 0,000055
palmy 2,995732 0,000199
palpable 1,469676 0,000098
palpableness 3,506558 0,000233
palpably 2,995732 0,000199
palsied 2,813411 0,000187
palsy 2,040221 0,000136
paltry 1,203973 0,000080
pampas 2,813411 0,000187
pampered 1,897120 0,000126
pamphlet 1,514128 0,000101
pan 0,755023 0,000100
pandects 3,506558 0,000233
panel 1,203973 0,000240
pang 0,634878 0,000084
panic 1,049822 0,000139
pannier 2,813411 0,000187
panorama 2,659260 0,000177
pantaloon 3,506558 0,000233
pantaloons 2,407946 0,000160
pantheistic 3,506558 0,000233
pantheists 3,912023 0,000260
pantheon 2,525729 0,000168
panther 1,660731 0,000110
panting 0,597837 0,000040
pantomime 1,966113 0,000131
pantry 1,897120 0,000126
pants 1,966113 0,000131
paper 0,083382 0,000017
paracelsus 3,506558 0,000233
parade 0,994252 0,000132
paradise 0,776529 0,000052
parallel 0,843970 0,000112
paralysed 2,120264 0,000141
paralysis 2,120264 0,000141
paramount 1,714798 0,000114
parcel 0,867501 0,000115
parched 1,203973 0,000080
parchingly 3,912023 0,000260
parchment 1,714798 0,000114
pardon 0,287682 0,000019
paregoric 3,506558 0,000233
parent 0,261365 0,000035
parenthesize 3,912023 0,000260
paris 0,562119 0,000037
parisian 1,514128 0,000101
park 0,713350 0,000095
parliament 1,021651 0,000068
parlor 1,660731 0,000221
parricide 1,897120 0,000126
parry 1,832581 0,000122
parsee 3,218876 0,000214
parsley 2,659260 0,000177
parson 1,514128 0,000101
partake 1,021651 0,000068
partaking 1,832581 0,000122
parti 2,525729 0,000168
partial 0,733969 0,000049
partiality 1,427116 0,000095
partially 0,967584 0,000064
participate 1,309333 0,000087
particle 0,967584 0,000129
particulars 0,776529 0,000052
partition 1,139434 0,000076
partly 0,301105 0,000020
partner 0,510826 0,000068
partnership 1,514128 0,000101
partook 1,560648 0,000104
party 0,030459 0,000004
pascal 2,525729 0,000168
pass 0,020203 0,000004
passage 0,105361 0,000014
passant 3,506558 0,000233
passenger 0,653926 0,000087
passer 1,078810 0,000072
passing 0,094311 0,000006
passion 0,174353 0,000023
passionate 0,634878 0,000042
passionately 0,941609 0,000063
passionateness 3,912023 0,000260
passionlessness 3,912023 0,000260
passive 0,941609 0,000063
passively 2,813411 0,000187
passiveness 3,506558 0,000233
passport 1,771957 0,000235
pasteboard 2,659260 0,000177
pasture 1,108663 0,000147
pat 0,776529 0,000052
patagonia 3,506558 0,000233
patagonian 2,995732 0,000199
patch 0,616186 0,000082
patched 1,427116 0,000095
patchwork 2,040221 0,000136
patent 0,941609 0,000063
patentee 3,506558 0,000466
paternal 1,171183 0,000078
paternity 2,525729 0,000168
path 0,150823 0,000010
patience 0,139262 0,000009
patient 0,274437 0,000018
patrician 2,407946 0,000160
patriot 1,560648 0,000104
patrol 1,966113 0,000261
patron 0,776529 0,000052
patronising 2,813411 0,000187
patronize 2,207275 0,000147
pattern 0,597837 0,000040
paul 0,798508 0,000053
paunch 2,207275 0,000147
pauper 1,966113 0,000131
paupered 3,912023 0,000260
pause 0,314711 0,000084
pauselessly 3,912023 0,000260
pave 1,514128 0,000201
paved 1,108663 0,000074
pavement 0,755023 0,000050
paw 1,021651 0,000136
pawn 1,660731 0,000110
pay 0,030459 0,000008
pea 1,386294 0,000092
peace 0,094311 0,000006
peaceable 1,347074 0,000089
peaceful 0,478036 0,000032
peacefully 1,108663 0,000074
peacefulness 2,995732 0,000199
peak 0,916291 0,000183
peaking 3,912023 0,000260
peal 1,078810 0,000072
pealing 2,813411 0,000187
pear 1,660731 0,000110
pearl 0,820981 0,000109
peasant 0,798508 0,000106
pebble 1,108663 0,000074
peck 1,560648 0,000311
peculiar 0,223144 0,000015
peculiarity 0,755023 0,000100
peculiarly 0,755023 0,000050
peddle 2,525729 0,000168
peddler 2,407946 0,000160
pedestal 1,469676 0,000195
pedestrian 1,966113 0,000261
pedigree 1,897120 0,000126
pedlar 2,120264 0,000282
pedro 2,525729 0,000168
peel 1,139434 0,000227
peep 0,634878 0,000127
peer 0,616186 0,000082
peered 1,237874 0,000082
peeringly 3,912023 0,000260
peg 1,139434 0,000151
pelisse 2,525729 0,000168
pell 1,560648 0,000104
pelt 1,386294 0,000184
peltry 3,506558 0,000233
pelvis 3,218876 0,000214
pen 0,235722 0,000063
penal 1,714798 0,000114
penalty 0,820981 0,000055
pencil 0,616186 0,000041
pendant 1,897120 0,000126
pendulous 2,659260 0,000177
pendulum 2,120264 0,000141
penetrate 0,415515 0,000083
peninsula 1,897120 0,000126
pennant 2,995732 0,000199
penniless 1,714798 0,000114
pennon 2,813411 0,000374
penny 0,634878 0,000084
pensive 1,171183 0,000078
peopled 1,514128 0,000101
peopling 2,995732 0,000199
pepper 1,171183 0,000156
peradventure 2,525729 0,000168
perceive 0,198451 0,000040
perceptibility 3,912023 0,000260
perceptible 1,171183 0,000078
perceptibly 1,771957 0,000118
perception 0,967584 0,000064
perch 0,891598 0,000178
perchance 1,386294 0,000092
perdition 1,832581 0,000122
peremptorily 1,660731 0,000110
peremptory 1,714798 0,000114
perennial 1,966113 0,000131
perfect 0,061875 0,000008
perfectly 0,162519 0,000011
perfidious 2,120264 0,000141
perform 0,072571 0,000014
performance 0,127833 0,000017
perfume 0,941609 0,000063
perfumed 1,427116 0,000095
perfumery 3,218876 0,000214
peril 0,693147 0,000092
perilous 0,798508 0,000053
perilously 2,813411 0,000187
perilousness 3,912023 0,000260
period 0,235722 0,000031
periodical 1,514128 0,000101
periodically 2,525729 0,000168
periodicalness 3,912023 0,000260
perish 0,462035 0,000092
perishable 2,120264 0,000141
permanent 0,223144 0,000015
permanently 1,386294 0,000092
permit 0,094311 0,000019
perpendicular 1,386294 0,000092
perpendicularly 2,302585 0,000153
perpetually 1,078810 0,000072
perpetuate 2,040221 0,000271
perplexity 0,755023 0,000050
perquisite 2,813411 0,000187
perry 2,995732 0,000199
persecution 1,108663 0,000074
persecutor 1,897120 0,000126
perseus 2,813411 0,000187
perseverance 1,108663 0,000074
persevere 0,994252 0,000066
persia 1,966113 0,000131
persian 1,139434 0,000151
persist 0,478036 0,000095
person -0,009950 -0,000002
personal 0,223144 0,000015
personality 0,967584 0,000064
personally 0,798508 0,000053
personify 2,040221 0,000136
perspective 1,609438 0,000214
persuade 0,223144 0,000030
persuasion 0,891598 0,000118
persuasiveness 2,995732 0,000199
pert 1,966113 0,000131
pertain 1,832581 0,000365
pertinacious 2,659260 0,000177
pertinaciously 2,995732 0,000199
perturbation 1,771957 0,000118
peru 2,207275 0,000147
perusal 1,272966 0,000085
peruvian 2,813411 0,000187
pervade 1,139434 0,000151
perverse 1,237874 0,000082
pest 1,560648 0,000104
pester 2,040221 0,000136
pestiferously 3,912023 0,000260
pestilent 2,525729 0,000168
peter 0,798508 0,000053
petition 0,941609 0,000063
petrified 1,469676 0,000098
petticoat 1,514128 0,000101
pettiness 2,407946 0,000160
petulance 2,040221 0,000136
pewter 2,120264 0,000141
phantom 0,967584 0,000129
pharaoh 2,207275 0,000147
phase 1,108663 0,000074
phenomenon 0,820981 0,000109
phil 2,407946 0,000160
philanthropist 2,040221 0,000136
philip 1,237874 0,000082
philippe 2,659260 0,000177
philippine 3,506558 0,000233
philistine 2,407946 0,000160
philistines 2,407946 0,000160
philologically 3,912023 0,000260
philopater 3,912023 0,000260
philosopher 0,673345 0,000089
philosophical 1,049822 0,000070
philosophically 2,207275 0,000147
philosophy 0,597837 0,000079
phiz 3,218876 0,000214
phosphorescence 2,813411 0,000187
phrase 0,139262 0,000019
phraseology 2,040221 0,000136
phrenological 3,506558 0,000233
phrenologically 3,912023 0,000260
phrenologist 3,506558 0,000466
phrenology 3,218876 0,000214
phrensied 3,912023 0,000260
phrensy 3,506558 0,000466
physeter 3,506558 0,000233
physical 0,198451 0,000013
physiognomical 3,912023 0,000260
physiognomically 3,912023 0,000260
physiognomist 2,659260 0,000177
physiognomy 1,897120 0,000126
physiologist 2,659260 0,000177
piazza 2,120264 0,000141
pick 0,223144 0,000030
picking 0,634878 0,000042
pickle 1,427116 0,000284
pictorial 2,813411 0,000187
picture 0,139262 0,000019
picturesque 0,755023 0,000050
picturesquely 2,995732 0,000199
picturesqueness 2,659260 0,000177
pie 1,272966 0,000085
piece 0,020203 0,000003
pier 1,347074 0,000179
pierce 0,356675 0,000071
piercer 3,506558 0,000233
piety 1,078810 0,000072
pig 0,544727 0,000036
piggin 3,912023 0,000260
pike 1,347074 0,000179
pilau 3,912023 0,000260
pile 0,328504 0,000087
pilfer 2,659260 0,000177
pilgrim 1,203973 0,000160
pill 1,560648 0,000207
pillage 1,514128 0,000101
pillar 0,597837 0,000079
pillow 0,544727 0,000036
pilot 1,021651 0,000204
pin 0,478036 0,000095
pincers 2,120264 0,000141
pinch 0,843970 0,000056
pinched 1,139434 0,000076
pine 0,462035 0,000061
pinioned 2,207275 0,000147
pinning 3,912023 0,000260
pinny 3,912023 0,000260
pint 1,309333 0,000087
pioneer 1,660731 0,000110
pious 0,733969 0,000049
piously 1,966113 0,000131
pip 2,813411 0,000187
pipe 0,385662 0,000051
piping 1,771957 0,000118
pippin 2,813411 0,000187
pirate 1,108663 0,000147
piratical 2,525729 0,000168
pirouetting 3,506558 0,000233
pisces 2,995732 0,000199
pistol 0,820981 0,000109
pistole 2,659260 0,000177
pit 0,597837 0,000079
pitch 0,261365 0,000069
pitcher 1,560648 0,000207
pitchiest 3,912023 0,000260
piteous 1,272966 0,000085
pitiable 1,347074 0,000089
pitiful 0,798508 0,000053
pitiless 1,347074 0,000089
pity 0,139262 0,000019
pivot 2,040221 0,000136
placard 2,207275 0,000293
placeless 3,912023 0,000260
placelessly 3,912023 0,000260
placid 1,203973 0,000080
placidity 2,525729 0,000168
placidly 1,832581 0,000122
placing 2,659260 0,000177
plague 0,673345 0,000089
plaguey 3,506558 0,000233
plaguy 3,218876 0,000214
plaid 2,040221 0,000136
plain 0,040822 0,000005
plainly 0,261365 0,000017
plains 0,967584 0,000064
plaintiff 2,407946 0,000160
plaintive 1,560648 0,000104
plaintively 2,207275 0,000147
plaintiveness 3,912023 0,000260
plait 2,525729 0,000168
plaited 1,771957 0,000118
plan 0,198451 0,000040
plane 1,171183 0,000233
planet 1,021651 0,000136
planetarily 3,912023 0,000260
planisphere 3,912023 0,000260
plank 0,673345 0,000089
plant 0,186330 0,000025
plantation 1,237874 0,000082
planting 1,560648 0,000104
plaster 0,916291 0,000122
plate 0,314711 0,000042
platform 0,843970 0,000056
platformed 3,912023 0,000260
plato 1,237874 0,000082
platonian 3,912023 0,000260
platonic 2,120264 0,000141
platonist 3,912023 0,000260
platter 2,207275 0,000147
plaudit 3,218876 0,000214
plausible 1,078810 0,000072
play 0,040822 0,000011
player 0,713350 0,000047
playful 1,386294 0,000092
playfully 2,040221 0,000136
plaything 1,386294 0,000092
pleading 2,207275 0,000147
pleasant 0,162519 0,000011
pleasantly 0,820981 0,000055
pleasantness 2,407946 0,000160
pleased 0,150823 0,000010
pleasing 0,653926 0,000043
pleasure 0,051293 0,000003
pleasuring 3,218876 0,000214
pleated 3,912023 0,000260
plebeian 2,040221 0,000136
pledge 0,634878 0,000084
plentiful 1,049822 0,000070
plentifully 1,660731 0,000110
plenty 0,235722 0,000016
plethoric 2,995732 0,000199
pliable 2,525729 0,000168
plight 1,237874 0,000082
pliny 2,659260 0,000177
plough 0,941609 0,000188
pluck 0,371064 0,000049
plug 1,714798 0,000228
plum 1,347074 0,000179
plumage 1,771957 0,000118
plumb 2,120264 0,000282
plume 0,994252 0,000066
plumed 1,832581 0,000122
plummet 2,407946 0,000160
plump 1,021651 0,000136
plunder 0,994252 0,000066
plunge 0,314711 0,000063
plungingly 3,912023 0,000260
plurality 2,120264 0,000141
plutarch 1,966113 0,000131
ply 1,021651 0,000204
pocket 0,371064 0,000074
pod 2,995732 0,000398
poem 0,798508 0,000053
poet 0,544727 0,000072
poetic 1,309333 0,000087
poetical 1,514128 0,000101
pointless 2,207275 0,000147
poise 1,203973 0,000160
poising 2,813411 0,000187
poison 0,371064 0,000025
poisonous 1,272966 0,000085
poke 0,941609 0,000125
poker 1,660731 0,000110
poky 2,813411 0,000187
poland 1,832581 0,000122
polar 1,966113 0,000131
pole 0,494296 0,000099
police 0,755023 0,000050
policeman 1,237874 0,000164
policy 0,820981 0,000055
polish 1,108663 0,000147
polished 0,673345 0,000045
polite 0,693147 0,000046
politely 1,078810 0,000072
politeness 0,798508 0,000053
political 0,562119 0,000037
pollard 2,995732 0,000199
poltroon 2,813411 0,000187
poly 3,912023 0,000260
polynesia 3,506558 0,000233
polynesian 2,813411 0,000374
pomatum 2,995732 0,000199
pommel 2,120264 0,000141
pomp 0,994252 0,000132
pompey 2,040221 0,000136
poncho 3,912023 0,000520
pond 0,994252 0,000066
ponder 0,820981 0,000109
ponderosity 3,912023 0,000260
ponderous 1,203973 0,000080
poniard 2,120264 0,000282
pony 1,469676 0,000098
pooh 1,514128 0,000101
pool 0,693147 0,000046
poop 2,302585 0,000153
poor 0,020203 0,000003
pop 1,203973 0,000240
pope 0,941609 0,000063
popular 0,430783 0,000029
popularize 3,218876 0,000214
popularly 1,966113 0,000131
population 0,941609 0,000063
populous 1,386294 0,000092
populousness 3,218876 0,000214
porch 0,891598 0,000118
porcupine 2,407946 0,000160
pore 1,203973 0,000160
pork 1,272966 0,000085
porpoise 2,659260 0,000353
port 0,579818 0,000077
portable 2,207275 0,000147
portcullis 3,218876 0,000214
portent 2,120264 0,000282
portentous 1,714798 0,000114
portentousness 3,912023 0,000260
porter 0,941609 0,000063
porthole 3,218876 0,000214
portion 0,301105 0,000040
portly 1,609438 0,000107
portrait 0,597837 0,000079
portugal 2,120264 0,000141
portuguese 1,966113 0,000131
porus 3,912023 0,000260
poser 2,995732 0,000199
position 0,162519 0,000011
positive 0,597837 0,000040
positively 0,776529 0,000052
posse 2,207275 0,000147
possess 0,061875 0,000016
possession 0,083382 0,000011
possibility 0,150823 0,000020
post 0,051293 0,000007
posterity 1,139434 0,000076
postman 2,207275 0,000147
postpone 1,021651 0,000136
postscript 1,771957 0,000118
posture 0,967584 0,000064
posy 3,218876 0,000214
pot 0,478036 0,000064
potato 1,078810 0,000072
potency 2,302585 0,000306
potent 1,309333 0,000087
potentate 2,302585 0,000153
potion 2,040221 0,000136
potluck 3,912023 0,000260
pott 3,912023 0,000260
potter 1,171183 0,000078
pottery 2,302585 0,000153
pouch 1,514128 0,000101
pounce 1,469676 0,000098
pound 0,314711 0,000063
pour 0,116534 0,000031
pout 1,832581 0,000122
poverty 0,446287 0,000030
powder 0,597837 0,000119
power 0,030459 0,000004
powerful 0,223144 0,000015
powerfully 1,714798 0,000114
powerless 1,139434 0,000076
pox 2,407946 0,000160
practicable 1,309333 0,000087
practical 0,494296 0,000033
practically 0,235722 0,000016
practice 0,116534 0,000008
practise 0,510826 0,000034
prairie 1,966113 0,000261
praise 0,274437 0,000018
prate 1,714798 0,000228
pray 0,261365 0,000052
prayer 0,287682 0,000038
preach 0,755023 0,000050
preacher 1,049822 0,000070
preaching 1,309333 0,000087
precaution 0,733969 0,000049
precautionary 3,506558 0,000233
precede 0,385662 0,000102
precedence 1,966113 0,000131
precedent 1,469676 0,000098
precinct 1,427116 0,000095
precious 0,162519 0,000011
preciousness 3,912023 0,000260
precipice 1,021651 0,000068
precipitancy 3,218876 0,000214
precipitate 1,078810 0,000072
precise 0,776529 0,000052
precisely 0,510826 0,000034
precision 0,798508 0,000053
predecessor 1,049822 0,000139
predestinate 2,995732 0,000199
predestinating 3,912023 0,000260
predicament 1,469676 0,000098
predict 1,139434 0,000076
prediction 1,386294 0,000184
predominate 1,469676 0,000098
preeminence 2,813411 0,000187
preface 0,713350 0,000047
prefecture 2,995732 0,000199
prefer 0,174353 0,000035
prefigure 3,218876 0,000214
prefix 2,040221 0,000136
pregnant 1,272966 0,000085
prehensile 3,912023 0,000260
prejudice 0,579818 0,000039
preliminary 0,941609 0,000125
preluding 3,506558 0,000233
prelusive 3,912023 0,000260
premature 1,203973 0,000080
prematurely 1,427116 0,000095
premeditated 2,407946 0,000160
premise 0,891598 0,000118
premium 1,832581 0,000122
premonitory 2,407946 0,000160
preparation 0,328504 0,000044
preparative 3,218876 0,000428
prepare 0,116534 0,000023
prepared 0,105361 0,000007
preposterous 1,609438 0,000107
presage 2,040221 0,000136
presaging 2,659260 0,000177
presbyterian 2,407946 0,000320
prescience 2,659260 0,000177
prescient 3,912023 0,000260
prescribe 0,776529 0,000052
prescription 1,469676 0,000098
prescriptive 3,912023 0,000260
presence 0,094311 0,000006
presentation 1,386294 0,000092
presentiment 1,427116 0,000190
presently 0,385662 0,000026
presentment 2,407946 0,000160
preserve 0,083382 0,000017
preserver 1,897120 0,000252
preside 0,843970 0,000224
presidency 2,659260 0,000177
president 1,049822 0,000070
press 0,105361 0,000014
pressed 0,274437 0,000018
pressure 0,527633 0,000035
prestige 2,302585 0,000153
presto 2,813411 0,000187
presumable 3,218876 0,000214
presume 0,462035 0,000092
presumption 0,994252 0,000066
pretend 0,186330 0,000025
preternatural 2,525729 0,000168
preternaturalness 3,912023 0,000260
pretty 0,150823 0,000010
prevail 0,287682 0,000057
prevalent 1,309333 0,000087
prevent 0,040822 0,000008
preventer 3,912023 0,000260
previous 0,094311 0,000006
prey 0,478036 0,000032
price 0,314711 0,000042
prick 0,843970 0,000112
pricking 1,966113 0,000131
pride 0,150823 0,000010
priest 0,616186 0,000082
primal 2,407946 0,000160
primary 1,660731 0,000110
prime 0,653926 0,000043
primer 2,407946 0,000320
primeval 1,897120 0,000126
primitive 0,916291 0,000061
primitively 3,506558 0,000233
prince 0,462035 0,000061
princely 1,714798 0,000114
princess 1,237874 0,000082
principal 0,287682 0,000019
principle 0,274437 0,000036
print 0,116534 0,000023
printing 1,469676 0,000098
prior 1,237874 0,000082
priority 2,525729 0,000168
prison 0,248461 0,000017
prisoner 0,356675 0,000047
private 0,198451 0,000013
privateer 2,659260 0,000177
privation 1,427116 0,000190
privilege 0,527633 0,000035
privileges 1,021651 0,000068
prize 0,494296 0,000066
proa 3,912023 0,000260
probability 0,733969 0,000098
probable 0,494296 0,000033
probationary 2,995732 0,000199
probe 1,660731 0,000110
problematical 2,813411 0,000187
procedure 1,832581 0,000243
proceed 0,116534 0,000015
proceeding 0,510826 0,000034
proceedings 0,713350 0,000047
proceeds 0,916291 0,000061
process 0,400478 0,000027
procession 0,693147 0,000092
proclaim 0,527633 0,000035
proclamation 1,609438 0,000107
procure 0,415515 0,000083
prodigious 1,021651 0,000068
prodigiously 1,714798 0,000114
prodigy 1,469676 0,000195
prodromus 3,912023 0,000260
produce 0,061875 0,000016
production 0,274437 0,000018
productive 1,469676 0,000098
profane 1,021651 0,000136
profanely 2,813411 0,000187
profess 0,616186 0,000041
profession 0,446287 0,000059
professional 0,820981 0,000055
professor 0,261365 0,000035
proffer 1,560648 0,000104
profile 1,347074 0,000179
profit 0,083382 0,000011
profitable 0,891598 0,000059
profitably 2,525729 0,000168
profound 0,446287 0,000059
profounder 2,407946 0,000160
profoundly 0,994252 0,000066
profundity 2,525729 0,000336
profuse 1,609438 0,000107
profusion 1,347074 0,000089
progenitor 2,040221 0,000136
progeny 1,897120 0,000126
programme 1,560648 0,000104
progress 0,162519 0,000011
progression 1,966113 0,000131
progressive 1,771957 0,000118
project -0,009950 -0,000003
projection 1,714798 0,000114
prolonged 0,597837 0,000040
promenade 1,771957 0,000118
prometheus 2,302585 0,000153
prominence 1,660731 0,000110
prominent 0,967584 0,000064
promiscuously 2,525729 0,000168
promise 0,051293 0,000010
promising 0,430783 0,000029
promissory 2,813411 0,000187
promontory 1,427116 0,000190
promotion 0,342490 0,000023
prompt 0,478036 0,000032
promptitude 2,120264 0,000141
prone 1,078810 0,000072
pronged 2,813411 0,000187
pronounce 0,798508 0,000053
pronounced 0,446287 0,000030
proof 0,274437 0,000018
proofreader 3,912023 0,000260
prop 0,941609 0,000188
propel 1,714798 0,000114
propeller 2,813411 0,000187
propensity 1,347074 0,000089
proper 0,061875 0,000004
properly 0,385662 0,000026
property 0,127833 0,000017
prophecy 1,021651 0,000136
prophesies 3,506558 0,000233
prophesy 1,309333 0,000174
prophet 0,867501 0,000115
prophetic 1,560648 0,000104
propontis 2,995732 0,000199
proportion 0,235722 0,000047
proportionate 1,771957 0,000118
propose 0,186330 0,000025
proprietor 0,967584 0,000129
propriety 0,843970 0,000056
propulsion 3,506558 0,000233
prose 1,021651 0,000068
prosecute 1,078810 0,000072
prosecution 1,203973 0,000080
prospect 0,430783 0,000029
prospectively 3,912023 0,000260
prospects 1,203973 0,000080
prosperous 0,891598 0,000059
prostrate 0,673345 0,000045
prostration 1,966113 0,000131
protect 0,139262 0,000028
protection 0,314711 0,000021
protest 0,342490 0,000046
protestant 1,514128 0,000101
protract 1,427116 0,000095
protrude 1,203973 0,000160
protrusion 2,995732 0,000199
protuberance 2,813411 0,000187
prouder 1,966113 0,000131
proudly 0,733969 0,000049
prove 0,083382 0,000022
proverb 1,108663 0,000074
proverbial 1,771957 0,000118
proverbially 3,218876 0,000214
provide 0,127833 0,000017
providence 0,693147 0,000046
provident 2,407946 0,000160
providential 2,040221 0,000136
providentially 2,659260 0,000177
province 0,776529 0,000103
provincial 1,203973 0,000080
provision 0,094311 0,000006
provocation 1,049822 0,000070
provoke 0,510826 0,000068
prow 1,714798 0,000228
prowl 1,309333 0,000087
prudent 0,616186 0,000041
prudential 2,407946 0,000160
prudently 1,514128 0,000101
pruning 2,659260 0,000177
pry 1,139434 0,000151
psalmody 2,407946 0,000160
psalms 1,609438 0,000107
ptolemy 2,525729 0,000168
public 0,083382 0,000006
publicly 0,994252 0,000066
publish 0,478036 0,000032
publisher 1,237874 0,000082
pudding 1,386294 0,000184
puff 0,733969 0,000146
puffing 1,771957 0,000118
pugilist 3,506558 0,000233
pugnacious 2,659260 0,000177
puissant 2,813411 0,000187
pull 0,127833 0,000034
pulpit 1,171183 0,000156
pulpy 2,995732 0,000199
pulsation 2,407946 0,000160
pulse 0,733969 0,000049
pulverize 2,995732 0,000199
pump 1,108663 0,000147
pumping 2,302585 0,000153
punch 1,203973 0,000160
punchbowl 3,912023 0,000260
puncheon 2,659260 0,000177
punctilious 2,207275 0,000147
punctiliously 3,218876 0,000214
punctual 1,309333 0,000087
punctually 1,832581 0,000122
puncture 2,207275 0,000293
punish 0,314711 0,000021
punishment 0,287682 0,000019
pupil 0,579818 0,000039
purchase 0,400478 0,000053
pure 0,139262 0,000019
purely 0,713350 0,000047
purge 1,427116 0,000095
puritanic 3,506558 0,000233
puritans 2,525729 0,000168
purple 0,616186 0,000041
purplish 2,813411 0,000187
purport 1,469676 0,000098
purpose 0,040822 0,000005
purposed 1,832581 0,000122
purposeless 2,120264 0,000141
purposely 1,171183 0,000078
purposing 2,525729 0,000168
purr 2,207275 0,000147
purse 0,562119 0,000075
pursue 0,186330 0,000037
pursuer 1,272966 0,000085
pursuit 0,287682 0,000038
purty 2,995732 0,000199
push 0,139262 0,000037
puzzle 0,941609 0,000063
puzzled 0,494296 0,000033
puzzling 1,560648 0,000104
pyramid 1,660731 0,000110
pyramidical 3,912023 0,000260
pyramids 1,514128 0,000101
pyre 2,040221 0,000136
pythagoras 2,407946 0,000160
pythagorean 2,659260 0,000177
quadrant 2,525729 0,000168
quadruped 2,302585 0,000306
quaff 2,302585 0,000306
quahog 3,912023 0,000260
quail 1,469676 0,000098
quaint 1,021651 0,000068
quaintness 2,995732 0,000199
quake 1,832581 0,000122
quaker 2,120264 0,000141
quakeress 3,218876 0,000214
quakerish 3,506558 0,000233
quakerism 3,506558 0,000233
quakers 2,813411 0,000187
qualified 0,967584 0,000064
quality 0,186330 0,000025
quantity 0,478036 0,000032
quarantine 2,659260 0,000177
quarrel 0,287682 0,000019
quarrelsome 1,771957 0,000118
quarrelsomely 3,912023 0,000260
quarry 1,171183 0,000078
quart 1,714798 0,000114
quarter 0,105361 0,000014
quarto 2,040221 0,000136
quay 1,966113 0,000131
quebec 3,218876 0,000214
queen 0,415515 0,000028
queenly 2,302585 0,000153
queens 1,660731 0,000110
queer 0,776529 0,000103
quenchless 2,995732 0,000199
quest 0,776529 0,000052
question 0,020203 0,000004
questionable 1,714798 0,000114
questionably 3,912023 0,000260
questioning 0,755023 0,000100
quick 0,127833 0,000025
quicken 0,798508 0,000106
quicksand 2,302585 0,000153
quicksilver 2,407946 0,000160
quid 1,966113 0,000131
quiescence 2,813411 0,000187
quiescent 2,659260 0,000177
quiet 0,094311 0,000013
quietly 0,261365 0,000017
quietude 2,659260 0,000177
quill 1,897120 0,000126
quills 2,813411 0,000187
quilt 1,609438 0,000107
quilted 2,813411 0,000187
quit 0,462035 0,000123
quito 3,506558 0,000233
quiver 0,494296 0,000131
quohog 3,912023 0,000520
quoin 3,912023 0,000520
quote 0,755023 0,000100
rabbins 3,912023 0,000260
rabble 1,771957 0,000118
rabelais 2,813411 0,000187
rabid 2,659260 0,000177
race 0,162519 0,000032
rachel 2,120264 0,000141
racing 1,427116 0,000095
rack 0,673345 0,000045
racket 2,040221 0,000136
rad 3,912023 0,000260
radiance 1,139434 0,000076
radiant 0,867501 0,000058
radiate 1,897120 0,000252
radical 2,040221 0,000136
raft 1,832581 0,000243
rafter 1,714798 0,000114
rag 0,693147 0,000092
ragamuffin 2,302585 0,000153
rage 0,139262 0,000019
ragged 0,776529 0,000052
rail 0,579818 0,000077
railing 1,237874 0,000082
railroad 1,609438 0,000107
railway 1,171183 0,000156
raiment 1,660731 0,000110
rain 0,150823 0,000020
rainbow 1,171183 0,000156
rainy 0,967584 0,000064
raise 0,020203 0,000005
rake 1,139434 0,000227
rally 1,021651 0,000204
ram 0,994252 0,000198
ramadan 3,912023 0,000260
ramble 1,427116 0,000095
rambling 1,714798 0,000114
ramify 3,912023 0,000260
rampart 1,560648 0,000207
random 0,967584 0,000064
range 0,328504 0,000065
rank 0,223144 0,000030
rap 1,021651 0,000136
rapacious 2,040221 0,000136
rape 2,040221 0,000136
raphael 1,897120 0,000126
rapid 0,371064 0,000025
rapidity 0,820981 0,000055
rapidly 0,371064 0,000025
rapscallion 3,218876 0,000214
rapt 1,469676 0,000098
rapture 0,820981 0,000055
rare 0,261365 0,000017
rarely 0,527633 0,000035
rarity 1,609438 0,000107
rascal 0,867501 0,000115
rascally 1,714798 0,000114
rat 0,867501 0,000115
rate 0,261365 0,000035
ratification 2,525729 0,000168
ratify 1,966113 0,000131
rattle 0,616186 0,000041
rattler 3,506558 0,000233
rattling 0,916291 0,000061
rave 1,272966 0,000085
raven 1,386294 0,000092
ravenous 1,514128 0,000101
ravens 1,897120 0,000126
ravine 1,771957 0,000118
raving 1,309333 0,000087
ravish 1,771957 0,000118
raw 0,713350 0,000047
ray 0,462035 0,000061
razee 3,912023 0,000260
razor 1,609438 0,000214
reach 0,000000 0,000000
read 0,020203 0,000004
reader 0,301105 0,000020
readiness 0,634878 0,000042
ready 0,030459 0,000002
real 0,040822 0,000003
reality 0,301105 0,000040
realize 0,693147 0,000092
reap 0,673345 0,000134
reaper 1,966113 0,000131
reappear 1,203973 0,000080
reappearance 1,832581 0,000122
rear 0,371064 0,000074
rearward 2,995732 0,000199
reason 0,010050 0,000001
reasonable 0,116534 0,000008
reasonableness 1,832581 0,000122
reasoning 0,713350 0,000047
rebel 0,733969 0,000195
rebellion 0,941609 0,000063
rebound 1,714798 0,000114
rebut 3,218876 0,000214
recall 0,235722 0,000031
recede 0,916291 0,000122
receive 0,040822 0,000011
receptacle 1,832581 0,000122
reception 0,693147 0,000046
receptive 2,813411 0,000187
rechristen 2,995732 0,000199
reciprocal 1,897120 0,000126
reciprocally 2,813411 0,000187
reciprocating 3,218876 0,000214
reckless 1,049822 0,000070
recklessly 1,832581 0,000122
recklessness 1,660731 0,000110
reckon 0,385662 0,000051
reckoning 0,843970 0,000056
recline 1,108663 0,000147
recluse 2,040221 0,000136
recluseness 3,912023 0,000260
recognise 0,843970 0,000112
recognition 0,713350 0,000047
recoil 1,272966 0,000085
recollect 0,562119 0,000037
recollection 0,527633 0,000035
recommend 0,400478 0,000053
reconcile 0,597837 0,000040
recondite 2,813411 0,000187
record 0,223144 0,000044
recount 1,021651 0,000068
recover 0,127833 0,000025
recovery 0,616186 0,000041
recreate 2,207275 0,000147
recross 2,302585 0,000306
recruit 1,309333 0,000087
recumbent 2,659260 0,000177
recur 0,941609 0,000188
red 0,061875 0,000008
redden 1,171183 0,000156
reddish 1,386294 0,000092
redeem 0,776529 0,000052
redeeming 1,771957 0,000118
redness 2,040221 0,000136
redolent 2,659260 0,000177
redouble 1,309333 0,000087
redoubted 3,506558 0,000233
reduce 0,314711 0,000021
redundant 2,302585 0,000153
reef 1,514128 0,000302
reefing 3,912023 0,000260
reel 0,820981 0,000164
reelingly 3,912023 0,000260
reeve 3,218876 0,000214
reeved 3,912023 0,000260
refer 0,223144 0,000044
reference 0,198451 0,000013
refill 2,207275 0,000147
refining 2,659260 0,000177
refiningly 3,912023 0,000260
reflect 0,235722 0,000016
reflection 0,274437 0,000036
reform 0,891598 0,000059
refrain 0,597837 0,000040
refresh 0,446287 0,000030
refrigerator 3,506558 0,000233
refuge 0,446287 0,000030
refugee 2,302585 0,000153
refuse 0,083382 0,000022
regain 0,634878 0,000042
regal 1,897120 0,000126
regale 2,040221 0,000136
regard 0,083382 0,000011
regardful 3,218876 0,000214
regent 1,660731 0,000110
regiment 0,967584 0,000064
regina 2,813411 0,000187
region 0,462035 0,000061
regular 0,287682 0,000019
regularity 1,021651 0,000068
regularly 0,616186 0,000041
regulate 0,210721 0,000014
regulations 1,237874 0,000082
rehearse 1,832581 0,000365
reign 0,430783 0,000114
rein 0,867501 0,000058
reinforce 1,771957 0,000118
reinforcement 2,040221 0,000136
reiterate 1,309333 0,000174
reject 0,478036 0,000032
rejection 1,609438 0,000107
rejoice 0,400478 0,000053
rejoin 0,776529 0,000052
rejoinder 1,832581 0,000122
relapse 1,021651 0,000068
relate 0,415515 0,000028
relation 0,223144 0,000030
relative 0,462035 0,000061
relaxed 0,994252 0,000066
relent 1,609438 0,000214
reliable 1,609438 0,000107
reliably 3,912023 0,000260
reliance 1,469676 0,000098
relic 0,867501 0,000058
relief 0,186330 0,000012
relieve 0,198451 0,000040
relievo 3,506558 0,000233
religion 0,415515 0,000055
religionist 3,912023 0,000260
religious 0,446287 0,000030
relinquish 0,916291 0,000061
relish 0,916291 0,000061
reluctantly 0,941609 0,000063
rely 0,579818 0,000077
remain 0,040822 0,000008
remainder 0,597837 0,000040
remains 0,150823 0,000010
remark 0,223144 0,000044
remarkable 0,235722 0,000016
remarkably 0,733969 0,000049
remarks 0,462035 0,000031
remember 0,030459 0,000006
remembrance 0,733969 0,000098
remind 0,301105 0,000080
reminiscence 1,469676 0,000195
remnant 1,049822 0,000139
remonstrance 1,171183 0,000156
remonstrate 1,386294 0,000276
remorse 0,755023 0,000050
remorseless 2,207275 0,000147
remorselessly 2,525729 0,000168
remote 0,478036 0,000095
remount 1,966113 0,000131
remove 0,040822 0,000008
remunerative 2,659260 0,000177
rend 0,994252 0,000132
render 0,186330 0,000050
renegade 2,302585 0,000153
renew 0,314711 0,000021
renounce 0,941609 0,000188
renown 1,309333 0,000087
renowned 1,171183 0,000078
rent 0,510826 0,000034
repair 0,342490 0,000068
repartee 2,525729 0,000168
repassing 2,525729 0,000168
repast 1,139434 0,000076
repeat 0,051293 0,000010
repeatedly 1,108663 0,000074
repel 0,967584 0,000257
repellingly 3,506558 0,000233
repent 0,634878 0,000084
repentance 0,798508 0,000053
repentant 1,832581 0,000122
repetition 0,713350 0,000095
replace 0,198451 0,000040
replenish 1,203973 0,000240
reply 0,105361 0,000014
report 0,051293 0,000014
repose 0,494296 0,000066
reposing 1,771957 0,000118
reprehensible 2,120264 0,000141
represent 0,210721 0,000056
repress 0,867501 0,000058
reprimand 1,386294 0,000092
reproach 0,301105 0,000020
reproachfully 1,714798 0,000114
reptile 1,609438 0,000107
republica 3,506558 0,000233
republican 1,514128 0,000101
repugnance 1,386294 0,000092
reputation 0,342490 0,000023
repute 1,108663 0,000147
request 0,105361 0,000007
requiem 2,525729 0,000168
requin 3,506558 0,000233
require 0,051293 0,000010
required 0,083382 0,000006
requisite 1,078810 0,000072
requisition 1,966113 0,000131
rescue 0,494296 0,000099
resemblance 0,713350 0,000095
resemble 0,400478 0,000106
resent 0,820981 0,000055
resentment 0,798508 0,000053
reservation 1,609438 0,000107
reserve 0,400478 0,000053
reservoir 2,302585 0,000306
reside 0,713350 0,000142
resident 1,203973 0,000080
residuary 3,218876 0,000214
residue 2,207275 0,000147
resign 0,693147 0,000092
resist 0,274437 0,000036
resistance 0,430783 0,000029
resolutely 1,108663 0,000074
resolution 0,385662 0,000026
resolve 0,287682 0,000076
resort 0,733969 0,000098
resound 0,916291 0,000122
respect 0,040822 0,000008
respectable 0,430783 0,000029
respectful 0,755023 0,000050
respectfully 1,139434 0,000076
respective 1,171183 0,000078
respects 0,527633 0,000035
respiration 2,040221 0,000271
respire 2,813411 0,000187
respite 1,427116 0,000095
resplendent 1,514128 0,000101
respond 0,693147 0,000092
response 0,843970 0,000112
responsibility 0,733969 0,000049
responsible 0,693147 0,000046
rest 0,010050 0,000003
restless 0,478036 0,000032
restlessness 1,347074 0,000089
restore 0,223144 0,000044
restrain 0,579818 0,000039
restrained 0,776529 0,000052
restraint 0,713350 0,000047
restrict 1,427116 0,000190
result 0,174353 0,000012
resume 0,301105 0,000060
resurrection 1,309333 0,000174
retain 0,235722 0,000063
retake 2,040221 0,000271
retard 1,832581 0,000122
retarded 1,832581 0,000122
retention 2,525729 0,000168
retentive 2,302585 0,000153
reticule 2,659260 0,000177
retire 0,415515 0,000055
retired 0,342490 0,000023
retrace 1,237874 0,000247
retreat 0,342490 0,000091
retribution 1,714798 0,000114
return 0,010050 0,000003
reveal 0,223144 0,000044
revel 0,994252 0,000132
revelation 0,693147 0,000092
reveller 2,120264 0,000141
revelry 2,407946 0,000160
revenge 0,462035 0,000031
revengeful 1,469676 0,000098
revenue 0,342490 0,000023
reverberate 2,120264 0,000141
reverberation 2,407946 0,000160
revere 1,427116 0,000095
reverence 0,579818 0,000077
reverend 1,272966 0,000085
reverential 1,897120 0,000126
reverentially 3,506558 0,000233
reverie 1,203973 0,000160
reverse 0,527633 0,000070
reversed 1,171183 0,000078
revery 3,506558 0,000233
review 0,693147 0,000046
revival 1,714798 0,000114
revive 0,510826 0,000068
revivified 3,912023 0,000260
revolution 0,634878 0,000042
revolve 0,776529 0,000206
revolvingly 3,912023 0,000260
revulsion 1,609438 0,000107
reward 0,174353 0,000012
rex 2,995732 0,000199
rhenish 3,506558 0,000233
rheumatic 2,207275 0,000147
rhodes 2,659260 0,000177
rhubarb 2,995732 0,000199
rhyme 1,237874 0,000082
rib 0,843970 0,000168
ribbon 0,843970 0,000112
ribby 3,912023 0,000260
rich 0,116534 0,000015
richard 1,021651 0,000068
richardson 2,207275 0,000147
richly 0,891598 0,000059
richness 1,469676 0,000098
rickety 1,660731 0,000110
rid 0,223144 0,000015
riddle 0,891598 0,000118
ride 0,261365 0,000069
rider 0,967584 0,000064
ridge 0,891598 0,000118
ridiculous 0,478036 0,000032
rifle 1,078810 0,000215
rig 1,272966 0,000169
rigadig 3,912023 0,000260
rigger 2,995732 0,000398
rigging 1,771957 0,000118
righteous 1,203973 0,000080
righteousness 1,427116 0,000095
rightly 0,430783 0,000029
rights 2,813411 0,000187
rigid 0,820981 0,000055
rigorous 1,560648 0,000104
rim 1,427116 0,000095
rimmed 2,040221 0,000136
rinaldo 3,218876 0,000214
rind 2,302585 0,000153
ringbolt 3,912023 0,000260
ringleader 2,525729 0,000168
rio 2,407946 0,000160
riot 1,171183 0,000078
rioting 2,120264 0,000141
riotous 1,897120 0,000126
riotously 3,506558 0,000233
rip 1,021651 0,000204
ripe 0,820981 0,000055
ripen 0,941609 0,000063
ripple 0,820981 0,000164
ripplingly 3,912023 0,000260
rise 0,030459 0,000010
rising 2,525729 0,000168
risk 0,301105 0,000060
ritual 1,966113 0,000131
rival 0,494296 0,000066
river 0,174353 0,000012
rivers 0,713350 0,000047
rivet 1,309333 0,000174
road 0,116534 0,000008
roanoke 3,506558 0,000233
roar 0,356675 0,000047
roaring 0,693147 0,000046
roast 0,798508 0,000053
roasted 1,272966 0,000085
rob 0,356675 0,000047
robber 0,653926 0,000043
robe 0,673345 0,000089
robed 1,897120 0,000126
robert 1,078810 0,000072
robust 0,967584 0,000064
robustness 3,912023 0,000260
rock 0,186330 0,000037
rockaway 3,506558 0,000233
rocket 2,120264 0,000282
rocking 1,347074 0,000089
rocky 1,049822 0,000070
rod 0,616186 0,000082
rogers 2,659260 0,000177
rogue 1,272966 0,000085
rogues 1,660731 0,000110
roll 0,150823 0,000040
rollicking 2,813411 0,000187
rolling 3,506558 0,000233
roman 0,713350 0,000095
romantic 0,891598 0,000059
rome 0,713350 0,000047
romish 3,218876 0,000214
rood 2,659260 0,000177
roof 0,186330 0,000037
roomy 2,120264 0,000141
roost 1,660731 0,000110
root 0,235722 0,000047
rope 0,430783 0,000057
rose 0,941609 0,000063
ross 2,302585 0,000153
rostrated 3,912023 0,000260
rosy 1,078810 0,000072
rot 0,798508 0,000053
rotation 2,659260 0,000177
rotten 0,941609 0,000063
rotund 2,995732 0,000199
rough 0,186330 0,000012
roughly 0,544727 0,000036
roundabout 1,771957 0,000118
rounded 1,021651 0,000068
rounder 3,506558 0,000233
rounding 3,912023 0,000260
roundly 2,120264 0,000141
roundness 2,302585 0,000153
rouse 0,494296 0,000099
rousing 1,514128 0,000101
rousseau 1,897120 0,000126
rout 1,560648 0,000104
route 0,713350 0,000095
routine 1,237874 0,000082
rover 1,832581 0,000122
roving 1,469676 0,000098
row 0,385662 0,000077
rowel 3,218876 0,000214
rowing 1,609438 0,000107
rowlock 2,995732 0,000199
royal 0,400478 0,000053
royalty 0,371064 0,000049
rub 0,342490 0,000068
ruby 1,560648 0,000104
ruddy 0,967584 0,000064
rude 0,342490 0,000023
rudely 1,309333 0,000087
rudeness 1,203973 0,000080
rudimental 3,218876 0,000214
rue 1,203973 0,000080
rueful 2,120264 0,000141
ruefully 2,120264 0,000141
ruff 2,659260 0,000177
ruffle 0,941609 0,000125
rug 1,203973 0,000080
rugged 0,798508 0,000053
ruggedest 3,912023 0,000260
ruggedness 2,813411 0,000187
ruin 0,116534 0,000023
ruinous 1,386294 0,000092
rule 0,030459 0,000004
ruler 0,891598 0,000059
ruling 1,171183 0,000078
rum 1,309333 0,000087
rumble 1,171183 0,000233
ruminate 1,897120 0,000252
rummage 1,386294 0,000092
rumor 1,609438 0,000214
rumour 1,078810 0,000072
rumpled 2,525729 0,000168
runaway 1,514128 0,000101
running 0,967584 0,000064
rupture 1,771957 0,000118
rural 1,771957 0,000118
rush 0,127833 0,000034
russian 1,237874 0,000082
rust 1,171183 0,000078
rustiness 3,912023 0,000260
rustle 0,967584 0,000129
rustling 1,203973 0,000080
rusty 1,078810 0,000072
ruthless 1,832581 0,000122
sabbath 1,469676 0,000098
sable 1,514128 0,000101
sachem 3,506558 0,000233
sack 0,653926 0,000043
saco 3,506558 0,000233
sacramental 2,995732 0,000199
sacred 0,415515 0,000028
sacredness 2,407946 0,000160
sacrifice 0,210721 0,000014
sacrificial 2,525729 0,000168
sacrilegious 2,302585 0,000153
sad 0,223144 0,000044
saddle 0,755023 0,000050
sadly 0,510826 0,000034
sadness 0,820981 0,000055
safe 0,116534 0,000008
safely 0,371064 0,000025
safety 0,356675 0,000024
sag 2,525729 0,000336
sagacious 1,660731 0,000110
sagaciously 3,218876 0,000214
sagacity 1,139434 0,000076
sage 0,820981 0,000055
sagittarius 3,912023 0,000260
sahara 2,525729 0,000168
sail 0,415515 0,000083
sailer 3,506558 0,000233
sailing 0,653926 0,000087
sailor 0,544727 0,000072
saint 0,673345 0,000045
saints 1,049822 0,000070
saith 1,714798 0,000114
sake 0,083382 0,000006
sal 2,659260 0,000177
salad 1,660731 0,000110
saladin 3,506558 0,000233
salamander 2,813411 0,000187
salem 2,407946 0,000160
saline 2,525729 0,000168
salisbury 2,813411 0,000187
sallow 1,560648 0,000104
sally 0,867501 0,000173
salmon 1,660731 0,000110
salt 0,105361 0,000021
saltcellar 3,506558 0,000233
salutation 1,237874 0,000164
salute 0,634878 0,000127
salvation 0,798508 0,000053
sam 1,771957 0,000118
sammy 3,506558 0,000233
samphire 2,813411 0,000187
samson 2,120264 0,000141
samuel 1,237874 0,000082
sanctify 1,386294 0,000092
sanctity 1,347074 0,000089
sanctuary 1,237874 0,000082
sanctum 2,813411 0,000187
sand 0,494296 0,000066
sandpaper 3,506558 0,000233
sandwich 1,660731 0,000110
sane 1,309333 0,000087
sanely 3,912023 0,000260
sanguinary 2,040221 0,000136
sanity 1,832581 0,000122
santa 1,771957 0,000118
sap 1,514128 0,000101
sapling 2,040221 0,000271
saratoga 3,506558 0,000233
sartain 3,506558 0,000233
sash 1,427116 0,000190
sashless 3,912023 0,000260
satan 1,237874 0,000082
satanic 2,813411 0,000187
sate 1,966113 0,000131
satiety 1,966113 0,000131
satin 1,386294 0,000184
satirical 1,660731 0,000110
satirize 2,995732 0,000199
satisfaction 0,186330 0,000012
satisfactorily 1,272966 0,000085
satisfactory 0,562119 0,000037
satisfy 0,061875 0,000008
saturday 0,843970 0,000056
saturn 1,832581 0,000122
sauce 1,560648 0,000104
saucer 1,309333 0,000087
saul 1,966113 0,000131
saunter 1,309333 0,000087
savage 0,248461 0,000033
savageness 2,659260 0,000177
savagery 2,407946 0,000160
savanna 3,506558 0,000233
save 0,010050 0,000002
savor 2,120264 0,000141
savory 2,302585 0,000153
savoury 1,832581 0,000122
saxon 1,514128 0,000101
sayst 3,218876 0,000214
scabbard 1,714798 0,000114
scald 1,660731 0,000110
scale 0,274437 0,000055
scallop 2,525729 0,000168
scalp 2,040221 0,000271
scamp 2,120264 0,000141
scan 1,237874 0,000164
scandinavian 2,659260 0,000177
scanning 1,966113 0,000131
scant 1,609438 0,000107
scar 1,171183 0,000156
scaramouch 3,912023 0,000260
scarce 0,653926 0,000043
scarcely 0,301105 0,000020
scarcity 1,771957 0,000118
scare 1,237874 0,000082
scared 0,941609 0,000063
scarf 1,386294 0,000184
scarred 2,040221 0,000136
scarry 3,912023 0,000260
scatter 0,693147 0,000046
scattered 0,139262 0,000009
scene 0,127833 0,000017
scenery 1,237874 0,000082
scent 0,544727 0,000072
scentless 3,912023 0,000260
sceptical 1,966113 0,000131
scepticism 1,771957 0,000118
sceptre 2,120264 0,000141
scheme 0,462035 0,000061
scholar 0,579818 0,000077
school 0,150823 0,000020
schoolboy 1,272966 0,000085
schoolmaster 1,272966 0,000169
schooner 2,207275 0,000293
science 0,415515 0,000055
scientific 0,776529 0,000052
scimetar 3,912023 0,000520
scold 1,078810 0,000072
scolding 1,309333 0,000087
scollop 3,912023 0,000260
sconce 2,813411 0,000187
scoop 1,514128 0,000101
scoot 2,995732 0,000199
scorch 1,469676 0,000293
scorched 1,386294 0,000092
scorchingly 3,912023 0,000260
score 0,446287 0,000059
scoria 3,912023 0,000260
scorn 0,446287 0,000059
scornful 1,203973 0,000080
scornfully 1,347074 0,000089
scorpio 3,506558 0,000233
scorpion 1,966113 0,000131
scotch 1,309333 0,000087
scotland 1,347074 0,000089
scoundrel 1,078810 0,000072
scour 1,203973 0,000080
scout 1,386294 0,000184
scowl 1,049822 0,000139
scrabble 2,525729 0,000168
scraggy 3,218876 0,000214
scramble 0,941609 0,000125
scrap 0,820981 0,000055
scrape 0,634878 0,000127
scrapings 2,995732 0,000199
scratch 0,544727 0,000109
scratching 1,108663 0,000074
scrawl 1,427116 0,000095
scream 0,462035 0,000123
screen 0,843970 0,000056
screw 1,049822 0,000209
screws 1,966113 0,000131
scrimp 3,506558 0,000233
scriptural 2,813411 0,000187
scripture 1,386294 0,000092
scriptures 1,609438 0,000107
scroll 1,660731 0,000331
scrouge 3,506558 0,000233
scrub 1,237874 0,000082
scruple 0,941609 0,000063
scrupulous 1,139434 0,000076
scrupulously 1,660731 0,000110
scrutinize 1,714798 0,000228
scrutiny 1,237874 0,000082
scud 1,832581 0,000122
scuffle 1,427116 0,000095
sculpture 1,660731 0,000331
scupper 2,995732 0,000398
scuttle 1,237874 0,000164
scythe 1,832581 0,000122
sea 0,116534 0,000008
seal 0,371064 0,000049
sealine 3,912023 0,000260
seam 1,386294 0,000184
seaman 1,203973 0,000160
seamless 2,995732 0,000199
seaport 2,040221 0,000136
search 0,040822 0,000008
searchingly 2,302585 0,000153
seas 0,916291 0,000061
season 0,235722 0,000047
seasoned 1,609438 0,000107
seat 0,051293 0,000010
seating 1,609438 0,000107
seaward 2,302585 0,000153
seaweed 2,120264 0,000141
sebastian 2,813411 0,000187
secluded 1,237874 0,000082
secludedness 3,912023 0,000260
seclusion 1,237874 0,000082
secrecy 0,798508 0,000053
secret 0,051293 0,000007
secretary 0,820981 0,000055
secrete 1,897120 0,000126
secretly 0,597837 0,000040
sect 1,021651 0,000068
secure 0,061875 0,000012
securely 0,916291 0,000061
security 0,478036 0,000064
sed 2,525729 0,000168
sedentary 2,207275 0,000147
seduce 1,171183 0,000078
seductive 1,771957 0,000118
seed 0,510826 0,000034
seek 0,083382 0,000022
seemingly 0,967584 0,000064
seemly 2,207275 0,000147
seer 1,609438 0,000107
seethe 2,207275 0,000293
seething 1,966113 0,000131
seethingly 3,912023 0,000260
segment 2,659260 0,000177
seignory 3,912023 0,000260
seize 0,116534 0,000023
seizing 3,912023 0,000260
seizure 1,714798 0,000114
seldom 0,301105 0,000020
select 0,301105 0,000060
selection 1,139434 0,000076
sell 0,210721 0,000056
semblance 1,049822 0,000070
semicircle 1,771957 0,000118
semicircular 2,407946 0,000160
seminal 3,218876 0,000214
semiramis 2,525729 0,000168
senate 1,660731 0,000110
senators 2,207275 0,000147
send 0,020203 0,000004
seneca 2,120264 0,000141
senior 1,309333 0,000174
senor 2,995732 0,000199
sensation 0,371064 0,000049
sense 0,051293 0,000003
senseless 0,867501 0,000058
sensibly 1,139434 0,000076
sensitive 0,693147 0,000046
sentence 0,094311 0,000013
sentiment 0,356675 0,000024
sentimental 1,139434 0,000076
sentimentalist 2,659260 0,000177
sentimentally 2,659260 0,000177
sentinel 1,237874 0,000164
sentry 1,714798 0,000114
separable 2,995732 0,000199
separate 0,094311 0,000019
separately 1,108663 0,000074
sepulchral 2,120264 0,000141
sepulchre 1,771957 0,000118
sequel 1,078810 0,000072
sequential 3,506558 0,000233
serene 0,916291 0,000061
serenely 1,386294 0,000092
sereneness 3,912023 0,000260
serenest 3,912023 0,000260
serenity 1,203973 0,000080
serf 1,832581 0,000122
series 0,494296 0,000033
sermon 0,891598 0,000059
serpent 0,693147 0,000092
serpentine 2,302585 0,000153
serried 2,813411 0,000187
servant 0,105361 0,000007
serve 0,051293 0,000014
service 0,072571 0,000005
servile 1,309333 0,000087
set 0,010050 0,000002
seth 2,995732 0,000199
settee 2,302585 0,000306
settle 0,083382 0,000017
settlement 0,994252 0,000132
settler 2,120264 0,000141
seventeenth 1,427116 0,000095
seventh 0,562119 0,000037
sever 0,941609 0,000125
severe 0,301105 0,000040
sewing 1,514128 0,000101
sex 0,462035 0,000061
sha 1,309333 0,000087
shabbily 2,995732 0,000199
shabby 1,021651 0,000136
shad 3,506558 0,000233
shade 0,223144 0,000030
shades 0,916291 0,000061
shading 1,560648 0,000207
shadow 0,162519 0,000032
shadowy 1,108663 0,000074
shadrach 3,912023 0,000260
shady 0,967584 0,000129
shaft 0,713350 0,000095
shagginess 3,912023 0,000260
shaggy 1,049822 0,000070
shake 0,072571 0,000024
shaker 3,218876 0,000214
shakers 3,912023 0,000260
shakespeare 1,171183 0,000078
shallop 3,912023 0,000260
shallow 0,755023 0,000100
shallows 2,207275 0,000147
shalt 1,171183 0,000078
shamble 2,407946 0,000320
shame 0,223144 0,000015
shameful 0,916291 0,000061
shank 2,407946 0,000160
shape 0,150823 0,000030
shaped 0,527633 0,000035
share 0,030459 0,000008
shark 2,407946 0,000320
sharked 3,912023 0,000260
sharkish 3,912023 0,000260
sharp 0,139262 0,000028
sharpen 1,386294 0,000184
sharpened 1,049822 0,000070
sharply 0,510826 0,000034
shaster 3,912023 0,000260
shattered 0,867501 0,000058
shave 0,916291 0,000122
shaving 1,660731 0,000110
sheaf 1,714798 0,000228
shearing 2,525729 0,000168
shears 2,207275 0,000147
sheath 1,347074 0,000179
sheathed 2,120264 0,000141
sheathing 2,995732 0,000199
sheaved 3,912023 0,000260
sheep 0,371064 0,000025
sheepfold 3,218876 0,000214
sheepishly 2,207275 0,000147
sheer 0,820981 0,000164
sheet 0,314711 0,000063
sheffield 2,995732 0,000199
shelf 0,634878 0,000084
sheltered 0,820981 0,000055
shem 3,218876 0,000214
shepherd 0,843970 0,000056
sherbet 2,407946 0,000160
sherry 2,302585 0,000153
shetland 2,813411 0,000187
shield 0,634878 0,000084
shift 0,510826 0,000068
shifting 0,891598 0,000059
shilling 0,967584 0,000064
shinbone 3,912023 0,000520
shindy 3,506558 0,000233
shine 0,150823 0,000040
shingle 1,771957 0,000118
shiningly 3,218876 0,000214
ship 0,198451 0,000040
shipmate 3,218876 0,000428
shipping 1,309333 0,000087
shipwreck 1,237874 0,000247
shipyard 3,506558 0,000233
shirr 3,912023 0,000260
shirt 0,527633 0,000070
shiver 0,478036 0,000127
shoal 1,386294 0,000276
shock 0,235722 0,000047
shocking 1,139434 0,000076
shoe 0,314711 0,000063
shoeless 2,995732 0,000199
shoemaker 1,771957 0,000118
shook 3,912023 0,000260
shoot 0,385662 0,000051
shooting 0,634878 0,000042
shop 0,494296 0,000033
shops 0,843970 0,000056
shore 0,287682 0,000057
shoreless 3,506558 0,000233
short 0,020203 0,000003
shorten 0,916291 0,000061
shortly 0,462035 0,000031
shortness 1,660731 0,000110
shot 0,223144 0,000015
shoulder 0,139262 0,000037
shout 0,186330 0,000050
shove 0,967584 0,000193
shovel 1,347074 0,000179
shower 0,544727 0,000072
shred 1,108663 0,000074
shrewdness 1,897120 0,000126
shriek 0,634878 0,000127
shrieking 1,347074 0,000089
shrill 0,798508 0,000053
shrine 1,203973 0,000160
shrink 0,462035 0,000092
shrivel 1,714798 0,000228
shroud 0,916291 0,000183
shrub 1,237874 0,000082
shrunken 2,207275 0,000147
shudder 0,446287 0,000089
shudderingly 3,506558 0,000233
shuffle 1,427116 0,000095
shuffling 1,347074 0,000089
shun 0,994252 0,000198
shut 0,051293 0,000007
shutter 0,994252 0,000132
shuttle 2,207275 0,000147
shuttlecock 2,525729 0,000168
shy 0,673345 0,000045
shyness 1,560648 0,000104
siam 2,813411 0,000187
siamese 2,995732 0,000199
siberia 1,966113 0,000131
siberian 3,218876 0,000214
sich 2,120264 0,000141
sicilian 1,897120 0,000126
sick 0,150823 0,000010
sickle 2,040221 0,000136
sickness 0,478036 0,000032
sideboard 1,560648 0,000104
sided 1,714798 0,000114
sidelong 1,771957 0,000118
sideway 3,912023 0,000260
sideways 1,139434 0,000076
sieve 1,897120 0,000126
sigh 0,235722 0,000047
sight 0,040822 0,000008
sighted 0,733969 0,000049
sign 0,051293 0,000014
signal 0,462035 0,000061
signer 3,506558 0,000233
significance 1,021651 0,000068
signification 1,660731 0,000110
signify 0,634878 0,000084
silence 0,051293 0,000010
silent 0,051293 0,000003
silently 0,544727 0,000036
silk 0,478036 0,000064
silken 1,309333 0,000087
sill 1,309333 0,000087
silly 0,400478 0,000027
silver 0,210721 0,000014
silvery 1,203973 0,000080
simeon 2,525729 0,000168
simile 1,386294 0,000092
similitude 2,207275 0,000147
simoon 3,506558 0,000233
simple 0,094311 0,000013
simplicity 0,527633 0,000035
simply 0,150823 0,000010
simultaneous 1,660731 0,000110
simultaneously 1,203973 0,000080
simultaneousness 3,218876 0,000214
sin 0,314711 0,000063
sincerity 0,653926 0,000043
sinecure 2,302585 0,000306
sinew 1,427116 0,000284
sinful 1,309333 0,000087
sing 0,261365 0,000069
singed 1,660731 0,000110
singing 0,371064 0,000025
single 0,083382 0,000006
singular 0,430783 0,000029
singularly 0,843970 0,000056
sinister 1,108663 0,000074
sink 0,072571 0,000029
sinker 2,995732 0,000199
sinner 0,867501 0,000115
sip 1,386294 0,000092
sir 0,150823 0,000020
sire 1,660731 0,000221
sister 0,223144 0,000015
sisterly 2,407946 0,000160
sit 0,010050 0,000003
situated 0,733969 0,000049
situation 0,198451 0,000013
sixpence 1,469676 0,000098
sixteen 0,653926 0,000043
sixteenth 1,171183 0,000078
sixth 0,446287 0,000030
size 0,223144 0,000030
sized 1,237874 0,000082
skeleton 0,867501 0,000115
skelter 2,659260 0,000177
sketch 0,653926 0,000087
skewer 2,407946 0,000480
skiff 1,714798 0,000114
skilful 0,967584 0,000064
skilfully 1,660731 0,000110
skill 0,287682 0,000019
skim 1,347074 0,000089
skin 0,174353 0,000023
skip 1,139434 0,000076
skipper 1,897120 0,000252
skirt 0,527633 0,000105
skittishly 3,912023 0,000260
skrimshander 3,912023 0,000260
skulk 1,771957 0,000235
skull 0,843970 0,000112
skulled 3,506558 0,000233
sky 0,186330 0,000025
skylarking 2,813411 0,000187
skysail 3,912023 0,000260
slab 1,514128 0,000101
slack 1,171183 0,000233
slacken 1,514128 0,000101
slackened 1,203973 0,000080
slamming 2,302585 0,000153
slanderous 3,218876 0,000214
slant 1,203973 0,000080
slantingly 2,995732 0,000199
slap 0,798508 0,000159
slash 1,309333 0,000174
slat 3,506558 0,000233
slate 1,309333 0,000087
slatternly 2,525729 0,000168
slaughter 0,820981 0,000164
slave 0,356675 0,000047
slavery 0,798508 0,000053
slavish 1,771957 0,000118
slay 0,733969 0,000098
sled 2,813411 0,000187
sledge 1,897120 0,000126
sleek 1,386294 0,000092
sleep 0,051293 0,000014
sleeper 1,078810 0,000143
sleepless 1,049822 0,000070
sleeplessness 1,897120 0,000126
sleepy 0,713350 0,000095
sleet 1,966113 0,000131
sleeve 0,579818 0,000039
sleight 2,525729 0,000336
slender 0,693147 0,000046
slew 1,386294 0,000276
slewed 3,218876 0,000214
slice 1,108663 0,000147
slide 0,713350 0,000237
slight 0,072571 0,000019
slily 2,813411 0,000187
slim 1,139434 0,000076
slime 1,386294 0,000092
sling 1,309333 0,000087
slink 1,386294 0,000184
slip 0,150823 0,000040
slippered 2,525729 0,000168
slipperiness 3,218876 0,000214
slippery 1,139434 0,000076
slipt 3,506558 0,000233
slit 1,237874 0,000164
slogan 3,218876 0,000214
sloop 2,525729 0,000168
slope 0,527633 0,000140
slopingly 3,912023 0,000260
slouch 1,660731 0,000221
slow 0,139262 0,000019
slowly 0,150823 0,000010
slowness 1,514128 0,000101
sluggish 1,514128 0,000101
sluggishly 2,525729 0,000168
slumber 0,510826 0,000068
slumberer 3,506558 0,000233
slumbering 1,386294 0,000092
slung 1,386294 0,000092
sly 0,713350 0,000047
smack 1,171183 0,000233
smackingly 3,912023 0,000260
smallness 1,660731 0,000110
smart 0,597837 0,000040
smeer 3,912023 0,000260
smell 0,261365 0,000069
smile 0,150823 0,000030
smite 1,237874 0,000247
smith 0,820981 0,000055
smithfield 2,659260 0,000177
smithy 2,525729 0,000168
smitten 1,171183 0,000078
smoke 0,186330 0,000037
smoker 2,207275 0,000293
smoky 1,514128 0,000101
smooth 0,235722 0,000031
smote 1,021651 0,000068
smother 0,941609 0,000063
smothering 2,659260 0,000177
smuggle 2,040221 0,000136
smuggler 2,407946 0,000160
smuggling 2,659260 0,000177
smut 2,659260 0,000177
snake 0,891598 0,000059
snakes 1,347074 0,000089
snaky 2,659260 0,000177
snap 0,733969 0,000195
snare 1,171183 0,000078
snarl 1,078810 0,000072
snatch 0,462035 0,000123
sneak 1,237874 0,000247
sneering 1,609438 0,000107
sneeze 1,203973 0,000160
snooze 2,813411 0,000374
snore 1,272966 0,000254
snort 1,272966 0,000254
snow 0,478036 0,000064
snowy 1,272966 0,000085
snuff 1,171183 0,000233
snuffer 2,813411 0,000187
snuffling 2,995732 0,000199
snug 1,139434 0,000076
snugly 2,207275 0,000147
snugness 3,506558 0,000233
soak 1,171183 0,000156
soap 1,272966 0,000085
soapstone 3,912023 0,000260
soar 0,916291 0,000122
sob 0,562119 0,000075
sober 0,562119 0,000037
soberly 1,469676 0,000098
sobriety 1,771957 0,000118
sociable 1,272966 0,000085
sociably 2,659260 0,000177
social 0,371064 0,000025
socially 2,407946 0,000160
society 0,210721 0,000028
sock 1,469676 0,000098
socket 1,309333 0,000174
socratic 2,407946 0,000160
sod 2,207275 0,000147
sodom 2,040221 0,000136
soever 1,966113 0,000131
sofa 0,967584 0,000129
soft 0,210721 0,000028
soften 0,494296 0,000033
softener 3,218876 0,000214
softly 0,400478 0,000027
softness 0,891598 0,000059
sog 3,912023 0,000260
soggy 3,506558 0,000233
soil 0,478036 0,000064
sojourn 1,139434 0,000076
solace 1,514128 0,000201
solander 3,912023 0,000260
solar 1,660731 0,000110
soldado 3,912023 0,000260
soldier 0,415515 0,000055
sole 0,301105 0,000040
solecism 2,995732 0,000199
solely 0,733969 0,000049
solemn 0,301105 0,000020
solemnity 0,843970 0,000056
solemnly 0,579818 0,000039
solicit 0,314711 0,000021
solicitously 2,659260 0,000177
solicitude 1,347074 0,000179
solid 0,274437 0,000018
soliloquize 2,302585 0,000459
soliloquizer 3,912023 0,000260
solitaries 3,506558 0,000233
solitary 0,462035 0,000031
solitude 0,510826 0,000068
solo 2,207275 0,000147
solomon 1,203973 0,000080
solus 2,659260 0,000177
solve 0,478036 0,000064
somerset 2,659260 0,000177
somnambulistic 3,912023 0,000260
son 0,083382 0,000011
song 0,261365 0,000035
songster 2,659260 0,000177
sonorous 1,514128 0,000101
soot 1,609438 0,000107
sooth 1,966113 0,000131
soothe 0,798508 0,000106
soothing 0,798508 0,000053
soothingly 1,897120 0,000126
sooty 2,120264 0,000141
sorcery 2,525729 0,000168
sordid 1,139434 0,000076
sordidness 2,995732 0,000199
sore 0,527633 0,000035
sorely 1,049822 0,000070
sorrow 0,248461 0,000033
sorrowful 1,021651 0,000068
sort 0,072571 0,000010
sorter 2,659260 0,000177
sou 2,525729 0,000168
soul 0,083382 0,000011
soulless 2,659260 0,000177
sound 0,010050 0,000003
sounding 2,207275 0,000147
source 0,274437 0,000018
sourceless 3,912023 0,000260
soused 3,912023 0,000260
south 0,235722 0,000016
southerly 2,302585 0,000153
southern 0,579818 0,000039
southerner 3,218876 0,000214
southward 1,609438 0,000107
southwards 3,506558 0,000233
sovereign 0,733969 0,000049
sow 0,579818 0,000077
space 0,105361 0,000014
spacious 0,916291 0,000061
spaciousness 3,506558 0,000233
spade 1,139434 0,000151
spademan 3,912023 0,000260
spain 0,994252 0,000066
span 1,237874 0,000247
spangle 2,207275 0,000147
spangled 2,120264 0,000141
spaniard 1,832581 0,000122
spaniards 1,514128 0,000101
spanish 0,733969 0,000049
spanishly 3,912023 0,000260
spar 1,771957 0,000235
spare 0,116534 0,000015
spark 0,544727 0,000072
sparkling 0,776529 0,000052
spasmodic 1,966113 0,000131
spasmodically 2,995732 0,000199
spavine 3,912023 0,000260
spawn 2,407946 0,000160
speak 0,030459 0,000010
speaker 0,634878 0,000042
speaking 0,072571 0,000005
spear 0,967584 0,000129
special 0,083382 0,000006
speciality 2,995732 0,000199
specially 0,820981 0,000055
specialty 2,120264 0,000141
species 0,634878 0,000042
specific 0,820981 0,000055
specimen 0,579818 0,000077
speckled 1,560648 0,000104
specksioneer 3,912023 0,000260
spectacle 0,544727 0,000036
spectacles 0,843970 0,000056
spectral 1,897120 0,000126
spectrally 3,912023 0,000260
spectralness 3,912023 0,000260
spectre 1,469676 0,000098
speculation 0,755023 0,000050
speculative 1,897120 0,000126
speech 0,139262 0,000009
speechless 0,916291 0,000061
speechlessly 3,218876 0,000214
speed 0,274437 0,000055
speedy 0,867501 0,000115
spell 0,653926 0,000087
spelling 1,171183 0,000078
spencer 1,897120 0,000126
spend 0,051293 0,000010
sperm 2,995732 0,000199
sperma 3,912023 0,000260
spermaceti 3,218876 0,000214
spermy 3,912023 0,000260
sphere 0,693147 0,000092
spherical 2,659260 0,000177
sphinx 1,771957 0,000118
spice 1,108663 0,000147
spiced 2,813411 0,000187
spicy 2,995732 0,000199
spigot 3,506558 0,000233
spike 1,386294 0,000276
spile 2,995732 0,000398
spill 0,843970 0,000168
spin 0,510826 0,000102
spinal 2,659260 0,000177
spindle 1,966113 0,000261
spindled 3,912023 0,000260
spine 1,771957 0,000235
spiracle 3,912023 0,000520
spiral 2,207275 0,000293
spirally 3,506558 0,000233
spire 2,040221 0,000136
spires 1,714798 0,000114
spirit 0,051293 0,000007
spiritual 0,653926 0,000043
spiritually 2,120264 0,000141
spit 0,843970 0,000112
spite 0,139262 0,000009
splash 0,867501 0,000173
spleen 1,714798 0,000114
splendor 1,514128 0,000101
splice 2,813411 0,000374
splinter 1,469676 0,000195
splintered 2,040221 0,000136
splintering 2,813411 0,000187
split 0,798508 0,000106
spluttering 2,525729 0,000168
spoil 0,274437 0,000073
spoke 2,040221 0,000136
spontaneous 1,139434 0,000076
spontaneously 1,609438 0,000107
spool 2,525729 0,000168
spoon 1,021651 0,000068
sport 0,446287 0,000089
sporting 1,427116 0,000095
sportively 2,995732 0,000199
sportsman 1,660731 0,000110
sporty 3,912023 0,000260
spot 0,150823 0,000020
spotless 1,560648 0,000104
spotlessness 3,912023 0,000260
spotted 0,994252 0,000066
spout 1,514128 0,000402
spouter 3,506558 0,000466
sprain 2,120264 0,000563
sprat 2,995732 0,000199
sprawl 1,139434 0,000076
spray 1,237874 0,000082
spread 0,051293 0,000010
spring 0,051293 0,000017
springy 2,407946 0,000160
sprinkle 0,776529 0,000103
sprinkling 3,506558 0,000233
sprout 1,514128 0,000201
spur 0,693147 0,000092
spurn 1,347074 0,000179
spurring 3,912023 0,000260
spy 0,579818 0,000116
spying 1,714798 0,000114
squadron 1,560648 0,000104
squall 1,560648 0,000207
squally 2,813411 0,000187
square 0,223144 0,000044
squared 2,040221 0,000136
squash 2,659260 0,000177
squat 0,941609 0,000125
squaw 2,813411 0,000187
squeeze 0,798508 0,000159
squid 3,506558 0,000233
squilgee 3,912023 0,000260
squint 1,714798 0,000114
squire 1,272966 0,000169
squitchy 3,912023 0,000260
stab 0,967584 0,000257
stack 1,272966 0,000254
staff 0,261365 0,000017
stage 0,186330 0,000025
stagger 0,527633 0,000140
staggeringly 3,506558 0,000233
stagnant 1,771957 0,000118
staid 1,237874 0,000082
stain 0,478036 0,000064
stair 0,415515 0,000055
stake 0,446287 0,000059
stalk 0,755023 0,000150
stall 1,139434 0,000151
stalwart 1,714798 0,000114
stammer 0,891598 0,000118
stamp 0,261365 0,000052
stand -0,009950 -0,000003
standard 0,544727 0,000036
stander 2,813411 0,000374
standpoint 1,771957 0,000118
stanza 1,966113 0,000131
staple 2,040221 0,000136
star 0,261365 0,000052
starboard 2,040221 0,000136
starbuck 3,912023 0,000260
stare 0,328504 0,000065
stark 1,386294 0,000092
starlight 1,897120 0,000126
starry 1,272966 0,000085
start -0,009950 -0,000003
startled 0,415515 0,000028
startling 0,967584 0,000064
startlingly 2,407946 0,000160
starvation 1,386294 0,000092
starve 0,562119 0,000075
stash 3,506558 0,000233
stately 0,733969 0,000098
statement 0,186330 0,000025
station 0,235722 0,000016
stationary 1,427116 0,000095
statistical 2,995732 0,000199
statistically 3,912023 0,000260
statistics 1,966113 0,000131
statue 0,634878 0,000084
stature 0,867501 0,000058
statutory 3,218876 0,000214
staunch 1,966113 0,000131
stave 1,427116 0,000379
stay 0,061875 0,000016
stead 1,139434 0,000076
steadfast 1,309333 0,000087
steadfastly 1,660731 0,000110
steadily 0,415515 0,000028
steady 0,301105 0,000040
steadying 3,218876 0,000214
steak 1,832581 0,000243
steal 0,105361 0,000035
stealthily 1,560648 0,000104
steam 0,579818 0,000039
steamer 1,272966 0,000085
steed 1,427116 0,000190
steel 0,494296 0,000033
steep 0,527633 0,000070
steeple 1,660731 0,000110
steeply 2,525729 0,000168
steer 0,994252 0,000198
steerer 3,218876 0,000214
steering 1,386294 0,000092
steersman 2,525729 0,000168
stem 0,776529 0,000103
step 0,030459 0,000008
stepmother 2,207275 0,000293
stereotype 3,506558 0,000233
stern 0,478036 0,000095
sternly 0,820981 0,000055
sternward 3,912023 0,000260
steward 1,078810 0,000072
stick 0,174353 0,000035
sticks 0,733969 0,000049
stiff 0,430783 0,000057
stiffen 1,078810 0,000143
stiffly 1,469676 0,000098
stifle 0,967584 0,000129
stifling 1,469676 0,000098
stigma 2,407946 0,000160
stiletto 3,218876 0,000214
stillness 0,891598 0,000059
stilly 3,506558 0,000233
stilt 2,659260 0,000177
sting 0,616186 0,000123
stingy 2,120264 0,000141
stir 0,210721 0,000042
stirring 0,494296 0,000066
stitch 1,347074 0,000089
stiver 3,218876 0,000214
stock 0,235722 0,000031
stockinged 3,506558 0,000233
stoic 1,966113 0,000131
stoics 2,302585 0,000153
stoker 2,813411 0,000187
stolidity 2,995732 0,000199
stolidly 2,120264 0,000141
stomach 0,616186 0,000082
stone 0,094311 0,000013
stoneless 3,912023 0,000260
stool 0,653926 0,000043
stoop 0,400478 0,000053
stoopingly 3,912023 0,000260
stopping 2,525729 0,000168
storage 2,525729 0,000168
store 0,061875 0,000008
storied 2,207275 0,000147
storm 0,274437 0,000055
stormy 0,755023 0,000050
story 0,030459 0,000004
stout 0,527633 0,000070
stoutly 1,237874 0,000082
stove 1,108663 0,000074
stoven 3,912023 0,000260
stow 1,309333 0,000174
stowage 3,912023 0,000260
stowaway 3,912023 0,000260
straddle 2,659260 0,000177
straggle 1,021651 0,000068
straight 0,105361 0,000007
straighten 0,967584 0,000064
straightway 1,347074 0,000089
strain 0,248461 0,000066
strait 1,049822 0,000070
straits 1,427116 0,000095
strand 0,820981 0,000164
strange 0,061875 0,000008
strangely 0,579818 0,000039
strangeness 1,386294 0,000092
stranger 0,139262 0,000009
strangers 0,356675 0,000024
strap 1,203973 0,000080
stratagem 1,469676 0,000098
stratum 1,897120 0,000126
straw 0,342490 0,000023
strawberry 1,897120 0,000126
stray 0,562119 0,000075
streak 0,820981 0,000109
stream 0,139262 0,000028
streamer 2,207275 0,000147
streaming 0,798508 0,000053
street 0,116534 0,000015
strength 0,030459 0,000002
strenuous 1,514128 0,000101
stress 0,891598 0,000059
stretch 0,116534 0,000023
strew 0,733969 0,000049
stricken 0,653926 0,000043
strict 0,186330 0,000025
strictly 0,579818 0,000039
stride 0,616186 0,000123
strife 0,994252 0,000066
strike 0,020203 0,000004
striking 0,274437 0,000018
strikingly 1,714798 0,000114
string 0,371064 0,000074
stringy 2,659260 0,000177
strip 0,385662 0,000102
stript 2,407946 0,000160
strive 0,385662 0,000128
stroke 0,301105 0,000040
stroll 0,820981 0,000109
strong 0,020203 0,000004
stronghold 1,714798 0,000114
structural 3,218876 0,000214
structure 0,634878 0,000084
struggle 0,127833 0,000034
strut 1,514128 0,000101
stubb 3,912023 0,000260
stubbing 3,506558 0,000233
stubble 1,609438 0,000107
stubborn 0,843970 0,000056
stubbornest 3,912023 0,000260
stubbornly 1,832581 0,000122
stubbornness 2,120264 0,000141
stud 1,078810 0,000143
student 0,579818 0,000077
studious 1,386294 0,000092
study 0,094311 0,000025
stuff 0,223144 0,000030
stultifying 3,506558 0,000233
stumble 0,562119 0,000075
stumbling 1,108663 0,000074
stump 0,994252 0,000132
stumped 2,995732 0,000199
stun 2,302585 0,000153
stunning 1,832581 0,000122
stunsail 3,912023 0,000520
stupid 0,478036 0,000032
stupidly 1,660731 0,000110
stupor 1,560648 0,000104
sturgeon 2,995732 0,000199
style 0,261365 0,000035
stylites 3,912023 0,000260
subaltern 2,207275 0,000293
subdivide 2,207275 0,000293
subdivisible 3,912023 0,000260
subdivision 2,207275 0,000147
subdued 0,494296 0,000033
subject 0,061875 0,000012
sublime 0,994252 0,000066
sublimer 2,813411 0,000187
sublimity 2,040221 0,000136
submarine 2,813411 0,000187
submerge 1,560648 0,000104
submission 0,776529 0,000052
submit 0,430783 0,000057
subordinate 0,967584 0,000129
subordinately 3,912023 0,000260
subscribe 0,342490 0,000023
subsequent 0,867501 0,000058
subsequently 1,469676 0,000098
subserve 3,506558 0,000233
subservient 1,897120 0,000126
subside 0,916291 0,000122
subsist 1,347074 0,000089
substance 0,415515 0,000055
substantial 0,755023 0,000050
substantiate 2,659260 0,000530
substantive 2,525729 0,000168
substitute 0,713350 0,000142
subterranean 1,714798 0,000114
subterraneous 3,218876 0,000214
subterraneousness 3,912023 0,000260
subtile 2,659260 0,000177
subtilize 3,912023 0,000260
subtilty 2,407946 0,000160
subtle 0,713350 0,000095
subtleness 3,912023 0,000260
subtler 2,407946 0,000160
subtlety 1,272966 0,000169
subtly 2,207275 0,000147
subtract 2,407946 0,000160
suburb 1,078810 0,000072
suburban 1,771957 0,000118
succeed 0,105361 0,000028
success 0,162519 0,000011
successful 0,478036 0,000032
succession 0,510826 0,000034
successive 0,891598 0,000059
successively 1,347074 0,000089
succor 2,120264 0,000141
succourless 3,912023 0,000260
suck 0,597837 0,000119
suckle 1,966113 0,000131
suckling 2,120264 0,000282
suction 2,659260 0,000177
sudden 0,072571 0,000005
suddenly 0,040822 0,000003
suddenness 1,469676 0,000098
suds 2,525729 0,000168
sue 1,386294 0,000092
suffer 0,061875 0,000004
sufferable 3,912023 0,000260
suffering 0,210721 0,000028
suffice 0,544727 0,000036
sufficient 0,139262 0,000009
suffocate 1,272966 0,000085
suffuse 1,560648 0,000207
sugary 3,218876 0,000214
suggestion 0,356675 0,000024
suggestively 2,659260 0,000177
suggestiveness 2,813411 0,000187
suicide 1,049822 0,000139
suit 0,198451 0,000013
suitable 0,462035 0,000031
sulk 2,120264 0,000282
sulky 1,514128 0,000201
sullen 0,798508 0,000053
sullenly 1,427116 0,000095
sulphur 1,609438 0,000107
sulphurous 2,813411 0,000187
sultan 2,040221 0,000136
sultanism 3,912023 0,000260
sultry 1,897120 0,000126
sum 0,261365 0,000017
sumatra 2,995732 0,000199
summary 1,469676 0,000098
summer 0,186330 0,000025
summit 0,713350 0,000095
summon 0,544727 0,000072
summons 0,867501 0,000058
sun 0,072571 0,000005
sunbeam 1,469676 0,000098
sunday 0,494296 0,000033
sundering 3,506558 0,000233
sundry 1,386294 0,000092
sunlight 0,843970 0,000056
sunny 0,843970 0,000112
sunrise 0,891598 0,000059
suns 1,560648 0,000104
sunset 0,798508 0,000106
sunshine 0,616186 0,000041
sunwards 3,912023 0,000260
superadd 3,506558 0,000233
superb 1,203973 0,000080
superficial 1,108663 0,000074
superficially 2,302585 0,000153
superfluous 0,867501 0,000058
superfluousness 3,506558 0,000233
superhuman 1,714798 0,000114
superincumbent 3,506558 0,000233
superinduce 3,506558 0,000233
superior 0,261365 0,000035
superiority 0,673345 0,000045
superlative 2,302585 0,000153
superlatively 2,659260 0,000177
supernal 2,525729 0,000168
supernatural 1,272966 0,000085
supernaturalism 3,912023 0,000260
supernaturally 3,218876 0,000214
supernaturalness 3,912023 0,000260
supersede 1,560648 0,000104
superstition 0,798508 0,000106
superstitious 1,108663 0,000074
superstitiously 2,995732 0,000199
superstitiousness 3,506558 0,000233
supervision 1,771957 0,000118
supine 2,207275 0,000147
supper 0,446287 0,000030
supperless 3,218876 0,000214
supplant 1,771957 0,000118
supplemental 3,218876 0,000214
supplementary 2,525729 0,000168
supplicating 2,302585 0,000153
supplication 1,108663 0,000074
supply 0,210721 0,000056
support 0,094311 0,000013
suppose 0,020203 0,000005
supposition 0,776529 0,000052
suppress 0,446287 0,000059
suppression 1,560648 0,000104
supremacy 1,714798 0,000114
supreme 0,616186 0,000041
surcoat 3,218876 0,000214
surely 0,186330 0,000012
surf 2,040221 0,000136
surface 0,287682 0,000019
surge 1,078810 0,000143
surgeon 0,891598 0,000118
surly 1,771957 0,000118
surmise 1,237874 0,000247
surpass 0,755023 0,000150
surpassingly 2,995732 0,000199
surplus 1,771957 0,000118
surprise 0,150823 0,000010
surprised 0,210721 0,000014
surprising 0,544727 0,000036
surrender 0,776529 0,000052
surround 0,162519 0,000043
surtout 2,995732 0,000199
surveillance 2,302585 0,000153
survey 0,462035 0,000061
surveyor 2,207275 0,000147
survival 2,207275 0,000147
survive 0,186330 0,000050
survivor 1,469676 0,000098
susan 2,302585 0,000153
susceptible 1,386294 0,000092
suspect 0,162519 0,000043
suspend 0,527633 0,000140
suspense 0,776529 0,000052
suspicion 0,210721 0,000028
suspicious 0,579818 0,000039
suspiciously 1,832581 0,000122
sustain 0,314711 0,000084
sustenance 1,469676 0,000098
sw 3,912023 0,000260
swagger 1,832581 0,000122
swain 2,120264 0,000141
swallow 0,261365 0,000052
swamp 0,287682 0,000076
swap 3,506558 0,000233
swarm 0,634878 0,000084
swart 2,659260 0,000177
swarthy 1,660731 0,000110
swash 3,506558 0,000233
swashing 3,506558 0,000233
swath 2,813411 0,000187
swathe 1,660731 0,000110
sway 0,494296 0,000131
swear 0,261365 0,000069
swearing 0,994252 0,000066
sweat 0,562119 0,000037
sweating 1,966113 0,000131
swedes 3,218876 0,000214
swedish 2,659260 0,000177
sweep 0,274437 0,000055
sweeper 2,407946 0,000160
sweeping 0,820981 0,000055
sweet 0,139262 0,000028
sweetener 3,912023 0,000260
sweetheart 1,609438 0,000107
sweetly 1,049822 0,000070
sweetness 0,673345 0,000045
swell 0,186330 0,000050
swerve 1,832581 0,000243
swift 0,385662 0,000051
swiftly 0,713350 0,000047
swiftness 1,309333 0,000087
swim 0,478036 0,000159
swimmer 1,660731 0,000110
swindle 1,714798 0,000114
swing 0,430783 0,000086
swinging 0,798508 0,000053
swiss 1,897120 0,000126
switch 1,514128 0,000101
swoop 1,386294 0,000276
sword 0,430783 0,000057
swordsman 2,302585 0,000153
sydney 2,407946 0,000160
syllable 0,776529 0,000052
sylph 2,813411 0,000187
symbol 1,108663 0,000147
symbolically 3,506558 0,000233
symbolize 2,525729 0,000336
symmetrical 1,897120 0,000126
symmetrically 2,525729 0,000168
symmetry 1,514128 0,000101
sympathetic 1,021651 0,000068
sympathetical 3,912023 0,000260
sympathetically 1,897120 0,000126
sympathy 0,314711 0,000042
symphony 2,525729 0,000168
symptom 0,693147 0,000092
synod 2,207275 0,000147
syracuse 2,207275 0,000147
syren 3,912023 0,000260
syrian 2,207275 0,000147
systematic 1,427116 0,000095
systematically 2,120264 0,000141
systematization 3,912023 0,000260
systematize 3,912023 0,000260
systematizer 3,912023 0,000260
systemized 3,912023 0,000260
tabernacle 1,897120 0,000252
table 0,083382 0,000011
tableau 2,813411 0,000187
tablecloth 1,966113 0,000131
tablet 1,897120 0,000126
tablets 2,040221 0,000136
tacit 1,560648 0,000104
tack 1,139434 0,000151
tackle 1,139434 0,000151
taffrail 3,506558 0,000233
tag 2,120264 0,000141
tahiti 3,218876 0,000214
tahitian 3,912023 0,000520
tail 0,356675 0,000071
taint 1,139434 0,000076
talbot 2,995732 0,000199
tale 0,248461 0,000033
talisman 2,207275 0,000147
talk 0,061875 0,000012
talking 0,150823 0,000010
tall 0,198451 0,000040
tallow 1,514128 0,000101
tally 2,120264 0,000423
talon 1,660731 0,000110
talus 3,506558 0,000233
tambourine 2,813411 0,000187
tame 0,820981 0,000055
tamely 2,207275 0,000147
tan 1,272966 0,000085
tandem 3,218876 0,000214
tangle 1,386294 0,000184
tangled 1,108663 0,000074
tanning 3,218876 0,000214
tantalization 3,912023 0,000260
tantalizing 2,525729 0,000168
tantamount 2,659260 0,000177
tap 0,798508 0,000159
tape 1,660731 0,000110
taper 1,386294 0,000184
tapered 2,659260 0,000177
tar 1,469676 0,000293
tarnish 1,771957 0,000118
tarpaulin 2,659260 0,000353
tarquin 2,659260 0,000177
tarry 1,386294 0,000092
tarsus 2,995732 0,000199
tart 1,897120 0,000126
tartar 1,660731 0,000110
tartarean 2,813411 0,000187
tartarian 3,912023 0,000260
tash 3,912023 0,000260
task 0,248461 0,000033
tassel 1,966113 0,000261
tasseled 3,506558 0,000233
taste 0,105361 0,000028
tastefully 2,659260 0,000177
tat 2,302585 0,000153
tattered 1,309333 0,000087
tatters 1,771957 0,000118
tattoo 2,120264 0,000282
tattooing 2,813411 0,000187
taunt 1,514128 0,000101
tauntingly 2,659260 0,000177
taurus 2,525729 0,000168
tawn 3,912023 0,000260
tawny 1,771957 0,000118
te 1,609438 0,000107
tea 0,579818 0,000039
teach 0,083382 0,000017
teaching 1,560648 0,000104
teak 3,506558 0,000233
tear 0,030459 0,000008
tearingly 3,912023 0,000260
tearless 2,995732 0,000199
tearlessness 3,912023 0,000260
teats 3,218876 0,000214
tech 3,912023 0,000260
technical 1,660731 0,000110
technically 2,813411 0,000187
tedious 0,755023 0,000050
tee 2,995732 0,000199
teeter 3,912023 0,000520
telegraph 1,203973 0,000080
telescope 1,386294 0,000092
tellin 2,659260 0,000177
telling 1,560648 0,000104
temper 0,261365 0,000017
temperance 1,560648 0,000104
temperate 1,078810 0,000072
temperature 1,469676 0,000098
tempered 0,653926 0,000043
tempering 2,995732 0,000199
tempest 0,776529 0,000052
tempestuous 1,832581 0,000122
temple 0,314711 0,000042
temporarily 1,560648 0,000104
temporary 0,713350 0,000047
tempt 0,415515 0,000028
temptation 0,430783 0,000029
tend 0,430783 0,000057
tendency 0,527633 0,000035
tender 0,301105 0,000020
tenderly 0,916291 0,000061
tenderness 0,616186 0,000041
tendinous 3,912023 0,000260
tendon 2,302585 0,000306
tendril 2,407946 0,000160
tenement 1,660731 0,000110
teneriffe 3,218876 0,000214
tennessee 2,813411 0,000187
tenpin 3,912023 0,000260
tension 1,514128 0,000101
tent 0,713350 0,000095
tenth 0,733969 0,000049
tepid 2,525729 0,000168
term 0,061875 0,000008
terminate 1,108663 0,000074
termination 1,309333 0,000087
terra 2,207275 0,000147
terrace 1,139434 0,000076
terrapin 3,912023 0,000260
terraqueous 3,506558 0,000233
terrible 0,186330 0,000012
terribleness 2,995732 0,000199
terribly 0,733969 0,000049
terrier 1,832581 0,000122
terrific 1,108663 0,000074
terrify 0,579818 0,000039
territorial 2,659260 0,000177
territory 1,203973 0,000080
terror 0,162519 0,000022
terse 2,040221 0,000136
tertiary 3,218876 0,000214
testament 1,049822 0,000139
tester 3,218876 0,000214
testify 0,820981 0,000055
testily 2,120264 0,000141
testimony 0,562119 0,000037
tether 2,040221 0,000136
texas 2,407946 0,000160
texture 1,237874 0,000082
thames 1,660731 0,000110
thankless 2,407946 0,000160
thar 2,995732 0,000199
thaw 1,386294 0,000092
theatre 0,820981 0,000055
thee 0,597837 0,000040
theme 0,891598 0,000059
thenceforth 1,560648 0,000104
theology 1,427116 0,000095
theoretic 3,506558 0,000233
theory 0,400478 0,000027
thereabout 1,514128 0,000101
thermes 3,506558 0,000233
thermometer 1,660731 0,000110
thew 2,525729 0,000168
thicken 1,237874 0,000164
thicket 0,967584 0,000064
thickly 1,108663 0,000074
thickness 1,386294 0,000092
thief 0,462035 0,000061
thigh 1,078810 0,000143
thimbleful 2,995732 0,000199
thine 1,139434 0,000076
thinker 1,427116 0,000095
thinking 0,274437 0,000036
thinness 2,207275 0,000147
thirdly 1,347074 0,000089
thirstily 2,995732 0,000199
thirteen 0,579818 0,000039
thirteenth 1,203973 0,000080
thistle 2,040221 0,000271
thither 0,579818 0,000039
tho 2,207275 0,000147
thole 3,506558 0,000233
thomas 0,891598 0,000059
thorn 0,967584 0,000064
thoroughfare 1,660731 0,000110
thoughtful 0,693147 0,000046
thoughtfully 0,994252 0,000066
thoughtfulness 2,120264 0,000141
thoughtless 1,108663 0,000074
thoughtlessness 1,832581 0,000122
thousandth 1,897120 0,000126
thrash 1,237874 0,000082
thrasher 3,506558 0,000233
thread 0,342490 0,000068
threadbare 1,560648 0,000104
threat 0,634878 0,000042
threaten 0,186330 0,000050
threepence 2,407946 0,000160
threshold 0,562119 0,000037
thrice 0,755023 0,000050
thrill 0,713350 0,000142
thrilling 1,139434 0,000076
thrive 1,078810 0,000072
thro 2,407946 0,000160
throat 0,223144 0,000030
throb 1,021651 0,000204
throe 1,714798 0,000114
throne 0,733969 0,000098
throng 0,891598 0,000059
throttle 2,120264 0,000423
throw 0,010050 0,000003
thrust 0,287682 0,000076
thumb 0,916291 0,000122
thump 1,203973 0,000080
thunder 0,430783 0,000086
thunderbolt 1,469676 0,000098
thundering 1,237874 0,000082
thunderous 2,659260 0,000177
thwack 3,912023 0,000260
thwart 1,108663 0,000074
thy 0,634878 0,000042
thyself 1,272966 0,000085
tiara 2,302585 0,000153
tic 3,218876 0,000214
tick 1,171183 0,000233
tickle 1,171183 0,000156
ticklish 2,120264 0,000141
tide 0,616186 0,000082
tideless 2,995732 0,000199
tidiness 3,218876 0,000214
tiding 1,139434 0,000076
tidy 1,171183 0,000156
tie 0,105361 0,000028
tier 2,120264 0,000282
tierce 3,218876 0,000214
tiered 3,506558 0,000233
tiger 1,078810 0,000143
tight 0,494296 0,000033
tighten 1,237874 0,000082
tightly 0,867501 0,000058
tigress 2,207275 0,000147
tigris 2,120264 0,000141
tilbury 3,218876 0,000214
tile 1,203973 0,000160
tiller 2,207275 0,000147
tilt 1,309333 0,000174
tilting 2,207275 0,000147
timber 0,798508 0,000106
time -0,009950 -0,000001
timely 1,514128 0,000201
timid 0,544727 0,000036
timidity 1,469676 0,000098
timor 3,218876 0,000214
timorous 2,120264 0,000141
tin 0,755023 0,000050
tinder 2,120264 0,000141
tinge 0,994252 0,000132
tingle 1,469676 0,000293
tink 2,995732 0,000199
tinker 1,771957 0,000353
tinkle 1,078810 0,000072
tint 1,272966 0,000169
tiny 0,820981 0,000055
tissue 1,427116 0,000095
tissued 3,506558 0,000233
tit 1,897120 0,000126
titanic 2,525729 0,000168
titanism 3,912023 0,000260
titans 2,813411 0,000187
tithe 1,832581 0,000122
title 0,116534 0,000015
toad 1,514128 0,000101
toadstool 2,659260 0,000177
toast 1,139434 0,000151
tobacco 0,713350 0,000047
toddy 2,813411 0,000187
toe 0,616186 0,000123
tog 2,659260 0,000177
togged 3,912023 0,000260
toil 0,430783 0,000114
toilet 1,469676 0,000098
toilette 1,966113 0,000131
token 0,693147 0,000092
tolerable 0,994252 0,000066
tolerably 0,994252 0,000066
tolling 2,659260 0,000177
tom 1,049822 0,000070
tomahawk 3,218876 0,000214
tomb 0,755023 0,000100
tombed 3,912023 0,000260
tombstone 1,832581 0,000122
tomorrow 0,755023 0,000050
ton 1,021651 0,000136
tone 0,198451 0,000026
tong 1,347074 0,000089
tongue 0,139262 0,000019
tongueless 3,912023 0,000260
tonic 2,120264 0,000141
tool 0,478036 0,000064
tooth 0,186330 0,000025
toothache 2,040221 0,000136
toothless 2,120264 0,000141
toothpick 2,120264 0,000141
toper 3,912023 0,000260
tophet 3,506558 0,000233
topic 0,733969 0,000049
topmaul 3,912023 0,000260
topmost 1,714798 0,000114
topple 2,040221 0,000271
topsail 2,995732 0,000398
torch 0,713350 0,000047
torment 0,597837 0,000159
tornado 2,525729 0,000336
torpid 2,207275 0,000147
torrent 0,713350 0,000095
torrid 2,207275 0,000147
torso 2,525729 0,000336
tortoise 1,514128 0,000101
torture 0,371064 0,000025
toss 0,494296 0,000099
tossing 0,916291 0,000061
tost 3,218876 0,000214
total 0,579818 0,000039
totality 2,659260 0,000353
totally 0,916291 0,000061
touch 0,010050 0,000003
touchy 2,813411 0,000187
tough 0,891598 0,000178
toughness 2,995732 0,000199
tow 1,560648 0,000311
tower 0,314711 0,000063
towing 2,207275 0,000147
town 0,094311 0,000013
toy 0,733969 0,000098
trace 0,198451 0,000053
traceable 3,912023 0,000260
tracery 2,813411 0,000187
tracing 3,912023 0,000260
track 0,415515 0,000055
trackless 2,813411 0,000187
tract 1,049822 0,000139
trade 0,287682 0,000038
trading 1,237874 0,000082
tradition 0,755023 0,000100
traditional 1,514128 0,000101
tragedy 0,733969 0,000098
tragic 0,820981 0,000055
tragically 2,302585 0,000153
trail 0,653926 0,000087
train 0,162519 0,000022
trait 1,139434 0,000076
traitor 1,078810 0,000072
tramp 0,891598 0,000059
trample 0,597837 0,000119
trance 1,469676 0,000293
tranquil 0,994252 0,000066
tranquillity 1,049822 0,000070
tranquillize 3,506558 0,000233
tranquilly 1,714798 0,000114
trans 2,995732 0,000199
transaction 0,967584 0,000064
transcend 2,040221 0,000271
transcendent 1,897120 0,000126
transcendental 2,302585 0,000153
transcribe 0,462035 0,000031
transcriber 1,714798 0,000114
transfer 0,693147 0,000138
transfigured 2,207275 0,000147
transfix 1,386294 0,000184
transform 0,693147 0,000092
transient 1,469676 0,000098
transit 1,966113 0,000131
transition 1,272966 0,000085
translate 0,634878 0,000042
translation 0,891598 0,000059
transom 3,506558 0,000233
transparent 1,021651 0,000068
transparently 2,995732 0,000199
transpire 1,609438 0,000214
transplant 1,966113 0,000131
transport 0,653926 0,000087
trap 0,527633 0,000070
trapped 2,040221 0,000136
trapper 3,218876 0,000214
trappings 1,832581 0,000122
travel 0,198451 0,000040
traveller 0,755023 0,000100
travelling 0,693147 0,000046
traverse 0,867501 0,000058
tray 1,237874 0,000082
treacherous 0,891598 0,000059
treacherously 2,207275 0,000147
treachery 0,755023 0,000100
tread 0,328504 0,000065
treadle 3,218876 0,000214
treasure 0,261365 0,000035
treasury 1,237874 0,000082
treat 0,127833 0,000034
treatise 1,272966 0,000085
treble 1,469676 0,000098
trebly 2,995732 0,000199
tree 0,061875 0,000008
tremble 0,174353 0,000023
tremendous 0,693147 0,000046
tremendousness 3,912023 0,000260
tremor 1,386294 0,000092
tremulous 1,347074 0,000089
trencher 2,995732 0,000398
trend 2,302585 0,000153
trepidation 1,771957 0,000118
trial 0,261365 0,000035
triangle 1,427116 0,000095
triangular 1,832581 0,000122
triangularly 3,912023 0,000260
tribe 0,693147 0,000092
tribulation 1,897120 0,000252
tribute 1,021651 0,000068
trick 0,274437 0,000055
trifle 0,446287 0,000030
trifling 0,653926 0,000043
trim 1,203973 0,000080
trimmed 1,237874 0,000082
trimming 1,660731 0,000110
trinity 1,660731 0,000110
trio 2,207275 0,000147
trip 0,510826 0,000034
triply 3,912023 0,000260
tripod 2,302585 0,000153
triumph 0,261365 0,000035
triumphal 2,040221 0,000136
triumphant 0,798508 0,000053
triumphantly 0,941609 0,000063
triune 3,506558 0,000233
trivial 0,776529 0,000052
trodden 1,237874 0,000082
troop 0,843970 0,000056
troops 0,941609 0,000063
trope 3,218876 0,000214
trophy 1,272966 0,000169
tropic 2,525729 0,000168
tropical 1,560648 0,000104
tropics 1,897120 0,000126
trot 0,867501 0,000058
trouble 0,010050 0,000001
troubledly 3,912023 0,000260
troublesome 0,843970 0,000056
trough 1,272966 0,000169
trover 3,912023 0,000260
truce 1,203973 0,000080
truck 1,560648 0,000207
trudge 1,714798 0,000114
true 0,020203 0,000004
trump 1,386294 0,000184
trumpet 0,843970 0,000056
trunk 0,579818 0,000077
trust 0,061875 0,000004
trustworthy 1,514128 0,000101
truth 0,030459 0,000004
truthful 1,427116 0,000095
truthfully 2,302585 0,000153
trysail 3,912023 0,000260
tu 1,609438 0,000107
tub 1,203973 0,000160
tube 1,309333 0,000174
tuck 1,049822 0,000139
tucks 3,218876 0,000214
tuft 1,347074 0,000179
tug 0,916291 0,000183
tulip 2,207275 0,000147
tumble 0,494296 0,000099
tumbler 1,560648 0,000104
tumult 0,798508 0,000106
tumultuous 1,171183 0,000078
tumultuously 2,407946 0,000160
tun 2,407946 0,000320
tune 0,616186 0,000082
tunic 1,771957 0,000118
tunnel 1,427116 0,000190
turban 1,660731 0,000221
turbid 2,207275 0,000147
turbulence 2,302585 0,000153
turf 1,237874 0,000082
turk 1,560648 0,000104
turkey 1,049822 0,000139
turkish 1,427116 0,000095
turks 1,514128 0,000101
turmoil 1,714798 0,000114
turnpike 2,207275 0,000147
turnstile 2,995732 0,000199
turtle 1,609438 0,000214
tusk 1,966113 0,000392
tut 1,897120 0,000126
tutelary 3,506558 0,000233
tutor 1,078810 0,000072
twain 1,660731 0,000110
tweezers 3,506558 0,000233
twelfth 1,237874 0,000082
twelvemonth 2,040221 0,000136
twig 1,108663 0,000221
twigging 3,506558 0,000233
twilight 0,733969 0,000098
twill 2,302585 0,000153
twin 1,108663 0,000147
twine 1,139434 0,000076
twinkling 1,021651 0,000068
twist 0,314711 0,000084
twitch 1,386294 0,000184
twitching 1,469676 0,000098
twopence 2,120264 0,000141
type 0,174353 0,000012
typhoon 2,659260 0,000353
typify 2,407946 0,000160
tyrannical 1,514128 0,000101
tyrant 0,843970 0,000056
tyre 2,207275 0,000147
tyro 2,407946 0,000320
ubiquitous 2,525729 0,000168
ubiquity 3,218876 0,000214
ugly 0,385662 0,000051
ulceration 3,218876 0,000214
ulcerous 3,218876 0,000214
ultimate 0,941609 0,000063
ultimately 1,108663 0,000074
ultimatum 2,995732 0,000199
umbilical 3,218876 0,000214
umbrella 1,203973 0,000160
unabated 2,040221 0,000136
unaccompanied 2,525729 0,000168
unaccountable 1,108663 0,000074
unaccountably 1,966113 0,000131
unaccounted 3,218876 0,000214
unaccustomed 1,771957 0,000118
unachieved 3,506558 0,000233
unaided 2,120264 0,000141
unalloyed 1,897120 0,000126
unalterable 1,309333 0,000087
unanswerable 1,771957 0,000118
unappalled 3,506558 0,000233
unapparent 3,218876 0,000214
unappeasable 2,813411 0,000187
unappeasedly 3,912023 0,000260
unapprehensive 3,912023 0,000260
unappropriated 3,912023 0,000260
unassailable 2,407946 0,000160
unassuming 2,207275 0,000147
unassured 3,912023 0,000260
unastonished 3,912023 0,000260
unattended 1,897120 0,000126
unavoidable 1,049822 0,000070
unavoidably 2,120264 0,000141
unawares 1,237874 0,000082
unawed 3,506558 0,000233
unbecomingness 3,912023 0,000260
unbegotten 3,506558 0,000233
unbegun 3,912023 0,000260
unbelief 1,771957 0,000118
unbent 2,302585 0,000153
unbiased 2,525729 0,000168
unbidden 2,407946 0,000160
unblinkingly 3,912023 0,000260
unbodied 3,218876 0,000214
unborn 2,040221 0,000136
unbounded 1,309333 0,000087
unbroken 0,733969 0,000049
unbuckle 3,218876 0,000214
unbutton 2,813411 0,000187
uncanonical 3,912023 0,000260
uncapturable 3,912023 0,000260
unceasing 1,609438 0,000107
unceasingly 1,609438 0,000107
unceremoniously 1,966113 0,000131
uncertain 0,301105 0,000020
unchallenged 3,218876 0,000214
unchangeable 1,771957 0,000118
unchanged 0,994252 0,000066
unchanging 2,120264 0,000141
uncharted 2,813411 0,000187
uncheered 3,912023 0,000260
unchristian 2,659260 0,000177
uncivilized 2,659260 0,000177
unclad 3,506558 0,000233
uncle 0,544727 0,000036
uncleanliness 2,659260 0,000177
unclouded 2,040221 0,000136
uncomfortable 0,798508 0,000053
uncomfortableness 3,506558 0,000233
uncommon 0,798508 0,000053
uncommonly 1,386294 0,000092
uncompleted 3,912023 0,000260
uncompromised 3,912023 0,000260
unconcluded 3,912023 0,000260
unconditional 2,207275 0,000147
unconditionally 2,659260 0,000177
unconquerable 1,560648 0,000104
unconscious 0,400478 0,000027
unconsciously 0,634878 0,000042
unconsciousness 1,771957 0,000118
unconsumed 3,912023 0,000260
uncontaminated 3,506558 0,000233
uncontinented 3,912023 0,000260
uncork 2,659260 0,000177
uncounted 3,912023 0,000260
uncouth 1,347074 0,000089
uncouthness 3,912023 0,000260
uncracked 3,912023 0,000260
unctuous 2,659260 0,000177
unctuousness 3,506558 0,000233
undashed 3,912023 0,000260
undaunted 1,771957 0,000118
undecayed 3,912023 0,000260
undecided 1,272966 0,000085
undecipherable 3,506558 0,000233
undecreasing 3,912023 0,000260
undefiled 2,207275 0,000147
undeliverable 3,912023 0,000260
undeniable 1,897120 0,000126
undergo 0,510826 0,000034
undergraduate 2,813411 0,000187
underground 1,309333 0,000087
underling 2,813411 0,000187
understand 0,020203 0,000003
understanding 0,223144 0,000030
undertake 0,385662 0,000051
undertaker 1,832581 0,000122
undervalue 2,207275 0,000147
underwriter 3,506558 0,000233
undetached 3,912023 0,000260
undetected 3,218876 0,000214
undeterred 2,995732 0,000199
undeveloped 1,771957 0,000118
undeviating 3,218876 0,000214
undigested 2,995732 0,000199
undignified 2,040221 0,000136
undiluted 2,659260 0,000177
undiscernible 3,506558 0,000233
undiscoverable 3,218876 0,000214
undiscovered 1,714798 0,000114
undiscriminating 3,506558 0,000233
undisputed 2,207275 0,000147
undivided 1,832581 0,000122
undo 0,693147 0,000046
undoubted 1,386294 0,000092
undoubtedly 0,634878 0,000042
undraped 3,912023 0,000260
undress 1,560648 0,000207
undressed 1,386294 0,000092
undue 2,040221 0,000136
undulate 3,506558 0,000233
undulated 2,813411 0,000187
undulating 1,560648 0,000104
undulation 2,120264 0,000282
unduly 1,966113 0,000131
unearth 1,832581 0,000122
unearthly 1,560648 0,000104
uneasiness 0,994252 0,000066
uneasy 0,544727 0,000036
unendurable 1,966113 0,000131
unenervated 3,912023 0,000260
unentered 3,912023 0,000260
unequal 0,843970 0,000056
unerring 1,966113 0,000131
unerringly 3,218876 0,000214
uneven 1,427116 0,000095
uneventfulness 3,912023 0,000260
unexaggerated 3,912023 0,000260
unexaggerating 3,912023 0,000260
unexampled 2,525729 0,000168
unexempt 3,506558 0,000233
unexhausted 2,659260 0,000177
unexhilarated 3,912023 0,000260
unexpected 0,430783 0,000029
unexpectedly 0,916291 0,000061
unextinguished 3,218876 0,000214
unfailing 1,714798 0,000114
unfair 1,049822 0,000070
unfallen 3,506558 0,000233
unfaltering 3,218876 0,000214
unfamiliar 1,386294 0,000092
unfathered 3,912023 0,000260
unfathomable 1,771957 0,000118
unfathomably 3,506558 0,000233
unfavourable 1,514128 0,000101
unfearing 3,912023 0,000260
unfeatured 3,912023 0,000260
unfinished 1,049822 0,000070
unfitness 2,207275 0,000147
unfitted 2,120264 0,000141
unflattering 2,995732 0,000199
unflinching 2,525729 0,000168
unfold 0,755023 0,000100
unforgiven 3,506558 0,000233
unforseen 3,912023 0,000260
unfortunate 0,314711 0,000021
unfrequent 2,995732 0,000199
unfrequented 2,040221 0,000136
unfrequently 2,207275 0,000147
unfriendly 1,660731 0,000110
unfurling 3,218876 0,000214
unfurnished 2,525729 0,000168
ungainly 2,120264 0,000141
ungarnished 3,912023 0,000260
ungentlemanly 2,813411 0,000187
ungodly 2,040221 0,000136
ungovernable 2,040221 0,000136
ungracious 1,966113 0,000131
ungraduated 3,912023 0,000260
ungraspable 3,506558 0,000233
ungrateful 0,798508 0,000053
unhappy 0,400478 0,000027
unharmed 2,207275 0,000147
unharming 3,912023 0,000260
unhaunted 3,912023 0,000260
unhealing 3,912023 0,000260
unheeded 1,609438 0,000107
unhesitatingly 1,660731 0,000110
unhinge 2,207275 0,000293
unhinted 3,912023 0,000260
unholy 1,469676 0,000098
unhooped 3,506558 0,000233
unhorse 3,506558 0,000233
unicorn 2,525729 0,000336
uniform 0,210721 0,000014
uniformity 1,771957 0,000118
uniformly 1,832581 0,000122
unilluminated 3,912023 0,000260
unimaginable 2,995732 0,000199
unimaginative 3,506558 0,000233
unimpressed 3,912023 0,000260
uninhabited 1,609438 0,000107
uninjurable 3,506558 0,000233
uninjured 2,207275 0,000147
unintegral 3,912023 0,000260
unintelligence 3,912023 0,000260
unintelligent 2,659260 0,000177
unintermitted 3,506558 0,000233
uninterrupted 1,309333 0,000087
uninvitedly 3,912023 0,000260
union 0,494296 0,000033
unique 1,237874 0,000082
uniqueness 3,506558 0,000233
unite 0,867501 0,000058
united 0,094311 0,000006
universal 0,478036 0,000032
universality 2,659260 0,000177
universally 0,967584 0,000064
universe 0,733969 0,000049
university 0,967584 0,000064
unknowing 2,659260 0,000177
unknown 0,105361 0,000007
unlace 3,218876 0,000214
unlettered 2,813411 0,000187
unlighted 2,995732 0,000199
unlimited 1,078810 0,000072
unload 2,040221 0,000136
unloading 2,120264 0,000141
unlock 0,755023 0,000050
unmanageably 3,912023 0,000260
unmanifested 3,912023 0,000260
unmanned 2,995732 0,000199
unmannerly 2,995732 0,000199
unmanufactured 3,218876 0,000214
unmarred 3,912023 0,000260
unmatched 2,813411 0,000187
unmeaningly 3,912023 0,000260
unmeasured 2,813411 0,000187
unmentionable 3,218876 0,000214
unmerited 2,659260 0,000177
unmethodically 3,912023 0,000260
unmindful 1,966113 0,000131
unmisgiving 3,912023 0,000260
unmistakable 1,171183 0,000078
unmistakably 1,832581 0,000122
unmitigated 2,525729 0,000168
unmixed 1,771957 0,000118
unmolested 1,714798 0,000114
unmomentous 3,912023 0,000260
unmoor 3,506558 0,000233
unmurmuringly 3,912023 0,000260
unnamable 3,218876 0,000214
unnatural 0,713350 0,000047
unnaturally 1,660731 0,000110
unnearable 3,912023 0,000260
unnecessary 0,653926 0,000043
unneeded 3,506558 0,000233
unobservant 2,813411 0,000187
unobserved 1,203973 0,000080
unobstructed 2,659260 0,000177
unobtrusive 2,207275 0,000147
unoccupied 1,560648 0,000104
unofficially 3,912023 0,000260
unostentatious 3,218876 0,000214
unoutgrown 3,912023 0,000260
unpainted 2,995732 0,000199
unpanelled 3,912023 0,000260
unparticipated 3,912023 0,000260
unpitying 2,813411 0,000187
unpleasant 0,562119 0,000037
unpleasing 2,407946 0,000160
unpoetical 2,995732 0,000199
unpolluted 2,813411 0,000187
unprecedented 1,771957 0,000118
unprecedentedly 3,912023 0,000260
unprejudiced 2,407946 0,000160
unprepared 1,514128 0,000101
unprincipled 1,966113 0,000131
unprofessional 2,995732 0,000199
unprofitable 1,660731 0,000110
unprovided 2,302585 0,000153
unpublished 2,659260 0,000177
unquestionable 1,714798 0,000114
unquiet 1,966113 0,000131
unread 2,659260 0,000177
unreasonable 0,967584 0,000064
unreasonably 2,040221 0,000136
unreasoning 1,966113 0,000131
unrecking 3,912023 0,000260
unrecorded 2,995732 0,000199
unrelenting 2,525729 0,000168
unreliable 2,302585 0,000153
unrelieved 3,506558 0,000233
unreluctantly 3,912023 0,000260
unremoved 3,506558 0,000233
unresting 2,995732 0,000199
unrestingly 3,912023 0,000260
unreverenced 3,912023 0,000260
unrifled 3,912023 0,000260
unrigged 3,912023 0,000260
unrighteous 1,966113 0,000131
unrivalled 2,207275 0,000147
unroll 1,771957 0,000118
unrolling 2,659260 0,000177
unsafe 1,897120 0,000126
unsaid 2,207275 0,000147
unsavory 3,506558 0,000233
unsay 2,995732 0,000398
unscathed 2,813411 0,000187
unscientific 2,813411 0,000187
unscrew 1,966113 0,000131
unscrupulous 1,771957 0,000118
unseal 2,120264 0,000141
unseamanlike 3,912023 0,000260
unseasonable 1,897120 0,000126
unseen 0,616186 0,000041
unset 3,912023 0,000260
unsetting 3,912023 0,000260
unsettled 1,309333 0,000087
unsheathe 3,218876 0,000214
unshored 3,912023 0,000260
unshorn 2,995732 0,000199
unshunned 3,912023 0,000260
unsightly 2,525729 0,000168
unsignifying 3,912023 0,000260
unskilful 2,525729 0,000168
unsleeping 2,995732 0,000199
unsocial 2,407946 0,000160
unsolicited 0,510826 0,000034
unsolved 1,832581 0,000122
unsophisticated 2,407946 0,000160
unsounded 3,506558 0,000233
unspeakable 0,994252 0,000066
unspeakably 2,302585 0,000153
unspeckled 3,912023 0,000260
unspoken 1,771957 0,000118
unspotted 2,659260 0,000177
unstaggering 3,912023 0,000260
unstarched 3,912023 0,000260
unstirring 3,912023 0,000260
unstranded 3,912023 0,000260
unstreaked 3,912023 0,000260
unstricken 3,912023 0,000260
unsubduable 3,912023 0,000260
unsubstantial 2,207275 0,000147
unsuccessful 0,994252 0,000066
unsullied 2,302585 0,000153
unsupply 3,912023 0,000260
unsurrendered 3,912023 0,000260
unsuspected 1,609438 0,000107
unsuspecting 2,407946 0,000160
unsweetly 3,912023 0,000260
untainted 2,813411 0,000187
untasted 2,120264 0,000141
untattooed 3,912023 0,000260
unthinking 2,525729 0,000168
unthinkingly 2,659260 0,000177
unthought 2,207275 0,000147
untidy 1,660731 0,000110
untimely 1,347074 0,000089
untold 1,714798 0,000114
untouchable 3,506558 0,000233
untouched 1,171183 0,000078
untoward 1,897120 0,000126
untraceable 3,506558 0,000233
untravelled 3,218876 0,000214
untried 1,966113 0,000131
untrodden 2,525729 0,000168
untutored 2,995732 0,000199
unusable 3,218876 0,000214
unusual 0,415515 0,000028
unusually 0,891598 0,000059
unvarying 2,207275 0,000147
unverdured 3,912023 0,000260
unvexed 3,506558 0,000233
unvitiated 3,912023 0,000260
unwaning 3,912023 0,000260
unwarped 3,506558 0,000233
unwarrantable 2,659260 0,000177
unwarrantably 3,912023 0,000260
unwarranted 2,813411 0,000187
unwearied 1,714798 0,000114
unwedded 3,912023 0,000260
unwelcome 1,469676 0,000098
unwieldy 2,207275 0,000147
unwilling 0,653926 0,000043
unwillingness 1,832581 0,000122
unwilted 3,912023 0,000260
unwind 2,120264 0,000282
unwinking 3,912023 0,000260
unwithdrawn 3,912023 0,000260
unwittingly 1,660731 0,000110
unwonted 1,309333 0,000087
unworshipping 3,912023 0,000260
unworthy 0,673345 0,000045
unwritten 1,966113 0,000131
unyielding 2,525729 0,000168
upbraid 1,386294 0,000092
upbubble 3,912023 0,000260
upcast 3,912023 0,000260
upharsin 3,506558 0,000233
upheave 2,813411 0,000187
upheaving 2,813411 0,000187
uphold 1,237874 0,000164
uplift 1,514128 0,000101
upper 0,314711 0,000021
uppermost 1,237874 0,000082
upraising 3,912023 0,000260
upright 0,301105 0,000020
uprising 2,207275 0,000147
uproar 1,021651 0,000068
upside 1,347074 0,000089
upstairs 0,891598 0,000059
upward 0,579818 0,000039
upwardly 3,912023 0,000260
urbane 2,659260 0,000177
urchin 1,609438 0,000107
urge 0,274437 0,000036
urgent 0,798508 0,000053
urn 1,714798 0,000114
usage 0,733969 0,000098
useless 0,235722 0,000016
usher 0,867501 0,000115
usual 0,139262 0,000009
usurpation 2,207275 0,000147
usurper 1,771957 0,000118
utilitarian 2,659260 0,000177
utility 1,427116 0,000190
utmost 0,356675 0,000024
utter 0,162519 0,000032
utterance 0,867501 0,000058
utterly 0,371064 0,000025
uttermost 2,040221 0,000136
vacancy 1,139434 0,000151
vacant 0,693147 0,000046
vacantly 1,897120 0,000126
vacate 1,897120 0,000252
vacation 1,347074 0,000089
vacillation 2,995732 0,000199
vacuity 2,995732 0,000199
vacuum 2,207275 0,000147
vagabond 1,203973 0,000080
vagrant 1,714798 0,000114
vague 0,579818 0,000039
vaguely 0,967584 0,000064
vagueness 2,525729 0,000168
vain 0,116534 0,000008
vainly 0,634878 0,000042
vale 1,347074 0,000089
vales 2,407946 0,000160
valiant 1,309333 0,000087
valiantly 2,040221 0,000136
valise 2,813411 0,000187
valley 0,544727 0,000072
valor 1,771957 0,000118
valour 1,560648 0,000104
valuable 0,342490 0,000023
valve 2,207275 0,000147
van 1,021651 0,000068
vancouver 3,506558 0,000233
vane 2,525729 0,000168
vanish 0,314711 0,000042
vanity 0,400478 0,000027
vanquish 0,916291 0,000061
vapor 1,966113 0,000392
vapory 3,506558 0,000233
variety 0,150823 0,000020
variously 1,427116 0,000095
vary 0,342490 0,000023
vase 1,386294 0,000092
vassal 1,897120 0,000126
vast 0,223144 0,000015
vastly 1,203973 0,000080
vat 2,302585 0,000306
vault 0,798508 0,000159
veal 1,771957 0,000118
veer 1,966113 0,000131
vehement 1,427116 0,000095
vehemently 1,386294 0,000092
vehicle 0,843970 0,000056
veil 0,510826 0,000034
veiled 1,272966 0,000085
vein 0,446287 0,000059
veined 2,995732 0,000199
velocity 1,966113 0,000131
velvet 0,891598 0,000118
venerable 0,843970 0,000056
veneration 1,469676 0,000098
venetian 1,469676 0,000098
vengeance 0,579818 0,000039
vengeful 2,302585 0,000153
venice 1,427116 0,000095
venison 1,771957 0,000118
vent 0,798508 0,000159
ventilate 2,302585 0,000153
ventricle 3,218876 0,000214
venture 0,223144 0,000030
veracious 2,407946 0,000160
veracity 2,120264 0,000141
verbal 1,203973 0,000080
verbally 2,995732 0,000199
verbatim 2,525729 0,000168
verdant 1,897120 0,000126
verdigris 2,995732 0,000199
verdure 1,469676 0,000098
veriest 3,506558 0,000233
verification 2,120264 0,000141
verily 1,139434 0,000076
veritable 1,560648 0,000104
verity 2,302585 0,000153
vermicelli 3,506558 0,000233
vermillion 2,995732 0,000199
vermont 2,995732 0,000199
vermonter 3,912023 0,000260
vernacular 2,525729 0,000168
vernal 2,659260 0,000177
versailles 2,813411 0,000187
verse 0,478036 0,000032
version 0,342490 0,000046
vertebra 2,813411 0,000187
vertical 1,966113 0,000131
vertically 2,813411 0,000187
vertu 2,659260 0,000177
vesper 2,525729 0,000168
vessel 0,446287 0,000059
vest 1,108663 0,000074
vestibule 1,832581 0,000122
vestige 1,272966 0,000085
vesture 2,207275 0,000147
vesuvius 2,813411 0,000187
veteran 1,609438 0,000107
vex 0,579818 0,000039
vexatious 1,771957 0,000118
vial 2,120264 0,000282
vibrate 1,021651 0,000204
vibration 1,832581 0,000243
vicar 1,771957 0,000118
vicariously 3,218876 0,000214
vice 0,478036 0,000064
viceroy 2,659260 0,000177
vicinity 1,078810 0,000143
viciously 2,120264 0,000141
viciousness 2,407946 0,000160
vicissitude 1,560648 0,000207
victim 0,385662 0,000026
victor 0,967584 0,000064
victorious 1,108663 0,000074
victoriously 2,659260 0,000177
victory 0,356675 0,000047
vide 2,995732 0,000199
view 0,040822 0,000011
vigilance 1,309333 0,000087
vigilant 1,560648 0,000104
vignette 2,995732 0,000199
vigor 1,347074 0,000089
vigorous 0,544727 0,000036
vigorously 1,021651 0,000068
vile 0,634878 0,000042
villa 1,347074 0,000089
village 0,356675 0,000024
villages 0,820981 0,000055
villain 0,916291 0,000122
villainous 1,609438 0,000107
villainy 1,660731 0,000110
villanous 3,912023 0,000260
vindicate 1,427116 0,000095
vindictive 1,714798 0,000114
vindictively 2,813411 0,000187
vindictiveness 2,525729 0,000168
vine 0,867501 0,000115
vinegar 1,078810 0,000072
vineyard 1,237874 0,000164
vineyarder 3,912023 0,000260
vintage 1,660731 0,000221
viol 2,302585 0,000153
violate 0,342490 0,000023
violence 0,248461 0,000017
violent 0,223144 0,000015
violently 0,462035 0,000031
violet 1,139434 0,000076
virgin 0,755023 0,000050
virginia 2,813411 0,000187
virgo 3,506558 0,000233
virtue 0,287682 0,000038
virtuous 0,653926 0,000043
visage 1,203973 0,000080
vishnu 2,813411 0,000187
visible 0,235722 0,000016
visibly 0,916291 0,000061
vision 0,301105 0,000040
visit 0,030459 0,000008
visitant 2,659260 0,000177
visitation 1,514128 0,000201
visitor 0,446287 0,000030
visual 2,407946 0,000160
vital 0,693147 0,000046
vitality 1,309333 0,000087
vitals 1,966113 0,000131
vitiate 2,207275 0,000147
vivacious 1,832581 0,000122
vivaciously 2,525729 0,000168
vivacity 1,237874 0,000082
vivid 0,776529 0,000052
vividly 1,139434 0,000076
vividness 2,120264 0,000141
vivify 2,525729 0,000168
vocabulary 1,714798 0,000114
vocation 1,272966 0,000085
voice 0,020203 0,000003
voiced 1,714798 0,000114
voicelessly 3,912023 0,000260
void 0,261365 0,000017
voids 3,506558 0,000233
volatile 2,120264 0,000141
volcano 1,514128 0,000201
volition 1,714798 0,000114
volley 1,469676 0,000098
volume 0,356675 0,000047
voluntarily 0,891598 0,000059
voluntary 0,843970 0,000056
volunteer 0,314711 0,000021
vomit 2,040221 0,000271
von 1,771957 0,000118
voracious 2,040221 0,000136
voracity 2,813411 0,000187
vortex 2,120264 0,000282
vote 0,843970 0,000056
voucher 2,407946 0,000160
vow 0,616186 0,000164
voyage 0,616186 0,000123
voyager 2,525729 0,000336
voyaging 2,525729 0,000336
vulture 1,427116 0,000190
vum 3,912023 0,000260
wa 2,995732 0,000199
wad 2,207275 0,000147
wade 1,139434 0,000227
wafer 2,207275 0,000147
waft 1,386294 0,000092
wag 1,108663 0,000074
wager 1,347074 0,000089
wages 0,916291 0,000061
waggish 2,407946 0,000160
wagon 1,078810 0,000072
waif 2,407946 0,000480
wail 0,798508 0,000159
wainscot 2,659260 0,000177
waist 0,693147 0,000046
waistband 2,659260 0,000177
waistcoat 0,941609 0,000125
wait 0,061875 0,000012
waiter 0,916291 0,000061
waiting 0,083382 0,000006
waive 1,897120 0,000252
wake 0,223144 0,000059
wakeful 1,832581 0,000122
wakefulness 2,407946 0,000160
waken 1,139434 0,000076
wales 1,660731 0,000110
walk 0,000000 0,000000
wall 0,094311 0,000013
walled 1,347074 0,000089
waller 3,218876 0,000214
wallet 2,407946 0,000160
wallow 1,309333 0,000348
walnut 1,897120 0,000126
walrus 2,813411 0,000374
walter 1,966113 0,000131
wampum 3,912023 0,000260
wan 1,427116 0,000095
wand 1,771957 0,000118
wander 0,116534 0,000023
wanderer 1,078810 0,000072
wanderings 1,237874 0,000082
wane 0,967584 0,000257
wanton 1,021651 0,000068
wantonly 1,660731 0,000110
wantonness 1,514128 0,000101
wapping 3,506558 0,000233
war 0,139262 0,000019
warble 1,771957 0,000235
ward 0,755023 0,000050
warden 1,966113 0,000131
wardrobe 1,078810 0,000072
warehouse 1,309333 0,000174
warfare 1,272966 0,000085
warlike 1,427116 0,000095
warm 0,116534 0,000039
warmly 0,798508 0,000053
warmth 0,579818 0,000039
warn 0,287682 0,000038
warning 0,235722 0,000031
warningly 2,407946 0,000160
warp 1,771957 0,000235
warped 1,897120 0,000126
warrant 0,562119 0,000075
warrior 1,108663 0,000147
wary 1,171183 0,000078
wash 0,210721 0,000056
washington 1,609438 0,000107
wasp 1,897120 0,000126
waste 0,127833 0,000025
wastingly 3,912023 0,000260
wat 3,218876 0,000214
watch 0,020203 0,000005
watcher 1,560648 0,000104
watchmaker 2,659260 0,000177
watchman 1,427116 0,000095
watchmen 2,120264 0,000141
water 0,040822 0,000008
watergate 3,912023 0,000260
waterless 3,506558 0,000233
waterproof 2,302585 0,000153
waterspout 2,995732 0,000199
waterward 3,912023 0,000260
watery 1,272966 0,000085
watts 2,995732 0,000199
wave 0,210721 0,000056
wavingly 3,912023 0,000260
wavy 2,120264 0,000141
wax 0,446287 0,000089
waxy 2,659260 0,000177
wayward 1,897120 0,000126
weak 0,105361 0,000014
weaken 0,562119 0,000037
weakling 1,966113 0,000131
weakly 1,309333 0,000087
weakness 0,248461 0,000017
weal 1,714798 0,000114
wealth 0,287682 0,000019
wealthy 0,579818 0,000077
weapon 0,400478 0,000053
wear 0,083382 0,000028
wearer 1,771957 0,000118
wearied 0,820981 0,000055
wearily 1,272966 0,000085
weariness 0,755023 0,000050
wearisome 1,139434 0,000076
weary 0,186330 0,000037
weasel 2,407946 0,000160
weather 0,248461 0,000050
weave 0,693147 0,000184
weaver 1,832581 0,000122
webster 2,407946 0,000160
wedder 3,912023 0,000260
wedding 0,733969 0,000049
wedge 1,203973 0,000160
wee 2,040221 0,000136
weed 0,755023 0,000100
weedy 2,525729 0,000168
week 0,127833 0,000017
weekly 1,171183 0,000078
ween 2,995732 0,000199
weep 0,356675 0,000095
weigh 0,162519 0,000032
weight 0,116534 0,000008
weighty 1,237874 0,000164
weld 2,407946 0,000320
welding 3,506558 0,000233
wellington 2,120264 0,000141
welter 1,966113 0,000131
wert 2,525729 0,000168
west 0,083382 0,000006
wester 2,525729 0,000336
westerly 2,407946 0,000160
western 0,616186 0,000041
westward 1,139434 0,000076
wet 0,261365 0,000035
whale 1,469676 0,000293
whaleboat 3,506558 0,000466
whalebone 2,525729 0,000168
whaleman 3,912023 0,000260
whalemen 3,912023 0,000260
whaler 2,995732 0,000398
whaleship 3,912023 0,000260
whaling 3,218876 0,000214
whang 3,506558 0,000233
wharf 1,427116 0,000190
whatsoever 0,287682 0,000019
wheat 0,994252 0,000066
wheel 0,274437 0,000055
wheelbarrow 2,659260 0,000177
wheeling 1,514128 0,000101
wheeze 2,407946 0,000160
whelm 2,659260 0,000353
whelp 1,897120 0,000126
whereat 1,560648 0,000104
wherefore 1,139434 0,000076
whereof 1,237874 0,000082
whereon 1,309333 0,000087
whereto 2,525729 0,000168
wherewith 1,514128 0,000101
whet 1,966113 0,000131
whetstone 3,218876 0,000428
whew 2,407946 0,000160
whiff 1,609438 0,000214
whimsicality 3,506558 0,000233
whip 0,400478 0,000106
whirl 0,527633 0,000140
whirlpool 1,966113 0,000131
whirlwind 1,514128 0,000101
whisker 1,171183 0,000156
whiskey 2,120264 0,000141
whisper 0,248461 0,000050
whispering 0,798508 0,000053
whisperingly 3,506558 0,000233
whist 1,771957 0,000118
whistle 0,462035 0,000092
whistlingly 3,912023 0,000260
whit 1,171183 0,000078
white 0,051293 0,000007
whitehall 3,218876 0,000214
whitened 1,771957 0,000118
whiteness 1,139434 0,000076
whites 1,469676 0,000098
whitewashed 1,660731 0,000110
whitish 2,120264 0,000141
whitsuntide 3,218876 0,000214
whittle 2,813411 0,000374
wholesome 0,867501 0,000058
wholly 0,400478 0,000027
whoop 1,771957 0,000118
whooping 2,407946 0,000160
whosoever 1,714798 0,000114
wick 1,771957 0,000118
wicked 0,328504 0,000022
wickedness 0,916291 0,000061
wid 2,659260 0,000177
wide 0,030459 0,000004
widen 0,916291 0,000061
widow 0,510826 0,000102
wield 1,427116 0,000190
wife 0,083382 0,000011
wight 2,659260 0,000353
wigwam 2,525729 0,000336
wild 0,051293 0,000007
wilderness 0,673345 0,000045
wildest 1,272966 0,000085
wildly 0,776529 0,000052
wildness 1,514128 0,000101
wilful 1,427116 0,000095
wilfulness 2,659260 0,000177
willed 1,347074 0,000089
william 0,798508 0,000053
willingly 0,527633 0,000035
willingness 1,514128 0,000101
willow 1,171183 0,000078
wilted 3,218876 0,000214
wince 1,469676 0,000195
wind 0,094311 0,000019
windbound 3,912023 0,000260
windlass 3,506558 0,000233
window 0,162519 0,000022
windpipe 2,813411 0,000187
windrowed 3,912023 0,000260
windsor 2,207275 0,000147
windward 2,207275 0,000147
windy 1,469676 0,000098
wine 0,235722 0,000031
wing 0,314711 0,000042
winged 1,272966 0,000085
wink 0,597837 0,000119
winnebago 3,912023 0,000260
winsome 2,659260 0,000177
winter 0,198451 0,000013
wintry 1,386294 0,000092
wipe 0,415515 0,000055
wire 0,867501 0,000115
wisdom 0,287682 0,000019
wise 0,094311 0,000013
wisely 0,653926 0,000043
wit 0,198451 0,000026
witch 1,203973 0,000080
witchery 2,302585 0,000306
withal 1,347074 0,000089
withdraw 0,210721 0,000070
withdrawal 2,407946 0,000320
withered 0,843970 0,000056
withhold 0,820981 0,000109
withstand 1,021651 0,000136
witness 0,116534 0,000023
witted 1,609438 0,000107
wittiness 3,912023 0,000260
witty 1,139434 0,000076
wive 3,506558 0,000233
woe 0,673345 0,000089
woebegone 3,506558 0,000233
woeful 2,302585 0,000153
wolf 0,597837 0,000040
wolfish 2,407946 0,000160
woman 0,030459 0,000004
womb 1,272966 0,000085
wonderful 0,162519 0,000011
wonderfully 0,510826 0,000034
wonderfulness 3,506558 0,000233
wonderingly 2,659260 0,000177
wonderment 2,302585 0,000153
wondrous 1,203973 0,000080
wondrously 2,207275 0,000147
wondrousness 3,912023 0,000260
wonted 1,832581 0,000122
woo 1,514128 0,000201
wood 0,083382 0,000011
woodcock 2,659260 0,000177
wooded 1,609438 0,000107
wooden 0,415515 0,000028
woodland 2,120264 0,000282
woodpecker 2,659260 0,000177
woody 1,832581 0,000122
woof 2,525729 0,000168
wool 1,049822 0,000070
woollen 1,660731 0,000110
word 0,020203 0,000001
wordless 3,218876 0,000214
worker 0,941609 0,000125
workman 0,755023 0,000100
workmanlike 2,813411 0,000187
worldly 0,820981 0,000055
worm 0,733969 0,000098
worry 0,544727 0,000036
worship 0,415515 0,000110
worshipper 1,514128 0,000201
worsted 1,832581 0,000122
worth 0,061875 0,000004
worthy 0,186330 0,000012
wouldst 1,832581 0,000122
wound 0,198451 0,000040
wounded 0,274437 0,000018
wrangling 2,207275 0,000147
wrap 0,400478 0,000106
wrapper 1,469676 0,000098
wrapt 1,714798 0,000114
wrath 0,634878 0,000042
wreak 1,966113 0,000131
wreath 0,867501 0,000058
wreck 0,693147 0,000092
wrecks 2,040221 0,000136
wrench 0,967584 0,000193
wrest 1,203973 0,000080
wrestle 1,049822 0,000070
wrestling 2,813411 0,000187
wretched 0,328504 0,000022
wretchedly 1,966113 0,000131
wriggle 1,171183 0,000156
wring 0,798508 0,000106
wrinkle 0,755023 0,000150
wrist 0,776529 0,000103
writ 1,386294 0,000092
write 0,020203 0,000004
writer 0,328504 0,000044
writhe 0,867501 0,000115
writing 0,061875 0,000004
wrong 0,072571 0,000005
xvi 0,776529 0,000052
yale 2,995732 0,000199
yankee 1,897120 0,000126
yankees 2,302585 0,000153
yard 0,223144 0,000030
yarn 1,609438 0,000214
yaw 2,659260 0,000530
yawn 0,820981 0,000055
yawning 1,237874 0,000082
yea 1,897120 0,000126
yearly 1,203973 0,000080
yeast 3,218876 0,000214
yell 0,798508 0,000212
yellow 0,314711 0,000021
yellowish 1,897120 0,000126
yesterday 0,301105 0,000020
yield 0,174353 0,000046
yoke 0,994252 0,000198
yoking 2,813411 0,000187
yon 2,120264 0,000141
yonder 0,843970 0,000056
yore 1,897120 0,000126
york 0,916291 0,000061
yorkshire 2,525729 0,000168
youngish 3,506558 0,000233
youth 0,139262 0,000009
youthful 0,673345 0,000045
zag 2,995732 0,000199
zeal 0,579818 0,000039
zealand 2,120264 0,000141
zealanders 3,912023 0,000260
zephyr 2,407946 0,000160
zeuglodon 3,912023 0,000260
zig 2,995732 0,000199
zodiac 2,525729 0,000168
zone 1,660731 0,000331
zoology 2,813411 0,000187
zoroaster 2,813411 0,000187
