abandon 0,223144 0,000083
abasement 1,897120 0,000236
abate 1,108663 0,000276
abatement 2,120264 0,000264
abbacy 3,912023 0,000975
abbe 3,506558 0,000437
abbot 2,040221 0,000254
abhor 1,203973 0,000150
abhorrence 1,560648 0,000194
abide 0,248461 0,000031
ability 0,478036 0,000119
ablest 2,120264 0,000264
abode 0,579818 0,000072
abolish 1,272966 0,000317
abolition 1,832581 0,000228
abound 1,021651 0,000509
abovementioned 3,912023 0,000487
abraham 1,386294 0,000173
abridge 1,714798 0,000855
absolute 0,400478 0,000050
absolutely 0,287682 0,000036
absorb 0,446287 0,000222
abstain 1,139434 0,000142
abstract 0,733969 0,000183
abstruse 1,897120 0,000236
absurd 0,430783 0,000054
absurdity 1,049822 0,000131
absurdly 1,427116 0,000178
abundance 0,843970 0,000105
abundant 0,867501 0,000108
abundantly 1,272966 0,000159
abuse 0,562119 0,000210
abused 0,843970 0,000105
abusive 2,302585 0,000287
abyssinia 3,218876 0,000401
academic 1,771957 0,000221
academy 1,347074 0,000168
acapulco 3,218876 0,000401
accelerate 1,771957 0,000442
accept 0,061875 0,000031
acceptor 3,506558 0,000437
accession 1,966113 0,000245
accessory 1,427116 0,000178
accident 0,274437 0,000068
accidental 0,755023 0,000094
accidentally 0,820981 0,000102
accommodate 0,916291 0,000228
accommodation 1,203973 0,000150
accompany 0,094311 0,000035
accomplished 0,385662 0,000048
accomplishment 0,994252 0,000248
accord 0,527633 0,000066
account 0,010050 0,000004
accountable 2,302585 0,000287
accountant 2,407946 0,000600
accumulate 0,891598 0,000444
accumulation 1,469676 0,000183
accuracy 1,108663 0,000138
accurate 0,941609 0,000117
accurately 1,049822 0,000131
accusation 0,891598 0,000111
accuse 0,385662 0,000096
accustomed 0,287682 0,000036
achieve 0,597837 0,000074
achilles 1,560648 0,000194
acknowledge 0,274437 0,000103
acknowledgment 1,347074 0,000168
acorn 1,771957 0,000221
acquaint 0,342490 0,000085
acquire 0,371064 0,000185
acquirer 3,912023 0,000487
acquisition 1,272966 0,000317
acquit 1,021651 0,000127
acre 0,776529 0,000194
action 0,094311 0,000024
active 0,127833 0,000016
activity 0,415515 0,000052
actor 0,755023 0,000188
actual 0,174353 0,000022
acute 0,733969 0,000091
acuteness 1,427116 0,000178
adam 0,941609 0,000117
adapt 0,653926 0,000081
add 0,094311 0,000035
addition 0,116534 0,000029
additional 0,198451 0,000025
address 0,072571 0,000018
adduce 2,120264 0,000264
adieu 1,237874 0,000154
adjoin 0,798508 0,000099
adjudge 2,659260 0,000331
adjust 0,891598 0,000444
administer 0,867501 0,000324
administration 1,427116 0,000178
administrator 2,207275 0,000275
admirable 0,527633 0,000066
admiral 1,347074 0,000168
admiralty 2,407946 0,000300
admiration 0,342490 0,000043
admired 0,579818 0,000072
admirer 0,916291 0,000114
admission 0,693147 0,000086
admit 0,116534 0,000058
adopt 0,673345 0,000252
adorn 0,634878 0,000158
adriatic 2,407946 0,000300
adulterate 2,995732 0,000373
adulterine 3,912023 0,000487
advance 0,061875 0,000031
advancement 1,203973 0,000150
advantage 0,127833 0,000032
advantageous 1,237874 0,000154
advantageously 2,302585 0,000287
adventure 0,301105 0,000075
adventurer 1,272966 0,000317
adventurous 1,237874 0,000154
adversary 0,867501 0,000108
adversity 1,560648 0,000194
advice 0,186330 0,000023
adviser 1,560648 0,000194
aegean 2,659260 0,000331
aesop 2,813411 0,000351
affair 0,094311 0,000024
affect 0,478036 0,000060
affectation 1,078810 0,000134
affection 0,235722 0,000059
affectionate 0,616186 0,000077
affinity 1,427116 0,000178
affirm 0,843970 0,000105
affix 1,897120 0,000473
afflict 0,597837 0,000074
affluence 1,966113 0,000245
affluent 2,525729 0,000315
afford 0,186330 0,000093
aforesaid 1,469676 0,000183
afraid 0,105361 0,000013
africa 0,967584 0,000121
african 1,427116 0,000178
agamemnon 2,302585 0,000287
age 0,040822 0,000010
agen 2,813411 0,000351
agency 1,021651 0,000127
agent 0,223144 0,000028
aggravate 1,171183 0,000438
aggravation 1,832581 0,000228
aggrieved 1,832581 0,000228
agility 1,272966 0,000159
agio 3,912023 0,000487
agrarian 3,218876 0,000401
agree 0,051293 0,000026
agreeable 0,462035 0,000058
agreeableness 3,218876 0,000401
agreement 0,210721 0,000053
agricultural 1,832581 0,000228
agriculture 1,771957 0,000221
aid 0,210721 0,000053
aim 0,287682 0,000108
air 0,061875 0,000015
aix 3,506558 0,000437
alarm 0,314711 0,000039
alarmed 0,478036 0,000060
alarming 0,867501 0,000108
ale 1,660731 0,000207
alehouse 2,813411 0,000701
alexander 1,108663 0,000138
alien 1,272966 0,000317
alienate 2,120264 0,000528
alienated 2,040221 0,000254
alienation 2,659260 0,000331
alike 0,287682 0,000036
alive 0,051293 0,000006
alkaline 3,912023 0,000487
allegation 2,995732 0,000373
allege 1,108663 0,000414
allegiance 1,897120 0,000236
alleviate 1,560648 0,000583
alliance 1,108663 0,000138
alligator 2,407946 0,000300
allodial 3,912023 0,000487
allodially 3,912023 0,000487
allot 1,108663 0,000138
allotment 2,995732 0,000373
allowance 0,713350 0,000178
alloy 1,966113 0,000245
allure 1,386294 0,000173
ally 0,713350 0,000267
aloud 0,301105 0,000038
alps 1,560648 0,000194
alter 0,235722 0,000088
alteration 0,261365 0,000065
alternately 1,021651 0,000127
altogether 0,198451 0,000025
alum 3,912023 0,000487
amass 1,560648 0,000389
ambassador 1,108663 0,000276
ambiguity 1,897120 0,000236
ambiguously 3,912023 0,000487
ambition 0,510826 0,000064
ambitious 0,891598 0,000111
amelioration 2,995732 0,000373
amenable 2,207275 0,000275
amend 0,820981 0,000102
amercement 3,912023 0,000487
america 0,579818 0,000072
american 0,634878 0,000158
ammunition 1,660731 0,000207
ample 0,527633 0,000066
amply 0,967584 0,000121
amsterdam 2,207275 0,000275
amuse 0,371064 0,000092
amusement 0,478036 0,000119
amusing 0,693147 0,000086
analogy 1,660731 0,000207
anarchy 1,832581 0,000228
ancestor 0,462035 0,000058
ancient 0,198451 0,000025
anciently 2,525729 0,000315
ancients 1,347074 0,000168
anderson 2,120264 0,000264
angola 3,506558 0,000437
animal 0,223144 0,000056
animate 1,347074 0,000336
animated 0,755023 0,000094
animosity 1,427116 0,000178
annals 1,660731 0,000207
anne 1,560648 0,000194
annex 1,272966 0,000476
annihilate 1,203973 0,000300
annual 1,171183 0,000146
annually 1,771957 0,000221
annuitant 3,506558 0,000437
annuity 2,407946 0,000600
answer 0,020203 0,000005
answerable 1,660731 0,000207
answering 0,510826 0,000064
antecedent 1,660731 0,000207
antidote 1,771957 0,000221
antipathy 1,714798 0,000214
antiquarian 2,040221 0,000254
antiquated 2,525729 0,000315
antiquity 0,941609 0,000235
antwerp 2,207275 0,000275
anxiety 0,287682 0,000036
anxious 0,261365 0,000033
anytime 3,506558 0,000437
apartment 0,597837 0,000074
aperea 3,912023 0,000487
apologize 1,309333 0,000163
apologue 2,813411 0,000351
apology 0,527633 0,000066
apoplexy 2,525729 0,000315
apothecary 1,609438 0,000401
apparent 0,314711 0,000039
appeal 0,261365 0,000065
appearance 0,072571 0,000018
appease 0,941609 0,000117
appellation 1,832581 0,000228
appendage 2,040221 0,000254
appendix 1,660731 0,000207
applause 0,916291 0,000114
apple 0,494296 0,000062
applicable 0,400478 0,000050
application 0,653926 0,000081
apply 0,116534 0,000058
appoint 0,328504 0,000164
appointment 0,579818 0,000144
apprehend 0,798508 0,000199
apprehension 0,494296 0,000062
apprentice 1,427116 0,000356
apprenticeship 2,120264 0,000528
approach 0,040822 0,000020
approbation 1,203973 0,000150
appropriation 2,040221 0,000254
approve 0,342490 0,000085
approximation 2,302585 0,000287
april 0,798508 0,000099
apt 0,579818 0,000072
aqueduct 2,407946 0,000300
arab 1,386294 0,000345
arabia 2,120264 0,000264
arabian 1,203973 0,000150
arabic 2,120264 0,000264
arable 2,302585 0,000287
arbitrary 1,309333 0,000163
arbitration 2,407946 0,000300
archbishop 1,560648 0,000194
archery 2,407946 0,000300
archipelago 2,120264 0,000264
architect 1,139434 0,000142
argument 0,287682 0,000072
argyll 3,218876 0,000401
aristocracy 1,386294 0,000345
aristotle 1,560648 0,000194
arithmetic 1,203973 0,000150
arithmetical 2,302585 0,000287
arm 0,030459 0,000008
armada 2,302585 0,000287
armed 0,385662 0,000048
armour 1,514128 0,000189
armourer 3,506558 0,000437
army 0,356675 0,000089
arrange 0,198451 0,000049
arrangement 0,274437 0,000034
arrear 2,995732 0,000373
arrival 0,328504 0,000041
arrive 0,083382 0,000021
arrogant 1,347074 0,000168
arrow 0,510826 0,000064
art 0,127833 0,000032
artfully 1,832581 0,000228
article 0,400478 0,000100
artifice 1,427116 0,000356
artificer 1,897120 0,000473
artificial 0,616186 0,000077
artificially 1,771957 0,000221
artillery 1,386294 0,000173
artist 0,562119 0,000070
ascend 0,430783 0,000054
ascendant 3,218876 0,000401
ascertain 0,597837 0,000298
ascetic 1,771957 0,000221
ascribe 1,272966 0,000317
ash 0,400478 0,000050
ashamed 0,248461 0,000031
asia 1,108663 0,000138
asiatic 1,660731 0,000207
aspire 0,967584 0,000121
ass 0,916291 0,000228
assault 0,798508 0,000099
assay 2,525729 0,000315
assemble 0,462035 0,000115
assembling 1,714798 0,000214
assembly 0,798508 0,000199
assentation 3,912023 0,000487
assert 0,462035 0,000173
assertion 0,891598 0,000111
assess 2,525729 0,001259
assessment 2,302585 0,000574
assessor 2,207275 0,000275
assiento 3,912023 0,000487
assign 0,597837 0,000298
assignment 2,302585 0,000287
assist 0,328504 0,000082
assistance 0,105361 0,000013
assize 3,912023 0,000487
association 0,713350 0,000089
assortment 1,714798 0,000214
assume 0,162519 0,000081
assurance 0,430783 0,000054
assure 0,127833 0,000048
assuredly 0,967584 0,000121
astonish 0,261365 0,000065
astonishment 0,301105 0,000038
athenians 2,040221 0,000254
athens 1,386294 0,000173
atlantic 1,171183 0,000146
attach 0,116534 0,000029
attachment 0,916291 0,000114
attack 0,198451 0,000099
attain 0,328504 0,000123
attempt 0,051293 0,000026
attend 0,127833 0,000064
attendance 0,776529 0,000097
attendant 0,616186 0,000154
attention 0,083382 0,000010
attentive 0,713350 0,000089
attest 1,237874 0,000154
attorney 1,560648 0,000389
attract 0,261365 0,000130
attraction 0,653926 0,000163
attribute 0,527633 0,000066
audience 0,733969 0,000091
auditor 1,609438 0,000201
augment 1,139434 0,000568
augmentation 2,813411 0,000701
august 0,616186 0,000077
augustine 1,966113 0,000245
augustus 1,714798 0,000214
auspices 1,832581 0,000228
austere 1,171183 0,000146
austerity 2,120264 0,000528
austria 1,966113 0,000245
austrian 1,832581 0,000457
authentic 1,897120 0,000236
authenticate 2,659260 0,000331
author 0,116534 0,000029
authorise 2,407946 0,000300
authority 0,223144 0,000028
authorize 1,514128 0,000189
avail 0,462035 0,000058
avarice 1,049822 0,000131
average 0,733969 0,000091
averse 1,049822 0,000131
aversion 0,941609 0,000117
avidity 1,832581 0,000228
avoid 0,105361 0,000039
avoirdupois 3,912023 0,000487
avow 1,560648 0,000194
avowed 1,386294 0,000173
awakening 1,108663 0,000138
aware 0,223144 0,000028
awe 0,597837 0,000074
awful 0,328504 0,000041
awkward 0,544727 0,000068
awkwardness 1,386294 0,000173
ayrshire 3,912023 0,000487
azores 2,813411 0,000351
babylon 1,771957 0,000221
babylonian 2,120264 0,000264
backwardness 2,659260 0,000331
bad 0,020203 0,000008
badge 1,469676 0,000366
badness 2,040221 0,000254
bahama 3,218876 0,000401
bailiff 2,207275 0,000550
baked 1,237874 0,000154
baker 1,203973 0,000300
balance 0,342490 0,000085
balboa 3,506558 0,000437
bale 1,660731 0,000207
baltic 2,407946 0,000300
banana 2,207275 0,000275
band 0,342490 0,000043
banditti 2,525729 0,000315
banish 0,562119 0,000140
bank 0,210721 0,000053
banker 1,139434 0,000284
banking 2,302585 0,000287
banknote 2,659260 0,000331
bankrupt 1,832581 0,000457
bankruptcy 2,407946 0,000600
banner 0,967584 0,000121
banquet 1,108663 0,000138
bar 0,235722 0,000059
barbadoes 2,659260 0,000331
barbarian 1,386294 0,000173
barbarism 1,771957 0,000221
barbarous 1,108663 0,000138
barbary 2,813411 0,000351
bare 0,150823 0,000019
barefooted 1,714798 0,000214
barely 0,798508 0,000099
bargain 0,527633 0,000131
bargaining 1,897120 0,000236
bark 0,478036 0,000060
barley 1,609438 0,000201
barn 1,237874 0,000154
baron 1,427116 0,000356
barony 3,218876 0,000802
barrack 2,302585 0,000287
barrel 0,673345 0,000168
barren 0,713350 0,000089
barrenness 2,813411 0,000351
barrier 0,776529 0,000097
barter 1,897120 0,000473
base 0,094311 0,000012
basil 2,659260 0,000331
bath 0,274437 0,000034
battle 0,235722 0,000059
bauble 2,813411 0,000351
bay 0,510826 0,000064
bean 1,309333 0,000163
bear 0,000000 0,000000
bearer 0,776529 0,000097
beast 0,235722 0,000059
beat 0,083382 0,000010
beau 1,771957 0,000221
beautiful 0,083382 0,000010
beautify 1,771957 0,000221
beauty 0,162519 0,000020
beaver 1,714798 0,000214
becket 2,995732 0,000373
bed 0,051293 0,000013
beef 0,916291 0,000114
beer 0,941609 0,000117
beg 0,116534 0,000029
beggar 0,597837 0,000149
beggarly 1,832581 0,000228
beggary 2,120264 0,000264
behave 0,462035 0,000058
behaviour 0,941609 0,000117
behold 0,235722 0,000059
belief 0,198451 0,000025
bell 0,301105 0,000038
bello 2,659260 0,000331
bellow 1,272966 0,000159
belong 0,072571 0,000036
beloved 0,415515 0,000052
bench 0,544727 0,000068
bend 0,314711 0,000039
benefactor 0,967584 0,000121
benefice 3,218876 0,000802
beneficial 1,272966 0,000159
benefit 0,356675 0,000133
benevolence 1,049822 0,000131
bengal 2,302585 0,000287
bent 0,174353 0,000022
benumb 1,771957 0,000221
bequeath 1,309333 0,000163
berne 3,218876 0,000401
bestow 0,430783 0,000215
betake 1,272966 0,000159
bethink 1,272966 0,000159
betoken 1,966113 0,000245
bible 0,755023 0,000094
bid 0,186330 0,000023
bind 0,030459 0,000011
binding 0,867501 0,000108
birch 1,609438 0,000201
bird 0,150823 0,000019
birmingham 2,525729 0,000315
birth 0,301105 0,000038
bishop 1,049822 0,000131
bishopric 2,813411 0,000351
bishops 1,832581 0,000228
bit 0,139262 0,000035
black 0,061875 0,000008
blacksmith 1,427116 0,000178
blame 0,162519 0,000020
blanc 1,832581 0,000228
blank 0,527633 0,000066
blanket 0,891598 0,000111
bleacher 3,912023 0,000975
blessed 0,356675 0,000044
blockade 2,207275 0,000275
blood 0,116534 0,000015
bloodshed 1,386294 0,000173
blossom 0,673345 0,000084
blow 0,061875 0,000008
blubber 2,040221 0,000254
blunder 0,776529 0,000097
blunt 0,891598 0,000111
board 0,261365 0,000065
boast 0,328504 0,000082
boat 0,446287 0,000056
boats 0,820981 0,000102
bodied 1,897120 0,000236
bodily 0,673345 0,000084
body 0,010050 0,000003
bog 1,469676 0,000183
bohemia 2,120264 0,000264
boiler 1,609438 0,000201
boisterous 1,514128 0,000189
bold 0,223144 0,000028
boll 3,218876 0,000401
bombay 2,407946 0,000300
bond 0,478036 0,000119
bondmen 2,813411 0,000351
bone 0,198451 0,000049
book 0,040822 0,000010
bookseller 1,897120 0,000236
boon 1,560648 0,000194
boot 0,430783 0,000107
booth 1,427116 0,000178
booty 1,309333 0,000163
border 0,400478 0,000050
boroughs 3,218876 0,000401
borrow 0,462035 0,000230
borrower 3,218876 0,000802
boston 1,832581 0,000228
bound 0,301105 0,000113
boundary 1,049822 0,000262
bounder 3,218876 0,000401
boundless 0,891598 0,000111
bounty 1,309333 0,000326
bourbon 2,525729 0,000315
bow 0,127833 0,000032
bowels 1,309333 0,000163
bowsprit 2,407946 0,000300
box 0,248461 0,000031
boxes 0,798508 0,000099
boy 0,105361 0,000026
bracelet 1,309333 0,000163
bramble 1,714798 0,000214
branch 0,186330 0,000046
brandy 0,941609 0,000235
brass 0,462035 0,000058
brave 0,342490 0,000043
brazier 2,040221 0,000254
brazil 2,525729 0,000315
brazilian 2,995732 0,000373
brazils 3,506558 0,000437
breach 0,274437 0,000034
bread 0,248461 0,000031
breadth 0,653926 0,000081
break 0,010050 0,000006
breed 0,342490 0,000085
breeding 0,967584 0,000121
brethren 0,916291 0,000114
brew 1,897120 0,000236
brewer 2,659260 0,000331
briars 2,813411 0,000351
bribe 0,891598 0,000222
brick 0,653926 0,000163
bricklayer 2,995732 0,000747
brickmaker 3,912023 0,000487
bridge 0,430783 0,000107
brilliant 0,430783 0,000054
brimstone 1,966113 0,000245
bring 0,000000 0,000000
brink 1,139434 0,000142
bristol 2,407946 0,000300
britain 1,427116 0,000178
british 0,843970 0,000105
broad 0,127833 0,000016
brocade 2,040221 0,000254
brook 0,994252 0,000124
brother 0,127833 0,000016
brothers 0,356675 0,000044
brown 0,274437 0,000034
bruce 2,995732 0,000373
bruges 2,995732 0,000373
brutal 0,755023 0,000094
brutality 1,427116 0,000178
brutus 1,966113 0,000245
buccaneer 2,813411 0,000351
buck 1,386294 0,000173
bucket 1,049822 0,000131
buckle 1,309333 0,000163
buckwheat 2,995732 0,000373
buenos 3,218876 0,000401
buffoon 1,966113 0,000245
build 0,094311 0,000024
builder 1,108663 0,000276
building 0,210721 0,000053
bulk 0,820981 0,000102
bulky 1,309333 0,000163
bull 0,430783 0,000054
bullion 2,659260 0,000331
burden 0,198451 0,000074
burdensome 1,832581 0,000228
burgh 3,218876 0,000802
burgher 2,525729 0,000629
burgomaster 3,506558 0,000437
burgundy 2,040221 0,000254
burman 3,912023 0,000487
burn 0,061875 0,000023
burner 2,659260 0,000331
burrow 1,609438 0,000201
burrower 3,218876 0,000401
bursary 3,912023 0,000487
burthen 2,120264 0,000264
bury 0,186330 0,000023
bus 2,407946 0,000300
bushel 1,660731 0,000414
business 0,040822 0,000005
buss 3,912023 0,000487
busses 3,912023 0,000487
butcher 0,891598 0,000222
butter 0,798508 0,000099
button 0,693147 0,000086
buyer 1,832581 0,000457
buying 2,659260 0,000331
bye 0,776529 0,000097
byron 1,660731 0,000207
cabbage 1,514128 0,000189
cabinet 0,941609 0,000117
cachet 2,995732 0,000373
caesar 1,609438 0,000201
calaminaris 3,912023 0,000487
calamity 0,755023 0,000188
calculate 0,116534 0,000015
calculation 0,713350 0,000178
calcutta 2,040221 0,000254
calendar 1,714798 0,000214
calf 0,798508 0,000199
calico 1,771957 0,000221
calling 0,733969 0,000091
calm 0,274437 0,000034
calvin 2,813411 0,000351
calvinistic 3,218876 0,000401
cambric 1,966113 0,000245
camp 0,544727 0,000068
campaign 1,021651 0,000127
campaigns 2,040221 0,000254
campus 3,506558 0,000437
canada 1,897120 0,000236
canal 1,171183 0,000292
canary 1,514128 0,000189
cancel 1,897120 0,000236
candid 1,203973 0,000150
candidate 1,469676 0,000366
candle 0,415515 0,000104
candour 1,771957 0,000221
cane 0,843970 0,000105
cannon 0,916291 0,000114
canon 1,660731 0,000414
canterbury 2,659260 0,000331
canton 2,525729 0,000629
cap 0,356675 0,000044
capable 0,261365 0,000033
capacity 0,510826 0,000064
cape 0,916291 0,000114
capetian 3,912023 0,000487
capital 0,314711 0,000078
capitation 3,506558 0,000437
capitulation 2,207275 0,000275
caprice 1,309333 0,000163
capricious 1,386294 0,000173
capriciously 2,407946 0,000300
captain 0,328504 0,000082
capture 0,597837 0,000074
carat 3,218876 0,000401
caravan 1,897120 0,000236
carcase 1,897120 0,000236
card 0,139262 0,000017
carder 3,912023 0,000487
care 0,000000 0,000000
careful 0,174353 0,000022
carefully 0,139262 0,000017
careless 0,494296 0,000062
cargo 1,237874 0,000308
carlisle 3,218876 0,000401
carolina 2,207275 0,000275
carolinas 2,995732 0,000373
caroline 2,207275 0,000275
carpenter 0,891598 0,000222
carriage 0,356675 0,000089
carrier 1,347074 0,000336
carrion 1,832581 0,000228
carrot 2,659260 0,000331
carry 0,010050 0,000005
cart 0,597837 0,000149
carthaginian 2,659260 0,000331
carver 2,407946 0,000300
cash 0,967584 0,000121
cashier 2,040221 0,000254
cask 1,309333 0,000326
caspian 2,659260 0,000331
cassius 2,659260 0,000331
cast 0,116534 0,000029
casteth 2,995732 0,000373
castile 2,813411 0,000351
castle 0,755023 0,000188
casual 1,078810 0,000134
casualty 2,040221 0,000254
casuistry 2,659260 0,000331
cat 0,462035 0,000115
catch 0,072571 0,000027
catholic 1,139434 0,000142
catholics 1,897120 0,000236
cattle 0,544727 0,000068
caution 0,478036 0,000060
cease 0,061875 0,000023
cede 2,407946 0,000300
celebes 3,218876 0,000401
celebrate 0,967584 0,000121
celebrated 0,562119 0,000070
cellar 0,798508 0,000099
censure 1,078810 0,000134
cent 1,049822 0,000131
central 0,733969 0,000091
centre 0,385662 0,000048
century 0,328504 0,000082
ceremonial 1,966113 0,000490
ceremony 0,446287 0,000056
certainty 0,342490 0,000043
certificate 1,514128 0,000377
certificated 3,912023 0,000487
certify 1,771957 0,000662
chace 3,506558 0,000437
chaff 1,347074 0,000168
chair 0,261365 0,000065
chairman 2,302585 0,000287
chairmen 3,506558 0,000437
chaldron 3,912023 0,000487
chamber 0,328504 0,000041
chamberlain 1,771957 0,000221
champaign 2,995732 0,000373
chance 0,061875 0,000015
chancery 2,040221 0,000254
change 0,010050 0,000004
channel 0,544727 0,000136
chap 0,891598 0,000111
chaplain 1,714798 0,000214
chapter 0,328504 0,000082
character 0,061875 0,000015
characteristic 0,400478 0,000050
charcoal 1,469676 0,000183
charge 0,040822 0,000015
chargeable 2,407946 0,000300
charitable 0,287682 0,000036
charity 0,186330 0,000046
charlemagne 2,207275 0,000275
charles 0,597837 0,000074
charm 0,342490 0,000043
charter 1,609438 0,000401
chase 0,430783 0,000054
chastise 1,560648 0,000389
chastity 1,514128 0,000189
chattel 2,207275 0,000275
cheap 0,579818 0,000217
cheaply 1,966113 0,000245
cheapness 2,302585 0,000287
cheat 0,776529 0,000194
check 0,072571 0,000018
cheer 0,356675 0,000044
cheerful 0,385662 0,000048
cheese 0,967584 0,000121
chest 0,342490 0,000043
chief 0,094311 0,000024
chiefly 0,527633 0,000066
chieftain 2,040221 0,000508
chieftainship 3,912023 0,000487
child 0,040822 0,000010
childish 0,713350 0,000089
chili 2,995732 0,000373
chimerical 2,207275 0,000275
china 0,776529 0,000097
chinese 1,139434 0,000142
chivalry 1,832581 0,000228
chocolate 1,514128 0,000189
choice 0,150823 0,000019
choose 0,020203 0,000010
christendom 1,660731 0,000207
christian 0,385662 0,000048
christianity 1,347074 0,000168
christopher 1,897120 0,000236
chronological 2,120264 0,000264
church 0,261365 0,000065
churchman 2,813411 0,000351
churchmen 2,995732 0,000373
churchwarden 3,218876 0,000401
chuse 2,813411 0,000351
cicero 1,609438 0,000201
circle 0,150823 0,000019
circuit 0,867501 0,000108
circulate 1,078810 0,000538
circulation 1,514128 0,000189
circumspect 1,897120 0,000236
circumspection 1,771957 0,000221
circumstance 0,116534 0,000044
circumstantial 1,714798 0,000214
citizen 0,673345 0,000168
citizenship 2,302585 0,000287
city 0,051293 0,000013
civil 0,544727 0,000068
civile 3,506558 0,000437
civilization 1,347074 0,000168
civilized 1,237874 0,000154
claim 0,083382 0,000042
clamorous 1,609438 0,000201
clamour 1,714798 0,000427
clan 2,302585 0,000287
clandestinely 3,218876 0,000401
claret 1,771957 0,000221
class 0,248461 0,000093
classical 1,237874 0,000154
clause 1,832581 0,000457
clay 0,494296 0,000123
claying 3,912023 0,000487
clean 0,210721 0,000026
cleaning 1,049822 0,000131
cleanlier 3,912023 0,000487
cleanliness 1,237874 0,000154
cleanly 1,832581 0,000228
cleansing 1,832581 0,000228
clearing 1,386294 0,000173
clergy 1,272966 0,000159
clergyman 1,078810 0,000269
clerk 0,562119 0,000140
climate 0,713350 0,000089
clip 1,469676 0,000366
clipt 3,218876 0,000401
clock 0,510826 0,000127
clog 1,309333 0,000326
close 0,010050 0,000001
closely 0,223144 0,000028
cloth 0,356675 0,000044
clothe 0,287682 0,000072
clothes 0,127833 0,000016
clothier 3,912023 0,000487
clothing 0,776529 0,000097
cloths 1,560648 0,000194
clove 1,966113 0,000245
clover 2,302585 0,000287
coach 0,755023 0,000188
coachmaker 2,995732 0,000373
coal 0,527633 0,000131
coarse 0,478036 0,000179
coast 0,544727 0,000136
coasting 2,040221 0,000254
coat 0,235722 0,000029
cobweb 2,207275 0,000275
cochin 2,995732 0,000373
cocoa 2,120264 0,000264
cod 1,897120 0,000236
code 0,287682 0,000036
coffee 0,562119 0,000070
coffer 1,660731 0,000414
cognizance 2,207275 0,000275
coin 0,544727 0,000271
coinage 2,407946 0,000300
coincide 1,237874 0,000308
coiner 2,207275 0,000550
cold 0,040822 0,000005
collate 2,525729 0,000629
collateral 2,525729 0,000629
collation 2,813411 0,000351
collect 0,248461 0,000124
collection 0,162519 0,000040
collector 1,514128 0,000377
college 0,693147 0,000086
colleges 2,040221 0,000254
collier 2,659260 0,000663
colonel 0,967584 0,000121
colonist 2,525729 0,000629
colonization 2,659260 0,000331
colonize 2,813411 0,000351
colonus 3,506558 0,000437
colony 1,139434 0,000284
colour 0,510826 0,000064
coloured 0,693147 0,000086
columbus 1,771957 0,000221
columella 3,218876 0,000401
comb 0,916291 0,000114
comber 3,218876 0,000802
combination 0,634878 0,000158
combine 0,843970 0,000210
combined 0,713350 0,000089
comer 1,309333 0,000163
comet 1,832581 0,000228
comfort 0,105361 0,000013
comfortable 0,261365 0,000033
comfortably 0,693147 0,000086
comforter 1,469676 0,000183
command 0,116534 0,000058
commandery 3,912023 0,000487
commence 0,579818 0,000072
commencement 1,108663 0,000138
commend 0,798508 0,000199
commerce 1,078810 0,000134
commercial 0,274437 0,000034
commissary 2,525729 0,000629
commission 0,579818 0,000217
commissioners 2,120264 0,000264
commit 0,116534 0,000044
committee 1,272966 0,000159
committeeman 3,506558 0,000437
commodity 1,771957 0,000442
common 0,072571 0,000009
commonalty 3,218876 0,000401
commonly 0,755023 0,000094
commons 1,714798 0,000214
commonwealth 1,832581 0,000228
commotion 1,049822 0,000131
communicate 0,446287 0,000167
communication 0,510826 0,000127
community 0,579818 0,000072
companion 0,150823 0,000038
companionship 0,967584 0,000121
company 0,020203 0,000005
comparative 0,994252 0,000124
comparatively 0,634878 0,000079
compare 0,162519 0,000081
comparison 0,446287 0,000111
compass 0,579818 0,000072
compel 0,385662 0,000048
compensate 1,347074 0,000671
compensation 1,049822 0,000131
competent 1,139434 0,000142
competition 1,560648 0,000194
competitor 1,660731 0,000414
compile 1,966113 0,000245
complain 0,198451 0,000099
complaint 0,478036 0,000119
complaisance 2,120264 0,000264
complaisant 2,407946 0,000300
complement 2,120264 0,000264
complete 0,105361 0,000053
completely 0,274437 0,000034
complex 1,139434 0,000142
complexly 3,912023 0,000487
compliance 0,342490 0,000043
complicated 0,798508 0,000099
comply 0,287682 0,000072
component 3,218876 0,000401
compose 0,287682 0,000072
composition 0,798508 0,000099
compound 1,021651 0,000255
comprehend 0,478036 0,000238
comprehension 1,203973 0,000150
comprehensive 1,237874 0,000154
compulsive 3,506558 0,000437
computation 1,609438 0,000401
compute 1,771957 0,000883
conceal 0,198451 0,000074
concealment 1,108663 0,000138
conceit 0,994252 0,000124
conceited 1,139434 0,000142
conceive 0,223144 0,000111
concern 0,342490 0,000085
concerned 0,287682 0,000036
concert 0,916291 0,000114
concession 1,427116 0,000178
conclude 0,235722 0,000059
conclusion 0,210721 0,000026
conclusive 1,427116 0,000178
concordat 3,912023 0,000487
concur 1,714798 0,000427
concurrence 1,714798 0,000214
condescend 1,139434 0,000142
condition 0,051293 0,000013
condom 3,912023 0,000487
conduce 1,469676 0,000183
conduct 0,094311 0,000035
conductor 1,021651 0,000127
coney 3,218876 0,000401
confederacy 2,302585 0,000287
confer 0,820981 0,000307
confession 0,579818 0,000072
confide 0,755023 0,000094
confidence 0,139262 0,000017
confidently 1,049822 0,000131
confine 0,223144 0,000083
confinement 1,108663 0,000138
confines 1,386294 0,000173
confirm 0,139262 0,000052
confiscate 1,966113 0,000245
confound 0,430783 0,000107
confused 0,248461 0,000031
confusion 0,287682 0,000072
congo 2,813411 0,000351
congregation 1,272966 0,000159
congress 1,609438 0,000201
conjectural 2,813411 0,000351
conjecture 0,544727 0,000068
conjunction 1,272966 0,000159
connect 0,891598 0,000333
connected 0,415515 0,000052
connecticut 2,525729 0,000315
connection 0,446287 0,000111
connexion 2,207275 0,000275
connivance 2,407946 0,000300
connive 2,302585 0,000287
conquer 0,527633 0,000197
conqueror 1,021651 0,000255
conquest 0,967584 0,000121
conquests 1,714798 0,000214
conscience 0,301105 0,000038
conscientious 1,272966 0,000159
conscious 0,314711 0,000039
consciousness 0,371064 0,000046
consecrated 1,309333 0,000163
consent 0,223144 0,000056
consequence 0,186330 0,000046
consequent 1,203973 0,000150
consequential 0,478036 0,000060
considerable 0,105361 0,000013
considerably 0,776529 0,000097
consideration 0,223144 0,000056
consign 1,171183 0,000146
consignment 2,813411 0,000351
consist 0,314711 0,000157
consistent 0,798508 0,000099
consistently 1,832581 0,000228
consistorial 3,912023 0,000487
consolation 0,634878 0,000079
consolidate 2,813411 0,000351
conspiracy 1,078810 0,000134
constable 1,272966 0,000159
constancy 1,347074 0,000168
constant 0,051293 0,000006
constantine 1,897120 0,000236
constantinople 1,832581 0,000228
constantly 0,371064 0,000046
constituent 1,966113 0,000490
constitute 0,597837 0,000298
constitution 0,776529 0,000194
constraint 1,272966 0,000159
construct 0,713350 0,000267
construe 1,714798 0,000214
consul 1,832581 0,000457
consult 0,400478 0,000150
consulting 0,891598 0,000111
consumable 3,912023 0,000487
consume 0,462035 0,000230
consumer 2,659260 0,000663
consumption 1,139434 0,000284
contact 0,210721 0,000026
contemplation 0,527633 0,000066
contempt 0,446287 0,000056
contemptible 1,078810 0,000134
contemptuous 1,049822 0,000131
contemptuously 1,237874 0,000154
contend 0,597837 0,000074
content 0,174353 0,000043
contented 0,400478 0,000050
contentedly 1,897120 0,000236
contents 0,094311 0,000012
contest 0,798508 0,000099
continent 0,820981 0,000205
continental 1,660731 0,000207
contingent 1,660731 0,000207
continual 0,693147 0,000086
continually 0,446287 0,000056
continuance 1,237874 0,000154
continuation 1,347074 0,000168
continue 0,186330 0,000070
continued 0,072571 0,000009
contraband 2,407946 0,000300
contract 0,139262 0,000069
contradistinction 2,659260 0,000331
contrary 0,198451 0,000025
contrast 0,385662 0,000096
contribute 0,510826 0,000255
contribution 0,371064 0,000092
contributor 2,302585 0,000574
contrivance 1,309333 0,000326
contrive 0,994252 0,000248
contrived 0,713350 0,000089
contriver 2,995732 0,000373
control 0,223144 0,000083
controversy 1,386294 0,000173
controvert 2,407946 0,000300
conveniency 2,995732 0,000747
convenient 0,462035 0,000058
conveniently 1,203973 0,000150
conventicle 2,659260 0,000331
conversation 0,186330 0,000023
converse 0,494296 0,000062
conversion 1,386294 0,000173
convert 0,186330 0,000093
convey 0,287682 0,000143
conveyance 1,427116 0,000356
convict 0,941609 0,000235
conviction 0,430783 0,000054
convince 0,198451 0,000074
convulsion 0,967584 0,000241
cook 0,223144 0,000028
copartnery 3,912023 0,000487
copenhagen 2,995732 0,000373
copier 3,506558 0,000437
copper 0,713350 0,000089
corn 0,527633 0,000066
corner 0,072571 0,000018
cornwall 2,525729 0,000315
corporate 3,218876 0,000401
corporation 0,400478 0,000100
correct 0,235722 0,000117
correction 1,203973 0,000150
correspond 0,843970 0,000315
correspondence 0,820981 0,000102
correspondent 1,237874 0,000308
corrupt 0,235722 0,000088
corruption 0,820981 0,000102
cortes 3,218876 0,000401
corvee 3,506558 0,000437
cossacks 3,218876 0,000401
cost 0,105361 0,000026
costly 0,916291 0,000114
cottager 2,407946 0,000300
cottar 3,912023 0,000487
cotton 0,891598 0,000111
couch 0,579818 0,000072
council 0,653926 0,000163
counsellor 0,994252 0,000248
count 0,116534 0,000044
countenance 0,371064 0,000046
counteract 1,514128 0,000189
counterbalance 1,832581 0,000457
counterfeit 1,203973 0,000300
country 0,010050 0,000003
countryman 0,867501 0,000108
county 0,941609 0,000235
courage 0,150823 0,000019
court 0,094311 0,000035
cover 0,223144 0,000056
covered 0,139262 0,000017
covering 0,415515 0,000052
covet 0,967584 0,000121
cow 0,653926 0,000081
coward 0,776529 0,000097
cowardice 0,994252 0,000124
craft 0,733969 0,000183
crafty 1,427116 0,000178
cramp 1,609438 0,000201
cramping 2,995732 0,000373
crazy 0,916291 0,000114
create 0,094311 0,000047
creature 0,116534 0,000015
credibility 2,407946 0,000300
credit 0,094311 0,000035
creditable 1,897120 0,000236
creditor 1,237874 0,000308
credulity 1,966113 0,000245
creep 0,198451 0,000025
creole 2,813411 0,000351
crew 0,755023 0,000094
crime 0,261365 0,000065
criminal 0,673345 0,000168
criterion 2,207275 0,000550
critical 0,235722 0,000029
cromwell 2,302585 0,000287
crop 0,653926 0,000244
cross 0,083382 0,000010
crowd 0,174353 0,000022
crowded 0,301105 0,000038
crown 0,210721 0,000053
crucible 2,407946 0,000300
cruel 0,261365 0,000065
cruelly 0,820981 0,000102
cruelty 0,462035 0,000058
crumble 1,078810 0,000134
crusades 2,525729 0,000315
crush 0,274437 0,000034
cruzado 3,912023 0,000487
cuba 2,995732 0,000373
cubic 2,120264 0,000264
cudgel 1,771957 0,000221
cultivate 0,462035 0,000230
cultivation 1,469676 0,000183
cultivator 2,302585 0,000574
culture 1,078810 0,000134
cumbersome 2,525729 0,000315
curacoa 3,912023 0,000487
curacy 2,525729 0,000315
curate 1,714798 0,000427
cure 0,314711 0,000157
curer 3,218876 0,000401
curiosity 0,210721 0,000053
curious 0,261365 0,000033
currant 1,897120 0,000236
currency 1,897120 0,000473
current 0,116534 0,000015
curse 0,342490 0,000043
cursitor 3,912023 0,000487
curtain 0,328504 0,000041
cushion 0,820981 0,000102
custom 0,210721 0,000026
customary 0,653926 0,000081
customer 1,139434 0,000284
customs 0,713350 0,000089
cut 0,030459 0,000011
cutler 2,813411 0,000701
cutter 1,560648 0,000194
cylinder 1,771957 0,000221
cyprus 2,207275 0,000275
daedalian 3,912023 0,000487
daily 0,248461 0,000031
dairy 2,302585 0,000574
dam 1,203973 0,000150
damage 0,223144 0,000028
damages 0,400478 0,000050
damp 0,400478 0,000050
dance 0,235722 0,000029
dancer 1,309333 0,000163
dancing 0,371064 0,000046
danes 2,525729 0,000315
danger 0,105361 0,000026
dangerous 0,150823 0,000019
daniel 1,427116 0,000178
danish 2,659260 0,000331
danube 1,966113 0,000245
darien 2,995732 0,000373
daring 0,843970 0,000105
darkness 0,186330 0,000023
dastardly 2,302585 0,000287
daughter 0,174353 0,000043
dauphine 2,813411 0,000351
dawn 0,314711 0,000039
day 0,000000 0,000000
dazzling 0,941609 0,000117
dead 0,072571 0,000009
deal 0,061875 0,000031
dealer 1,171183 0,000292
dealings 1,237874 0,000154
dean 2,040221 0,000254
dearly 0,776529 0,000097
dearness 2,813411 0,000351
dearth 1,966113 0,000490
death 0,020203 0,000003
debased 2,040221 0,000254
debasement 3,218876 0,000401
debate 1,021651 0,000127
debauched 2,407946 0,000300
debt 0,494296 0,000123
debtor 1,609438 0,000401
decay 0,544727 0,000204
decayed 1,203973 0,000150
deceive 0,261365 0,000065
december 0,562119 0,000070
decency 1,108663 0,000138
decent 0,693147 0,000086
decently 1,309333 0,000163
deception 0,916291 0,000114
decide 0,040822 0,000020
decision 0,544727 0,000136
decisive 0,867501 0,000108
deck 0,544727 0,000068
decker 3,506558 0,000437
declamation 2,407946 0,000300
declaration 0,967584 0,000121
declare 0,139262 0,000069
declension 2,813411 0,000351
decline 0,356675 0,000178
decoy 1,771957 0,000221
decrease 1,272966 0,000317
decree 0,673345 0,000084
dedicate 0,967584 0,000121
deducible 3,218876 0,000401
deduct 2,207275 0,000825
deduction 1,560648 0,000389
deed 0,287682 0,000072
deem 0,562119 0,000070
deep 0,020203 0,000005
deeply 0,261365 0,000033
deer 0,867501 0,000108
defaced 1,771957 0,000221
defame 2,302585 0,000287
default 1,897120 0,000236
defeat 0,634878 0,000158
defect 0,261365 0,000065
defective 0,356675 0,000044
defence 0,527633 0,000066
defenceless 1,897120 0,000236
defend 0,301105 0,000113
defendant 2,207275 0,000275
defensive 1,560648 0,000194
defiance 0,713350 0,000089
deficiency 1,203973 0,000150
deform 0,967584 0,000121
deformity 1,514128 0,000189
defraud 1,897120 0,000473
defray 2,207275 0,001100
degeneracy 2,302585 0,000287
degenerate 1,078810 0,000269
degradation 1,108663 0,000138
degrade 0,994252 0,000248
degrading 1,386294 0,000173
degree 0,150823 0,000038
deign 0,994252 0,000124
deity 1,171183 0,000146
delay 0,186330 0,000070
delegate 1,469676 0,000183
deliberate 0,673345 0,000252
deliberation 1,078810 0,000269
delicacy 0,597837 0,000074
delicate 0,301105 0,000038
delight 0,150823 0,000019
delightful 0,478036 0,000060
deliver 0,223144 0,000111
delivery 0,994252 0,000124
delusion 0,916291 0,000228
demand 0,051293 0,000026
demander 3,218876 0,000401
demesne 2,659260 0,000663
democracy 1,832581 0,000457
democratical 3,218876 0,000401
demonstrate 0,967584 0,000362
demonstration 0,994252 0,000124
demonstrative 1,897120 0,000236
denarii 3,506558 0,000437
denier 3,506558 0,000874
denmark 2,659260 0,000331
denominate 2,207275 0,000275
denomination 1,966113 0,000490
denote 1,139434 0,000426
depart 0,162519 0,000040
department 0,916291 0,000228
departure 0,430783 0,000054
depend 0,040822 0,000020
dependant 2,995732 0,000373
dependence 1,309333 0,000163
dependency 2,407946 0,000600
dependent 0,820981 0,000205
depopulate 2,407946 0,000300
depopulation 2,995732 0,000373
depose 1,714798 0,000214
deposit 0,776529 0,000290
depredation 2,407946 0,000600
depress 0,616186 0,000307
depression 0,967584 0,000121
deprivation 2,040221 0,000254
deprive 0,415515 0,000155
depth 0,494296 0,000062
depths 0,446287 0,000056
deputy 1,272966 0,000317
derange 1,660731 0,000414
derangement 2,407946 0,000300
deride 1,386294 0,000173
derision 1,108663 0,000138
derivative 0,510826 0,000064
derive 0,210721 0,000105
des 1,427116 0,000178
descend 0,174353 0,000043
descendant 0,867501 0,000216
descent 0,634878 0,000079
description 0,248461 0,000031
desert 0,314711 0,000078
deserted 0,385662 0,000048
deserve 0,314711 0,000078
deserving 0,891598 0,000111
design 0,287682 0,000072
designation 1,714798 0,000214
desire 0,051293 0,000019
desirous 0,634878 0,000079
despair 0,174353 0,000022
despatch 1,108663 0,000138
desperate 0,328504 0,000041
despise 0,342490 0,000128
desponding 1,832581 0,000228
despotic 1,897120 0,000236
despotical 3,506558 0,000437
despotism 1,832581 0,000228
destination 1,078810 0,000134
destine 0,494296 0,000123
destroy 0,061875 0,000031
destruction 0,342490 0,000043
destructive 1,049822 0,000131
detach 0,287682 0,000072
detachment 1,347074 0,000336
detain 0,544727 0,000136
deter 1,272966 0,000159
determine 0,061875 0,000031
detestable 1,203973 0,000150
detestation 1,771957 0,000221
detraction 2,407946 0,000300
devastation 2,040221 0,000254
deviate 1,660731 0,000207
deviation 1,714798 0,000214
device 0,597837 0,000074
devise 0,733969 0,000183
devolve 1,609438 0,000201
devoted 0,301105 0,000038
devotion 0,510826 0,000064
devour 0,462035 0,000115
dexterity 1,560648 0,000194
dial 1,897120 0,000236
diamond 0,673345 0,000168
dice 1,469676 0,000183
dictate 0,579818 0,000217
die 0,010050 0,000004
diet 1,078810 0,000134
difference 0,174353 0,000043
difficult 0,116534 0,000015
difficulty 0,116534 0,000029
diffidence 1,514128 0,000189
diffuse 1,386294 0,000173
dig 0,356675 0,000133
digest 1,171183 0,000146
dignified 0,755023 0,000094
dignitary 1,966113 0,000245
dignity 0,314711 0,000078
digression 1,347074 0,000168
diligence 1,237874 0,000154
diligent 1,469676 0,000183
dimension 0,916291 0,000114
diminish 0,776529 0,000290
diminished 0,776529 0,000097
diminution 1,832581 0,000228
dine 0,562119 0,000070
dining 0,510826 0,000064
dinner 0,186330 0,000023
diocese 2,813411 0,000351
diogenes 2,120264 0,000264
dion 2,813411 0,000351
diplomata 3,912023 0,000487
direct 0,040822 0,000020
direction 0,051293 0,000006
director 0,733969 0,000183
dirtiness 3,218876 0,000401
dirty 0,544727 0,000068
disable 2,407946 0,000300
disabled 1,714798 0,000214
disadvantage 0,843970 0,000210
disadvantageous 2,659260 0,000331
disagreeable 0,733969 0,000091
disagreeableness 3,506558 0,000437
disagreeably 1,897120 0,000236
disappointed 0,415515 0,000052
disappointment 0,462035 0,000058
disapprobation 2,040221 0,000254
disaster 0,820981 0,000205
disband 2,302585 0,000287
disbanding 2,995732 0,000373
disburden 2,813411 0,001052
discern 0,634878 0,000079
discharge 0,478036 0,000179
disciple 1,021651 0,000127
discipline 0,634878 0,000158
disciplined 1,897120 0,000236
discontent 0,616186 0,000077
discontinue 0,510826 0,000064
discord 1,078810 0,000134
discount 2,120264 0,000793
discountenance 3,506558 0,000437
discounting 3,912023 0,000487
discourage 0,693147 0,000345
discouragement 1,714798 0,000427
discourse 0,579818 0,000144
discover 0,030459 0,000015
discovery 0,287682 0,000072
discredit 1,660731 0,000207
discreditable 2,302585 0,000287
discretion 0,733969 0,000091
discretionary 3,218876 0,000401
discussion 0,597837 0,000074
disdain 0,673345 0,000252
disease 0,328504 0,000082
disengage 0,843970 0,000105
disfranchise 2,995732 0,000373
disgorge 2,120264 0,000264
disgrace 0,462035 0,000115
disgraceful 1,049822 0,000131
disguise 0,494296 0,000062
disgust 0,430783 0,000054
disgusted 0,820981 0,000102
disheartened 1,897120 0,000236
disheartening 2,207275 0,000275
dishonour 1,469676 0,000183
dishonourableness 3,912023 0,000487
dismal 0,843970 0,000105
dismember 2,120264 0,000264
dismemberment 3,218876 0,000401
dismiss 0,430783 0,000161
disobligation 3,912023 0,000487
disoblige 3,218876 0,000401
disorder 0,544727 0,000136
disorderly 1,469676 0,000183
dispassionate 2,120264 0,000264
dispatch 0,967584 0,000121
dispensation 1,966113 0,000245
dispense 0,820981 0,000205
disperse 0,776529 0,000097
displace 1,309333 0,000163
displeasure 0,941609 0,000117
disposal 0,916291 0,000114
dispose 0,755023 0,000282
disposed 0,385662 0,000048
disposition 0,371064 0,000092
dispossession 3,506558 0,000437
disproportion 2,525729 0,000315
disputable 2,995732 0,000373
dispute 0,446287 0,000222
disqualify 2,525729 0,000944
disregard 0,820981 0,000102
dissension 1,660731 0,000207
dissent 1,514128 0,000189
dissenter 2,995732 0,000373
dissimilar 1,832581 0,000228
dissipate 0,916291 0,000342
dissipation 1,469676 0,000183
dissolute 1,771957 0,000221
dissolution 1,427116 0,000178
dissolve 0,733969 0,000183
dissuade 1,309333 0,000163
distance 0,105361 0,000013
distant 0,162519 0,000020
distinct 0,301105 0,000038
distinction 0,356675 0,000089
distinctly 0,478036 0,000060
distinctness 1,469676 0,000183
distinguish 0,314711 0,000078
distinguished 0,301105 0,000038
distinguishing 1,078810 0,000134
distract 0,510826 0,000064
distraction 0,994252 0,000124
distress 0,274437 0,000068
distressed 0,673345 0,000084
distribute 0,210721 0,000079
distribution 0,430783 0,000107
district 0,713350 0,000178
distrust 0,733969 0,000091
disturb 0,198451 0,000074
disturbance 0,713350 0,000178
disturber 2,525729 0,000315
disuse 2,040221 0,000254
disused 2,407946 0,000300
ditcher 2,995732 0,000373
ditto 2,525729 0,000315
diver 1,021651 0,000127
diversion 0,916291 0,000228
diversity 1,560648 0,000194
divert 0,634878 0,000158
divide 0,150823 0,000075
dividend 3,218876 0,000401
divine 0,356675 0,000089
divinity 0,867501 0,000108
division 0,527633 0,000131
docility 2,407946 0,000300
doctor 0,400478 0,000100
doctrine 0,616186 0,000154
dog 0,186330 0,000046
doge 2,995732 0,000373
doleful 1,427116 0,000178
dollar 1,237874 0,000154
domain 0,328504 0,000041
domestic 0,510826 0,000064
domineer 2,813411 0,000701
dominic 2,525729 0,000315
dominion 0,941609 0,000235
donation 0,446287 0,000056
donor 0,478036 0,000119
doomsday 3,218876 0,000401
door 0,000000 0,000000
dorado 2,659260 0,000331
dotage 2,302585 0,000287
doth 1,049822 0,000131
double 0,139262 0,000052
doubt 0,040822 0,000010
douglas 2,302585 0,000287
dowager 2,302585 0,000287
dower 2,525729 0,000315
downright 1,272966 0,000159
dozen 0,415515 0,000052
dr 3,506558 0,000437
draco 3,218876 0,000401
drag 0,248461 0,000031
drain 0,820981 0,000205
draining 2,407946 0,000300
dramatic 1,078810 0,000134
draper 2,407946 0,000600
draught 0,527633 0,000131
draw 0,020203 0,000013
drawback 1,469676 0,000366
drawer 0,820981 0,000205
dread 0,248461 0,000031
dreadful 0,342490 0,000043
dream 0,083382 0,000021
dress 0,162519 0,000061
dressed 0,261365 0,000033
dresser 1,771957 0,000442
drill 1,514128 0,000189
drink 0,072571 0,000009
drive 0,030459 0,000019
droits 3,506558 0,000437
drop 0,061875 0,000008
drought 2,120264 0,000264
drown 0,314711 0,000039
drowsy 1,237874 0,000154
drug 0,967584 0,000241
drum 0,843970 0,000105
drunk 0,415515 0,000052
drunkard 0,994252 0,000124
drunkenness 1,237874 0,000154
dry 0,116534 0,000029
du 1,347074 0,000168
ducat 2,813411 0,000701
duchy 2,525729 0,000629
duke 0,967584 0,000241
dull 0,174353 0,000022
duly 0,843970 0,000105
dung 1,469676 0,000183
dunghill 2,407946 0,000300
durable 1,714798 0,000214
durableness 3,912023 0,000487
durably 3,218876 0,000401
duration 1,078810 0,000134
dust 0,162519 0,000020
dutch 1,139434 0,000142
dutchy 3,912023 0,000487
duty 0,061875 0,000015
dwell 0,342490 0,000085
dwelling 0,494296 0,000062
dwindle 1,427116 0,000356
dye 1,049822 0,000262
dyeing 2,525729 0,000315
dyer 2,407946 0,000600
eager 0,210721 0,000026
eagerly 0,385662 0,000048
eagerness 0,544727 0,000068
earl 1,771957 0,000221
earls 2,302585 0,000287
earn 0,446287 0,000167
earnest 0,261365 0,000033
earnestly 0,415515 0,000052
earnings 2,040221 0,000254
earth 0,051293 0,000006
earthen 1,897120 0,000236
earthquake 1,021651 0,000127
ease 0,150823 0,000019
easily 0,072571 0,000009
easiness 2,525729 0,000315
east 0,235722 0,000029
eastern 0,733969 0,000091
eastland 3,912023 0,000487
easy 0,000000 0,000000
eat 0,040822 0,000010
ecclesiastic 2,207275 0,000550
ecclesiastical 1,560648 0,000194
eclipse 1,309333 0,000163
economical 1,514128 0,000189
economist 2,407946 0,000600
economy 0,776529 0,000097
edge 0,150823 0,000038
edict 1,714798 0,000427
edinburgh 2,040221 0,000254
edition 0,287682 0,000072
educate 0,544727 0,000136
education 0,415515 0,000052
edward 1,049822 0,000131
efface 1,171183 0,000146
effects 2,525729 0,000315
effectual 1,203973 0,000150
effectually 1,203973 0,000150
effectuate 3,506558 0,001311
effectuation 3,912023 0,000487
effeminate 1,714798 0,000214
efficacy 1,966113 0,000245
effort 0,094311 0,000024
egypt 0,891598 0,000111
egyptian 1,108663 0,000276
eighteen 0,462035 0,000058
eighth 0,798508 0,000099
ejectment 3,218876 0,000401
el 1,966113 0,000245
elapse 0,891598 0,000111
eld 0,385662 0,000096
elect 0,210721 0,000105
election 1,237874 0,000308
elector 2,207275 0,000275
elegance 0,994252 0,000124
elegancy 3,218876 0,000401
elegant 0,634878 0,000079
element 0,342490 0,000043
elementary 1,427116 0,000178
elephant 0,967584 0,000121
elevation 0,843970 0,000105
eleventh 1,347074 0,000168
elizabeth 1,514128 0,000189
eloquence 0,776529 0,000097
eloquent 0,820981 0,000102
emancipate 2,659260 0,000331
emancipated 2,525729 0,000315
emancipation 1,771957 0,000221
embarrass 2,120264 0,000528
embarrassed 0,916291 0,000114
embarrassing 1,514128 0,000189
embarrassment 0,994252 0,000124
embassy 1,469676 0,000366
embellish 1,771957 0,000442
embezzle 3,912023 0,000487
embezzlement 3,218876 0,000401
embrace 0,235722 0,000059
embroidery 1,386294 0,000345
emerge 0,653926 0,000081
emergency 1,049822 0,000262
emigration 2,040221 0,000254
eminence 1,237874 0,000154
eminent 0,967584 0,000121
emission 2,995732 0,000747
emit 1,469676 0,000183
emolument 2,525729 0,000315
emotion 0,356675 0,000044
emperor 0,916291 0,000228
empire 0,634878 0,000158
employ 0,235722 0,000117
employer 1,347074 0,000336
employment 0,527633 0,000131
emporium 2,525729 0,000315
empower 1,714798 0,000427
empress 1,897120 0,000236
emulation 1,897120 0,000236
en 0,994252 0,000124
enable 0,274437 0,000137
enact 1,309333 0,000489
encamp 1,560648 0,000194
encounter 0,446287 0,000167
encourage 0,301105 0,000113
encouragement 0,755023 0,000188
encouraging 0,798508 0,000099
encroach 1,714798 0,000641
encroachment 2,207275 0,000550
encumber 1,272966 0,000317
endanger 1,386294 0,000345
endeavour 0,713350 0,000267
endless 0,478036 0,000060
endow 0,673345 0,000084
endowment 1,514128 0,000377
endure 0,210721 0,000079
enemy 0,105361 0,000026
enforce 0,941609 0,000469
enfranchise 2,525729 0,000315
engage 0,494296 0,000123
engaged 0,198451 0,000025
engagement 0,634878 0,000079
engine 0,776529 0,000194
engineer 1,237874 0,000154
england 0,385662 0,000048
english 0,094311 0,000012
engross 1,386294 0,000345
engrosser 3,912023 0,000975
engrossing 2,120264 0,000264
enhance 1,237874 0,000617
enhancement 3,506558 0,000874
enjoin 1,171183 0,000292
enjoy 0,072571 0,000036
enjoyment 0,562119 0,000140
enlarge 0,673345 0,000168
enlargement 2,207275 0,000275
enlist 1,309333 0,000326
enormity 1,966113 0,000245
enormous 0,430783 0,000054
enquire 1,771957 0,000442
enrage 0,916291 0,000114
enregister 3,912023 0,000487
enrich 0,941609 0,000469
ensue 0,579818 0,000072
entail 1,309333 0,000489
enter 0,020203 0,000010
entertain 0,579818 0,000072
entertained 0,616186 0,000077
entertaining 0,941609 0,000117
entertainment 0,798508 0,000099
enthusiasm 0,653926 0,000081
enthusiast 1,714798 0,000427
enthusiastic 1,021651 0,000127
entice 1,386294 0,000345
enticing 2,207275 0,000275
entire 0,274437 0,000034
entitle 0,653926 0,000326
entrance 0,210721 0,000026
entreat 0,713350 0,000089
entrepot 3,912023 0,000975
entrust 1,203973 0,000300
entry 0,776529 0,000097
enumerate 1,108663 0,000138
enumeration 1,660731 0,000207
envoy 2,120264 0,000264
envy 0,446287 0,000111
eo 2,813411 0,000351
episcopal 2,207275 0,000275
equal 0,162519 0,000061
equality 0,967584 0,000121
equally 0,223144 0,000028
equilibrium 1,966113 0,000245
equipage 1,469676 0,000183
equipment 0,415515 0,000052
equitable 1,966113 0,000245
equity 1,832581 0,000228
equivalent 1,078810 0,000269
erect 0,446287 0,000222
erection 1,966113 0,000245
error 0,072571 0,000018
esau 2,207275 0,000275
escape 0,061875 0,000023
esquire 2,120264 0,000264
essay 0,755023 0,000188
essence 0,693147 0,000086
essential 0,544727 0,000068
essentially 1,347074 0,000168
establish 0,579818 0,000217
established 0,301105 0,000038
establishment 0,673345 0,000168
estate 0,478036 0,000119
esteem 0,478036 0,000060
esteemed 0,916291 0,000114
estimate 0,653926 0,000163
estimation 1,139434 0,000284
eternal 0,415515 0,000052
ether 1,832581 0,000228
ethic 1,427116 0,000178
eton 2,302585 0,000287
eulogy 2,120264 0,000264
europe 0,510826 0,000064
european 0,867501 0,000216
euxine 2,813411 0,000351
evade 0,891598 0,000333
evasion 1,609438 0,000201
evening 0,072571 0,000009
event 0,150823 0,000038
everyman 3,912023 0,000487
evidence 0,235722 0,000029
evident 0,356675 0,000044
evidently 0,371064 0,000046
evil 0,150823 0,000019
exact 0,274437 0,000103
exacting 1,272966 0,000159
exaction 2,207275 0,000550
exactness 1,514128 0,000189
exaggerate 1,139434 0,000142
exaggerated 0,843970 0,000105
exaggeration 1,237874 0,000308
exaltation 1,714798 0,000214
examination 0,385662 0,000048
examine 0,150823 0,000075
exasperate 1,514128 0,000189
exceed 0,462035 0,000230
excel 0,994252 0,000372
excellence 1,021651 0,000127
excellency 1,347074 0,000168
excellent 0,150823 0,000019
exception 0,446287 0,000111
excess 0,579818 0,000144
excessive 0,597837 0,000074
excessively 1,469676 0,000183
exchange 0,210721 0,000105
exchangeable 3,506558 0,000437
exchequer 2,407946 0,000300
excise 2,813411 0,000701
excite 0,798508 0,000199
excited 0,248461 0,000031
exciting 0,693147 0,000086
exclude 0,755023 0,000376
exclusion 0,371064 0,000046
exclusive 1,203973 0,000150
exclusively 1,139434 0,000142
excommunicate 2,040221 0,000254
excommunication 2,659260 0,000331
excuse 0,139262 0,000035
execration 2,040221 0,000254
execute 0,527633 0,000263
execution 0,597837 0,000074
executioner 1,427116 0,000178
executive 1,171183 0,000146
executor 1,832581 0,000228
exemplary 1,660731 0,000207
exempt 0,314711 0,000118
exemption 2,302585 0,000574
exercise 0,235722 0,000117
exert 0,820981 0,000409
exertion 0,693147 0,000173
exhaust 1,560648 0,000194
exhausted 0,400478 0,000050
exhibition 0,994252 0,000124
exhortation 1,469676 0,000183
exigency 1,771957 0,000442
exigible 3,912023 0,000487
exist 0,072571 0,000027
existence 0,150823 0,000019
existing 0,891598 0,000111
exorbitant 1,771957 0,000221
expect 0,051293 0,000026
expectation 0,356675 0,000089
expedient 0,941609 0,000235
expedition 0,733969 0,000091
expeditious 2,525729 0,000315
expel 1,203973 0,000300
expend 0,301105 0,000038
expenditure 1,427116 0,000178
expense 0,127833 0,000032
expensive 0,843970 0,000105
experience 0,072571 0,000009
experienced 0,356675 0,000044
experiment 0,494296 0,000123
experimental 1,560648 0,000194
expert 1,021651 0,000127
expertness 3,506558 0,000437
expiration 1,897120 0,000236
expire 0,916291 0,000342
explain 0,116534 0,000044
explanation 0,139262 0,000017
explication 2,995732 0,000373
explode 1,309333 0,000163
exploit 0,867501 0,000216
export 0,446287 0,000222
exportation 2,407946 0,000300
exporter 3,506558 0,000874
expose 0,597837 0,000223
exposed 0,301105 0,000038
express 0,072571 0,000036
expression 0,116534 0,000029
expressly 0,820981 0,000102
expulsion 1,771957 0,000221
extend 0,261365 0,000130
extension 1,347074 0,000168
extensive 0,798508 0,000099
extent 0,083382 0,000010
extinguish 0,562119 0,000140
extirpate 2,302585 0,000574
extol 1,660731 0,000207
extort 1,347074 0,000504
extortion 2,525729 0,000315
extra 0,820981 0,000102
extract 0,544727 0,000068
extraction 2,040221 0,000254
extraneous 2,040221 0,000254
extraordinary 0,371064 0,000046
extravagance 1,347074 0,000168
extravagant 0,916291 0,000114
extravagantly 2,525729 0,000315
extreme 0,186330 0,000023
extremely 0,385662 0,000048
extremity 0,693147 0,000173
extricate 1,272966 0,000159
eye 0,000000 0,000000
fable 1,108663 0,000138
fabric 1,237874 0,000154
fabrication 2,813411 0,000351
fabulous 1,237874 0,000154
facilitate 1,560648 0,000778
facility 0,342490 0,000043
faction 1,897120 0,000236
factions 1,832581 0,000228
factious 2,207275 0,000275
factor 1,171183 0,000292
factory 1,272966 0,000159
faculty 0,510826 0,000127
fail 0,072571 0,000027
failure 0,415515 0,000052
fair 0,051293 0,000013
faith 0,210721 0,000026
faithful 0,261365 0,000033
faithfully 0,755023 0,000094
fall 0,000000 0,000000
fallacious 1,966113 0,000245
fallacy 1,966113 0,000245
fallow 1,897120 0,000236
falls 0,328504 0,000041
false 0,210721 0,000026
falsehood 0,693147 0,000086
falsely 1,171183 0,000146
familiar 0,150823 0,000019
family 0,061875 0,000015
famine 1,049822 0,000262
famous 0,261365 0,000033
fan 0,579818 0,000072
fanatic 1,714798 0,000214
fanatical 2,207275 0,000275
fanaticism 1,966113 0,000245
fancy 0,162519 0,000081
fantastical 2,995732 0,000373
fare 0,597837 0,000074
farm 0,713350 0,000178
farmer 0,653926 0,000163
farmhouse 1,832581 0,000228
farming 1,514128 0,000189
farth 1,049822 0,000131
farthing 1,347074 0,000336
fashion 0,105361 0,000013
fashionable 0,916291 0,000114
fashionableness 3,912023 0,000487
fashioning 2,659260 0,000331
fast 0,030459 0,000011
fat 0,314711 0,000039
fatal 0,342490 0,000043
fate 0,174353 0,000022
father 0,061875 0,000015
fathom 1,139434 0,000142
fatigue 0,494296 0,000062
fatten 1,386294 0,000345
fault 0,139262 0,000017
faulty 1,427116 0,000178
favour 0,544727 0,000204
favourable 0,776529 0,000097
favourably 1,771957 0,000221
favoured 1,021651 0,000127
favourite 0,653926 0,000081
fawn 1,078810 0,000269
fear 0,020203 0,000010
feast 0,430783 0,000054
february 0,820981 0,000102
fee 0,301105 0,000075
feeble 0,356675 0,000044
feed 0,248461 0,000093
feeding 0,616186 0,000077
feel 0,020203 0,000005
feeling 0,072571 0,000009
feller 2,302585 0,000287
fellow 0,040822 0,000010
fellowship 1,237874 0,000154
felon 1,966113 0,000490
felony 2,407946 0,000300
female 0,385662 0,000048
fence 0,693147 0,000173
fencing 1,966113 0,000245
fermented 2,407946 0,000300
fertile 1,021651 0,000127
fertility 1,897120 0,000236
fervour 1,609438 0,000201
festival 0,994252 0,000124
festivity 1,514128 0,000189
fetch 0,510826 0,000127
fetcher 3,506558 0,000437
fetter 0,994252 0,000124
feudal 2,040221 0,000254
fiar 3,912023 0,000487
fiction 0,843970 0,000105
fictitious 1,560648 0,000194
fidelity 0,967584 0,000121
fief 3,506558 0,000437
field 0,094311 0,000024
fife 2,659260 0,000331
fifteenth 1,237874 0,000308
fifthly 2,995732 0,000373
fiftieth 1,832581 0,000228
fight 0,083382 0,000021
figure 0,051293 0,000013
filial 1,309333 0,000163
fillet 2,302585 0,000287
filth 1,139434 0,000142
fin 1,832581 0,000228
final 0,342490 0,000043
finally 0,150823 0,000019
finances 1,897120 0,000236
finder 2,659260 0,000331
fine 0,061875 0,000039
fineness 1,966113 0,000245
finery 1,966113 0,000245
finished 0,162519 0,000020
firearm 2,407946 0,000300
firma 2,813411 0,000351
firmly 0,342490 0,000043
fish 0,287682 0,000072
fisher 1,609438 0,000201
fisherman 1,049822 0,000262
fishery 2,207275 0,000550
fishing 0,755023 0,000094
fit 0,030459 0,000023
fitness 0,446287 0,000056
fivepence 3,506558 0,000437
fixation 3,912023 0,000487
fixed 1,272966 0,000159
flanders 2,207275 0,000275
flat 0,139262 0,000017
flatter 0,755023 0,000094
flattering 0,798508 0,000099
flattery 0,867501 0,000108
flavour 1,386294 0,000173
flax 2,120264 0,000264
flee 0,301105 0,000038
fleece 1,832581 0,000457
fleet 0,713350 0,000178
flesh 0,210721 0,000026
flock 0,385662 0,000096
floor 0,174353 0,000022
florence 1,609438 0,000201
florida 2,407946 0,000300
florin 2,302585 0,000287
flota 3,912023 0,000487
flour 1,078810 0,000134
flourish 0,562119 0,000140
flourishing 1,021651 0,000127
flow 0,174353 0,000087
flower 0,174353 0,000022
fluctuate 1,771957 0,000442
fluctuation 2,302585 0,000287
fly 0,116534 0,000015
follow 0,020203 0,000003
follower 0,713350 0,000089
folly 0,274437 0,000034
fond 0,261365 0,000065
food 0,127833 0,000016
fool 0,235722 0,000059
foolish 0,235722 0,000029
foot 0,051293 0,000013
footing 0,820981 0,000102
footman 1,108663 0,000276
forage 1,560648 0,000194
forbearance 1,272966 0,000159
forbid 0,248461 0,000031
force 0,030459 0,000015
forcible 1,609438 0,000201
forcibly 0,820981 0,000102
forefather 1,560648 0,000194
forego 1,203973 0,000300
foreign 0,301105 0,000038
foreigner 0,891598 0,000222
forerunner 2,120264 0,000264
foresee 0,494296 0,000246
foresight 1,139434 0,000142
forest 0,356675 0,000089
forestall 1,771957 0,000442
foretell 1,171183 0,000146
forfeit 1,237874 0,000617
forfeiture 2,302585 0,000574
forge 0,798508 0,000298
forger 2,407946 0,000300
forget 0,010050 0,000003
fork 0,616186 0,000077
form 0,020203 0,000010
formality 1,078810 0,000134
formidable 0,673345 0,000084
formulary 3,506558 0,000437
fort 1,171183 0,000146
fortieth 2,302585 0,000287
fortification 1,609438 0,000201
fortify 0,994252 0,000248
fortitude 1,078810 0,000134
fortress 1,021651 0,000127
forts 1,660731 0,000207
fortunate 0,415515 0,000052
fortunately 0,579818 0,000072
fortune 0,162519 0,000040
forwards 1,237874 0,000154
fossil 2,207275 0,000275
foul 0,616186 0,000077
foundation 0,127833 0,000032
founder 0,891598 0,000222
fourpence 2,813411 0,000351
fourteen 0,616186 0,000077
fourteenth 1,347074 0,000168
fourth 0,174353 0,000043
fourthly 1,832581 0,000228
fowl 1,108663 0,000138
fowls 1,272966 0,000159
fraction 1,660731 0,000207
frame 0,174353 0,000065
france 0,544727 0,000068
francis 1,469676 0,000183
frankness 1,272966 0,000159
franks 2,525729 0,000315
fraud 1,078810 0,000269
fraudulent 2,207275 0,000275
frederic 2,407946 0,000300
frederick 1,272966 0,000159
freebooter 2,659260 0,000331
freedman 2,525729 0,000315
freedom 0,223144 0,000028
freehold 2,525729 0,000629
freely 0,105361 0,000013
freeman 1,897120 0,000236
freemen 2,659260 0,000331
freight 1,171183 0,000146
french 0,342490 0,000043
frenzy 0,867501 0,000216
frequency 1,660731 0,000207
frequent 0,287682 0,000108
frequently 0,287682 0,000036
fresh 0,105361 0,000013
friars 2,302585 0,000287
friend 0,000000 0,000000
friendship 0,261365 0,000033
frighten 0,733969 0,000091
frivolous 1,386294 0,000173
frontier 1,171183 0,000292
frost 0,653926 0,000081
frozen 0,733969 0,000091
frugal 1,609438 0,000201
frugality 2,207275 0,000275
fruit 0,162519 0,000040
fruitful 1,171183 0,000146
fruitless 1,049822 0,000131
fuel 1,108663 0,000138
fulfil 0,385662 0,000048
fulling 3,912023 0,000487
function 0,820981 0,000205
fund 0,967584 0,000241
fundamental 1,203973 0,000150
funeral 0,597837 0,000074
furious 0,430783 0,000054
furnace 0,967584 0,000241
furnish 0,527633 0,000131
furnished 0,328504 0,000041
furnishing 1,427116 0,000178
furniture 0,415515 0,000052
furs 1,609438 0,000201
fusion 2,525729 0,000315
futile 1,469676 0,000183
futility 1,966113 0,000245
future 0,105361 0,000013
gaiety 1,237874 0,000154
gain 0,040822 0,000020
gainer 2,407946 0,000600
gallant 0,867501 0,000108
gallican 3,218876 0,000401
galling 1,832581 0,000228
gallows 1,386294 0,000173
game 0,210721 0,000053
gange 1,771957 0,000221
garb 1,203973 0,000150
garbage 2,995732 0,000373
garden 0,150823 0,000038
gardener 0,994252 0,000248
garret 1,309333 0,000163
garrison 1,309333 0,000326
gather 0,061875 0,000015
gatherer 2,813411 0,000701
gathering 0,415515 0,000052
gaudy 1,347074 0,000168
gemel 3,912023 0,000487
genealogy 1,714798 0,000214
generality 1,660731 0,000414
generation 0,127833 0,000032
generosity 0,798508 0,000099
generous 0,356675 0,000044
geneva 1,966113 0,000245
genius 0,400478 0,000100
genoa 1,966113 0,000245
genoese 2,407946 0,000300
gentle 0,274437 0,000034
gentleman 0,223144 0,000056
gentleness 0,916291 0,000114
gentoo 3,912023 0,000487
gentry 1,514128 0,000189
geo 3,218876 0,000401
geometrical 1,660731 0,000207
geometry 1,771957 0,000221
george 0,616186 0,000077
georgia 2,120264 0,000264
german 0,478036 0,000119
germany 1,049822 0,000131
gesture 0,510826 0,000064
ghent 2,525729 0,000315
ghostly 1,237874 0,000154
gibraltar 2,302585 0,000287
giddy 1,108663 0,000138
gift 0,210721 0,000026
gilbert 2,813411 0,000351
gild 1,609438 0,000201
ginger 2,120264 0,000264
glad 0,072571 0,000009
gladly 0,544727 0,000068
glaring 0,967584 0,000121
glasgow 2,207275 0,000275
glass 0,174353 0,000043
glaucus 2,813411 0,000351
glebe 2,813411 0,000351
glitter 0,579818 0,000072
globe 0,755023 0,000094
gloomy 0,462035 0,000058
glory 0,301105 0,000038
glove 0,597837 0,000074
glue 1,609438 0,000201
glutton 1,714798 0,000214
goa 2,659260 0,000331
god 0,083382 0,000010
golconda 3,218876 0,000401
gold 0,083382 0,000010
golden 0,342490 0,000043
goldsmith 1,897120 0,000473
goodness 0,328504 0,000041
gospel 1,021651 0,000127
govern 0,186330 0,000070
governing 1,714798 0,000214
government 0,462035 0,000115
governor 0,733969 0,000183
grace 0,235722 0,000029
gradation 1,609438 0,000401
gradual 1,049822 0,000131
gradually 0,328504 0,000041
graduate 1,771957 0,000221
graduation 2,813411 0,000351
grain 0,562119 0,000070
grained 2,813411 0,000351
granada 2,995732 0,000373
granary 2,040221 0,000508
grand 0,342490 0,000043
grandee 2,813411 0,000351
grandeur 0,994252 0,000124
grandfather 0,755023 0,000094
grant 0,061875 0,000031
grantable 3,912023 0,000487
grantee 3,912023 0,000487
grape 0,867501 0,000108
grass 0,301105 0,000075
grate 0,673345 0,000084
gratification 0,994252 0,000248
gratify 0,733969 0,000091
gratifying 1,272966 0,000159
gratis 2,525729 0,000315
gratitude 0,478036 0,000060
gratuitously 2,813411 0,000351
grave 0,116534 0,000029
gravelly 3,218876 0,000401
gravitate 2,525729 0,000315
graze 1,108663 0,000138
grazier 3,218876 0,000802
greatly 0,210721 0,000026
greatness 0,693147 0,000086
grecian 1,347074 0,000168
greece 1,139434 0,000142
greedily 1,078810 0,000134
greek 0,494296 0,000123
green 0,105361 0,000013
greenland 2,407946 0,000300
gregory 1,139434 0,000142
grenada 2,995732 0,000373
grey 0,562119 0,000070
greyhound 2,040221 0,000508
grievance 1,108663 0,000138
grievous 0,967584 0,000121
grind 0,755023 0,000282
groat 2,995732 0,000373
grocer 1,832581 0,000457
grocery 1,966113 0,000245
gross 0,235722 0,000088
grossly 1,386294 0,000173
ground 0,030459 0,000008
groundless 1,771957 0,000221
grounds 0,446287 0,000056
grow 0,010050 0,000006
grower 2,995732 0,000747
growth 0,430783 0,000054
guarantee 1,203973 0,000150
guard 0,083382 0,000031
guardian 0,597837 0,000149
guernsey 3,506558 0,000437
guess 0,223144 0,000028
guest 0,235722 0,000029
guide 0,083382 0,000010
guilder 3,506558 0,000437
guilders 3,506558 0,000437
guilds 2,659260 0,000331
guilty 0,356675 0,000044
guinea 1,237874 0,000154
guineas 1,427116 0,000178
gulf 0,733969 0,000091
gum 1,386294 0,000173
gun 0,544727 0,000068
gunpowder 1,560648 0,000194
gustavus 3,912023 0,000487
gymnasia 3,218876 0,000401
gymnasium 1,966113 0,000245
gymnastic 1,897120 0,000236
habit 0,162519 0,000040
habitation 1,021651 0,000255
habituated 1,832581 0,000228
hackney 2,207275 0,000275
hair 0,072571 0,000009
hale 1,714798 0,000214
halfpence 2,407946 0,000300
halfpenny 2,302585 0,000287
halifax 2,525729 0,000315
hall 0,274437 0,000034
hamburg 2,040221 0,000254
hamlet 1,078810 0,000134
hammer 0,544727 0,000068
hampshire 2,525729 0,000315
hand 0,010050 0,000003
handful 0,776529 0,000097
handle 0,223144 0,000028
handsome 0,328504 0,000041
hank 3,506558 0,000437
hanse 3,912023 0,000487
hanseatic 3,912023 0,000487
happen 0,030459 0,000011
happily 0,478036 0,000060
happiness 0,150823 0,000019
happy 0,061875 0,000015
harangue 1,609438 0,000201
harass 1,078810 0,000134
harbour 0,916291 0,000228
hard 0,040822 0,000010
harden 1,021651 0,000127
hardiness 2,659260 0,000331
hardness 1,203973 0,000150
hardship 0,713350 0,000178
hardware 3,506558 0,000437
hardy 0,967584 0,000241
hare 1,203973 0,000150
hares 1,966113 0,000245
harm 0,210721 0,000026
harmless 0,248461 0,000031
harrower 3,912023 0,000975
harvest 0,713350 0,000089
hastily 0,462035 0,000058
hasty 0,510826 0,000064
hat 0,446287 0,000056
hatchet 1,609438 0,000201
hate 0,150823 0,000038
hatred 0,494296 0,000062
hatter 2,813411 0,000351
haughty 0,867501 0,000108
hawker 2,525729 0,000315
hawkins 2,302585 0,000287
hay 1,171183 0,000146
hazard 0,776529 0,000290
hazardous 1,560648 0,000194
head 0,000000 0,000000
health 0,198451 0,000025
healthful 2,302585 0,000287
healthy 0,356675 0,000044
heap 0,248461 0,000031
hear 0,010050 0,000004
hearer 1,021651 0,000127
heart 0,010050 0,000001
hearth 0,843970 0,000210
hearty 0,616186 0,000154
heat 0,198451 0,000049
heaven 0,174353 0,000043
heavenly 0,843970 0,000105
heaver 2,995732 0,000373
heavy 0,030459 0,000011
hebrew 1,203973 0,000150
hedge 0,597837 0,000074
height 0,210721 0,000026
heighten 1,771957 0,000221
heir 0,527633 0,000131
helpless 0,328504 0,000041
hemp 2,040221 0,000254
hempen 2,302585 0,000287
henceforth 0,867501 0,000108
henry 0,713350 0,000089
heptarchy 3,506558 0,000437
herb 0,843970 0,000105
hercules 1,272966 0,000159
herd 0,597837 0,000149
herdsman 2,040221 0,000508
hereditary 1,108663 0,000138
heresy 1,469676 0,000183
hero 0,430783 0,000054
herring 1,966113 0,000490
hide 0,072571 0,000018
higgling 3,912023 0,000487
highland 2,120264 0,000264
highlanders 2,659260 0,000331
highlands 2,302585 0,000287
highly 0,261365 0,000033
highroad 2,525729 0,000315
highway 0,916291 0,000228
hill 0,150823 0,000019
hinder 0,579818 0,000289
hindrance 1,049822 0,000131
hire 0,733969 0,000274
hispaniola 2,813411 0,000351
hist 2,120264 0,000264
historian 0,994252 0,000248
historical 0,843970 0,000105
history 0,186330 0,000046
hitherto 0,385662 0,000048
hoeing 2,813411 0,000351
hog 1,309333 0,000326
hogshead 2,407946 0,000600
hold 0,010050 0,000004
holder 0,430783 0,000107
holiday 0,713350 0,000089
holland 1,514128 0,000189
holstein 3,218876 0,000401
holy 0,371064 0,000046
homage 1,078810 0,000134
homely 1,171183 0,000146
homemade 2,813411 0,000351
homer 1,203973 0,000150
honest 0,235722 0,000029
honorary 2,302585 0,000574
honour 0,494296 0,000185
honourable 0,941609 0,000117
honourableness 3,506558 0,000437
honourably 2,207275 0,000275
hood 1,237874 0,000154
hop 1,108663 0,000276
hope 0,000000 0,000000
horde 1,771957 0,000221
horn 0,478036 0,000119
horner 2,659260 0,000331
horrid 0,713350 0,000089
horror 0,198451 0,000025
horse 0,139262 0,000035
horseback 0,843970 0,000105
hose 2,040221 0,000254
hospital 0,755023 0,000094
hospitality 0,713350 0,000089
hostile 0,776529 0,000097
hostility 1,171183 0,000146
hot 0,116534 0,000015
hound 0,843970 0,000105
hour 0,061875 0,000015
house 0,020203 0,000005
household 0,430783 0,000054
houses 0,139262 0,000017
hovel 1,832581 0,000228
huckster 2,813411 0,000351
hudson 1,832581 0,000228
huge 0,400478 0,000050
human 0,072571 0,000009
humanity 0,494296 0,000062
humanize 2,995732 0,000373
humble 0,261365 0,000033
hume 2,207275 0,000275
humiliating 1,427116 0,000178
humour 0,713350 0,000267
hundredth 1,309333 0,000163
hungarian 2,813411 0,000351
hungary 2,302585 0,000287
hunger 0,478036 0,000060
hungry 0,314711 0,000039
hunt 0,371064 0,000092
hunter 0,579818 0,000144
hunting 0,462035 0,000058
hurry 0,162519 0,000020
hurt 0,150823 0,000056
hurtful 1,714798 0,000214
husband 0,198451 0,000025
husbandman 2,120264 0,000264
husbandmen 2,120264 0,000264
husbandry 1,966113 0,000245
hussar 2,207275 0,000275
hut 0,776529 0,000194
hypocritical 2,302585 0,000287
ice 0,527633 0,000066
idea 0,083382 0,000021
ideal 0,776529 0,000097
identical 0,994252 0,000124
idle 0,261365 0,000033
idleness 0,755023 0,000094
idly 1,309333 0,000163
idyllium 3,912023 0,000487
ignoble 1,427116 0,000178
ignominious 1,771957 0,000221
ignominy 1,714798 0,000214
ignorance 0,287682 0,000036
ignorant 0,301105 0,000038
ignorantly 2,302585 0,000287
iguana 3,506558 0,000437
iii 0,287682 0,000036
illegal 1,660731 0,000207
illegally 2,995732 0,000373
illiberal 2,659260 0,000331
illusory 2,659260 0,000331
illustrate 0,616186 0,000154
illustration 0,867501 0,000108
illustrious 1,021651 0,000127
image 0,301105 0,000038
imaginary 0,755023 0,000094
imagination 0,223144 0,000028
imagine 0,083382 0,000031
imitate 0,579818 0,000072
imitation 0,673345 0,000168
immemorial 1,714798 0,000214
immense 0,314711 0,000039
immensely 1,171183 0,000146
immortal 0,755023 0,000094
immortality 1,171183 0,000146
immoveable 2,995732 0,000373
impartial 1,237874 0,000154
impartiality 1,966113 0,000245
impartially 1,771957 0,000221
impassable 1,560648 0,000194
impenetrable 1,049822 0,000131
imperfect 0,673345 0,000084
imperfection 1,272966 0,000317
imperfectly 1,386294 0,000173
impertinence 1,469676 0,000183
impertinent 1,171183 0,000146
implicit 1,966113 0,000245
implicitly 1,832581 0,000228
imply 0,235722 0,000029
impolitic 2,659260 0,000331
import 0,843970 0,000421
importation 2,525729 0,000629
importer 3,218876 0,000802
importunity 1,514128 0,000189
impose 0,162519 0,000061
imposing 0,843970 0,000105
imposition 2,120264 0,000528
impossibility 0,891598 0,000111
impossible 0,094311 0,000012
impost 2,525729 0,000629
imposture 2,040221 0,000254
impoverish 2,813411 0,000351
impoverished 1,897120 0,000236
impoverishment 2,995732 0,000373
impracticable 1,237874 0,000154
impressed 0,510826 0,000064
impression 0,210721 0,000026
imprison 0,798508 0,000199
imprisonment 1,203973 0,000150
improbability 2,207275 0,000275
improbable 1,021651 0,000127
improper 1,139434 0,000142
improperly 2,120264 0,000264
impropriety 1,832581 0,000228
improve 0,385662 0,000192
improvement 0,616186 0,000154
improver 3,912023 0,000975
improvident 2,813411 0,000351
imprudence 1,832581 0,000228
imprudent 1,469676 0,000183
impunity 1,347074 0,000168
impurity 1,560648 0,000194
imputation 1,660731 0,000207
impute 1,771957 0,000221
imputed 1,609438 0,000201
inability 1,386294 0,000173
inaccuracy 2,995732 0,000373
inattention 1,714798 0,000214
incapable 0,562119 0,000070
incapacity 1,714798 0,000214
inch 0,430783 0,000107
incident 0,356675 0,000044
incitement 2,120264 0,000528
inclemency 2,525729 0,000629
inclination 0,544727 0,000136
incline 0,733969 0,000183
inclined 0,186330 0,000023
inclose 1,897120 0,000709
inclosure 2,813411 0,000351
include 0,072571 0,000036
inclusive 2,207275 0,000275
income 0,798508 0,000099
incomplete 0,301105 0,000038
inconclusive 2,525729 0,000315
inconsiderable 1,560648 0,000194
inconsistency 1,171183 0,000146
inconsistent 1,272966 0,000159
inconstancy 2,120264 0,000264
inconstant 2,120264 0,000264
inconvenience 1,078810 0,000269
inconveniency 2,659260 0,000663
inconvenient 1,237874 0,000154
incorporate 1,560648 0,000389
incorporation 2,995732 0,000747
incorrectness 2,813411 0,000351
increase 0,061875 0,000031
incredible 0,653926 0,000081
inculcate 1,897120 0,000709
incumbent 1,714798 0,000214
incumbrance 2,207275 0,000550
incur 0,843970 0,000421
incurably 2,813411 0,000351
incursion 2,407946 0,000600
indebted 0,994252 0,000124
indecency 2,813411 0,000351
indecent 2,120264 0,000264
indemnification 2,995732 0,000373
indemnify 0,446287 0,000056
indenture 2,525729 0,000315
independency 3,506558 0,000437
independent 0,510826 0,000127
independently 1,427116 0,000178
india 0,843970 0,000105
indiaman 2,995732 0,000373
indian 0,544727 0,000136
indication 0,798508 0,000199
indies 1,309333 0,000163
indifference 0,527633 0,000066
indifferent 0,400478 0,000050
indifferently 1,049822 0,000131
indigence 2,207275 0,000275
indigent 2,302585 0,000287
indignation 0,510826 0,000064
indigo 2,407946 0,000300
indirect 0,446287 0,000056
indirectly 0,371064 0,000046
indispensably 2,302585 0,000287
indisputable 1,966113 0,000245
indistinctly 1,897120 0,000236
individual 0,139262 0,000035
individually 1,609438 0,000201
indolence 1,309333 0,000163
indolent 1,427116 0,000178
indolently 2,525729 0,000315
indorse 2,813411 0,000351
indorser 3,912023 0,000975
induce 0,328504 0,000082
indulge 0,527633 0,000131
indulgence 0,755023 0,000094
indulgent 1,386294 0,000173
industrious 1,078810 0,000134
industry 0,843970 0,000105
ineffectual 1,469676 0,000183
inequality 1,386294 0,000345
inexhaustible 1,237874 0,000154
inexperience 1,427116 0,000178
infallible 1,108663 0,000138
infallibly 1,427116 0,000178
infamous 1,049822 0,000131
infancy 0,916291 0,000114
infant 0,673345 0,000084
infantry 1,771957 0,000221
infants 1,171183 0,000146
infer 0,891598 0,000333
inferior 0,579818 0,000144
inferiority 1,609438 0,000201
infest 1,832581 0,000228
infidelity 1,660731 0,000207
infinite 0,430783 0,000054
infirm 1,714798 0,000214
infirmity 1,049822 0,000131
inflame 1,049822 0,000392
inflict 0,579818 0,000072
influence 0,198451 0,000074
inform 0,198451 0,000074
infringe 2,120264 0,000528
infusing 2,659260 0,000331
ingenious 0,693147 0,000086
ingenuity 0,891598 0,000111
ingot 2,813411 0,000701
ingraftment 3,912023 0,000487
ingratitude 1,171183 0,000146
inhabit 0,597837 0,000223
inhabitancy 3,912023 0,000487
inhabitant 1,560648 0,000194
inhabitants 0,446287 0,000056
inherent 1,560648 0,000194
inheritance 0,798508 0,000199
inhospitable 1,714798 0,000214
injudicious 2,040221 0,000254
injure 0,356675 0,000089
injury 0,301105 0,000075
injustice 0,653926 0,000081
inland 1,469676 0,000183
inlet 2,040221 0,000508
inn 0,713350 0,000089
innocent 0,186330 0,000023
inns 1,897120 0,000236
innumerable 0,634878 0,000079
inquire 0,235722 0,000059
inquiry 0,446287 0,000111
inquisition 1,514128 0,000189
insecure 2,207275 0,000275
insensible 0,843970 0,000105
insensibly 1,386294 0,000173
inseparable 1,203973 0,000150
inseparably 1,966113 0,000245
insert 1,021651 0,000255
insidious 1,832581 0,000228
insignificancy 3,912023 0,000487
insignificant 0,891598 0,000111
insinuate 1,203973 0,000150
insist 0,223144 0,000056
insolence 0,994252 0,000124
insolent 0,941609 0,000117
insolvency 3,506558 0,000437
insolvent 2,813411 0,000351
inspect 0,798508 0,000099
inspection 0,798508 0,000099
inspiration 0,755023 0,000094
inspire 0,371064 0,000139
inspiring 1,108663 0,000138
instability 2,525729 0,000315
installation 2,995732 0,000373
instalment 2,995732 0,000373
instance 0,116534 0,000029
instant 0,210721 0,000026
instantaneously 1,832581 0,000228
institute 1,203973 0,000300
institution 0,713350 0,000178
instruct 0,494296 0,000185
instruction 0,328504 0,000082
instructive 1,469676 0,000183
instrument 0,248461 0,000062
insufficiency 2,407946 0,000300
insufficient 1,386294 0,000173
insult 0,415515 0,000052
insupportable 1,660731 0,000207
insurance 2,120264 0,000264
insure 1,237874 0,000463
insurer 3,506558 0,000437
insurmountable 1,714798 0,000214
insurrection 1,609438 0,000201
integrity 1,203973 0,000150
intellectual 0,235722 0,000029
intelligence 0,301105 0,000038
intelligent 0,342490 0,000043
intelligible 1,021651 0,000127
intemperance 1,966113 0,000245
intend 0,094311 0,000035
intendant 3,912023 0,000487
intent 0,494296 0,000062
intention 0,127833 0,000032
intentional 1,897120 0,000236
intercept 1,171183 0,000146
intercourse 0,798508 0,000099
interfere 0,415515 0,000104
interference 1,108663 0,000138
interior 0,673345 0,000084
interloper 2,995732 0,000373
intermeddle 2,659260 0,000663
internal 0,261365 0,000033
interpose 0,916291 0,000228
interposition 2,040221 0,000254
interpret 0,235722 0,000059
interpretation 0,994252 0,000124
interrupt 0,562119 0,000140
interrupted 0,301105 0,000038
interruption 0,634878 0,000079
intersect 1,514128 0,000189
interval 0,301105 0,000075
intervention 1,514128 0,000189
intimate 0,430783 0,000054
intimidate 1,514128 0,000377
intolerable 0,673345 0,000084
intractable 2,120264 0,000264
intricate 1,078810 0,000134
intrinsic 2,407946 0,000300
intrinsically 2,525729 0,000315
introduce 0,261365 0,000130
introduction 0,385662 0,000048
introductive 3,912023 0,000487
intrude 1,108663 0,000138
intruder 1,108663 0,000138
intrusion 1,237874 0,000154
inundation 2,040221 0,000254
invade 0,755023 0,000188
invader 1,832581 0,000228
invalidity 0,527633 0,000066
invariable 1,514128 0,000189
invasion 1,427116 0,000178
invent 0,400478 0,000150
inventive 2,040221 0,000254
inventor 1,386294 0,000345
inversely 3,506558 0,000437
inverted 2,120264 0,000264
invest 1,021651 0,000127
investigate 0,820981 0,000102
investiture 3,218876 0,000401
invidious 2,525729 0,000315
invigorate 1,714798 0,000214
invincible 1,427116 0,000178
inviolable 2,040221 0,000254
invisible 0,562119 0,000070
invite 0,261365 0,000033
involve 0,820981 0,000102
involved 0,579818 0,000072
ireland 1,514128 0,000189
irish 1,347074 0,000168
iron 0,162519 0,000020
irrecoverably 2,659260 0,000331
irregular 0,733969 0,000091
irregularity 1,386294 0,000173
irregularly 1,832581 0,000228
irreproachable 1,966113 0,000245
irresistible 0,653926 0,000081
irresistibly 1,203973 0,000150
irretrievable 2,302585 0,000287
irritate 1,660731 0,000207
irruption 2,525729 0,000315
isabella 2,207275 0,000275
island 0,400478 0,000050
islands 0,755023 0,000094
issue 0,198451 0,000099
isthmian 3,506558 0,000437
isthmus 2,120264 0,000264
italian 0,653926 0,000163
italy 0,820981 0,000102
itinerant 2,525729 0,000315
iv 0,328504 0,000041
ivory 0,820981 0,000102
ix 0,494296 0,000062
jack 0,755023 0,000094
jamaica 2,407946 0,000300
james 0,673345 0,000084
january 0,693147 0,000086
japan 1,560648 0,000194
japanese 1,660731 0,000207
javelin 2,120264 0,000528
jealous 0,446287 0,000056
jealousy 0,430783 0,000054
jersey 2,120264 0,000264
jesuit 2,207275 0,000275
jewel 0,634878 0,000079
jeweller 2,120264 0,000528
jews 1,078810 0,000134
job 0,597837 0,000149
john 0,328504 0,000041
joiner 2,525729 0,000629
joint 0,446287 0,000056
jointly 2,407946 0,000300
josiah 2,525729 0,000315
journal 0,916291 0,000114
journey 0,150823 0,000019
journeyman 2,302585 0,000574
judge 0,061875 0,000023
judging 0,713350 0,000089
judgment 0,198451 0,000025
judicature 2,302585 0,000287
judicial 1,309333 0,000163
judicious 1,139434 0,000142
judiciously 2,040221 0,000254
julius 1,897120 0,000236
july 0,616186 0,000077
june 0,527633 0,000066
jurisdiction 1,560648 0,000389
justice 0,162519 0,000040
justified 0,693147 0,000086
justify 0,562119 0,000070
justle 3,506558 0,000874
justly 0,653926 0,000081
keen 0,371064 0,000046
keeper 0,820981 0,000205
keeping 1,078810 0,000134
kelp 3,218876 0,000401
kent 1,897120 0,000236
khan 2,813411 0,000351
kidder 3,912023 0,000487
kill 0,083382 0,000031
kindness 0,274437 0,000034
kindred 0,994252 0,000124
king 0,210721 0,000053
kingdom 0,462035 0,000115
kitchen 0,562119 0,000070
knavery 2,659260 0,000331
knife 0,287682 0,000036
knights 1,309333 0,000163
knit 0,673345 0,000168
knowingly 2,207275 0,000275
knowledge 0,061875 0,000008
laborious 1,171183 0,000146
labour 0,562119 0,000280
labourer 1,309333 0,000326
lace 0,867501 0,000216
lady 0,162519 0,000020
lake 0,162519 0,000020
lama 2,995732 0,000373
lamb 0,693147 0,000173
lament 0,713350 0,000089
lancashire 2,995732 0,000373
lancaster 2,659260 0,000331
land 0,051293 0,000019
landlord 0,941609 0,000235
language 0,072571 0,000009
languages 0,967584 0,000121
languedoc 2,995732 0,000373
languid 1,049822 0,000131
languish 1,139434 0,000284
lapis 3,218876 0,000401
lastage 3,912023 0,000487
lasting 1,771957 0,000221
lastly 0,867501 0,000108
late 0,094311 0,000012
lateness 2,207275 0,000275
latin 0,653926 0,000081
laudable 1,609438 0,000201
laugh 0,094311 0,000012
launch 0,798508 0,000099
law 0,020203 0,000005
lawful 1,078810 0,000134
lawfully 2,040221 0,000254
lawgiver 1,771957 0,000221
lawn 1,078810 0,000134
lawyer 0,673345 0,000168
lay 0,030459 0,000015
laziness 1,714798 0,000214
lazy 0,616186 0,000077
le 1,049822 0,000131
lead 0,020203 0,000008
leader 0,356675 0,000089
leading 0,139262 0,000017
league 0,653926 0,000244
lean 0,127833 0,000032
learn 0,020203 0,000013
lease 1,714798 0,000641
leasehold 3,506558 0,000437
leather 0,527633 0,000066
leave -0,009950 -0,000004
lecture 0,673345 0,000252
leeds 2,813411 0,000351
left 0,000000 0,000000
legacy 1,560648 0,000389
legal 0,261365 0,000033
legally 0,342490 0,000043
leghorn 2,525729 0,000315
legion 1,309333 0,000163
legislative 1,771957 0,000221
legislator 1,714798 0,000427
legislature 2,120264 0,000528
leisure 0,579818 0,000072
leith 3,218876 0,000401
lend 0,430783 0,000161
lender 2,407946 0,000300
lending 1,609438 0,000201
leprosy 2,207275 0,000275
les 1,514128 0,000189
lessee 3,912023 0,000975
lessen 0,713350 0,000089
lessening 1,660731 0,000207
lesser 3,506558 0,000437
lesson 0,287682 0,000036
lessor 3,912023 0,000487
letter 0,072571 0,000009
levant 2,302585 0,000287
level 0,210721 0,000026
levity 1,609438 0,000201
levy 1,469676 0,000732
lewis 1,897120 0,000236
liable 0,235722 0,000029
lib 2,659260 0,000331
libel 2,120264 0,000264
liberal 0,597837 0,000074
liberality 1,347074 0,000168
liberally 1,347074 0,000168
liberty 0,198451 0,000049
licence 1,560648 0,000389
license 0,301105 0,000038
licensed 0,430783 0,000054
licentious 2,120264 0,000264
licentiousness 2,659260 0,000331
lie 0,020203 0,000010
lieu 0,415515 0,000052
life -0,009950 -0,000002
light 0,000000 0,000000
lighted 0,261365 0,000033
lighter 2,813411 0,000351
lightly 0,430783 0,000054
lightning 0,430783 0,000054
liking 1,021651 0,000127
lima 2,995732 0,000373
limit 0,287682 0,000072
limitation 0,371064 0,000046
limited 0,261365 0,000033
lineal 2,813411 0,000351
linen 0,527633 0,000131
linger 0,446287 0,000056
liquor 0,798508 0,000199
lisbon 2,407946 0,000300
list 0,301105 0,000038
listen 0,105361 0,000026
literal 1,714798 0,000214
literary 0,287682 0,000036
litharge 3,912023 0,000487
live 0,010050 0,000003
livelihood 1,514128 0,000189
liverpool 1,897120 0,000236
livery 1,609438 0,000401
living 0,020203 0,000003
livre 3,506558 0,000437
livres 2,659260 0,000331
lizard 1,560648 0,000194
load 0,430783 0,000107
loaden 2,995732 0,000373
loading 1,309333 0,000163
loaf 0,867501 0,000108
loan 1,427116 0,000356
loathsome 1,078810 0,000134
local 0,713350 0,000089
loch 2,813411 0,000351
lochaber 3,506558 0,000437
lock 0,162519 0,000061
locksmith 2,302585 0,000287
lodge 0,494296 0,000185
lodger 1,609438 0,000201
lodging 0,776529 0,000097
lodgings 1,078810 0,000134
lofty 0,494296 0,000062
logic 1,049822 0,000131
lombard 2,120264 0,000264
london 0,415515 0,000052
lone 1,514128 0,000189
loom 1,078810 0,000134
loose 0,094311 0,000012
lord 0,223144 0,000028
lords 0,843970 0,000105
lorenzo 2,525729 0,000315
lose 0,000000 0,000000
loser 2,120264 0,000528
loss 0,083382 0,000021
lot 0,051293 0,000006
lottery 1,897120 0,000473
loud 0,105361 0,000013
loudly 0,400478 0,000050
louis 1,078810 0,000134
love 0,030459 0,000011
lover 0,356675 0,000089
lowering 2,659260 0,000331
lowness 2,659260 0,000331
loyalty 1,237874 0,000154
lucern 3,506558 0,000437
lucian 2,995732 0,000373
luck 0,446287 0,000056
lucrative 1,966113 0,000245
luggage 1,203973 0,000150
lumber 1,203973 0,000150
luther 2,040221 0,000254
lutheran 3,506558 0,000437
luxury 0,462035 0,000115
lyceum 2,525729 0,000315
macedon 2,525729 0,000315
machiavel 3,218876 0,000401
machination 2,525729 0,000315
machine 0,210721 0,000053
machinery 1,049822 0,000131
mad 0,235722 0,000029
madeira 1,966113 0,000245
madeiras 3,506558 0,000437
madman 0,941609 0,000117
madras 2,659260 0,000331
madrid 2,120264 0,000264
magazine 1,203973 0,000300
magistracy 2,407946 0,000300
magistrate 0,820981 0,000205
magna 2,995732 0,000373
magnanimity 1,609438 0,000201
magnificence 1,237874 0,000154
magnificent 0,328504 0,000041
magnify 0,994252 0,000372
mahomet 1,660731 0,000207
mahometan 3,218876 0,000401
maid 0,415515 0,000052
maim 1,272966 0,000159
main 0,127833 0,000016
maintain 0,094311 0,000047
maintenance 1,171183 0,000146
maize 2,813411 0,000351
majesty 0,510826 0,000064
majority 0,597837 0,000074
maker 0,653926 0,000163
malacca 2,659260 0,000331
male 0,562119 0,000070
malice 0,776529 0,000097
malicious 0,941609 0,000117
malignant 1,139434 0,000142
malt 2,525729 0,000315
malta 2,525729 0,000315
malversation 3,218876 0,000401
mamelukes 3,912023 0,000487
manage 0,261365 0,000130
management 0,843970 0,000105
manager 0,597837 0,000074
manati 3,912023 0,000487
manchester 2,040221 0,000254
mandamus 3,912023 0,000487
mandarins 2,525729 0,000315
manhood 0,776529 0,000097
manifest 0,478036 0,000060
manilla 2,995732 0,000373
mankind 0,478036 0,000060
manner 0,040822 0,000005
manners 0,274437 0,000034
manor 1,560648 0,000389
manse 3,218876 0,000401
mansion 0,820981 0,000102
manual 1,469676 0,000183
manufactory 2,302585 0,000574
manufacture 1,078810 0,000269
manufacturer 1,966113 0,000490
manufactures 2,207275 0,000275
manufacturing 2,040221 0,000254
manure 2,040221 0,000763
manuscript 0,967584 0,000241
march 0,223144 0,000083
marco 2,659260 0,000331
marine 1,309333 0,000163
mariner 1,078810 0,000134
maritime 1,966113 0,000245
mark 0,105361 0,000026
marked 0,061875 0,000008
market 0,510826 0,000127
marketing 2,659260 0,000331
marquis 1,609438 0,000401
marriage 0,314711 0,000078
married 0,248461 0,000031
marry 0,356675 0,000044
marshal 1,272966 0,000159
mart 2,207275 0,000275
martial 1,469676 0,000183
martinico 3,912023 0,000487
martius 3,506558 0,000437
marvellous 0,891598 0,000111
mary 0,693147 0,000086
maryland 2,813411 0,000351
mason 1,560648 0,000389
masquerade 1,771957 0,000442
mass 0,210721 0,000053
massachusetts 2,207275 0,000275
mast 0,941609 0,000117
master 0,072571 0,000009
masterpiece 1,427116 0,000178
masters 0,446287 0,000056
mastiff 1,660731 0,000207
masting 3,506558 0,000437
match 0,301105 0,000038
mater 2,813411 0,000351
material 0,261365 0,000065
mathematics 1,272966 0,000159
matter 0,000000 0,000000
matthew 1,714798 0,000214
maturity 1,427116 0,000178
maxim 1,078810 0,000269
mayor 1,514128 0,000189
meal 0,261365 0,000033
meaning 0,186330 0,000046
meanly 1,514128 0,000189
meanness 1,237874 0,000154
measure 0,127833 0,000048
meat 0,356675 0,000044
mechanic 1,347074 0,000336
mechanical 0,843970 0,000105
mediately 2,995732 0,000373
mediocrity 2,207275 0,000275
mediterranean 1,609438 0,000201
medium 0,223144 0,000028
meet 0,010050 0,000001
meeting 0,162519 0,000020
melancholy 0,342490 0,000043
melt 0,385662 0,000096
memoire 3,912023 0,000487
memoirs 1,347074 0,000168
memorable 1,108663 0,000138
memory 0,162519 0,000020
mend 0,653926 0,000326
mendicant 2,120264 0,000264
menial 1,714798 0,000214
mental 0,430783 0,000054
mention 0,105361 0,000039
mercantile 2,407946 0,000300
mercenary 1,714798 0,000214
mercer 2,995732 0,000373
merchandize 3,506558 0,000437
merchant 0,494296 0,000123
merchantable 3,912023 0,000487
mercury 1,203973 0,000150
mercy 0,210721 0,000026
mere 0,094311 0,000012
merit 0,371064 0,000046
merk 3,912023 0,000487
merovingian 3,218876 0,000401
merriment 1,139434 0,000142
mess 0,867501 0,000108
metal 0,527633 0,000131
metallic 1,514128 0,000189
metaphor 1,771957 0,000221
metaphysical 1,714798 0,000214
metaphysics 1,514128 0,000189
metayer 3,912023 0,000487
meteor 2,120264 0,000264
method 0,094311 0,000024
methodical 1,966113 0,000245
methodists 2,995732 0,000373
metropolis 1,469676 0,000183
mexico 1,660731 0,000207
michaelmas 2,659260 0,000331
middle 0,030459 0,000004
middling 1,966113 0,000245
midst 0,287682 0,000036
milan 1,771957 0,000221
milanese 2,813411 0,000351
mild 0,430783 0,000107
mile 0,174353 0,000043
military 0,616186 0,000077
militia 1,897120 0,000236
militiaman 3,506558 0,000437
militias 3,912023 0,000487
milk 0,400478 0,000050
miller 1,309333 0,000326
millwright 3,912023 0,000487
mina 3,218876 0,000401
mind 0,020203 0,000005
miner 2,120264 0,000528
mineral 1,609438 0,000401
mineralize 3,912023 0,000487
mining 1,832581 0,000228
minister 0,562119 0,000070
ministers 0,776529 0,000097
ministry 1,660731 0,000207
minor 0,713350 0,000089
minorca 3,506558 0,000437
minority 1,386294 0,000173
mint 1,832581 0,000457
minute 0,150823 0,000038
mirth 0,776529 0,000097
misapprehension 2,207275 0,000275
miscarriage 2,407946 0,000300
misconduct 1,966113 0,000245
misdemeanour 3,218876 0,000401
miserable 0,210721 0,000026
miserably 1,108663 0,000138
misery 0,248461 0,000062
misfortune 0,400478 0,000100
misinform 2,813411 0,000351
misinformation 3,912023 0,000487
mislead 0,994252 0,000248
mismanage 2,995732 0,000373
mismanagement 2,407946 0,000300
misrepresent 2,040221 0,000254
misrepresentation 2,207275 0,000275
missionary 1,560648 0,000389
mississippi 0,415515 0,000052
mistake 0,186330 0,000023
mistaken 0,261365 0,000033
mistress 0,478036 0,000060
mix 0,274437 0,000068
mixture 0,597837 0,000074
mobbish 3,912023 0,000487
mode 0,579818 0,000144
model 0,510826 0,000064
modena 3,506558 0,000437
moderate 0,579818 0,000217
moderately 1,660731 0,000207
moderation 1,108663 0,000138
modern 0,301105 0,000038
modesty 0,733969 0,000091
modify 0,356675 0,000044
modius 3,506558 0,000437
modus 3,218876 0,000401
moist 0,843970 0,000105
molasses 2,659260 0,000331
moment 0,010050 0,000003
momentary 0,693147 0,000086
monarch 1,108663 0,000276
monarchical 2,407946 0,000300
monarchy 1,660731 0,000414
monastery 1,469676 0,000366
money 0,051293 0,000013
monied 2,995732 0,000373
monk 1,108663 0,000276
monopolise 2,995732 0,000373
monopolist 3,506558 0,000874
monopolize 2,659260 0,000663
monopoly 2,040221 0,000508
montezuma 3,912023 0,000487
month 0,040822 0,000010
monthly 1,427116 0,000178
monument 0,776529 0,000097
moor 0,994252 0,000124
moral 0,301105 0,000075
moralist 1,660731 0,000207
morality 0,867501 0,000108
morning 0,040822 0,000005
morrow 0,328504 0,000041
mortal 0,314711 0,000039
mortality 1,469676 0,000183
mortar 1,272966 0,000159
mortgage 1,609438 0,000602
mortification 1,021651 0,000127
mortify 2,040221 0,000254
mortifying 1,771957 0,000221
mortmain 3,506558 0,000437
mosaical 3,912023 0,000487
mother 0,072571 0,000009
motion 0,223144 0,000028
motive 0,356675 0,000089
moulder 2,525729 0,000315
mount 0,210721 0,000053
mountain 0,400478 0,000050
mountainous 1,560648 0,000194
mountains 0,400478 0,000050
mournful 0,941609 0,000117
mourning 0,673345 0,000084
mouth 0,061875 0,000008
moveable 2,525729 0,000629
movement 0,287682 0,000072
mulatto 2,659260 0,000331
mulberry 1,966113 0,000245
mule 0,967584 0,000121
multiplication 1,897120 0,000236
multiplicity 1,714798 0,000214
multiply 0,776529 0,000387
multitude 0,385662 0,000096
multure 3,912023 0,000487
mun 2,995732 0,000373
mundic 3,912023 0,000487
munificent 2,302585 0,000287
munificently 3,912023 0,000487
murder 0,248461 0,000031
murmur 0,287682 0,000036
muscovado 3,506558 0,000437
muscovite 2,995732 0,000373
music 0,198451 0,000025
musical 0,579818 0,000072
musician 1,171183 0,000292
musket 1,514128 0,000189
muslin 1,272966 0,000159
muster 1,078810 0,000134
mutilate 1,427116 0,000178
mutilation 2,407946 0,000300
mutiny 1,469676 0,000183
mutton 1,237874 0,000154
mutual 0,510826 0,000064
mutually 1,386294 0,000173
mystery 0,235722 0,000059
nail 0,356675 0,000133
nailer 3,912023 0,000487
naked 0,274437 0,000034
naples 1,272966 0,000159
narrow 0,094311 0,000047
narrowness 1,560648 0,000194
nastiness 2,120264 0,000264
nasty 1,139434 0,000142
nat 2,813411 0,000351
nation 0,579818 0,000072
national 0,755023 0,000094
nations 0,673345 0,000084
native 0,314711 0,000078
nativity 2,040221 0,000254
natural 0,094311 0,000012
naturally 0,210721 0,000026
nature 0,094311 0,000012
naval 1,386294 0,000173
navigable 2,407946 0,000300
navigate 1,771957 0,000221
navigation 1,272966 0,000159
navigator 1,771957 0,000221
navy 1,237874 0,000308
nearer 0,400478 0,000050
neat 0,653926 0,000081
necessaries 1,386294 0,000173
necessitous 2,525729 0,000315
necessity 0,210721 0,000053
needle 0,673345 0,000084
neglect 0,274437 0,000137
negligence 0,415515 0,000052
negligent 1,609438 0,000201
negligently 2,207275 0,000275
negotiate 1,771957 0,000442
negotiation 1,560648 0,000194
negro 0,967584 0,000241
neighbour 0,510826 0,000191
neighbourhood 0,776529 0,000097
newcastle 2,207275 0,000275
newfoundland 2,040221 0,000254
newly 0,494296 0,000062
news 0,210721 0,000026
newspaper 0,693147 0,000086
nice 0,371064 0,000092
nicety 1,514128 0,000189
nigh 0,843970 0,000105
night 0,010050 0,000003
nightingale 1,514128 0,000189
nile 1,469676 0,000183
ninepence 2,659260 0,000331
nineteen 1,108663 0,000138
nineteenth 1,171183 0,000146
ninth 0,994252 0,000124
nobility 0,755023 0,000094
noble 0,198451 0,000099
nobleness 2,207275 0,000275
noise 0,139262 0,000017
nominal 1,714798 0,000214
nominally 2,120264 0,000264
nomination 2,813411 0,000351
nonsense 0,478036 0,000060
norfolk 2,120264 0,000264
norman 1,832581 0,000228
north 0,083382 0,000010
northern 0,653926 0,000081
norway 2,120264 0,000264
notable 1,272966 0,000159
note 0,094311 0,000024
notice 0,020203 0,000003
notion 0,314711 0,000078
notorious 1,049822 0,000131
nourish 0,916291 0,000114
nourishment 0,994252 0,000124
nova 2,302585 0,000287
novelty 0,798508 0,000099
november 0,544727 0,000068
noway 3,506558 0,000437
nuisance 1,309333 0,000326
numerous 0,235722 0,000029
nurse 0,301105 0,000038
nut 0,820981 0,000102
nutmeg 2,120264 0,000264
oath 0,385662 0,000096
oatmeal 2,813411 0,000351
oats 1,609438 0,000201
obedience 0,494296 0,000062
obedient 0,544727 0,000068
obey 0,223144 0,000056
object 0,105361 0,000026
objection 0,400478 0,000100
oblation 2,207275 0,000275
obligation 0,597837 0,000149
oblige 0,210721 0,000105
obliterate 1,469676 0,000183
obnoxious 1,514128 0,000189
obscure 0,478036 0,000060
obscurity 0,967584 0,000121
obsequiousness 2,995732 0,000373
observation 0,446287 0,000056
observations 0,867501 0,000108
observe 0,094311 0,000047
observer 0,820981 0,000102
obsolete 0,446287 0,000056
obstacle 0,510826 0,000127
obstinately 1,272966 0,000159
obstruct 1,309333 0,000653
obstruction 1,609438 0,000401
obviate 1,897120 0,000236
obvious 0,415515 0,000052
occasion 0,105361 0,000053
occasional 0,510826 0,000064
occasionally 0,371064 0,000046
occupancy 2,995732 0,000373
occupation 0,371064 0,000092
occupier 3,218876 0,000401
occupy 0,174353 0,000065
occur 0,083382 0,000042
ocean 0,415515 0,000052
october 0,653926 0,000081
odious 0,941609 0,000117
odium 2,525729 0,000315
oecumenical 3,912023 0,000487
offal 2,120264 0,000264
offence 0,527633 0,000131
offend 0,798508 0,000199
offender 1,386294 0,000345
offensive 0,693147 0,000086
offer 0,020203 0,000010
office 0,072571 0,000018
officer 0,314711 0,000078
officiate 2,040221 0,000254
offspring 0,994252 0,000124
oft 1,347074 0,000168
oil 0,446287 0,000056
olive 0,994252 0,000124
olympic 2,995732 0,000373
onion 1,203973 0,000150
ontology 3,506558 0,000437
openly 0,494296 0,000062
opera 1,139434 0,000142
operate 0,916291 0,000342
operation 0,478036 0,000119
opinion 0,105361 0,000026
opium 1,609438 0,000201
opportunity 0,061875 0,000015
oppose 0,579818 0,000217
opposed 0,653926 0,000081
opposition 0,494296 0,000062
oppress 1,309333 0,000489
oppressed 0,693147 0,000086
oppression 0,916291 0,000114
oppressive 1,171183 0,000146
oppressor 1,771957 0,000221
option 1,966113 0,000245
optional 3,218876 0,000401
opulence 2,120264 0,000264
opulent 2,120264 0,000264
orange 0,776529 0,000194
orator 1,171183 0,000292
ordain 0,891598 0,000222
orderly 0,941609 0,000117
ordinance 1,514128 0,000189
ordinary 0,186330 0,000023
ordure 2,659260 0,000331
ore 1,832581 0,000228
origin 0,527633 0,000066
original 0,105361 0,000026
originally 0,673345 0,000084
orleans 1,966113 0,000245
ornament 0,527633 0,000131
ornamental 1,386294 0,000173
ornamentally 3,912023 0,000487
ornamented 1,171183 0,000146
orphan 0,798508 0,000099
orthodox 1,386294 0,000173
orthodoxy 2,407946 0,000300
ortolan 2,995732 0,000373
ostentation 1,832581 0,000228
ostentatious 2,120264 0,000264
ounce 1,427116 0,000356
oust 2,813411 0,000351
outer 0,510826 0,000064
outfit 1,171183 0,000146
outgoing 2,525729 0,000315
outline 0,579818 0,000072
outport 3,912023 0,000487
outrage 0,891598 0,000111
outrun 2,207275 0,000275
outward 0,579818 0,000072
outwards 1,832581 0,000228
oven 1,386294 0,000173
overawe 2,120264 0,000528
overbalance 2,302585 0,000861
overboard 1,347074 0,000168
overburden 3,506558 0,000437
overburdened 2,407946 0,000300
overcharge 2,120264 0,000528
overdo 1,966113 0,000245
overdrawn 2,659260 0,000331
overflow 0,616186 0,000230
overgrown 1,660731 0,000207
overgrowth 3,218876 0,000401
overlook 0,527633 0,000066
overpay 3,912023 0,000975
overrate 2,525729 0,000315
overrun 1,469676 0,000183
oversee 2,040221 0,000508
overseer 1,897120 0,000473
overstock 3,218876 0,001203
overturn 0,994252 0,000248
overvalue 3,912023 0,000487
overwork 1,897120 0,000236
owe 0,105361 0,000039
owner 0,083382 0,000021
ox 0,941609 0,000117
oxen 1,427116 0,000178
oxford 1,272966 0,000159
pace 0,186330 0,000023
pacification 2,995732 0,000373
pack 0,579818 0,000144
package 1,560648 0,000389
packed 0,616186 0,000077
packer 2,525729 0,000315
packet 1,237874 0,000154
pageantry 3,218876 0,000401
pain 0,051293 0,000013
painful 0,328504 0,000041
paint 0,274437 0,000068
painter 0,755023 0,000094
painting 0,713350 0,000089
pair 0,210721 0,000053
palace 0,494296 0,000123
palliate 2,995732 0,000373
palliative 3,506558 0,000437
palpable 1,469676 0,000183
paltry 1,203973 0,000150
pampered 1,897120 0,000236
pamphlet 1,514128 0,000377
pan 0,755023 0,000094
pannonian 3,506558 0,000437
papal 2,120264 0,000264
paper 0,083382 0,000010
par 1,347074 0,000168
parade 0,994252 0,000124
paradox 1,514128 0,000377
paradoxical 2,207275 0,000275
paragraph 0,328504 0,000041
paraguay 3,218876 0,000401
parcel 0,867501 0,000324
parchment 1,714798 0,000214
pardon 0,287682 0,000072
parent 0,261365 0,000033
parental 1,514128 0,000189
paris 0,562119 0,000070
parish 0,916291 0,000228
parity 2,995732 0,000373
park 0,713350 0,000178
parliament 1,021651 0,000255
parliamentary 2,120264 0,000264
parma 2,525729 0,000315
parochial 2,813411 0,000351
parsimonious 2,995732 0,000373
parsimony 2,120264 0,000264
parson 1,514128 0,000189
partake 1,021651 0,000127
parthian 2,407946 0,000300
partial 0,733969 0,000091
partiality 1,427116 0,000178
partially 0,967584 0,000121
particle 0,967584 0,000121
particulars 0,776529 0,000097
partition 1,139434 0,000142
partly 0,301105 0,000038
partner 0,510826 0,000127
partook 1,560648 0,000194
party 0,030459 0,000008
pass 0,020203 0,000008
passage 0,105361 0,000013
passenger 0,653926 0,000081
passing 0,094311 0,000012
passion 0,174353 0,000043
passionate 0,634878 0,000079
pastime 1,171183 0,000292
pastor 1,514128 0,000377
pasture 1,108663 0,000553
patent 0,941609 0,000117
paternal 1,171183 0,000146
patience 0,139262 0,000017
patiently 0,733969 0,000091
patrimony 2,040221 0,000254
patron 0,776529 0,000194
patronage 1,272966 0,000159
pattern 0,597837 0,000074
pave 1,514128 0,000189
paved 1,108663 0,000138
pawn 1,660731 0,000207
pay 0,030459 0,000015
payable 2,407946 0,000300
payment 0,274437 0,000068
peace 0,094311 0,000012
peaceable 1,347074 0,000168
peage 3,912023 0,000487
pearl 0,820981 0,000102
peasant 0,798508 0,000099
pease 3,912023 0,000487
pebble 1,108663 0,000138
peck 1,560648 0,000389
peculiar 0,223144 0,000028
peculiarly 0,755023 0,000094
pecuniary 1,386294 0,000173
pedagogue 2,407946 0,000300
pedantic 1,660731 0,000207
pedlar 2,120264 0,000528
peer 0,616186 0,000077
pekin 2,995732 0,000373
pelham 3,912023 0,000487
peloponnesian 2,995732 0,000373
peltry 3,506558 0,000437
penalty 0,820981 0,000205
penance 1,514128 0,000189
penelope 2,659260 0,000331
penetrate 0,415515 0,000052
pennsylvania 2,302585 0,000287
penny 0,634878 0,000237
pennyworth 2,525729 0,000629
pension 1,714798 0,000427
peopled 1,514128 0,000189
perceive 0,198451 0,000025
percent 2,995732 0,000373
perceptible 1,171183 0,000146
perfect 0,061875 0,000023
perfection 0,446287 0,000056
perfectly 0,162519 0,000020
perform 0,072571 0,000036
performance 0,127833 0,000016
perilous 0,798508 0,000099
period 0,235722 0,000059
periodical 1,514128 0,000189
perish 0,462035 0,000230
perishable 2,120264 0,000264
permanency 2,407946 0,000300
permanent 0,223144 0,000028
permission 0,150823 0,000019
permit 0,094311 0,000035
pernicious 1,560648 0,000194
perpetration 2,813411 0,000351
perpetual 0,478036 0,000060
perpetuate 2,040221 0,000508
perpetuity 2,525729 0,000315
perquisite 2,813411 0,000701
persecute 0,994252 0,000372
persecution 1,108663 0,000138
perseverance 1,108663 0,000138
persia 1,966113 0,000245
persian 1,139434 0,000142
person -0,009950 -0,000004
personal 0,223144 0,000028
perspicuous 2,407946 0,000300
persuade 0,223144 0,000083
persuasion 0,891598 0,000111
peru 2,207275 0,000275
peruvian 2,813411 0,000351
perversion 2,207275 0,000275
pervert 1,897120 0,000473
peter 0,798508 0,000099
petition 0,941609 0,000352
petty 0,776529 0,000097
pewter 2,120264 0,000264
phenomenon 0,820981 0,000102
philadelphia 2,120264 0,000264
philip 1,237874 0,000154
philosophe 2,995732 0,000373
philosopher 0,673345 0,000168
philosophical 1,049822 0,000131
philosophy 0,597837 0,000074
phoenicians 2,525729 0,000315
physic 1,714798 0,000214
physician 0,693147 0,000086
physicians 1,272966 0,000159
physics 1,897120 0,000236
piastre 3,218876 0,000802
pick 0,223144 0,000028
picking 0,634878 0,000079
picture 0,139262 0,000017
piddle 3,218876 0,000401
piece 0,020203 0,000005
piedmont 2,995732 0,000373
piety 1,078810 0,000134
pig 0,544727 0,000136
pile 0,328504 0,000041
pillage 1,514128 0,000189
pillar 0,597837 0,000074
pillory 2,995732 0,000373
pillow 0,544727 0,000068
pilot 1,021651 0,000127
pimento 3,912023 0,000487
pin 0,478036 0,000119
pint 1,309333 0,000163
pious 0,733969 0,000091
pipe 0,385662 0,000096
pirate 1,108663 0,000138
pisa 2,407946 0,000300
piston 2,813411 0,000351
pit 0,597837 0,000074
pitch 0,261365 0,000033
pius 2,407946 0,000300
plague 0,673345 0,000084
plain 0,040822 0,000010
plainly 0,261365 0,000033
plains 0,967584 0,000121
plaintiff 2,407946 0,000300
plan 0,198451 0,000074
plant 0,186330 0,000070
plantation 1,237874 0,000308
planter 2,302585 0,000574
planting 1,560648 0,000194
plate 0,314711 0,000078
plating 2,995732 0,000373
plato 1,237874 0,000154
plausible 1,078810 0,000134
play 0,040822 0,000010
player 0,713350 0,000089
plaything 1,386294 0,000173
plea 1,049822 0,000131
plead 0,400478 0,000050
pleased 0,150823 0,000019
pleasure 0,051293 0,000013
pledge 0,634878 0,000237
plenipotentiary 2,995732 0,000373
plentiful 1,049822 0,000131
plentifully 1,660731 0,000207
plenty 0,235722 0,000029
pliny 2,659260 0,000331
plod 1,714798 0,000214
plough 0,941609 0,000469
ploughman 3,218876 0,000401
ploughmen 3,218876 0,000401
plumage 1,771957 0,000221
plunder 0,994252 0,000372
plunderer 2,813411 0,000351
plutarch 1,966113 0,000245
plymouth 2,407946 0,000300
pneumatic 3,218876 0,000401
pneumatology 3,912023 0,000487
poacher 2,207275 0,000550
pocket 0,371064 0,000092
poet 0,544727 0,000068
poetry 0,693147 0,000086
poison 0,371064 0,000046
poland 1,832581 0,000228
police 0,755023 0,000094
policy 0,820981 0,000102
politic 2,207275 0,000275
political 0,562119 0,000070
politician 1,171183 0,000146
politics 0,713350 0,000089
poll 2,207275 0,000275
pollute 1,427116 0,000178
polo 2,995732 0,000373
pomp 0,994252 0,000124
pond 0,994252 0,000124
pondo 3,912023 0,000487
pontage 3,912023 0,000487
poor 0,020203 0,000008
poorness 3,912023 0,000487
pop 1,203973 0,000150
pope 0,941609 0,000117
poppy 2,040221 0,000254
populace 1,660731 0,000207
popular 0,430783 0,000054
popularity 1,427116 0,000178
population 0,941609 0,000117
populous 1,386294 0,000173
populousness 3,218876 0,000401
porcelain 1,771957 0,000221
pork 1,272966 0,000159
port 0,579818 0,000144
porter 0,941609 0,000235
portico 1,771957 0,000221
portion 0,301105 0,000075
porto 2,995732 0,000373
portugal 2,120264 0,000264
portuguese 1,966113 0,000245
positive 0,597837 0,000074
possess 0,061875 0,000031
possession 0,083382 0,000021
possessor 0,994252 0,000124
possibility 0,150823 0,000019
post 0,051293 0,000006
posterior 2,207275 0,000275
posterity 1,139434 0,000142
postscript 1,771957 0,000221
pot 0,478036 0,000119
potato 1,078810 0,000134
pottage 3,218876 0,000401
poultry 1,660731 0,000207
pound 0,314711 0,000078
poundage 3,506558 0,000437
pour 0,116534 0,000029
poverty 0,446287 0,000056
powder 0,597837 0,000074
power 0,030459 0,000008
powerful 0,223144 0,000028
practicable 1,309333 0,000163
practice 0,116534 0,000029
practise 0,510826 0,000191
practitioner 2,040221 0,000508
praetor 2,995732 0,000373
pragmatic 3,912023 0,000487
praise 0,274437 0,000068
preacher 1,049822 0,000131
preamble 2,525729 0,000315
precarious 1,660731 0,000207
precaution 0,733969 0,000091
precede 0,385662 0,000144
precedency 3,218876 0,000401
precedent 1,469676 0,000183
precinct 1,427116 0,000178
precious 0,162519 0,000020
precise 0,776529 0,000097
precisely 0,510826 0,000064
precision 0,798508 0,000099
preclude 1,771957 0,000442
predecessor 1,049822 0,000131
predial 3,912023 0,000487
predilection 2,407946 0,000300
predominate 1,469676 0,000366
preface 0,713350 0,000089
prefer 0,174353 0,000087
preference 0,843970 0,000105
preferment 2,207275 0,000550
prejudice 0,579818 0,000217
prelate 2,207275 0,000275
prematurely 1,427116 0,000178
premise 0,891598 0,000111
premium 1,832581 0,000457
preparation 0,328504 0,000041
preparatory 1,309333 0,000163
prepare 0,116534 0,000044
prepared 0,105361 0,000013
preponderancy 3,912023 0,000487
preponderate 2,995732 0,000747
prepossession 2,525729 0,000315
prerogative 1,771957 0,000221
presbyterian 2,407946 0,000300
presbytery 3,506558 0,000437
prescribe 0,776529 0,000194
prescription 1,469676 0,000183
presence 0,094311 0,000012
presentation 1,386294 0,000173
presentee 3,912023 0,000487
presently 0,385662 0,000048
presentment 2,407946 0,000300
preservation 1,049822 0,000131
preserve 0,083382 0,000042
preside 0,843970 0,000105
president 1,049822 0,000131
press 0,105361 0,000013
presume 0,462035 0,000115
presumption 0,994252 0,000124
presumptuous 1,469676 0,000183
pretence 0,891598 0,000222
pretend 0,186330 0,000093
pretension 1,049822 0,000131
pretext 0,891598 0,000111
pretium 3,912023 0,000487
pretty 0,150823 0,000019
prevail 0,287682 0,000143
prevalence 1,832581 0,000228
prevalency 3,912023 0,000487
prevent 0,040822 0,000020
prevention 2,040221 0,000254
preventive 2,659260 0,000331
previous 0,094311 0,000012
prey 0,478036 0,000060
price 0,314711 0,000078
priced 2,659260 0,000331
pride 0,150823 0,000019
priest 0,616186 0,000154
prime 0,653926 0,000081
primitive 0,916291 0,000228
primogeniture 3,506558 0,000437
prince 0,462035 0,000115
principal 0,287682 0,000036
principality 2,207275 0,000275
principally 1,108663 0,000138
principle 0,274437 0,000068
print 0,116534 0,000015
printing 1,469676 0,000183
prior 1,237874 0,000154
prison 0,248461 0,000031
private 0,198451 0,000025
privately 1,171183 0,000146
privation 1,427116 0,000178
privilege 0,527633 0,000066
privileges 1,021651 0,000127
privy 1,660731 0,000207
prize 0,494296 0,000062
prizes 1,139434 0,000142
probability 0,733969 0,000183
probable 0,494296 0,000062
probation 2,407946 0,000300
probity 2,407946 0,000300
proceed 0,116534 0,000029
proceedings 0,713350 0,000089
proceeds 0,916291 0,000114
process 0,400478 0,000050
procession 0,693147 0,000086
proclamation 1,609438 0,000201
proconsul 2,813411 0,000351
proctor 2,995732 0,000373
procure 0,415515 0,000207
prodigal 1,660731 0,000414
prodigality 2,525729 0,000315
produce 0,061875 0,000031
producer 3,218876 0,000802
product 1,108663 0,000138
production 0,274437 0,000068
productive 1,469676 0,000183
profane 1,021651 0,000127
profaneness 3,912023 0,000487
profess 0,616186 0,000230
profession 0,446287 0,000111
professor 0,261365 0,000065
proficiency 1,660731 0,000207
profit 0,083382 0,000031
profitable 0,891598 0,000111
profitableness 3,912023 0,000487
profitably 2,525729 0,000315
profligacy 2,525729 0,000315
profligate 1,966113 0,000245
profound 0,446287 0,000056
profoundly 0,994252 0,000124
profuse 1,609438 0,000201
profusion 1,347074 0,000168
progenitor 2,040221 0,000254
progress 0,162519 0,000020
progressive 1,771957 0,000221
prohibit 1,347074 0,000671
prohibition 0,415515 0,000104
project -0,009950 -0,000004
projector 2,525729 0,000629
prolongation 2,813411 0,000351
prolonged 0,597837 0,000074
promise 0,051293 0,000019
promissory 2,813411 0,000351
promote 0,274437 0,000103
promoted 1,237874 0,000154
promoter 2,995732 0,000373
prompt 0,478036 0,000179
pronounced 0,446287 0,000056
proof 0,274437 0,000068
propagate 1,771957 0,000442
propagation 2,040221 0,000254
propensity 1,347074 0,000168
proper 0,061875 0,000008
properest 2,659260 0,000331
properly 0,385662 0,000048
property 0,127833 0,000016
proportion 0,235722 0,000117
proportionable 2,813411 0,000351
proportionably 2,813411 0,000351
proportional 3,218876 0,000401
proportionally 2,995732 0,000373
proportionate 1,771957 0,000221
proposal 0,733969 0,000183
propose 0,186330 0,000093
proposer 3,218876 0,000401
proposition 0,820981 0,000102
proprietor 0,967584 0,000241
propriety 0,843970 0,000105
proscribe 2,207275 0,000275
prosecute 1,078810 0,000134
prosecution 1,203973 0,000300
proselyte 2,995732 0,000373
prospect 0,430783 0,000054
prosper 1,171183 0,000292
prosperity 0,820981 0,000102
prosperous 0,891598 0,000111
prostitution 2,525729 0,000315
protect 0,139262 0,000069
protection 0,314711 0,000039
protector 1,139434 0,000284
protest 0,342490 0,000043
protestant 1,514128 0,000377
protestation 1,560648 0,000194
prove 0,083382 0,000021
provence 2,659260 0,000331
proverb 1,108663 0,000138
proverbial 1,771957 0,000221
proverbs 1,897120 0,000236
provide 0,127833 0,000032
provident 2,407946 0,000300
province 0,776529 0,000194
provincial 1,203973 0,000150
provision 0,094311 0,000024
provocation 1,049822 0,000131
provoke 0,510826 0,000191
proximity 1,609438 0,000201
prudence 0,713350 0,000089
prudent 0,616186 0,000077
prudential 2,407946 0,000300
prudently 1,514128 0,000189
prussia 2,207275 0,000275
prussian 2,207275 0,000550
public 0,083382 0,000010
publican 2,407946 0,000300
publication 1,049822 0,000262
publicly 0,994252 0,000124
publish 0,478036 0,000060
publishing 1,771957 0,000221
pull 0,127833 0,000016
pulse 0,733969 0,000091
punctilious 2,207275 0,000275
punctual 1,309333 0,000163
punic 2,525729 0,000315
punish 0,314711 0,000078
punishment 0,287682 0,000072
pupil 0,579818 0,000144
puppet 1,771957 0,000221
puppy 1,386294 0,000345
purchase 0,400478 0,000200
purchaser 1,609438 0,000401
pure 0,139262 0,000017
puritans 2,525729 0,000315
purpose 0,040822 0,000010
pursuance 2,302585 0,000287
pursue 0,186330 0,000070
pursuit 0,287682 0,000072
purveyance 3,912023 0,000487
purveyor 2,040221 0,000254
pusillanimity 2,813411 0,000351
putrid 2,302585 0,000287
pythagoras 2,407946 0,000300
qr 3,912023 0,000487
quadruped 2,302585 0,000287
quadruple 3,218876 0,000401
quakers 2,813411 0,000351
qualification 1,386294 0,000345
qualified 0,967584 0,000121
qualify 1,560648 0,000194
quality 0,186330 0,000046
quantity 0,478036 0,000119
quarrel 0,287682 0,000036
quarry 1,171183 0,000146
quart 1,714798 0,000214
quarter 0,105361 0,000039
quarto 2,040221 0,000254
queen 0,415515 0,000052
quest 0,776529 0,000097
question 0,020203 0,000005
qui 1,469676 0,000183
quick 0,127833 0,000032
quicken 0,798508 0,000199
quiet 0,094311 0,000012
quintal 3,912023 0,000487
quire 2,407946 0,000300
quit 0,462035 0,000173
quito 3,506558 0,000437
rabbit 0,994252 0,000124
rabble 1,771957 0,000221
race 0,162519 0,000020
rack 0,673345 0,000084
raffle 2,995732 0,000373
rag 0,693147 0,000086
rage 0,139262 0,000017
rain 0,150823 0,000019
raise 0,020203 0,000010
ralph 2,525729 0,000315
ram 0,994252 0,000124
random 0,967584 0,000121
range 0,328504 0,000041
rank 0,223144 0,000083
rapacity 2,407946 0,000300
rapid 0,371064 0,000046
rapidity 0,820981 0,000102
rapidly 0,371064 0,000046
rapine 1,832581 0,000228
rare 0,261365 0,000065
rarely 0,527633 0,000066
rarity 1,609438 0,000401
rash 0,891598 0,000111
rashly 1,560648 0,000194
rashness 1,771957 0,000221
rat 0,867501 0,000108
rate 0,261365 0,000098
ratification 2,525729 0,000315
ratify 1,966113 0,000245
rating 2,659260 0,000331
rational 0,867501 0,000108
ravage 1,560648 0,000194
raw 0,713350 0,000089
reach 0,000000 0,000000
read 0,020203 0,000008
reader 0,301105 0,000038
readiness 0,634878 0,000079
ready 0,030459 0,000011
real 0,040822 0,000010
reality 0,301105 0,000038
realize 0,693147 0,000259
realm 0,867501 0,000108
reams 3,506558 0,000437
reap 0,673345 0,000168
reaper 1,966113 0,000245
rear 0,371064 0,000139
reason 0,010050 0,000003
reasonable 0,116534 0,000015
reasoning 0,713350 0,000178
rebel 0,733969 0,000091
rebellion 0,941609 0,000235
rebellious 1,049822 0,000131
rebuild 1,427116 0,000356
recall 0,235722 0,000029
receipt 0,261365 0,000065
receive 0,040822 0,000020
receiver 1,832581 0,000228
recency 3,912023 0,000487
reception 0,693147 0,000086
reciprocal 1,897120 0,000236
reckon 0,385662 0,000096
reckoning 0,843970 0,000105
recline 1,108663 0,000138
recoin 3,912023 0,000487
recoinage 3,912023 0,000487
recollect 0,562119 0,000070
recommend 0,400478 0,000150
recompence 2,813411 0,000351
recompense 1,139434 0,000426
reconnoiter 3,218876 0,000401
reconsider 2,040221 0,000254
record 0,223144 0,000111
recourse 1,171183 0,000146
recover 0,127833 0,000064
recovery 0,616186 0,000077
recruiting 1,897120 0,000236
rector 1,966113 0,000245
recur 0,941609 0,000117
redeem 0,776529 0,000194
redeemable 3,912023 0,000487
redemption 1,272966 0,000159
redraw 3,912023 0,000975
redrawer 3,912023 0,000487
redrawing 3,912023 0,000487
redress 1,560648 0,000194
redrew 3,912023 0,000487
reduce 0,314711 0,000157
reducible 3,506558 0,000437
reduction 1,514128 0,000377
redundancy 2,813411 0,000351
redundant 2,302585 0,000287
reed 0,941609 0,000117
reel 0,820981 0,000102
refer 0,223144 0,000056
reference 0,198451 0,000025
refine 0,755023 0,000188
refinement 1,049822 0,000131
refinery 3,912023 0,000487
refining 2,659260 0,000331
reflection 0,274437 0,000068
reform 0,891598 0,000222
reformation 1,560648 0,000194
reformer 1,771957 0,000221
refractory 1,771957 0,000221
refrain 0,597837 0,000074
refuge 0,446287 0,000056
refuse 0,083382 0,000031
regality 3,506558 0,000437
regard 0,083382 0,000021
regent 1,660731 0,000207
regimen 2,525729 0,000629
regiment 0,967584 0,000241
regimented 3,506558 0,000437
region 0,462035 0,000058
register 0,287682 0,000108
registration 2,813411 0,000351
regular 0,287682 0,000036
regularity 1,021651 0,000127
regularly 0,616186 0,000077
regulate 0,210721 0,000105
regulation 1,469676 0,000183
regulations 1,237874 0,000154
reign 0,430783 0,000161
reimburse 3,912023 0,000487
reimpose 3,912023 0,000487
reinstate 2,120264 0,000264
reject 0,478036 0,000179
relate 0,415515 0,000155
relation 0,223144 0,000056
relative 0,462035 0,000058
relax 1,108663 0,000276
relaxation 1,771957 0,000221
relaxed 0,994252 0,000124
release 0,105361 0,000013
relief 0,186330 0,000023
relieve 0,198451 0,000074
reliever 3,506558 0,000437
religion 0,415515 0,000104
religious 0,446287 0,000056
relish 0,916291 0,000228
reluctance 1,049822 0,000131
remain 0,040822 0,000015
remainder 0,597837 0,000074
remains 0,150823 0,000019
remark 0,223144 0,000083
remarkable 0,235722 0,000029
remarkably 0,733969 0,000091
remarks 0,462035 0,000058
remedy 0,150823 0,000075
remember 0,030459 0,000008
remittance 2,407946 0,000600
remnant 1,049822 0,000131
remonstrance 1,171183 0,000146
remonstrate 1,386294 0,000173
remorse 0,755023 0,000094
remote 0,478036 0,000179
remoteness 2,207275 0,000275
remount 1,966113 0,000245
removable 3,506558 0,000437
removal 1,171183 0,000146
remove 0,040822 0,000020
render 0,186330 0,000093
renew 0,314711 0,000118
renewal 1,514128 0,000189
renowned 1,171183 0,000146
rent 0,510826 0,000255
rental 2,525729 0,000315
repack 3,912023 0,000975
repair 0,342490 0,000171
reparation 1,832581 0,000228
repay 0,673345 0,000336
repayment 2,813411 0,000701
repeal 2,207275 0,000825
repeat 0,051293 0,000006
repel 0,967584 0,000482
repent 0,634878 0,000158
repetition 0,713350 0,000089
replace 0,198451 0,000099
replenish 1,203973 0,000450
reply 0,105361 0,000026
report 0,051293 0,000019
repose 0,494296 0,000123
reposing 1,771957 0,000221
repository 2,813411 0,000351
represent 0,210721 0,000105
representation 0,261365 0,000065
representative 0,820981 0,000205
reproach 0,301105 0,000075
reproduce 1,078810 0,000538
reproduction 2,302585 0,000287
republic 1,386294 0,000345
republican 1,514128 0,000189
repurchase 3,912023 0,000487
reputable 2,525729 0,000315
reputation 0,342490 0,000085
repute 1,108663 0,000276
request 0,105361 0,000013
require 0,051293 0,000019
required 0,083382 0,000010
requisite 1,078810 0,000269
requisition 1,966113 0,000490
rescind 2,995732 0,000373
resemblance 0,713350 0,000089
resemble 0,400478 0,000150
resentment 0,798508 0,000099
reservation 1,609438 0,000201
reserve 0,400478 0,000150
reside 0,713350 0,000356
residence 0,653926 0,000081
resident 1,203973 0,000150
residue 2,207275 0,000275
resist 0,274437 0,000103
resistance 0,430783 0,000054
resolution 0,385662 0,000096
resolve 0,287682 0,000108
resort 0,733969 0,000183
resource 0,544727 0,000136
respect 0,040822 0,000010
respectable 0,430783 0,000054
respectful 0,755023 0,000094
respective 1,171183 0,000146
respects 0,527633 0,000066
respectum 3,912023 0,000487
responsible 0,693147 0,000086
rest 0,010050 0,000003
restoration 1,272966 0,000159
restore 0,223144 0,000111
restrain 0,579818 0,000217
restrained 0,776529 0,000097
restraint 0,713350 0,000178
restrict 1,427116 0,000533
restriction 0,371064 0,000092
result 0,174353 0,000022
resume 0,301105 0,000038
retail 2,207275 0,000550
retailer 2,813411 0,000701
retain 0,235722 0,000088
retainer 1,966113 0,000490
retaliate 1,560648 0,000194
retaliation 1,609438 0,000401
retard 1,832581 0,000685
retarded 1,832581 0,000228
retinue 1,714798 0,000214
retire 0,415515 0,000155
retired 0,342490 0,000043
retribution 1,714798 0,000214
retrograde 1,897120 0,000236
return 0,010050 0,000005
revenge 0,462035 0,000115
revenue 0,342490 0,000085
revere 1,427116 0,000178
reverence 0,579818 0,000072
reverend 1,272966 0,000159
reverse 0,527633 0,000066
reversed 1,171183 0,000146
review 0,693147 0,000173
revive 0,510826 0,000127
revoke 2,302585 0,000287
revolt 0,967584 0,000241
revolution 0,634878 0,000158
revulsion 1,609438 0,000201
reward 0,174353 0,000065
rhetoric 1,560648 0,000194
rhetorician 2,207275 0,000275
rhine 1,609438 0,000201
rice 1,469676 0,000183
rich 0,116534 0,000044
riches 0,798508 0,000099
richness 1,469676 0,000183
rid 0,223144 0,000028
ride 0,261365 0,000033
ridge 0,891598 0,000111
ridicule 0,994252 0,000124
ridiculous 0,478036 0,000060
riga 3,506558 0,000437
rightly 0,430783 0,000054
rigorous 1,560648 0,000194
rigorously 1,966113 0,000245
rigour 1,832581 0,000228
ringleader 2,525729 0,000315
ripe 0,820981 0,000102
rise 0,030459 0,000019
risk 0,301105 0,000075
rival 0,494296 0,000185
rivalship 3,218876 0,000401
river 0,174353 0,000022
rivers 0,713350 0,000089
rivet 1,309333 0,000163
riviere 3,912023 0,000487
rivulet 1,660731 0,000207
rix 3,912023 0,000487
road 0,116534 0,000029
robbery 1,021651 0,000127
robert 1,078810 0,000134
rock 0,186330 0,000046
rod 0,616186 0,000077
rom 2,995732 0,000373
roman 0,713350 0,000178
romantic 0,891598 0,000111
rome 0,713350 0,000089
roof 0,186330 0,000023
root 0,235722 0,000029
rope 0,430783 0,000054
rot 0,798508 0,000099
rotation 2,659260 0,000331
rouen 2,525729 0,000315
rouge 1,897120 0,000236
rough 0,186330 0,000023
routine 1,237874 0,000154
royal 0,400478 0,000050
rub 0,342490 0,000043
rude 0,342490 0,000085
ruder 2,302585 0,000287
rudiment 1,560648 0,000194
ruffle 0,941609 0,000117
rufus 2,525729 0,000315
ruin 0,116534 0,000058
ruinous 1,386294 0,000173
rule 0,030459 0,000008
ruler 0,891598 0,000111
rum 1,309333 0,000163
running 0,967584 0,000121
rupture 1,771957 0,000221
rural 1,771957 0,000221
rush 0,127833 0,000016
russia 1,309333 0,000163
russian 1,237874 0,000154
rust 1,171183 0,000146
rustic 1,078810 0,000134
rye 2,120264 0,000264
sacred 0,415515 0,000052
sacrifice 0,210721 0,000079
sacrilege 1,832581 0,000228
sacrilegious 2,302585 0,000287
safe 0,116534 0,000044
safely 0,371064 0,000046
safety 0,356675 0,000044
sagacity 1,139434 0,000142
sage 0,820981 0,000102
sail 0,415515 0,000104
sailing 0,653926 0,000081
sailor 0,544727 0,000136
sake 0,083382 0,000010
salary 1,171183 0,000292
sale 0,776529 0,000194
sallee 3,506558 0,000437
salmon 1,660731 0,000207
salt 0,105361 0,000026
saltmaker 3,912023 0,000487
saltpetre 3,506558 0,000437
sanctify 1,386294 0,000173
sanction 1,237874 0,000154
sanctity 1,347074 0,000168
sanctuary 1,237874 0,000154
sand 0,494296 0,000062
sandy 1,049822 0,000131
sanguinary 2,040221 0,000254
santa 1,771957 0,000221
saracens 2,813411 0,000351
sardinia 2,525729 0,000315
satisfaction 0,186330 0,000023
satisfactory 0,562119 0,000070
satisfy 0,061875 0,000031
saunter 1,309333 0,000326
savage 0,248461 0,000062
save 0,010050 0,000005
savings 1,714798 0,000214
savoy 2,813411 0,000351
saxon 1,514128 0,000377
scale 0,274437 0,000034
scandal 0,843970 0,000105
scandinavian 2,659260 0,000331
scantily 2,525729 0,000315
scantiness 2,407946 0,000300
scanty 0,941609 0,000235
scarce 0,653926 0,000163
scarcely 0,301105 0,000038
scarcity 1,771957 0,000221
scarlet 0,798508 0,000099
scattered 0,139262 0,000017
scene 0,127833 0,000016
scheme 0,462035 0,000115
schism 2,207275 0,000275
scholar 0,579818 0,000144
scholarship 2,525729 0,000315
school 0,150823 0,000038
schoolmaster 1,272966 0,000159
science 0,415515 0,000104
scorched 1,386294 0,000173
score 0,446287 0,000056
scotch 1,309333 0,000163
scotia 3,218876 0,000401
scotland 1,347074 0,000168
scots 2,207275 0,000275
scramble 0,941609 0,000117
scribbler 2,995732 0,000373
scriptures 1,609438 0,000201
scruple 0,941609 0,000117
scrupulous 1,139434 0,000142
scrutiny 1,237874 0,000154
sculptor 1,660731 0,000207
scythian 2,813411 0,000351
sea 0,116534 0,000015
seal 0,371064 0,000046
seaman 1,203973 0,000150
search 0,040822 0,000005
seas 0,916291 0,000114
season 0,235722 0,000059
seat 0,051293 0,000013
secrecy 0,798508 0,000099
secret 0,051293 0,000013
secretary 0,820981 0,000102
secretly 0,597837 0,000074
sect 1,021651 0,000255
sectary 2,813411 0,000351
secular 1,966113 0,000245
secundum 2,813411 0,000351
secure 0,061875 0,000031
security 0,478036 0,000119
sedition 2,120264 0,000264
seditious 2,120264 0,000264
seed 0,510826 0,000127
seedtime 3,218876 0,000401
seek 0,083382 0,000042
seemingly 0,967584 0,000121
seige 3,218876 0,000401
seigneurage 3,912023 0,000487
seignorage 3,912023 0,000487
seize 0,116534 0,000029
seizure 1,714798 0,000214
seldom 0,301105 0,000038
seldomer 3,506558 0,000437
select 0,301105 0,000038
selfish 0,798508 0,000099
sell 0,210721 0,000105
seller 1,514128 0,000377
senate 1,660731 0,000207
send 0,020203 0,000008
senega 3,912023 0,000487
senegal 2,995732 0,000373
sense 0,051293 0,000006
sensibly 1,139434 0,000142
sentiment 0,356675 0,000089
separate 0,094311 0,000035
separately 1,108663 0,000138
separation 0,755023 0,000094
september 0,673345 0,000084
septier 3,912023 0,000487
serjeant 2,995732 0,000747
servant 0,105361 0,000026
serve 0,051293 0,000026
service 0,072571 0,000018
serviceable 1,237874 0,000154
servile 1,309333 0,000163
servitude 1,272966 0,000159
servius 2,813411 0,000351
session 1,560648 0,000389
sestertius 3,912023 0,000487
set 0,010050 0,000004
settle 0,083382 0,000031
settlement 0,994252 0,000248
settler 2,120264 0,000264
sevenpence 3,506558 0,000437
seventeen 0,693147 0,000086
seventeenth 1,427116 0,000178
seventh 0,562119 0,000070
severally 2,040221 0,000254
severe 0,301105 0,000075
severely 0,634878 0,000079
severity 0,798508 0,000099
sew 0,994252 0,000248
sex 0,462035 0,000115
seymour 3,506558 0,000437
shaft 0,713350 0,000089
shake 0,072571 0,000009
sham 1,560648 0,000194
shape 0,150823 0,000038
share 0,030459 0,000015
sharp 0,139262 0,000017
sharpen 1,386294 0,000173
shearing 2,525729 0,000315
shears 2,207275 0,000275
sheep 0,371064 0,000046
sheet 0,314711 0,000039
sheffield 2,995732 0,000373
shekel 2,995732 0,000373
shelter 0,301105 0,000038
shepherd 0,843970 0,000210
sheriff 2,040221 0,000254
shetland 2,813411 0,000351
shew 2,120264 0,000793
shift 0,510826 0,000064
shifting 0,891598 0,000111
shilling 0,967584 0,000241
ship 0,198451 0,000049
shipping 1,309333 0,000163
shirt 0,527633 0,000066
shocking 1,139434 0,000142
shoe 0,314711 0,000078
shoemaker 1,771957 0,000442
shop 0,494296 0,000062
shopkeep 3,912023 0,000487
shopkeeper 1,660731 0,000414
shops 0,843970 0,000105
shore 0,287682 0,000072
short 0,020203 0,000008
shortness 1,660731 0,000207
shot 0,223144 0,000028
shred 1,108663 0,000138
shroff 3,912023 0,000487
shropshire 3,218876 0,000401
shun 0,994252 0,000372
shut 0,051293 0,000006
siam 2,813411 0,000351
siberia 1,966113 0,000245
sic 2,120264 0,000264
sicilian 1,897120 0,000236
sicily 1,714798 0,000214
sick 0,150823 0,000019
sickness 0,478036 0,000060
siege 0,941609 0,000117
sight 0,040822 0,000005
sighted 0,733969 0,000091
sign 0,051293 0,000006
signal 0,462035 0,000058
signalize 2,813411 0,000351
signification 1,660731 0,000207
signify 0,634878 0,000237
silence 0,051293 0,000006
silent 0,051293 0,000006
silently 0,544727 0,000068
silesia 3,218876 0,000401
silk 0,478036 0,000119
silly 0,400478 0,000050
silver 0,210721 0,000026
simple 0,094311 0,000035
simplicity 0,527633 0,000066
simply 0,150823 0,000019
sin 0,314711 0,000039
sincerity 0,653926 0,000081
sinew 1,427116 0,000178
singer 1,049822 0,000131
single 0,083382 0,000010
singly 1,139434 0,000142
singular 0,430783 0,000054
singularity 1,966113 0,000245
sink 0,072571 0,000036
sir 0,150823 0,000019
sister 0,223144 0,000028
sit 0,010050 0,000003
situated 0,733969 0,000091
situation 0,198451 0,000049
sixpence 1,469676 0,000366
sixteen 0,653926 0,000081
sixteenth 1,171183 0,000146
sixth 0,446287 0,000056
size 0,223144 0,000028
sketch 0,653926 0,000081
skilful 0,967584 0,000121
skilfully 1,660731 0,000207
skill 0,287682 0,000036
skilled 1,272966 0,000159
skim 1,347074 0,000168
skin 0,174353 0,000043
skirmish 1,469676 0,000183
slackened 1,203973 0,000150
slave 0,356675 0,000089
slavery 0,798508 0,000099
sleep 0,051293 0,000006
slender 0,693147 0,000086
slight 0,072571 0,000018
slip 0,150823 0,000019
slipper 0,916291 0,000114
slit 1,237874 0,000154
sloth 1,347074 0,000168
slothful 1,897120 0,000236
slovenly 2,040221 0,000254
slow 0,139262 0,000052
slowly 0,150823 0,000019
slowness 1,514128 0,000189
smallness 1,660731 0,000207
smattering 2,813411 0,000351
smelting 3,506558 0,000437
smith 0,820981 0,000205
smoke 0,186330 0,000023
smoother 3,912023 0,000487
smoothness 1,897120 0,000236
smuggle 2,040221 0,000508
smuggler 2,407946 0,000600
smuggling 2,659260 0,000331
sneak 1,237874 0,000154
snuff 1,171183 0,000146
soap 1,272966 0,000159
sober 0,562119 0,000140
sobriety 1,771957 0,000221
soccage 3,912023 0,000487
social 0,371064 0,000046
society 0,210721 0,000053
soever 1,966113 0,000245
soften 0,494296 0,000123
soil 0,478036 0,000119
soldier 0,415515 0,000104
sole 0,301105 0,000038
solely 0,733969 0,000091
solemn 0,301105 0,000038
solemnity 0,843970 0,000105
solicit 0,314711 0,000039
solicitation 0,430783 0,000054
solid 0,274437 0,000034
solomon 1,203973 0,000150
solon 2,525729 0,000315
son 0,083382 0,000021
sooner 1,309333 0,000163
sophism 2,659260 0,000331
sophist 2,302585 0,000287
sophistical 2,813411 0,000351
sophistry 2,525729 0,000315
sordid 1,139434 0,000142
sort 0,072571 0,000018
sorter 2,659260 0,000331
sou 2,525729 0,000315
soul 0,083382 0,000021
source 0,274437 0,000068
sous 2,207275 0,000275
south 0,235722 0,000029
southern 0,579818 0,000072
sovereign 0,733969 0,000183
sovereignty 1,771957 0,000221
sow 0,579818 0,000217
sower 2,995732 0,000373
space 0,105361 0,000013
spacious 0,916291 0,000114
spade 1,139434 0,000142
spain 0,994252 0,000124
spaniard 1,832581 0,000228
spaniards 1,514128 0,000189
spaniel 2,525729 0,000315
spanish 0,733969 0,000091
spare 0,116534 0,000044
sparingly 2,120264 0,000264
spartan 1,609438 0,000201
speak 0,030459 0,000004
speaking 0,072571 0,000009
special 0,083382 0,000010
species 0,634878 0,000079
specific 0,820981 0,000102
spectator 0,544727 0,000068
speculation 0,755023 0,000188
speculative 1,897120 0,000236
speech 0,139262 0,000017
speedily 0,713350 0,000089
speedy 0,867501 0,000324
spend 0,051293 0,000026
spendthrift 2,302585 0,000574
sphere 0,693147 0,000086
spice 1,108663 0,000276
spicery 3,218876 0,000401
spin 0,510826 0,000191
spindle 1,966113 0,000245
spinner 3,506558 0,000874
spirit 0,051293 0,000013
spirited 0,713350 0,000089
spiritous 3,506558 0,000437
spiritual 0,653926 0,000081
spite 0,139262 0,000017
splendid 0,400478 0,000050
splendour 1,237874 0,000154
spoil 0,274437 0,000068
spontaneous 1,139434 0,000142
spontaneously 1,609438 0,000201
spot 0,150823 0,000019
spread 0,051293 0,000019
spring 0,051293 0,000013
spruce 2,040221 0,000254
square 0,223144 0,000028
squared 2,040221 0,000254
squeeze 0,798508 0,000099
squire 1,272966 0,000159
stability 2,302585 0,000287
stable 0,478036 0,000119
stack 1,272966 0,000159
stadtholdership 3,912023 0,000487
stage 0,186330 0,000046
staid 1,237874 0,000154
stain 0,478036 0,000060
stall 1,139434 0,000142
stallage 3,912023 0,000487
stamp 0,261365 0,000098
stand -0,009950 -0,000005
standard 0,544727 0,000136
stannary 3,912023 0,000487
start -0,009950 -0,000001
starve 0,562119 0,000210
stat 3,506558 0,000437
statesman 1,049822 0,000262
station 0,235722 0,000059
stationary 1,427116 0,000178
statuary 2,207275 0,000275
statue 0,634878 0,000158
statute 1,469676 0,000366
statutory 3,218876 0,000401
stay 0,061875 0,000015
stead 1,139434 0,000142
steadily 0,415515 0,000052
steadiness 1,966113 0,000245
steady 0,301105 0,000038
steal 0,105361 0,000026
steam 0,579818 0,000072
steel 0,494296 0,000062
step 0,030459 0,000004
sterling 1,560648 0,000194
steward 1,078810 0,000269
stick 0,174353 0,000043
sticks 0,733969 0,000091
stink 1,469676 0,000183
stint 1,966113 0,000245
stipend 2,407946 0,000600
stipendiary 3,506558 0,000437
stipulate 1,609438 0,000401
stipulation 2,407946 0,000300
stir 0,210721 0,000026
stirring 0,494296 0,000062
stiver 3,218876 0,000401
stock 0,235722 0,000088
stocking 0,843970 0,000105
stoic 1,966113 0,000245
stoics 2,302585 0,000287
stomach 0,616186 0,000077
stone 0,094311 0,000024
stopt 2,659260 0,000331
store 0,061875 0,000031
storehouse 1,966113 0,000245
storey 2,302585 0,000574
storm 0,274437 0,000068
story 0,030459 0,000004
straggle 1,021651 0,000127
straight 0,105361 0,000026
strain 0,248461 0,000031
strait 1,049822 0,000131
straiten 2,120264 0,000264
straits 1,427116 0,000178
strange 0,061875 0,000008
strangers 0,356675 0,000044
straw 0,342490 0,000043
stray 0,562119 0,000070
stream 0,139262 0,000017
street 0,116534 0,000029
strength 0,030459 0,000004
strengthen 0,478036 0,000119
strew 0,733969 0,000091
strict 0,186330 0,000070
strictly 0,579818 0,000072
stride 0,616186 0,000077
strike 0,020203 0,000003
string 0,371064 0,000046
stript 2,407946 0,000300
strong 0,020203 0,000008
struggle 0,127833 0,000016
strumpet 2,302585 0,000287
stuart 2,040221 0,000254
student 0,579818 0,000144
studio 1,966113 0,000245
study 0,094311 0,000047
stuff 0,223144 0,000083
stunt 1,832581 0,000457
stupid 0,478036 0,000060
stupidity 0,916291 0,000114
subdivide 2,207275 0,000550
subdivision 2,207275 0,000550
subdue 0,941609 0,000235
subdued 0,494296 0,000062
subject 0,061875 0,000031
subjoin 2,407946 0,000300
sublime 0,994252 0,000124
submission 0,776529 0,000097
submit 0,430783 0,000215
subordinate 0,967584 0,000121
subordination 2,525729 0,000315
subscribe 0,342490 0,000043
subscriber 2,207275 0,000275
subscription 1,560648 0,000389
subsequent 0,867501 0,000108
subservient 1,897120 0,000236
subsidiary 3,506558 0,000437
subsidy 2,525729 0,000629
subsist 1,347074 0,000671
subsistence 1,609438 0,000201
substance 0,415515 0,000104
substantial 0,755023 0,000094
substitute 0,713350 0,000356
substitution 1,966113 0,000490
subtlety 1,272966 0,000317
suburb 1,078810 0,000134
subversive 2,659260 0,000331
succeed 0,105361 0,000053
success 0,162519 0,000040
successful 0,478036 0,000060
succession 0,510826 0,000127
successive 0,891598 0,000111
successively 1,347074 0,000168
successor 0,916291 0,000228
sudden 0,072571 0,000009
suddenly 0,040822 0,000005
suddenness 1,469676 0,000183
sue 1,386294 0,000518
suffer 0,061875 0,000023
sufferance 2,207275 0,000275
suffering 0,210721 0,000026
sufficiency 1,966113 0,000245
sufficient 0,139262 0,000017
sugar 0,776529 0,000194
suggestion 0,356675 0,000044
suit 0,198451 0,000074
suitable 0,462035 0,000058
suitably 2,040221 0,000254
suited 0,597837 0,000074
suitor 1,347074 0,000168
sum 0,261365 0,000065
summary 1,469676 0,000183
summer 0,186330 0,000023
sumptuary 3,506558 0,000437
sumptuous 1,560648 0,000194
sun 0,072571 0,000009
sunday 0,494296 0,000062
sunt 2,302585 0,000287
superabundance 2,813411 0,000351
superabundant 3,506558 0,000437
superficial 1,108663 0,000138
superficially 2,302585 0,000287
superfine 2,813411 0,000351
superfluity 1,832581 0,000457
superfluous 0,867501 0,000108
superintend 1,347074 0,000504
superintendency 3,912023 0,000487
superior 0,261365 0,000065
superiority 0,673345 0,000084
superstition 0,798508 0,000099
superstitious 1,108663 0,000138
supplant 1,771957 0,000221
supplicate 2,302585 0,000287
supply 0,210721 0,000105
support 0,094311 0,000047
suppose 0,020203 0,000010
supposition 0,776529 0,000194
suppress 0,446287 0,000167
suppression 1,560648 0,000194
supreme 0,616186 0,000077
sur 2,040221 0,000254
surely 0,186330 0,000023
surety 2,040221 0,000254
surface 0,287682 0,000036
surinam 2,995732 0,000373
surmount 0,843970 0,000210
surmullet 3,912023 0,000487
surpass 0,755023 0,000282
surplus 1,771957 0,000221
surprise 0,150823 0,000038
surprised 0,210721 0,000026
surround 0,162519 0,000061
survey 0,462035 0,000058
survive 0,186330 0,000023
suspect 0,162519 0,000040
suspend 0,527633 0,000131
suspense 0,776529 0,000097
suspicion 0,210721 0,000053
suspicious 0,579818 0,000072
sussex 2,525729 0,000315
sustain 0,314711 0,000118
sustenance 1,469676 0,000183
swallow 0,261365 0,000033
swear 0,261365 0,000033
sweden 2,525729 0,000315
swedes 3,218876 0,000401
swedish 2,659260 0,000331
sweet 0,139262 0,000017
swell 0,186330 0,000023
swiftness 1,309333 0,000163
swiss 1,897120 0,000236
switzerland 1,714798 0,000214
sword 0,430783 0,000054
symptom 0,693147 0,000173
synonymous 0,446287 0,000056
syracuse 2,207275 0,000275
syria 2,120264 0,000264
systematical 3,506558 0,000437
systems 3,218876 0,000401
ta 2,302585 0,000287
table 0,083382 0,000021
tacit 1,560648 0,000194
taille 3,506558 0,000437
tailor 1,108663 0,000276
takings 3,506558 0,000437
tale 0,248461 0,000062
talent 0,385662 0,000096
talk 0,061875 0,000008
tallage 3,912023 0,000975
tallow 1,514128 0,000189
tally 2,120264 0,000264
tamper 2,407946 0,000600
tan 1,272966 0,000159
tanner 2,302585 0,000574
tar 1,469676 0,000183
tardy 1,660731 0,000207
tariff 2,813411 0,000351
tartar 1,660731 0,000414
tartary 2,813411 0,000351
taste 0,105361 0,000026
tavern 1,021651 0,000127
tax 0,248461 0,000124
taxable 3,912023 0,000487
taxation 1,966113 0,000245
te 1,609438 0,000201
tea 0,579818 0,000144
teach 0,083382 0,000031
teacher 0,415515 0,000104
team 1,049822 0,000131
tear 0,030459 0,000004
tedious 0,755023 0,000094
temper 0,261365 0,000033
temperate 1,078810 0,000134
tempered 0,653926 0,000081
temple 0,314711 0,000039
temporal 1,714798 0,000214
temporary 0,713350 0,000089
tempt 0,415515 0,000155
temptation 0,430783 0,000107
tenacious 1,714798 0,000214
tenant 1,108663 0,000414
tenantry 2,995732 0,000373
tend 0,430783 0,000161
tendency 0,527633 0,000066
tender 0,301105 0,000038
tenement 1,660731 0,000207
tenet 2,040221 0,000508
tenfold 1,771957 0,000221
tenor 1,078810 0,000134
tenpence 3,506558 0,000437
tent 0,713350 0,000089
tenth 0,733969 0,000183
tenure 2,120264 0,000528
term 0,061875 0,000015
terra 2,207275 0,000275
terrify 0,579818 0,000072
territorial 2,659260 0,000331
territory 1,203973 0,000300
terror 0,162519 0,000040
testament 1,049822 0,000262
testamentary 3,218876 0,000401
testator 3,506558 0,000437
testimonial 2,207275 0,000275
testimony 0,562119 0,000070
teutonic 2,525729 0,000315
thenceforth 1,560648 0,000194
theology 1,427116 0,000178
theory 0,400478 0,000100
thereabout 1,514128 0,000189
thicken 1,237874 0,000154
thinly 2,120264 0,000264
thirdly 1,347074 0,000168
thirst 0,494296 0,000062
thirteen 0,579818 0,000072
thirteenth 1,203973 0,000150
thirtieth 1,714798 0,000214
thither 0,579818 0,000072
thomas 0,891598 0,000111
thorn 0,967584 0,000121
thoughtless 1,108663 0,000138
thoughtlessness 1,832581 0,000228
thousandth 1,897120 0,000236
threaten 0,186330 0,000023
threepence 2,407946 0,000300
thresh 2,302585 0,000287
thrice 0,755023 0,000094
thrift 1,966113 0,000245
thrive 1,078810 0,000269
throne 0,733969 0,000183
throw 0,010050 0,000005
thunder 0,430783 0,000054
thwart 1,108663 0,000276
ticket 1,021651 0,000255
tide 0,616186 0,000077
tie 0,105361 0,000039
tillage 1,966113 0,000245
timaeus 2,659260 0,000331
timber 0,798508 0,000099
time -0,009950 -0,000002
timid 0,544727 0,000068
tin 0,755023 0,000094
tithe 1,832581 0,000457
title 0,116534 0,000015
tobacco 0,713350 0,000089
tod 2,659260 0,000331
toil 0,430783 0,000054
toilsome 2,207275 0,000275
tolerable 0,994252 0,000124
tolerably 0,994252 0,000124
tolerate 1,078810 0,000134
toll 1,427116 0,000356
tom 1,049822 0,000131
tome 2,659260 0,000331
ton 1,021651 0,000255
tone 0,198451 0,000025
tonnage 2,525729 0,000315
tool 0,478036 0,000119
tooth 0,186330 0,000023
torpid 2,207275 0,000275
torpor 2,207275 0,000275
torrent 0,713350 0,000089
tot 2,995732 0,000373
total 0,579818 0,000144
totally 0,916291 0,000114
touch 0,010050 0,000001
tower 0,314711 0,000039
town 0,094311 0,000024
toy 0,733969 0,000091
trace 0,198451 0,000025
tract 1,049822 0,000262
trade 0,287682 0,000108
trader 1,272966 0,000317
tradesman 1,139434 0,000284
trading 1,237874 0,000154
traffic 1,171183 0,000146
train 0,162519 0,000020
tranquillity 1,049822 0,000131
transact 1,469676 0,000549
transaction 0,967584 0,000241
transcribe 0,462035 0,000115
transcriber 1,714798 0,000214
transcription 0,527633 0,000066
transfer 0,693147 0,000259
transferability 3,912023 0,000487
transferable 3,912023 0,000487
transference 2,659260 0,000331
transitory 1,897120 0,000236
translate 0,634878 0,000079
translation 0,891598 0,000111
transmit 1,049822 0,000262
transport 0,653926 0,000244
transportation 1,714798 0,000214
travel 0,198451 0,000074
traveller 0,755023 0,000188
travelling 0,693147 0,000086
tread 0,328504 0,000041
treasure 0,261365 0,000065
treasurer 1,966113 0,000245
treasury 1,237874 0,000154
treat 0,127833 0,000064
treatise 1,272966 0,000159
treatment 0,127833 0,000016
treaty 1,386294 0,000345
treble 1,469676 0,000183
tree 0,061875 0,000015
tremble 0,174353 0,000022
trench 1,347074 0,000168
trespass 1,609438 0,000201
trial 0,261365 0,000033
tribe 0,693147 0,000173
tribunal 1,427116 0,000356
tribunes 2,995732 0,000373
trick 0,274437 0,000034
trifle 0,446287 0,000111
trifling 0,653926 0,000081
trinkets 1,660731 0,000207
tripartite 3,218876 0,000401
triple 1,714798 0,000427
triumphal 2,040221 0,000254
trojan 1,832581 0,000228
troll 3,218876 0,000401
troops 0,941609 0,000117
tropics 1,897120 0,000236
trouble 0,010050 0,000003
troublesome 0,843970 0,000105
trove 2,659260 0,000331
troy 1,609438 0,000201
truck 1,560648 0,000194
trucking 3,912023 0,000487
true 0,020203 0,000003
trust 0,061875 0,000031
trustees 2,302585 0,000287
truth 0,030459 0,000008
tumbrel 3,218876 0,000401
tumult 0,798508 0,000099
tumultuous 1,171183 0,000146
tune 0,616186 0,000077
turbulence 2,302585 0,000287
turbulent 1,560648 0,000194
turf 1,237874 0,000154
turkey 1,049822 0,000131
turkish 1,427116 0,000178
turks 1,514128 0,000189
turnip 2,120264 0,000264
turnpike 2,207275 0,000550
turpentine 2,995732 0,000373
tuscany 2,302585 0,000287
tutor 1,078810 0,000269
twelfth 1,237874 0,000154
twelvemonth 2,040221 0,000254
twentieth 1,108663 0,000138
twopence 2,120264 0,000528
tyrannical 1,514128 0,000189
tyranny 1,108663 0,000138
tyrant 0,843970 0,000105
tythe 3,912023 0,000487
ukraine 3,506558 0,000437
ultimate 0,941609 0,000117
ultimately 1,108663 0,000138
unable 0,248461 0,000031
unaccountable 1,108663 0,000138
unacquaint 1,427116 0,000178
unalienable 3,506558 0,000437
unalterable 1,309333 0,000163
unanimity 2,302585 0,000287
unanimous 1,771957 0,000221
unavoidable 1,049822 0,000131
unbounded 1,309333 0,000163
uncertain 0,301105 0,000038
uncertainty 0,776529 0,000097
uncivilized 2,659260 0,000331
uncoined 3,912023 0,000487
uncommon 0,798508 0,000099
uncommonly 1,386294 0,000173
unconditional 2,207275 0,000275
unconnected 1,897120 0,000236
unconquerable 1,560648 0,000194
unconsumable 3,912023 0,000487
uncontested 3,912023 0,000487
uncouth 1,347074 0,000168
uncultivated 2,207275 0,000275
undeck 3,912023 0,000487
undeniable 1,897120 0,000236
underdo 3,912023 0,000487
undergo 0,510826 0,000255
underling 2,813411 0,000351
underpaid 2,995732 0,000373
underpeopled 3,912023 0,000487
undersell 3,912023 0,001462
understand 0,020203 0,000005
understanding 0,223144 0,000056
undertake 0,385662 0,000144
undertaker 1,832581 0,000457
undertaking 0,693147 0,000173
undervalue 2,207275 0,000275
undiscerning 3,218876 0,000401
undisciplined 2,207275 0,000275
undisturbed 1,049822 0,000131
undivided 1,832581 0,000228
undo 0,693147 0,000173
undoubted 1,386294 0,000173
undoubtedly 0,634878 0,000079
undressed 1,386294 0,000173
uneasiness 0,994252 0,000124
uneasy 0,544727 0,000068
unemployed 1,897120 0,000236
unequal 0,843970 0,000105
unequally 2,302585 0,000287
uneven 1,427116 0,000178
unexceptionable 2,995732 0,000373
unfashionable 2,659260 0,000331
unfavourable 1,514128 0,000189
unfavourableness 3,912023 0,000487
unfavourably 2,659260 0,000331
unfit 1,108663 0,000138
unforeseen 1,514128 0,000189
unfortunate 0,314711 0,000039
unhappy 0,400478 0,000050
unhealthful 3,506558 0,000437
uniform 0,210721 0,000026
uniformity 1,771957 0,000221
uniformly 1,832581 0,000228
unimproved 3,218876 0,000401
uninclosed 3,912023 0,000487
uninhabited 1,609438 0,000201
uninstructed 2,813411 0,000351
uninterrupted 1,309333 0,000163
union 0,494296 0,000062
unite 0,867501 0,000324
united 0,094311 0,000012
universal 0,478036 0,000060
universally 0,967584 0,000121
universe 0,733969 0,000091
university 0,967584 0,000241
unjust 0,693147 0,000086
unjustly 1,108663 0,000138
unknown 0,105361 0,000013
unlawful 1,469676 0,000183
unlearned 2,407946 0,000300
unlimited 1,078810 0,000134
unload 2,040221 0,000254
unloading 2,120264 0,000264
unmanufactured 3,218876 0,000401
unmerited 2,659260 0,000331
unnatural 0,713350 0,000089
unnecessarily 2,040221 0,000254
unnecessary 0,653926 0,000081
unpaid 2,120264 0,000264
unphilosophical 2,813411 0,000351
unpleasant 0,562119 0,000070
unpopular 2,302585 0,000287
unprepared 1,514128 0,000189
unprincipled 1,966113 0,000245
unproductive 2,659260 0,000331
unprofitable 1,660731 0,000207
unpromising 2,525729 0,000315
unprosperous 3,506558 0,000437
unprovided 2,302585 0,000287
unreasonable 0,967584 0,000121
unreasonableness 3,506558 0,000437
unremitting 2,659260 0,000331
unrestrained 1,714798 0,000214
unskilful 2,525729 0,000315
unskilfulness 3,218876 0,000401
unsocial 2,407946 0,000300
unsold 3,506558 0,000437
unstable 2,040221 0,000254
unstamped 3,506558 0,000437
unsuccessful 0,994252 0,000124
unsuccessfully 2,525729 0,000315
unsuitable 1,609438 0,000201
unsupported 2,040221 0,000254
untaxed 3,912023 0,000487
untenanted 2,040221 0,000254
unthought 2,207275 0,000275
unthrifty 3,912023 0,000487
unusual 0,415515 0,000052
unveil 1,771957 0,000221
unwarlike 2,659260 0,000331
unwholesome 1,771957 0,000221
unwholesomeness 3,506558 0,000437
unwilling 0,653926 0,000081
upholsterer 2,659260 0,000331
upper 0,314711 0,000039
upright 0,301105 0,000038
upstart 2,040221 0,000254
urgent 0,798508 0,000099
usage 0,733969 0,000091
useless 0,235722 0,000029
usual 0,139262 0,000017
usurers 2,995732 0,000373
usurious 3,218876 0,000401
usurp 1,469676 0,000183
usurpation 2,207275 0,000275
usurper 1,771957 0,000221
usury 2,207275 0,000275
utensil 1,347074 0,000168
utility 1,427116 0,000178
utmost 0,356675 0,000044
utopia 2,525729 0,000315
utrecht 2,995732 0,000373
utterly 0,371064 0,000046
vacant 0,693147 0,000086
vacation 1,347074 0,000168
vacuity 2,995732 0,000373
vagrant 1,714798 0,000214
vague 0,579818 0,000072
vain 0,116534 0,000015
vainly 0,634878 0,000079
valid 1,966113 0,000245
valour 1,560648 0,000194
valuable 0,342490 0,000043
valuation 2,525729 0,000629
valve 2,207275 0,000275
vanity 0,400478 0,000100
vanquish 0,916291 0,000114
variable 1,897120 0,000236
variance 1,560648 0,000194
variation 0,994252 0,000248
variegate 1,897120 0,000236
variety 0,150823 0,000038
vary 0,342490 0,000171
vasa 3,912023 0,000487
vassal 1,897120 0,000473
vast 0,223144 0,000028
vastly 1,203973 0,000150
vegetable 0,693147 0,000173
vein 0,446287 0,000111
vel 2,813411 0,000351
velvet 0,891598 0,000111
venality 3,506558 0,000437
vendible 3,506558 0,000437
veneration 1,469676 0,000183
venetian 1,469676 0,000366
venice 1,427116 0,000178
venison 1,771957 0,000221
venture 0,223144 0,000056
vera 2,659260 0,000331
verbose 3,218876 0,000401
verd 3,912023 0,000487
verify 1,171183 0,000146
versailles 2,813411 0,000351
verse 0,478036 0,000060
vessel 0,446287 0,000111
vest 1,108663 0,000138
vestige 1,272966 0,000159
vestry 2,207275 0,000275
veteran 1,609438 0,000401
vexation 0,820981 0,000205
vexatious 1,771957 0,000221
vice 0,478036 0,000119
viceroy 2,659260 0,000331
victory 0,356675 0,000089
victual 2,813411 0,000351
victualling 3,218876 0,000401
victuals 2,120264 0,000264
vie 1,514128 0,000189
vienna 2,040221 0,000254
view 0,040822 0,000010
vigilance 1,309333 0,000163
vigilant 1,560648 0,000194
vigorous 0,544727 0,000068
vigour 0,843970 0,000105
vii 0,430783 0,000054
viii 0,446287 0,000056
vile 0,634878 0,000158
villa 1,347074 0,000336
village 0,356675 0,000044
villages 0,820981 0,000102
villain 0,916291 0,000228
villanage 3,912023 0,000487
vindicate 1,427116 0,000178
vine 0,867501 0,000108
vinegar 1,078810 0,000134
vineyard 1,237874 0,000308
vingtieme 3,912023 0,000487
violate 0,342490 0,000128
violation 1,560648 0,000389
violence 0,248461 0,000031
violent 0,223144 0,000028
violently 0,462035 0,000058
virgin 0,755023 0,000094
virginia 2,813411 0,000351
virtually 1,897120 0,000236
virtue 0,287682 0,000072
virtuous 0,653926 0,000081
viscount 3,218876 0,000401
vision 0,301105 0,000038
visionary 1,427116 0,000178
visit 0,030459 0,000015
vital 0,693147 0,000086
viviparous 3,218876 0,000401
vogue 1,609438 0,000201
voice 0,020203 0,000003
void 0,261365 0,000033
voltaire 1,897120 0,000236
volume 0,356675 0,000044
voluntarily 0,891598 0,000111
voluntary 0,843970 0,000105
volunteers 0,430783 0,000054
votary 2,040221 0,000254
vote 0,843970 0,000210
voyage 0,616186 0,000154
vulgar 0,634878 0,000079
vulgarly 2,302585 0,000287
vulgate 3,218876 0,000401
wage 1,203973 0,000150
wages 0,916291 0,000114
waggon 1,660731 0,000414
wait 0,061875 0,000008
waiter 0,916291 0,000114
waiting 0,083382 0,000010
wales 1,660731 0,000207
walk 0,000000 0,000000
wall 0,094311 0,000024
wander 0,116534 0,000029
wanton 1,021651 0,000127
wantonly 1,660731 0,000207
wantonness 1,514128 0,000189
war 0,139262 0,000035
ward 0,755023 0,000094
warden 1,966113 0,000245
wardrobe 1,078810 0,000134
ware 1,660731 0,000207
warehouse 1,309333 0,000489
wares 1,832581 0,000228
warfare 1,272966 0,000159
warlike 1,427116 0,000178
warm 0,116534 0,000015
warmth 0,579818 0,000072
warning 0,235722 0,000029
warp 1,771957 0,000221
warrant 0,562119 0,000140
warrior 1,108663 0,000276
warwick 2,813411 0,000351
wash 0,210721 0,000026
waste 0,127833 0,000048
wastel 3,912023 0,000487
watch 0,020203 0,000008
water 0,040822 0,000015
watering 1,347074 0,000168
watery 1,272966 0,000159
wave 0,210721 0,000026
weak 0,105361 0,000026
weaken 0,562119 0,000210
weakness 0,248461 0,000031
wealth 0,287682 0,000036
wealthy 0,579818 0,000217
weapon 0,400478 0,000100
wear 0,083382 0,000052
weary 0,186330 0,000023
weather 0,248461 0,000031
weave 0,693147 0,000086
weaver 1,832581 0,000457
weed 0,755023 0,000094
week 0,127833 0,000032
weekly 1,171183 0,000146
weigh 0,162519 0,000061
weight 0,116534 0,000029
welfare 0,916291 0,000114
west 0,083382 0,000010
western 0,616186 0,000077
westminster 1,771957 0,000221
wet 0,261365 0,000033
whale 1,469676 0,000183
whalebone 2,525729 0,000315
whatsoever 0,287682 0,000036
wheat 0,994252 0,000124
wheaten 2,659260 0,000331
wheel 0,274437 0,000103
wheelwright 3,218876 0,000401
wherewithal 2,407946 0,000300
whetted 1,966113 0,000245
whey 2,407946 0,000300
whit 1,171183 0,000146
white 0,051293 0,000006
whitehall 3,218876 0,000401
whiten 1,771957 0,000221
whites 1,469676 0,000183
wholesale 1,771957 0,000221
wholesome 0,867501 0,000108
wholesomeness 3,506558 0,000437
wholly 0,400478 0,000050
whosoever 1,714798 0,000214
wickedness 0,916291 0,000114
wide 0,030459 0,000008
widen 0,916291 0,000228
widow 0,510826 0,000127
wife 0,083382 0,000010
wild 0,051293 0,000013
william 0,798508 0,000099
willingly 0,527633 0,000066
wilton 3,218876 0,000401
winchester 2,302585 0,000287
wind 0,094311 0,000035
window 0,162519 0,000040
windsor 2,207275 0,000275
wine 0,235722 0,000059
wing 0,314711 0,000039
winter 0,198451 0,000049
wire 0,867501 0,000108
wisdom 0,287682 0,000036
wise 0,094311 0,000035
wisely 0,653926 0,000081
wit 0,198451 0,000025
witchcraft 1,714798 0,000214
withdraw 0,210721 0,000131
withers 2,407946 0,000300
withhold 0,820981 0,000102
withstand 1,021651 0,000127
witness 0,116534 0,000029
woman 0,030459 0,000008
womb 1,272966 0,000159
wonderful 0,162519 0,000020
wonderfully 0,510826 0,000064
wood 0,083382 0,000021
woodcock 2,659260 0,000331
wooden 0,415515 0,000052
woof 2,525729 0,000315
wool 1,049822 0,000262
woollen 1,660731 0,000207
woollens 3,506558 0,000437
word 0,020203 0,000003
workhouse 2,207275 0,000550
workman 0,755023 0,000188
workmanship 1,272966 0,000159
worm 0,733969 0,000091
worms 1,078810 0,000134
worsted 1,832581 0,000228
worth 0,061875 0,000008
worthless 0,843970 0,000105
worthy 0,186330 0,000023
wound 0,198451 0,000025
wreck 0,693147 0,000086
wrestle 1,049822 0,000131
wretch 0,653926 0,000081
wretched 0,328504 0,000041
wretchedness 1,139434 0,000142
wright 2,525729 0,000315
writ 1,386294 0,000173
write 0,020203 0,000010
writer 0,328504 0,000082
writing 0,061875 0,000008
writings 0,994252 0,000124
wrong 0,072571 0,000009
xi 0,597837 0,000074
xiv 0,693147 0,000086
xxi 0,867501 0,000108
yam 2,995732 0,000373
yard 0,223144 0,000056
yarn 1,609438 0,000201
yearly 1,203973 0,000150
yeomanry 3,218876 0,000401
yield 0,174353 0,000087
york 0,916291 0,000114
yorkshire 2,525729 0,000315
youth 0,139262 0,000017
youthful 0,673345 0,000084
zeal 0,579818 0,000072
zealand 2,120264 0,000264
zealous 1,049822 0,000131
zurich 2,995732 0,000373
