aback 1,660731 0,000323
abandon 0,223144 0,000087
abandonment 1,514128 0,000294
abide 0,248461 0,000048
abject 1,049822 0,000204
abnormal 1,832581 0,000356
aboard 1,237874 0,000240
abrupt 0,994252 0,000193
abruptly 0,843970 0,000164
absolutely 0,287682 0,000056
absorb 0,446287 0,000260
abstraction 1,427116 0,000277
absurd 0,430783 0,000084
absurdity 1,049822 0,000204
absurdly 1,427116 0,000277
abuse 0,562119 0,000109
abut 2,207275 0,000429
accentuate 2,120264 0,000412
accept 0,061875 0,000036
acceptable 0,967584 0,000188
access 0,314711 0,000122
accessible 0,446287 0,000087
accident 0,274437 0,000107
accidental 0,755023 0,000147
accommodation 1,203973 0,000234
accompany 0,094311 0,000018
accomplished 0,385662 0,000075
accord 0,527633 0,000102
accost 1,049822 0,000204
account 0,010050 0,000004
accumulate 0,891598 0,000173
accursed 1,108663 0,000215
ace 2,040221 0,000793
acid 1,832581 0,000356
acknowledgment 1,347074 0,000262
action 0,094311 0,000018
active 0,127833 0,000025
activity 0,415515 0,000081
actual 0,174353 0,000034
acute 0,733969 0,000143
addition 0,116534 0,000045
additional 0,198451 0,000039
address 0,072571 0,000056
adjoin 0,798508 0,000155
adjust 0,891598 0,000173
admire 0,356675 0,000069
admit 0,116534 0,000068
ado 1,514128 0,000294
adolescent 2,995732 0,000582
adorn 0,634878 0,000123
advance 0,061875 0,000048
advantage 0,127833 0,000050
adventure 0,301105 0,000058
adventurous 1,237874 0,000240
adverse 1,514128 0,000294
advice 0,186330 0,000036
advisability 2,659260 0,000517
aerial 2,207275 0,000429
affair 0,094311 0,000037
afford 0,186330 0,000036
afire 2,407946 0,000468
afraid 0,105361 0,000020
afternoon 0,274437 0,000053
age 0,040822 0,000008
aged 0,198451 0,000039
agency 1,021651 0,000198
agent 0,223144 0,000043
aggressive 2,040221 0,000396
aggressively 2,813411 0,000547
aghast 1,272966 0,000247
agitated 0,693147 0,000135
agitation 0,673345 0,000131
aglare 3,912023 0,000760
agree 0,051293 0,000030
agreeable 0,462035 0,000090
agreeably 1,171183 0,000228
agreement 0,210721 0,000041
agrimony 3,912023 0,000760
aid 0,210721 0,000041
aim 0,287682 0,000168
aimless 2,659260 0,000517
air 0,061875 0,000012
ajar 1,514128 0,000294
akimbo 2,302585 0,000447
alacrity 1,108663 0,000215
alarm 0,314711 0,000061
alarmed 0,478036 0,000093
albany 2,659260 0,000517
albeit 2,207275 0,000429
albinism 3,912023 0,000760
albino 3,218876 0,000625
alert 0,843970 0,000164
alertly 3,218876 0,000625
alertness 2,207275 0,000429
algal 3,506558 0,000681
algiers 2,207275 0,000429
alike 0,287682 0,000056
alive 0,051293 0,000010
alley 1,021651 0,000198
aloud 0,301105 0,000058
alter 0,235722 0,000046
alteration 0,261365 0,000051
altercation 2,040221 0,000396
alternate 0,261365 0,000051
alternately 1,021651 0,000198
alternative 0,994252 0,000386
altogether 0,198451 0,000039
amateur 1,347074 0,000262
amazed 0,634878 0,000123
amazement 0,446287 0,000087
amazing 0,941609 0,000183
amazingly 1,771957 0,000344
ambition 0,510826 0,000099
amenable 2,207275 0,000429
america 0,579818 0,000113
american 0,634878 0,000123
ammonite 2,995732 0,000582
ample 0,527633 0,000102
amplify 2,407946 0,000468
amuse 0,371064 0,000072
amusement 0,478036 0,000093
amusing 0,693147 0,000135
anaemic 3,506558 0,000681
anarchist 2,525729 0,000491
andrew 1,469676 0,000285
anger 0,287682 0,000056
anglo 2,302585 0,000447
angry 0,174353 0,000034
anguish 0,579818 0,000113
animal 0,223144 0,000043
animation 1,171183 0,000228
ankle 0,916291 0,000356
annoy 1,237874 0,000240
annoyance 0,967584 0,000188
annoyed 0,733969 0,000143
anonymous 1,714798 0,000333
answer 0,020203 0,000008
antagonist 1,139434 0,000443
anticipate 0,616186 0,000120
anticipation 0,733969 0,000143
anxious 0,261365 0,000051
anxiously 0,693147 0,000135
apartment 0,597837 0,000232
apathetic 2,120264 0,000412
apex 2,120264 0,000412
apologise 1,714798 0,000666
appal 1,021651 0,000198
apparatus 1,347074 0,000262
apparent 0,314711 0,000061
apparition 0,994252 0,000193
appeal 0,261365 0,000051
appearance 0,072571 0,000014
appetite 0,314711 0,000061
appliance 2,040221 0,000396
applicable 0,400478 0,000078
apply 0,116534 0,000068
apprehension 0,494296 0,000096
apprehensive 1,514128 0,000294
apprentice 1,427116 0,000277
apprise 1,897120 0,000369
approach 0,040822 0,000024
april 0,798508 0,000155
apron 1,203973 0,000234
aproned 3,218876 0,000625
archie 3,218876 0,000625
archive 0,544727 0,000106
arf 3,506558 0,000681
argue 0,371064 0,000072
argument 0,287682 0,000056
argumentative 1,832581 0,000356
arm 0,030459 0,000012
armchair 1,660731 0,000323
armed 0,385662 0,000075
armour 1,514128 0,000294
army 0,356675 0,000069
arouse 0,653926 0,000254
arrange 0,198451 0,000039
arrangement 0,274437 0,000107
array 0,248461 0,000048
arrest 0,544727 0,000106
arrival 0,328504 0,000064
arrive 0,083382 0,000032
art 0,127833 0,000025
artery 1,609438 0,000313
artful 1,171183 0,000228
article 0,400478 0,000078
artificial 0,616186 0,000120
ascertain 0,597837 0,000232
ascii 0,562119 0,000109
ash 0,400478 0,000156
ashamed 0,248461 0,000048
askew 2,407946 0,000468
asleep 0,162519 0,000032
asparagus 2,207275 0,000429
ass 0,916291 0,000356
assailant 1,139434 0,000221
assault 0,798508 0,000155
assert 0,462035 0,000269
assertion 0,891598 0,000173
asseveration 2,525729 0,000491
assimilate 1,714798 0,000333
assist 0,328504 0,000064
assistance 0,105361 0,000020
assistant 0,755023 0,000293
assume 0,162519 0,000063
assurance 0,430783 0,000084
assure 0,127833 0,000025
astir 1,966113 0,000382
astonish 0,261365 0,000051
astonishing 0,653926 0,000127
astonishment 0,301105 0,000058
astray 1,078810 0,000210
athwart 1,560648 0,000303
attach 0,116534 0,000023
attack 0,198451 0,000077
attainment 1,427116 0,000277
attempt 0,051293 0,000030
attend 0,127833 0,000025
attendance 0,776529 0,000151
attention 0,083382 0,000016
attenuate 2,302585 0,000447
attic 1,237874 0,000240
attitude 0,446287 0,000087
attract 0,261365 0,000102
audible 0,916291 0,000178
audibly 1,560648 0,000303
august 0,616186 0,000120
aunt 0,798508 0,000155
author 0,116534 0,000023
authority 0,223144 0,000043
automatically 2,659260 0,000517
ave 2,302585 0,000447
averse 1,049822 0,000204
avert 0,843970 0,000164
avoid 0,105361 0,000061
await 0,314711 0,000183
awake 0,150823 0,000059
awaken 0,430783 0,000084
aware 0,223144 0,000043
awkwardly 1,272966 0,000247
axe 1,049822 0,000204
axle 1,832581 0,000356
babel 1,714798 0,000333
bachelor 0,967584 0,000188
bacon 0,994252 0,000193
bad 0,020203 0,000012
badge 1,469676 0,000285
badly 0,446287 0,000087
bag 0,446287 0,000087
baggage 0,941609 0,000183
bait 0,994252 0,000193
balance 0,342490 0,000067
balustrade 1,771957 0,000344
band 0,342490 0,000067
bandage 1,108663 0,000431
bandaged 1,832581 0,000356
bandaging 2,813411 0,000547
bandy 2,040221 0,000793
bank 0,210721 0,000082
banking 2,302585 0,000447
banner 0,967584 0,000188
bar 0,235722 0,000183
bare 0,150823 0,000029
barefaced 2,659260 0,000517
barefoot 1,609438 0,000313
barely 0,798508 0,000155
bargain 0,527633 0,000102
bark 0,478036 0,000186
barman 3,218876 0,000625
barracks 1,714798 0,000333
barrel 0,673345 0,000131
base 0,094311 0,000018
basement 1,966113 0,000382
basin 0,916291 0,000178
basket 0,579818 0,000225
bath 0,274437 0,000053
batter 0,891598 0,000173
bawl 1,714798 0,000666
bead 1,171183 0,000228
beam 0,430783 0,000084
bear 0,000000 0,000000
beard 0,527633 0,000102
bearded 1,108663 0,000215
beast 0,235722 0,000046
beat 0,083382 0,000065
bed 0,051293 0,000010
bedclothes 1,966113 0,000382
bedding 1,771957 0,000344
bedford 2,407946 0,000468
bedroom 0,798508 0,000310
bedstead 1,237874 0,000481
beech 1,966113 0,000382
beechwood 3,912023 0,000760
beef 0,916291 0,000178
beer 0,941609 0,000183
beetle 1,514128 0,000294
beggarly 1,832581 0,000356
behave 0,462035 0,000180
behaviour 0,941609 0,000183
behold 0,235722 0,000046
belated 1,514128 0,000294
belie 1,660731 0,000323
belief 0,198451 0,000039
believer 1,272966 0,000495
bell 0,301105 0,000117
bellowing 1,832581 0,000356
belly 0,798508 0,000155
belongings 1,714798 0,000333
belvedere 2,813411 0,000547
bench 0,544727 0,000106
bend 0,314711 0,000122
beneath 0,198451 0,000039
bent 0,174353 0,000034
benzoline 3,912023 0,000760
betray 0,301105 0,000117
bicycle 2,525729 0,000491
bid 0,186330 0,000036
binary 0,562119 0,000109
bind 0,030459 0,000006
biscuit 1,272966 0,000247
bit 0,139262 0,000027
bite 0,371064 0,000216
black 0,061875 0,000012
blackly 3,506558 0,000681
blackness 1,237874 0,000240
blacksmith 1,427116 0,000277
blade 0,616186 0,000120
blame 0,162519 0,000032
blank 0,527633 0,000102
blanket 0,891598 0,000173
blankly 2,207275 0,000429
blare 2,995732 0,000582
blaze 0,634878 0,000123
bleach 2,040221 0,000396
bleeding 0,843970 0,000164
bless 0,415515 0,000081
blessed 0,356675 0,000069
blimey 3,912023 0,000760
blind 0,174353 0,000135
blindingly 3,506558 0,000681
blink 0,994252 0,000386
blinkers 3,506558 0,000681
blistering 3,218876 0,000625
blood 0,116534 0,000023
bloodhound 2,302585 0,000447
bloody 0,527633 0,000102
bloom 0,527633 0,000102
bloomsbury 2,659260 0,000517
blow 0,061875 0,000060
bludgeon 2,302585 0,000895
blue 0,174353 0,000034
blunder 0,776529 0,000453
board 0,261365 0,000102
boast 0,328504 0,000064
boats 0,820981 0,000159
bobby 2,813411 0,000547
body 0,010050 0,000004
bogey 3,912023 0,000760
bogie 3,218876 0,000625
boil 0,385662 0,000150
bold 0,223144 0,000043
bolt 0,494296 0,000384
bone 0,198451 0,000077
book 0,040822 0,000016
bookshelf 2,302585 0,000895
boot 0,430783 0,000167
booth 1,427116 0,000277
bootless 2,995732 0,000582
border 0,400478 0,000078
bosom 0,446287 0,000087
bother 0,843970 0,000328
bottle 0,430783 0,000167
bounder 3,218876 0,000625
bout 1,237874 0,000240
bow 0,127833 0,000025
bowl 0,616186 0,000239
bowler 3,506558 0,000681
box 0,248461 0,000048
boxes 0,798508 0,000155
boy 0,105361 0,000041
brace 0,891598 0,000173
bracket 2,120264 0,000412
brain 0,314711 0,000061
brandy 0,941609 0,000183
breach 0,274437 0,000053
bread 0,248461 0,000048
breadth 0,653926 0,000127
break 0,010050 0,000008
breakfast 0,342490 0,000133
breath 0,174353 0,000034
breathing 0,462035 0,000090
breed 0,342490 0,000067
breeze 0,713350 0,000139
brevity 1,560648 0,000303
brick 0,653926 0,000254
brickwork 3,912023 0,000760
bright 0,094311 0,000037
brightly 0,994252 0,000193
brilliant 0,430783 0,000084
brim 0,994252 0,000386
bring 0,000000 0,000000
brink 1,139434 0,000221
brisk 0,941609 0,000366
briskly 0,967584 0,000188
bristle 0,941609 0,000366
broad 0,127833 0,000025
brood 0,597837 0,000116
brook 0,994252 0,000193
broom 1,347074 0,000262
brother 0,127833 0,000025
brow 0,446287 0,000260
brown 0,274437 0,000053
bruise 0,673345 0,000262
brush 0,478036 0,000093
brutal 0,755023 0,000147
brute 0,462035 0,000090
bubble 0,941609 0,000183
builder 1,108663 0,000215
bulk 0,820981 0,000159
bull 0,430783 0,000084
bullet 0,867501 0,000337
bumpkin 2,995732 0,000582
bundle 0,653926 0,000254
bung 2,995732 0,000582
bunting 2,525729 0,000491
burden 0,198451 0,000077
burdock 3,506558 0,000681
burglar 1,386294 0,000269
burglary 1,832581 0,000356
burgle 2,995732 0,000582
burgundy 2,040221 0,000396
burly 1,609438 0,000313
burn 0,061875 0,000024
burst 0,248461 0,000048
burton 2,040221 0,000396
bury 0,186330 0,000072
bush 0,430783 0,000167
business 0,040822 0,000008
bust 1,108663 0,000215
bustle 0,693147 0,000269
busy 0,210721 0,000041
butcher 0,891598 0,000173
butter 0,798508 0,000155
butterfly 1,171183 0,000455
button 0,693147 0,000269
bystander 2,040221 0,000396
cab 1,272966 0,000247
cabman 2,120264 0,000824
cadge 3,912023 0,000760
calculate 0,116534 0,000045
calculation 0,713350 0,000139
calico 1,771957 0,000344
calm 0,274437 0,000107
campaign 1,021651 0,000198
candle 0,415515 0,000161
candy 1,714798 0,000333
canister 2,407946 0,000468
canvas 0,916291 0,000178
cap 0,356675 0,000139
capture 0,597837 0,000232
card 0,139262 0,000027
care 0,000000 0,000000
career 0,478036 0,000093
carefully 0,139262 0,000027
carelessly 0,776529 0,000151
carelessness 1,021651 0,000198
caricature 1,514128 0,000294
carpet 0,462035 0,000090
carriage 0,356675 0,000069
carrier 1,347074 0,000262
carry 0,010050 0,000006
cart 0,597837 0,000232
carter 1,832581 0,000356
cartilage 2,995732 0,000582
cartridge 1,560648 0,000303
carve 1,272966 0,000247
cash 0,967584 0,000188
cashmere 2,659260 0,000517
cast 0,116534 0,000023
casting 0,544727 0,000106
casual 1,078810 0,000210
cat 0,462035 0,000090
cataclysmic 3,912023 0,000760
catch 0,072571 0,000042
cauterise 3,912023 0,000760
cautious 0,673345 0,000131
cautiously 0,867501 0,000169
cavity 1,660731 0,000323
cease 0,061875 0,000024
ceiling 0,510826 0,000099
celebrated 0,562119 0,000109
cell 0,776529 0,000151
cellar 0,798508 0,000155
central 0,733969 0,000143
centre 0,385662 0,000150
century 0,328504 0,000064
ceremony 0,446287 0,000087
certainty 0,342490 0,000067
chain 0,174353 0,000034
chair 0,261365 0,000102
chance 0,061875 0,000024
change 0,010050 0,000006
chant 1,272966 0,000247
chap 0,891598 0,000346
chapter 0,328504 0,000064
character 0,061875 0,000012
characteristic 0,400478 0,000078
charge 0,040822 0,000024
charitable 0,287682 0,000056
charity 0,186330 0,000072
chase 0,430783 0,000251
cheap 0,579818 0,000113
cheat 0,776529 0,000151
check 0,072571 0,000056
cheek 0,261365 0,000102
cheese 0,967584 0,000188
chemical 1,469676 0,000571
chemist 1,714798 0,000333
chemistry 1,714798 0,000333
cheque 1,897120 0,000369
chest 0,342490 0,000067
cheval 3,218876 0,000625
chief 0,094311 0,000018
chiefly 0,527633 0,000102
chiffonnier 3,912023 0,000760
child 0,040822 0,000016
chilled 1,139434 0,000221
chilly 1,237874 0,000240
chimney 0,634878 0,000123
chin 0,478036 0,000186
chink 1,347074 0,000523
chirk 3,506558 0,000681
chlorine 3,506558 0,000681
chloroform 3,218876 0,001251
chocolate 1,514128 0,000294
choke 0,446287 0,000087
choose 0,020203 0,000016
christmas 0,891598 0,000173
chronic 1,966113 0,000382
chump 3,218876 0,000625
chunk 2,207275 0,000429
church 0,261365 0,000051
cigar 0,994252 0,000386
circle 0,150823 0,000029
circuit 0,867501 0,000169
circuitously 3,218876 0,000625
circumstance 0,116534 0,000045
cistern 1,560648 0,000303
citizen 0,673345 0,000131
city 0,051293 0,000010
civilised 1,660731 0,000323
claim 0,083382 0,000016
clamber 1,272966 0,000495
clamped 2,525729 0,000491
clang 1,203973 0,000234
clank 1,609438 0,000313
clap 0,755023 0,000147
clash 1,078810 0,000419
clasped 0,843970 0,000164
clasping 1,078810 0,000210
clatter 0,941609 0,000183
claw 0,798508 0,000310
clay 0,494296 0,000096
clean 0,210721 0,000041
cleaning 1,049822 0,000204
clenched 1,049822 0,000204
clergyman 1,078810 0,000210
clerical 1,714798 0,000333
clever 0,371064 0,000072
cliff 0,916291 0,000178
climate 0,713350 0,000139
climax 1,272966 0,000247
climbing 0,733969 0,000143
cling 0,415515 0,000161
clink 2,120264 0,000412
clock 0,510826 0,000099
close 0,010050 0,000006
closely 0,223144 0,000043
closing 0,446287 0,000087
clot 2,302585 0,000447
cloth 0,356675 0,000069
clothe 0,287682 0,000056
clothes 0,127833 0,000025
clothing 0,776529 0,000151
cloud 0,150823 0,000029
cloudy 1,078810 0,000210
clover 2,302585 0,000447
club 0,544727 0,000212
clue 1,049822 0,000408
clump 1,171183 0,000228
clumsily 1,714798 0,000333
clumsiness 2,659260 0,000517
clutch 0,713350 0,000416
coach 0,755023 0,000147
coachman 1,108663 0,000215
coagulate 2,813411 0,000547
coal 0,527633 0,000205
coarse 0,478036 0,000093
coat 0,235722 0,000046
cobbler 2,302585 0,000447
cock 0,713350 0,000277
cocked 1,237874 0,000240
cockney 2,659260 0,000517
cocoanut 2,407946 0,000935
code 0,287682 0,000056
coffee 0,562119 0,000109
coffin 1,021651 0,000198
coil 0,867501 0,000169
coin 0,544727 0,000106
cold 0,040822 0,000008
coldness 1,021651 0,000198
collapse 1,108663 0,000431
collar 0,634878 0,000370
collate 2,525729 0,000491
collect 0,248461 0,000048
collection 0,162519 0,000032
college 0,693147 0,000135
collide 2,659260 0,000517
collision 1,714798 0,000333
colonel 0,967584 0,000188
colour 0,510826 0,000198
coloured 0,693147 0,000135
colouring 1,514128 0,000294
colourless 1,832581 0,000356
column 0,562119 0,000109
comfort 0,105361 0,000020
comfortable 0,261365 0,000051
comfortably 0,693147 0,000135
comforter 1,469676 0,000285
commercial 0,274437 0,000053
commercialism 3,218876 0,000625
commit 0,116534 0,000023
common 0,072571 0,000014
communication 0,510826 0,000099
companion 0,150823 0,000029
company 0,020203 0,000004
compare 0,162519 0,000032
comparison 0,446287 0,000087
compass 0,579818 0,000113
compilation 0,478036 0,000093
complain 0,198451 0,000039
complete 0,105361 0,000041
completely 0,274437 0,000053
compliance 0,342490 0,000067
complicated 0,798508 0,000155
compliment 0,462035 0,000090
comply 0,287682 0,000112
comprehensible 1,832581 0,000356
compressed 0,342490 0,000067
compromiser 3,912023 0,000760
computation 1,609438 0,000313
concave 2,040221 0,000396
conceal 0,198451 0,000077
conceivable 1,386294 0,000269
conceive 0,223144 0,000043
concentrate 1,386294 0,000269
concept 0,527633 0,000102
conception 0,562119 0,000109
concerned 0,287682 0,000056
concert 0,916291 0,000178
concisely 2,525729 0,000491
conclude 0,235722 0,000046
conclusion 0,210721 0,000041
conclusively 2,207275 0,000429
concussion 1,660731 0,000323
condition 0,051293 0,000020
conduct 0,094311 0,000018
conductor 1,021651 0,000198
confederate 1,771957 0,000344
conference 1,139434 0,000221
confide 0,755023 0,000147
confidence 0,139262 0,000054
confident 0,510826 0,000099
confidential 1,021651 0,000198
confine 0,223144 0,000043
confirm 0,139262 0,000054
confirmation 0,356675 0,000069
conflict 0,597837 0,000232
confound 0,430783 0,000167
confoundedly 3,218876 0,000625
confront 0,776529 0,000151
confused 0,248461 0,000048
confusion 0,287682 0,000056
conjuring 2,525729 0,000491
conjuror 2,995732 0,000582
connected 0,415515 0,000081
connection 0,446287 0,000087
connexion 2,207275 0,000429
conscientiously 1,609438 0,000313
consecutive 2,302585 0,000447
consequence 0,186330 0,000036
consequential 0,478036 0,000093
considerable 0,105361 0,000020
considerably 0,776529 0,000151
consideration 0,223144 0,000043
consist 0,314711 0,000061
constable 1,272966 0,000247
constant 0,051293 0,000010
consternation 1,021651 0,000198
constitutionally 3,506558 0,000681
consult 0,400478 0,000078
consulting 0,891598 0,000173
contact 0,210721 0,000041
contemplate 0,544727 0,000106
contempt 0,446287 0,000087
contemptuously 1,237874 0,000240
contents 0,094311 0,000018
continued 0,072571 0,000014
continuous 0,867501 0,000169
continuously 1,469676 0,000285
contra 2,207275 0,000429
contract 0,139262 0,000027
contrast 0,385662 0,000075
contribution 0,371064 0,000072
contrived 0,713350 0,000139
control 0,223144 0,000087
convention 1,469676 0,000285
conversation 0,186330 0,000036
conversational 2,120264 0,000412
converse 0,494296 0,000096
convert 0,186330 0,000036
convey 0,287682 0,000056
conveyance 1,427116 0,000277
conviction 0,430783 0,000084
convince 0,198451 0,000039
convulse 1,347074 0,000262
convulsive 1,272966 0,000247
cook 0,223144 0,000087
cool 0,248461 0,000048
cooling 1,272966 0,000247
cooper 2,040221 0,000396
copious 1,386294 0,000269
copying 0,494296 0,000096
copyright 0,415515 0,000081
cordon 2,813411 0,000547
cork 1,171183 0,000455
corner 0,072571 0,000028
corporation 0,400478 0,000078
corpulent 2,659260 0,000517
correct 0,235722 0,000046
corrupt 0,235722 0,000046
cost 0,105361 0,000041
coster 3,218876 0,000625
costume 1,021651 0,000397
costumier 3,506558 0,001362
cottage 0,653926 0,000127
cotton 0,891598 0,000173
cough 0,733969 0,000428
council 0,653926 0,000127
count 0,116534 0,000068
countenance 0,371064 0,000072
counter 0,733969 0,000428
counterpane 2,120264 0,000412
country 0,010050 0,000004
countryside 1,832581 0,000356
couple 0,248461 0,000048
courage 0,150823 0,000029
court 0,094311 0,000018
covent 2,207275 0,000429
cover 0,223144 0,000087
covered 0,139262 0,000027
covering 0,415515 0,000081
covet 0,967584 0,000188
crack 0,478036 0,000186
cramped 1,427116 0,000277
crane 1,237874 0,000240
crash 0,733969 0,000143
crate 2,407946 0,000935
crawl 0,494296 0,000288
creak 0,967584 0,000376
create 0,094311 0,000055
creation 0,198451 0,000039
creature 0,116534 0,000023
credible 1,714798 0,000333
credit 0,094311 0,000037
creep 0,198451 0,000077
crepitation 3,912023 0,000760
crest 0,820981 0,000159
crestfallen 1,771957 0,000344
cricketers 3,506558 0,000681
crime 0,261365 0,000051
criminal 0,673345 0,000131
crisis 0,820981 0,000159
critical 0,235722 0,000046
crockery 1,714798 0,000333
cross 0,083382 0,000049
crossbar 3,912023 0,000760
crouch 0,941609 0,000183
crouching 1,049822 0,000204
crowd 0,174353 0,000068
crowded 0,301105 0,000058
crown 0,210721 0,000041
cruel 0,261365 0,000051
cruelly 0,820981 0,000159
cruelty 0,462035 0,000090
crumb 1,427116 0,000277
crumple 1,237874 0,000240
crush 0,274437 0,000107
crust 1,139434 0,000221
cuff 1,139434 0,000221
cultivate 0,462035 0,000090
culture 1,078810 0,000210
cum 1,966113 0,000382
cupboard 1,078810 0,000210
cur 1,347074 0,000262
curate 1,714798 0,000333
curiosity 0,210721 0,000041
curious 0,261365 0,000051
curiously 0,776529 0,000151
current 0,116534 0,000023
curse 0,342490 0,000200
cursing 1,203973 0,000234
cursorily 2,813411 0,000547
curtain 0,328504 0,000064
curtly 2,207275 0,000429
curve 0,916291 0,000178
curved 1,171183 0,000228
cushion 0,820981 0,000159
cuss 2,813411 0,000547
custom 0,210721 0,000041
customary 0,653926 0,000127
customer 1,139434 0,000443
cut 0,030459 0,000012
cutlet 2,120264 0,000824
cylindrical 2,813411 0,000547
cypher 2,659260 0,000517
damage 0,223144 0,000087
damages 0,400478 0,000078
damn 1,309333 0,000254
damnable 2,040221 0,000396
damned 1,139434 0,000221
damp 0,400478 0,000156
dance 0,235722 0,000046
dancing 0,371064 0,000072
dandy 1,609438 0,000313
danger 0,105361 0,000041
dangerous 0,150823 0,000029
daresay 1,714798 0,000333
darg 3,506558 0,000681
dark 0,051293 0,000010
darken 0,634878 0,000123
darkness 0,186330 0,000036
darn 1,771957 0,000688
dash 0,400478 0,000156
dating 3,506558 0,000681
datum 0,494296 0,000096
dawn 0,314711 0,000061
day 0,000000 0,000000
daylight 0,446287 0,000087
daytime 1,560648 0,000303
daze 1,309333 0,000254
dazzle 1,272966 0,000247
dazzling 0,941609 0,000183
dazzlingly 2,813411 0,000547
dead 0,072571 0,000014
deadly 0,478036 0,000093
deal 0,061875 0,000012
dealer 1,171183 0,000228
death 0,020203 0,000008
decapitate 2,813411 0,000547
deceit 0,967584 0,000188
deceive 0,261365 0,000051
december 0,562119 0,000109
decide 0,040822 0,000016
decision 0,544727 0,000106
decisive 0,867501 0,000169
declare 0,139262 0,000027
decolourise 3,912023 0,000760
decorous 2,302585 0,000447
decorum 1,771957 0,000344
deductible 0,562119 0,000109
deed 0,287682 0,000056
deep 0,020203 0,000004
deepen 0,867501 0,000169
defect 0,261365 0,000102
defective 0,356675 0,000069
defence 0,527633 0,000102
defend 0,301105 0,000117
definite 0,755023 0,000147
deformity 1,514128 0,000294
deftly 1,660731 0,000323
delay 0,186330 0,000072
deletion 0,562119 0,000109
deliberate 0,673345 0,000262
deliberation 1,078810 0,000210
delicately 1,171183 0,000228
delighted 0,287682 0,000056
delilah 2,995732 0,000582
delivery 0,994252 0,000193
demand 0,051293 0,000020
demonstrate 0,967584 0,000188
demonstrator 3,506558 0,000681
denial 0,776529 0,000151
dense 0,693147 0,000269
density 2,040221 0,000396
deny 0,072571 0,000014
department 0,916291 0,000356
departure 0,430783 0,000084
depend 0,040822 0,000008
depredation 2,407946 0,000468
depress 0,616186 0,000120
depression 0,967584 0,000188
depth 0,494296 0,000096
derivative 0,510826 0,000099
derive 0,210721 0,000082
descend 0,174353 0,000068
description 0,248461 0,000048
desecrated 2,659260 0,000517
deserted 0,385662 0,000075
design 0,287682 0,000056
desirable 0,733969 0,000143
desire 0,051293 0,000010
desisted 1,966113 0,000382
desk 0,867501 0,000169
desolate 0,733969 0,000143
desolation 0,916291 0,000178
despair 0,174353 0,000034
despairing 0,798508 0,000155
desperate 0,328504 0,000064
destroy 0,061875 0,000012
destruction 0,342490 0,000067
destructive 1,049822 0,000204
detach 0,287682 0,000112
detachment 1,347074 0,000262
detect 0,562119 0,000218
detection 1,427116 0,000277
detective 1,609438 0,000625
determine 0,061875 0,000024
deuce 1,560648 0,000303
developed 0,544727 0,000106
devil 0,301105 0,000117
devilish 1,237874 0,000240
devilry 2,525729 0,000491
devise 0,733969 0,000143
devote 0,673345 0,000131
devoted 0,301105 0,000058
devour 0,462035 0,000180
dexterously 2,040221 0,000396
diabolically 2,813411 0,000547
diagram 2,120264 0,000412
diamond 0,673345 0,000131
diaphragm 3,506558 0,000681
diary 1,560648 0,000303
die 0,010050 0,000006
difference 0,174353 0,000034
difficult 0,116534 0,000023
difficulty 0,116534 0,000023
diffused 1,469676 0,000285
dig 0,356675 0,000069
dignified 0,755023 0,000147
dilate 1,309333 0,000254
dilettante 2,302585 0,000447
dim 0,356675 0,000069
dimension 0,916291 0,000356
diminished 0,776529 0,000151
dingy 1,347074 0,000262
dining 0,510826 0,000099
dinner 0,186330 0,000036
direct 0,040822 0,000016
direction 0,051293 0,000020
dirt 0,544727 0,000106
dirty 0,544727 0,000106
disadvantage 0,843970 0,000328
disagreeable 0,733969 0,000143
disappear 0,223144 0,000087
disappointed 0,415515 0,000081
disappointment 0,462035 0,000090
disaster 0,820981 0,000159
discipline 0,634878 0,000123
disciplined 1,897120 0,000369
disclaim 0,462035 0,000090
disclaimer 0,562119 0,000218
discolour 1,832581 0,000356
discomfort 1,108663 0,000215
discontinue 0,510826 0,000099
discourage 0,693147 0,000135
discouragement 1,714798 0,000333
discover 0,030459 0,000018
discovery 0,287682 0,000056
discuss 0,400478 0,000156
discussion 0,597837 0,000116
disengage 0,843970 0,000164
disfigured 1,469676 0,000285
disfigurement 2,813411 0,000547
disgraceful 1,049822 0,000204
disguise 0,494296 0,000192
disheveled 2,207275 0,000429
dishevelled 2,207275 0,000429
disillusionment 2,995732 0,000582
disintegration 2,659260 0,000517
disk 0,415515 0,000081
dislike 0,478036 0,000279
dislodge 1,771957 0,000344
dismal 0,843970 0,000164
dismally 1,771957 0,000344
dismay 0,597837 0,000116
disobey 1,108663 0,000215
disorder 0,544727 0,000106
disordered 1,203973 0,000234
disorderly 1,469676 0,000285
display 0,162519 0,000126
disposed 0,385662 0,000075
disposition 0,371064 0,000072
disregard 0,820981 0,000319
disreputable 1,714798 0,000333
disrobe 3,218876 0,000625
dissolve 0,733969 0,000143
distance 0,105361 0,000041
distastefully 3,912023 0,000760
distinct 0,301105 0,000058
distinctly 0,478036 0,000093
distinguish 0,314711 0,000061
distinguished 0,301105 0,000058
distribute 0,210721 0,000123
distribution 0,430783 0,000084
distributor 0,544727 0,000106
district 0,713350 0,000139
disturb 0,198451 0,000077
disturbance 0,713350 0,000139
ditch 0,994252 0,000386
dive 0,967584 0,000188
divide 0,150823 0,000029
diving 1,660731 0,000323
doctor 0,400478 0,000078
dodge 1,049822 0,000612
dog 0,186330 0,000072
domain 0,328504 0,000064
domestic 0,510826 0,000099
dominate 1,386294 0,000269
domino 2,813411 0,000547
donate 0,544727 0,000106
donation 0,446287 0,000173
donor 0,478036 0,000093
door 0,000000 0,000000
doorstep 1,714798 0,000333
doorward 3,912023 0,000760
doorway 0,733969 0,000143
dose 1,108663 0,000215
dotted 1,347074 0,000262
double 0,139262 0,000027
doubt 0,040822 0,000016
downcast 1,386294 0,000269
downfall 1,609438 0,000313
downhill 2,120264 0,000412
downland 3,912023 0,000760
download 0,562119 0,000109
downstairs 1,049822 0,000204
downward 0,798508 0,000155
doze 0,891598 0,000346
dozen 0,415515 0,000081
drag 0,248461 0,000048
drainage 2,995732 0,000582
draper 2,407946 0,000468
draught 0,527633 0,000102
draw 0,020203 0,000016
drawback 1,469676 0,000285
drawer 0,820981 0,000319
dread 0,248461 0,000145
dream 0,083382 0,000065
dress 0,162519 0,000063
drift 0,462035 0,000180
drily 2,302585 0,000447
drink 0,072571 0,000028
drip 1,427116 0,000277
dripping 0,891598 0,000173
drive 0,030459 0,000024
driver 0,713350 0,000139
drone 1,514128 0,000294
droop 0,798508 0,000155
drop 0,061875 0,000048
drowsy 1,237874 0,000240
drug 0,967584 0,000188
drum 0,843970 0,000164
drunk 0,415515 0,000081
drury 2,525729 0,000491
dry 0,116534 0,000068
duck 0,820981 0,000159
dull 0,174353 0,000034
dumb 0,562119 0,000109
dummy 1,966113 0,000382
durgan 3,912023 0,000760
dusk 0,941609 0,000183
dusky 1,021651 0,000198
dust 0,162519 0,000032
dusty 0,967584 0,000188
duty 0,061875 0,000012
dynamo 3,506558 0,000681
eager 0,210721 0,000041
eagerly 0,385662 0,000075
eagerness 0,544727 0,000106
ear 0,061875 0,000024
earn 0,446287 0,000087
earth 0,051293 0,000010
ease 0,150823 0,000029
easily 0,072571 0,000014
east 0,235722 0,000046
easy 0,000000 0,000000
eat 0,040822 0,000024
eating 0,235722 0,000046
eavesdropping 2,813411 0,000547
eccentricity 1,469676 0,000285
echo 0,356675 0,000069
ecstatically 2,525729 0,000491
eddy 1,237874 0,000240
edge 0,150823 0,000117
edition 0,287682 0,000112
educate 0,544727 0,000106
educational 0,446287 0,000087
eerie 2,995732 0,000582
effort 0,094311 0,000037
eggs 0,776529 0,000151
egotistical 2,407946 0,000468
eighth 0,798508 0,000155
ejaculate 1,514128 0,000294
ejectment 3,218876 0,000625
elaborate 0,867501 0,000506
elastic 1,386294 0,000269
elated 1,469676 0,000285
elation 2,659260 0,000517
elbow 0,494296 0,000288
eld 0,385662 0,000075
elder 1,139434 0,000221
elderly 0,843970 0,000164
elect 0,210721 0,000041
electrician 2,995732 0,000582
electronic 0,544727 0,000106
electronically 0,544727 0,000106
element 0,342490 0,000067
elementary 1,427116 0,000277
eloquent 0,820981 0,000159
elusively 3,912023 0,000760
email 0,562119 0,000109
embarrassed 0,916291 0,000178
embonpoint 3,912023 0,000760
emerge 0,653926 0,000254
eminent 0,967584 0,000188
emotion 0,356675 0,000069
emotional 1,171183 0,000228
emphasis 0,891598 0,000173
empire 0,634878 0,000123
employee 0,510826 0,000198
emporium 2,525729 0,000491
emptiness 1,609438 0,000313
en 0,994252 0,000193
enable 0,274437 0,000053
encode 0,653926 0,000127
encounter 0,446287 0,000173
endeavour 0,713350 0,000139
enemy 0,105361 0,000020
energetic 1,078810 0,000210
energy 0,371064 0,000072
engaged 0,198451 0,000039
engine 0,776529 0,000151
england 0,385662 0,000075
english 0,094311 0,000018
engross 1,386294 0,000269
enjoy 0,072571 0,000014
enormous 0,430783 0,000084
ensign 1,469676 0,000285
ensure 0,342490 0,000067
enter 0,020203 0,000012
enterprise 0,755023 0,000147
entertained 0,616186 0,000120
enthusiasm 0,653926 0,000127
entire 0,274437 0,000053
entity 0,544727 0,000106
entrance 0,210721 0,000082
entry 0,776529 0,000151
envelope 1,347074 0,000262
envy 0,446287 0,000087
epilogue 1,966113 0,000382
epoch 1,309333 0,000254
equally 0,223144 0,000043
equilibrium 1,966113 0,000382
equip 0,967584 0,000188
equipment 0,415515 0,000081
ere 0,634878 0,000123
erect 0,446287 0,000087
error 0,072571 0,000028
escape 0,061875 0,000036
essence 0,693147 0,000135
essential 0,544727 0,000106
essentially 1,347074 0,000262
establish 0,579818 0,000113
establishment 0,673345 0,000131
ethereal 1,714798 0,000333
evade 0,891598 0,000173
evening 0,072571 0,000028
event 0,150823 0,000029
eventuality 2,659260 0,000517
everlasting 0,891598 0,000173
evidence 0,235722 0,000046
evident 0,356675 0,000069
evidently 0,371064 0,000072
evil 0,150823 0,000029
evoke 1,514128 0,000294
exaltation 1,714798 0,000333
examination 0,385662 0,000075
examine 0,150823 0,000088
exasperate 1,514128 0,000294
exasperated 1,386294 0,000269
exasperation 2,120264 0,000412
excavation 2,302585 0,000447
exceedingly 0,462035 0,000090
excellent 0,150823 0,000029
exceptionally 1,897120 0,000369
excessive 0,597837 0,000116
excessively 1,469676 0,000285
excited 0,248461 0,000048
excitedly 1,609438 0,000313
excitement 0,415515 0,000081
exclaim 0,287682 0,000168
exclamation 0,755023 0,000147
exclusion 0,371064 0,000072
excruciating 2,120264 0,000412
excuse 0,139262 0,000027
execute 0,527633 0,000205
execution 0,597837 0,000116
exempt 0,314711 0,000061
exercise 0,235722 0,000046
exhausted 0,400478 0,000078
exist 0,072571 0,000014
existence 0,150823 0,000029
expect 0,051293 0,000020
expectation 0,356675 0,000069
expedient 0,941609 0,000183
expend 0,301105 0,000058
expense 0,127833 0,000050
experience 0,072571 0,000028
experienced 0,356675 0,000069
experiment 0,494296 0,000192
experimental 1,560648 0,000303
expert 1,021651 0,000198
explain 0,116534 0,000045
explanation 0,139262 0,000027
explicit 1,347074 0,000262
explode 1,309333 0,000254
explore 0,713350 0,000277
explosive 2,120264 0,000824
export 0,446287 0,000087
expose 0,597837 0,000116
exposed 0,301105 0,000058
expostulation 2,040221 0,000396
exposure 1,139434 0,000221
express 0,072571 0,000028
expression 0,116534 0,000045
extend 0,261365 0,000102
extent 0,083382 0,000016
extinction 1,660731 0,000323
extra 0,820981 0,000159
extract 0,544727 0,000106
extraordinarily 1,714798 0,000333
extraordinary 0,371064 0,000072
eye 0,000000 0,000000
eyebrow 0,673345 0,000262
eyed 0,597837 0,000116
eyelid 0,891598 0,000173
fabric 1,237874 0,000481
fabrication 2,813411 0,000547
faced 0,820981 0,000159
faceless 3,912023 0,000760
facility 0,342490 0,000067
fade 0,371064 0,000144
fag 1,609438 0,000313
fail 0,072571 0,000028
faint 0,186330 0,000109
faintly 0,713350 0,000139
fair 0,051293 0,000020
faith 0,210721 0,000041
fall 0,000000 0,000000
false 0,210721 0,000041
falter 0,867501 0,000169
fame 0,478036 0,000093
familiar 0,150823 0,000029
famous 0,261365 0,000051
fancy 0,162519 0,000063
fantastic 0,798508 0,000155
farewell 0,634878 0,000123
fascinate 1,171183 0,000228
fashion 0,105361 0,000041
fashionable 0,916291 0,000178
fast 0,030459 0,000018
fasten 0,478036 0,000093
fastening 1,966113 0,000382
fastidiously 3,218876 0,000625
fasting 1,049822 0,000204
fat 0,314711 0,000061
fatal 0,342490 0,000067
fate 0,174353 0,000034
father 0,061875 0,000012
fatigue 0,494296 0,000096
fatigued 1,203973 0,000234
fatuity 2,525729 0,000491
favour 0,544727 0,000212
favourable 0,776529 0,000151
fawn 1,078810 0,000210
fear 0,020203 0,000012
fearful 0,400478 0,000078
feast 0,430783 0,000084
feature 0,261365 0,000051
february 0,820981 0,000159
federal 0,527633 0,000102
fee 0,301105 0,000117
feeble 0,356675 0,000069
feel 0,020203 0,000004
feeling 0,072571 0,000014
fell 1,171183 0,000228
fellow 0,040822 0,000016
fellowship 1,237874 0,000240
fence 0,693147 0,000135
fencing 1,966113 0,000382
fender 1,714798 0,000333
fern 1,771957 0,000344
festival 0,994252 0,000193
festivity 1,514128 0,000294
festoon 1,609438 0,000313
fetch 0,510826 0,000099
fever 0,342490 0,000067
feverish 0,843970 0,000164
feverishly 1,832581 0,000356
fibre 1,560648 0,000606
fiddle 1,514128 0,000294
field 0,094311 0,000037
fierce 0,415515 0,000081
fiercely 0,776529 0,000151
fight 0,083382 0,000032
figure 0,051293 0,000020
file 0,223144 0,000087
filter 1,771957 0,000688
filthy 1,049822 0,000204
final 0,342490 0,000067
finality 2,407946 0,000468
finally 0,150823 0,000029
financial 0,415515 0,000081
fine 0,061875 0,000036
finger 0,150823 0,000059
fingernail 3,218876 0,000625
finish 0,287682 0,000056
finished 0,162519 0,000032
finishing 0,843970 0,000164
firelight 1,660731 0,000323
fireplace 1,108663 0,000215
firm 0,248461 0,000048
firmly 0,342490 0,000067
fish 0,287682 0,000112
fishing 0,755023 0,000147
fishmonger 3,218876 0,000625
fist 0,597837 0,000232
fit 0,030459 0,000012
fitfully 1,966113 0,000382
fitness 0,446287 0,000087
fixed 1,272966 0,000247
fixedly 1,427116 0,000277
fixture 2,040221 0,000396
flabbergast 2,995732 0,000582
flabbiness 3,912023 0,000760
flag 0,653926 0,000127
flagrant 2,302585 0,000447
flail 2,407946 0,000468
flake 1,427116 0,000277
flanking 2,525729 0,000491
flap 0,891598 0,000346
flare 1,108663 0,000215
flash 0,261365 0,000203
flat 0,139262 0,000027
flatly 1,660731 0,000323
flavour 1,386294 0,000269
flaxen 1,660731 0,000323
flee 0,301105 0,000058
flesh 0,210721 0,000041
fletcher 2,995732 0,000582
flexible 1,714798 0,000333
flicker 0,755023 0,000293
flight 0,287682 0,000056
flinch 1,714798 0,000333
fling 0,462035 0,000269
flint 1,171183 0,000455
flit 0,967584 0,000188
float 0,328504 0,000064
flock 0,385662 0,000075
flood 0,430783 0,000084
floor 0,174353 0,000034
flounder 1,237874 0,000240
flow 0,174353 0,000034
fluctuate 1,771957 0,000344
fluid 1,203973 0,000234
flush 0,562119 0,000109
fluted 2,525729 0,000491
flutter 0,673345 0,000131
fluttering 0,994252 0,000193
fly 0,116534 0,000045
flying 0,235722 0,000046
foam 0,733969 0,000143
fog 0,653926 0,000127
fogginess 3,912023 0,000760
fold 0,287682 0,000056
folding 1,049822 0,000204
folk 0,527633 0,000205
follow 0,020203 0,000004
folly 0,274437 0,000053
food 0,127833 0,000025
fool 0,235722 0,000092
foolery 2,302585 0,000447
fooling 1,966113 0,000382
foolish 0,235722 0,000046
foolishness 1,514128 0,000294
foot 0,051293 0,000020
football 2,040221 0,000396
footfall 2,207275 0,000429
footing 0,820981 0,000159
footmark 2,659260 0,000517
footprint 1,897120 0,000369
footstep 0,430783 0,000167
force 0,030459 0,000012
forcibly 0,820981 0,000159
fore 0,755023 0,000147
forego 1,203973 0,000234
forehead 0,400478 0,000078
forenoon 1,347074 0,000262
forge 0,798508 0,000155
forget 0,010050 0,000008
forgetfulness 0,916291 0,000178
form 0,020203 0,000012
format 0,562119 0,000218
formula 1,469676 0,000285
formulate 2,040221 0,000396
forthwith 1,108663 0,000215
fortunate 0,415515 0,000081
fortune 0,162519 0,000032
forwards 1,237874 0,000240
foundation 0,127833 0,000025
fountain 0,653926 0,000127
fours 1,771957 0,000344
fragment 0,597837 0,000116
frame 0,174353 0,000034
france 0,544727 0,000106
frantic 0,820981 0,000159
frantically 1,386294 0,000269
freedom 0,223144 0,000043
freely 0,105361 0,000020
freeze 0,941609 0,000183
french 0,342490 0,000067
frenzy 0,867501 0,000169
frequent 0,287682 0,000112
fresh 0,105361 0,000020
fret 0,713350 0,000139
friend 0,000000 0,000000
fright 0,653926 0,000127
frightened 0,301105 0,000058
frightful 0,776529 0,000151
fro 0,494296 0,000096
frock 1,021651 0,000198
frost 0,653926 0,000254
frosty 1,386294 0,000269
fruit 0,162519 0,000063
fugitive 0,967584 0,000188
fulness 1,386294 0,000269
fumbling 1,609438 0,000313
function 0,820981 0,000159
fund 0,967584 0,000188
funeral 0,597837 0,000116
funk 2,659260 0,000517
furious 0,430783 0,000084
furiously 0,755023 0,000147
furnish 0,527633 0,000102
furnished 0,328504 0,000064
furniture 0,415515 0,000081
furry 2,207275 0,000429
furtive 1,714798 0,000333
furtively 1,897120 0,000369
fury 0,328504 0,000064
furze 2,525729 0,000491
fuss 1,203973 0,000234
future 0,105361 0,000020
gag 1,832581 0,000356
gain 0,040822 0,000008
gait 1,078810 0,000210
gal 2,207275 0,000429
gala 2,525729 0,000491
gallery 0,693147 0,000269
game 0,210721 0,000082
gap 0,843970 0,000164
gape 0,798508 0,000310
garbled 2,995732 0,000582
gard 3,506558 0,000681
garden 0,150823 0,000029
garment 0,400478 0,000156
garnet 2,995732 0,000582
garrison 1,309333 0,000254
gas 1,139434 0,000221
gasp 0,579818 0,000338
gate 0,210721 0,000082
gateway 1,309333 0,000254
gather 0,061875 0,000024
gathering 0,415515 0,000081
gaud 3,506558 0,000681
gaunt 1,139434 0,000221
gay 0,494296 0,000096
gayer 2,302585 0,000447
gazette 1,609438 0,000313
gem 1,108663 0,000215
generation 0,127833 0,000025
generously 1,139434 0,000221
genius 0,400478 0,000078
gent 2,120264 0,000412
gentleman 0,223144 0,000087
gently 0,235722 0,000046
gentry 1,514128 0,000294
geometrical 1,660731 0,000323
george 0,616186 0,000120
german 0,478036 0,000093
germinate 2,995732 0,000582
gesticulate 1,714798 0,000333
gesticulation 2,120264 0,000412
gesture 0,510826 0,000198
ghastly 0,867501 0,000169
ghost 0,462035 0,000180
ghostly 1,237874 0,000240
gibbons 3,912023 0,000760
gift 0,210721 0,000041
gifted 1,049822 0,000204
gin 1,427116 0,000277
gingerly 2,407946 0,000468
gipsies 2,120264 0,000412
girl 0,198451 0,000077
glad 0,072571 0,000014
glairy 3,912023 0,000760
glance 0,186330 0,000145
glare 0,733969 0,000143
glaring 0,967584 0,000188
glass 0,174353 0,000068
glassy 1,660731 0,000323
glimmer 0,967584 0,000376
glimpse 0,462035 0,000090
glint 1,966113 0,000382
glisten 0,820981 0,000159
gloaming 2,995732 0,000582
gloat 1,832581 0,000356
glove 0,597837 0,000232
gloved 2,120264 0,000412
glow 0,314711 0,000183
gnarl 1,514128 0,000294
gnaw 0,967584 0,000376
goal 0,274437 0,000107
god 0,083382 0,000016
goggle 3,218876 0,001251
goggles 3,218876 0,000625
gold 0,083382 0,000016
golden 0,342490 0,000067
gossip 0,994252 0,000193
govern 0,186330 0,000036
government 0,462035 0,000090
gown 0,616186 0,000120
graceful 0,494296 0,000096
grain 0,562119 0,000109
grand 0,342490 0,000067
grano 3,218876 0,000625
grant 0,061875 0,000012
grasp 0,274437 0,000107
grass 0,301105 0,000058
grate 0,673345 0,000131
gratefully 0,415515 0,000081
grave 0,116534 0,000023
gravel 1,203973 0,000234
gravity 0,693147 0,000135
graze 1,108663 0,000215
greasy 1,347074 0,000262
greatly 0,210721 0,000041
greece 1,139434 0,000221
greedily 1,078810 0,000210
greek 0,494296 0,000096
green 0,105361 0,000020
greengrocer 2,995732 0,000582
grey 0,562119 0,000109
greyish 2,525729 0,000491
gribble 3,912023 0,000760
grievance 1,108663 0,000215
griffin 2,525729 0,000491
grim 0,776529 0,000151
grimace 1,386294 0,000269
grimly 1,108663 0,000215
grip 0,798508 0,000465
gritted 3,506558 0,000681
groan 0,446287 0,000173
grocer 1,832581 0,000356
grocery 1,966113 0,000382
groin 2,302585 0,000447
gross 0,235722 0,000046
grotesque 1,021651 0,000198
grotesquely 2,995732 0,000582
ground 0,030459 0,000006
grow 0,010050 0,000006
growl 0,941609 0,000183
growling 1,427116 0,000277
grumble 0,867501 0,000169
grunt 1,021651 0,000198
guard 0,083382 0,000049
guess 0,223144 0,000087
guest 0,235722 0,000092
guidance 0,776529 0,000151
guinea 1,237874 0,000240
gun 0,544727 0,000106
gust 1,139434 0,000443
gusty 2,302585 0,000447
gutter 1,049822 0,000408
ha 0,891598 0,000173
habit 0,162519 0,000063
hag 1,714798 0,000333
haggler 3,912023 0,000760
hail 0,415515 0,000081
hair 0,072571 0,000028
hairy 1,078810 0,000210
halfway 1,386294 0,000269
hall 0,274437 0,000053
hallo 1,966113 0,000382
hallucination 2,120264 0,000412
ham 1,139434 0,000221
hammer 0,544727 0,000106
hamper 1,237874 0,000240
hand 0,010050 0,000006
handbag 2,813411 0,000547
handcuffs 2,407946 0,000468
handful 0,776529 0,000151
handkerchief 0,616186 0,000120
handle 0,223144 0,000087
handless 3,912023 0,000760
handwriting 1,237874 0,000240
handy 0,967584 0,000188
hang 0,198451 0,000116
hanger 2,302585 0,000447
hanging 0,235722 0,000046
hansom 2,302585 0,000447
happen 0,030459 0,000018
happening 2,659260 0,000517
happily 0,478036 0,000093
happiness 0,150823 0,000029
happy 0,061875 0,000012
hard 0,040822 0,000008
harmless 0,248461 0,000048
hart 0,462035 0,000090
haste 0,371064 0,000072
hastily 0,462035 0,000090
hastings 3,218876 0,000625
hat 0,446287 0,000173
hate 0,150823 0,000029
haul 0,941609 0,000183
hazy 1,771957 0,000344
head 0,000000 0,000000
headless 1,897120 0,000369
headlong 0,843970 0,000164
heap 0,248461 0,000097
hear 0,010050 0,000006
hearing 0,139262 0,000027
hearse 1,966113 0,000382
heart 0,010050 0,000004
hearth 0,843970 0,000164
heartily 0,597837 0,000116
hearty 0,616186 0,000120
heat 0,198451 0,000077
heaven 0,174353 0,000068
heavily 0,400478 0,000078
heavy 0,030459 0,000012
heed 0,510826 0,000198
heel 0,356675 0,000139
helmet 1,427116 0,000277
helper 1,714798 0,000666
helpless 0,328504 0,000064
helplessly 1,514128 0,000294
hem 1,171183 0,000228
hereabouts 2,040221 0,000396
hero 0,430783 0,000084
hesitate 0,314711 0,000183
hesitation 0,616186 0,000120
hex 3,912023 0,000760
hide 0,072571 0,000028
hiding 0,616186 0,000120
highly 0,261365 0,000051
hill 0,150823 0,000059
hillside 1,386294 0,000269
hiss 0,653926 0,000127
hit 0,314711 0,000122
hitherto 0,385662 0,000075
hoarse 0,867501 0,000169
hoarsely 1,560648 0,000303
hoax 2,659260 0,001033
hobbledehoy 2,995732 0,000582
hobnail 3,506558 0,000681
hold 0,010050 0,000006
holder 0,430783 0,000167
holiday 0,713350 0,000139
hollow 0,430783 0,000084
homicidal 2,659260 0,000517
honour 0,494296 0,000096
hoot 2,040221 0,000396
hop 1,108663 0,000431
hope 0,000000 0,000000
hopeless 0,510826 0,000099
hopelessly 1,078810 0,000210
horizontal 1,514128 0,000294
horn 0,478036 0,000093
horrible 0,356675 0,000069
horribly 0,916291 0,000178
horrified 1,272966 0,000247
horror 0,198451 0,000077
horse 0,139262 0,000054
horseshoe 2,407946 0,000468
host 0,446287 0,000087
hostess 1,347074 0,000262
hot 0,116534 0,000023
hotel 0,820981 0,000159
hound 0,843970 0,000164
hour 0,061875 0,000024
house 0,020203 0,000004
housebreak 2,995732 0,000582
housekeeper 1,139434 0,000221
housekeeping 1,427116 0,000277
housemaid 1,514128 0,000294
houses 0,139262 0,000027
howl 0,527633 0,000205
huge 0,400478 0,000078
hullo 2,040221 0,000396
human 0,072571 0,000014
humanity 0,494296 0,000096
humbug 1,514128 0,000294
humiliation 0,916291 0,000178
humph 1,897120 0,000369
hunch 1,771957 0,000344
hunchback 2,207275 0,000429
hung 0,174353 0,000034
hunger 0,478036 0,000093
hungry 0,314711 0,000061
hunt 0,371064 0,000144
hunter 0,579818 0,000225
hunting 0,462035 0,000090
hurl 0,798508 0,000155
hurriedly 0,891598 0,000173
hurry 0,162519 0,000095
hurt 0,150823 0,000059
husband 0,198451 0,000039
hush 0,527633 0,000102
huskiness 3,912023 0,000760
huxter 3,912023 0,000760
hydrogen 2,995732 0,000582
hymn 0,994252 0,000193
hypnotism 2,659260 0,000517
hypothesis 1,237874 0,000240
hysteric 1,660731 0,000323
idea 0,083382 0,000032
identification 0,527633 0,000102
identify 0,342490 0,000067
idiot 0,776529 0,000151
ignorant 0,301105 0,000058
ignore 1,309333 0,000254
iii 0,287682 0,000056
illuminate 0,941609 0,000183
illustrate 0,616186 0,000120
illustration 0,867501 0,000169
imagination 0,223144 0,000043
imaginative 1,609438 0,000313
imagine 0,083382 0,000032
imitation 0,673345 0,000131
immovable 1,203973 0,000234
impatience 0,634878 0,000123
impatient 0,371064 0,000072
impatiently 0,634878 0,000123
impede 1,309333 0,000254
impel 0,916291 0,000178
impenetrable 1,049822 0,000204
impenetrably 2,995732 0,000582
imperceptible 1,609438 0,000313
imperfect 0,673345 0,000131
implement 1,469676 0,000285
imply 0,235722 0,000046
impose 0,162519 0,000032
impossibility 0,891598 0,000173
impossible 0,094311 0,000018
impotent 1,272966 0,000247
imprecation 1,897120 0,000369
impregnably 3,506558 0,000681
impress 0,634878 0,000123
impressed 0,510826 0,000099
impression 0,210721 0,000082
imprison 0,798508 0,000155
impromptu 2,407946 0,000468
impulse 0,400478 0,000078
impunity 1,347074 0,000262
inaccurate 0,510826 0,000099
inaction 1,966113 0,000382
inadvertently 2,120264 0,000412
inanity 3,218876 0,000625
inarticulate 1,514128 0,000294
inaudible 1,560648 0,000303
incapable 0,562119 0,000109
incessant 0,941609 0,000183
inch 0,430783 0,000167
incident 0,356675 0,000139
incidental 0,446287 0,000087
incidentally 1,609438 0,000313
inclination 0,544727 0,000106
inclined 0,186330 0,000036
include 0,072571 0,000056
incoherent 1,469676 0,000285
incoherently 2,207275 0,000429
incomplete 0,301105 0,000058
incomprehensible 1,108663 0,000215
inconceivable 1,078810 0,000210
inconclusive 2,525729 0,000491
incongruity 2,040221 0,000396
incontinently 2,659260 0,000517
increase 0,061875 0,000036
incredible 0,653926 0,000127
incredulous 1,309333 0,000254
indecipherable 3,912023 0,000760
indecorous 2,407946 0,000468
indemnify 0,446287 0,000087
indemnity 0,527633 0,000102
indescribably 1,771957 0,000344
indeterminate 2,813411 0,000547
india 0,843970 0,000164
indicative 2,120264 0,000412
indirect 0,446287 0,000087
indirectly 0,371064 0,000072
indisputable 1,966113 0,000382
indistinct 1,139434 0,000221
individual 0,139262 0,000027
indoors 1,469676 0,000285
induce 0,328504 0,000064
ineffectual 1,469676 0,000285
inevitable 0,544727 0,000106
inevitably 0,843970 0,000164
inexplicably 3,218876 0,000625
inexpressibly 1,897120 0,000369
infant 0,673345 0,000131
inferior 0,579818 0,000113
infernal 0,843970 0,000164
infest 1,832581 0,000356
infinite 0,430783 0,000084
infinity 1,832581 0,000356
inflame 1,049822 0,000204
inflate 2,995732 0,000582
inflict 0,579818 0,000113
influence 0,198451 0,000039
infrequent 2,120264 0,000412
infringement 0,544727 0,000106
infuriate 1,609438 0,000313
ingredient 1,514128 0,000294
inhuman 1,108663 0,000215
injure 0,356675 0,000069
injury 0,301105 0,000058
inkling 1,427116 0,000554
inky 1,966113 0,000382
inn 0,713350 0,000139
inns 1,897120 0,000369
inoffensive 1,660731 0,000323
inquire 0,235722 0,000046
inquirer 1,966113 0,000382
inquiringly 1,771957 0,000344
inquiry 0,446287 0,000173
inquisitively 2,040221 0,000396
insane 0,994252 0,000386
inscrutable 1,514128 0,000294
insensible 0,843970 0,000164
insist 0,223144 0,000043
inspect 0,798508 0,000310
inspection 0,798508 0,000155
inspiration 0,755023 0,000147
instance 0,116534 0,000045
instantaneously 1,832581 0,000356
instantly 0,356675 0,000069
instinct 0,356675 0,000069
instruct 0,494296 0,000096
instruction 0,328504 0,000064
instrument 0,248461 0,000048
insure 1,237874 0,000240
insurmountable 1,714798 0,000333
intact 1,609438 0,000313
intellect 0,634878 0,000123
intellectual 0,235722 0,000046
intelligence 0,301105 0,000058
intelligible 1,021651 0,000198
intend 0,094311 0,000037
intense 0,430783 0,000084
intensely 0,820981 0,000159
intensity 0,994252 0,000193
intent 0,494296 0,000096
intention 0,127833 0,000025
intently 0,891598 0,000173
intercept 1,171183 0,000228
interior 0,673345 0,000131
interlocutor 1,966113 0,000382
interminable 1,237874 0,000240
internal 0,261365 0,000051
international 0,494296 0,000096
interpret 0,235722 0,000046
interrogate 1,660731 0,000323
interrogation 1,897120 0,000737
interrogative 2,659260 0,000517
interrupt 0,562119 0,000109
interrupted 0,301105 0,000058
interstice 2,525729 0,000491
interval 0,301105 0,000117
intervene 0,713350 0,000139
interview 0,634878 0,000247
intimation 1,272966 0,000247
intolerable 0,673345 0,000131
intonation 1,660731 0,000323
intricate 1,078810 0,000210
introduction 0,385662 0,000075
introductory 1,771957 0,000344
intruder 1,108663 0,000215
intrusion 1,237874 0,000240
intuition 1,560648 0,000303
invade 0,755023 0,000147
invalidity 0,527633 0,000102
invariably 0,798508 0,000155
investigate 0,820981 0,000159
investigation 0,713350 0,000139
investigator 2,040221 0,000396
invigorate 1,714798 0,000333
invisibility 3,506558 0,000681
invisible 0,562119 0,000109
invisibly 2,525729 0,000491
invitation 0,494296 0,000096
involve 0,820981 0,000159
involved 0,579818 0,000113
irascibility 2,995732 0,000582
iridescent 3,218876 0,000625
iron 0,162519 0,000032
ironmongery 3,218876 0,000625
irony 1,386294 0,000269
irradiate 2,525729 0,000491
irregular 0,733969 0,000143
irreligious 2,525729 0,000491
irresistible 0,653926 0,000127
irresistibly 1,203973 0,000234
irresolutely 2,407946 0,000468
irritability 1,897120 0,000369
irritable 1,469676 0,000285
irritably 2,407946 0,000468
irritated 1,078810 0,000210
irritating 1,272966 0,000247
irritation 1,108663 0,000215
irs 0,562119 0,000109
isolated 0,994252 0,000193
issue 0,198451 0,000039
iv 0,328504 0,000064
ix 0,494296 0,000096
jabber 2,207275 0,000429
jack 0,755023 0,000147
jacket 0,755023 0,000293
jagged 1,560648 0,000303
jaggers 3,506558 0,000681
jam 1,237874 0,000240
james 0,673345 0,000131
january 0,693147 0,000135
jar 1,021651 0,000198
jasmine 2,407946 0,000468
jauntily 2,302585 0,000447
jaw 0,544727 0,000212
jealous 0,446287 0,000087
jelly 1,514128 0,000294
jerk 0,820981 0,000638
jerkily 3,218876 0,000625
jerry 2,995732 0,000582
jersey 2,120264 0,000824
jest 0,616186 0,000120
jet 1,347074 0,000262
jew 1,171183 0,000228
jewel 0,634878 0,000123
job 0,597837 0,000116
jobber 3,506558 0,000681
joint 0,446287 0,000087
joke 0,356675 0,000069
joker 2,302585 0,000447
jolly 0,994252 0,000193
jostle 1,272966 0,000247
journalist 1,897120 0,000369
jove 1,108663 0,000215
jubilee 2,040221 0,000396
judge 0,061875 0,000024
judicial 1,309333 0,000254
judicious 1,139434 0,000221
jump 0,430783 0,000167
jumping 0,798508 0,000155
junction 1,514128 0,000294
june 0,527633 0,000102
justice 0,162519 0,000032
keenly 0,967584 0,000188
keeper 0,820981 0,000159
kemp 3,912023 0,000760
ken 1,714798 0,000333
key 0,342490 0,000067
kick 0,314711 0,000183
kill 0,083382 0,000049
kilt 2,525729 0,000491
kindly 0,223144 0,000043
kindred 0,994252 0,000193
kitchen 0,562119 0,000109
knavish 2,813411 0,000547
knee 0,150823 0,000059
kneel 0,478036 0,000186
knife 0,287682 0,000112
knit 0,673345 0,000131
knob 1,427116 0,000277
knock 0,287682 0,000168
knot 0,510826 0,000099
knowledge 0,061875 0,000012
knuckled 2,995732 0,000582
label 1,427116 0,001109
laboratory 1,832581 0,000356
labourer 1,309333 0,000509
laburnum 3,218876 0,000625
lace 0,867501 0,000337
lack 0,371064 0,000072
lad 0,653926 0,000127
lady 0,162519 0,000063
lair 1,427116 0,000277
lake 0,162519 0,000032
lame 0,798508 0,000155
lamp 0,400478 0,000156
lampshade 3,912023 0,000760
landing 0,544727 0,000106
landlady 1,514128 0,000294
landlord 0,941609 0,000183
lane 0,653926 0,000254
language 0,072571 0,000014
languid 1,049822 0,000204
lanky 2,302585 0,000447
lantern 0,843970 0,000164
lapse 0,733969 0,000428
larceny 2,659260 0,000517
larder 2,120264 0,000412
larva 3,218876 0,000625
latch 1,309333 0,000509
late 0,094311 0,000018
laugh 0,094311 0,000055
laughter 0,274437 0,000053
law 0,020203 0,000008
lawn 1,078810 0,000210
lawyer 0,673345 0,000131
lay 0,030459 0,000012
lead 0,020203 0,000008
leading 0,139262 0,000027
leaf 0,446287 0,000087
lean 0,127833 0,000099
leap 0,287682 0,000112
leapt 1,560648 0,000303
learn 0,020203 0,000008
leastways 2,995732 0,000582
leather 0,527633 0,000102
leathery 2,995732 0,000582
leave -0,009950 -0,000006
left 0,000000 0,000000
leg 0,235722 0,000092
legal 0,261365 0,000051
legally 0,342490 0,000067
legend 0,820981 0,000159
leisurely 1,108663 0,000215
lend 0,430783 0,000084
lens 2,407946 0,000468
letter 0,072571 0,000028
level 0,210721 0,000041
leveret 2,659260 0,000517
liability 0,462035 0,000090
liable 0,235722 0,000046
liberty 0,198451 0,000039
library 0,223144 0,000043
license 0,301105 0,000058
licensed 0,430783 0,000084
lick 0,673345 0,000131
lid 0,597837 0,000116
lie 0,020203 0,000008
lieu 0,415515 0,000081
life -0,009950 -0,000002
lift 0,116534 0,000091
ligature 2,302585 0,000447
light 0,000000 0,000000
lighted 0,261365 0,000051
likeness 0,673345 0,000131
likes 1,771957 0,000344
limb 0,248461 0,000097
limitation 0,371064 0,000072
limited 0,261365 0,000051
limp 1,108663 0,000215
limping 1,771957 0,000344
linen 0,527633 0,000102
lining 1,771957 0,000344
link 0,174353 0,000068
linoleum 3,506558 0,000681
lip 0,127833 0,000050
lipped 1,966113 0,000382
liquid 0,843970 0,000164
liquor 0,798508 0,000155
liquorish 3,912023 0,000760
list 0,301105 0,000058
listen 0,105361 0,000061
listener 0,843970 0,000164
literary 0,287682 0,000056
litter 0,843970 0,000328
live 0,010050 0,000004
living 0,020203 0,000004
lo 0,916291 0,000178
loaf 0,867501 0,000169
loath 1,427116 0,000277
lobster 2,040221 0,000396
locate 0,371064 0,000072
location 0,494296 0,000096
lock 0,162519 0,000095
locking 1,272966 0,000247
locomotive 2,120264 0,000412
lodge 0,494296 0,000192
lodger 1,609438 0,000313
lodging 0,776529 0,000151
lodgment 2,659260 0,000517
loiter 1,347074 0,000262
london 0,415515 0,000081
lone 1,514128 0,000294
lonely 0,400478 0,000156
lookout 1,427116 0,000277
looky 2,995732 0,000582
loom 1,078810 0,000210
loose 0,094311 0,000037
loosely 1,347074 0,000262
loosen 0,891598 0,000173
lord 0,223144 0,000043
lose 0,000000 0,000000
loss 0,083382 0,000016
lot 0,051293 0,000010
loud 0,105361 0,000020
loudly 0,400478 0,000078
louis 1,078810 0,000210
lounge 1,108663 0,000215
lout 2,525729 0,000491
love 0,030459 0,000012
luck 0,446287 0,000087
luckily 1,203973 0,000234
lucky 0,494296 0,000096
lug 1,771957 0,000688
luggage 1,203973 0,000234
lumber 1,203973 0,000234
lumpily 3,912023 0,000760
lunatic 1,203973 0,000234
lunch 0,967584 0,000188
lymphatic 3,506558 0,000681
machine 0,210721 0,000041
mad 0,235722 0,000046
madden 1,771957 0,000344
madness 0,597837 0,000116
magic 0,673345 0,000131
magistrate 0,820981 0,000159
magnificent 0,328504 0,000064
magnify 0,994252 0,000193
magnitude 1,078810 0,000210
maid 0,415515 0,000081
maim 1,272966 0,000247
main 0,127833 0,000025
maintain 0,094311 0,000037
malignant 1,139434 0,000221
manage 0,261365 0,000102
manager 0,597837 0,000232
manchester 2,040221 0,000396
mania 1,347074 0,000262
manner 0,040822 0,000008
manners 0,274437 0,000053
mantel 1,832581 0,000356
manuscript 0,967584 0,000188
march 0,223144 0,000043
marching 1,171183 0,000228
mariner 1,078810 0,000210
mark 0,105361 0,000020
marked 0,061875 0,000012
market 0,510826 0,000099
married 0,248461 0,000048
marvel 0,693147 0,000404
marvellously 1,660731 0,000323
mask 0,673345 0,000392
mass 0,210721 0,000082
master 0,072571 0,000014
mat 0,820981 0,000159
match 0,301105 0,000117
mathematical 1,237874 0,000240
mathematician 1,714798 0,000333
matter 0,000000 0,000000
mattress 1,237874 0,000240
maximum 0,478036 0,000093
maze 1,272966 0,000247
meadow 0,733969 0,000143
meal 0,261365 0,000102
meandering 2,813411 0,000547
measure 0,127833 0,000025
meat 0,356675 0,000069
medal 1,469676 0,000285
medical 1,021651 0,000198
medicine 0,562119 0,000109
meditation 0,776529 0,000151
meditative 1,660731 0,000323
medium 0,223144 0,000043
meet 0,010050 0,000004
mell 1,609438 0,000313
melt 0,385662 0,000075
memorable 1,108663 0,000215
memorandum 1,560648 0,000303
mend 0,653926 0,000254
mental 0,430783 0,000084
mention 0,105361 0,000020
merchantability 0,994252 0,000193
mercy 0,210721 0,000041
mere 0,094311 0,000018
mesh 1,609438 0,000313
mess 0,867501 0,000337
metal 0,527633 0,000102
metamorphose 2,207275 0,000429
method 0,094311 0,000037
methodical 1,966113 0,000382
miaow 3,912023 0,001520
miaowing 3,912023 0,000760
michael 0,400478 0,000078
microscope 2,207275 0,000429
microscopic 2,207275 0,000429
midday 1,108663 0,000215
middle 0,030459 0,000006
midst 0,287682 0,000056
mighty 0,328504 0,000064
mild 0,430783 0,000084
mile 0,174353 0,000068
milk 0,400478 0,000078
millie 3,912023 0,000760
mind 0,020203 0,000004
minded 0,400478 0,000078
mingle 0,356675 0,000069
minor 0,713350 0,000139
minority 1,386294 0,000269
minute 0,150823 0,000059
miracle 0,597837 0,000232
miraculously 1,966113 0,000382
mirror 0,579818 0,000113
miscellaneous 1,771957 0,000344
miser 1,560648 0,000303
miserable 0,210721 0,000041
misery 0,248461 0,000048
misfortune 0,400478 0,000078
missile 1,714798 0,000333
missing 1,386294 0,000269
mission 0,210721 0,000041
mississippi 0,415515 0,000081
missive 2,207275 0,000429
mist 0,430783 0,000084
mistake 0,186330 0,000072
mister 1,832581 0,000356
misty 1,309333 0,000254
mixing 1,272966 0,000247
modest 0,371064 0,000072
modification 0,478036 0,000093
modify 0,356675 0,000069
moisten 1,660731 0,000323
moisture 1,108663 0,000215
molecular 3,506558 0,000681
moment 0,010050 0,000004
momentary 0,693147 0,000135
monday 0,891598 0,000173
mondays 3,218876 0,000625
money 0,051293 0,000010
monger 2,302585 0,000447
monologue 2,407946 0,000468
monstrous 0,400478 0,000078
montague 2,813411 0,000547
month 0,040822 0,000016
mood 0,462035 0,000090
moon 0,261365 0,000051
morning 0,040822 0,000016
morrow 0,328504 0,000064
mother 0,072571 0,000028
motion 0,223144 0,000043
motionless 0,544727 0,000106
motive 0,356675 0,000069
mottled 2,120264 0,000412
mound 1,272966 0,000247
mount 0,210721 0,000041
mountain 0,400478 0,000078
mourner 1,309333 0,000254
moustache 1,514128 0,000294
mouth 0,061875 0,000012
mouthed 1,660731 0,000323
mouthful 1,237874 0,000240
mouthpiece 2,813411 0,000547
movement 0,287682 0,000112
mow 1,714798 0,000333
mud 0,462035 0,000090
muddy 0,867501 0,000169
muffle 1,108663 0,000431
muffler 2,995732 0,000582
multiply 0,776529 0,000151
multitude 0,385662 0,000150
multitudinous 2,040221 0,000396
mumble 1,386294 0,000269
mumbling 1,714798 0,000333
murder 0,248461 0,000097
murderer 0,733969 0,000143
murderous 1,078810 0,000210
murmur 0,287682 0,000056
murmuring 0,967584 0,000188
muscular 1,203973 0,000234
museum 1,139434 0,000221
music 0,198451 0,000039
muslin 1,272966 0,000247
mustard 1,714798 0,000333
muster 1,078810 0,000210
mutter 0,653926 0,000127
muttering 1,049822 0,000204
mysterious 0,314711 0,000061
mysteriously 1,171183 0,000228
mystery 0,235722 0,000046
nail 0,356675 0,000069
naked 0,274437 0,000053
nape 1,771957 0,000344
napkin 1,514128 0,000294
nar 3,912023 0,000760
nare 3,506558 0,000681
narrative 0,579818 0,000113
narrow 0,094311 0,000018
narrowly 1,272966 0,000247
nation 0,579818 0,000113
national 0,755023 0,000147
naturalist 1,832581 0,000356
naturally 0,210721 0,000041
nature 0,094311 0,000018
nauplii 3,912023 0,000760
nautical 1,832581 0,000356
navvy 2,813411 0,001093
necessitate 1,714798 0,000333
necessity 0,210721 0,000041
neck 0,174353 0,000068
negligence 0,415515 0,000081
neighbour 0,510826 0,000099
neighbourhood 0,776529 0,000151
nerve 0,371064 0,000216
nervous 0,494296 0,000096
nervously 1,203973 0,000234
nettle 1,272966 0,000247
network 0,415515 0,000081
newly 0,494296 0,000096
news 0,210721 0,000041
newsletter 0,562119 0,000109
newspaper 0,693147 0,000269
nicely 1,021651 0,000198
night 0,010050 0,000004
nightfall 1,309333 0,000254
nightmare 1,171183 0,000228
ninth 0,994252 0,000193
nip 1,427116 0,000277
nipping 2,525729 0,000491
nod 0,371064 0,000072
noise 0,139262 0,000054
noiseless 1,609438 0,000313
noiselessly 1,237874 0,000240
noisily 1,609438 0,000313
noisy 0,776529 0,000151
nonproprietary 0,562119 0,000109
nonsense 0,478036 0,000093
noon 0,430783 0,000084
north 0,083382 0,000016
northward 1,203973 0,000234
nose 0,261365 0,000102
notably 2,120264 0,000412
note 0,094311 0,000037
nothingness 1,832581 0,000356
notice 0,020203 0,000012
notify 0,371064 0,000072
notion 0,314711 0,000061
nowadays 1,139434 0,000221
nuisance 1,309333 0,000254
numerous 0,235722 0,000046
nurse 0,301105 0,000058
oath 0,385662 0,000075
ob 2,407946 0,000468
obdurate 1,771957 0,000344
object 0,105361 0,000041
objection 0,400478 0,000078
oblige 0,210721 0,000041
obliquely 2,120264 0,000412
oblong 1,469676 0,000571
obscure 0,478036 0,000093
observant 1,309333 0,000254
observation 0,446287 0,000087
observe 0,094311 0,000037
obsolete 0,446287 0,000087
obstacle 0,510826 0,000099
obstinately 1,272966 0,000247
obvious 0,415515 0,000081
occasion 0,105361 0,000041
occasional 0,510826 0,000099
occasionally 0,371064 0,000072
occult 2,040221 0,000793
occupation 0,371064 0,000072
occupy 0,174353 0,000034
occur 0,083382 0,000032
occurrence 0,693147 0,000135
october 0,653926 0,000127
odd 0,385662 0,000075
oddly 1,469676 0,000285
odour 1,021651 0,000198
offence 0,527633 0,000102
offensive 0,693147 0,000135
offer 0,020203 0,000004
office 0,072571 0,000028
officer 0,314711 0,000061
official 0,223144 0,000087
oil 0,446287 0,000087
oliver 2,207275 0,000429
omnium 3,218876 0,000625
online 0,510826 0,000099
opaque 1,897120 0,000369
operation 0,478036 0,000093
operator 2,040221 0,000396
opinion 0,105361 0,000020
opium 1,609438 0,000313
opportunity 0,061875 0,000024
opposition 0,494296 0,000096
optical 2,407946 0,000468
opulence 2,120264 0,000412
ordinary 0,186330 0,000036
organ 0,634878 0,000123
organise 1,966113 0,000382
organized 0,356675 0,000069
original 0,105361 0,000020
originally 0,673345 0,000131
originator 0,478036 0,000093
ornamental 1,386294 0,000269
ostentatiously 2,207275 0,000429
outburst 1,272966 0,000247
outcast 1,203973 0,000234
outdated 0,562119 0,000109
outdoor 1,832581 0,000356
outer 0,510826 0,000099
outfit 1,171183 0,000228
outline 0,579818 0,000113
outlook 1,714798 0,000333
outsider 2,120264 0,000412
outskirts 1,560648 0,000303
outstretched 1,108663 0,000215
outwardly 1,309333 0,000254
overbearing 1,966113 0,000382
overcoat 1,609438 0,000313
overcome 0,198451 0,000039
overhead 0,843970 0,000164
overlook 0,527633 0,000205
overnight 2,525729 0,000491
oversetting 3,912023 0,000760
overshadow 1,609438 0,000313
overtake 0,400478 0,000156
overthrow 0,967584 0,000376
overturn 0,994252 0,000193
overwhelming 1,049822 0,000204
overwork 1,897120 0,000369
ow 1,832581 0,000356
owe 0,105361 0,000020
owner 0,083382 0,000016
ox 0,941609 0,000183
oxford 1,272966 0,000247
pace 0,186330 0,000036
pacing 1,108663 0,000215
packed 0,616186 0,000120
packing 1,108663 0,000215
pad 1,560648 0,000303
padded 2,040221 0,000396
pail 1,309333 0,000254
pain 0,051293 0,000010
painful 0,328504 0,000064
painfully 0,916291 0,000178
paint 0,274437 0,000053
painting 0,713350 0,000277
pair 0,210721 0,000082
pal 2,207275 0,000429
palaeolithic 3,912023 0,000760
pale 0,186330 0,000036
paler 1,386294 0,000269
pallid 1,237874 0,000240
pallor 1,347074 0,000262
palm 0,494296 0,000096
pan 0,755023 0,000147
pane 1,078810 0,000419
panel 1,203973 0,000468
panic 1,049822 0,000204
pansy 2,525729 0,000491
panting 0,597837 0,000116
pantomime 1,966113 0,000382
pantry 1,897120 0,000369
pants 1,966113 0,000382
paper 0,083382 0,000032
paperwork 0,562119 0,000109
paragraph 0,328504 0,000128
parallelogram 3,218876 0,000625
paralysed 2,120264 0,000412
parcel 0,867501 0,000337
pardon 0,287682 0,000056
parley 1,514128 0,000294
parliamentary 2,120264 0,000412
parlour 1,469676 0,000285
parsimony 2,120264 0,000412
partially 0,967584 0,000188
particle 0,967584 0,000188
particulars 0,776529 0,000151
partner 0,510826 0,000099
party 0,030459 0,000006
pass 0,020203 0,000012
passably 2,407946 0,000468
passage 0,105361 0,000020
passenger 0,653926 0,000127
passer 1,078810 0,000419
passing 0,094311 0,000018
passion 0,174353 0,000034
passionately 0,941609 0,000183
passive 0,941609 0,000183
pasteboard 2,659260 0,000517
pat 0,776529 0,000151
patch 0,616186 0,000239
patched 1,427116 0,000277
patchy 3,506558 0,000681
path 0,150823 0,000059
patience 0,139262 0,000027
patois 2,525729 0,000491
patter 1,203973 0,000468
pause 0,314711 0,000122
pavement 0,755023 0,000147
pavilion 1,560648 0,000303
pay 0,030459 0,000018
payment 0,274437 0,000107
peace 0,094311 0,000018
peak 0,916291 0,000356
peasant 0,798508 0,000155
peculiar 0,223144 0,000043
peel 1,139434 0,000221
peep 0,634878 0,000123
peer 0,616186 0,000239
peered 1,237874 0,000240
peewit 3,506558 0,000681
pell 1,560648 0,000303
pelt 1,386294 0,000269
pen 0,235722 0,000092
pencil 0,616186 0,000120
penetrate 0,415515 0,000242
penetratingly 3,218876 0,000625
pensive 1,171183 0,000228
penthouse 3,218876 0,000625
penultimate 3,218876 0,000625
penury 2,120264 0,000412
perambulator 2,995732 0,000582
perceive 0,198451 0,000077
perception 0,967584 0,000188
perfect 0,061875 0,000012
perfectly 0,162519 0,000032
perform 0,072571 0,000042
performance 0,127833 0,000025
periodic 0,544727 0,000106
perish 0,462035 0,000090
permanent 0,223144 0,000043
permission 0,150823 0,000029
permit 0,094311 0,000018
perplex 0,653926 0,000127
perplexing 1,560648 0,000303
perplexity 0,755023 0,000147
person -0,009950 -0,000004
personage 0,967584 0,000188
personal 0,223144 0,000043
personality 0,967584 0,000188
perspire 1,966113 0,000382
persuasion 0,891598 0,000173
petty 0,776529 0,000151
pharmaceutical 3,912023 0,000760
pharynx 3,912023 0,000760
phase 1,108663 0,000215
phenomenon 0,820981 0,000159
phew 2,659260 0,000517
philanthropy 1,771957 0,000344
philosophical 1,049822 0,000204
photograph 1,347074 0,000262
phrase 0,139262 0,000027
physical 0,198451 0,000039
physicist 2,995732 0,000582
physics 1,897120 0,000369
physiology 1,966113 0,000382
pick 0,223144 0,000043
picking 0,634878 0,000123
picnic 1,897120 0,000369
picture 0,139262 0,000027
picturesque 0,755023 0,000147
piebald 3,218876 0,000625
piece 0,020203 0,000008
pier 1,347074 0,000262
pig 0,544727 0,000106
pigment 2,813411 0,001093
pile 0,328504 0,000191
pillar 0,597837 0,000232
pillow 0,544727 0,000106
pin 0,478036 0,000093
pine 0,462035 0,000090
pink 0,820981 0,000159
pinky 3,506558 0,000681
pipe 0,385662 0,000075
pistol 0,820981 0,000159
pit 0,597837 0,000116
pitch 0,261365 0,000102
pitfall 2,525729 0,000491
pitiful 0,798508 0,000155
pity 0,139262 0,000027
plain 0,040822 0,000008
plainly 0,261365 0,000051
plan 0,198451 0,000116
plank 0,673345 0,000262
planning 1,021651 0,000198
plant 0,186330 0,000036
plaster 0,916291 0,000178
plate 0,314711 0,000061
play 0,040822 0,000024
pleasant 0,162519 0,000032
pleased 0,150823 0,000029
pleasure 0,051293 0,000010
plot 0,693147 0,000269
plough 0,941609 0,000183
pluck 0,371064 0,000072
plume 0,994252 0,000193
plunder 0,994252 0,000193
plunge 0,314711 0,000061
pocket 0,371064 0,000216
pointedly 2,207275 0,000429
poise 1,203973 0,000234
poison 0,371064 0,000072
poke 0,941609 0,000183
poker 1,660731 0,000323
police 0,755023 0,000147
policeman 1,237874 0,000481
polish 1,108663 0,000215
politely 1,078810 0,000210
politics 0,713350 0,000139
pond 0,994252 0,000386
poor 0,020203 0,000004
popular 0,430783 0,000084
pore 1,203973 0,000234
port 0,579818 0,000113
portico 1,771957 0,000344
portion 0,301105 0,000058
portland 2,407946 0,000468
portmanteau 2,207275 0,000429
portmanteaux 3,912023 0,000760
position 0,162519 0,000032
possess 0,061875 0,000024
possession 0,083382 0,000016
possibility 0,150823 0,000059
post 0,051293 0,000030
postman 2,207275 0,000429
postmark 2,659260 0,000517
pot 0,478036 0,000186
pound 0,314711 0,000183
pour 0,116534 0,000023
poverty 0,446287 0,000087
powder 0,597837 0,000348
powdering 2,407946 0,000468
power 0,030459 0,000006
powerful 0,223144 0,000043
practical 0,494296 0,000096
practically 0,235722 0,000046
practice 0,116534 0,000023
practitioner 2,040221 0,000396
precaution 0,733969 0,000143
precipitately 2,302585 0,000447
precise 0,776529 0,000151
precisely 0,510826 0,000099
preconception 3,506558 0,000681
prefer 0,174353 0,000068
preoccupy 1,386294 0,000269
preparation 0,328504 0,000064
preparatory 1,309333 0,000254
prepare 0,116534 0,000045
prepared 0,105361 0,000020
prescription 1,469676 0,000285
presence 0,094311 0,000018
presently 0,385662 0,000075
preserve 0,083382 0,000016
press 0,105361 0,000020
pressure 0,527633 0,000102
pretty 0,150823 0,000029
prevent 0,040822 0,000016
previous 0,094311 0,000018
prick 0,843970 0,000164
pride 0,150823 0,000029
primrose 2,813411 0,000547
principal 0,287682 0,000056
principle 0,274437 0,000107
print 0,116534 0,000045
prison 0,248461 0,000048
prisoner 0,356675 0,000069
privacy 1,714798 0,000333
private 0,198451 0,000039
prize 0,494296 0,000096
probable 0,494296 0,000096
probationary 2,995732 0,000582
probe 1,660731 0,000323
proceed 0,116534 0,000023
proceeding 0,510826 0,000099
proceedings 0,713350 0,000139
proceeds 0,916291 0,000178
process 0,400478 0,000233
processing 0,562119 0,000109
procession 0,693147 0,000135
proclaim 0,527633 0,000102
proclamation 1,609438 0,000625
procure 0,415515 0,000081
produce 0,061875 0,000036
production 0,274437 0,000053
profanity 2,525729 0,000491
professional 0,820981 0,000159
professor 0,261365 0,000051
profit 0,083382 0,000016
profound 0,446287 0,000087
progress 0,162519 0,000032
progression 1,966113 0,000382
prohibition 0,415515 0,000081
project -0,009950 -0,000004
promenade 1,771957 0,000344
prominently 0,494296 0,000096
promiscuous 2,040221 0,000396
promise 0,051293 0,000010
promote 0,274437 0,000053
promotion 0,342490 0,000067
prompt 0,478036 0,000186
prone 1,078810 0,000210
proofread 0,562119 0,000109
proper 0,061875 0,000012
properly 0,385662 0,000075
property 0,127833 0,000025
proportion 0,235722 0,000046
proposal 0,733969 0,000143
propose 0,186330 0,000036
proprietary 0,562119 0,000109
proprietor 0,967584 0,000188
prosaic 2,407946 0,000468
prostrate 0,673345 0,000131
protect 0,139262 0,000054
protest 0,342490 0,000200
protrusion 2,995732 0,000582
prove 0,083382 0,000032
provide 0,127833 0,000050
provincial 1,203973 0,000234
provision 0,094311 0,000037
provocation 1,049822 0,000204
provoke 0,510826 0,000099
prowl 1,309333 0,000763
pry 1,139434 0,000443
public 0,083382 0,000016
publication 1,049822 0,000204
publicity 2,040221 0,000396
publish 0,478036 0,000093
puddle 1,203973 0,000234
puff 0,733969 0,000285
pugnaciously 3,506558 0,000681
pull 0,127833 0,000099
pulley 1,897120 0,000369
punctual 1,309333 0,000254
pungency 3,506558 0,000681
pungent 1,832581 0,000356
punitive 0,562119 0,000109
purblind 2,813411 0,000547
purchase 0,400478 0,000078
pure 0,139262 0,000027
purple 0,616186 0,000120
purpose 0,040822 0,000016
purr 2,207275 0,000429
purse 0,562119 0,000109
pursuant 2,407946 0,000468
pursue 0,186330 0,000109
pursuer 1,272966 0,000495
pursuit 0,287682 0,000112
purview 3,912023 0,000760
push 0,139262 0,000081
puzzled 0,494296 0,000096
puzzlement 3,912023 0,000760
quaintly 2,302585 0,000447
quality 0,186330 0,000072
qualm 2,120264 0,000412
quantity 0,478036 0,000093
quarrel 0,287682 0,000056
quarry 1,171183 0,000228
quarter 0,105361 0,000041
quatorze 3,506558 0,000681
queen 0,415515 0,000081
queer 0,776529 0,000151
quest 0,776529 0,000151
question 0,020203 0,000012
quick 0,127833 0,000025
quickness 1,237874 0,000240
quiet 0,094311 0,000018
quietly 0,261365 0,000051
quill 1,897120 0,000369
quilt 1,609438 0,000313
quiver 0,494296 0,000192
quoth 1,966113 0,000382
rabbit 0,994252 0,000193
race 0,162519 0,000063
rack 0,673345 0,000131
radiant 0,867501 0,000169
radiate 1,897120 0,000737
radiator 3,912023 0,000760
rag 0,693147 0,000135
rage 0,139262 0,000054
rail 0,579818 0,000113
railing 1,237874 0,000240
railway 1,171183 0,000228
rain 0,150823 0,000029
raise 0,020203 0,000012
random 0,967584 0,000188
rank 0,223144 0,000043
ransack 1,514128 0,000294
rap 1,021651 0,000397
rapid 0,371064 0,000072
rapidity 0,820981 0,000159
rapidly 0,371064 0,000072
rare 0,261365 0,000051
rarely 0,527633 0,000102
rarity 1,609438 0,000313
rat 0,867501 0,000337
rate 0,261365 0,000102
rational 0,867501 0,000169
rattle 0,616186 0,000120
rattling 0,916291 0,000178
raving 1,309333 0,000254
raw 0,713350 0,000139
ray 0,462035 0,000090
reach 0,000000 0,000000
read 0,020203 0,000012
readable 0,510826 0,000099
reader 0,301105 0,000058
ready 0,030459 0,000006
reagent 3,218876 0,000625
real 0,040822 0,000008
realisation 1,966113 0,000382
realise 1,021651 0,000595
reality 0,301105 0,000058
realization 1,560648 0,000303
realm 0,867501 0,000169
reappear 1,203973 0,000468
rear 0,371064 0,000072
reason 0,010050 0,000002
reasonable 0,116534 0,000023
reassure 0,820981 0,000159
recall 0,235722 0,000046
recede 0,916291 0,000356
receipt 0,261365 0,000051
receive 0,040822 0,000024
receptacle 1,832581 0,000356
recipient 2,207275 0,000429
reckon 0,385662 0,000150
recognise 0,843970 0,000164
recoil 1,272966 0,000247
recollection 0,527633 0,000102
recover 0,127833 0,000074
recovery 0,616186 0,000120
recrimination 2,813411 0,000547
recross 2,302585 0,000447
red 0,061875 0,000012
redistribute 0,544727 0,000106
redistributing 0,562119 0,000109
redistribution 0,562119 0,000109
reel 0,820981 0,000159
refasten 3,218876 0,001251
refer 0,223144 0,000043
reference 0,198451 0,000039
reflect 0,235722 0,000137
reflection 0,274437 0,000107
refract 3,218876 0,001876
refraction 2,813411 0,000547
refractive 3,912023 0,000760
refreshment 0,843970 0,000164
refuge 0,446287 0,000087
refund 0,562119 0,000109
refuse 0,083382 0,000016
regain 0,634878 0,000123
regard 0,083382 0,000016
region 0,462035 0,000090
register 0,287682 0,000112
regular 0,287682 0,000056
regulate 0,210721 0,000041
reign 0,430783 0,000084
reiterate 1,309333 0,000254
rejoin 0,776529 0,000151
relate 0,415515 0,000081
relax 1,108663 0,000431
relaxed 0,994252 0,000193
release 0,105361 0,000041
relief 0,186330 0,000036
relieve 0,198451 0,000077
reluctant 1,021651 0,000198
reluctantly 0,941609 0,000183
remain 0,040822 0,000024
remains 0,150823 0,000029
remark 0,223144 0,000087
remarkable 0,235722 0,000046
remarkably 0,733969 0,000143
remedy 0,150823 0,000029
remember 0,030459 0,000018
remind 0,301105 0,000117
reminiscence 1,469676 0,000285
remittance 2,407946 0,000935
remorse 0,755023 0,000147
remorselessly 2,525729 0,000491
remote 0,478036 0,000093
remove 0,040822 0,000016
rename 0,544727 0,000106
render 0,186330 0,000036
renew 0,314711 0,000061
rent 0,510826 0,000099
reopen 1,897120 0,000369
repeat 0,051293 0,000020
replace 0,198451 0,000077
replacement 0,544727 0,000106
reply 0,105361 0,000020
report 0,051293 0,000030
reporter 2,120264 0,000412
representation 0,261365 0,000051
reprint 1,660731 0,000323
repulse 0,994252 0,000193
reputation 0,342490 0,000067
request 0,105361 0,000020
require 0,051293 0,000020
required 0,083382 0,000016
requirement 0,400478 0,000078
rescue 0,494296 0,000096
reservation 1,609438 0,000313
reserve 0,400478 0,000078
resident 1,203973 0,000234
resignation 0,994252 0,000193
resist 0,274437 0,000053
resistance 0,430783 0,000084
resolute 0,891598 0,000173
resolutely 1,108663 0,000215
resolution 0,385662 0,000075
resolve 0,287682 0,000056
resonance 2,659260 0,000517
resound 0,916291 0,000178
resounding 1,609438 0,000313
resource 0,544727 0,000106
resourceful 2,995732 0,000582
respect 0,040822 0,000008
respectability 1,427116 0,000277
respectable 0,430783 0,000084
respectfully 1,139434 0,000221
resplendent 1,514128 0,000294
rest 0,010050 0,000004
restless 0,478036 0,000093
restlessly 1,514128 0,000294
restorative 2,040221 0,000396
restore 0,223144 0,000043
restriction 0,371064 0,000072
result 0,174353 0,000034
resume 0,301105 0,000117
retain 0,235722 0,000046
retina 2,995732 0,000582
retire 0,415515 0,000081
retired 0,342490 0,000067
retirement 1,108663 0,000215
retort 0,820981 0,000159
retreat 0,342490 0,000200
return 0,010050 0,000008
reveal 0,223144 0,000043
revel 0,994252 0,000193
revenue 0,342490 0,000067
reverse 0,527633 0,000102
revolver 1,514128 0,000588
rib 0,843970 0,000164
ribbon 0,843970 0,000328
rich 0,116534 0,000023
ricochet 2,659260 0,000517
rid 0,223144 0,000043
riddle 0,891598 0,000346
ride 0,261365 0,000051
ridicule 0,994252 0,000193
rightly 0,430783 0,000084
rigid 0,820981 0,000159
riot 1,171183 0,000228
rioting 2,120264 0,000412
rip 1,021651 0,000397
ripple 0,820981 0,000159
rise 0,030459 0,000018
risk 0,301105 0,000058
ritual 1,966113 0,000382
road 0,116534 0,000045
roadside 1,966113 0,000382
roadway 2,120264 0,000412
rob 0,356675 0,000208
robber 0,653926 0,000127
robe 0,673345 0,000262
rod 0,616186 0,000120
roll 0,150823 0,000029
romance 0,673345 0,000131
roof 0,186330 0,000072
roomy 2,120264 0,000412
rope 0,430783 0,000084
rosiness 3,912023 0,000760
rosy 1,078810 0,000210
rot 0,798508 0,000155
rotate 3,506558 0,000681
rouge 1,897120 0,000369
rough 0,186330 0,000036
roughly 0,544727 0,000106
roughness 1,514128 0,000294
rouleaux 3,506558 0,000681
roundabout 1,771957 0,000344
rouse 0,494296 0,000192
rout 1,560648 0,000303
route 0,713350 0,000139
roving 1,469676 0,000285
row 0,385662 0,000150
royal 0,400478 0,000078
royalty 0,371064 0,000144
rub 0,342490 0,000133
rubber 1,609438 0,000313
rubbish 1,108663 0,000215
rubble 2,995732 0,000582
rubicund 2,995732 0,000582
ruddy 0,967584 0,000376
rude 0,342490 0,000067
rug 1,203973 0,000234
rugby 2,659260 0,000517
ruin 0,116534 0,000023
rule 0,030459 0,000018
rum 1,309333 0,000254
rummage 1,386294 0,000269
rummy 3,218876 0,000625
rumour 1,078810 0,000210
runaway 1,514128 0,000294
running 0,967584 0,000188
rush 0,127833 0,000074
russell 2,407946 0,000468
russian 1,237874 0,000240
rust 1,171183 0,000228
rustic 1,078810 0,000210
rustle 0,967584 0,000188
sack 0,653926 0,000254
sackbut 3,912023 0,000760
safe 0,116534 0,000023
safety 0,356675 0,000069
sagely 2,659260 0,000517
sailing 0,653926 0,000127
sailor 0,544727 0,000106
sake 0,083382 0,000032
salad 1,660731 0,000323
sale 0,776529 0,000151
sally 0,867501 0,000169
salt 0,105361 0,000020
salvation 0,798508 0,000155
sandy 1,049822 0,000204
sane 1,309333 0,000254
sanity 1,832581 0,000356
sarsaparilla 3,506558 0,000681
sash 1,427116 0,000554
satisfaction 0,186330 0,000036
satisfy 0,061875 0,000024
savage 0,248461 0,000048
savagely 1,427116 0,000277
save 0,010050 0,000006
sawdust 2,207275 0,000429
saxon 1,514128 0,000294
scant 1,609438 0,000313
scanty 0,941609 0,000183
scar 1,171183 0,000228
scarcely 0,301105 0,000058
scared 0,941609 0,000183
scarf 1,386294 0,000269
scarlet 0,798508 0,000155
scatter 0,693147 0,000269
scattered 0,139262 0,000027
scene 0,127833 0,000025
scent 0,544727 0,000106
sceptic 1,832581 0,000356
scepticism 1,771957 0,000344
scheme 0,462035 0,000269
school 0,150823 0,000059
schoolroom 1,966113 0,000382
scientific 0,776529 0,000151
scoff 1,514128 0,000294
scramble 0,941609 0,000183
scrap 0,820981 0,000319
scrape 0,634878 0,000123
scratch 0,544727 0,000212
scream 0,462035 0,000359
screen 0,843970 0,000328
screw 1,049822 0,000408
scrutinise 2,207275 0,000429
scrutiny 1,237874 0,000240
scullery 2,040221 0,000396
scurry 1,966113 0,000382
scuttle 1,237874 0,000240
scythe 1,832581 0,000356
sea 0,116534 0,000023
search 0,040822 0,000008
seasonable 2,040221 0,000396
seat 0,051293 0,000020
secrecy 0,798508 0,000155
secret 0,051293 0,000020
secrete 1,897120 0,000369
secretive 2,525729 0,000491
secure 0,061875 0,000024
seed 0,510826 0,000099
seek 0,083382 0,000032
seemingly 0,967584 0,000188
seethe 2,207275 0,000429
seize 0,116534 0,000023
selection 1,139434 0,000221
selfishness 0,843970 0,000164
sell 0,210721 0,000082
seller 1,514128 0,000294
send 0,020203 0,000008
sensation 0,371064 0,000144
sense 0,051293 0,000010
sensitive 0,693147 0,000135
sentence 0,094311 0,000037
sentimentality 2,813411 0,000547
serenity 1,203973 0,000234
sermon 0,891598 0,000173
servant 0,105361 0,000041
serve 0,051293 0,000010
service 0,072571 0,000014
serviette 3,912023 0,000760
set 0,010050 0,000006
settee 2,302585 0,000447
settle 0,083382 0,000032
severe 0,301105 0,000058
severely 0,634878 0,000123
sex 0,462035 0,000090
sexton 2,302585 0,000447
shabby 1,021651 0,000198
shade 0,223144 0,000087
shadow 0,162519 0,000032
shadowy 1,108663 0,000215
shady 0,967584 0,000188
shaft 0,713350 0,000139
shake 0,072571 0,000042
shallow 0,755023 0,000147
sham 1,560648 0,000606
shamefully 1,660731 0,000323
shape 0,150823 0,000029
shaped 0,527633 0,000102
share 0,030459 0,000018
sharp 0,139262 0,000027
sharpened 1,049822 0,000204
sharply 0,510826 0,000099
sharpness 1,660731 0,000323
shattered 0,867501 0,000169
shaving 1,660731 0,000323
sheepishly 2,207275 0,000429
sheer 0,820981 0,000159
sheet 0,314711 0,000122
shelf 0,634878 0,000123
shelter 0,301105 0,000117
sherry 2,302585 0,000447
shilling 0,967584 0,000376
shimmer 2,525729 0,000491
shin 1,897120 0,000369
shine 0,150823 0,000059
shiny 1,714798 0,000333
ship 0,198451 0,000039
shipping 1,309333 0,000254
shirt 0,527633 0,000205
shiver 0,478036 0,000279
shoal 1,386294 0,000269
shock 0,235722 0,000046
shoe 0,314711 0,000122
shoot 0,385662 0,000075
shooting 0,634878 0,000123
shop 0,494296 0,000096
shopman 2,407946 0,000468
shops 0,843970 0,000164
short 0,020203 0,000004
shortish 3,912023 0,000760
shot 0,223144 0,000087
shoulder 0,139262 0,000054
shout 0,186330 0,000145
shove 0,967584 0,000376
shrewd 0,994252 0,000193
shriek 0,634878 0,000370
shrieking 1,347074 0,000262
shrillness 3,218876 0,000625
shrub 1,237874 0,000240
shrubbery 1,832581 0,000356
shudder 0,446287 0,000087
shuffling 1,347074 0,000262
shut 0,051293 0,000020
shutter 0,994252 0,000193
shy 0,673345 0,000262
sick 0,150823 0,000029
sickly 0,891598 0,000173
sickness 0,478036 0,000093
sidelight 3,218876 0,000625
sideways 1,139434 0,000221
sidney 2,525729 0,000491
siege 0,941609 0,000183
sigh 0,235722 0,000092
sight 0,040822 0,000008
sign 0,051293 0,000030
signal 0,462035 0,000090
silas 2,659260 0,000517
silence 0,051293 0,000020
silent 0,051293 0,000010
silently 0,544727 0,000106
silk 0,478036 0,000093
sill 1,309333 0,000254
silly 0,400478 0,000078
silver 0,210721 0,000041
silvery 1,203973 0,000234
simple 0,094311 0,000018
simply 0,150823 0,000029
simultaneous 1,660731 0,000323
simultaneously 1,203973 0,000234
sincerity 0,653926 0,000127
sinew 1,427116 0,000277
sing 0,261365 0,000051
singular 0,430783 0,000084
singularity 1,966113 0,000382
singularly 0,843970 0,000164
sinister 1,108663 0,000215
sir 0,150823 0,000029
sister 0,223144 0,000043
sit 0,010050 0,000008
situation 0,198451 0,000039
skeleton 0,867501 0,000169
sketch 0,653926 0,000254
skin 0,174353 0,000034
skirmish 1,469676 0,000285
skirt 0,527633 0,000102
skull 0,843970 0,000164
sky 0,186330 0,000036
slackened 1,203973 0,000234
slackly 3,506558 0,000681
slam 1,309333 0,000509
slamming 2,302585 0,000447
slap 0,798508 0,000155
slash 1,309333 0,000254
slave 0,356675 0,000069
slaying 1,714798 0,000333
sleep 0,051293 0,000040
sleepily 2,120264 0,000412
sleeve 0,579818 0,000113
slender 0,693147 0,000135
slicer 3,912023 0,000760
slide 0,713350 0,000139
slight 0,072571 0,000028
slime 1,386294 0,000269
slip 0,150823 0,000088
slipper 0,916291 0,000178
slippery 1,139434 0,000221
slope 0,527633 0,000102
slouch 1,660731 0,000323
slow 0,139262 0,000054
slowly 0,150823 0,000029
slowness 1,514128 0,000294
sluggish 1,514128 0,000294
slum 2,659260 0,000517
slums 2,659260 0,000517
slush 2,407946 0,000468
sly 0,713350 0,000139
smack 1,171183 0,000228
smart 0,597837 0,000116
smartly 1,514128 0,000294
smash 1,021651 0,000595
smell 0,261365 0,000102
smile 0,150823 0,000029
smite 1,237874 0,000240
smock 2,302585 0,000447
smoke 0,186330 0,000109
smooth 0,235722 0,000046
smote 1,021651 0,000198
smoulder 1,514128 0,000294
smut 2,659260 0,000517
snap 0,733969 0,000285
snappishly 2,659260 0,000517
snatch 0,462035 0,000269
sneeze 1,203973 0,000935
sniff 1,272966 0,000742
snivelling 2,813411 0,000547
snow 0,478036 0,000093
snowfall 2,995732 0,000582
snowstorm 2,813411 0,000547
snub 1,660731 0,000645
sob 0,562119 0,000218
sociable 1,272966 0,000247
sociably 2,659260 0,000517
social 0,371064 0,000072
society 0,210721 0,000041
sock 1,469676 0,000285
socket 1,309333 0,000254
soda 2,120264 0,000412
sodden 1,714798 0,000333
soft 0,210721 0,000041
softly 0,400478 0,000078
sojourn 1,139434 0,000221
solar 1,660731 0,000323
soldier 0,415515 0,000081
sole 0,301105 0,000117
solemnly 0,579818 0,000113
solicit 0,314711 0,000061
solicitation 0,430783 0,000084
solid 0,274437 0,000053
soliloquy 2,659260 0,000517
solitary 0,462035 0,000090
solitude 0,510826 0,000099
solution 0,755023 0,000147
solve 0,478036 0,000093
son 0,083382 0,000032
song 0,261365 0,000051
sooner 1,309333 0,000254
sordid 1,139434 0,000221
sore 0,527633 0,000102
sort 0,072571 0,000014
soul 0,083382 0,000016
sound 0,010050 0,000008
source 0,274437 0,000107
south 0,235722 0,000046
sovereign 0,733969 0,000285
sow 0,579818 0,000113
space 0,105361 0,000020
spacious 0,916291 0,000178
spade 1,139434 0,000221
spadeful 3,506558 0,000681
spain 0,994252 0,000193
spare 0,116534 0,000023
sparrow 1,203973 0,000234
spasmodic 1,966113 0,000382
speak 0,030459 0,000018
speaker 0,634878 0,000123
speaking 0,072571 0,000014
special 0,083382 0,000016
species 0,634878 0,000123
specific 0,820981 0,000159
speck 0,916291 0,000178
spectacles 0,843970 0,000164
spectacular 2,813411 0,000547
speculate 1,514128 0,000294
speculation 0,755023 0,000293
speechless 0,916291 0,000178
speedy 0,867501 0,000169
spelt 1,897120 0,000369
spend 0,051293 0,000010
spin 0,510826 0,000198
spirit 0,051293 0,000020
spit 0,843970 0,000164
spite 0,139262 0,000027
spitefully 3,218876 0,000625
splash 0,867501 0,000337
splendid 0,400478 0,000078
splinter 1,469676 0,000285
splintered 2,040221 0,000396
splintering 2,813411 0,000547
split 0,798508 0,000155
splitting 1,514128 0,000294
spoil 0,274437 0,000053
spoke 2,040221 0,000396
sponge 1,171183 0,000228
spoon 1,021651 0,000198
sporadic 3,218876 0,000625
sporadically 3,506558 0,000681
sport 0,446287 0,000087
spot 0,150823 0,000059
sprawl 1,139434 0,000664
spread 0,051293 0,000020
spring 0,051293 0,000030
sprinkle 0,776529 0,000151
spur 0,693147 0,000135
spurt 2,040221 0,001189
squalid 1,832581 0,000356
square 0,223144 0,000043
squeal 1,832581 0,000356
stab 0,967584 0,000376
staccato 2,407946 0,000468
staff 0,261365 0,000051
stag 1,609438 0,000313
stage 0,186330 0,000036
stagger 0,527633 0,000205
stain 0,478036 0,000186
stair 0,415515 0,000161
staircase 0,820981 0,000159
stake 0,446287 0,000087
stall 1,139434 0,000221
stalwart 1,714798 0,000333
stamp 0,261365 0,000051
stand -0,009950 -0,000008
staples 2,525729 0,000491
star 0,261365 0,000102
stare 0,328504 0,000191
stark 1,386294 0,000269
start -0,009950 -0,000008
startle 1,347074 0,000262
startled 0,415515 0,000081
startling 0,967584 0,000188
starve 0,562119 0,000109
stateliness 2,207275 0,000429
statement 0,186330 0,000072
station 0,235722 0,000092
stationery 2,659260 0,000517
status 0,446287 0,000087
stay 0,061875 0,000036
steadily 0,415515 0,000081
steady 0,301105 0,000117
steal 0,105361 0,000020
stealthy 1,469676 0,000285
steam 0,579818 0,000113
steamer 1,272966 0,000247
steel 0,494296 0,000096
steep 0,527633 0,000102
steepness 2,813411 0,000547
step 0,030459 0,000024
steward 1,078810 0,000210
stick 0,174353 0,000102
stickiness 3,912023 0,000760
stiff 0,430783 0,000084
stiffly 1,469676 0,000285
stillness 0,891598 0,000173
stimulate 1,021651 0,000198
sting 0,616186 0,000239
stipulate 1,609438 0,000313
stir 0,210721 0,000082
stirring 0,494296 0,000096
stitch 1,347074 0,000262
stock 0,235722 0,000046
stocking 0,843970 0,000164
stone 0,094311 0,000037
stonily 2,659260 0,000517
stool 0,653926 0,000127
stoop 0,400478 0,000233
stopper 2,407946 0,000468
store 0,061875 0,000012
storeroom 2,302585 0,000447
storey 2,302585 0,000447
story 0,030459 0,000012
stout 0,527633 0,000102
stoutly 1,237874 0,000240
straggle 1,021651 0,000198
straight 0,105361 0,000020
strand 0,820981 0,000159
strange 0,061875 0,000024
strangely 0,579818 0,000113
strangeness 1,386294 0,000269
stranger 0,139262 0,000027
strangers 0,356675 0,000069
strangle 0,843970 0,000164
strap 1,203973 0,000234
straw 0,342490 0,000067
stream 0,139262 0,000027
streaming 0,798508 0,000155
street 0,116534 0,000045
strength 0,030459 0,000006
stress 0,891598 0,000173
stretch 0,116534 0,000068
strict 0,186330 0,000036
stride 0,616186 0,000479
strike 0,020203 0,000012
striking 0,274437 0,000053
string 0,371064 0,000144
stringent 2,120264 0,000412
stroke 0,301105 0,000117
strong 0,020203 0,000008
struggle 0,127833 0,000099
strychnine 3,912023 0,000760
student 0,579818 0,000225
study 0,094311 0,000037
stuff 0,223144 0,000043
stumble 0,562119 0,000109
stunned 1,078810 0,000210
stupid 0,478036 0,000093
stupidly 1,660731 0,000323
sturdy 1,108663 0,000215
subconscious 3,218876 0,000625
subdued 0,494296 0,000096
subject 0,061875 0,000012
subscribe 0,342490 0,000067
subscription 1,560648 0,000303
subsequent 0,867501 0,000169
subsequently 1,469676 0,000285
subside 0,916291 0,000178
substance 0,415515 0,000081
substitution 1,966113 0,000382
subtle 0,713350 0,000139
succeed 0,105361 0,000020
success 0,162519 0,000032
sudden 0,072571 0,000014
suddenly 0,040822 0,000008
suddenness 1,469676 0,000285
suffer 0,061875 0,000012
suffering 0,210721 0,000041
suffice 0,544727 0,000317
sufficient 0,139262 0,000027
suggestion 0,356675 0,000139
suit 0,198451 0,000039
suitable 0,462035 0,000090
sullenly 1,427116 0,000277
summat 3,912023 0,000760
summer 0,186330 0,000036
summit 0,713350 0,000139
summons 0,867501 0,000169
sumptuous 1,560648 0,000303
sun 0,072571 0,000014
sunday 0,494296 0,000096
sunlight 0,843970 0,000164
sunny 0,843970 0,000164
sunset 0,798508 0,000155
sunshine 0,616186 0,000120
superiority 0,673345 0,000131
supernatural 1,272966 0,000247
superstition 0,798508 0,000155
superstitious 1,108663 0,000215
supply 0,210721 0,000041
support 0,094311 0,000073
suppose 0,020203 0,000012
supposition 0,776529 0,000151
suppress 0,446287 0,000087
surely 0,186330 0,000036
surface 0,287682 0,000112
surgical 1,832581 0,000356
surprise 0,150823 0,000029
surprised 0,210721 0,000041
surrender 0,776529 0,000151
surrey 2,120264 0,000412
surround 0,162519 0,000032
surroundings 0,994252 0,000193
survey 0,462035 0,000090
survive 0,186330 0,000036
suspect 0,162519 0,000032
suspend 0,527633 0,000102
suspicion 0,210721 0,000041
suspicious 0,579818 0,000113
suspiciously 1,832581 0,000356
sussex 2,525729 0,000491
swallow 0,261365 0,000051
swamp 0,287682 0,000056
swathe 1,660731 0,000323
sway 0,494296 0,000192
swear 0,261365 0,000152
swearing 0,994252 0,000193
sweep 0,274437 0,000053
sweeping 0,820981 0,000159
sweet 0,139262 0,000054
swell 0,186330 0,000036
swift 0,385662 0,000075
swiftly 0,713350 0,000139
swim 0,478036 0,000186
swindle 1,714798 0,000333
swing 0,430783 0,000251
swinging 0,798508 0,000155
swish 1,771957 0,000344
syllable 0,776529 0,000151
sympathetic 1,021651 0,000198
sympathise 1,514128 0,000294
sympathy 0,314711 0,000061
synonymous 0,446287 0,000087
syphon 3,912023 0,001520
systematic 1,427116 0,000277
table 0,083382 0,000032
tack 1,139434 0,000221
tail 0,356675 0,000139
taint 1,139434 0,000221
tale 0,248461 0,000048
talent 0,385662 0,000075
talk 0,061875 0,000024
talking 0,150823 0,000029
tall 0,198451 0,000039
tangent 2,995732 0,000582
tangible 1,560648 0,000303
tap 0,798508 0,000465
tapetum 3,912023 0,000760
tas 3,912023 0,000760
taste 0,105361 0,000041
tasteful 2,207275 0,000429
tater 3,506558 0,000681
tawdry 2,813411 0,000547
tax 0,248461 0,000097
tea 0,579818 0,000113
teach 0,083382 0,000016
teapot 2,040221 0,000396
tear 0,030459 0,000030
ted 3,506558 0,000681
teddy 2,995732 0,000582
teem 1,309333 0,000254
telegraph 1,203973 0,000234
telephone 2,120264 0,000412
telescoping 3,912023 0,000760
temper 0,261365 0,000051
temporarily 1,560648 0,000303
tend 0,430783 0,000084
tennis 2,207275 0,000429
tense 1,386294 0,000269
tent 0,713350 0,000139
tentative 2,525729 0,000491
tenth 0,733969 0,000143
term 0,061875 0,000024
terminate 1,108663 0,000215
terrace 1,139434 0,000221
terrible 0,186330 0,000036
terrify 0,579818 0,000113
terror 0,162519 0,000063
terrorise 3,506558 0,000681
terse 2,040221 0,000396
testify 0,820981 0,000319
thaw 1,386294 0,000539
thawing 2,407946 0,000468
theatrical 1,427116 0,000277
theologian 1,714798 0,000333
theory 0,400478 0,000078
thicket 0,967584 0,000376
thickly 1,108663 0,000215
thief 0,462035 0,000090
thinker 1,427116 0,000277
thinking 0,274437 0,000053
thirsty 0,820981 0,000159
thirteenth 1,203973 0,000234
thomas 0,891598 0,000173
thrash 1,237874 0,000240
threat 0,634878 0,000247
threaten 0,186330 0,000036
thrice 0,755023 0,000147
thrill 0,713350 0,000139
throat 0,223144 0,000043
throng 0,891598 0,000173
throw 0,010050 0,000008
thrust 0,287682 0,000056
thud 1,771957 0,000344
thumb 0,916291 0,000178
thundering 1,237874 0,000240
tick 1,171183 0,000228
tide 0,616186 0,000120
tidy 1,171183 0,000455
tie 0,105361 0,000041
tight 0,494296 0,000096
tighten 1,237874 0,000240
tightly 0,867501 0,000169
tile 1,203973 0,000234
tilt 1,309333 0,000509
time -0,009950 -0,000006
timorously 2,995732 0,000582
tin 0,755023 0,000147
tinge 0,994252 0,000193
tinker 1,771957 0,000344
tinkle 1,078810 0,000210
tinsel 2,407946 0,000468
tint 1,272966 0,000247
tiptoe 0,941609 0,000183
tired 0,198451 0,000039
tissue 1,427116 0,000277
title 0,116534 0,000023
tizzy 3,912023 0,000760
tobacco 0,713350 0,000139
toe 0,616186 0,000239
toil 0,430783 0,000084
tom 1,049822 0,000204
tomfoolery 3,218876 0,000625
tone 0,198451 0,000039
tongue 0,139262 0,000027
tonic 2,120264 0,000412
tonsil 3,912023 0,000760
tool 0,478036 0,000093
tooth 0,186330 0,000072
toothache 2,040221 0,000396
toothpick 2,120264 0,000412
toothsome 3,218876 0,000625
topic 0,733969 0,000143
topmost 1,714798 0,000333
torment 0,597837 0,000116
tornaria 3,912023 0,000760
toss 0,494296 0,000096
tossing 0,916291 0,000178
touch 0,010050 0,000006
tough 0,891598 0,000173
tower 0,314711 0,000061
town 0,094311 0,000018
toy 0,733969 0,000285
trace 0,198451 0,000077
track 0,415515 0,000081
trade 0,287682 0,000056
trademark 0,562119 0,000109
traffic 1,171183 0,000228
tragedy 0,733969 0,000143
tragic 0,820981 0,000159
tragical 2,407946 0,000468
trail 0,653926 0,000254
train 0,162519 0,000063
training 0,776529 0,000151
traitor 1,078810 0,000210
tram 2,813411 0,000547
tramp 0,891598 0,000173
trample 0,597837 0,000116
tramps 1,966113 0,000382
tranquillity 1,049822 0,000204
transcend 2,040221 0,000793
transcribe 0,462035 0,000090
transcription 0,527633 0,000102
transient 1,469676 0,000285
transit 1,966113 0,000382
transitory 1,897120 0,000369
translucency 3,506558 0,000681
translucent 2,302585 0,000447
transparent 1,021651 0,000198
trap 0,527633 0,000102
travel 0,198451 0,000077
traveller 0,755023 0,000147
travelling 0,693147 0,000135
tray 1,237874 0,000240
treachery 0,755023 0,000147
tread 0,328504 0,000128
treasure 0,261365 0,000051
treat 0,127833 0,000025
treatment 0,127833 0,000025
tree 0,061875 0,000012
tremble 0,174353 0,000102
tremendous 0,693147 0,000135
tremulous 1,347074 0,000262
tremulously 2,659260 0,000517
trespass 1,609438 0,000313
triangle 1,427116 0,000554
trick 0,274437 0,000107
trifle 0,446287 0,000087
trip 0,510826 0,000099
triumph 0,261365 0,000051
trodden 1,237874 0,000240
tropically 3,912023 0,000760
trot 0,867501 0,000337
trouble 0,010050 0,000008
trousering 3,912023 0,000760
trousers 0,843970 0,000164
trove 2,659260 0,000517
truckle 2,525729 0,000491
trudge 1,714798 0,000666
true 0,020203 0,000004
truncheon 3,506558 0,000681
trunk 0,579818 0,000113
trust 0,061875 0,000012
trustful 2,040221 0,000396
truth 0,030459 0,000006
truthfulness 1,966113 0,000382
tube 1,309333 0,000509
tug 0,916291 0,000178
tumble 0,494296 0,000288
tumbler 1,560648 0,000303
tumult 0,798508 0,000155
tumultuous 1,171183 0,000228
tune 0,616186 0,000120
turf 1,237874 0,000240
turnip 2,120264 0,000412
turpentine 2,995732 0,000582
twang 2,525729 0,000491
twilight 0,733969 0,000143
twill 2,302585 0,000447
twine 1,139434 0,000221
twinkle 1,049822 0,000204
twist 0,314711 0,000122
type 0,174353 0,000068
ugh 1,771957 0,000344
ugly 0,385662 0,000150
ultimate 0,941609 0,000183
umbrella 1,203973 0,000234
unable 0,248461 0,000048
unaccountable 1,108663 0,000215
unaccountably 1,966113 0,000382
unaccustomed 1,771957 0,000344
unaided 2,120264 0,000412
unassimilated 3,912023 0,000760
unassuming 2,207275 0,000429
unavoidable 1,049822 0,000204
unbolted 2,813411 0,000547
unbuttoned 1,966113 0,000382
uncanny 1,560648 0,000303
uncarpeted 2,813411 0,000547
unceasingly 1,609438 0,000313
uncertain 0,301105 0,000058
unclouded 2,040221 0,000396
uncomfortable 0,798508 0,000155
uncommon 0,798508 0,000155
unconscious 0,400478 0,000078
uncurtained 2,659260 0,000517
undecided 1,272966 0,000247
undeniable 1,897120 0,000369
underclothing 2,995732 0,000582
undergo 0,510826 0,000198
underground 1,309333 0,000254
underlip 2,525729 0,000491
undermost 3,912023 0,000760
understand 0,020203 0,000008
undertake 0,385662 0,000075
undertone 1,771957 0,000344
undisturbed 1,049822 0,000204
undo 0,693147 0,000269
undoubtedly 0,634878 0,000123
undying 2,525729 0,000491
uneasily 1,347074 0,000262
uneasiness 0,994252 0,000193
unendurable 1,966113 0,000382
unenforceability 0,562119 0,000109
unexpected 0,430783 0,000084
unfeeling 1,609438 0,000313
unfinished 1,049822 0,000204
unfold 0,755023 0,000147
unfounded 2,525729 0,000491
unfurnished 2,525729 0,000491
unhappy 0,400478 0,000078
unheard 0,994252 0,000193
unhitch 2,813411 0,000547
uniform 0,210721 0,000041
union 0,494296 0,000096
unitarian 2,995732 0,000582
united 0,094311 0,000018
universal 0,478036 0,000093
universally 0,967584 0,000188
universe 0,733969 0,000143
university 0,967584 0,000188
unknown 0,105361 0,000020
unlink 0,562119 0,000109
unlock 0,755023 0,000440
unmake 2,407946 0,000468
unmeaning 2,525729 0,000491
unnecessary 0,653926 0,000127
unnerve 2,659260 0,000517
unnerved 2,407946 0,000468
unobserved 1,203973 0,000234
unpack 2,813411 0,000547
unpacked 2,120264 0,000412
unpitied 3,218876 0,000625
unpleasant 0,562119 0,000109
unprotected 0,673345 0,000131
unreasonable 0,967584 0,000188
unreasonably 2,040221 0,000396
unreliable 2,302585 0,000447
unsaid 2,207275 0,000429
unseen 0,616186 0,000120
unsettled 1,309333 0,000254
unshaven 2,407946 0,000468
unsolicited 0,510826 0,000099
unspectacled 3,912023 0,000760
unsportsmanlike 3,506558 0,000681
unstable 2,040221 0,000396
unsuspected 1,609438 0,000313
untended 3,506558 0,000681
untidy 1,660731 0,000323
untie 1,309333 0,000254
unusually 0,891598 0,000173
unveiling 2,813411 0,000547
update 0,510826 0,000099
upper 0,314711 0,000061
uppermost 1,237874 0,000240
upright 0,301105 0,000058
upset 0,755023 0,000147
upstairs 0,891598 0,000173
upward 0,579818 0,000113
urban 2,659260 0,000517
urchin 1,609438 0,000313
urgent 0,798508 0,000155
urn 1,714798 0,000333
useless 0,235722 0,000046
user 0,544727 0,000106
usual 0,139262 0,000027
ut 0,510826 0,000099
utmost 0,356675 0,000069
utter 0,162519 0,000032
vacancy 1,139434 0,000221
vacantly 1,897120 0,000369
vague 0,579818 0,000225
vaguely 0,967584 0,000188
vain 0,116534 0,000023
valuable 0,342490 0,000067
van 1,021651 0,000198
vanilla 0,544727 0,000106
vanish 0,314711 0,000245
variety 0,150823 0,000029
vast 0,223144 0,000043
vastly 1,203973 0,000234
vault 0,798508 0,000155
vehemently 1,386294 0,000269
vehicle 0,843970 0,000164
veil 0,510826 0,000099
vein 0,446287 0,000087
velvet 0,891598 0,000173
vengeance 0,579818 0,000113
venomously 3,506558 0,000681
ventriloquise 3,912023 0,000760
venture 0,223144 0,000087
veranda 2,407946 0,000468
verbal 1,203973 0,000234
verdict 1,237874 0,000240
verily 1,139434 0,000221
version 0,342490 0,000067
vest 1,108663 0,000431
vestige 1,272966 0,000247
vibrate 1,021651 0,000198
vibration 1,832581 0,000712
vicar 1,771957 0,000344
vicarage 2,995732 0,000582
viciously 2,120264 0,000412
victim 0,385662 0,000075
victorian 2,995732 0,000582
view 0,040822 0,000024
vigorous 0,544727 0,000106
vigorously 1,021651 0,000198
vigour 0,843970 0,000164
vii 0,430783 0,000084
viii 0,446287 0,000087
villa 1,347074 0,000523
village 0,356675 0,000069
villager 1,427116 0,000554
violate 0,342490 0,000067
violence 0,248461 0,000048
violent 0,223144 0,000043
violently 0,462035 0,000090
violet 1,139434 0,000221
virtue 0,287682 0,000056
virus 0,527633 0,000102
visage 1,203973 0,000234
visibility 3,506558 0,000681
visible 0,235722 0,000046
vision 0,301105 0,000117
visit 0,030459 0,000006
visitor 0,446287 0,000173
vista 1,714798 0,000333
vital 0,693147 0,000135
vivid 0,776529 0,000151
vividly 1,139434 0,000221
vivisect 2,813411 0,000547
vivisection 2,659260 0,000517
vivisectionist 3,912023 0,000760
vocabulary 1,714798 0,000333
voce 2,659260 0,000517
vociferate 2,525729 0,000491
vociferation 3,912023 0,000760
vociferous 3,506558 0,000681
voice 0,020203 0,000008
void 0,261365 0,000051
volume 0,356675 0,000139
volunteer 0,314711 0,000061
volunteers 0,430783 0,000084
vox 2,995732 0,000582
waggon 1,660731 0,000645
wail 0,798508 0,000155
waistcoat 0,941609 0,000183
wait 0,061875 0,000036
waiting 0,083382 0,000016
wake 0,223144 0,000087
walk 0,000000 0,000000
wall 0,094311 0,000037
wand 1,771957 0,000344
wander 0,116534 0,000045
wanton 1,021651 0,000198
war 0,139262 0,000027
wardrobe 1,078810 0,000419
warehouse 1,309333 0,000254
warm 0,116534 0,000068
warn 0,287682 0,000056
warning 0,235722 0,000046
warnt 3,912023 0,000760
warrant 0,562119 0,000109
warranty 0,544727 0,000212
wary 1,171183 0,000228
wash 0,210721 0,000082
washstand 2,659260 0,000517
wasp 1,897120 0,000369
waste 0,127833 0,000050
watch 0,020203 0,000016
watchful 1,171183 0,000228
watchfulness 1,966113 0,000382
water 0,040822 0,000008
watery 1,272966 0,000247
wave 0,210721 0,000041
waverer 3,506558 0,000681
weak 0,105361 0,000041
weapon 0,400478 0,000156
wear 0,083382 0,000032
weary 0,186330 0,000036
weather 0,248461 0,000048
wedge 1,203973 0,000702
weed 0,755023 0,000147
week 0,127833 0,000050
weep 0,356675 0,000069
weight 0,116534 0,000023
weirdly 3,218876 0,000625
wench 1,714798 0,000333
west 0,083382 0,000016
westward 1,139434 0,000221
wet 0,261365 0,000051
whack 2,525729 0,000491
whatsoever 0,287682 0,000056
wheel 0,274437 0,000107
wheeler 2,302585 0,000447
whereabouts 1,714798 0,000333
whiff 1,609438 0,000313
whimper 1,386294 0,000269
whip 0,400478 0,000233
whirl 0,527633 0,000205
whisk 1,771957 0,000688
whisker 1,171183 0,000455
whiskey 2,120264 0,000412
whisper 0,248461 0,000097
whispering 0,798508 0,000155
whistle 0,462035 0,000090
whit 1,171183 0,000228
white 0,051293 0,000010
whitened 1,771957 0,000344
whiteness 1,139434 0,000221
whitewash 2,525729 0,000981
whitsuntide 3,218876 0,000625
whiz 1,966113 0,000382
whizz 3,218876 0,000625
whoop 1,771957 0,000344
whup 3,912023 0,000760
wi 2,302585 0,000447
wicker 2,120264 0,000412
wide 0,030459 0,000012
widespread 0,916291 0,000178
wife 0,083382 0,000016
wifely 3,218876 0,000625
wig 1,272966 0,000495
wild 0,051293 0,000010
wilderness 0,673345 0,000131
willingly 0,527633 0,000102
wim 3,912023 0,000760
win 0,356675 0,000069
wince 1,469676 0,000285
wind 0,094311 0,000018
window 0,162519 0,000063
windy 1,469676 0,000285
wine 0,235722 0,000046
wintertime 3,218876 0,000625
wintry 1,386294 0,000269
wipe 0,415515 0,000161
wire 0,867501 0,000337
wiry 1,832581 0,000356
wisdom 0,287682 0,000056
wise 0,094311 0,000018
wit 0,198451 0,000039
witchcraft 1,714798 0,000333
withdraw 0,210721 0,000082
witness 0,116534 0,000068
wolf 0,597837 0,000116
woman 0,030459 0,000012
wonderful 0,162519 0,000032
wonderfully 0,510826 0,000099
wood 0,083382 0,000032
wooden 0,415515 0,000081
woody 1,832581 0,000356
wool 1,049822 0,000204
word 0,020203 0,000008
worker 0,941609 0,000183
worry 0,544727 0,000106
worth 0,061875 0,000012
worthy 0,186330 0,000036
wound 0,198451 0,000077
wounded 0,274437 0,000053
wow 2,407946 0,000468
wrap 0,400478 0,000156
wrapper 1,469676 0,000285
wrapping 2,525729 0,000491
wreath 0,867501 0,000169
wreckage 2,302585 0,000447
wrest 1,203973 0,000234
wrestle 1,049822 0,000204
wretched 0,328504 0,000064
wriggle 1,171183 0,000228
wrinkle 0,755023 0,000147
wrist 0,776529 0,000302
writ 1,386294 0,000269
write 0,020203 0,000008
writer 0,328504 0,000064
writhe 0,867501 0,000169
writing 0,061875 0,000012
wrong 0,072571 0,000014
xi 0,597837 0,000116
xii 0,579818 0,000113
xiii 0,673345 0,000131
xiv 0,693147 0,000135
xix 0,867501 0,000169
xvi 0,776529 0,000151
xvii 0,843970 0,000164
xviii 0,891598 0,000173
xx 0,916291 0,000178
xxi 0,867501 0,000169
xxii 0,967584 0,000188
xxiii 0,967584 0,000188
xxiv 0,994252 0,000193
xxv 1,108663 0,000215
yap 2,995732 0,000582
yard 0,223144 0,000087
yawn 0,820981 0,000319
yell 0,798508 0,000465
yellow 0,314711 0,000061
yelp 1,660731 0,000645
yelping 2,040221 0,000396
yer 2,040221 0,000396
yesterday 0,301105 0,000058
yiddish 3,912023 0,000760
yield 0,174353 0,000034
yokel 3,506558 0,000681
youngster 1,171183 0,000228
youth 0,139262 0,000027
