abandoned 0,371064 0,000063
abide 0,287682 0,000049
abilities 1,139434 0,000194
ability 0,579818 0,000099
abject 1,049822 0,000179
abnormal 1,832581 0,000312
abode 0,616186 0,000105
abolish 2,120264 0,000361
abolition 1,832581 0,000312
abominable 0,867501 0,000148
abomination 1,966113 0,000335
abortions 2,659260 0,000453
abound 1,469676 0,000250
abounds 1,832581 0,000312
abreast 1,203973 0,000205
absconded 3,218876 0,000548
absence 0,274437 0,000047
absent 0,385662 0,000066
absolute 0,400478 0,000068
absolutely 0,287682 0,000049
absolution 1,966113 0,000335
absorbing 1,237874 0,000211
abstracted 1,309333 0,000223
absurd 0,430783 0,000073
absurdity 1,203973 0,000205
abundance 0,843970 0,000144
abundant 0,867501 0,000148
abused 0,843970 0,000144
accedes 3,912023 0,000666
accent 0,843970 0,000144
accents 1,272966 0,000217
acceptable 0,967584 0,000165
accepted 0,139262 0,000024
accepts 1,514128 0,000258
accident 0,371064 0,000063
accidental 0,755023 0,000129
accidents 0,820981 0,000140
acclimatised 3,912023 0,000666
accommodate 1,386294 0,000236
accommodates 3,218876 0,000548
accompanied 0,223144 0,000038
accompaniment 1,560648 0,000266
accompany 0,562119 0,000096
accomplices 1,897120 0,000323
accomplish 0,733969 0,000125
accomplished 0,385662 0,000066
account 0,010050 0,000002
accountant 2,525729 0,000430
accounts 0,597837 0,000102
accumulate 1,771957 0,000302
accurately 1,049822 0,000179
accuse 0,916291 0,000156
accustomed 0,287682 0,000049
ace 2,207275 0,000376
acknowledged 0,597837 0,000102
acknowledgment 1,347074 0,000229
acquaint 1,771957 0,000302
acquaintance 0,301105 0,000051
acquaintances 1,021651 0,000174
acquainted 0,385662 0,000066
acquire 0,776529 0,000132
acres 1,021651 0,000174
action 0,139262 0,000024
actions 0,356675 0,000061
active 0,127833 0,000022
activities 1,771957 0,000302
activity 0,446287 0,000076
actresses 2,525729 0,000430
actual 0,174353 0,000030
acute 0,733969 0,000125
adage 2,659260 0,000453
adapt 1,514128 0,000258
adapted 0,798508 0,000136
add 0,198451 0,000034
addition 0,116534 0,000020
address 0,116534 0,000020
addresses 0,385662 0,000066
addressing 0,579818 0,000099
adds 0,798508 0,000136
adepts 2,995732 0,000510
adhered 1,609438 0,000274
administration 1,427116 0,000243
administrators 2,813411 0,000479
admirably 1,203973 0,000205
admiration 0,342490 0,000058
admired 0,579818 0,000099
admiring 0,776529 0,000132
admission 0,713350 0,000121
admit 0,235722 0,000040
admitted 0,301105 0,000051
admonish 2,120264 0,000361
adolescence 2,659260 0,000453
adolescent 3,506558 0,000597
adopt 0,733969 0,000125
adoption 1,771957 0,000302
adorn 1,347074 0,000229
adornment 2,040221 0,000347
adornments 2,302585 0,000392
adroitly 2,120264 0,000361
adullam 3,218876 0,000548
adult 1,832581 0,000312
adults 2,407946 0,000410
advance 0,223144 0,000038
advanced 0,274437 0,000047
advancement 1,203973 0,000205
advances 0,820981 0,000140
advancing 0,579818 0,000099
advantage 0,139262 0,000024
advantages 0,579818 0,000099
advertised 1,609438 0,000274
advertisement 1,660731 0,000283
advice 0,186330 0,000032
advise 0,462035 0,000079
advised 0,616186 0,000105
advising 1,237874 0,000211
advocate 1,139434 0,000194
affairs 0,235722 0,000040
affect 0,478036 0,000081
affection 0,235722 0,000040
affections 0,798508 0,000136
affirm 1,139434 0,000194
afflicted 0,693147 0,000118
affliction 0,867501 0,000148
afflictions 2,040221 0,000347
afford 0,301105 0,000051
afraid 0,105361 0,000018
africa 0,967584 0,000165
afternoon 0,287682 0,000049
age 0,051293 0,000009
aged 0,198451 0,000034
agencies 1,966113 0,000335
agency 1,203973 0,000205
agent 0,274437 0,000047
ages 0,261365 0,000045
aggravate 1,660731 0,000283
agony 0,544727 0,000093
agree 0,116534 0,000020
agreed 0,116534 0,000020
agreement 0,210721 0,000036
aid 0,287682 0,000049
aided 0,916291 0,000156
ailments 2,407946 0,000410
aim 0,462035 0,000079
air 0,061875 0,000011
airy 1,237874 0,000211
alarm 0,356675 0,000061
alas 0,462035 0,000079
alcohol 2,525729 0,000430
alderman 2,525729 0,000430
alert 0,843970 0,000144
alfred 1,897120 0,000323
alike 0,287682 0,000049
alive 0,051293 0,000009
alleviate 1,714798 0,000292
alley 1,272966 0,000217
allotted 1,139434 0,000194
allowance 0,776529 0,000132
alter 0,544727 0,000093
alteration 0,314711 0,000054
altered 0,510826 0,000087
alternated 2,813411 0,000479
alternately 1,021651 0,000174
alternations 2,813411 0,000479
alternative 1,078810 0,000184
altogether 0,198451 0,000034
amazed 0,634878 0,000108
ambitions 1,609438 0,000274
amended 2,040221 0,000347
amends 1,108663 0,000189
amenities 2,525729 0,000430
america 0,579818 0,000099
americans 1,237874 0,000211
ample 0,527633 0,000090
amply 0,967584 0,000165
amputated 2,659260 0,000453
amusement 0,544727 0,000093
anaemia 3,912023 0,000666
ancient 0,198451 0,000034
ancients 1,347074 0,000229
angels 0,776529 0,000132
angle 0,733969 0,000125
angry 0,174353 0,000030
anguish 0,579818 0,000099
angus 3,912023 0,000666
animal 0,261365 0,000045
animals 0,494296 0,000084
animated 0,755023 0,000129
annie 2,407946 0,000410
anniversary 1,771957 0,000302
annoyance 1,049822 0,000179
annoyed 0,733969 0,000125
annual 1,171183 0,000199
annually 1,771957 0,000302
anomalies 3,506558 0,000597
answer 0,040822 0,000007
answered 0,072571 0,000012
answers 0,415515 0,000071
anticipating 1,469676 0,000250
antiquity 1,078810 0,000184
ants 1,660731 0,000283
anxieties 1,203973 0,000205
anxiety 0,287682 0,000049
anxious 0,261365 0,000045
apartments 0,994252 0,000169
apathy 1,771957 0,000302
apologies 1,237874 0,000211
apology 0,713350 0,000121
appal 2,995732 0,000510
appalling 1,237874 0,000211
apparatus 1,347074 0,000229
apparent 0,314711 0,000054
appeal 0,342490 0,000058
appealed 1,021651 0,000174
appeals 0,916291 0,000156
appearance 0,083382 0,000014
appetite 0,371064 0,000063
application 0,733969 0,000125
applied 0,287682 0,000049
applies 1,171183 0,000199
apply 0,162519 0,000028
appointed 0,356675 0,000061
appointments 1,771957 0,000302
apportioning 3,506558 0,000597
appreciably 2,995732 0,000510
appreciation 1,049822 0,000179
apprentice 1,660731 0,000283
apprenticed 2,525729 0,000430
apprentices 2,407946 0,000410
approach 0,083382 0,000014
approached 0,248461 0,000042
approaches 0,867501 0,000148
approaching 0,235722 0,000040
approval 0,798508 0,000136
approve 0,653926 0,000111
approved 0,693147 0,000118
architect 1,309333 0,000223
argue 0,597837 0,000102
arguing 1,139434 0,000194
argument 0,371064 0,000063
argyll 3,218876 0,000548
aright 1,078810 0,000184
arithmetic 1,203973 0,000205
arm 0,094311 0,000016
armed 0,385662 0,000066
arms 0,051293 0,000009
armstrong 3,218876 0,000548
army 0,371064 0,000063
aroma 2,525729 0,000430
aroused 0,755023 0,000129
arraignment 2,995732 0,000510
arrange 0,579818 0,000099
arranged 0,328504 0,000056
arrangement 0,462035 0,000079
arrangements 0,634878 0,000108
arrest 0,941609 0,000160
arrested 0,733969 0,000125
arrive 0,314711 0,000054
arrived 0,150823 0,000026
arrives 1,078810 0,000184
arriving 0,634878 0,000108
arrows 1,021651 0,000174
arson 2,995732 0,000510
art 0,139262 0,000024
article 0,673345 0,000115
articles 0,527633 0,000090
artificial 0,616186 0,000105
artisans 2,207275 0,000376
artist 0,634878 0,000108
artistic 1,049822 0,000179
artists 1,139434 0,000194
ascend 0,867501 0,000148
ascended 0,713350 0,000121
ascertained 1,021651 0,000174
ashamed 0,248461 0,000042
ashes 0,462035 0,000079
ashore 1,139434 0,000194
asleep 0,162519 0,000028
aspiration 2,120264 0,000361
aspirations 1,108663 0,000189
assault 0,916291 0,000156
assemble 1,514128 0,000258
assembled 0,510826 0,000087
assembly 0,891598 0,000152
assertive 2,995732 0,000510
assets 2,995732 0,000510
assist 0,510826 0,000087
assistance 0,105361 0,000018
assistant 0,994252 0,000169
assisted 0,634878 0,000108
assists 2,207275 0,000376
associates 1,427116 0,000243
association 1,203973 0,000205
associations 1,139434 0,000194
assortment 1,714798 0,000292
assuaging 3,218876 0,000548
assumes 1,427116 0,000243
assurance 0,430783 0,000073
assured 0,301105 0,000051
assuredly 0,967584 0,000165
assures 1,203973 0,000205
asthma 2,659260 0,000453
astonished 0,301105 0,000051
astonishes 2,813411 0,000479
astonishing 0,653926 0,000111
astound 2,995732 0,000510
astute 1,609438 0,000274
asunder 1,108663 0,000189
asylum 1,347074 0,000229
asylums 2,659260 0,000453
athletic 1,714798 0,000292
atmosphere 0,579818 0,000099
atom 1,771957 0,000302
atrophy 3,912023 0,000666
attach 0,967584 0,000165
attached 0,127833 0,000022
attaching 1,514128 0,000258
attack 0,301105 0,000051
attacked 0,462035 0,000079
attainments 2,120264 0,000361
attempt 0,083382 0,000014
attempted 0,356675 0,000061
attempts 0,478036 0,000081
attend 0,301105 0,000051
attendance 0,798508 0,000136
attendant 0,733969 0,000125
attendants 1,108663 0,000189
attended 0,342490 0,000058
attending 0,713350 0,000121
attends 1,560648 0,000266
attention 0,083382 0,000014
attested 1,427116 0,000243
attire 1,203973 0,000205
attract 0,634878 0,000108
attracted 0,356675 0,000061
attraction 0,798508 0,000136
attractions 1,309333 0,000223
attractive 0,820981 0,000140
attributed 0,867501 0,000148
auburn 2,407946 0,000410
audacity 1,237874 0,000211
audibly 1,560648 0,000266
audience 0,733969 0,000125
aught 0,891598 0,000152
augmented 1,386294 0,000236
aunt 0,843970 0,000144
austin 2,207275 0,000376
australia 2,040221 0,000347
australian 2,525729 0,000430
authorised 2,525729 0,000430
authorities 0,843970 0,000144
authority 0,261365 0,000045
autocrat 2,659260 0,000453
automatic 2,813411 0,000479
avail 0,544727 0,000093
avaunt 3,218876 0,000548
average 0,820981 0,000140
averse 1,049822 0,000179
avert 1,514128 0,000258
avoid 0,174353 0,000030
avoidable 2,995732 0,000510
avoided 0,371064 0,000063
await 0,776529 0,000132
awaiting 0,693147 0,000118
awaits 1,237874 0,000211
awarded 1,897120 0,000323
awful 0,328504 0,000056
awoke 0,446287 0,000076
axiom 1,897120 0,000323
aye 1,347074 0,000229
babble 1,832581 0,000312
babe 1,427116 0,000243
babel 1,771957 0,000302
babies 1,514128 0,000258
baby 0,673345 0,000115
bacchus 1,714798 0,000292
bachelor 1,078810 0,000184
backbone 1,966113 0,000335
backboneless 3,912023 0,000666
backyard 3,912023 0,000666
backyards 3,912023 0,000666
bacon 0,994252 0,000169
bad 0,051293 0,000009
badly 0,446287 0,000076
bag 0,544727 0,000093
bagged 2,659260 0,000453
baker 1,237874 0,000211
balconies 2,525729 0,000430
ball 0,356675 0,000061
balls 0,798508 0,000136
balm 1,609438 0,000274
band 0,430783 0,000073
bandages 1,771957 0,000302
banished 0,941609 0,000160
bank 0,261365 0,000045
banner 1,272966 0,000217
bar 0,527633 0,000090
bare 0,162519 0,000028
barely 0,798508 0,000136
bargains 1,897120 0,000323
bargees 3,912023 0,000666
barrows 2,302585 0,000392
bars 0,653926 0,000111
bartholomew 2,040221 0,000347
baseball 2,813411 0,000479
basement 1,966113 0,000335
basin 0,941609 0,000160
basis 0,843970 0,000144
basket 0,673345 0,000115
baskets 1,203973 0,000205
bassinet 3,912023 0,000666
basted 3,218876 0,000548
bastille 2,813411 0,000479
bath 0,562119 0,000096
bathed 0,798508 0,000136
bathing 1,272966 0,000217
bats 1,897120 0,000323
battered 1,309333 0,000223
battle 0,287682 0,000049
battles 0,916291 0,000156
bay 0,544727 0,000093
bear 0,061875 0,000011
beard 0,579818 0,000099
bearing 0,162519 0,000028
bears 0,510826 0,000087
beast 0,342490 0,000058
beasts 0,430783 0,000073
beat 0,186330 0,000032
beats 0,941609 0,000160
beautiful 0,083382 0,000014
beauty 0,174353 0,000030
bed 0,051293 0,000009
bedding 1,771957 0,000302
bedford 2,407946 0,000410
bedroom 0,798508 0,000136
bedrooms 1,897120 0,000323
beds 0,430783 0,000073
bedside 1,171183 0,000199
bedstead 1,347074 0,000229
beef 0,916291 0,000156
beehives 2,995732 0,000510
beer 0,941609 0,000160
befriend 1,832581 0,000312
befriended 1,771957 0,000302
beg 0,210721 0,000036
beggar 0,733969 0,000125
beggary 2,120264 0,000361
begged 0,462035 0,000079
begging 0,713350 0,000121
begone 1,660731 0,000283
begs 1,832581 0,000312
behalf 0,713350 0,000121
behave 0,713350 0,000121
behaved 0,798508 0,000136
behaviour 0,941609 0,000160
behold 0,342490 0,000058
belief 0,198451 0,000034
bell 0,400478 0,000068
bells 0,597837 0,000102
belong 0,235722 0,000040
belonging 0,527633 0,000090
belongs 0,415515 0,000071
beloved 0,415515 0,000071
belts 2,040221 0,000347
ben 1,609438 0,000274
beneath 0,198451 0,000034
beneficent 1,386294 0,000236
benefit 0,415515 0,000071
benefited 1,714798 0,000292
benefits 1,171183 0,000199
benevolent 1,021651 0,000174
bent 0,174353 0,000030
bereaved 1,966113 0,000335
beseech 1,049822 0,000179
beset 0,941609 0,000160
besetting 2,207275 0,000376
bestial 1,966113 0,000335
bestiality 2,813411 0,000479
bestow 0,755023 0,000129
bestowed 0,562119 0,000096
bestows 1,771957 0,000302
betide 2,659260 0,000453
betray 0,527633 0,000090
betrayed 0,494296 0,000084
beware 0,820981 0,000140
bewildered 0,843970 0,000144
bewilders 3,218876 0,000548
bid 0,400478 0,000068
bind 0,755023 0,000129
birch 1,714798 0,000292
bird 0,235722 0,000040
birds 0,301105 0,000051
birth 0,301105 0,000051
bishops 1,832581 0,000312
bit 0,174353 0,000030
bits 0,843970 0,000144
bitter 0,235722 0,000040
bitterest 1,469676 0,000250
bitterly 0,579818 0,000099
bitterness 0,634878 0,000108
black 0,072571 0,000012
blackfriars 3,218876 0,000548
blade 0,755023 0,000129
blame 0,174353 0,000030
blanched 1,966113 0,000335
blank 0,579818 0,000099
blankets 1,171183 0,000199
blast 0,693147 0,000118
blazed 1,203973 0,000205
bleeds 1,966113 0,000335
blend 1,771957 0,000302
blended 1,203973 0,000205
bless 0,430783 0,000073
blessed 0,356675 0,000061
blessing 0,446287 0,000076
blessings 1,171183 0,000199
blight 1,771957 0,000302
blighted 1,771957 0,000302
blind 0,223144 0,000038
blinded 0,994252 0,000169
blinds 1,347074 0,000229
bloaters 3,912023 0,000666
block 0,616186 0,000105
blocked 1,609438 0,000274
blocks 1,272966 0,000217
blood 0,116534 0,000020
bloom 0,798508 0,000136
blooming 1,139434 0,000194
blossoms 1,049822 0,000179
blouse 2,207275 0,000376
blouses 2,813411 0,000479
blow 0,139262 0,000024
blowing 0,510826 0,000087
blows 0,371064 0,000063
blue 0,174353 0,000030
board 0,314711 0,000054
boards 0,776529 0,000132
boast 0,430783 0,000073
boasted 1,171183 0,000199
bodes 2,659260 0,000453
bodied 1,897120 0,000323
bodies 0,174353 0,000030
bodily 0,673345 0,000115
body 0,030459 0,000005
bogy 3,912023 0,000666
boiled 0,798508 0,000136
boiler 1,660731 0,000283
bold 0,287682 0,000049
bona 2,659260 0,000453
bonds 0,798508 0,000136
bones 0,235722 0,000040
bonnets 1,771957 0,000302
book 0,061875 0,000011
books 0,139262 0,000024
booming 1,560648 0,000266
booms 2,813411 0,000479
boon 1,560648 0,000266
boot 0,941609 0,000160
booth 1,832581 0,000312
bootlaces 3,912023 0,000666
boots 0,510826 0,000087
born 0,105361 0,000018
borne 0,261365 0,000045
borough 2,525729 0,000430
borrow 0,798508 0,000136
borstal 3,912023 0,000666
bottle 0,562119 0,000096
bottles 0,798508 0,000136
bound 0,030459 0,000005
boundaries 1,514128 0,000258
bounds 0,634878 0,000108
bowed 0,371064 0,000063
bowery 3,218876 0,000548
bowls 1,660731 0,000283
box 0,248461 0,000042
boxes 0,798508 0,000136
boxing 2,120264 0,000361
boy 0,139262 0,000024
boyhood 1,237874 0,000211
boys 0,328504 0,000056
brace 1,469676 0,000250
braces 1,609438 0,000274
brain 0,356675 0,000061
brains 0,776529 0,000132
branch 0,385662 0,000066
branches 0,371064 0,000063
brass 0,478036 0,000081
brave 0,415515 0,000071
bravely 1,078810 0,000184
braver 1,966113 0,000335
bravest 1,386294 0,000236
bread 0,248461 0,000042
breadth 0,653926 0,000111
break 0,083382 0,000014
breakdown 3,218876 0,000548
breakfast 0,356675 0,000061
breaking 0,210721 0,000036
breast 0,210721 0,000036
breath 0,174353 0,000030
breathe 0,478036 0,000081
breathed 0,494296 0,000084
breathing 0,462035 0,000079
bred 0,478036 0,000081
brick 0,713350 0,000121
bride 0,820981 0,000140
bridge 0,494296 0,000084
bridged 2,525729 0,000430
bridges 1,108663 0,000189
brigade 2,120264 0,000361
brigades 2,659260 0,000453
bright 0,116534 0,000020
brighten 1,897120 0,000323
brightened 0,967584 0,000165
brightens 2,995732 0,000510
brighter 0,776529 0,000132
brilliant 0,430783 0,000073
brilliantly 1,560648 0,000266
bring 0,010050 0,000002
bringing 0,105361 0,000018
brings 0,328504 0,000056
britain 1,427116 0,000243
britannica 2,995732 0,000510
british 0,843970 0,000144
britons 2,302585 0,000392
broad 0,139262 0,000024
broke 0,116534 0,000020
broken 0,061875 0,000011
broods 2,302585 0,000392
brother 0,127833 0,000022
brotherhood 1,660731 0,000283
brotherly 1,609438 0,000274
brothers 0,356675 0,000061
brought 0,010050 0,000002
brown 0,274437 0,000047
browned 2,813411 0,000479
browning 2,995732 0,000510
bruised 0,941609 0,000160
brush 0,755023 0,000129
brushes 1,660731 0,000283
brutal 0,755023 0,000129
brutality 1,514128 0,000258
brute 0,579818 0,000099
brutes 1,427116 0,000243
buckskin 2,995732 0,000510
buffers 3,912023 0,000666
bugle 2,813411 0,000479
bugs 2,407946 0,000410
build 0,446287 0,000076
builder 1,514128 0,000258
building 0,223144 0,000038
buildings 0,713350 0,000121
builds 1,714798 0,000292
built 0,150823 0,000026
bulk 0,843970 0,000144
bump 1,966113 0,000335
bundle 0,755023 0,000129
bundles 1,427116 0,000243
burden 0,223144 0,000038
burdens 1,309333 0,000223
burglar 1,660731 0,000283
burglary 2,120264 0,000361
burgled 3,218876 0,000548
burgling 3,506558 0,000597
burial 0,994252 0,000169
buried 0,248461 0,000042
burn 0,400478 0,000068
burned 0,400478 0,000068
burning 0,150823 0,000026
burrow 2,207275 0,000376
burrowing 2,407946 0,000410
burst 0,287682 0,000049
bursting 0,713350 0,000121
bursts 1,386294 0,000236
bury 0,776529 0,000132
busily 1,021651 0,000174
business 0,040822 0,000007
busy 0,223144 0,000038
butcher 0,941609 0,000160
butchers 2,302585 0,000392
butt 1,171183 0,000199
butter 0,820981 0,000140
butterflies 1,609438 0,000274
button 1,049822 0,000179
buttoned 1,309333 0,000223
buttons 1,108663 0,000189
caged 1,832581 0,000312
cakebread 3,912023 0,000666
cakewalk 3,912023 0,000666
calculating 1,386294 0,000236
calculations 1,139434 0,000194
callings 2,407946 0,000410
calm 0,301105 0,000051
canada 1,897120 0,000323
canal 1,309333 0,000223
canals 2,120264 0,000361
candles 0,755023 0,000129
candour 1,771957 0,000302
cannon 0,941609 0,000160
cap 0,462035 0,000079
capabilities 2,302585 0,000392
capability 2,659260 0,000453
capable 0,261365 0,000045
capacity 0,527633 0,000090
capital 0,328504 0,000056
capitalists 3,218876 0,000548
capricious 1,386294 0,000236
caps 0,967584 0,000165
car 0,994252 0,000169
card 0,223144 0,000038
cardboard 2,120264 0,000361
cards 0,634878 0,000108
care 0,000000 0,000000
cared 0,494296 0,000084
career 0,478036 0,000081
careful 0,174353 0,000030
carefully 0,139262 0,000024
cares 0,634878 0,000108
caretaker 3,506558 0,000597
careworn 2,525729 0,000430
caring 1,049822 0,000179
carman 3,912023 0,000666
carnal 1,714798 0,000292
carnival 2,207275 0,000376
carpet 0,653926 0,000111
carpets 1,427116 0,000243
carriage 0,446287 0,000076
carried 0,030459 0,000005
carriers 2,040221 0,000347
carries 0,755023 0,000129
carry 0,030459 0,000005
carrying 0,083382 0,000014
carton 3,218876 0,000548
cassock 2,407946 0,000410
cast 0,116534 0,000020
casts 1,139434 0,000194
casual 1,078810 0,000184
casually 1,386294 0,000236
cat 0,562119 0,000096
catalogue 1,347074 0,000229
catapult 3,912023 0,000666
catastrophe 1,108663 0,000189
catch 0,210721 0,000036
catering 3,506558 0,000597
cattle 0,544727 0,000093
cave 0,776529 0,000132
caves 1,203973 0,000205
cease 0,139262 0,000024
ceaseless 1,386294 0,000236
ceaselessly 2,659260 0,000453
ceiling 0,527633 0,000090
celebrate 1,272966 0,000217
celebration 1,771957 0,000302
celerity 1,897120 0,000323
cell 0,916291 0,000156
cells 1,427116 0,000243
cemetery 1,609438 0,000274
censure 1,108663 0,000189
central 0,733969 0,000125
centre 0,462035 0,000079
centred 1,897120 0,000323
centres 1,771957 0,000302
centuries 0,544727 0,000093
cerebral 2,995732 0,000510
cerements 2,813411 0,000479
ceremony 0,579818 0,000099
certainty 0,342490 0,000058
certificate 1,714798 0,000292
certification 3,912023 0,000666
certified 2,525729 0,000430
chafing 1,771957 0,000302
chains 0,562119 0,000096
chair 0,274437 0,000047
chairs 0,579818 0,000099
chalk 1,272966 0,000217
chalked 2,813411 0,000479
chamber 0,400478 0,000068
chambers 0,733969 0,000125
chance 0,083382 0,000014
chances 0,562119 0,000096
chandler 2,040221 0,000347
change 0,010050 0,000002
changed 0,051293 0,000009
chaos 1,078810 0,000184
chap 1,021651 0,000174
chapel 1,139434 0,000194
chaplain 1,771957 0,000302
chapter 0,342490 0,000058
chapters 1,469676 0,000250
character 0,061875 0,000011
characteristic 0,597837 0,000102
characteristics 0,798508 0,000136
characterless 3,218876 0,000548
characters 0,430783 0,000073
charge 0,051293 0,000009
chargeable 2,407946 0,000410
charged 0,328504 0,000056
charges 0,223144 0,000038
charing 1,966113 0,000335
charitable 0,287682 0,000049
charitably 2,302585 0,000392
charity 0,494296 0,000084
charles 0,597837 0,000102
charms 0,755023 0,000129
charnel 2,813411 0,000479
chattels 2,525729 0,000430
cheap 0,673345 0,000115
cheaper 1,714798 0,000292
cheapside 2,995732 0,000510
cheat 1,139434 0,000194
cheating 2,040221 0,000347
checking 1,203973 0,000205
cheer 0,562119 0,000096
cheerfully 0,820981 0,000140
cheery 1,560648 0,000266
cheese 0,967584 0,000165
cheque 1,966113 0,000335
cheques 2,813411 0,000479
cherished 0,843970 0,000144
cherries 2,407946 0,000410
cherry 1,660731 0,000283
chess 1,660731 0,000283
chest 0,371064 0,000063
chested 2,525729 0,000430
chests 1,469676 0,000250
chief 0,094311 0,000016
chiefly 0,527633 0,000090
child 0,072571 0,000012
childhood 0,527633 0,000090
childlike 1,771957 0,000302
children 0,072571 0,000012
china 0,776529 0,000132
chloride 3,218876 0,000548
choice 0,150823 0,000026
choicest 1,560648 0,000266
choir 1,386294 0,000236
choke 1,427116 0,000243
choked 0,755023 0,000129
choking 0,941609 0,000160
choose 0,083382 0,000014
choosing 0,867501 0,000148
chopped 1,714798 0,000292
chopping 1,832581 0,000312
chorus 1,021651 0,000174
chosen 0,186330 0,000032
christendom 1,660731 0,000283
christian 0,430783 0,000073
christmas 0,891598 0,000152
chronicled 2,525729 0,000430
church 0,261365 0,000045
churches 0,994252 0,000169
churchill 2,813411 0,000479
churchyard 1,560648 0,000266
cigar 1,139434 0,000194
cigarettes 1,714798 0,000292
cigars 1,347074 0,000229
circe 2,040221 0,000347
circle 0,223144 0,000038
circular 1,078810 0,000184
circumscribed 2,207275 0,000376
circumstances 0,162519 0,000028
circumstantially 2,407946 0,000410
cities 0,616186 0,000105
citizen 0,843970 0,000144
citizens 0,916291 0,000156
citizenship 2,302585 0,000392
city 0,051293 0,000009
civilisation 2,040221 0,000347
civilised 1,660731 0,000283
clad 0,597837 0,000102
claim 0,116534 0,000020
claims 0,616186 0,000105
clammy 1,897120 0,000323
clamouring 2,813411 0,000479
clarke 2,407946 0,000410
class 0,314711 0,000054
classed 1,897120 0,000323
classes 0,653926 0,000111
classification 2,040221 0,000347
classified 2,525729 0,000430
classify 2,407946 0,000410
claus 2,813411 0,000479
clean 0,248461 0,000042
cleaned 1,139434 0,000194
cleaner 2,207275 0,000376
cleaning 1,049822 0,000179
cleanliness 1,237874 0,000211
cleansed 1,714798 0,000292
cleansing 1,832581 0,000312
cleopatra 1,966113 0,000335
clergy 1,272966 0,000217
clergyman 1,108663 0,000189
clergymen 2,302585 0,000392
clerical 1,714798 0,000292
clerk 0,673345 0,000115
clever 0,400478 0,000068
cleverest 1,832581 0,000312
clicker 3,912023 0,000666
climb 0,693147 0,000118
climbed 0,673345 0,000115
climbing 0,733969 0,000125
clime 2,040221 0,000347
cling 0,994252 0,000169
clock 0,527633 0,000090
close 0,051293 0,000009
closed 0,116534 0,000020
closely 0,223144 0,000038
closes 1,469676 0,000250
cloth 0,356675 0,000061
clothed 0,673345 0,000115
clothes 0,127833 0,000022
clothing 0,776529 0,000132
club 0,713350 0,000121
clubs 1,272966 0,000217
coal 0,693147 0,000118
coarse 0,478036 0,000081
coat 0,274437 0,000047
coated 1,609438 0,000274
coats 0,653926 0,000111
coddled 3,912023 0,000666
code 1,309333 0,000223
coffers 2,120264 0,000361
coffin 1,021651 0,000174
coins 1,078810 0,000184
cold 0,040822 0,000007
collaborate 3,912023 0,000666
collaborated 3,218876 0,000548
collapsed 1,514128 0,000258
colleagues 1,966113 0,000335
collected 0,415515 0,000071
collecting 0,867501 0,000148
collection 0,174353 0,000030
collector 1,609438 0,000274
collects 1,897120 0,000323
colonial 2,120264 0,000361
colonies 1,469676 0,000250
colony 1,347074 0,000229
colour 0,527633 0,000090
coloured 0,693147 0,000118
colours 0,713350 0,000121
combination 0,693147 0,000118
combine 1,078810 0,000184
combined 0,713350 0,000121
combines 2,302585 0,000392
comedy 0,941609 0,000160
comfort 0,150823 0,000026
comfortable 0,261365 0,000045
comfortably 0,693147 0,000118
comforted 0,776529 0,000132
comforter 1,609438 0,000274
comforting 1,139434 0,000194
comforts 0,967584 0,000165
command 0,162519 0,000028
commemorate 2,525729 0,000430
commence 0,941609 0,000160
commenced 0,798508 0,000136
commencement 1,139434 0,000194
commend 1,347074 0,000229
comment 0,673345 0,000115
commented 1,609438 0,000274
comments 1,469676 0,000250
commerce 1,078810 0,000184
commercial 0,274437 0,000047
commingled 2,659260 0,000453
commission 0,693147 0,000118
commissioned 1,427116 0,000243
commissioners 2,120264 0,000361
commit 0,527633 0,000090
commitment 3,506558 0,000597
committal 3,218876 0,000548
committed 0,150823 0,000026
committee 1,309333 0,000223
committees 2,407946 0,000410
committing 1,078810 0,000184
commodious 1,966113 0,000335
commodities 2,207275 0,000376
common 0,072571 0,000012
commonplace 1,237874 0,000211
commons 1,714798 0,000292
communication 0,597837 0,000102
communicative 1,514128 0,000258
communion 1,427116 0,000243
community 0,616186 0,000105
companied 3,218876 0,000548
companion 0,248461 0,000042
companions 0,301105 0,000051
companionship 0,967584 0,000165
company 0,020203 0,000003
comparative 0,994252 0,000169
comparatively 0,634878 0,000108
compare 0,510826 0,000087
compared 0,274437 0,000047
compel 0,916291 0,000156
compelled 0,527633 0,000090
compelling 1,560648 0,000266
compels 1,309333 0,000223
compensates 3,218876 0,000548
compensation 1,108663 0,000189
compensations 2,813411 0,000479
competence 2,659260 0,000453
competency 2,525729 0,000430
competent 1,139434 0,000194
competitive 3,506558 0,000597
complacent 1,514128 0,000258
complain 0,446287 0,000076
complaining 0,891598 0,000152
complaint 0,616186 0,000105
complete 0,150823 0,000026
completed 0,446287 0,000076
complex 1,139434 0,000194
complexion 0,798508 0,000136
compose 0,916291 0,000156
composed 0,328504 0,000056
comprehensive 1,237874 0,000211
comprised 1,560648 0,000266
comprises 2,207275 0,000376
compulsion 1,609438 0,000274
compulsory 2,120264 0,000361
compunction 1,714798 0,000292
computing 2,995732 0,000510
comus 3,218876 0,000548
concealed 0,415515 0,000071
conceivable 1,386294 0,000236
conceive 0,544727 0,000093
conception 0,653926 0,000111
concern 0,430783 0,000073
concerned 0,287682 0,000049
concerns 0,820981 0,000140
concurrence 1,714798 0,000292
condemn 0,867501 0,000148
condemnation 1,347074 0,000229
condemned 0,653926 0,000111
condensed 1,714798 0,000292
condition 0,094311 0,000016
conditions 0,342490 0,000058
conducive 1,560648 0,000266
conduct 0,198451 0,000034
conducted 0,415515 0,000071
confederates 2,207275 0,000376
conferred 1,171183 0,000199
confess 0,198451 0,000034
confessed 0,579818 0,000099
confessions 1,714798 0,000292
confidence 0,139262 0,000024
confined 0,385662 0,000066
confirm 0,755023 0,000129
confirmation 0,356675 0,000061
confirmed 0,174353 0,000030
confirms 1,832581 0,000312
conflict 0,693147 0,000118
conflicting 1,560648 0,000266
confounded 0,693147 0,000118
confront 1,660731 0,000283
confronts 2,813411 0,000479
confused 0,248461 0,000042
confusion 0,301105 0,000051
congenital 3,218876 0,000548
congregate 2,302585 0,000392
congregated 2,407946 0,000410
congregation 1,309333 0,000223
connected 0,415515 0,000071
connection 0,462035 0,000079
conquered 0,798508 0,000136
conscience 0,314711 0,000054
conscious 0,314711 0,000054
consciousness 0,371064 0,000063
conscripts 3,218876 0,000548
consecrated 1,309333 0,000223
consent 0,328504 0,000056
consequence 0,328504 0,000056
consequences 0,371064 0,000063
considerable 0,105361 0,000018
considerably 0,776529 0,000132
consideration 0,274437 0,000047
consign 2,040221 0,000347
consigned 1,427116 0,000243
consists 0,776529 0,000132
conspicuous 0,916291 0,000156
constables 2,407946 0,000410
constant 0,051293 0,000009
constantly 0,371064 0,000063
constitute 1,171183 0,000199
constituted 1,049822 0,000179
constituting 2,040221 0,000347
constitution 0,843970 0,000144
construction 0,755023 0,000129
consult 0,579818 0,000099
consultative 3,506558 0,000597
consulting 0,891598 0,000152
consumed 0,634878 0,000108
consummate 1,469676 0,000250
consumption 1,171183 0,000199
consumptive 2,040221 0,000347
contact 0,210721 0,000036
contagion 1,714798 0,000292
contamination 2,407946 0,000410
contemplate 0,994252 0,000169
contemplation 0,527633 0,000090
contend 0,891598 0,000152
contending 1,309333 0,000223
content 0,186330 0,000032
contented 0,400478 0,000068
contentedly 1,897120 0,000323
contents 0,094311 0,000016
continent 0,891598 0,000152
continual 0,693147 0,000118
continually 0,446287 0,000076
continuance 1,237874 0,000211
continue 0,261365 0,000045
continued 0,072571 0,000012
continues 0,941609 0,000160
continuous 0,867501 0,000148
continuously 1,469676 0,000250
contract 0,261365 0,000045
contradictions 1,272966 0,000217
contradictory 1,272966 0,000217
contrast 0,494296 0,000084
contrasts 1,966113 0,000335
contribute 1,049822 0,000179
contributes 1,897120 0,000323
contribution 1,771957 0,000302
contrivance 1,514128 0,000258
control 0,314711 0,000054
convenience 0,755023 0,000129
conveniences 1,897120 0,000323
conversation 0,186330 0,000032
conversations 0,891598 0,000152
convert 0,385662 0,000066
converted 0,820981 0,000140
converts 1,897120 0,000323
convex 2,525729 0,000430
convey 0,544727 0,000093
conveys 1,897120 0,000323
convict 1,272966 0,000217
convicted 1,469676 0,000250
conviction 0,462035 0,000079
convictions 1,514128 0,000258
convicts 2,207275 0,000376
convince 0,634878 0,000108
convinced 0,287682 0,000049
cooked 0,916291 0,000156
cookery 1,660731 0,000283
cooking 0,967584 0,000165
cool 0,314711 0,000054
coolly 1,021651 0,000174
cope 1,272966 0,000217
coping 2,659260 0,000453
coppers 2,040221 0,000347
cords 1,139434 0,000194
corn 0,579818 0,000099
corned 2,995732 0,000510
corner 0,127833 0,000022
corners 0,430783 0,000073
coroner 2,207275 0,000376
corporal 1,660731 0,000283
corporate 3,218876 0,000548
corporations 2,302585 0,000392
corps 1,560648 0,000266
correct 0,385662 0,000066
corrected 0,733969 0,000125
correction 1,203973 0,000205
corresponded 1,660731 0,000283
corrupting 2,207275 0,000376
corruption 0,820981 0,000140
cos 2,995732 0,000510
cost 0,105361 0,000018
costly 0,967584 0,000165
costs 0,287682 0,000049
cot 1,897120 0,000323
council 0,713350 0,000121
count 0,248461 0,000042
countenance 0,415515 0,000071
counterbalancing 3,506558 0,000597
counterfeit 1,309333 0,000223
counterpane 2,207275 0,000376
counterparts 3,218876 0,000548
counters 2,040221 0,000347
counties 1,966113 0,000335
countless 1,203973 0,000205
countries 0,235722 0,000040
country 0,010050 0,000002
county 0,941609 0,000160
couple 0,287682 0,000049
couples 1,714798 0,000292
coupling 2,407946 0,000410
courage 0,150823 0,000026
court 0,127833 0,000022
courtesy 0,713350 0,000121
courts 0,544727 0,000093
cover 0,261365 0,000045
covered 0,139262 0,000024
covering 0,446287 0,000076
covers 0,820981 0,000140
cradle 1,108663 0,000189
craft 0,755023 0,000129
craftsmen 2,525729 0,000430
cram 2,207275 0,000376
cramped 1,427116 0,000243
craving 1,272966 0,000217
crawling 0,941609 0,000160
crazy 0,916291 0,000156
create 0,597837 0,000102
created 0,116534 0,000020
creations 1,660731 0,000283
creature 0,174353 0,000030
creatures 0,235722 0,000040
credentials 2,207275 0,000376
credible 1,714798 0,000292
credit 0,094311 0,000016
creed 1,203973 0,000205
creep 0,820981 0,000140
creeping 0,634878 0,000108
crematorium 3,912023 0,000666
cress 3,218876 0,000548
cricket 1,609438 0,000274
crime 0,314711 0,000054
crimes 0,653926 0,000111
criminal 0,693147 0,000118
criminally 3,506558 0,000597
criminals 1,386294 0,000236
cripple 1,560648 0,000266
crippled 1,469676 0,000250
cripples 2,407946 0,000410
critical 0,235722 0,000040
crockery 1,714798 0,000292
crocks 3,912023 0,000666
crook 1,771957 0,000302
cross 0,139262 0,000024
crossed 0,301105 0,000051
crosses 1,021651 0,000174
crowd 0,198451 0,000034
crowded 0,301105 0,000051
crowds 1,021651 0,000174
crown 0,314711 0,000054
cruel 0,261365 0,000045
cruelty 0,478036 0,000081
crumbs 1,771957 0,000302
crush 0,967584 0,000165
crushed 0,544727 0,000093
crushing 0,843970 0,000144
crutches 2,302585 0,000392
cubs 2,302585 0,000392
culture 1,171183 0,000199
cultured 1,966113 0,000335
cumberers 3,912023 0,000666
cunning 0,462035 0,000079
cup 0,385662 0,000066
cups 0,820981 0,000140
curate 1,771957 0,000302
cure 0,430783 0,000073
cured 0,733969 0,000125
curious 0,261365 0,000045
curl 1,272966 0,000217
curled 0,941609 0,000160
curly 1,171183 0,000199
current 0,127833 0,000022
curse 0,510826 0,000087
curtains 0,579818 0,000099
custody 1,560648 0,000266
custom 0,210721 0,000036
cut 0,040822 0,000007
cuts 0,820981 0,000140
daily 0,248461 0,000042
dainty 0,798508 0,000136
dame 1,171183 0,000199
damp 0,415515 0,000071
dance 0,356675 0,000061
dancing 0,371064 0,000063
danger 0,116534 0,000020
dangerous 0,150823 0,000026
dangers 0,597837 0,000102
daniel 1,427116 0,000243
dank 1,660731 0,000283
dante 1,514128 0,000258
dark 0,051293 0,000009
darkness 0,186330 0,000032
darning 2,407946 0,000410
dash 0,673345 0,000115
daughter 0,261365 0,000045
daughters 0,510826 0,000087
dawn 0,478036 0,000081
day 0,000000 0,000000
daylight 0,446287 0,000076
days 0,020203 0,000003
dazed 1,427116 0,000243
dead 0,072571 0,000012
deadly 0,478036 0,000081
deaf 0,634878 0,000108
deal 0,105361 0,000018
dealing 0,616186 0,000105
dealings 1,237874 0,000211
deals 1,272966 0,000217
dealt 0,597837 0,000102
dearly 0,776529 0,000132
death 0,020203 0,000003
deaths 1,139434 0,000194
debauch 2,407946 0,000410
debauchery 1,897120 0,000323
debility 2,407946 0,000410
debris 2,813411 0,000479
debt 0,693147 0,000118
decadence 2,995732 0,000510
decadent 2,813411 0,000479
decay 0,634878 0,000108
decayed 1,203973 0,000205
december 0,562119 0,000096
decencies 2,659260 0,000453
decency 1,171183 0,000199
decent 0,693147 0,000118
decently 1,309333 0,000223
decide 0,274437 0,000047
decided 0,186330 0,000032
decidedly 0,867501 0,000148
deciding 1,427116 0,000243
decision 0,579818 0,000099
decisive 0,867501 0,000148
declaim 2,659260 0,000453
declare 0,342490 0,000058
declared 0,210721 0,000036
declares 1,049822 0,000179
declaring 0,891598 0,000152
declined 0,776529 0,000132
declines 1,966113 0,000335
decorations 1,966113 0,000335
decrease 2,120264 0,000361
decreed 1,347074 0,000229
deed 0,478036 0,000081
deeds 0,527633 0,000090
deemed 0,755023 0,000129
deep 0,051293 0,000009
deeper 0,328504 0,000056
deepest 0,673345 0,000115
deeply 0,261365 0,000045
deeps 2,407946 0,000410
default 1,966113 0,000335
defeated 1,021651 0,000174
defect 0,328504 0,000056
defective 0,356675 0,000061
defects 0,301105 0,000051
defence 0,597837 0,000102
defer 1,427116 0,000243
defiance 0,713350 0,000121
deficiency 1,469676 0,000250
deficient 1,272966 0,000217
defiled 1,469676 0,000250
definite 0,755023 0,000129
deformed 1,021651 0,000174
deformity 1,609438 0,000274
defrauded 2,120264 0,000361
deft 2,207275 0,000376
deftly 1,660731 0,000283
defy 1,139434 0,000194
degenerates 2,302585 0,000392
degenerating 2,207275 0,000376
degradation 1,108663 0,000189
degraded 1,049822 0,000179
degrading 1,386294 0,000236
degree 0,198451 0,000034
deliberately 0,693147 0,000118
delicate 0,301105 0,000051
delicately 1,171183 0,000199
delight 0,162519 0,000028
delights 0,820981 0,000140
delinquencies 3,218876 0,000548
delinquency 3,912023 0,000666
delinquent 2,302585 0,000392
delinquents 2,659260 0,000453
delirium 1,237874 0,000211
deliver 0,494296 0,000084
deliverance 0,941609 0,000160
delivered 0,342490 0,000058
deluded 1,714798 0,000292
demand 0,127833 0,000022
demanded 0,400478 0,000068
demanding 1,203973 0,000205
demands 0,673345 0,000115
demented 2,813411 0,000479
dementia 3,912023 0,000666
demoniacal 2,407946 0,000410
demonstrated 1,237874 0,000211
demoralisation 3,506558 0,000597
demoralising 3,506558 0,000597
demur 2,207275 0,000376
demure 2,120264 0,000361
denial 0,798508 0,000136
denied 0,287682 0,000049
denmark 2,659260 0,000453
dens 1,514128 0,000258
deny 0,301105 0,000051
denying 1,049822 0,000179
department 0,941609 0,000160
departments 1,609438 0,000274
depend 0,371064 0,000063
dependent 0,843970 0,000144
depends 0,198451 0,000034
depleted 3,218876 0,000548
deplorable 1,386294 0,000236
deplorably 2,995732 0,000510
deported 3,912023 0,000666
deposit 1,427116 0,000243
deposited 1,021651 0,000174
depots 3,218876 0,000548
depravity 1,560648 0,000266
depredation 2,813411 0,000479
depressing 1,427116 0,000243
depression 0,967584 0,000165
deprivation 2,207275 0,000376
deprivations 3,218876 0,000548
deprived 0,579818 0,000099
deprives 1,714798 0,000292
depth 0,494296 0,000084
depths 0,446287 0,000076
deputy 1,347074 0,000229
derelicts 3,912023 0,000666
derive 0,342490 0,000058
descend 0,478036 0,000081
descendants 1,108663 0,000189
descended 0,400478 0,000068
description 0,274437 0,000047
descriptions 1,108663 0,000189
desecrated 2,659260 0,000453
deserted 0,385662 0,000066
deserves 0,776529 0,000132
deserving 0,891598 0,000152
designs 0,733969 0,000125
desirable 0,733969 0,000125
desire 0,072571 0,000012
desired 0,150823 0,000026
desirous 0,634878 0,000108
desk 0,891598 0,000152
desks 2,120264 0,000361
desolation 0,941609 0,000160
despair 0,198451 0,000034
despairing 0,798508 0,000136
destination 1,078810 0,000184
destined 0,494296 0,000084
destitute 0,916291 0,000156
destitution 2,120264 0,000361
destroy 0,127833 0,000022
destroyed 0,274437 0,000047
destroyer 1,714798 0,000292
destruction 0,342490 0,000058
destructor 3,912023 0,000666
detain 0,820981 0,000140
detained 0,867501 0,000148
detaining 1,609438 0,000274
detect 0,994252 0,000169
detected 0,776529 0,000132
detecting 1,966113 0,000335
detective 1,660731 0,000283
detectives 2,120264 0,000361
detention 1,897120 0,000323
deter 1,897120 0,000323
determines 1,714798 0,000292
detestable 1,203973 0,000205
develop 1,237874 0,000211
developed 0,544727 0,000093
developing 1,386294 0,000236
development 0,755023 0,000129
develops 2,302585 0,000392
devise 1,427116 0,000243
devolved 1,771957 0,000302
devonshire 2,407946 0,000410
devoted 0,301105 0,000051
devotion 0,510826 0,000087
devoutly 1,386294 0,000236
dew 0,867501 0,000148
dick 1,771957 0,000302
dickens 1,560648 0,000266
dicks 3,218876 0,000548
die 0,105361 0,000018
died 0,061875 0,000011
dies 0,579818 0,000099
diet 1,078810 0,000184
difference 0,198451 0,000034
differentiate 2,995732 0,000510
difficult 0,116534 0,000020
difficulties 0,385662 0,000066
difficulty 0,139262 0,000024
diffidence 1,514128 0,000258
dignified 0,755023 0,000129
dignifies 3,218876 0,000548
dignity 0,314711 0,000054
dilapidated 1,660731 0,000283
dilapidation 2,813411 0,000479
dimensions 0,967584 0,000165
diminish 0,994252 0,000169
diminished 0,776529 0,000132
dimly 0,867501 0,000148
dimmed 1,560648 0,000266
dined 0,967584 0,000165
dingy 1,347074 0,000229
dining 0,510826 0,000087
dinner 0,198451 0,000034
dint 1,660731 0,000283
dipsomania 3,912023 0,000666
dipsomaniac 3,506558 0,000597
dipsomaniacs 3,506558 0,000597
direct 0,083382 0,000014
direction 0,083382 0,000014
directions 0,314711 0,000054
directories 3,912023 0,000666
directors 1,897120 0,000323
dirt 0,544727 0,000093
dirty 0,544727 0,000093
disabilities 2,995732 0,000510
disabled 1,714798 0,000292
disappear 0,891598 0,000152
disappearance 1,272966 0,000217
disappeared 0,356675 0,000061
disappears 1,469676 0,000250
disappointed 0,415515 0,000071
disappointingly 3,506558 0,000597
disappointment 0,462035 0,000079
disaster 0,867501 0,000148
disasters 1,832581 0,000312
disastrous 1,108663 0,000189
disbanded 3,218876 0,000548
discarding 2,813411 0,000479
discharge 0,733969 0,000125
discharged 0,820981 0,000140
disciples 1,427116 0,000243
discipline 0,653926 0,000111
disciplined 1,897120 0,000323
disclosed 0,867501 0,000148
disclosures 2,525729 0,000430
discomfiture 1,660731 0,000283
discordantly 3,506558 0,000597
discount 2,207275 0,000376
discover 0,083382 0,000014
discovered 0,051293 0,000009
discuss 0,673345 0,000115
discussed 0,820981 0,000140
discussing 0,916291 0,000156
discussion 0,673345 0,000115
disease 0,371064 0,000063
diseased 1,237874 0,000211
disgrace 0,510826 0,000087
disgraceful 1,049822 0,000179
disgust 0,446287 0,000076
disgusted 0,820981 0,000140
disgusting 1,272966 0,000217
disheartening 2,207275 0,000376
dishonest 1,560648 0,000266
dishonesty 2,120264 0,000361
disliked 1,049822 0,000179
dismally 1,771957 0,000302
dismay 0,776529 0,000132
dismayed 1,272966 0,000217
disorder 0,579818 0,000099
dispensary 2,525729 0,000430
dispense 1,347074 0,000229
dispensed 1,427116 0,000243
dispossess 2,120264 0,000361
dispute 0,562119 0,000096
disputed 1,049822 0,000179
disputes 1,078810 0,000184
disqualified 2,813411 0,000479
dissipated 1,078810 0,000184
dissipation 1,560648 0,000266
dissolute 1,771957 0,000302
distance 0,105361 0,000018
distant 0,162519 0,000028
distasteful 1,714798 0,000292
distinct 0,301105 0,000051
distinctions 1,078810 0,000184
distinctly 0,478036 0,000081
distinguish 0,356675 0,000061
distress 0,274437 0,000047
distressing 1,108663 0,000189
distribute 0,400478 0,000068
distributing 0,446287 0,000076
district 0,843970 0,000144
districts 1,347074 0,000229
disturbed 0,356675 0,000061
disturbing 1,021651 0,000174
disuse 2,120264 0,000361
dived 1,660731 0,000283
divided 0,210721 0,000036
divides 1,272966 0,000217
division 0,653926 0,000111
divorced 1,832581 0,000312
dock 1,771957 0,000302
doctor 0,446287 0,000076
doctors 0,916291 0,000156
document 1,309333 0,000223
dodge 1,660731 0,000283
dodging 2,120264 0,000361
dog 0,261365 0,000045
doings 0,967584 0,000165
doleful 1,427116 0,000243
doles 2,813411 0,000479
dolorous 2,407946 0,000410
domain 0,328504 0,000056
domestic 0,527633 0,000090
dominates 2,659260 0,000453
dominating 2,995732 0,000510
donna 2,525729 0,000430
doomed 0,941609 0,000160
dooms 2,995732 0,000510
door 0,040822 0,000007
doors 0,105361 0,000018
doorstep 1,897120 0,000323
doorway 0,798508 0,000136
doorways 1,832581 0,000312
doss 3,912023 0,000666
double 0,186330 0,000032
doubled 0,653926 0,000111
doubly 1,049822 0,000179
doubt 0,040822 0,000007
doubtless 0,430783 0,000073
dowdyism 3,912023 0,000666
downhearted 2,659260 0,000453
downright 1,272966 0,000217
downstairs 1,049822 0,000179
downward 0,798508 0,000136
downy 2,120264 0,000361
dozen 0,446287 0,000076
dozens 1,469676 0,000250
drag 0,579818 0,000099
dragged 0,462035 0,000079
dragging 0,673345 0,000115
dragon 1,108663 0,000189
drain 1,272966 0,000217
drained 1,514128 0,000258
drains 2,040221 0,000347
dramatists 3,912023 0,000666
drank 0,371064 0,000063
draper 2,525729 0,000430
draw 0,105361 0,000018
drawers 1,049822 0,000179
drawing 0,139262 0,000024
drawn 0,094311 0,000016
draws 0,755023 0,000129
dread 0,371064 0,000063
dreaded 0,693147 0,000118
dreadful 0,342490 0,000058
dress 0,186330 0,000032
dressed 0,261365 0,000045
dresses 0,916291 0,000156
dressing 0,527633 0,000090
drift 0,755023 0,000129
drink 0,150823 0,000026
drinking 0,371064 0,000063
drinks 0,967584 0,000165
drive 0,186330 0,000032
driven 0,127833 0,000022
drives 0,867501 0,000148
droll 1,609438 0,000274
droning 2,207275 0,000376
dropped 0,274437 0,000047
dropping 0,673345 0,000115
dropsy 3,218876 0,000548
droughty 3,506558 0,000597
drowned 0,616186 0,000105
drudge 1,897120 0,000323
drum 1,203973 0,000205
drumming 2,659260 0,000453
drunk 0,415515 0,000071
drunkard 1,237874 0,000211
drunkards 1,897120 0,000323
drunken 0,820981 0,000140
drunkenness 1,237874 0,000211
dry 0,127833 0,000022
drying 1,237874 0,000211
dual 2,302585 0,000392
duchess 1,660731 0,000283
duke 0,994252 0,000169
dull 0,174353 0,000030
dumb 0,562119 0,000096
duns 2,995732 0,000510
duped 2,302585 0,000392
duration 1,078810 0,000184
dusky 1,021651 0,000174
dust 0,174353 0,000030
dustbins 3,912023 0,000666
dustheaps 3,912023 0,000666
dutch 1,139434 0,000194
duties 0,356675 0,000061
duty 0,083382 0,000014
dwarf 1,469676 0,000250
dwarfs 1,966113 0,000335
dwell 0,478036 0,000081
dwellers 1,469676 0,000250
dwelling 0,494296 0,000084
dwellings 1,514128 0,000258
dwells 1,469676 0,000250
dying 0,261365 0,000045
eager 0,210721 0,000036
eagerly 0,385662 0,000066
earn 0,891598 0,000152
earned 0,693147 0,000118
earnest 0,261365 0,000045
earnestly 0,415515 0,000071
earning 1,609438 0,000274
earnings 2,040221 0,000347
earns 2,302585 0,000392
ears 0,105361 0,000018
earth 0,051293 0,000009
ease 0,162519 0,000028
easier 0,385662 0,000066
easily 0,072571 0,000012
east 0,235722 0,000040
easter 1,714798 0,000292
easy 0,040822 0,000007
eat 0,083382 0,000014
eating 0,235722 0,000040
eats 1,078810 0,000184
ebbing 2,207275 0,000376
ebbs 2,813411 0,000479
economic 1,966113 0,000335
economical 1,514128 0,000258
economics 2,659260 0,000453
economy 0,820981 0,000140
ecstatic 1,347074 0,000229
edifying 1,771957 0,000302
educated 0,616186 0,000105
education 0,446287 0,000076
educational 0,446287 0,000076
educative 3,218876 0,000548
edward 1,049822 0,000179
effectual 1,203973 0,000205
effort 0,094311 0,000016
efforts 0,139262 0,000024
egg 1,108663 0,000189
egypt 0,891598 0,000152
eighteen 0,462035 0,000079
eighth 0,798508 0,000136
eject 2,813411 0,000479
ejected 2,407946 0,000410
ejectment 3,218876 0,000548
eke 2,407946 0,000410
elapse 2,207275 0,000376
elbow 0,527633 0,000090
elbowing 2,995732 0,000510
elder 0,478036 0,000081
elderly 0,843970 0,000144
eldest 0,867501 0,000148
elected 1,078810 0,000184
electric 1,171183 0,000199
electricity 1,966113 0,000335
element 0,510826 0,000087
elemental 1,897120 0,000323
elementary 1,427116 0,000243
elements 0,673345 0,000115
elephant 1,237874 0,000211
elevate 1,469676 0,000250
elevator 2,813411 0,000479
elevators 3,506558 0,000597
eleventh 1,347074 0,000229
eliminated 2,207275 0,000376
eliot 2,407946 0,000410
eloquence 0,776529 0,000132
emaciated 1,832581 0,000312
embankment 1,966113 0,000335
embarrass 2,120264 0,000361
embezzlement 3,218876 0,000548
embodiment 1,897120 0,000323
embrace 0,462035 0,000079
embracing 0,867501 0,000148
emergencies 1,832581 0,000312
emerging 1,609438 0,000274
emigrate 2,995732 0,000510
emigrated 2,659260 0,000453
emigrates 3,912023 0,000666
emigration 2,040221 0,000347
emily 2,995732 0,000510
eminence 1,272966 0,000217
emotions 0,755023 0,000129
emphasis 0,891598 0,000152
emphasise 2,659260 0,000453
emphatic 1,427116 0,000243
empire 0,653926 0,000111
employed 0,415515 0,000071
employers 2,120264 0,000361
employment 0,579818 0,000099
empowered 1,966113 0,000335
emulate 2,120264 0,000361
enable 0,579818 0,000099
enabled 0,430783 0,000073
enabling 1,469676 0,000250
enchains 3,912023 0,000666
encourage 0,544727 0,000093
encourages 1,771957 0,000302
encyclopaedia 2,995732 0,000510
endeavour 0,867501 0,000148
enders 3,912023 0,000666
endless 0,478036 0,000081
endows 3,218876 0,000548
endurance 0,891598 0,000152
endure 0,342490 0,000058
endured 0,673345 0,000115
endures 2,040221 0,000347
enduring 0,994252 0,000169
enemies 0,314711 0,000054
enemy 0,174353 0,000030
energy 0,415515 0,000071
enforce 1,386294 0,000236
enforced 1,514128 0,000258
engage 0,634878 0,000108
engaged 0,198451 0,000034
engagements 1,203973 0,000205
engine 1,021651 0,000174
engineers 1,660731 0,000283
england 0,385662 0,000066
english 0,094311 0,000016
englishman 0,916291 0,000156
englishmen 1,347074 0,000229
enjoy 0,150823 0,000026
enjoyed 0,415515 0,000071
enjoying 0,579818 0,000099
enjoys 1,139434 0,000194
enlarged 1,049822 0,000179
enlargement 2,207275 0,000376
enlisting 2,302585 0,000392
enormity 2,207275 0,000376
enrich 1,609438 0,000274
ensue 1,469676 0,000250
ensued 0,994252 0,000169
ensuing 1,427116 0,000243
ensure 1,514128 0,000258
ensures 2,995732 0,000510
entail 2,040221 0,000347
enter 0,094311 0,000016
entered 0,051293 0,000009
entering 0,356675 0,000061
enterprise 0,843970 0,000144
enters 0,843970 0,000144
entertain 0,597837 0,000102
entertained 0,616186 0,000105
enthusiastic 1,021651 0,000174
entire 0,274437 0,000047
entitle 1,832581 0,000312
entitled 0,733969 0,000125
entitling 3,218876 0,000548
entrance 0,210721 0,000036
enumerate 1,966113 0,000335
enumerated 1,609438 0,000274
envelope 1,427116 0,000243
enveloped 1,272966 0,000217
envelopes 2,207275 0,000376
environ 2,302585 0,000392
environment 1,514128 0,000258
epilepsy 2,995732 0,000510
epileptic 2,659260 0,000453
epileptics 3,506558 0,000597
equal 0,174353 0,000030
equally 0,223144 0,000038
erect 0,597837 0,000102
erected 0,843970 0,000144
erects 2,995732 0,000510
errand 0,820981 0,000140
errands 1,771957 0,000302
escape 0,094311 0,000016
escaping 0,776529 0,000132
escorted 1,139434 0,000194
espouses 3,218876 0,000548
esprit 2,525729 0,000430
essence 0,693147 0,000118
established 0,301105 0,000051
establishing 1,203973 0,000205
establishment 0,713350 0,000121
establishments 1,966113 0,000335
esteemed 0,916291 0,000156
estimable 1,560648 0,000266
estimate 0,867501 0,000148
estranged 1,714798 0,000292
eternal 0,415515 0,000071
eternities 2,995732 0,000510
eugenists 3,912023 0,000666
euphonious 3,912023 0,000666
evaporates 3,218876 0,000548
eve 0,673345 0,000115
evening 0,083382 0,000014
evenings 0,798508 0,000136
event 0,342490 0,000058
events 0,223144 0,000038
eventually 1,171183 0,000199
eventuates 3,912023 0,000666
everlasting 0,891598 0,000152
everlastingly 2,040221 0,000347
everyday 1,272966 0,000217
evidence 0,261365 0,000045
evidences 1,427116 0,000243
evident 0,356675 0,000061
evidently 0,371064 0,000063
evil 0,162519 0,000028
evils 0,798508 0,000136
evolution 1,386294 0,000236
evolve 2,995732 0,000510
exact 0,287682 0,000049
exaggerate 1,469676 0,000250
exaggerated 0,843970 0,000144
exaggeration 1,309333 0,000223
examination 0,385662 0,000066
examinations 1,560648 0,000266
examine 0,400478 0,000068
examined 0,356675 0,000061
exceed 0,967584 0,000165
exceedingly 0,462035 0,000079
exception 0,544727 0,000093
exceptions 1,139434 0,000194
excess 0,653926 0,000111
excessive 0,597837 0,000102
exchange 0,342490 0,000058
exchanged 0,579818 0,000099
exchanges 2,525729 0,000430
exchequer 2,407946 0,000410
excitable 1,771957 0,000302
excite 0,843970 0,000144
excited 0,248461 0,000042
excitedly 1,609438 0,000274
excitement 0,430783 0,000073
excites 1,609438 0,000274
exciting 0,693147 0,000118
exclamation 0,994252 0,000169
excluded 0,967584 0,000165
excuse 0,174353 0,000030
exempt 0,371064 0,000063
exercise 0,287682 0,000049
exercises 0,891598 0,000152
exercising 1,514128 0,000258
exertions 1,139434 0,000194
exhaust 1,660731 0,000283
exhaustion 1,021651 0,000174
exhibit 0,967584 0,000165
exhibited 0,891598 0,000152
exhilaration 2,659260 0,000453
exhort 2,120264 0,000361
exist 0,342490 0,000058
existed 0,510826 0,000087
existence 0,162519 0,000028
existent 2,120264 0,000361
exists 0,235722 0,000040
exit 1,347074 0,000229
exodus 2,040221 0,000347
exorbitant 1,771957 0,000302
exorbitantly 3,506558 0,000597
expand 1,771957 0,000302
expect 0,186330 0,000032
expectation 0,462035 0,000079
expected 0,105361 0,000018
expedition 0,776529 0,000132
expend 0,462035 0,000079
expenditure 1,469676 0,000250
expense 0,150823 0,000026
expenses 0,210721 0,000036
expensive 0,843970 0,000144
expensively 2,813411 0,000479
experience 0,083382 0,000014
experienced 0,356675 0,000061
experiences 0,755023 0,000129
experiencing 1,966113 0,000335
experiment 0,733969 0,000125
expires 2,525729 0,000430
explaining 0,733969 0,000125
explicit 1,347074 0,000229
exploitation 2,813411 0,000479
exploits 1,309333 0,000223
explorations 2,407946 0,000410
explore 1,078810 0,000184
explored 1,469676 0,000250
explosion 1,309333 0,000223
explosions 2,207275 0,000376
explosive 2,207275 0,000376
export 2,525729 0,000430
exported 2,659260 0,000453
exporting 0,510826 0,000087
exposed 0,301105 0,000051
expostulated 2,659260 0,000453
express 0,127833 0,000022
expressed 0,274437 0,000047
expressing 0,713350 0,000121
expression 0,127833 0,000022
expressions 0,634878 0,000108
expunged 3,912023 0,000666
extend 0,867501 0,000148
extended 0,446287 0,000076
extent 0,083382 0,000014
extenuation 2,525729 0,000430
exterminate 2,302585 0,000392
extinguished 0,693147 0,000118
extort 1,897120 0,000323
extra 0,843970 0,000144
extract 1,078810 0,000184
extracts 1,309333 0,000223
extraordinary 0,371064 0,000063
extras 2,995732 0,000510
extravagant 0,916291 0,000156
extremes 1,171183 0,000199
extremities 1,386294 0,000236
eye 0,030459 0,000005
eyes 0,010050 0,000002
eyesight 1,771957 0,000302
eyesore 3,506558 0,000597
faced 0,820981 0,000140
facetiously 3,218876 0,000548
facial 2,525729 0,000430
factor 1,469676 0,000250
factors 1,771957 0,000302
factory 1,514128 0,000258
fag 2,407946 0,000410
fail 0,235722 0,000040
failed 0,198451 0,000034
failing 0,562119 0,000096
fails 0,891598 0,000152
failure 0,446287 0,000076
fain 0,967584 0,000165
faint 0,261365 0,000045
fainting 0,776529 0,000132
fair 0,051293 0,000009
faith 0,210721 0,000036
faithful 0,261365 0,000045
fall 0,020203 0,000003
fallen 0,083382 0,000014
falling 0,083382 0,000014
falls 0,328504 0,000056
false 0,210721 0,000036
falsely 1,171183 0,000199
falter 2,120264 0,000361
fame 0,478036 0,000081
familiar 0,150823 0,000026
familiarise 3,912023 0,000666
families 0,430783 0,000073
family 0,072571 0,000012
famished 1,272966 0,000217
famous 0,261365 0,000045
fancy 0,198451 0,000034
fared 1,897120 0,000323
fares 2,120264 0,000361
farewell 0,673345 0,000115
farm 0,798508 0,000136
farmer 0,867501 0,000148
farmers 0,994252 0,000169
farthest 1,049822 0,000179
fascinated 1,309333 0,000223
fascinates 2,995732 0,000510
fascinating 1,139434 0,000194
fascination 1,108663 0,000189
fashion 0,174353 0,000030
fashioned 0,446287 0,000076
fast 0,061875 0,000011
fasted 2,040221 0,000347
fastened 0,616186 0,000105
fastidiously 3,218876 0,000548
fasting 1,078810 0,000184
fat 0,314711 0,000054
fatal 0,342490 0,000058
fatalist 2,995732 0,000510
fate 0,174353 0,000030
fated 1,514128 0,000258
father 0,072571 0,000012
fatherless 1,966113 0,000335
fathers 0,478036 0,000081
fatter 2,659260 0,000453
fault 0,162519 0,000028
faults 0,693147 0,000118
favourable 0,776529 0,000132
favourably 1,771957 0,000302
favourite 0,653926 0,000111
fear 0,020203 0,000003
feared 0,235722 0,000040
fearful 0,400478 0,000068
fears 0,274437 0,000047
fearsome 2,659260 0,000453
feasting 1,660731 0,000283
february 0,820981 0,000140
feckless 3,506558 0,000597
fed 0,371064 0,000063
feeble 0,371064 0,000063
feebleness 1,832581 0,000312
feebler 2,040221 0,000347
feebly 0,843970 0,000144
feed 0,462035 0,000079
feeding 0,616186 0,000105
feeds 1,660731 0,000283
feel 0,020203 0,000003
feeling 0,105361 0,000018
feelings 0,314711 0,000054
feels 0,446287 0,000076
feet 0,061875 0,000011
fell 0,051293 0,000009
fellow 0,051293 0,000009
fellows 0,287682 0,000049
fellowship 1,237874 0,000211
female 0,385662 0,000066
females 1,309333 0,000223
femininity 3,912023 0,000666
fender 1,714798 0,000292
fermentation 2,813411 0,000479
ferns 1,966113 0,000335
fervent 1,021651 0,000174
festering 2,302585 0,000392
festival 1,139434 0,000194
fetch 0,616186 0,000105
fetched 0,941609 0,000160
fetid 2,302585 0,000392
feverish 0,843970 0,000144
fickle 1,660731 0,000283
fiddle 1,771957 0,000302
fide 2,813411 0,000479
fides 3,506558 0,000597
field 0,150823 0,000026
fields 0,287682 0,000049
fiends 1,714798 0,000292
fiery 0,713350 0,000121
fight 0,162519 0,000028
fights 0,916291 0,000156
figure 0,072571 0,000012
figures 0,248461 0,000042
file 0,235722 0,000040
filth 1,139434 0,000194
filthy 1,078810 0,000184
final 0,342490 0,000058
finally 0,150823 0,000026
financial 0,415515 0,000071
financially 3,912023 0,000666
fine 0,072571 0,000012
fined 2,525729 0,000430
finely 1,171183 0,000199
fines 2,302585 0,000392
finger 0,261365 0,000045
fingers 0,235722 0,000040
fining 3,506558 0,000597
finish 0,314711 0,000054
finished 0,162519 0,000028
finisher 3,218876 0,000548
fireside 1,714798 0,000292
firewood 1,897120 0,000323
firing 1,660731 0,000283
firm 0,274437 0,000047
firmly 0,342490 0,000058
fish 0,314711 0,000054
fit 0,061875 0,000011
fitness 0,446287 0,000076
fits 0,634878 0,000108
fitted 0,261365 0,000045
fitting 0,510826 0,000087
flabby 2,040221 0,000347
flag 0,891598 0,000152
flannelled 3,912023 0,000666
flash 0,510826 0,000087
flashy 2,995732 0,000510
flat 0,248461 0,000042
flats 1,897120 0,000323
flavour 1,514128 0,000258
flaxen 1,660731 0,000283
fled 0,371064 0,000063
flesh 0,210721 0,000036
flies 0,579818 0,000099
flights 1,237874 0,000211
flock 0,653926 0,000111
floods 1,386294 0,000236
floor 0,186330 0,000032
floors 1,309333 0,000223
flounder 2,659260 0,000453
flourish 0,994252 0,000169
flowers 0,274437 0,000047
flows 0,941609 0,000160
fluent 2,120264 0,000361
fluently 1,832581 0,000312
fluffy 2,525729 0,000430
flung 0,579818 0,000099
flute 1,714798 0,000292
fly 0,210721 0,000036
fog 0,713350 0,000121
foggy 1,514128 0,000258
folded 0,544727 0,000093
folk 0,994252 0,000169
folks 0,941609 0,000160
follow 0,020203 0,000003
folly 0,301105 0,000051
fond 0,287682 0,000049
food 0,127833 0,000022
foodstuffs 3,218876 0,000548
fool 0,314711 0,000054
foolish 0,235722 0,000040
fools 0,616186 0,000105
foot 0,083382 0,000014
football 2,040221 0,000347
footballs 3,912023 0,000666
footed 1,049822 0,000179
footsore 2,659260 0,000453
footstep 1,514128 0,000258
forbade 1,078810 0,000184
forbidden 0,544727 0,000093
forbidding 1,139434 0,000194
forbids 1,560648 0,000266
force 0,061875 0,000011
forced 0,139262 0,000024
forefathers 1,660731 0,000283
foreign 0,301105 0,000051
foremost 0,673345 0,000115
foreshadows 3,912023 0,000666
forest 0,430783 0,000073
foretaste 1,714798 0,000292
forgery 2,040221 0,000347
forget 0,072571 0,000012
forgets 1,203973 0,000205
forgetting 0,597837 0,000102
forgive 0,356675 0,000061
forgot 0,261365 0,000045
forgotten 0,162519 0,000028
fork 1,021651 0,000174
forks 1,309333 0,000223
forlorn 1,078810 0,000184
form 0,040822 0,000007
formed 0,210721 0,000036
formidable 0,673345 0,000115
forming 0,527633 0,000090
forms 0,248461 0,000042
formulated 2,407946 0,000410
forsake 1,427116 0,000243
forsaken 1,171183 0,000199
forsooth 1,832581 0,000312
forthcoming 2,120264 0,000361
forthwith 1,108663 0,000189
fortitude 1,078810 0,000184
fortnight 0,941609 0,000160
fortunately 0,579818 0,000099
fortune 0,186330 0,000032
fortunes 0,616186 0,000105
foster 1,171183 0,000199
foul 0,634878 0,000108
fountain 0,713350 0,000121
fourpence 2,813411 0,000479
fourpenny 3,218876 0,000548
fourteen 0,616186 0,000105
fourteenth 1,347074 0,000229
fourth 0,186330 0,000032
fractured 2,120264 0,000361
frame 0,235722 0,000040
frames 1,272966 0,000217
france 0,544727 0,000093
francis 1,469676 0,000250
frankly 0,798508 0,000136
frayed 1,771957 0,000302
freedom 0,223144 0,000038
freehold 2,813411 0,000479
freely 0,105361 0,000018
french 0,342490 0,000058
frequent 0,342490 0,000058
frequently 0,287682 0,000049
fresh 0,105361 0,000018
fretting 1,427116 0,000243
friday 0,967584 0,000165
fried 1,714798 0,000292
friend 0,040822 0,000007
friendless 1,771957 0,000302
friendly 0,261365 0,000045
friends 0,020203 0,000003
friendship 0,287682 0,000049
friendships 1,514128 0,000258
frighten 0,798508 0,000136
fringy 3,912023 0,000666
fro 0,494296 0,000084
frock 1,049822 0,000179
frowsy 2,995732 0,000510
fruit 0,274437 0,000047
fruiterer 3,218876 0,000548
fruitful 1,171183 0,000199
fruition 2,040221 0,000347
fruitless 1,049822 0,000179
fruits 0,446287 0,000076
frustrated 2,040221 0,000347
frying 1,714798 0,000292
fulfil 1,049822 0,000179
fulfilling 1,514128 0,000258
fulness 1,386294 0,000236
fumes 1,108663 0,000189
fun 0,798508 0,000136
funds 1,427116 0,000243
funeral 0,634878 0,000108
funerals 1,897120 0,000323
funny 1,021651 0,000174
furnished 0,328504 0,000056
furnishes 1,560648 0,000266
furniture 0,415515 0,000071
furrowed 2,120264 0,000361
furrows 1,897120 0,000323
furs 1,609438 0,000274
furtive 1,714798 0,000292
fury 0,328504 0,000056
futile 1,469676 0,000250
futility 1,966113 0,000335
future 0,105361 0,000018
gain 0,174353 0,000030
gained 0,261365 0,000045
gait 1,078810 0,000184
gall 1,469676 0,000250
galleries 1,427116 0,000243
gamblers 2,407946 0,000410
gambling 1,609438 0,000274
game 0,248461 0,000042
games 0,693147 0,000118
gang 1,237874 0,000211
gaol 2,207275 0,000376
gaoler 2,659260 0,000453
garden 0,198451 0,000034
gardener 1,203973 0,000205
gardens 0,510826 0,000087
garment 0,755023 0,000129
gas 1,171183 0,000199
gasp 1,171183 0,000199
gasping 1,139434 0,000194
gasworks 3,912023 0,000666
gate 0,287682 0,000049
gates 0,446287 0,000076
gather 0,328504 0,000056
gathered 0,150823 0,000026
gathering 0,430783 0,000073
gathers 1,427116 0,000243
gay 0,494296 0,000084
gaze 0,544727 0,000093
gazed 0,597837 0,000102
generation 0,510826 0,000087
generations 0,198451 0,000034
generous 0,356675 0,000061
genius 0,400478 0,000068
genteel 1,427116 0,000243
gentle 0,274437 0,000047
gentleman 0,301105 0,000051
gentlemen 0,430783 0,000073
gently 0,235722 0,000040
gents 2,995732 0,000510
genuine 0,597837 0,000102
genuinely 1,897120 0,000323
geometrical 1,660731 0,000283
george 0,616186 0,000105
germany 1,049822 0,000179
gesticulation 2,659260 0,000453
gift 0,261365 0,000045
gifted 1,049822 0,000179
gifts 0,527633 0,000090
girl 0,235722 0,000040
girlhood 2,207275 0,000376
girls 0,400478 0,000068
glad 0,072571 0,000012
gladly 0,544727 0,000093
gladness 1,049822 0,000179
glance 0,248461 0,000042
glass 0,186330 0,000032
glasses 0,713350 0,000121
gleeful 2,407946 0,000410
glimpse 0,544727 0,000093
glimpses 1,021651 0,000174
glistening 1,237874 0,000211
glittering 0,798508 0,000136
gloom 0,579818 0,000099
gloomy 0,478036 0,000081
gloried 2,120264 0,000361
glorious 0,462035 0,000079
glory 0,342490 0,000058
glow 0,527633 0,000090
glowing 0,510826 0,000087
goal 0,867501 0,000148
god 0,094311 0,000016
gods 0,653926 0,000111
gold 0,083382 0,000014
golden 0,342490 0,000058
goldsmith 1,966113 0,000335
golf 2,659260 0,000453
goodness 0,328504 0,000056
goose 0,941609 0,000160
gorgeous 1,171183 0,000199
govern 0,342490 0,000058
governing 1,714798 0,000292
government 0,494296 0,000084
governments 1,469676 0,000250
governor 0,820981 0,000140
governors 1,514128 0,000258
governs 1,660731 0,000283
gown 0,693147 0,000118
grace 0,235722 0,000040
graceless 2,995732 0,000510
graces 1,139434 0,000194
graciously 1,203973 0,000205
grade 1,714798 0,000292
graded 2,995732 0,000510
graduate 2,813411 0,000479
graduated 2,040221 0,000347
graham 2,659260 0,000453
grain 0,597837 0,000102
gramophone 2,995732 0,000510
granaries 2,407946 0,000410
grand 0,342490 0,000058
grandmothers 2,207275 0,000376
grant 0,371064 0,000063
granting 1,203973 0,000205
grasped 0,755023 0,000129
grass 0,314711 0,000054
grateful 0,446287 0,000076
gratification 0,994252 0,000169
gratify 1,078810 0,000184
gratuity 3,912023 0,000666
grave 0,127833 0,000022
gravitation 2,302585 0,000392
gravy 2,525729 0,000430
greasy 1,347074 0,000229
greatly 0,210721 0,000036
greatness 0,693147 0,000118
greed 1,609438 0,000274
green 0,105361 0,000018
greengrocer 2,995732 0,000510
greenwich 2,207275 0,000376
greets 3,218876 0,000548
grew 0,139262 0,000024
grief 0,356675 0,000061
grievous 0,967584 0,000165
grim 0,776529 0,000132
grime 2,659260 0,000453
grimy 1,771957 0,000302
grinding 1,078810 0,000184
grit 2,207275 0,000376
groans 1,021651 0,000174
grope 1,832581 0,000312
groping 1,049822 0,000179
gross 0,235722 0,000040
grossness 2,659260 0,000453
grotesque 1,078810 0,000184
grotto 2,525729 0,000430
grottos 3,912023 0,000666
ground 0,030459 0,000005
grounds 0,446287 0,000076
groundsel 3,506558 0,000597
grovelling 1,771957 0,000302
grow 0,139262 0,000024
growing 0,174353 0,000030
grown 0,116534 0,000020
grows 0,527633 0,000090
growth 0,462035 0,000079
grubbing 2,525729 0,000430
grudgingly 2,659260 0,000453
grumpy 2,995732 0,000510
grundy 3,506558 0,000597
guarantee 1,386294 0,000236
guaranteeing 3,218876 0,000548
guardian 0,693147 0,000118
guardians 1,427116 0,000243
guide 0,261365 0,000045
guillotine 2,525729 0,000430
guilt 0,544727 0,000093
guiltless 1,832581 0,000312
guilty 0,356675 0,000061
guinea 1,237874 0,000211
gulled 3,912023 0,000666
gums 2,040221 0,000347
gusty 2,302585 0,000392
gutter 1,560648 0,000266
gutters 2,040221 0,000347
habitation 1,139434 0,000194
habitations 1,660731 0,000283
habits 0,356675 0,000061
habitual 0,916291 0,000156
habituated 1,832581 0,000312
habitue 3,912023 0,000666
habitues 3,912023 0,000666
hackney 2,207275 0,000376
hag 1,897120 0,000323
hair 0,094311 0,000016
halfpence 2,407946 0,000410
halfpenny 2,302585 0,000392
hall 0,314711 0,000054
halt 0,755023 0,000129
halting 1,309333 0,000223
ham 1,237874 0,000211
hamilton 2,302585 0,000392
hampered 1,897120 0,000323
hand 0,010050 0,000002
handed 0,274437 0,000047
handicapped 2,813411 0,000479
handicraft 2,407946 0,000410
handle 0,415515 0,000071
hands 0,020203 0,000003
handsome 0,328504 0,000056
hang 0,400478 0,000068
hangs 0,941609 0,000160
happen 0,150823 0,000026
happened 0,094311 0,000016
happening 0,634878 0,000108
happier 0,544727 0,000093
happiest 0,798508 0,000136
happiness 0,150823 0,000026
happy 0,072571 0,000012
hard 0,040822 0,000007
harden 1,427116 0,000243
hardened 0,820981 0,000140
harder 0,597837 0,000102
hardships 1,021651 0,000174
hark 1,237874 0,000211
harking 3,218876 0,000548
harm 0,210721 0,000036
harpies 2,407946 0,000410
harry 1,427116 0,000243
harvest 0,755023 0,000129
hasten 1,021651 0,000174
hastened 0,616186 0,000105
hasty 0,510826 0,000087
haunted 0,579818 0,000099
hawker 2,995732 0,000510
haystack 2,813411 0,000479
haystacks 3,506558 0,000597
hazard 1,021651 0,000174
head 0,000000 0,000000
headed 0,510826 0,000087
heads 0,094311 0,000016
healed 1,108663 0,000189
healing 1,347074 0,000229
health 0,198451 0,000034
healthy 0,356675 0,000061
heap 0,494296 0,000084
heaps 0,733969 0,000125
hear 0,010050 0,000002
heard 0,020203 0,000003
heart 0,010050 0,000002
heartbreaking 2,525729 0,000430
hearted 0,415515 0,000071
heartfelt 2,120264 0,000361
heartily 0,597837 0,000102
hearts 0,261365 0,000045
hearty 0,653926 0,000111
heath 1,560648 0,000266
heating 2,207275 0,000376
heaven 0,198451 0,000034
heavenwards 3,506558 0,000597
heaviest 1,427116 0,000243
heavy 0,030459 0,000005
hedged 2,040221 0,000347
heedless 1,272966 0,000217
heel 0,713350 0,000121
heels 0,446287 0,000076
height 0,261365 0,000045
heights 0,916291 0,000156
heir 0,653926 0,000111
held 0,040822 0,000007
helpable 3,912023 0,000666
helpless 0,328504 0,000056
helplessness 1,386294 0,000236
helpmate 2,659260 0,000453
henceforth 0,867501 0,000148
henceforward 1,660731 0,000283
henry 0,713350 0,000121
hercules 1,272966 0,000217
herne 3,912023 0,000666
hero 0,544727 0,000093
heroes 0,713350 0,000121
heroic 0,891598 0,000152
heroism 1,514128 0,000258
hesitate 0,616186 0,000105
heterogeneous 2,525729 0,000430
hewers 2,995732 0,000510
hidden 0,248461 0,000042
hide 0,287682 0,000049
hieroglyphics 1,966113 0,000335
highly 0,261365 0,000045
hire 1,203973 0,000205
historical 0,843970 0,000144
history 0,186330 0,000032
hit 0,356675 0,000061
hitherto 0,385662 0,000066
hoary 1,771957 0,000302
hockey 3,506558 0,000597
hog 1,714798 0,000292
hogs 1,832581 0,000312
hold 0,020203 0,000003
holders 2,302585 0,000392
holding 0,174353 0,000030
holds 0,342490 0,000058
hole 0,356675 0,000061
holes 0,562119 0,000096
holiday 0,798508 0,000136
holidays 1,272966 0,000217
holmes 2,207275 0,000376
holy 0,385662 0,000066
homeless 1,832581 0,000312
homelessness 3,218876 0,000548
homeward 0,891598 0,000152
honest 0,235722 0,000040
honestly 0,843970 0,000144
honesty 0,733969 0,000125
honour 0,510826 0,000087
hood 1,386294 0,000236
hoof 1,560648 0,000266
hook 0,798508 0,000136
hooliganism 3,506558 0,000597
hooligans 3,912023 0,000666
hop 1,469676 0,000250
hope 0,010050 0,000002
hoped 0,210721 0,000036
hopeful 0,916291 0,000156
hopeless 0,510826 0,000087
hopelessly 1,078810 0,000184
hopelessness 1,832581 0,000312
hopes 0,210721 0,000036
hoping 0,430783 0,000073
hops 3,218876 0,000548
horde 2,207275 0,000376
horrible 0,356675 0,000061
horribly 0,916291 0,000156
horrid 0,713350 0,000121
horrified 1,272966 0,000217
horrifies 3,506558 0,000597
horror 0,248461 0,000042
horrors 0,693147 0,000118
horse 0,162519 0,000028
horsewhip 3,912023 0,000666
hospital 0,916291 0,000156
hospitals 1,427116 0,000243
host 0,478036 0,000081
hot 0,116534 0,000020
hour 0,083382 0,000014
hours 0,094311 0,000016
house 0,020203 0,000003
household 0,430783 0,000073
housekeeping 1,427116 0,000243
houses 0,139262 0,000024
housewife 2,302585 0,000392
housing 2,040221 0,000347
howard 2,659260 0,000453
huddled 1,237874 0,000211
hue 0,798508 0,000136
hues 1,771957 0,000302
huffy 3,218876 0,000548
huge 0,400478 0,000068
hugging 1,771957 0,000302
hugs 2,659260 0,000453
huguenots 2,995732 0,000510
hum 0,891598 0,000152
human 0,083382 0,000014
humanity 0,494296 0,000084
humanly 2,813411 0,000479
humans 2,207275 0,000376
humdrum 2,407946 0,000410
humorous 1,427116 0,000243
humour 0,733969 0,000125
hump 2,120264 0,000361
hunchback 2,207275 0,000376
hunchbacks 3,506558 0,000597
hundredth 1,347074 0,000229
hundredweight 2,525729 0,000430
hung 0,174353 0,000030
hunger 0,478036 0,000081
hungry 0,328504 0,000056
hunt 0,544727 0,000093
hurrah 1,386294 0,000236
hurried 0,356675 0,000061
hurry 0,328504 0,000056
hurrying 0,673345 0,000115
hurt 0,198451 0,000034
husband 0,248461 0,000042
husbands 0,755023 0,000129
hush 0,776529 0,000132
hyde 1,897120 0,000323
hymn 1,021651 0,000174
hymns 1,714798 0,000292
hypnotism 2,659260 0,000453
idea 0,105361 0,000018
ideal 0,843970 0,000144
ideals 1,609438 0,000274
ideas 0,314711 0,000054
idiocy 2,407946 0,000410
idiot 0,941609 0,000160
idiots 1,660731 0,000283
idle 0,274437 0,000047
idleness 0,755023 0,000129
ignorance 0,287682 0,000049
ignorant 0,301105 0,000051
ignoring 1,897120 0,000323
iii 0,287682 0,000049
illegal 1,660731 0,000283
illness 0,616186 0,000105
illuminating 1,966113 0,000335
illumines 2,995732 0,000510
illusions 1,660731 0,000283
illustration 1,139434 0,000194
imaginary 0,755023 0,000129
imagination 0,223144 0,000038
imaginations 1,309333 0,000223
imaginative 1,609438 0,000274
imagine 0,139262 0,000024
imagined 0,287682 0,000049
imbeciles 2,995732 0,000510
immense 0,314711 0,000054
immersed 1,469676 0,000250
immoral 1,660731 0,000283
impassable 1,560648 0,000266
imperative 1,237874 0,000211
imperfectly 1,386294 0,000236
imperious 1,237874 0,000211
implies 1,386294 0,000236
implore 1,237874 0,000211
implored 1,309333 0,000223
importunate 1,609438 0,000274
impose 0,941609 0,000160
imposed 0,210721 0,000036
impossible 0,094311 0,000016
impostors 2,659260 0,000453
impresses 2,207275 0,000376
impression 0,210721 0,000036
impressive 1,237874 0,000211
imprison 1,560648 0,000266
imprisoned 1,021651 0,000174
imprisonment 1,203973 0,000205
imprisonments 3,218876 0,000548
improve 0,733969 0,000125
improved 0,562119 0,000096
improvement 0,673345 0,000115
impure 1,469676 0,000250
impurity 1,897120 0,000323
inability 1,386294 0,000236
inadequate 1,237874 0,000211
inane 2,659260 0,000453
incapable 0,562119 0,000096
incapacitated 2,525729 0,000430
incarceration 2,995732 0,000510
incendiary 2,995732 0,000510
incessant 0,941609 0,000160
incessantly 0,916291 0,000156
inches 0,733969 0,000125
incident 0,527633 0,000090
incipient 2,525729 0,000430
inclined 0,186330 0,000032
include 0,274437 0,000047
included 0,162519 0,000028
includes 0,462035 0,000079
including 0,139262 0,000024
income 0,798508 0,000136
inconceivable 1,078810 0,000184
incongruous 1,771957 0,000302
inconsiderable 1,560648 0,000266
incontinently 2,659260 0,000453
inconvenient 1,237874 0,000211
increase 0,287682 0,000049
increased 0,248461 0,000042
increases 1,237874 0,000211
increasing 0,127833 0,000022
incurred 1,309333 0,000223
indebted 0,994252 0,000169
indecency 2,813411 0,000479
indictment 2,207275 0,000376
indictments 3,218876 0,000548
indifference 0,527633 0,000090
indifferent 0,400478 0,000068
indifferently 1,049822 0,000179
indignation 0,510826 0,000087
indiscriminate 2,659260 0,000453
indiscriminately 2,040221 0,000347
indispensable 0,843970 0,000144
indisputably 3,218876 0,000548
individual 0,150823 0,000026
individuals 0,673345 0,000115
indomitable 2,040221 0,000347
indoors 1,469676 0,000250
induce 0,634878 0,000108
indulge 0,820981 0,000140
indulgence 0,798508 0,000136
indulging 1,171183 0,000199
industrial 2,302585 0,000392
industrially 3,912023 0,000666
industries 2,995732 0,000510
industrious 1,078810 0,000184
industry 0,867501 0,000148
inebriate 2,995732 0,000510
inebriates 3,506558 0,000597
ineligible 2,813411 0,000479
inertia 2,407946 0,000410
inevitable 0,544727 0,000093
inevitably 0,843970 0,000144
inexorably 2,659260 0,000453
infant 0,673345 0,000115
infantile 2,407946 0,000410
infants 1,171183 0,000199
inferior 0,597837 0,000102
inferiority 1,609438 0,000274
inferno 2,659260 0,000453
infinite 0,430783 0,000073
infinitely 0,673345 0,000115
infirmary 2,302585 0,000392
infirmities 1,966113 0,000335
infirmity 1,203973 0,000205
influence 0,198451 0,000034
informed 0,371064 0,000063
informs 1,514128 0,000258
ingrained 2,995732 0,000510
inhabit 1,203973 0,000205
inhabitants 0,446287 0,000076
inhabited 0,713350 0,000121
inhale 1,897120 0,000323
inhaled 2,302585 0,000392
inherent 1,560648 0,000266
inhuman 1,108663 0,000189
initiated 1,469676 0,000250
initiative 2,207275 0,000376
injunctions 1,771957 0,000302
injuries 0,916291 0,000156
injustice 0,673345 0,000115
inmates 1,386294 0,000236
innocent 0,186330 0,000032
innovation 2,040221 0,000347
innumerable 0,634878 0,000108
inquest 2,207275 0,000376
inquests 3,506558 0,000597
inquire 0,494296 0,000084
inquired 0,544727 0,000093
inquirer 2,120264 0,000361
inquiries 0,653926 0,000111
inquiring 0,798508 0,000136
inquiry 0,634878 0,000108
insane 0,994252 0,000169
insanity 1,469676 0,000250
inscribed 1,347074 0,000229
insects 1,309333 0,000223
inseparable 1,203973 0,000205
inseparably 1,966113 0,000335
inserting 2,302585 0,000392
insisted 0,400478 0,000068
insistently 2,407946 0,000410
insolently 2,040221 0,000347
inspect 1,347074 0,000229
inspected 1,469676 0,000250
inspection 0,820981 0,000140
inspector 1,514128 0,000258
inspire 0,941609 0,000160
inspired 0,510826 0,000087
inspires 1,386294 0,000236
instant 0,210721 0,000036
instinct 0,430783 0,000073
instinctively 0,733969 0,000125
instincts 1,049822 0,000179
institute 2,040221 0,000347
institutes 2,813411 0,000479
institution 0,820981 0,000140
institutions 1,203973 0,000205
instruct 1,078810 0,000184
instruction 0,713350 0,000121
instrumental 2,040221 0,000347
insufficient 1,386294 0,000236
insult 0,673345 0,000115
insurance 2,120264 0,000361
insured 1,832581 0,000312
intact 1,609438 0,000274
intellect 0,693147 0,000118
intelligence 0,301105 0,000051
intelligent 0,342490 0,000058
intended 0,174353 0,000030
intense 0,430783 0,000073
intensely 0,820981 0,000140
intensified 1,514128 0,000258
intensity 0,994252 0,000169
intent 0,527633 0,000090
intentioned 2,813411 0,000479
intentions 0,494296 0,000084
intercourse 0,798508 0,000136
interfere 0,544727 0,000093
interfered 1,108663 0,000189
interference 1,108663 0,000189
interminable 1,237874 0,000211
interminably 3,506558 0,000597
interrogated 2,302585 0,000392
intervenes 2,407946 0,000410
interview 0,673345 0,000115
intimate 0,462035 0,000079
intimately 1,309333 0,000223
intimates 2,302585 0,000392
intolerable 0,673345 0,000115
intricacies 2,207275 0,000376
intrinsically 2,525729 0,000430
introduce 0,562119 0,000096
introduced 0,356675 0,000061
introduction 0,400478 0,000068
invade 1,347074 0,000229
invalid 1,139434 0,000194
invaluable 1,386294 0,000236
invariably 0,798508 0,000136
invasion 1,469676 0,000250
invective 2,302585 0,000392
invented 0,597837 0,000102
inventory 2,207275 0,000376
investigation 0,967584 0,000165
investments 2,659260 0,000453
invite 0,693147 0,000118
invited 0,415515 0,000071
involuntarily 1,139434 0,000194
ireland 1,514128 0,000258
iron 0,198451 0,000034
ironed 2,207275 0,000376
irony 1,386294 0,000236
irregular 0,733969 0,000125
irreligiously 3,506558 0,000597
irresponsible 1,832581 0,000312
irritates 2,659260 0,000453
irritating 1,272966 0,000217
irritation 1,171183 0,000199
issue 0,462035 0,000079
issued 0,579818 0,000099
issues 1,427116 0,000243
item 1,272966 0,000217
iv 0,328504 0,000056
ix 0,494296 0,000084
jack 0,820981 0,000140
jacket 0,798508 0,000136
jam 1,609438 0,000274
james 0,673345 0,000115
jane 1,832581 0,000312
january 0,693147 0,000118
jauntily 2,302585 0,000392
jawbone 3,218876 0,000548
jealous 0,446287 0,000076
jealousy 0,478036 0,000081
jellyfish 3,218876 0,000548
jerky 2,659260 0,000453
jerry 2,995732 0,000510
jerseys 3,506558 0,000597
jest 0,673345 0,000115
jesus 1,237874 0,000211
jewellery 2,302585 0,000392
jibbed 3,912023 0,000666
job 0,673345 0,000115
joint 0,673345 0,000115
joke 0,494296 0,000084
joking 0,994252 0,000169
jolly 0,994252 0,000169
jones 1,309333 0,000223
joneses 3,218876 0,000548
jostle 2,525729 0,000430
jostles 3,506558 0,000597
journalist 2,207275 0,000376
journey 0,198451 0,000034
journeyman 2,407946 0,000410
joy 0,139262 0,000024
joyous 0,941609 0,000160
joys 0,916291 0,000156
judgment 0,198451 0,000034
jug 1,386294 0,000236
july 0,616186 0,000105
june 0,527633 0,000090
junior 1,272966 0,000217
juries 2,207275 0,000376
jurisdiction 1,609438 0,000274
juror 3,218876 0,000548
jury 1,237874 0,000211
justice 0,162519 0,000028
justices 2,207275 0,000376
justify 0,693147 0,000118
juvenile 1,897120 0,000323
keen 0,415515 0,000071
keenest 1,386294 0,000236
keeper 0,916291 0,000156
kettle 1,272966 0,000217
kettledrum 3,912023 0,000666
khaki 3,506558 0,000597
kick 0,653926 0,000111
kicked 0,843970 0,000144
kicking 1,078810 0,000184
kill 0,127833 0,000022
killed 0,223144 0,000038
killing 0,597837 0,000102
kills 1,139434 0,000194
kindly 0,223144 0,000038
kindness 0,287682 0,000049
kindred 0,994252 0,000169
king 0,223144 0,000038
kingdom 0,494296 0,000084
kissed 0,462035 0,000079
kitchen 0,597837 0,000102
knee 0,462035 0,000079
knickers 3,506558 0,000597
knives 0,916291 0,000156
knock 0,616186 0,000105
knocking 0,798508 0,000136
knowledge 0,061875 0,000011
labels 2,659260 0,000453
laboriously 1,771957 0,000302
labour 0,634878 0,000108
labourers 1,771957 0,000302
labours 0,994252 0,000169
laces 2,120264 0,000361
lachrymose 2,995732 0,000510
lack 0,478036 0,000081
lacking 1,171183 0,000199
lad 0,713350 0,000121
ladies 0,314711 0,000054
lads 1,139434 0,000194
lady 0,248461 0,000042
laggards 2,813411 0,000479
laid 0,072571 0,000012
lain 0,843970 0,000144
lairs 2,813411 0,000479
lakes 1,237874 0,000211
lame 0,820981 0,000140
lamp 0,478036 0,000081
lamps 0,733969 0,000125
land 0,072571 0,000012
landing 0,562119 0,000096
landings 2,659260 0,000453
landlady 1,514128 0,000258
landlord 0,941609 0,000160
landlords 2,813411 0,000479
lands 0,544727 0,000093
lane 0,798508 0,000136
lanes 1,203973 0,000205
language 0,072571 0,000012
larceny 2,659260 0,000453
larder 2,207275 0,000376
lassie 3,506558 0,000597
lassies 3,506558 0,000597
late 0,094311 0,000016
lath 2,407946 0,000410
laugh 0,127833 0,000022
laughed 0,248461 0,000042
laughing 0,248461 0,000042
laughs 0,994252 0,000169
laughter 0,274437 0,000047
laundry 2,207275 0,000376
law 0,030459 0,000005
laws 0,083382 0,000014
lay 0,051293 0,000009
lazar 3,218876 0,000548
lea 2,525729 0,000430
lead 0,083382 0,000014
leading 0,139262 0,000024
leads 0,462035 0,000079
lean 0,579818 0,000099
leaning 0,301105 0,000051
leap 0,562119 0,000096
leaped 0,713350 0,000121
lear 2,302585 0,000392
learn 0,020203 0,000003
learned 0,105361 0,000018
learning 0,301105 0,000051
lease 1,897120 0,000323
leave 0,000000 0,000000
leaves 0,094311 0,000016
leaving 0,083382 0,000014
lectures 1,108663 0,000189
led 0,040822 0,000007
left 0,000000 0,000000
leg 0,478036 0,000081
legal 0,261365 0,000045
legally 0,342490 0,000058
legged 1,108663 0,000189
legitimate 1,139434 0,000194
legs 0,274437 0,000047
leicester 2,659260 0,000453
lend 0,597837 0,000102
lending 1,609438 0,000274
lengthened 1,272966 0,000217
lengthy 2,207275 0,000376
lenient 1,832581 0,000312
leprosy 2,302585 0,000392
lessen 1,171183 0,000199
lessened 1,272966 0,000217
lesson 0,400478 0,000068
lethal 2,813411 0,000479
letter 0,116534 0,000020
letters 0,198451 0,000034
level 0,274437 0,000047
lewd 2,407946 0,000410
liability 0,462035 0,000079
liberal 0,616186 0,000105
liberally 1,347074 0,000229
liberty 0,223144 0,000038
licence 1,560648 0,000266
licences 2,995732 0,000510
license 0,301105 0,000051
licensed 0,430783 0,000073
licking 1,272966 0,000217
lie 0,040822 0,000007
lies 0,162519 0,000028
life -0,009950 -0,000002
lift 0,415515 0,000071
lifts 1,139434 0,000194
light 0,010050 0,000002
lighted 0,261365 0,000045
lighten 1,203973 0,000205
lighting 0,755023 0,000129
lights 0,301105 0,000051
likelihood 1,714798 0,000292
limb 0,798508 0,000136
limbs 0,274437 0,000047
lime 1,514128 0,000258
limit 0,673345 0,000115
limited 0,261365 0,000045
limiting 2,407946 0,000410
linger 0,843970 0,000144
lingering 0,755023 0,000129
lips 0,127833 0,000022
list 0,400478 0,000068
listed 2,040221 0,000347
listen 0,127833 0,000022
listened 0,274437 0,000047
listening 0,261365 0,000045
listens 1,386294 0,000236
lists 1,469676 0,000250
lit 0,653926 0,000111
literature 0,673345 0,000115
live 0,010050 0,000002
lived 0,061875 0,000011
livelihood 1,514128 0,000258
livelong 2,659260 0,000453
liver 1,203973 0,000205
lives 0,072571 0,000012
living 0,020203 0,000003
lo 0,916291 0,000156
loaf 1,171183 0,000199
loafing 2,995732 0,000510
loathsome 1,078810 0,000184
local 0,713350 0,000121
locate 2,207275 0,000376
located 0,400478 0,000068
locked 0,430783 0,000073
locusts 1,714798 0,000292
lodge 0,693147 0,000118
lodged 0,776529 0,000132
lodgers 1,897120 0,000323
lodging 0,776529 0,000132
lodgings 1,078810 0,000184
loitering 1,660731 0,000283
lolls 3,506558 0,000597
london 0,415515 0,000071
londoners 3,218876 0,000548
lone 1,514128 0,000258
lonely 0,415515 0,000071
longing 0,653926 0,000111
loom 1,897120 0,000323
loosed 1,203973 0,000205
lord 0,223144 0,000038
lords 0,843970 0,000144
lose 0,094311 0,000016
loses 0,916291 0,000156
losing 0,235722 0,000040
loss 0,094311 0,000016
lost 0,020203 0,000003
lot 0,061875 0,000011
lots 0,733969 0,000125
loud 0,174353 0,000030
loudest 1,714798 0,000292
love 0,051293 0,000009
loved 0,198451 0,000034
loving 0,478036 0,000081
lucidity 2,659260 0,000453
lucidly 3,506558 0,000597
luck 0,446287 0,000076
lullaby 2,120264 0,000361
lulling 2,407946 0,000410
lunatic 1,386294 0,000236
lunatics 2,207275 0,000376
lunch 1,108663 0,000189
lunched 2,407946 0,000410
luncheon 1,427116 0,000243
lungs 0,916291 0,000156
lurid 1,609438 0,000274
lurks 1,771957 0,000302
lustful 1,832581 0,000312
luther 2,040221 0,000347
luxurious 0,916291 0,000156
luxury 0,527633 0,000090
lying 0,061875 0,000011
machine 0,248461 0,000042
machined 3,912023 0,000666
machines 1,386294 0,000236
machining 3,912023 0,000666
machinist 3,912023 0,000666
mad 0,261365 0,000045
maddening 1,897120 0,000323
maddens 3,218876 0,000548
madness 0,597837 0,000102
magic 0,673345 0,000115
magistrate 0,994252 0,000169
magistrates 1,347074 0,000229
magnificent 0,328504 0,000056
mahomet 1,660731 0,000283
maid 0,446287 0,000076
maidenhair 3,912023 0,000666
maidens 1,347074 0,000229
maimed 1,609438 0,000274
maiming 2,995732 0,000510
main 0,127833 0,000022
maintain 0,562119 0,000096
maintains 1,427116 0,000243
maintenance 1,171183 0,000199
majestically 1,560648 0,000266
major 1,108663 0,000189
majority 0,597837 0,000102
maker 0,867501 0,000148
makers 1,309333 0,000223
male 0,597837 0,000102
males 1,560648 0,000266
malnutrition 3,506558 0,000597
malodorous 2,813411 0,000479
malt 2,525729 0,000430
manage 0,462035 0,000079
managed 0,342490 0,000058
management 0,843970 0,000144
manager 0,653926 0,000111
managers 2,040221 0,000347
managing 1,386294 0,000236
manchester 2,040221 0,000347
manfully 1,771957 0,000302
manhood 0,776529 0,000132
manifest 0,755023 0,000129
manliness 2,407946 0,000410
manly 0,820981 0,000140
manner 0,040822 0,000007
mansion 0,867501 0,000148
manslaughter 2,995732 0,000510
manufacture 1,309333 0,000223
marble 0,597837 0,000102
march 0,274437 0,000047
marching 1,171183 0,000199
margarine 3,912023 0,000666
maria 1,427116 0,000243
marie 2,120264 0,000361
mark 0,127833 0,000022
marked 0,061875 0,000011
marks 0,328504 0,000056
marriage 0,314711 0,000054
marriages 1,203973 0,000205
married 0,248461 0,000042
marry 0,430783 0,000073
marrying 0,867501 0,000148
martin 1,427116 0,000243
marvel 1,021651 0,000174
marvellous 0,891598 0,000152
mass 0,301105 0,000051
massive 1,049822 0,000179
master 0,083382 0,000014
masterpiece 1,609438 0,000274
masters 0,446287 0,000076
mastery 1,171183 0,000199
match 0,385662 0,000066
matchbox 3,218876 0,000548
matchboxes 3,912023 0,000666
matches 1,049822 0,000179
mate 0,867501 0,000148
material 0,328504 0,000056
materialise 3,218876 0,000548
materials 0,733969 0,000125
maternal 1,272966 0,000217
maternity 2,525729 0,000430
mates 1,309333 0,000223
mathematically 2,525729 0,000430
matrimony 1,771957 0,000302
matron 1,660731 0,000283
matter 0,010050 0,000002
matters 0,139262 0,000024
mattress 1,427116 0,000243
maximum 0,478036 0,000081
mayor 1,560648 0,000266
meadow 0,994252 0,000169
meagre 1,347074 0,000229
meal 0,301105 0,000051
meals 0,776529 0,000132
meaning 0,210721 0,000036
meaningless 1,966113 0,000335
measure 0,301105 0,000051
measured 0,579818 0,000099
measures 0,579818 0,000099
measuring 1,203973 0,000205
meat 0,356675 0,000061
mechanical 0,843970 0,000144
mechanically 1,078810 0,000184
medical 1,021651 0,000174
medici 2,525729 0,000430
meet 0,010050 0,000002
meeting 0,186330 0,000032
meets 0,713350 0,000121
melee 2,995732 0,000510
melts 2,120264 0,000361
memorandums 3,506558 0,000597
memory 0,174353 0,000030
menace 1,347074 0,000229
mend 0,967584 0,000165
mendicant 2,302585 0,000392
mendicity 3,912023 0,000666
mending 1,427116 0,000243
mends 2,813411 0,000479
meningitis 3,912023 0,000666
mental 0,430783 0,000073
mentally 1,237874 0,000211
mention 0,223144 0,000038
mentioned 0,223144 0,000038
merchant 0,713350 0,000121
merchants 0,798508 0,000136
mercies 1,897120 0,000323
merciful 0,994252 0,000169
mercy 0,223144 0,000038
mere 0,094311 0,000016
merit 0,544727 0,000093
merited 1,660731 0,000283
merriest 2,813411 0,000479
merrily 1,272966 0,000217
merriment 1,139434 0,000194
merry 0,634878 0,000108
meshes 1,660731 0,000283
message 0,446287 0,000076
met 0,040822 0,000007
metal 0,597837 0,000102
meter 2,995732 0,000510
method 0,094311 0,000016
methods 0,210721 0,000036
metropolis 1,469676 0,000250
metropolitan 1,714798 0,000292
midday 1,108663 0,000189
middle 0,030459 0,000005
midnight 0,328504 0,000056
midst 0,287682 0,000049
midway 1,514128 0,000258
mighty 0,328504 0,000056
migrate 3,218876 0,000548
migratory 2,995732 0,000510
mild 0,510826 0,000087
mile 0,342490 0,000058
miles 0,223144 0,000038
military 0,616186 0,000105
milk 0,446287 0,000076
milkman 2,407946 0,000410
milton 1,609438 0,000274
mind 0,020203 0,000003
minded 0,400478 0,000068
mindedness 2,659260 0,000453
minding 1,771957 0,000302
minds 0,235722 0,000040
miniature 1,237874 0,000211
minimise 3,912023 0,000666
minimum 2,407946 0,000410
minor 0,733969 0,000125
minstrel 1,966113 0,000335
minstrels 2,813411 0,000479
minute 0,235722 0,000040
minutes 0,235722 0,000040
miracle 0,755023 0,000129
mirth 0,776529 0,000132
mischievous 1,078810 0,000184
miserable 0,210721 0,000036
miserably 1,108663 0,000189
misery 0,301105 0,000051
misfortune 0,478036 0,000081
misfortunes 0,867501 0,000148
misgivings 1,714798 0,000292
mislead 1,771957 0,000302
misnamed 3,218876 0,000548
misshapen 1,966113 0,000335
mist 0,544727 0,000093
mistaken 0,261365 0,000045
mistress 0,510826 0,000087
mistresses 1,832581 0,000312
mitigating 2,813411 0,000479
mixed 0,385662 0,000066
mixture 0,616186 0,000105
moan 1,139434 0,000194
model 0,634878 0,000108
models 1,832581 0,000312
modern 0,314711 0,000054
modest 0,371064 0,000063
modestly 1,139434 0,000194
modicum 2,302585 0,000392
moisture 1,108663 0,000189
mollify 3,506558 0,000597
moment 0,010050 0,000002
momentary 0,693147 0,000118
moments 0,287682 0,000049
monday 0,891598 0,000152
monetary 3,218876 0,000548
money 0,051293 0,000009
monkey 1,049822 0,000179
monopolised 2,995732 0,000510
monopoly 2,120264 0,000361
monotonous 1,078810 0,000184
monotony 1,660731 0,000283
monstrosity 2,813411 0,000479
monstrous 0,400478 0,000068
month 0,174353 0,000030
months 0,094311 0,000016
monument 0,994252 0,000169
mood 0,527633 0,000090
moods 1,237874 0,000211
moody 1,514128 0,000258
moral 0,301105 0,000051
morally 1,171183 0,000199
morn 1,609438 0,000274
morning 0,040822 0,000007
morose 1,469676 0,000250
morrow 0,328504 0,000056
mortality 1,469676 0,000250
mortification 1,049822 0,000179
mother 0,072571 0,000012
motherhood 2,813411 0,000479
mothers 0,733969 0,000125
motion 0,328504 0,000056
motionless 0,544727 0,000093
motley 1,660731 0,000283
motor 2,302585 0,000392
mould 0,891598 0,000152
mountains 0,400478 0,000068
mournfully 1,514128 0,000258
mourning 0,693147 0,000118
moustache 1,609438 0,000274
mouth 0,105361 0,000018
movement 0,328504 0,000056
movements 0,494296 0,000084
mud 0,478036 0,000081
muddied 2,659260 0,000453
muddled 1,897120 0,000323
multiplication 1,897120 0,000323
multiplying 1,966113 0,000335
municipal 2,040221 0,000347
municipalities 3,506558 0,000597
murder 0,314711 0,000054
murky 1,771957 0,000302
muscles 1,021651 0,000174
music 0,198451 0,000034
muster 1,203973 0,000205
mutual 0,510826 0,000087
mysteries 0,579818 0,000099
mysterious 0,314711 0,000054
mysteriously 1,171183 0,000199
mystery 0,301105 0,000051
mystified 2,120264 0,000361
nagging 2,525729 0,000430
naked 0,274437 0,000047
narrated 1,469676 0,000250
narrative 0,616186 0,000105
narrow 0,105361 0,000018
nastiness 2,120264 0,000361
nasty 1,171183 0,000199
nation 0,579818 0,000099
national 0,755023 0,000129
natural 0,094311 0,000016
naturally 0,210721 0,000036
nature 0,094311 0,000016
natured 0,733969 0,000125
navy 1,272966 0,000217
neat 0,673345 0,000115
necessaries 1,386294 0,000236
necessities 1,203973 0,000205
necessity 0,261365 0,000045
neck 0,186330 0,000032
necks 0,891598 0,000152
needful 1,108663 0,000189
needle 0,798508 0,000136
needless 1,049822 0,000179
needlework 1,966113 0,000335
negative 0,967584 0,000165
neglect 0,494296 0,000084
neglected 0,400478 0,000068
neighbour 0,653926 0,000111
neighbourhood 0,776529 0,000132
neighbouring 0,891598 0,000152
neighbours 0,713350 0,000121
nephew 1,021651 0,000174
nephews 1,832581 0,000312
nerve 0,867501 0,000148
nerves 0,544727 0,000093
nest 0,733969 0,000125
nests 1,386294 0,000236
netherworld 3,912023 0,000666
newcastle 2,207275 0,000376
newly 0,494296 0,000084
news 0,210721 0,000036
newspapers 0,820981 0,000140
nice 0,400478 0,000068
niche 2,040221 0,000347
nickels 3,506558 0,000597
niggardly 2,040221 0,000347
night 0,010050 0,000002
nightly 1,171183 0,000199
nights 0,235722 0,000040
ninepence 2,659260 0,000453
nineteen 1,108663 0,000189
ninth 0,994252 0,000169
noble 0,248461 0,000042
nodded 0,634878 0,000108
noise 0,139262 0,000024
noisy 0,776529 0,000132
nomad 2,995732 0,000510
nomadic 2,813411 0,000479
nomads 2,995732 0,000510
nonsense 0,478036 0,000081
noon 0,430783 0,000073
normal 1,237874 0,000211
north 0,083382 0,000014
northwards 2,525729 0,000430
noses 1,021651 0,000174
nostrils 0,891598 0,000152
notable 1,272966 0,000217
note 0,127833 0,000022
notes 0,261365 0,000045
notice 0,030459 0,000005
noticed 0,328504 0,000056
notions 0,776529 0,000132
nourished 1,660731 0,000283
nourishing 2,120264 0,000361
nourishment 0,994252 0,000169
novelist 2,040221 0,000347
novelists 2,407946 0,000410
november 0,544727 0,000093
nuisances 2,407946 0,000410
numbered 3,912023 0,000666
numberless 2,040221 0,000347
numerals 2,995732 0,000510
numerous 0,235722 0,000040
nurse 0,478036 0,000081
nursed 1,203973 0,000205
nurses 1,171183 0,000199
nursing 0,867501 0,000148
nutrient 3,506558 0,000597
nutrition 2,813411 0,000479
oafs 3,912023 0,000666
oats 1,609438 0,000274
obbligato 3,912023 0,000666
obdurate 1,771957 0,000302
obelisk 2,525729 0,000430
obey 0,400478 0,000068
obeyed 0,579818 0,000099
object 0,127833 0,000022
objectionable 1,897120 0,000323
objective 1,660731 0,000283
objects 0,356675 0,000061
obligation 0,843970 0,000144
obligations 1,021651 0,000174
obliges 2,302585 0,000392
oblivion 1,272966 0,000217
obscenities 3,506558 0,000597
obscenity 3,218876 0,000548
obscurity 1,049822 0,000179
observation 0,446287 0,000076
observe 0,235722 0,000040
observed 0,162519 0,000028
obsessed 2,659260 0,000453
obstruction 1,832581 0,000312
obtrude 2,525729 0,000430
obvious 0,415515 0,000071
occasion 0,105361 0,000018
occasional 0,510826 0,000087
occasionally 0,371064 0,000063
occupants 1,469676 0,000250
occupation 0,494296 0,000084
occupations 1,078810 0,000184
occupied 0,235722 0,000040
occupies 1,560648 0,000266
occupy 0,634878 0,000108
occupying 1,171183 0,000199
occur 0,150823 0,000026
occurs 1,049822 0,000179
ocean 0,430783 0,000073
odd 0,385662 0,000066
oddments 3,912023 0,000666
odds 1,108663 0,000189
odours 1,714798 0,000292
offence 0,579818 0,000099
offences 1,427116 0,000243
offender 1,514128 0,000258
offenders 1,966113 0,000335
offer 0,162519 0,000028
offered 0,139262 0,000024
offering 0,400478 0,000068
offers 0,198451 0,000034
office 0,072571 0,000012
officer 0,478036 0,000081
officers 0,494296 0,000084
offices 0,510826 0,000087
official 0,235722 0,000040
officials 1,347074 0,000229
oft 1,347074 0,000229
oftener 1,049822 0,000179
oftentimes 1,832581 0,000312
oil 0,527633 0,000090
oliver 2,207275 0,000376
omnipotent 1,660731 0,000283
onerous 2,995732 0,000510
onions 1,609438 0,000274
onward 1,108663 0,000189
operate 1,309333 0,000223
operated 1,771957 0,000302
operates 2,040221 0,000347
operatic 2,995732 0,000510
operating 1,771957 0,000302
operation 0,693147 0,000118
operations 0,755023 0,000129
opinion 0,139262 0,000024
opportunities 0,235722 0,000040
opportunity 0,061875 0,000011
oppressed 0,693147 0,000118
oppression 0,916291 0,000156
oppressors 2,040221 0,000347
optimistic 2,659260 0,000453
option 2,040221 0,000347
optional 3,218876 0,000548
orchestral 3,506558 0,000597
orderly 0,941609 0,000160
ordinary 0,186330 0,000032
organ 0,776529 0,000132
organisation 2,407946 0,000410
organise 3,506558 0,000597
organised 2,040221 0,000347
organs 1,171183 0,000199
originality 1,514128 0,000258
originally 0,673345 0,000115
ormond 3,912023 0,000666
ounces 2,407946 0,000410
outbuilding 3,912023 0,000666
outbuildings 2,813411 0,000479
outcast 1,386294 0,000236
outcasts 2,120264 0,000361
outfit 1,237874 0,000211
outlay 2,407946 0,000410
outlet 1,514128 0,000258
outlined 1,832581 0,000312
outlook 1,771957 0,000302
outrage 1,049822 0,000179
outraged 1,272966 0,000217
outrageous 1,386294 0,000236
outspoken 1,966113 0,000335
outstretched 1,108663 0,000189
overclean 3,506558 0,000597
overcoat 1,660731 0,000283
overcoats 2,302585 0,000392
overcome 0,261365 0,000045
overcrowding 3,218876 0,000548
overdue 3,218876 0,000548
overhead 0,843970 0,000144
overmastering 2,995732 0,000510
overpowered 1,049822 0,000179
oversea 3,912023 0,000666
oversight 2,120264 0,000361
overtaken 0,967584 0,000165
overtakes 2,302585 0,000392
overwhelmed 0,891598 0,000152
overwork 2,120264 0,000361
overworld 3,506558 0,000597
owe 0,494296 0,000084
owed 0,139262 0,000024
owners 0,891598 0,000152
oxford 1,272966 0,000217
oxygen 2,995732 0,000510
oyster 1,660731 0,000283
pace 0,328504 0,000056
pack 0,597837 0,000102
packer 2,995732 0,000510
padded 2,040221 0,000347
pageant 2,302585 0,000392
paid 0,061875 0,000011
pain 0,174353 0,000030
painfully 0,916291 0,000156
painted 0,356675 0,000061
painter 1,021651 0,000174
pair 0,235722 0,000040
pairs 1,171183 0,000199
palace 0,510826 0,000087
palaces 1,309333 0,000223
pale 0,198451 0,000034
palms 0,820981 0,000140
palpable 1,469676 0,000250
pan 0,967584 0,000165
pangs 1,078810 0,000184
pans 1,309333 0,000223
paper 0,083382 0,000014
papers 0,385662 0,000066
parade 1,309333 0,000223
paradise 0,798508 0,000136
paraffin 3,218876 0,000548
paragraph 0,328504 0,000056
paralyse 2,995732 0,000510
paralysed 2,120264 0,000361
paralysing 2,813411 0,000479
paralysis 2,120264 0,000361
paralytic 2,995732 0,000510
parapet 1,771957 0,000302
parasite 2,525729 0,000430
parasites 2,207275 0,000376
parcel 1,139434 0,000194
parched 1,203973 0,000205
parentage 1,832581 0,000312
parents 0,314711 0,000054
paris 0,562119 0,000096
parish 0,916291 0,000156
parisian 1,609438 0,000274
park 0,776529 0,000132
parks 1,832581 0,000312
parliament 1,049822 0,000179
parlour 1,469676 0,000250
parson 1,514128 0,000258
parsons 2,525729 0,000430
particulars 0,776529 0,000132
parties 0,371064 0,000063
partly 0,301105 0,000051
partner 0,673345 0,000115
partners 0,994252 0,000169
partnership 1,514128 0,000258
party 0,061875 0,000011
pass 0,040822 0,000007
passage 0,139262 0,000024
passages 0,527633 0,000090
passed 0,040822 0,000007
passers 1,386294 0,000236
passes 0,415515 0,000071
passing 0,094311 0,000016
passion 0,186330 0,000032
passionate 0,634878 0,000108
passions 0,478036 0,000081
passive 0,941609 0,000160
passively 2,813411 0,000479
passport 1,966113 0,000335
pastes 3,912023 0,000666
patch 0,916291 0,000156
path 0,198451 0,000034
pathetic 1,108663 0,000189
pathos 1,309333 0,000223
patience 0,139262 0,000024
patient 0,274437 0,000047
patients 1,272966 0,000217
patrolled 2,813411 0,000479
patron 0,867501 0,000148
patronage 1,272966 0,000217
patronised 2,995732 0,000510
patrons 1,609438 0,000274
paul 0,798508 0,000136
pavement 0,843970 0,000144
pavements 2,120264 0,000361
pawn 1,966113 0,000335
pawnbrokers 3,506558 0,000597
pawned 2,407946 0,000410
pawning 3,912023 0,000666
pawnshops 3,506558 0,000597
pay 0,051293 0,000009
payable 2,407946 0,000410
paying 0,116534 0,000020
payment 0,941609 0,000160
payments 0,415515 0,000071
pays 0,994252 0,000169
peace 0,094311 0,000016
peaceful 0,478036 0,000081
peas 1,714798 0,000292
peculiar 0,223144 0,000038
peculiarities 1,049822 0,000179
pecuniary 1,386294 0,000236
pedestals 2,659260 0,000453
pedlar 2,207275 0,000376
peep 0,994252 0,000169
peevish 1,771957 0,000302
penal 1,714798 0,000292
penalised 3,912023 0,000666
penalties 1,514128 0,000258
penalty 1,049822 0,000179
pence 1,560648 0,000266
pending 2,302585 0,000392
penitent 1,237874 0,000211
pennies 2,207275 0,000376
penniless 1,714798 0,000292
penny 0,755023 0,000129
pennyworth 2,525729 0,000430
pennyworths 3,506558 0,000597
pension 1,832581 0,000312
penury 2,120264 0,000361
people 0,010050 0,000002
peopled 1,514128 0,000258
perambulating 2,659260 0,000453
perambulators 3,912023 0,000666
perceive 0,356675 0,000061
percentage 2,659260 0,000453
perchance 1,386294 0,000236
perdition 1,832581 0,000312
perfect 0,072571 0,000012
perfection 0,478036 0,000081
perfectly 0,162519 0,000028
perform 0,150823 0,000026
performance 0,478036 0,000081
performing 0,261365 0,000045
perilously 2,813411 0,000479
perils 1,203973 0,000205
period 0,274437 0,000047
periods 0,867501 0,000148
perish 0,733969 0,000125
permanence 2,407946 0,000410
permanent 0,223144 0,000038
permanently 1,386294 0,000236
permeated 2,659260 0,000453
permeates 3,218876 0,000548
permission 0,150823 0,000026
permit 0,446287 0,000076
permits 1,427116 0,000243
permitted 0,105361 0,000018
perpetrators 2,995732 0,000510
perpetual 0,478036 0,000081
perpetually 1,078810 0,000184
perpetuate 2,302585 0,000392
perpetuating 2,813411 0,000479
perpetuation 2,995732 0,000510
perplexed 0,755023 0,000129
perseverance 1,108663 0,000189
persevering 1,714798 0,000292
persisted 0,713350 0,000121
persistent 1,347074 0,000229
persistently 1,560648 0,000266
person 0,010050 0,000002
personal 0,223144 0,000038
personally 0,798508 0,000136
personification 2,040221 0,000347
persons 0,210721 0,000036
persuaded 0,527633 0,000090
pervade 2,302585 0,000392
pervades 2,525729 0,000430
pervading 1,897120 0,000323
perverted 1,347074 0,000229
pestiferous 2,995732 0,000510
pestilential 2,995732 0,000510
pests 2,995732 0,000510
petty 0,776529 0,000132
pharaohs 2,813411 0,000479
phenomenal 2,407946 0,000410
phew 2,659260 0,000453
philanthropic 2,040221 0,000347
philanthropist 2,302585 0,000392
philanthropists 2,813411 0,000479
philanthropy 1,771957 0,000302
philosophic 1,203973 0,000205
philosophy 0,597837 0,000102
photograph 1,771957 0,000302
photographs 1,660731 0,000283
photography 3,218876 0,000548
physical 0,198451 0,000034
physically 1,347074 0,000229
physician 0,693147 0,000118
physique 2,525729 0,000430
piano 1,139434 0,000194
pick 0,415515 0,000071
picked 0,400478 0,000068
pickle 2,207275 0,000376
pickles 2,302585 0,000392
picture 0,248461 0,000042
pictured 1,049822 0,000179
pictures 0,415515 0,000071
picturesque 0,755023 0,000129
piece 0,072571 0,000012
pieces 0,139262 0,000024
pig 0,634878 0,000108
piggeries 3,912023 0,000666
piled 0,713350 0,000121
pillar 0,916291 0,000156
pillars 0,867501 0,000148
pillow 0,776529 0,000132
pillows 1,139434 0,000194
pint 1,427116 0,000243
pioneer 2,120264 0,000361
pipes 0,776529 0,000132
piquancy 2,995732 0,000510
pirated 3,912023 0,000666
pitch 0,342490 0,000058
pitched 0,820981 0,000140
pitcher 1,714798 0,000292
pitches 2,525729 0,000430
pitching 1,832581 0,000312
pitiable 1,347074 0,000229
pitiful 0,798508 0,000136
pittance 2,302585 0,000392
pity 0,150823 0,000026
plan 0,261365 0,000045
plane 1,309333 0,000223
planning 1,021651 0,000174
plans 0,371064 0,000063
plants 0,527633 0,000090
plaster 1,203973 0,000205
platform 0,891598 0,000152
plausible 1,078810 0,000184
play 0,072571 0,000012
played 0,198451 0,000034
player 1,139434 0,000194
players 1,108663 0,000189
playground 2,813411 0,000479
playgrounds 3,506558 0,000597
playing 0,186330 0,000032
plays 0,634878 0,000108
plead 0,867501 0,000148
pleaded 0,891598 0,000152
pleading 1,272966 0,000217
pleasant 0,162519 0,000028
pleased 0,150823 0,000026
pleasing 0,653926 0,000111
pleasure 0,051293 0,000009
pleasures 0,653926 0,000111
pledged 1,108663 0,000189
plenary 3,506558 0,000597
plentiful 1,049822 0,000179
plenty 0,235722 0,000040
plight 1,347074 0,000229
plodding 1,966113 0,000335
pluck 0,967584 0,000165
plunge 0,733969 0,000125
plymouth 2,407946 0,000410
pocket 0,371064 0,000063
pocketful 3,506558 0,000597
pockets 0,733969 0,000125
poe 2,525729 0,000430
poem 0,967584 0,000165
poet 0,597837 0,000102
poetry 0,693147 0,000118
poets 0,916291 0,000156
poignancy 3,218876 0,000548
poise 1,966113 0,000335
poker 1,660731 0,000283
pokey 3,912023 0,000666
police 0,755023 0,000129
policeman 1,386294 0,000236
policemen 1,609438 0,000274
polisher 3,912023 0,000666
polishing 2,120264 0,000361
political 0,562119 0,000096
ponder 1,714798 0,000292
pondered 1,347074 0,000229
pool 0,798508 0,000136
poor 0,030459 0,000005
poorer 1,049822 0,000179
poorest 1,386294 0,000236
pope 0,941609 0,000160
poplar 1,660731 0,000283
popular 0,430783 0,000073
popularity 1,427116 0,000243
populated 2,120264 0,000361
population 0,941609 0,000160
portable 2,207275 0,000376
portals 1,966113 0,000335
portentous 1,714798 0,000292
portia 3,506558 0,000597
portion 0,356675 0,000061
pose 1,427116 0,000243
position 0,162519 0,000028
positions 0,941609 0,000160
positive 0,597837 0,000102
possess 0,356675 0,000061
possessed 0,094311 0,000016
possesses 0,820981 0,000140
possessing 0,891598 0,000152
possession 0,083382 0,000014
possessions 0,776529 0,000132
possibilities 1,139434 0,000194
possibility 0,162519 0,000028
post 0,248461 0,000042
postal 2,659260 0,000453
posts 0,713350 0,000121
pot 0,597837 0,000102
potatoes 1,237874 0,000211
potential 2,302585 0,000392
pots 0,994252 0,000169
pound 0,776529 0,000132
pounds 0,494296 0,000084
pour 0,544727 0,000093
poured 0,385662 0,000066
pours 1,427116 0,000243
poverty 0,446287 0,000076
power 0,030459 0,000005
powerful 0,223144 0,000038
powerless 1,139434 0,000194
powers 0,248461 0,000042
practicable 1,309333 0,000223
practical 0,494296 0,000084
practically 0,235722 0,000040
practice 0,162519 0,000028
practise 0,967584 0,000165
practising 1,386294 0,000236
prattle 2,120264 0,000361
prattled 2,659260 0,000453
prayers 0,478036 0,000081
praying 0,798508 0,000136
preached 1,237874 0,000211
preaching 1,347074 0,000229
precarious 1,660731 0,000283
precincts 1,514128 0,000258
precious 0,162519 0,000028
precipitated 1,469676 0,000250
precisely 0,510826 0,000087
preface 0,733969 0,000125
prefer 0,385662 0,000066
preferred 0,342490 0,000058
preferring 1,078810 0,000184
prefers 1,514128 0,000258
prematurely 1,427116 0,000243
premises 1,021651 0,000174
premium 1,966113 0,000335
preparation 0,579818 0,000099
prepare 0,162519 0,000028
prepared 0,105361 0,000018
presence 0,094311 0,000016
presently 0,385662 0,000066
preserve 0,150823 0,000026
press 0,274437 0,000047
pressed 0,274437 0,000047
pressing 0,385662 0,000066
pressure 0,527633 0,000090
pretence 0,891598 0,000152
pretences 2,040221 0,000347
prettier 1,272966 0,000217
pretty 0,150823 0,000026
prevail 0,713350 0,000121
prevailing 0,967584 0,000165
prevails 1,427116 0,000243
prevent 0,083382 0,000014
prevented 0,328504 0,000056
preventive 2,659260 0,000453
prevents 1,347074 0,000229
previous 0,094311 0,000016
prey 0,527633 0,000090
preying 2,525729 0,000430
preys 2,813411 0,000479
price 0,314711 0,000054
prices 1,309333 0,000223
pride 0,150823 0,000026
prima 2,207275 0,000376
primeval 1,897120 0,000323
prince 0,462035 0,000079
principle 0,430783 0,000073
print 0,261365 0,000045
printed 0,174353 0,000030
printer 1,897120 0,000323
prison 0,287682 0,000049
prisoner 0,385662 0,000066
prisoners 0,941609 0,000160
prisons 1,427116 0,000243
private 0,198451 0,000034
privations 2,120264 0,000361
privilege 0,527633 0,000090
privileged 1,347074 0,000229
prizes 1,139434 0,000194
pro 2,040221 0,000347
probability 0,776529 0,000132
probity 2,407946 0,000410
procedure 1,832581 0,000312
proceed 0,301105 0,000051
proceedings 0,713350 0,000121
proceeds 0,916291 0,000156
process 0,400478 0,000068
procession 0,733969 0,000125
proclaims 2,302585 0,000392
procreating 3,506558 0,000597
procure 0,693147 0,000118
procured 0,733969 0,000125
produce 0,127833 0,000022
produced 0,105361 0,000018
produces 0,916291 0,000156
producing 0,713350 0,000121
products 1,771957 0,000302
professional 0,820981 0,000140
professions 1,203973 0,000205
profit 0,248461 0,000042
profitable 0,891598 0,000152
profound 0,462035 0,000079
progeny 1,897120 0,000323
progress 0,174353 0,000030
progression 1,966113 0,000335
progressive 1,771957 0,000302
prohibition 0,430783 0,000073
prohibitions 2,659260 0,000453
project -0,009950 -0,000002
prolific 1,966113 0,000335
prolonged 0,597837 0,000102
promise 0,116534 0,000020
promised 0,198451 0,000034
promises 0,510826 0,000087
promising 0,430783 0,000073
promote 1,386294 0,000236
promoted 1,237874 0,000211
prompt 0,776529 0,000132
prone 1,078810 0,000184
pronounced 0,446287 0,000076
proof 0,287682 0,000049
propel 2,995732 0,000510
propelled 2,207275 0,000376
proper 0,061875 0,000011
properly 0,385662 0,000066
properties 1,203973 0,000205
property 0,127833 0,000022
prophecy 1,078810 0,000184
prophetic 1,560648 0,000266
proportion 0,371064 0,000063
propose 0,527633 0,000090
proposed 0,371064 0,000063
propped 1,347074 0,000229
pros 3,506558 0,000597
prosecutor 2,302585 0,000392
prospect 0,446287 0,000076
prospective 1,832581 0,000312
prosy 2,995732 0,000510
protect 0,186330 0,000032
protected 0,415515 0,000071
protecting 1,309333 0,000223
protection 0,314711 0,000054
protective 2,525729 0,000430
protesting 1,309333 0,000223
protracted 1,469676 0,000250
prove 0,174353 0,000030
proved 0,116534 0,000020
provide 0,162519 0,000028
providing 0,261365 0,000045
provincial 1,203973 0,000205
provision 0,248461 0,000042
provisions 0,223144 0,000038
provoke 0,891598 0,000152
prowl 2,407946 0,000410
proxy 2,120264 0,000361
psychological 1,660731 0,000283
public 0,083382 0,000014
publican 2,813411 0,000479
publicly 0,994252 0,000169
published 0,579818 0,000099
publisher 1,514128 0,000258
puling 2,995732 0,000510
pulled 0,371064 0,000063
pulpit 1,203973 0,000205
pulses 1,832581 0,000312
pulsing 3,218876 0,000548
punching 2,525729 0,000430
punctiliously 3,218876 0,000548
punctuates 3,912023 0,000666
pungency 3,506558 0,000597
punish 0,597837 0,000102
punished 0,544727 0,000093
punishment 0,301105 0,000051
puny 1,771957 0,000302
purchase 0,527633 0,000090
purchased 0,798508 0,000136
purchases 1,469676 0,000250
purchasing 1,514128 0,000258
pure 0,150823 0,000026
purify 1,560648 0,000266
purifying 1,897120 0,000323
purlieus 3,218876 0,000548
purpose 0,040822 0,000007
purposeless 2,120264 0,000361
purposes 0,478036 0,000081
purse 0,616186 0,000105
pursue 0,510826 0,000087
pursued 0,328504 0,000056
pursuing 0,494296 0,000084
push 0,562119 0,000096
pushed 0,400478 0,000068
puzzle 1,021651 0,000174
puzzled 0,494296 0,000084
puzzles 1,771957 0,000302
puzzling 1,560648 0,000266
pyjamas 3,506558 0,000597
quaint 1,021651 0,000174
quaker 2,120264 0,000361
qualification 2,120264 0,000361
qualified 0,967584 0,000165
qualify 1,897120 0,000323
qualities 0,446287 0,000076
quality 0,274437 0,000047
quantities 1,139434 0,000194
quantity 0,579818 0,000099
quarrel 0,328504 0,000056
quarrels 1,108663 0,000189
quarrelsome 1,771957 0,000302
quart 2,120264 0,000361
quarters 0,248461 0,000042
queen 0,415515 0,000071
queenly 2,302585 0,000392
queer 0,776529 0,000132
quelled 1,966113 0,000335
quelling 3,218876 0,000548
quest 0,776529 0,000132
question 0,051293 0,000009
questioning 0,798508 0,000136
questions 0,127833 0,000022
queue 2,659260 0,000453
quiet 0,116534 0,000020
quietly 0,261365 0,000045
quivering 0,798508 0,000136
quoits 2,995732 0,000510
quota 2,525729 0,000430
quote 1,272966 0,000217
quoted 1,021651 0,000174
rabbit 1,171183 0,000199
rabbits 1,660731 0,000283
race 0,198451 0,000034
raced 1,966113 0,000335
races 0,713350 0,000121
racial 3,218876 0,000548
ragamuffin 2,659260 0,000453
ragamuffins 2,659260 0,000453
rags 0,916291 0,000156
rail 0,798508 0,000136
railway 1,203973 0,000205
rains 0,967584 0,000165
raise 0,174353 0,000030
raised 0,061875 0,000011
raises 1,171183 0,000199
range 0,446287 0,000076
ranged 1,049822 0,000179
rank 0,287682 0,000049
ranks 0,616186 0,000105
rape 2,207275 0,000376
rapid 0,371064 0,000063
rapidly 0,371064 0,000063
rare 0,274437 0,000047
rarely 0,527633 0,000090
rascal 0,967584 0,000165
rascality 2,407946 0,000410
rascally 1,714798 0,000292
rascals 1,560648 0,000266
rash 0,891598 0,000152
rata 3,506558 0,000597
rate 0,274437 0,000047
ratify 2,525729 0,000430
rattle 0,891598 0,000152
rattled 1,272966 0,000217
rattling 0,916291 0,000156
rays 0,776529 0,000132
reach 0,051293 0,000009
read 0,020203 0,000003
reader 0,342490 0,000058
readers 0,776529 0,000132
reading 0,061875 0,000011
ready 0,030459 0,000005
real 0,040822 0,000007
realise 1,347074 0,000229
realised 1,309333 0,000223
realising 2,120264 0,000361
reality 0,328504 0,000056
reaping 1,832581 0,000312
reaps 2,407946 0,000410
reason 0,010050 0,000002
reasonable 0,116534 0,000020
reasons 0,223144 0,000038
rebuked 1,609438 0,000274
recall 0,478036 0,000081
recasting 3,912023 0,000666
receipts 1,771957 0,000302
receive 0,083382 0,000014
received 0,040822 0,000007
receiver 1,966113 0,000335
receives 0,916291 0,000156
receiving 0,116534 0,000020
reception 0,693147 0,000118
recess 1,171183 0,000199
recesses 1,386294 0,000236
recidivists 3,912023 0,000666
recite 1,966113 0,000335
recited 1,771957 0,000302
recites 3,218876 0,000548
reckoned 0,653926 0,000111
reckoning 0,843970 0,000144
reckons 1,966113 0,000335
reclaim 1,771957 0,000302
recognise 1,049822 0,000179
recognised 0,891598 0,000152
recognition 0,713350 0,000121
recommend 0,755023 0,000129
recommendations 2,207275 0,000376
record 0,400478 0,000068
records 0,798508 0,000136
recover 0,356675 0,000061
recovered 0,385662 0,000066
recovering 0,755023 0,000129
recovery 0,616186 0,000105
recruited 1,966113 0,000335
recruiting 1,897120 0,000323
recruits 1,897120 0,000323
rectitude 1,897120 0,000323
recuperation 2,995732 0,000510
recurring 1,347074 0,000229
reddened 1,427116 0,000243
redemption 1,272966 0,000217
redemptive 3,912023 0,000666
reduced 0,371064 0,000063
reducing 1,560648 0,000266
reduction 1,514128 0,000258
refer 0,653926 0,000111
references 0,430783 0,000073
referred 0,616186 0,000105
refined 0,798508 0,000136
refinement 1,078810 0,000184
reflect 0,653926 0,000111
reflection 0,356675 0,000061
reform 1,203973 0,000205
reformative 3,912023 0,000666
reformatories 3,506558 0,000597
reformatory 3,218876 0,000548
reforming 1,897120 0,000323
refreshed 0,820981 0,000140
refuge 0,446287 0,000076
refuse 0,371064 0,000063
refused 0,235722 0,000040
refusing 0,776529 0,000132
regain 1,108663 0,000189
regard 0,150823 0,000026
regenerate 2,659260 0,000453
regent 1,660731 0,000283
regiment 1,078810 0,000184
registers 2,207275 0,000376
regular 0,287682 0,000049
regularity 1,021651 0,000174
regularly 0,616186 0,000105
regulations 1,237874 0,000211
reid 2,995732 0,000510
reigns 1,347074 0,000229
reiterate 2,659260 0,000453
rejoice 0,843970 0,000144
rejoicing 0,967584 0,000165
relapse 1,386294 0,000236
release 0,210721 0,000036
released 0,616186 0,000105
reliance 1,469676 0,000250
reliant 2,813411 0,000479
relics 1,203973 0,000205
relief 0,198451 0,000034
relieved 0,478036 0,000081
relieving 1,386294 0,000236
religion 0,446287 0,000076
religiously 1,560648 0,000266
relinquish 1,237874 0,000211
reluctant 1,021651 0,000174
reluctantly 0,941609 0,000160
rely 0,891598 0,000152
remain 0,040822 0,000007
remainder 0,616186 0,000105
remained 0,116534 0,000020
remaining 0,094311 0,000016
remains 0,150823 0,000026
remand 3,506558 0,000597
remanded 2,995732 0,000510
remarkable 0,235722 0,000040
remarried 3,218876 0,000548
remedy 0,693147 0,000118
remember 0,083382 0,000014
remembered 0,162519 0,000028
remembering 0,776529 0,000132
remembers 1,237874 0,000211
remembrance 0,733969 0,000125
remind 0,755023 0,000129
remission 2,525729 0,000430
remorse 0,755023 0,000129
remove 0,127833 0,000022
removed 0,061875 0,000011
removing 0,673345 0,000115
remuneration 2,995732 0,000510
remunerative 2,659260 0,000453
render 0,371064 0,000063
rendered 0,527633 0,000090
rending 1,386294 0,000236
renew 0,776529 0,000132
rent 0,597837 0,000102
rental 2,525729 0,000430
rents 1,714798 0,000292
repaid 1,309333 0,000223
repainted 3,218876 0,000548
repaired 0,941609 0,000160
repass 2,995732 0,000510
repays 3,218876 0,000548
repeat 0,328504 0,000056
repeated 0,127833 0,000022
repeatedly 1,108663 0,000189
repeating 0,527633 0,000090
repining 2,120264 0,000361
replace 0,342490 0,000058
replaces 3,218876 0,000548
replenish 1,714798 0,000292
repletion 2,302585 0,000392
replies 0,994252 0,000169
reply 0,174353 0,000030
report 0,301105 0,000051
reported 0,162519 0,000028
reporting 1,714798 0,000292
reports 0,261365 0,000045
reprehensible 2,120264 0,000361
represent 0,494296 0,000084
representation 1,021651 0,000174
representatives 1,386294 0,000236
represented 0,462035 0,000079
represents 1,021651 0,000174
reproach 0,371064 0,000063
reproduced 1,832581 0,000312
reproducing 2,525729 0,000430
reproves 2,995732 0,000510
repulsive 1,049822 0,000179
reputation 0,385662 0,000066
request 0,127833 0,000022
requests 1,469676 0,000250
require 0,127833 0,000022
required 0,083382 0,000014
requirements 0,415515 0,000071
requires 0,673345 0,000115
requisite 1,108663 0,000189
requisites 2,525729 0,000430
requisitioned 3,912023 0,000666
rescue 0,562119 0,000096
rescues 2,995732 0,000510
resemble 0,994252 0,000169
resembles 1,427116 0,000243
resented 1,203973 0,000205
resentment 0,820981 0,000140
reserves 1,714798 0,000292
residence 0,713350 0,000121
residents 1,966113 0,000335
residue 2,207275 0,000376
resignation 0,994252 0,000169
resist 0,430783 0,000073
resistant 2,995732 0,000510
resort 0,891598 0,000152
resorts 2,813411 0,000479
resounds 2,302585 0,000392
resources 0,733969 0,000125
respect 0,094311 0,000016
respectability 1,427116 0,000243
respectable 0,430783 0,000073
respected 0,673345 0,000115
respecting 1,139434 0,000194
respective 1,171183 0,000199
respite 1,427116 0,000243
respond 1,386294 0,000236
responded 0,916291 0,000156
response 0,916291 0,000156
responsibilities 1,832581 0,000312
responsibility 0,776529 0,000132
responsible 0,693147 0,000118
rest 0,010050 0,000002
restaurant 1,560648 0,000266
resting 0,314711 0,000054
restore 0,653926 0,000111
restored 0,385662 0,000066
restrain 0,673345 0,000115
restraint 0,733969 0,000125
restraints 2,525729 0,000430
result 0,174353 0,000030
resultant 3,912023 0,000666
resume 0,776529 0,000132
resumed 0,415515 0,000071
resurrection 1,347074 0,000229
retain 0,597837 0,000102
retaining 1,272966 0,000217
retains 1,514128 0,000258
retire 0,673345 0,000115
retreat 0,494296 0,000084
return 0,040822 0,000007
returned 0,061875 0,000011
returning 0,127833 0,000022
returns 0,235722 0,000040
reveal 0,616186 0,000105
revealed 0,415515 0,000071
revel 1,714798 0,000292
revenge 0,544727 0,000093
revengeful 1,469676 0,000250
reverenced 2,040221 0,000347
reversal 2,995732 0,000510
reverse 0,579818 0,000099
revert 1,897120 0,000323
reverts 2,407946 0,000410
revisit 2,120264 0,000361
reviving 1,427116 0,000243
revolution 0,713350 0,000121
revulsion 1,660731 0,000283
reward 0,328504 0,000056
rheumatics 2,995732 0,000510
rich 0,139262 0,000024
richest 0,916291 0,000156
richly 0,891598 0,000152
rid 0,223144 0,000038
ride 0,462035 0,000079
rightly 0,430783 0,000073
rigid 0,820981 0,000140
rise 0,040822 0,000007
risen 0,342490 0,000058
rises 0,634878 0,000108
rising 0,116534 0,000020
risk 0,371064 0,000063
rival 0,597837 0,000102
river 0,174353 0,000030
road 0,150823 0,000026
roadway 2,120264 0,000361
roam 1,560648 0,000266
roaring 0,713350 0,000121
roars 1,897120 0,000323
roasting 1,771957 0,000302
rob 0,653926 0,000111
robbed 0,733969 0,000125
robbery 1,078810 0,000184
robbing 1,309333 0,000223
robust 0,994252 0,000169
rogue 1,272966 0,000217
rogues 1,660731 0,000283
roland 2,659260 0,000453
roll 0,415515 0,000071
rolled 0,356675 0,000061
rolls 1,139434 0,000194
romance 0,693147 0,000118
roof 0,223144 0,000038
rookeries 3,506558 0,000597
rooks 2,407946 0,000410
root 0,385662 0,000066
rose 0,094311 0,000016
roses 0,941609 0,000160
rosy 1,078810 0,000184
rotten 0,941609 0,000160
rough 0,186330 0,000032
roughened 2,525729 0,000430
rougher 2,207275 0,000376
rounders 3,218876 0,000548
roundly 2,120264 0,000361
roused 0,653926 0,000111
rouses 2,302585 0,000392
routine 1,272966 0,000217
row 0,544727 0,000093
rows 0,733969 0,000125
royal 0,400478 0,000068
royally 2,659260 0,000453
royalty 0,385662 0,000066
rub 1,108663 0,000189
rude 0,342490 0,000058
rue 1,203973 0,000205
ruined 0,371064 0,000063
ruining 1,560648 0,000266
rule 0,198451 0,000034
ruled 0,967584 0,000165
rules 0,150823 0,000026
ruling 1,171183 0,000199
rush 0,287682 0,000049
russia 1,309333 0,000223
rusted 2,407946 0,000410
rusty 1,078810 0,000184
sabbath 1,514128 0,000258
sack 0,891598 0,000152
sacred 0,415515 0,000071
sacrifice 0,328504 0,000056
sacrilege 1,832581 0,000312
sad 0,223144 0,000038
saddening 3,218876 0,000548
sadly 0,510826 0,000087
sadness 0,820981 0,000140
safeguard 1,660731 0,000283
safeguarded 3,506558 0,000597
safeguards 3,912023 0,000666
safely 0,371064 0,000063
safety 0,356675 0,000061
saints 1,049822 0,000179
sake 0,094311 0,000016
sale 0,798508 0,000136
sally 1,309333 0,000223
salt 0,116534 0,000020
salvage 3,506558 0,000597
salvation 0,798508 0,000136
salve 2,302585 0,000392
sampled 3,506558 0,000597
samuel 1,237874 0,000211
sanatoria 3,912023 0,000666
sancho 2,659260 0,000453
sanctioned 2,207275 0,000376
sanctuary 1,347074 0,000229
sands 1,171183 0,000199
sandwich 1,966113 0,000335
sane 1,309333 0,000223
sang 0,415515 0,000071
sanitary 2,040221 0,000347
sanity 1,832581 0,000312
santa 1,771957 0,000302
sat 0,083382 0,000014
satirical 1,660731 0,000283
satisfaction 0,186330 0,000032
satisfactory 0,562119 0,000096
satisfied 0,105361 0,000018
saturday 0,843970 0,000144
saucepan 2,120264 0,000361
sausages 2,302585 0,000392
savage 0,356675 0,000061
savages 0,994252 0,000169
save 0,030459 0,000005
saved 0,274437 0,000047
saves 1,347074 0,000229
saving 0,478036 0,000081
savings 1,714798 0,000292
saviour 1,203973 0,000205
scalded 2,302585 0,000392
scale 0,446287 0,000076
scamper 2,407946 0,000410
scan 1,897120 0,000323
scandalised 3,218876 0,000548
scarce 0,693147 0,000118
scarcely 0,301105 0,000051
scars 1,771957 0,000302
scattered 0,139262 0,000024
scene 0,198451 0,000034
scenes 0,494296 0,000084
scheme 0,634878 0,000108
schemes 0,994252 0,000169
scheming 1,714798 0,000292
scholars 1,049822 0,000179
scholarship 2,659260 0,000453
school 0,174353 0,000030
schoolmaster 1,347074 0,000229
schools 0,755023 0,000129
scientific 0,776529 0,000132
scientists 2,525729 0,000430
scope 1,139434 0,000194
scores 1,171183 0,000199
scotch 1,309333 0,000223
scotchman 2,813411 0,000479
scotland 1,347074 0,000229
scots 2,207275 0,000376
scoundrel 1,203973 0,000205
scour 2,040221 0,000347
scouting 2,813411 0,000479
scouts 1,897120 0,000323
scrags 3,506558 0,000597
scraps 1,272966 0,000217
screw 1,427116 0,000243
screws 1,966113 0,000335
scurrilous 2,995732 0,000510
scuttle 1,832581 0,000312
sea 0,116534 0,000020
seaman 1,514128 0,000258
seamed 2,525729 0,000430
seamen 1,609438 0,000274
search 0,051293 0,000009
searched 0,713350 0,000121
searching 0,415515 0,000071
searchingly 2,302585 0,000392
season 0,287682 0,000049
seasons 0,673345 0,000115
seat 0,105361 0,000018
seated 0,223144 0,000038
seats 0,562119 0,000096
secondary 1,347074 0,000229
secrecy 0,820981 0,000140
secret 0,061875 0,000011
secretaries 2,040221 0,000347
secretary 0,916291 0,000156
secular 1,966113 0,000335
secure 0,072571 0,000012
secured 0,494296 0,000084
secures 2,040221 0,000347
security 0,544727 0,000093
sedate 2,120264 0,000361
seductions 2,407946 0,000410
seductive 1,771957 0,000302
seek 0,198451 0,000034
seeking 0,274437 0,000047
seeks 1,021651 0,000174
seething 1,966113 0,000335
segregation 3,912023 0,000666
seize 0,446287 0,000076
seized 0,235722 0,000040
seizes 1,771957 0,000302
seldom 0,301105 0,000051
select 0,867501 0,000148
selected 0,634878 0,000108
selection 1,139434 0,000194
selections 2,525729 0,000430
selfishness 0,843970 0,000144
sell 0,430783 0,000073
sellers 2,207275 0,000376
selling 0,820981 0,000140
sells 1,714798 0,000292
semblance 1,049822 0,000179
send 0,030459 0,000005
sending 0,083382 0,000014
sends 0,544727 0,000093
senility 2,995732 0,000510
senior 1,386294 0,000236
sensation 0,462035 0,000079
sense 0,051293 0,000009
senseless 0,867501 0,000148
sensibly 1,139434 0,000194
sensual 1,203973 0,000205
sentence 0,127833 0,000022
sentenced 1,560648 0,000266
sentences 0,820981 0,000140
sentiment 0,478036 0,000081
sentimental 1,139434 0,000194
separate 0,248461 0,000042
separated 0,274437 0,000047
separation 0,776529 0,000132
septuagenarian 3,912023 0,000666
sepulchre 1,771957 0,000302
sequel 1,078810 0,000184
serene 0,916291 0,000156
seriousness 1,469676 0,000250
serpent 0,755023 0,000129
servant 0,186330 0,000032
servants 0,162519 0,000028
serve 0,174353 0,000030
served 0,186330 0,000032
serves 0,776529 0,000132
service 0,072571 0,000012
serviceable 1,237874 0,000211
services 0,494296 0,000084
serving 0,634878 0,000108
servitude 1,272966 0,000217
sessional 3,912023 0,000666
set 0,010050 0,000002
sets 0,385662 0,000066
setting 0,186330 0,000032
settle 0,356675 0,000061
settled 0,127833 0,000022
seventeen 0,693147 0,000118
seventh 0,562119 0,000096
sever 1,609438 0,000274
severe 0,342490 0,000058
severed 1,347074 0,000229
sewing 1,514128 0,000258
sews 2,995732 0,000510
sex 0,562119 0,000096
sexes 1,049822 0,000179
shabby 1,021651 0,000174
shade 0,274437 0,000047
shades 0,916291 0,000156
shadow 0,223144 0,000038
shakes 1,272966 0,000217
shakespeare 1,171183 0,000199
shame 0,223144 0,000038
shamefaced 2,407946 0,000410
shape 0,186330 0,000032
share 0,040822 0,000007
shared 0,139262 0,000024
sharing 0,248461 0,000042
sharp 0,162519 0,000028
sharpened 1,049822 0,000179
shawl 1,078810 0,000184
sheer 0,843970 0,000144
sheets 0,544727 0,000093
shelter 0,342490 0,000058
sheltered 0,820981 0,000140
shelters 2,207275 0,000376
shelved 2,995732 0,000510
shilling 1,203973 0,000205
shillings 1,171183 0,000199
shining 0,385662 0,000066
ships 0,653926 0,000111
shipwrecked 1,897120 0,000323
shirk 2,407946 0,000410
shirt 0,653926 0,000111
shivering 0,755023 0,000129
shock 0,446287 0,000076
shocked 0,776529 0,000132
shoddy 3,218876 0,000548
shoe 0,776529 0,000132
shoemaker 1,897120 0,000323
shoes 0,430783 0,000073
shook 0,235722 0,000040
shop 0,494296 0,000084
shopboard 3,912023 0,000666
shopkeepers 2,040221 0,000347
shops 0,843970 0,000144
shores 0,820981 0,000140
short 0,020203 0,000003
shorter 0,579818 0,000099
shortly 0,462035 0,000079
shoulder 0,210721 0,000036
shouldered 1,309333 0,000223
shoulders 0,174353 0,000030
shouting 0,446287 0,000076
shouts 0,843970 0,000144
shovel 1,514128 0,000258
shrift 3,218876 0,000548
shudder 0,693147 0,000118
shuddered 0,867501 0,000148
shuffle 2,525729 0,000430
shufflingly 3,912023 0,000666
shut 0,072571 0,000012
shuttle 2,207275 0,000376
sick 0,150823 0,000026
sickening 1,309333 0,000223
sickly 0,891598 0,000152
sickness 0,478036 0,000081
sighs 1,108663 0,000189
sight 0,051293 0,000009
sights 0,755023 0,000129
sign 0,139262 0,000024
signal 0,544727 0,000093
signed 0,843970 0,000144
signify 0,994252 0,000169
signs 0,186330 0,000032
silence 0,105361 0,000018
silent 0,051293 0,000009
silently 0,544727 0,000093
silk 0,478036 0,000081
sills 2,302585 0,000392
silly 0,400478 0,000068
silver 0,210721 0,000036
simple 0,094311 0,000016
simply 0,150823 0,000026
simulate 3,218876 0,000548
simulating 2,813411 0,000479
sin 0,430783 0,000073
sincerely 0,867501 0,000148
sincerity 0,653926 0,000111
sing 0,415515 0,000071
singers 1,386294 0,000236
singing 0,371064 0,000063
single 0,083382 0,000014
sinks 1,108663 0,000189
sinner 0,994252 0,000169
sinners 1,347074 0,000229
sins 0,798508 0,000136
sir 0,150823 0,000026
sister 0,356675 0,000061
sisters 0,527633 0,000090
sit 0,061875 0,000011
sits 0,820981 0,000140
sitting 0,105361 0,000018
situated 0,733969 0,000125
sixpence 1,469676 0,000250
sixpences 2,995732 0,000510
sixteen 0,653926 0,000111
sixth 0,446287 0,000076
size 0,248461 0,000042
sizzling 3,506558 0,000597
sketch 0,891598 0,000152
skilful 0,967584 0,000165
skill 0,301105 0,000051
skilled 1,272966 0,000217
skirts 0,843970 0,000144
sky 0,210721 0,000036
skylight 1,966113 0,000335
slang 1,832581 0,000312
slangy 3,912023 0,000666
slatternly 2,525729 0,000430
slave 0,494296 0,000084
slavery 0,798508 0,000136
slaves 0,634878 0,000108
sleep 0,072571 0,000012
sleepers 1,609438 0,000274
sleeping 0,235722 0,000040
sleeve 0,891598 0,000152
slept 0,223144 0,000038
slide 1,309333 0,000223
slight 0,150823 0,000026
slightest 0,415515 0,000071
slime 1,386294 0,000236
slimy 1,660731 0,000283
slip 0,462035 0,000079
slipped 0,494296 0,000084
slippers 1,021651 0,000174
slippery 1,139434 0,000194
slouching 2,659260 0,000453
slow 0,139262 0,000024
slowly 0,150823 0,000026
slum 2,659260 0,000453
slumdom 3,912023 0,000666
slums 2,659260 0,000453
smart 0,634878 0,000108
smell 0,371064 0,000063
smelling 0,843970 0,000144
smile 0,274437 0,000047
smiled 0,356675 0,000061
smiles 0,693147 0,000118
smiling 0,301105 0,000051
smites 2,302585 0,000392
smitten 1,171183 0,000199
smoked 0,867501 0,000148
smoking 0,462035 0,000079
smoothed 1,021651 0,000174
sneak 1,897120 0,000323
soap 1,347074 0,000229
sober 0,597837 0,000102
sobriety 1,771957 0,000302
social 0,371064 0,000063
socialist 2,813411 0,000479
socially 2,407946 0,000410
societies 1,049822 0,000179
society 0,210721 0,000036
socks 1,714798 0,000292
sodom 2,040221 0,000347
soften 0,941609 0,000160
sojourn 1,386294 0,000236
sold 0,385662 0,000066
sole 0,342490 0,000058
solemn 0,301105 0,000051
solicitously 2,659260 0,000453
solid 0,274437 0,000047
solitude 0,510826 0,000087
solution 0,820981 0,000140
solve 0,653926 0,000111
solved 0,867501 0,000148
solving 2,120264 0,000361
son 0,105361 0,000018
song 0,371064 0,000063
songs 0,544727 0,000093
sons 0,356675 0,000061
sooner 1,309333 0,000223
soother 3,912023 0,000666
soothing 0,798508 0,000136
sordid 1,139434 0,000194
sore 0,616186 0,000105
sorely 1,049822 0,000179
sores 1,966113 0,000335
sorrow 0,287682 0,000049
sorrowed 2,995732 0,000510
sorrowful 1,021651 0,000174
sorrows 0,798508 0,000136
sort 0,105361 0,000018
sorted 2,302585 0,000392
sorting 1,966113 0,000335
sorts 0,356675 0,000061
sought 0,150823 0,000026
soul 0,105361 0,000018
souls 0,342490 0,000058
sound 0,020203 0,000003
sounds 0,223144 0,000038
soup 1,078810 0,000184
source 0,328504 0,000056
sources 0,843970 0,000144
south 0,235722 0,000040
sovereign 0,776529 0,000132
sovereigns 1,897120 0,000323
sowing 1,514128 0,000258
spa 3,506558 0,000597
space 0,116534 0,000020
spaces 1,347074 0,000229
spacious 0,916291 0,000156
spain 0,994252 0,000169
span 1,386294 0,000236
spanish 0,733969 0,000125
spare 0,210721 0,000036
spared 0,544727 0,000093
spark 0,776529 0,000132
sparkling 0,776529 0,000132
sparse 2,813411 0,000479
speak 0,051293 0,000009
speaker 0,713350 0,000121
speaking 0,072571 0,000012
speaks 0,371064 0,000063
special 0,083382 0,000014
specially 0,820981 0,000140
species 0,634878 0,000108
specific 0,820981 0,000140
specimen 0,891598 0,000152
specimens 0,941609 0,000160
specious 1,966113 0,000335
speculating 2,040221 0,000347
speculation 0,843970 0,000144
speech 0,198451 0,000034
speedily 0,713350 0,000121
spell 0,820981 0,000140
spells 1,427116 0,000243
spend 0,328504 0,000056
spending 0,597837 0,000102
spent 0,105361 0,000018
sphere 0,733969 0,000125
spheres 1,832581 0,000312
spick 2,813411 0,000479
spilled 1,660731 0,000283
spin 1,203973 0,000205
spinster 2,407946 0,000410
spirit 0,051293 0,000009
spirits 0,198451 0,000034
spiritual 0,653926 0,000111
spite 0,139262 0,000024
splash 1,309333 0,000223
splendid 0,400478 0,000068
splutter 2,659260 0,000453
spoil 0,673345 0,000115
spoils 0,994252 0,000169
spoke 0,116534 0,000020
spoken 0,150823 0,000026
spoliation 3,506558 0,000597
spoons 1,714798 0,000292
spot 0,162519 0,000028
sprang 0,400478 0,000068
spread 0,061875 0,000011
spring 0,083382 0,000014
squalor 2,659260 0,000453
squeamish 2,407946 0,000410
stafford 3,218876 0,000548
stage 0,223144 0,000038
stagger 1,469676 0,000250
staggered 0,733969 0,000125
staggerer 3,912023 0,000666
staid 1,237874 0,000211
stained 0,653926 0,000111
staircase 0,867501 0,000148
stairs 0,430783 0,000073
stale 1,309333 0,000223
stalwart 1,714798 0,000292
stamp 0,693147 0,000118
stand 0,000000 0,000000
standard 0,562119 0,000096
standards 1,560648 0,000266
standing 0,030459 0,000005
standpoint 1,832581 0,000312
stands 0,261365 0,000045
stared 0,597837 0,000102
stares 1,897120 0,000323
stars 0,342490 0,000058
start -0,009950 -0,000002
started 0,150823 0,000026
starting 0,371064 0,000063
startling 0,967584 0,000165
starts 0,941609 0,000160
starvation 1,386294 0,000236
starve 0,994252 0,000169
starved 1,049822 0,000179
starving 1,049822 0,000179
statement 0,544727 0,000093
statements 0,430783 0,000073
statesmen 1,560648 0,000266
station 0,356675 0,000061
stations 1,049822 0,000179
statisticians 3,506558 0,000597
statistics 1,966113 0,000335
statuary 2,407946 0,000410
stature 0,891598 0,000152
status 0,446287 0,000076
stay 0,083382 0,000014
stays 1,078810 0,000184
steadfast 1,309333 0,000223
steady 0,356675 0,000061
steaks 2,525729 0,000430
steal 0,510826 0,000087
stealing 0,653926 0,000111
steals 1,386294 0,000236
steam 0,820981 0,000140
step 0,083382 0,000014
stepmother 2,207275 0,000376
steps 0,094311 0,000016
stereotyped 2,407946 0,000410
sterility 2,659260 0,000453
sterling 1,560648 0,000266
sternly 0,820981 0,000140
stew 1,897120 0,000323
stewed 2,302585 0,000392
stick 0,342490 0,000058
sticks 0,733969 0,000125
stimulated 1,427116 0,000243
stirring 0,510826 0,000087
stitch 1,897120 0,000323
stock 0,328504 0,000056
stolen 0,430783 0,000073
stolidly 2,120264 0,000361
stomachs 1,660731 0,000283
stone 0,116534 0,000020
stones 0,301105 0,000051
stood 0,030459 0,000005
stored 0,342490 0,000058
stores 0,820981 0,000140
storey 2,525729 0,000430
storeys 2,659260 0,000453
stories 0,328504 0,000056
story 0,051293 0,000009
straight 0,105361 0,000018
strain 0,385662 0,000066
strained 0,776529 0,000132
strains 1,272966 0,000217
strand 1,237874 0,000211
stranded 1,771957 0,000302
strange 0,061875 0,000011
stranger 0,139262 0,000024
strangers 0,356675 0,000061
strangest 1,021651 0,000174
streak 1,203973 0,000205
streams 0,843970 0,000144
street 0,198451 0,000034
streets 0,274437 0,000047
strength 0,030459 0,000005
strengthened 0,820981 0,000140
strenuous 1,514128 0,000258
stress 0,891598 0,000152
stricken 0,653926 0,000111
strictly 0,579818 0,000099
strictures 2,813411 0,000479
strident 2,995732 0,000510
strife 1,021651 0,000174
strike 0,210721 0,000036
strikes 0,544727 0,000093
striking 0,274437 0,000047
stringent 2,120264 0,000361
stripped 0,776529 0,000132
strive 0,820981 0,000140
strong 0,030459 0,000005
stronger 0,287682 0,000049
struck 0,083382 0,000014
struggle 0,287682 0,000049
struggled 0,415515 0,000071
struggles 0,891598 0,000152
struggling 0,462035 0,000079
student 0,673345 0,000115
studied 0,446287 0,000076
studies 0,579818 0,000099
study 0,162519 0,000028
stuff 0,385662 0,000066
stumbled 0,891598 0,000152
stunted 1,966113 0,000335
stupendous 1,514128 0,000258
stupid 0,478036 0,000081
stupidly 1,660731 0,000283
sturdier 3,912023 0,000666
style 0,274437 0,000047
subdued 0,494296 0,000084
subject 0,072571 0,000012
subjects 0,356675 0,000061
submerged 1,560648 0,000266
submit 0,579818 0,000099
submitted 0,755023 0,000129
subscribing 2,995732 0,000510
subsequently 1,469676 0,000250
subsidise 3,912023 0,000666
subsistence 1,609438 0,000274
substantial 0,755023 0,000129
substitute 1,021651 0,000174
substituted 1,386294 0,000236
suburban 1,771957 0,000302
suburbs 1,609438 0,000274
succeeding 0,755023 0,000129
success 0,162519 0,000028
successful 0,478036 0,000081
succession 0,510826 0,000087
successive 0,891598 0,000152
succumbed 1,714798 0,000292
sucking 1,203973 0,000205
sudden 0,072571 0,000012
suddenly 0,040822 0,000007
suffer 0,127833 0,000022
sufferance 2,207275 0,000376
suffered 0,210721 0,000036
sufferers 1,514128 0,000258
suffering 0,248461 0,000042
sufferings 0,616186 0,000105
suffers 1,139434 0,000194
sufficed 1,272966 0,000217
sufficiency 1,966113 0,000335
sufficient 0,139262 0,000024
suffocation 2,407946 0,000410
sugar 0,776529 0,000132
suggestion 0,510826 0,000087
suggestions 0,891598 0,000152
suggestive 1,237874 0,000211
suicidal 2,302585 0,000392
suicide 1,049822 0,000179
suit 0,261365 0,000045
suitable 0,462035 0,000079
suites 2,525729 0,000430
suits 0,776529 0,000132
sum 0,356675 0,000061
summary 1,469676 0,000250
summed 1,771957 0,000302
summer 0,186330 0,000032
sumptuously 2,302585 0,000392
sums 1,021651 0,000174
sun 0,072571 0,000012
sunday 0,494296 0,000084
sundays 1,309333 0,000223
superb 1,203973 0,000205
superior 0,274437 0,000047
superstructure 2,525729 0,000430
supervenes 3,912023 0,000666
supervision 1,771957 0,000302
supple 1,171183 0,000199
supplement 2,040221 0,000347
supplements 3,218876 0,000548
supplied 0,478036 0,000081
supplies 0,891598 0,000152
supply 0,371064 0,000063
supported 0,415515 0,000071
supporting 0,653926 0,000111
suppose 0,072571 0,000012
supposed 0,174353 0,000030
supposing 0,478036 0,000081
supreme 0,616186 0,000105
supremely 1,609438 0,000274
surcease 2,813411 0,000479
surely 0,186330 0,000032
surface 0,301105 0,000051
surfeited 2,995732 0,000510
surgical 1,832581 0,000312
surmise 1,609438 0,000274
surmounted 1,237874 0,000211
surplus 1,771957 0,000302
surprise 0,174353 0,000030
surprised 0,210721 0,000036
surprising 0,544727 0,000093
surrey 2,120264 0,000361
surrounded 0,223144 0,000038
surroundings 0,994252 0,000169
survey 0,755023 0,000129
survival 2,207275 0,000376
survive 0,274437 0,000047
suspected 0,328504 0,000056
suspicion 0,287682 0,000049
suspicions 0,616186 0,000105
suspicious 0,579818 0,000099
sustain 0,916291 0,000156
sustained 0,579818 0,000099
sustains 1,897120 0,000323
sustentation 3,912023 0,000666
swallow 0,616186 0,000105
swarm 1,237874 0,000211
swarming 1,171183 0,000199
sway 1,078810 0,000184
sweater 2,995732 0,000510
sweet 0,174353 0,000030
sweeter 1,108663 0,000189
sweetest 0,941609 0,000160
sweetly 1,049822 0,000179
sweetness 0,673345 0,000115
swell 0,653926 0,000111
swift 0,415515 0,000071
swim 0,755023 0,000129
switched 2,995732 0,000510
swollen 0,867501 0,000148
sydney 2,407946 0,000410
sympathetically 1,897120 0,000323
sympathies 1,469676 0,000250
sympathy 0,328504 0,000056
systematic 1,427116 0,000243
table 0,094311 0,000016
tabulated 3,218876 0,000548
tackle 1,469676 0,000250
tackled 2,040221 0,000347
tail 0,462035 0,000079
tails 0,713350 0,000121
taint 1,514128 0,000258
taker 2,659260 0,000453
tale 0,287682 0,000049
talent 0,544727 0,000093
talented 2,207275 0,000376
talents 0,798508 0,000136
tales 0,579818 0,000099
talk 0,083382 0,000014
talkative 1,514128 0,000258
talked 0,261365 0,000045
talking 0,150823 0,000026
talks 0,733969 0,000125
tall 0,223144 0,000038
tapioca 3,912023 0,000666
target 1,514128 0,000258
tariff 2,813411 0,000479
task 0,261365 0,000045
taste 0,174353 0,000030
tasted 0,544727 0,000093
tastes 0,634878 0,000108
tattered 1,309333 0,000223
taught 0,248461 0,000042
tax 0,328504 0,000056
tea 0,579818 0,000099
teach 0,248461 0,000042
teacher 0,527633 0,000090
teaches 1,203973 0,000205
teaching 0,462035 0,000079
team 1,139434 0,000194
teams 1,832581 0,000312
teapot 2,040221 0,000347
tear 0,371064 0,000063
tearing 0,673345 0,000115
tears 0,150823 0,000026
technical 1,660731 0,000283
teems 2,407946 0,000410
teens 2,302585 0,000392
teeth 0,198451 0,000034
temerity 1,966113 0,000335
temper 0,274437 0,000047
tempered 0,653926 0,000111
temple 0,527633 0,000090
temporary 0,713350 0,000121
temptation 0,527633 0,000090
temptations 1,049822 0,000179
tempted 0,527633 0,000090
tempting 0,967584 0,000165
tempts 1,966113 0,000335
tenant 1,514128 0,000258
tenants 1,469676 0,000250
tend 0,733969 0,000125
tended 0,916291 0,000156
tender 0,314711 0,000054
tendrils 2,407946 0,000410
tennyson 2,659260 0,000453
tenses 2,813411 0,000479
tenth 0,776529 0,000132
tents 1,171183 0,000199
term 0,371064 0,000063
termed 1,309333 0,000223
terminates 2,120264 0,000361
terms 0,061875 0,000011
terrible 0,186330 0,000032
terror 0,198451 0,000034
terrorise 3,912023 0,000666
terrors 0,843970 0,000144
terry 2,659260 0,000453
testified 1,386294 0,000236
testimony 0,579818 0,000099
texture 1,272966 0,000217
thames 1,660731 0,000283
thankful 0,843970 0,000144
theft 1,347074 0,000229
theme 0,994252 0,000169
thermometer 1,660731 0,000283
thews 2,659260 0,000453
thief 0,653926 0,000111
thieves 0,994252 0,000169
thinking 0,274437 0,000047
thinly 2,120264 0,000361
thirdly 1,347074 0,000229
thirteen 0,579818 0,000099
thirteenth 1,203973 0,000205
thither 0,579818 0,000099
thomas 0,891598 0,000152
thoroughfare 2,040221 0,000347
thoughtfully 0,994252 0,000169
thoughtless 1,108663 0,000189
thoughtlessly 2,525729 0,000430
thread 0,430783 0,000073
threat 1,021651 0,000174
threatening 0,544727 0,000093
threepence 2,525729 0,000430
threescore 2,120264 0,000361
threw 0,116534 0,000020
thrill 0,867501 0,000148
thrills 1,966113 0,000335
thrive 1,660731 0,000283
thrives 2,407946 0,000410
thriving 1,714798 0,000292
throats 0,891598 0,000152
throbs 2,207275 0,000376
throw 0,083382 0,000014
throwbacks 3,912023 0,000666
thrower 3,506558 0,000597
throwing 0,287682 0,000049
thrown 0,116534 0,000020
throws 0,916291 0,000156
thrust 0,328504 0,000056
thunder 0,462035 0,000079
thursday 1,049822 0,000179
ticket 1,347074 0,000229
tickets 1,660731 0,000283
ticks 2,659260 0,000453
tiddler 3,912023 0,000666
tide 0,653926 0,000111
tidy 1,272966 0,000217
tie 0,510826 0,000087
tied 0,261365 0,000045
ties 0,967584 0,000165
tightly 0,867501 0,000148
time -0,009950 -0,000002
timer 3,912023 0,000666
times 0,010050 0,000002
timid 0,544727 0,000093
tin 0,798508 0,000136
tinned 3,218876 0,000548
tiny 0,820981 0,000140
tired 0,198451 0,000034
tobacco 0,713350 0,000121
tod 2,813411 0,000479
toil 0,616186 0,000105
toiled 1,514128 0,000258
toiling 1,514128 0,000258
toils 1,237874 0,000211
tolerate 1,427116 0,000243
tolerated 1,469676 0,000250
tolerating 2,995732 0,000510
toll 1,660731 0,000283
tom 1,049822 0,000179
tomb 0,916291 0,000156
tombs 1,427116 0,000243
tomorrow 0,755023 0,000129
toms 3,218876 0,000548
tone 0,248461 0,000042
tongues 0,634878 0,000108
tools 0,820981 0,000140
tooth 1,049822 0,000179
tormented 1,078810 0,000184
torn 0,248461 0,000042
toss 1,049822 0,000179
tosser 3,912023 0,000666
tosses 2,302585 0,000392
tossing 0,916291 0,000156
total 0,597837 0,000102
touch 0,083382 0,000014
touched 0,139262 0,000024
touching 0,301105 0,000051
tough 0,994252 0,000169
tour 0,941609 0,000160
towels 2,040221 0,000347
town 0,105361 0,000018
towns 0,527633 0,000090
track 0,510826 0,000087
tractability 3,218876 0,000548
trade 0,328504 0,000056
traffic 1,171183 0,000199
tragedies 1,560648 0,000266
tragedy 0,798508 0,000136
trail 1,021651 0,000174
train 0,274437 0,000047
trained 0,544727 0,000093
training 0,776529 0,000132
trains 1,049822 0,000179
tramcar 3,912023 0,000666
tramcars 3,912023 0,000666
tramp 1,171183 0,000199
tramped 1,771957 0,000302
tramping 1,514128 0,000258
tramps 1,966113 0,000335
transform 1,469676 0,000250
transformation 1,347074 0,000229
transgressor 2,659260 0,000453
transmute 2,995732 0,000510
transplanted 2,120264 0,000361
transportation 1,714798 0,000292
trap 0,653926 0,000111
travel 0,356675 0,000061
travels 0,755023 0,000129
traversing 1,897120 0,000323
treasures 0,755023 0,000129
treat 0,287682 0,000049
treated 0,261365 0,000045
treatment 0,127833 0,000022
trembled 0,462035 0,000079
tremendous 0,693147 0,000118
trespassers 3,218876 0,000548
trial 0,314711 0,000054
tribes 1,108663 0,000189
tribute 1,021651 0,000174
trip 0,713350 0,000121
tripped 1,469676 0,000250
triumph 0,274437 0,000047
troop 1,078810 0,000184
trophies 1,609438 0,000274
trouble 0,051293 0,000009
troubled 0,287682 0,000049
troubles 0,478036 0,000081
troublesome 0,843970 0,000144
trouser 2,040221 0,000347
trousers 0,843970 0,000144
truant 2,302585 0,000392
truce 1,237874 0,000211
true 0,020203 0,000003
truer 1,469676 0,000250
trump 1,771957 0,000302
trumpery 2,995732 0,000510
trust 0,116534 0,000020
trustee 2,207275 0,000376
trustees 2,302585 0,000392
trusting 0,867501 0,000148
trusts 1,469676 0,000250
truth 0,030459 0,000005
truthful 1,427116 0,000243
tubs 1,966113 0,000335
tulips 2,302585 0,000392
tumbrel 3,218876 0,000548
tuneful 2,525729 0,000430
tunes 1,966113 0,000335
turkey 1,078810 0,000184
twelfth 1,237874 0,000211
twinkle 1,469676 0,000250
twist 1,021651 0,000174
twisted 0,562119 0,000096
twopence 2,120264 0,000361
tyne 3,506558 0,000597
type 0,446287 0,000076
types 0,385662 0,000066
typewriting 2,525729 0,000430
typical 1,560648 0,000266
ubiquitous 2,525729 0,000430
ultimate 0,941609 0,000160
ultimately 1,108663 0,000189
umbrella 1,347074 0,000229
umbrellas 2,120264 0,000361
unable 0,248461 0,000042
unaffected 1,386294 0,000236
unaltered 2,302585 0,000392
unashamed 3,912023 0,000666
uncanny 1,560648 0,000266
unceasing 1,609438 0,000274
unceasingly 1,609438 0,000274
unceremoniously 1,966113 0,000335
uncertain 0,301105 0,000051
unchanged 0,994252 0,000169
uncle 0,579818 0,000099
unclean 1,386294 0,000236
uncommon 0,798508 0,000136
unconcernedly 2,659260 0,000453
unconsciously 0,634878 0,000108
uncontrolled 2,813411 0,000479
unconvicted 3,912023 0,000666
undefined 1,714798 0,000292
undergo 1,139434 0,000194
undergoing 1,427116 0,000243
undergone 1,237874 0,000211
underground 1,309333 0,000223
underpaid 2,995732 0,000510
understand 0,030459 0,000005
understanding 0,223144 0,000038
understands 1,108663 0,000189
understood 0,061875 0,000011
undertake 0,579818 0,000099
undertaken 1,021651 0,000174
undertakers 2,995732 0,000510
underworld 3,506558 0,000597
undesirable 2,207275 0,000376
undisciplined 2,207275 0,000376
undiscovered 1,714798 0,000292
undisputable 3,912023 0,000666
undisputed 2,207275 0,000376
undoubted 1,386294 0,000236
undoubtedly 0,634878 0,000108
undue 2,040221 0,000347
unduly 1,966113 0,000335
uneasy 0,544727 0,000093
uneducated 1,660731 0,000283
unemployable 3,912023 0,000666
unemployed 1,897120 0,000323
unemployment 3,912023 0,000666
unequalled 2,302585 0,000392
unexpectant 3,912023 0,000666
unexpected 0,430783 0,000073
unexplored 1,771957 0,000302
unfailingly 2,995732 0,000510
unfit 1,108663 0,000189
unfitness 2,207275 0,000376
unfitted 2,120264 0,000361
unfold 1,309333 0,000223
unfortunate 0,314711 0,000054
unfortunates 2,813411 0,000479
unfriendly 1,660731 0,000283
unhealthy 1,309333 0,000223
unhelpable 3,912023 0,000666
uniform 0,210721 0,000036
uniforms 1,897120 0,000323
unions 2,207275 0,000376
unique 1,237874 0,000211
unite 1,078810 0,000184
united 0,094311 0,000016
universe 0,733969 0,000125
university 0,994252 0,000169
unjust 0,693147 0,000118
unkempt 2,040221 0,000347
unknown 0,105361 0,000018
unlucky 1,139434 0,000194
unmistakable 1,171183 0,000199
unmistakably 1,832581 0,000312
unnatural 0,713350 0,000121
unnerved 2,407946 0,000410
unoccupied 1,560648 0,000266
unpardonable 1,771957 0,000302
unpleasant 0,562119 0,000096
unprepared 1,514128 0,000258
unquestioned 2,659260 0,000453
unrestrained 1,714798 0,000292
unrewarded 3,506558 0,000597
unripe 2,659260 0,000453
unsaleable 3,506558 0,000597
unscrupulous 1,771957 0,000302
unseen 0,616186 0,000105
unshaven 2,407946 0,000410
unskilled 2,207275 0,000376
unsound 2,207275 0,000376
unspeakable 0,994252 0,000169
unspeakably 2,302585 0,000392
unthought 2,207275 0,000376
untidy 1,660731 0,000283
untrammelled 2,659260 0,000453
unwashed 2,525729 0,000430
unwise 1,469676 0,000250
unworthy 0,673345 0,000115
uphold 1,897120 0,000323
uplift 2,813411 0,000479
upper 0,314711 0,000054
uppers 3,506558 0,000597
upright 0,328504 0,000056
upset 0,776529 0,000132
upturned 2,040221 0,000347
urgent 0,798508 0,000136
urgently 1,560648 0,000266
useless 0,235722 0,000040
uselessness 1,966113 0,000335
ushers 2,659260 0,000453
usual 0,139262 0,000024
utmost 0,356675 0,000061
utter 0,248461 0,000042
uttering 0,994252 0,000169
utterly 0,371064 0,000063
vacancies 2,120264 0,000361
vagabond 1,309333 0,000223
vagabondage 3,506558 0,000597
vagabonds 2,407946 0,000410
vagrancy 2,995732 0,000510
vagrant 2,040221 0,000347
vagrants 2,302585 0,000392
vain 0,116534 0,000020
vainly 0,634878 0,000108
valuable 0,371064 0,000063
valuables 2,120264 0,000361
vampires 3,218876 0,000548
van 1,078810 0,000184
vanished 0,527633 0,000090
vanity 0,415515 0,000071
varied 0,673345 0,000115
variety 0,162519 0,000028
varnish 2,040221 0,000347
vary 1,108663 0,000189
varying 0,755023 0,000129
vast 0,223144 0,000038
vegetable 1,237874 0,000211
vegetables 1,049822 0,000179
veil 0,544727 0,000093
venerate 2,525729 0,000430
vengeance 0,579818 0,000099
ventriloquist 2,995732 0,000510
venture 0,342490 0,000058
ventured 0,478036 0,000081
verdict 1,272966 0,000217
verge 0,967584 0,000165
verily 1,139434 0,000194
veritable 1,560648 0,000266
vermin 1,660731 0,000283
versatile 3,218876 0,000548
vested 1,966113 0,000335
vests 2,525729 0,000430
vexed 0,733969 0,000125
vice 0,527633 0,000090
vicinity 1,078810 0,000184
vicious 0,653926 0,000111
victim 0,462035 0,000079
victims 0,916291 0,000156
victoria 1,966113 0,000335
victories 1,427116 0,000243
view 0,105361 0,000018
views 0,562119 0,000096
vigorous 0,544727 0,000093
vigour 0,843970 0,000144
vii 0,430783 0,000073
viii 0,446287 0,000076
vile 0,693147 0,000118
village 0,356675 0,000061
villages 0,820981 0,000140
villain 0,967584 0,000165
villas 2,120264 0,000361
vinegar 1,078810 0,000184
violence 0,248461 0,000042
violent 0,223144 0,000038
violin 1,771957 0,000302
violinist 3,912023 0,000666
virile 2,302585 0,000392
virility 2,659260 0,000453
virtue 0,328504 0,000056
virtues 0,597837 0,000102
virtuous 0,653926 0,000111
visible 0,235722 0,000040
visit 0,061875 0,000011
visited 0,328504 0,000056
visiting 0,713350 0,000121
visitors 0,653926 0,000111
visits 0,544727 0,000093
vitality 1,309333 0,000223
vivid 0,776529 0,000132
voice 0,020203 0,000003
voices 0,287682 0,000049
voicing 2,659260 0,000453
void 0,274437 0,000047
voluble 2,407946 0,000410
volume 0,494296 0,000084
voluntary 0,843970 0,000144
votes 1,514128 0,000258
vouches 3,506558 0,000597
vulgar 0,634878 0,000108
vulgarly 2,302585 0,000392
vultures 1,771957 0,000302
wage 1,514128 0,000258
wages 0,916291 0,000156
waistcoats 1,832581 0,000312
wait 0,094311 0,000016
waited 0,198451 0,000034
waiting 0,083382 0,000014
wake 0,462035 0,000079
wales 1,660731 0,000283
walk 0,105361 0,000018
walked 0,210721 0,000036
walking 0,083382 0,000014
walks 0,162519 0,000028
wall 0,198451 0,000034
wallow 2,302585 0,000392
walls 0,139262 0,000024
wander 0,579818 0,000099
wandered 0,494296 0,000084
wanderers 2,040221 0,000347
wandering 0,274437 0,000047
wanderings 1,237874 0,000211
war 0,162519 0,000028
ward 0,916291 0,000156
warder 2,813411 0,000479
warders 2,995732 0,000510
wardress 3,912023 0,000666
wardresses 3,912023 0,000666
wards 1,714798 0,000292
warehouse 1,514128 0,000258
warehouses 1,966113 0,000335
warm 0,139262 0,000024
warmly 0,798508 0,000136
warmth 0,579818 0,000099
warn 0,579818 0,000099
warned 0,527633 0,000090
warning 0,248461 0,000042
warranted 1,609438 0,000274
warrants 2,407946 0,000410
warrens 3,912023 0,000666
wash 0,478036 0,000081
washed 0,494296 0,000084
washes 1,714798 0,000292
washing 0,579818 0,000099
washy 3,218876 0,000548
wastage 3,912023 0,000666
waste 0,186330 0,000032
wasted 0,400478 0,000068
wasting 0,673345 0,000115
wastrels 3,912023 0,000666
watch 0,094311 0,000016
watched 0,210721 0,000036
watchful 1,171183 0,000199
watching 0,210721 0,000036
watchman 1,427116 0,000243
water 0,051293 0,000009
waterloo 1,609438 0,000274
waters 0,356675 0,000061
wayward 1,897120 0,000323
weak 0,116534 0,000020
weakened 0,994252 0,000169
weaker 0,634878 0,000108
weaklings 2,813411 0,000479
weakly 1,347074 0,000229
weakness 0,261365 0,000045
wealth 0,287682 0,000049
wealthy 0,673345 0,000115
wear 0,274437 0,000047
wearily 1,272966 0,000217
weariness 0,755023 0,000129
wearing 0,415515 0,000071
wears 0,891598 0,000152
weary 0,198451 0,000034
wearying 2,120264 0,000361
weather 0,248461 0,000042
weaver 1,966113 0,000335
weavers 2,525729 0,000430
wedding 0,776529 0,000132
weeded 3,218876 0,000548
weeding 2,659260 0,000453
week 0,235722 0,000040
weekly 1,203973 0,000205
weeks 0,248461 0,000042
weigh 0,579818 0,000099
weighing 0,994252 0,000169
weighs 1,272966 0,000217
weight 0,116534 0,000020
weird 1,309333 0,000223
welfare 0,916291 0,000156
wellbeing 3,506558 0,000597
wept 0,597837 0,000102
west 0,083382 0,000014
westminster 1,771957 0,000302
wet 0,287682 0,000049
whereabouts 1,714798 0,000292
wherewith 1,514128 0,000258
whiff 1,832581 0,000312
whimsical 1,560648 0,000266
whining 1,660731 0,000283
whirl 1,078810 0,000184
whirred 3,218876 0,000548
whisper 0,446287 0,000076
whispering 0,820981 0,000140
whistle 0,843970 0,000144
white 0,051293 0,000009
wholesale 1,771957 0,000302
wholesome 0,867501 0,000148
wholly 0,400478 0,000068
wicked 0,356675 0,000061
wickedness 0,916291 0,000156
wide 0,061875 0,000011
widow 0,579818 0,000099
widowed 1,832581 0,000312
widows 1,660731 0,000283
wife 0,094311 0,000016
wild 0,051293 0,000009
wilds 2,040221 0,000347
wilful 1,427116 0,000243
willingly 0,527633 0,000090
willingness 1,514128 0,000258
win 0,462035 0,000079
wind 0,105361 0,000018
window 0,274437 0,000047
windows 0,261365 0,000045
windsor 2,207275 0,000376
wine 0,248461 0,000042
wing 0,562119 0,000096
wings 0,430783 0,000073
winsome 2,659260 0,000453
winter 0,198451 0,000034
wisdom 0,287682 0,000049
wise 0,105361 0,000018
wisely 0,653926 0,000111
wiser 0,597837 0,000102
wisest 0,733969 0,000125
wit 0,328504 0,000056
withdraw 0,597837 0,000102
wither 1,897120 0,000323
withered 0,843970 0,000144
withering 1,714798 0,000292
witness 0,198451 0,000034
witnessed 0,798508 0,000136
witnesses 0,579818 0,000099
wits 0,713350 0,000121
witted 1,609438 0,000274
witty 1,171183 0,000199
wives 0,400478 0,000068
wizened 2,813411 0,000479
woe 0,755023 0,000129
woes 1,272966 0,000217
wolves 1,049822 0,000179
woman 0,061875 0,000011
womanhood 1,771957 0,000302
womanliness 3,912023 0,000666
womanly 1,560648 0,000266
women 0,094311 0,000016
wonderful 0,162519 0,000028
wonderland 3,506558 0,000597
woo 2,120264 0,000361
wood 0,116534 0,000020
wooden 0,415515 0,000071
word 0,020203 0,000003
wordy 1,832581 0,000312
wore 0,274437 0,000047
worker 1,427116 0,000243
workers 1,237874 0,000211
workhouse 2,302585 0,000392
workhouses 2,995732 0,000510
workman 1,078810 0,000184
workmen 0,916291 0,000156
wormwood 1,966113 0,000335
worn 0,223144 0,000038
worried 0,867501 0,000148
worries 1,966113 0,000335
worry 0,820981 0,000140
worse 0,083382 0,000014
worshipped 1,203973 0,000205
worst 0,186330 0,000032
worth 0,061875 0,000011
worthless 0,843970 0,000144
worths 3,506558 0,000597
worthy 0,186330 0,000032
wounded 0,274437 0,000047
wounding 1,609438 0,000274
wounds 0,562119 0,000096
wrapped 0,579818 0,000099
wraps 2,302585 0,000392
wrapt 1,714798 0,000292
wreck 0,941609 0,000160
wreckage 2,302585 0,000392
wrecked 1,272966 0,000217
wrestle 2,407946 0,000410
wrestles 3,218876 0,000548
wretch 0,733969 0,000125
wretched 0,328504 0,000056
wretchedly 1,966113 0,000335
wretchedness 1,139434 0,000194
wretches 1,237874 0,000211
write 0,150823 0,000026
writer 0,415515 0,000071
writers 0,867501 0,000148
writes 0,597837 0,000102
writhe 2,040221 0,000347
writing 0,061875 0,000011
written 0,051293 0,000009
wrong 0,083382 0,000014
wrongdoing 2,659260 0,000453
wrongs 1,078810 0,000184
wrote 0,150823 0,000026
xi 0,597837 0,000102
xii 0,579818 0,000099
xiii 0,673345 0,000115
xiv 0,693147 0,000118
yards 0,400478 0,000068
yearning 1,609438 0,000274
yelling 1,514128 0,000258
yesterday 0,301105 0,000051
yield 0,342490 0,000058
yonder 0,843970 0,000144
york 0,916291 0,000156
youngsters 1,832581 0,000312
youth 0,150823 0,000026
youthful 0,673345 0,000115
youths 1,108663 0,000189
