abandon 0,544727 0,000070
abandoned 0,371064 0,000048
abasement 1,897120 0,000243
abash 2,813411 0,000360
abashed 1,560648 0,000200
abet 2,813411 0,000360
abide 0,287682 0,000037
ability 0,579818 0,000074
abjures 3,506558 0,000449
abnegation 2,407946 0,000308
abode 0,616186 0,000079
abodes 2,120264 0,000272
abrupt 0,994252 0,000127
absent 0,385662 0,000049
absolute 0,400478 0,000051
absolutely 0,287682 0,000037
absoluteness 3,506558 0,000449
absolved 1,897120 0,000243
absorbed 0,634878 0,000081
abstain 1,309333 0,000168
abstruse 1,966113 0,000252
absurd 0,430783 0,000055
abundance 0,843970 0,000108
abuse 0,673345 0,000086
abused 0,843970 0,000108
abusive 2,302585 0,000295
abut 2,995732 0,000384
abysmal 3,218876 0,000412
abyss 1,049822 0,000134
abysses 2,525729 0,000323
academic 1,897120 0,000243
accept 0,094311 0,000012
accepted 0,139262 0,000018
accepting 0,287682 0,000037
access 0,314711 0,000040
accessed 0,562119 0,000072
accessible 0,446287 0,000057
accident 0,371064 0,000048
accidents 0,820981 0,000105
accommodate 1,386294 0,000178
accompanied 0,223144 0,000029
accompany 0,562119 0,000072
accomplish 0,733969 0,000094
accord 0,597837 0,000077
account 0,010050 0,000001
accredit 3,506558 0,000449
accumulate 1,771957 0,000227
accumulated 1,272966 0,000163
accuracy 1,108663 0,000142
accusation 1,049822 0,000134
accusations 1,660731 0,000213
accuse 0,916291 0,000117
accuser 1,771957 0,000227
accusers 2,525729 0,000323
accuses 2,207275 0,000283
accusing 1,347074 0,000173
achieve 1,078810 0,000138
acknowledge 0,527633 0,000068
acknowledged 0,597837 0,000077
acorns 1,966113 0,000252
acquaintances 1,021651 0,000131
acquainted 0,385662 0,000049
acquire 0,776529 0,000099
acquired 0,462035 0,000059
acquires 2,302585 0,000295
acquiring 1,203973 0,000154
acquisition 1,309333 0,000168
action 0,139262 0,000018
actions 0,356675 0,000046
active 0,127833 0,000016
activity 0,446287 0,000057
actor 0,941609 0,000121
actors 1,049822 0,000134
actual 0,174353 0,000022
actuated 1,832581 0,000235
acumen 2,659260 0,000341
acutest 2,659260 0,000341
adapt 1,514128 0,000194
adaptation 2,525729 0,000323
adapted 0,798508 0,000102
adder 2,302585 0,000295
addition 0,116534 0,000015
additional 0,198451 0,000025
additions 0,371064 0,000048
address 0,116534 0,000015
addresses 0,385662 0,000049
adequate 1,309333 0,000168
adjustment 2,207275 0,000283
admirably 1,203973 0,000154
admiration 0,342490 0,000044
admire 0,527633 0,000068
admiring 0,776529 0,000099
admits 1,021651 0,000131
admonished 1,714798 0,000220
admonishing 2,407946 0,000308
ado 1,514128 0,000194
adopting 1,609438 0,000206
adopts 2,525729 0,000323
adoration 1,171183 0,000150
adore 1,469676 0,000188
adored 1,139434 0,000146
adorers 2,995732 0,000384
adoring 2,040221 0,000261
adorn 1,347074 0,000173
adornment 2,040221 0,000261
adown 2,659260 0,000341
adult 1,832581 0,000235
adulterated 3,218876 0,000412
adultery 1,832581 0,000235
advance 0,223144 0,000029
advanced 0,274437 0,000035
advances 0,820981 0,000105
advantage 0,139262 0,000018
advent 1,514128 0,000194
adventure 0,510826 0,000065
adventurers 1,560648 0,000200
adventures 0,562119 0,000072
adversary 0,994252 0,000127
adverse 1,514128 0,000194
advice 0,186330 0,000024
advise 0,462035 0,000059
advocacy 3,506558 0,000449
advocate 1,139434 0,000146
advocates 1,660731 0,000213
afar 0,994252 0,000127
affair 0,301105 0,000039
affairs 0,235722 0,000030
affect 0,478036 0,000061
affection 0,235722 0,000030
affirmative 1,203973 0,000154
afflicted 0,693147 0,000089
affliction 0,867501 0,000111
afflictions 2,040221 0,000261
afford 0,301105 0,000039
afraid 0,105361 0,000013
afresh 1,021651 0,000131
afric 2,813411 0,000360
afterglows 3,912023 0,000501
afternoon 0,287682 0,000037
afterward 1,139434 0,000146
agape 2,659260 0,000341
age 0,051293 0,000007
aged 0,198451 0,000025
agency 1,203973 0,000154
agent 0,274437 0,000035
ages 0,261365 0,000033
agitation 0,713350 0,000091
agitators 2,995732 0,000384
agnosticism 3,218876 0,000412
agree 0,116534 0,000015
agreeable 0,462035 0,000059
agreed 0,116534 0,000015
agreement 0,210721 0,000027
aha 1,771957 0,000227
aim 0,462035 0,000059
aimlessness 3,912023 0,000501
aims 1,171183 0,000150
air 0,061875 0,000008
aired 2,659260 0,000341
alarm 0,356675 0,000046
alarmed 0,478036 0,000061
alarming 0,867501 0,000111
alas 0,462035 0,000059
alien 1,347074 0,000173
alight 1,386294 0,000178
alike 0,287682 0,000037
alive 0,051293 0,000007
allayed 2,040221 0,000261
allegorical 1,966113 0,000252
allegories 2,407946 0,000308
alleviates 3,912023 0,000501
alleviation 2,525729 0,000323
allotted 1,139434 0,000146
allure 1,832581 0,000235
allured 1,771957 0,000227
alluringly 3,506558 0,000449
allusion 0,843970 0,000108
almighty 1,108663 0,000142
alms 1,309333 0,000168
almshouse 2,659260 0,000341
aloft 0,916291 0,000117
aloneness 3,912023 0,000501
aloud 0,301105 0,000039
alpha 2,525729 0,000323
altars 1,897120 0,000243
alter 0,544727 0,000070
alteration 0,314711 0,000040
altered 0,510826 0,000065
altering 1,514128 0,000194
alternate 0,328504 0,000042
alternately 1,021651 0,000131
altogether 0,198451 0,000025
altruism 3,506558 0,000449
amazedly 3,912023 0,000501
amazement 0,446287 0,000057
amazing 0,941609 0,000121
ambition 0,597837 0,000077
ambitions 1,609438 0,000206
ambitious 0,891598 0,000114
ambusher 3,912023 0,000501
amen 1,237874 0,000159
amended 2,040221 0,000261
amends 1,108663 0,000142
amiable 0,755023 0,000097
amissing 3,912023 0,000501
amorous 1,386294 0,000178
amuse 0,798508 0,000102
amusement 0,544727 0,000070
amusing 0,693147 0,000089
analysis 1,347074 0,000173
anarchist 2,525729 0,000323
anarchists 2,995732 0,000384
anarchy 1,832581 0,000235
ancestors 0,527633 0,000068
anchor 0,867501 0,000111
anchored 1,560648 0,000200
anchorite 2,525729 0,000323
anchorites 3,506558 0,000449
ancient 0,198451 0,000025
anew 0,867501 0,000111
angel 0,579818 0,000074
angels 0,776529 0,000099
anger 0,328504 0,000042
angle 0,733969 0,000094
angora 3,506558 0,000449
angrily 0,867501 0,000111
angry 0,174353 0,000022
anguish 0,579818 0,000074
animal 0,261365 0,000033
animals 0,494296 0,000063
animosity 1,560648 0,000200
ankles 1,347074 0,000173
annihilated 1,386294 0,000178
annihilating 2,659260 0,000341
annihilation 1,514128 0,000194
announcement 1,139434 0,000146
announcer 3,506558 0,000449
annoy 1,309333 0,000168
annoyance 1,049822 0,000134
annoyances 2,207275 0,000283
anointed 1,660731 0,000213
anon 1,272966 0,000163
answer 0,040822 0,000005
answered 0,072571 0,000009
answering 0,510826 0,000065
answers 0,415515 0,000053
ant 1,832581 0,000235
antagonism 1,966113 0,000252
antagonistic 1,966113 0,000252
antelope 2,207275 0,000283
anthony 2,040221 0,000261
antichrist 2,995732 0,000384
anticipate 1,237874 0,000159
anticipated 0,755023 0,000097
antipathy 1,771957 0,000227
antiquity 1,078810 0,000138
antitheses 3,218876 0,000412
antithesis 2,120264 0,000272
antithetical 3,506558 0,000449
anvil 2,302585 0,000295
anxiety 0,287682 0,000037
anxiously 0,693147 0,000089
ape 1,514128 0,000194
apes 2,120264 0,000272
aphorism 2,995732 0,000384
apologia 3,912023 0,000501
apologise 2,120264 0,000272
apologists 3,506558 0,000449
apostates 3,218876 0,000412
apparent 0,314711 0,000040
apparition 0,994252 0,000127
appeal 0,342490 0,000044
appealed 1,021651 0,000131
appealing 1,171183 0,000150
appeals 0,916291 0,000117
appearance 0,083382 0,000011
appendix 1,714798 0,000220
appertain 2,525729 0,000323
appetite 0,371064 0,000048
appetites 1,049822 0,000134
applaud 1,966113 0,000252
applauded 1,427116 0,000183
apple 0,616186 0,000079
apples 0,916291 0,000117
applicable 0,400478 0,000051
applied 0,287682 0,000037
applies 1,171183 0,000150
apply 0,162519 0,000021
applying 1,108663 0,000142
appointable 3,912023 0,000501
appointed 0,356675 0,000046
apportioned 2,407946 0,000308
approach 0,083382 0,000011
approached 0,248461 0,000032
approaching 0,235722 0,000030
approbation 1,203973 0,000154
appropriation 2,040221 0,000261
appropriator 3,912023 0,000501
approval 0,798508 0,000102
approve 0,653926 0,000084
approving 1,427116 0,000183
april 0,798508 0,000102
apt 0,579818 0,000074
aquila 3,218876 0,000412
arbitrariness 3,218876 0,000412
arch 0,820981 0,000105
archaic 2,813411 0,000360
arched 1,171183 0,000150
arches 1,427116 0,000183
archive 0,544727 0,000070
archives 1,966113 0,000252
ardent 0,941609 0,000121
ardently 1,714798 0,000220
ardour 1,272966 0,000163
argonauts 3,218876 0,000412
argued 0,798508 0,000102
argument 0,371064 0,000048
arguments 0,562119 0,000072
aria 2,813411 0,000360
arid 1,966113 0,000252
aright 1,078810 0,000138
aristocracy 1,386294 0,000178
aristocratic 1,309333 0,000168
aristotelian 2,995732 0,000384
ark 1,560648 0,000200
arm 0,094311 0,000012
arms 0,051293 0,000007
aroused 0,755023 0,000097
arrange 0,579818 0,000074
arranged 0,328504 0,000042
arrangement 0,462035 0,000059
arranging 0,820981 0,000105
array 0,314711 0,000040
arrayed 1,427116 0,000183
arrear 2,995732 0,000384
arrival 0,356675 0,000046
arrive 0,314711 0,000040
arrived 0,150823 0,000019
arrogancy 2,659260 0,000341
arrogant 1,347074 0,000173
arrow 0,653926 0,000084
arrows 1,021651 0,000131
art 0,139262 0,000018
artful 1,171183 0,000150
artfulness 2,813411 0,000360
article 0,673345 0,000086
artifice 1,514128 0,000194
artifices 2,040221 0,000261
artist 0,634878 0,000081
artistic 1,049822 0,000134
arts 0,597837 0,000077
ascend 0,867501 0,000111
ascendancy 2,302585 0,000295
ascended 0,713350 0,000091
ascending 1,049822 0,000134
ascent 1,021651 0,000131
ascertained 1,021651 0,000131
ascii 0,562119 0,000072
ascribe 1,660731 0,000213
ashamed 0,248461 0,000032
ashes 0,462035 0,000059
ashore 1,139434 0,000146
ashy 2,525729 0,000323
asleep 0,162519 0,000021
aspect 0,462035 0,000059
aspiration 2,120264 0,000272
aspirations 1,108663 0,000142
ass 0,941609 0,000121
assail 1,609438 0,000206
assailed 1,203973 0,000154
assaults 1,514128 0,000194
assembled 0,510826 0,000065
asses 1,660731 0,000213
assesses 3,506558 0,000449
assign 1,386294 0,000178
assistance 0,105361 0,000013
assistants 1,469676 0,000188
assists 2,207275 0,000283
associate 1,021651 0,000131
association 1,203973 0,000154
assuagement 3,912023 0,000501
assume 0,478036 0,000061
assumes 1,427116 0,000183
assuming 0,916291 0,000117
assumption 1,347074 0,000173
assurance 0,430783 0,000055
assure 0,385662 0,000049
assured 0,301105 0,000039
assuredly 0,967584 0,000124
astonished 0,301105 0,000039
astonishing 0,653926 0,000084
astonishment 0,301105 0,000039
astral 2,813411 0,000360
astray 1,078810 0,000138
astrologers 2,525729 0,000323
astute 1,609438 0,000206
asunder 1,108663 0,000142
ate 0,415515 0,000053
atheism 2,302585 0,000295
atheist 1,966113 0,000252
atmosphere 0,579818 0,000074
atone 1,386294 0,000178
attached 0,127833 0,000016
attack 0,301105 0,000039
attacked 0,462035 0,000059
attain 0,616186 0,000079
attainable 2,207275 0,000283
attained 0,494296 0,000063
attaining 1,203973 0,000154
attains 1,966113 0,000252
attempt 0,083382 0,000011
attempted 0,356675 0,000046
attempting 0,579818 0,000074
attempts 0,478036 0,000061
attend 0,301105 0,000039
attendant 0,733969 0,000094
attention 0,083382 0,000011
attentively 0,755023 0,000097
attired 1,427116 0,000183
attitude 0,478036 0,000061
attitudes 1,771957 0,000227
attributes 1,237874 0,000159
audible 0,916291 0,000117
audibly 1,560648 0,000200
audient 3,506558 0,000449
aught 0,891598 0,000114
august 0,616186 0,000079
auspices 1,832581 0,000235
author 0,116534 0,000015
authoritative 1,897120 0,000243
authority 0,261365 0,000033
autobiographical 3,218876 0,000412
autobiography 2,407946 0,000308
autumn 0,653926 0,000084
avails 2,207275 0,000283
avenger 1,609438 0,000206
average 0,820981 0,000105
averse 1,049822 0,000134
aversion 0,941609 0,000121
averted 1,139434 0,000146
avesta 3,218876 0,000412
avian 3,912023 0,000501
avidity 1,897120 0,000243
avoid 0,174353 0,000022
avoided 0,371064 0,000048
avoids 1,897120 0,000243
avowal 1,771957 0,000227
await 0,776529 0,000099
awaited 0,733969 0,000094
awaiting 0,693147 0,000089
awake 0,356675 0,000046
awaken 0,891598 0,000114
awakened 0,673345 0,000086
awakening 1,108663 0,000142
aware 0,223144 0,000029
awe 0,597837 0,000077
aweary 3,912023 0,000501
awful 0,328504 0,000042
awfulness 2,407946 0,000308
awhile 0,967584 0,000124
awkward 0,544727 0,000070
awkwardly 1,272966 0,000163
awoke 0,446287 0,000057
axe 1,049822 0,000134
ay 1,108663 0,000142
aye 1,347074 0,000173
azure 1,514128 0,000194
babbler 3,218876 0,000412
babbling 2,040221 0,000261
backbite 3,912023 0,000501
backbone 1,966113 0,000252
background 0,867501 0,000111
backside 2,302585 0,000295
bad 0,051293 0,000007
badder 3,912023 0,000501
baddest 3,506558 0,000449
bade 0,597837 0,000077
badly 0,446287 0,000057
bailiffs 2,813411 0,000360
bait 1,078810 0,000138
baked 1,237874 0,000159
balance 0,544727 0,000070
bale 2,407946 0,000308
ball 0,356675 0,000046
balsam 2,659260 0,000341
ban 1,897120 0,000243
banish 1,347074 0,000173
banks 0,494296 0,000063
banned 2,659260 0,000341
banquet 1,272966 0,000163
baptized 1,832581 0,000235
bar 0,527633 0,000068
barbarism 1,771957 0,000227
barefooted 1,714798 0,000220
bargain 0,597837 0,000077
bargaining 1,897120 0,000243
bark 0,597837 0,000077
baroness 2,659260 0,000341
barrel 0,843970 0,000108
bars 0,653926 0,000084
base 0,301105 0,000039
based 0,371064 0,000048
baseness 1,469676 0,000188
baser 2,040221 0,000261
bashful 1,609438 0,000206
bashfulness 1,966113 0,000252
basis 0,843970 0,000108
bat 1,469676 0,000188
bath 0,562119 0,000072
bats 1,897120 0,000243
batter 2,120264 0,000272
battle 0,287682 0,000037
battlefield 1,966113 0,000252
bawlers 3,218876 0,000412
bay 0,544727 0,000070
beaks 2,207275 0,000283
beam 0,843970 0,000108
beaming 1,386294 0,000178
bear 0,061875 0,000008
beard 0,579818 0,000074
bearded 1,108663 0,000142
bearer 1,203973 0,000154
bearers 1,309333 0,000168
bearing 0,162519 0,000021
bearings 1,427116 0,000183
bears 0,510826 0,000065
beast 0,342490 0,000044
beasts 0,430783 0,000055
beat 0,186330 0,000024
beating 0,314711 0,000040
beauteous 1,832581 0,000235
beauties 0,820981 0,000105
beautiful 0,083382 0,000011
beauty 0,174353 0,000022
beckoning 1,609438 0,000206
becometh 2,995732 0,000384
bed 0,051293 0,000007
bedecked 3,218876 0,000412
bedevilled 3,218876 0,000412
bedwarfing 3,912023 0,000501
bee 1,078810 0,000138
beehives 2,995732 0,000384
bees 1,021651 0,000131
beetles 2,407946 0,000308
befall 0,967584 0,000124
befallen 1,078810 0,000138
befooled 3,218876 0,000412
beg 0,210721 0,000027
beget 1,897120 0,000243
beggar 0,733969 0,000094
beggars 1,171183 0,000150
beginner 2,302585 0,000295
begirt 2,659260 0,000341
begloom 3,506558 0,000449
begotten 1,609438 0,000206
behaved 0,798508 0,000102
beheld 0,510826 0,000065
behold 0,342490 0,000044
beholders 1,966113 0,000252
beholding 1,021651 0,000131
belauded 3,218876 0,000412
belie 2,659260 0,000341
belief 0,198451 0,000025
beliefs 1,609438 0,000206
believer 1,514128 0,000194
believers 1,660731 0,000213
believeth 2,659260 0,000341
belittling 3,506558 0,000449
bell 0,400478 0,000051
bellied 2,302585 0,000295
bellies 2,040221 0,000261
bellows 1,771957 0,000227
bells 0,597837 0,000077
belly 0,916291 0,000117
belong 0,235722 0,000030
belongs 0,415515 0,000053
beloved 0,415515 0,000053
bend 0,510826 0,000065
bending 0,597837 0,000077
beneath 0,198451 0,000025
benedictions 2,813411 0,000360
benefactor 1,171183 0,000150
beneficence 2,207275 0,000283
beneficent 1,386294 0,000178
benevolence 1,049822 0,000134
bent 0,174353 0,000022
benumbed 2,040221 0,000261
bereft 1,897120 0,000243
beribboned 3,506558 0,000449
berries 1,897120 0,000243
beseech 1,049822 0,000134
beset 0,941609 0,000121
besmirch 3,912023 0,000501
besom 3,218876 0,000412
bestow 0,755023 0,000097
bestower 3,506558 0,000449
bestowing 1,771957 0,000227
bethink 1,966113 0,000252
bethought 1,469676 0,000188
betimes 1,771957 0,000227
betray 0,527633 0,000068
betrayed 0,494296 0,000063
betrayer 2,995732 0,000384
betwixt 1,514128 0,000194
beware 0,820981 0,000105
bewitched 1,897120 0,000243
bid 0,400478 0,000051
bidding 0,820981 0,000105
bids 1,237874 0,000159
bile 2,120264 0,000272
bilious 1,966113 0,000252
bin 2,525729 0,000323
binary 0,562119 0,000072
bind 0,755023 0,000097
biography 1,469676 0,000188
biological 2,813411 0,000360
biology 2,813411 0,000360
bird 0,235722 0,000030
birds 0,301105 0,000039
birth 0,301105 0,000039
bit 0,174353 0,000022
bite 0,798508 0,000102
bites 1,609438 0,000206
biting 0,713350 0,000091
bitten 1,272966 0,000163
bitter 0,235722 0,000030
bitterest 1,469676 0,000188
bitterly 0,579818 0,000074
bitterness 0,634878 0,000081
black 0,072571 0,000009
blackest 1,514128 0,000194
blackness 1,237874 0,000159
blamable 2,659260 0,000341
blame 0,174353 0,000022
blameless 1,469676 0,000188
blaming 1,660731 0,000213
blaspheme 2,407946 0,000308
blasphemers 3,912023 0,000501
blasphemies 2,407946 0,000308
blasphemy 1,514128 0,000194
blasts 1,609438 0,000206
bleats 2,995732 0,000384
bleed 1,560648 0,000200
bleeding 0,843970 0,000108
bless 0,430783 0,000055
blessed 0,356675 0,000046
blessedly 3,218876 0,000412
blessedness 1,966113 0,000252
blesser 3,912023 0,000501
blessing 0,446287 0,000057
blessings 1,171183 0,000150
blew 0,494296 0,000063
blind 0,223144 0,000029
blindingly 3,506558 0,000449
blindly 0,941609 0,000121
blindness 0,994252 0,000127
blink 2,040221 0,000261
blinking 1,347074 0,000173
bliss 0,891598 0,000114
blissful 1,609438 0,000206
blissfully 2,525729 0,000323
bloated 1,660731 0,000213
block 0,616186 0,000079
blond 2,302585 0,000295
blood 0,116534 0,000015
bloodless 1,469676 0,000188
bloodthirsty 2,302585 0,000295
bloody 0,527633 0,000068
blooming 1,139434 0,000146
blossomed 2,120264 0,000272
blotches 2,120264 0,000272
blow 0,139262 0,000018
blowflies 3,912023 0,000501
blows 0,371064 0,000048
blue 0,174353 0,000022
blundered 1,897120 0,000243
blundering 1,514128 0,000194
blunt 0,967584 0,000124
bluntly 1,966113 0,000252
blush 0,693147 0,000089
blushes 1,660731 0,000213
blushing 1,049822 0,000134
blusterer 3,218876 0,000412
blusterers 3,506558 0,000449
blustering 2,120264 0,000272
boar 1,514128 0,000194
board 0,314711 0,000040
boat 0,446287 0,000057
bob 1,660731 0,000213
bodies 0,174353 0,000022
bodily 0,673345 0,000086
body 0,030459 0,000004
boil 1,237874 0,000159
boiled 0,798508 0,000102
boisterousness 3,506558 0,000449
bold 0,287682 0,000037
bolder 1,203973 0,000154
boldest 1,609438 0,000206
bon 1,660731 0,000213
bondage 1,203973 0,000154
bone 0,527633 0,000068
boned 2,407946 0,000308
bones 0,235722 0,000030
book 0,061875 0,000008
books 0,139262 0,000018
booming 1,560648 0,000200
boots 0,510826 0,000065
booty 1,309333 0,000168
bore 0,150823 0,000019
born 0,105361 0,000013
borne 0,261365 0,000033
borrow 0,798508 0,000102
borrowed 0,616186 0,000079
bosom 0,462035 0,000059
bosoms 1,714798 0,000220
botch 2,995732 0,000384
botched 2,995732 0,000384
bottles 0,798508 0,000102
boulders 2,407946 0,000308
bound 0,030459 0,000004
boundaries 1,514128 0,000194
boundary 1,347074 0,000173
bounding 1,171183 0,000150
boundless 0,891598 0,000114
bounds 0,634878 0,000081
bow 0,287682 0,000037
bowed 0,371064 0,000048
bowels 1,309333 0,000168
bowing 0,994252 0,000127
bowl 0,843970 0,000108
box 0,248461 0,000032
boy 0,139262 0,000018
boys 0,328504 0,000042
braggarts 3,506558 0,000449
brain 0,356675 0,000046
branched 2,302585 0,000295
branches 0,371064 0,000048
brass 0,478036 0,000061
brave 0,415515 0,000053
bravery 1,272966 0,000163
bravest 1,386294 0,000178
brawling 2,302585 0,000295
brayed 2,995732 0,000384
brazen 1,203973 0,000154
breach 0,274437 0,000035
bread 0,248461 0,000032
breadth 0,653926 0,000084
break 0,083382 0,000011
breaker 1,966113 0,000252
breaking 0,210721 0,000027
breaks 0,733969 0,000094
breast 0,210721 0,000027
breasts 0,891598 0,000114
breath 0,174353 0,000022
breathe 0,478036 0,000061
breathing 0,462035 0,000059
breathless 0,673345 0,000086
breaths 1,660731 0,000213
bred 0,478036 0,000061
breeder 2,407946 0,000308
breeding 0,967584 0,000124
breeze 0,713350 0,000091
breezes 1,832581 0,000235
brethren 0,916291 0,000117
bridge 0,494296 0,000063
bridged 2,525729 0,000323
bridges 1,108663 0,000142
bright 0,116534 0,000015
brightened 0,967584 0,000124
brighter 0,776529 0,000099
brightly 0,994252 0,000127
brightness 0,634878 0,000081
brilliant 0,430783 0,000055
bring 0,010050 0,000001
bringer 3,218876 0,000412
bringeth 2,525729 0,000323
bringing 0,105361 0,000013
brings 0,328504 0,000042
briskly 0,967584 0,000124
bristled 2,207275 0,000283
bristling 1,237874 0,000159
brittle 1,660731 0,000213
broad 0,139262 0,000018
broadest 2,040221 0,000261
broil 3,218876 0,000412
broke 0,116534 0,000015
broken 0,061875 0,000008
brood 1,108663 0,000142
brooding 1,021651 0,000131
brook 1,139434 0,000146
brooks 1,714798 0,000220
brother 0,127833 0,000016
brotherly 1,609438 0,000206
brought 0,010050 0,000001
brown 0,274437 0,000035
browsing 2,407946 0,000308
brushed 1,078810 0,000138
brutal 0,755023 0,000097
brute 0,579818 0,000074
bubble 1,560648 0,000200
bubbles 1,832581 0,000235
buckets 1,714798 0,000220
buckle 2,207275 0,000283
buckler 2,040221 0,000261
bud 1,386294 0,000178
buddha 2,525729 0,000323
buddhism 2,813411 0,000360
buddhist 3,218876 0,000412
buddhistic 3,912023 0,000501
buffalo 1,966113 0,000252
buffaloes 2,525729 0,000323
buffoon 2,407946 0,000308
buffoons 2,407946 0,000308
bugs 2,407946 0,000308
build 0,446287 0,000057
built 0,150823 0,000019
bulgy 3,506558 0,000449
bull 0,510826 0,000065
bullock 1,966113 0,000252
bulrushes 2,659260 0,000341
bulwark 1,714798 0,000220
buoyant 1,897120 0,000243
burden 0,223144 0,000029
burdened 1,469676 0,000188
burdens 1,309333 0,000168
burdensome 1,832581 0,000235
buried 0,248461 0,000032
burn 0,400478 0,000051
burners 3,218876 0,000412
burning 0,150823 0,000019
burnt 0,415515 0,000053
burrow 2,207275 0,000283
burrowing 2,407946 0,000308
burst 0,287682 0,000037
bursts 1,386294 0,000178
bury 0,776529 0,000099
bushes 0,733969 0,000094
business 0,040822 0,000005
butcher 0,941609 0,000121
butter 0,820981 0,000105
butterflies 1,609438 0,000206
butterfly 1,427116 0,000183
buyers 2,120264 0,000272
buzz 1,609438 0,000206
buzzing 1,347074 0,000173
bye 0,776529 0,000099
bygone 2,207275 0,000283
cabinets 2,040221 0,000261
cackle 2,995732 0,000384
caesar 1,609438 0,000206
calamity 0,891598 0,000114
calculable 3,218876 0,000412
calculate 0,328504 0,000042
calculated 0,174353 0,000022
calling 0,820981 0,000105
callous 1,469676 0,000188
calm 0,301105 0,000039
calmer 1,347074 0,000173
calmest 2,659260 0,000341
calmly 0,510826 0,000065
calumniated 2,659260 0,000341
calves 1,427116 0,000183
camel 1,609438 0,000206
camp 0,597837 0,000077
campaigns 2,040221 0,000261
candidly 1,771957 0,000227
cankers 3,912023 0,000501
canopy 1,609438 0,000206
canst 1,514128 0,000194
capable 0,261365 0,000033
capacity 0,527633 0,000068
cape 0,967584 0,000124
capo 2,995732 0,000384
caps 0,967584 0,000124
capsule 2,995732 0,000384
captain 0,371064 0,000048
captives 1,514128 0,000194
capture 0,820981 0,000105
captured 0,916291 0,000117
card 0,223144 0,000029
care 0,000000 0,000000
careful 0,174353 0,000022
carefully 0,139262 0,000018
caress 1,469676 0,000188
caressed 1,469676 0,000188
caresses 1,386294 0,000178
caressing 1,427116 0,000183
caressingly 2,995732 0,000384
careworn 2,525729 0,000323
caricatures 2,207275 0,000283
caring 1,049822 0,000134
carpets 1,427116 0,000183
carps 3,506558 0,000449
carried 0,030459 0,000004
carrion 1,832581 0,000235
carry 0,030459 0,000004
carrying 0,083382 0,000011
carts 1,309333 0,000168
cascade 2,302585 0,000295
cask 1,560648 0,000200
casket 2,040221 0,000261
casks 1,897120 0,000243
cast 0,116534 0,000015
casters 3,218876 0,000412
castes 2,813411 0,000360
casteth 2,995732 0,000384
casting 0,544727 0,000070
casts 1,139434 0,000146
casualties 2,120264 0,000272
cat 0,562119 0,000072
catch 0,210721 0,000027
catchers 3,218876 0,000412
cats 1,108663 0,000142
cattish 3,912023 0,000501
caught 0,162519 0,000021
causality 2,813411 0,000360
cautions 2,995732 0,000384
cautiously 0,867501 0,000111
cave 0,776529 0,000099
caved 2,302585 0,000295
cavern 1,347074 0,000173
caverns 1,514128 0,000194
caves 1,203973 0,000154
cease 0,139262 0,000018
ceased 0,235722 0,000030
ceiling 0,527633 0,000068
celebrate 1,272966 0,000163
celebrated 0,562119 0,000072
celestial 1,171183 0,000150
cellar 1,021651 0,000131
cellars 1,469676 0,000188
censed 3,912023 0,000501
centuries 0,544727 0,000070
century 0,494296 0,000063
ceremony 0,579818 0,000074
certainty 0,342490 0,000044
cessation 1,386294 0,000178
cetera 2,813411 0,000360
chain 0,415515 0,000053
chains 0,562119 0,000072
chair 0,274437 0,000035
chairs 0,579818 0,000074
chalk 1,272966 0,000163
challenges 2,407946 0,000308
chamber 0,400478 0,000051
chambers 0,733969 0,000094
chamois 1,714798 0,000220
chance 0,083382 0,000011
chanced 0,843970 0,000108
chances 0,562119 0,000072
change 0,010050 0,000001
changeable 2,120264 0,000272
changed 0,051293 0,000007
channels 1,078810 0,000138
chaos 1,078810 0,000138
chapter 0,342490 0,000044
chapters 1,469676 0,000188
character 0,061875 0,000008
characteristics 0,798508 0,000102
characterized 1,660731 0,000213
characters 0,430783 0,000055
charcoal 1,469676 0,000188
charge 0,051293 0,000007
charged 0,328504 0,000042
charges 0,223144 0,000029
chariot 1,237874 0,000159
charitable 0,287682 0,000037
charities 0,494296 0,000063
charity 0,494296 0,000063
charming 0,527633 0,000068
charmingly 1,660731 0,000213
charnel 2,813411 0,000360
chased 0,941609 0,000121
chasm 1,427116 0,000183
chaste 1,203973 0,000154
chasten 2,813411 0,000360
chastity 1,514128 0,000194
chatter 1,427116 0,000183
chattering 1,108663 0,000142
check 0,174353 0,000022
checked 0,579818 0,000074
checks 0,478036 0,000061
cheek 0,430783 0,000055
cheeks 0,415515 0,000053
cheer 0,562119 0,000072
cheered 0,994252 0,000127
cheerful 0,385662 0,000049
cheerfully 0,820981 0,000105
cheerfulness 0,867501 0,000111
cherish 1,078810 0,000138
chew 1,771957 0,000227
chilblains 2,995732 0,000384
child 0,072571 0,000009
childhood 0,527633 0,000068
childish 0,713350 0,000091
childishness 2,407946 0,000308
children 0,072571 0,000009
chill 0,733969 0,000094
chilled 1,139434 0,000146
chimney 0,798508 0,000102
chip 2,040221 0,000261
chloral 3,506558 0,000449
choice 0,150823 0,000019
choicely 3,912023 0,000501
choicest 1,560648 0,000200
choke 1,427116 0,000183
choked 0,755023 0,000097
chokes 2,659260 0,000341
choking 0,941609 0,000121
choose 0,083382 0,000011
choosing 0,867501 0,000111
chose 0,301105 0,000039
chosen 0,186330 0,000024
christ 0,867501 0,000111
christen 2,995732 0,000384
christened 1,469676 0,000188
christian 0,430783 0,000055
christianity 1,347074 0,000173
christians 1,108663 0,000142
church 0,261365 0,000033
churches 0,994252 0,000127
cigars 1,347074 0,000173
circle 0,223144 0,000029
circles 0,733969 0,000094
circuit 0,891598 0,000114
circuits 2,659260 0,000341
circumnavigate 3,218876 0,000412
circumscribed 2,207275 0,000283
circumstances 0,162519 0,000021
cistern 1,771957 0,000227
cities 0,616186 0,000079
city 0,051293 0,000007
claim 0,116534 0,000015
claimed 0,843970 0,000108
clamber 2,120264 0,000272
clambering 2,040221 0,000261
class 0,314711 0,000040
classes 0,653926 0,000084
classical 1,237874 0,000159
clatter 1,386294 0,000178
clattering 1,660731 0,000213
claws 1,078810 0,000138
clean 0,248461 0,000032
cleanly 1,897120 0,000243
cleansing 1,832581 0,000235
clearness 1,049822 0,000134
clench 2,659260 0,000341
clever 0,400478 0,000051
cleverer 2,525729 0,000323
cliffs 1,272966 0,000163
climate 0,798508 0,000102
climb 0,693147 0,000089
climbed 0,673345 0,000086
climber 2,995732 0,000384
climbers 2,813411 0,000360
climbing 0,733969 0,000094
cling 0,994252 0,000127
clinging 0,867501 0,000111
clings 1,966113 0,000252
clinking 2,302585 0,000295
cloak 0,562119 0,000072
clock 0,527633 0,000068
clocks 1,609438 0,000206
clockworks 3,912023 0,000501
close 0,051293 0,000007
closed 0,116534 0,000015
closely 0,223144 0,000029
closer 0,385662 0,000049
closest 1,514128 0,000194
closets 2,120264 0,000272
clothed 0,673345 0,000086
clothes 0,127833 0,000016
clothing 0,776529 0,000099
cloud 0,301105 0,000039
cloudlet 3,912023 0,000501
clouds 0,342490 0,000044
cloudy 1,078810 0,000138
club 0,713350 0,000091
clumsily 1,714798 0,000220
clumsy 0,994252 0,000127
cluster 1,386294 0,000178
clusters 1,347074 0,000173
clutch 1,514128 0,000194
coarse 0,478036 0,000061
coarsely 2,120264 0,000272
coast 0,544727 0,000070
coasts 1,514128 0,000194
cobweb 2,207275 0,000283
cock 0,843970 0,000108
cockcrow 2,813411 0,000360
codes 0,510826 0,000065
coerce 2,525729 0,000323
coercive 3,506558 0,000449
coffin 1,021651 0,000131
coffins 2,040221 0,000261
coil 1,237874 0,000159
coiled 1,832581 0,000235
coiling 2,407946 0,000308
coinages 3,912023 0,000501
coiner 2,525729 0,000323
coiners 2,659260 0,000341
cold 0,040822 0,000005
colder 1,078810 0,000138
coldest 2,120264 0,000272
coldly 0,916291 0,000117
coldness 1,021651 0,000131
collapse 1,771957 0,000227
collapsing 2,995732 0,000384
colleagues 1,966113 0,000252
collect 0,673345 0,000086
collection 0,174353 0,000022
colour 0,527633 0,000068
coloured 0,693147 0,000089
colours 0,713350 0,000091
columns 0,867501 0,000111
comb 1,139434 0,000146
combat 0,891598 0,000114
combined 0,713350 0,000091
cometh 1,897120 0,000243
comfort 0,150823 0,000019
comfortable 0,261365 0,000033
comfortableness 3,506558 0,000449
comforted 0,776529 0,000099
comforter 1,609438 0,000206
comforters 2,813411 0,000360
comforting 1,139434 0,000146
command 0,162519 0,000021
commanded 0,462035 0,000059
commander 0,967584 0,000124
commanding 0,755023 0,000097
commandment 1,832581 0,000235
commence 0,941609 0,000121
commenced 0,798508 0,000102
commences 1,897120 0,000243
commended 1,272966 0,000163
comment 0,673345 0,000086
commentary 1,660731 0,000213
commercial 0,274437 0,000035
commiserate 2,813411 0,000360
commiseration 1,660731 0,000213
commit 0,527633 0,000068
committed 0,150823 0,000019
committing 1,078810 0,000138
common 0,072571 0,000009
communed 2,525729 0,000323
communication 0,597837 0,000077
communities 1,714798 0,000220
community 0,616186 0,000079
companion 0,248461 0,000032
companions 0,301105 0,000039
company 0,020203 0,000003
comparatively 0,634878 0,000081
compare 0,510826 0,000065
compared 0,274437 0,000035
compares 1,660731 0,000213
comparison 0,478036 0,000061
compassion 0,820981 0,000105
compatible 2,207275 0,000283
compel 0,916291 0,000117
compelled 0,527633 0,000068
compendium 3,506558 0,000449
compilation 0,494296 0,000063
complacency 1,427116 0,000183
complain 0,446287 0,000057
complained 0,562119 0,000072
complaining 0,891598 0,000114
complementary 2,813411 0,000360
complete 0,150823 0,000019
completely 0,274437 0,000035
compliance 0,342490 0,000044
compliant 2,525729 0,000323
complimentary 1,897120 0,000243
comply 0,342490 0,000044
complying 0,446287 0,000057
compose 0,916291 0,000117
composed 0,328504 0,000042
composer 2,120264 0,000272
composing 1,386294 0,000178
composition 0,820981 0,000105
composure 1,049822 0,000134
comprehensible 1,832581 0,000235
comprehensive 1,237874 0,000159
compressed 0,342490 0,000044
comprised 1,560648 0,000200
compromise 1,347074 0,000173
comrade 0,967584 0,000124
comradeship 2,525729 0,000323
conceal 0,301105 0,000039
concealed 0,415515 0,000053
conceit 1,021651 0,000131
conceivable 1,386294 0,000178
conceive 0,544727 0,000070
conceived 0,462035 0,000059
concept 0,544727 0,000070
conception 0,653926 0,000084
conceptions 1,514128 0,000194
concepts 3,506558 0,000449
concern 0,430783 0,000055
concerned 0,287682 0,000037
concert 1,139434 0,000146
concise 2,040221 0,000261
conclude 0,843970 0,000108
concludes 2,120264 0,000272
conclusion 0,235722 0,000030
conclusions 0,916291 0,000117
concomitant 2,995732 0,000384
condemn 0,867501 0,000111
condemned 0,653926 0,000084
condemns 1,660731 0,000213
condescension 1,309333 0,000168
condition 0,094311 0,000012
conditioned 2,040221 0,000261
conditions 0,342490 0,000044
conduce 1,966113 0,000252
conduced 2,407946 0,000308
conduct 0,198451 0,000025
cones 2,302585 0,000295
confection 3,218876 0,000412
confectioners 3,506558 0,000449
confess 0,198451 0,000025
confessed 0,579818 0,000074
confesses 1,966113 0,000252
confidence 0,139262 0,000018
confident 0,510826 0,000065
confidently 1,049822 0,000134
confiding 1,386294 0,000178
confined 0,385662 0,000049
confinement 1,139434 0,000146
confirmation 0,356675 0,000046
confirmed 0,174353 0,000022
confirms 1,832581 0,000235
conflict 0,693147 0,000089
conflicting 1,560648 0,000200
confound 0,733969 0,000094
confounded 0,693147 0,000089
confounding 1,897120 0,000243
confronted 1,021651 0,000131
confronting 1,966113 0,000252
confused 0,248461 0,000032
confusedly 1,660731 0,000213
confusion 0,301105 0,000039
congealed 1,609438 0,000206
conjecture 0,798508 0,000102
conjecturing 2,120264 0,000272
conjunction 1,272966 0,000163
conjure 1,966113 0,000252
connection 0,462035 0,000059
conquer 1,021651 0,000131
conqueror 1,108663 0,000142
conquerors 1,714798 0,000220
conquest 0,967584 0,000124
conscience 0,314711 0,000040
consciences 1,714798 0,000220
conscientious 1,272966 0,000163
conscientiousness 2,525729 0,000323
conscious 0,314711 0,000040
consciousness 0,371064 0,000048
consecrate 2,040221 0,000261
consecrated 1,309333 0,000168
consequence 0,328504 0,000042
consequential 0,478036 0,000061
conserved 3,912023 0,000501
considerable 0,105361 0,000013
considerably 0,776529 0,000099
considerate 1,469676 0,000188
considerateness 3,218876 0,000412
consideration 0,274437 0,000035
consist 0,867501 0,000111
consistently 1,832581 0,000235
consolation 0,713350 0,000091
consolations 1,771957 0,000227
console 1,021651 0,000131
constant 0,051293 0,000007
constantly 0,371064 0,000048
constituted 1,049822 0,000134
constitutes 1,469676 0,000188
constituting 2,040221 0,000261
constitutional 1,469676 0,000188
constitutions 1,832581 0,000235
constrain 1,832581 0,000235
constrained 0,843970 0,000108
constraint 1,272966 0,000163
consumed 0,634878 0,000081
consummating 2,659260 0,000341
consummation 1,966113 0,000252
consumptive 2,040221 0,000261
contact 0,210721 0,000027
contagious 2,040221 0,000261
contemplate 0,994252 0,000127
contemplated 1,078810 0,000138
contemplation 0,527633 0,000068
contemplative 1,714798 0,000220
contemporaries 1,272966 0,000163
contemporary 1,272966 0,000163
contempt 0,446287 0,000057
contemptible 1,078810 0,000138
contemptuously 1,237874 0,000159
contends 2,407946 0,000308
content 0,186330 0,000024
contention 1,309333 0,000168
contents 0,094311 0,000012
context 2,207275 0,000283
continent 0,891598 0,000114
continual 0,693147 0,000089
continually 0,446287 0,000057
continue 0,261365 0,000033
continued 0,072571 0,000009
continuous 0,867501 0,000111
contorted 2,120264 0,000272
contra 2,207275 0,000283
contract 0,261365 0,000033
contradict 1,078810 0,000138
contradicted 1,309333 0,000168
contradicting 1,832581 0,000235
contradiction 0,967584 0,000124
contrary 0,198451 0,000025
contrast 0,494296 0,000063
contrasted 1,171183 0,000150
contribute 1,049822 0,000134
contributions 0,430783 0,000055
contrive 1,237874 0,000159
contrived 0,713350 0,000091
control 0,314711 0,000040
convalescence 1,897120 0,000243
convalescent 2,302585 0,000295
convalescents 2,813411 0,000360
convenance 3,506558 0,000449
convenience 0,755023 0,000097
conventions 2,302585 0,000295
conversation 0,186330 0,000024
convert 0,385662 0,000049
converted 0,820981 0,000105
convey 0,544727 0,000070
convince 0,634878 0,000081
convinced 0,287682 0,000037
convulsed 1,427116 0,000183
convulsion 1,469676 0,000188
convulsions 1,272966 0,000163
cook 0,430783 0,000055
cooked 0,916291 0,000117
cooking 0,967584 0,000124
cookshops 3,912023 0,000501
cool 0,314711 0,000040
cooling 1,272966 0,000163
coolly 1,021651 0,000131
coolness 1,171183 0,000150
copiously 2,525729 0,000323
copying 0,494296 0,000063
copyright 0,415515 0,000053
cord 0,916291 0,000117
cordial 1,078810 0,000138
cordially 1,237874 0,000159
cork 1,386294 0,000178
corn 0,579818 0,000074
corner 0,127833 0,000016
corners 0,430783 0,000055
cornfields 2,813411 0,000360
corporation 0,462035 0,000059
corpse 0,693147 0,000089
corpses 1,427116 0,000183
correct 0,385662 0,000049
correctest 3,218876 0,000412
correctly 0,843970 0,000108
corridors 1,609438 0,000206
corrupt 0,274437 0,000035
cosmogony 2,995732 0,000384
cost 0,105361 0,000013
costs 0,287682 0,000037
cot 1,897120 0,000243
couch 0,733969 0,000094
couches 1,714798 0,000220
cough 0,994252 0,000127
coughing 1,309333 0,000168
couldst 2,120264 0,000272
counsel 0,527633 0,000068
counselled 1,966113 0,000252
counsellors 1,609438 0,000206
counted 0,527633 0,000068
countenance 0,415515 0,000053
countenances 1,237874 0,000159
counter 0,843970 0,000108
counterpart 1,714798 0,000220
countries 0,235722 0,000030
country 0,010050 0,000001
courage 0,150823 0,000019
courageous 1,171183 0,000150
court 0,127833 0,000016
courteous 0,967584 0,000124
courteously 1,609438 0,000206
courtiers 2,040221 0,000261
courtly 1,832581 0,000235
courts 0,544727 0,000070
cove 1,832581 0,000235
covered 0,139262 0,000018
covet 1,714798 0,000220
covetous 1,771957 0,000227
cow 0,733969 0,000094
coward 0,994252 0,000127
cowardice 0,994252 0,000127
cowardly 0,994252 0,000127
cowards 1,386294 0,000178
cowed 2,302585 0,000295
cowered 2,302585 0,000295
cows 0,867501 0,000111
cozeners 3,912023 0,000501
crab 1,832581 0,000235
crabs 2,302585 0,000295
crack 0,820981 0,000105
cracked 0,843970 0,000108
cracker 2,995732 0,000384
crackers 2,207275 0,000283
cracking 1,386294 0,000178
cradle 1,108663 0,000142
cradled 2,813411 0,000360
cradles 2,659260 0,000341
craft 0,755023 0,000097
craftiest 3,506558 0,000449
craftily 2,407946 0,000308
crafty 1,427116 0,000183
crave 1,771957 0,000227
craved 2,207275 0,000283
craving 1,272966 0,000163
cravings 2,120264 0,000272
crawl 1,049822 0,000134
crawled 0,891598 0,000114
creaking 1,347074 0,000173
creakingly 3,506558 0,000449
create 0,597837 0,000077
created 0,116534 0,000015
creates 1,714798 0,000220
creating 0,342490 0,000044
creation 0,235722 0,000030
creations 1,660731 0,000213
creative 1,771957 0,000227
creator 1,139434 0,000146
creators 2,995732 0,000384
creature 0,174353 0,000022
creatures 0,235722 0,000030
credit 0,094311 0,000012
credulous 1,832581 0,000235
creeds 2,525729 0,000323
creep 0,820981 0,000105
creeper 2,525729 0,000323
creeping 0,634878 0,000081
crept 0,494296 0,000063
crew 0,755023 0,000097
crier 2,659260 0,000341
crime 0,314711 0,000040
criminal 0,693147 0,000089
criminals 1,386294 0,000178
cringing 2,120264 0,000272
cripple 1,560648 0,000200
crippled 1,469676 0,000188
cripples 2,407946 0,000308
crisp 1,309333 0,000168
criteria 2,995732 0,000384
critic 1,347074 0,000173
critical 0,235722 0,000030
criticism 0,867501 0,000111
critics 1,347074 0,000173
croak 2,302585 0,000295
croaked 2,302585 0,000295
croaking 1,832581 0,000235
crocodiles 2,659260 0,000341
crooked 0,755023 0,000097
crookedest 3,912023 0,000501
cross 0,139262 0,000018
crossed 0,301105 0,000039
crosses 1,021651 0,000131
crossing 0,462035 0,000059
crossroad 3,218876 0,000412
crow 1,272966 0,000163
crowd 0,198451 0,000025
crowded 0,301105 0,000039
crowding 1,108663 0,000142
crowing 2,120264 0,000272
crown 0,314711 0,000040
crowning 1,272966 0,000163
crowns 1,386294 0,000178
crows 1,609438 0,000206
crucifixion 2,207275 0,000283
crucifixions 3,218876 0,000412
crucify 2,813411 0,000360
cruel 0,261365 0,000033
cruellest 2,995732 0,000384
cruelly 0,820981 0,000105
cruelty 0,478036 0,000061
crumble 2,040221 0,000261
crunch 2,995732 0,000384
crunched 2,813411 0,000360
crusade 2,525729 0,000323
crush 0,967584 0,000124
crutch 2,207275 0,000283
crying 1,560648 0,000200
cudgel 2,207275 0,000283
culprits 2,207275 0,000283
cultivated 0,693147 0,000089
cultivators 2,525729 0,000323
culture 1,171183 0,000150
cultured 1,966113 0,000252
cunning 0,462035 0,000059
cunningly 1,560648 0,000200
cup 0,385662 0,000049
cupid 1,832581 0,000235
cupping 3,218876 0,000412
cure 0,430783 0,000055
curers 3,218876 0,000412
curiosity 0,223144 0,000029
curious 0,261365 0,000033
curiously 0,776529 0,000099
curled 0,941609 0,000121
curling 1,203973 0,000154
curly 1,171183 0,000150
current 0,127833 0,000016
curse 0,510826 0,000065
cursed 0,510826 0,000065
curses 0,867501 0,000111
curtain 0,616186 0,000079
curtained 1,832581 0,000235
curve 1,347074 0,000173
curved 1,171183 0,000150
custom 0,210721 0,000027
customs 0,713350 0,000091
cut 0,040822 0,000005
cutting 0,415515 0,000053
cyclone 3,218876 0,000412
cypresses 2,995732 0,000384
da 1,514128 0,000194
daily 0,248461 0,000032
dainties 1,832581 0,000235
dainty 0,798508 0,000102
dale 1,832581 0,000235
damage 0,261365 0,000033
damaged 0,356675 0,000046
damages 0,400478 0,000051
damaging 1,966113 0,000252
damp 0,415515 0,000053
damsels 2,207275 0,000283
dance 0,356675 0,000046
danced 0,653926 0,000084
dancer 1,897120 0,000243
dancers 1,514128 0,000194
dances 1,139434 0,000146
dancing 0,371064 0,000048
danger 0,116534 0,000015
dangerous 0,150823 0,000019
dangerously 1,560648 0,000200
dangers 0,597837 0,000077
dangled 2,207275 0,000283
daring 0,843970 0,000108
daringly 2,995732 0,000384
dark 0,051293 0,000007
darkened 0,755023 0,000097
darkening 1,514128 0,000194
darker 0,916291 0,000117
darkest 1,427116 0,000183
darkness 0,186330 0,000024
darwin 2,207275 0,000283
darwinian 3,506558 0,000449
das 2,407946 0,000308
data 0,494296 0,000063
daughters 0,510826 0,000065
david 0,597837 0,000077
dawn 0,478036 0,000061
dawned 1,049822 0,000134
dawning 1,469676 0,000188
dawns 2,207275 0,000283
day 0,000000 0,000000
daylight 0,446287 0,000057
days 0,020203 0,000003
dead 0,072571 0,000009
deadly 0,478036 0,000061
deaf 0,634878 0,000081
deafen 2,813411 0,000360
deafened 2,407946 0,000308
deal 0,105361 0,000013
dealing 0,616186 0,000079
dearest 1,560648 0,000200
dearly 0,776529 0,000099
death 0,020203 0,000003
debility 2,407946 0,000308
decadent 2,813411 0,000360
decadents 3,912023 0,000501
decamping 3,218876 0,000412
decay 0,634878 0,000081
decayed 1,203973 0,000154
decaying 1,469676 0,000188
deceit 1,021651 0,000131
deceitful 1,347074 0,000173
deceive 0,527633 0,000068
deceived 0,430783 0,000055
deceiver 2,120264 0,000272
deceivers 3,218876 0,000412
deceiving 1,203973 0,000154
december 0,562119 0,000072
deceptive 2,040221 0,000261
decide 0,274437 0,000035
decided 0,186330 0,000024
decisive 0,867501 0,000111
decked 1,427116 0,000183
declare 0,342490 0,000044
declared 0,210721 0,000027
declares 1,049822 0,000134
declaring 0,891598 0,000114
decline 0,673345 0,000086
declining 1,272966 0,000163
declivity 2,120264 0,000272
decoy 2,407946 0,000308
decoyed 2,525729 0,000323
decrepit 1,832581 0,000235
deductible 0,562119 0,000072
deed 0,478036 0,000061
deeds 0,527633 0,000068
deep 0,051293 0,000007
deepen 2,302585 0,000295
deeper 0,328504 0,000042
deepest 0,673345 0,000086
deeply 0,261365 0,000033
defame 2,995732 0,000384
defect 0,328504 0,000042
defective 0,356675 0,000046
defects 0,301105 0,000039
defend 0,400478 0,000051
defended 0,653926 0,000084
defending 1,049822 0,000134
defensive 1,560648 0,000200
defiance 0,713350 0,000091
defiant 1,469676 0,000188
defies 2,207275 0,000283
define 1,272966 0,000163
defines 2,525729 0,000323
defining 2,813411 0,000360
definite 0,755023 0,000097
definiteness 2,813411 0,000360
definition 1,272966 0,000163
degenerate 1,469676 0,000188
degenerates 2,302585 0,000295
degenerating 2,207275 0,000283
degeneration 2,995732 0,000384
degree 0,198451 0,000025
dehumanised 3,912023 0,000501
deified 2,659260 0,000341
deities 1,966113 0,000252
deity 1,237874 0,000159
dejection 1,386294 0,000178
del 1,832581 0,000235
delay 0,287682 0,000037
delectation 3,218876 0,000412
deletions 0,562119 0,000072
deliberately 0,693147 0,000089
delicacy 0,713350 0,000091
delicate 0,301105 0,000039
delight 0,162519 0,000021
delighted 0,287682 0,000037
delightful 0,478036 0,000061
delightfully 1,560648 0,000200
deliver 0,494296 0,000063
deliverance 0,941609 0,000121
delivered 0,342490 0,000044
deliverer 1,966113 0,000252
delusion 1,078810 0,000138
delusions 1,897120 0,000243
demagogues 2,525729 0,000323
demand 0,127833 0,000016
demanded 0,400478 0,000051
demi 2,040221 0,000261
democratic 1,897120 0,000243
democrats 2,813411 0,000360
demolisher 3,912023 0,000501
demoniacal 2,407946 0,000308
demonstrate 1,469676 0,000188
demonstration 1,386294 0,000178
den 0,843970 0,000108
denied 0,287682 0,000037
denounced 1,609438 0,000206
dense 0,776529 0,000099
denying 1,049822 0,000134
depart 0,400478 0,000051
departed 0,356675 0,000046
departing 1,108663 0,000142
department 0,941609 0,000121
departs 1,832581 0,000235
departure 0,430783 0,000055
dependent 0,843970 0,000108
depends 0,198451 0,000025
deplored 1,771957 0,000227
deposit 1,427116 0,000183
depressed 0,916291 0,000117
depressing 1,427116 0,000183
depriving 1,609438 0,000206
depth 0,494296 0,000063
depths 0,446287 0,000057
der 1,832581 0,000235
derided 2,120264 0,000272
derision 1,108663 0,000142
derisively 2,525729 0,000323
derivative 0,510826 0,000065
derivatives 3,506558 0,000449
derive 0,342490 0,000044
derived 0,248461 0,000032
des 1,427116 0,000183
descend 0,478036 0,000061
descending 0,579818 0,000074
descent 0,634878 0,000081
description 0,274437 0,000035
desert 0,430783 0,000055
deserted 0,385662 0,000049
deserts 1,171183 0,000150
deserve 0,430783 0,000055
desideratum 2,995732 0,000384
designate 1,897120 0,000243
designated 1,660731 0,000213
designates 2,659260 0,000341
designating 2,407946 0,000308
desirability 3,218876 0,000412
desirable 0,733969 0,000094
desire 0,072571 0,000009
desired 0,150823 0,000019
desires 0,478036 0,000061
desiring 0,916291 0,000117
desirous 0,634878 0,000081
desistance 3,912023 0,000501
despair 0,198451 0,000025
despaired 1,560648 0,000200
despairing 0,798508 0,000102
desperate 0,328504 0,000042
desperation 0,867501 0,000111
despicable 1,469676 0,000188
despise 0,693147 0,000089
despised 0,562119 0,000072
despiser 2,995732 0,000384
despisers 3,912023 0,000501
despises 1,832581 0,000235
despising 1,660731 0,000213
despond 2,525729 0,000323
dessert 1,514128 0,000194
destined 0,494296 0,000063
destiny 0,634878 0,000081
destitute 0,916291 0,000117
destroy 0,127833 0,000016
destroyed 0,274437 0,000035
destroyer 1,714798 0,000220
destroyers 2,302585 0,000295
destroying 0,776529 0,000099
destruction 0,342490 0,000044
detach 0,446287 0,000057
detailed 1,469676 0,000188
detected 0,776529 0,000099
deteriorated 2,659260 0,000341
determination 0,634878 0,000081
determine 0,210721 0,000027
determined 0,174353 0,000022
detest 1,347074 0,000173
detestation 1,771957 0,000227
detested 1,237874 0,000159
detriment 1,771957 0,000227
develop 1,237874 0,000159
developed 0,544727 0,000070
development 0,755023 0,000097
developments 2,040221 0,000261
develops 2,302585 0,000295
devil 0,356675 0,000046
devils 0,820981 0,000105
devise 1,427116 0,000183
devised 1,171183 0,000150
devisers 3,912023 0,000501
devoid 1,309333 0,000168
devote 0,755023 0,000097
devoted 0,301105 0,000039
devotee 2,407946 0,000308
devotees 2,525729 0,000323
devotion 0,510826 0,000065
devour 0,994252 0,000127
devoured 0,891598 0,000114
dew 0,867501 0,000111
dews 1,771957 0,000227
dexterous 1,660731 0,000213
diable 2,659260 0,000341
dialogue 1,203973 0,000154
diamond 0,941609 0,000121
dice 1,514128 0,000194
dictated 1,272966 0,000163
diction 2,302585 0,000295
dictum 2,659260 0,000341
dictums 3,912023 0,000501
didst 1,660731 0,000213
die 0,105361 0,000013
died 0,061875 0,000008
diener 3,912023 0,000501
difference 0,198451 0,000025
differences 0,820981 0,000105
differentiated 2,995732 0,000384
differentiation 2,995732 0,000384
difficult 0,116534 0,000015
difficulties 0,385662 0,000049
difficulty 0,139262 0,000018
diffused 1,469676 0,000188
dig 0,776529 0,000099
digest 1,660731 0,000213
digger 2,302585 0,000295
diggers 2,525729 0,000323
dignities 1,966113 0,000252
dignity 0,314711 0,000040
diligence 1,237874 0,000159
dim 0,415515 0,000053
dimness 2,120264 0,000272
din 1,203973 0,000154
dingy 1,347074 0,000173
dinner 0,198451 0,000025
dionysian 3,912023 0,000501
direct 0,083382 0,000011
directed 0,287682 0,000037
direction 0,083382 0,000011
directions 0,314711 0,000040
direst 2,525729 0,000323
dirt 0,544727 0,000070
dirtiest 2,995732 0,000384
dirty 0,544727 0,000070
disagreed 2,207275 0,000283
disagrees 3,506558 0,000449
disappear 0,891598 0,000114
disappeared 0,356675 0,000046
disappointment 0,462035 0,000059
disappointments 1,609438 0,000206
disapproval 1,966113 0,000252
disassociates 3,912023 0,000501
disavow 3,506558 0,000449
disavowed 3,506558 0,000449
discern 0,820981 0,000105
discerner 3,218876 0,000412
discerners 3,912023 0,000501
discerning 1,469676 0,000188
discernment 1,469676 0,000188
discharge 0,733969 0,000094
disciple 1,386294 0,000178
disciples 1,427116 0,000183
discipline 0,653926 0,000084
disclaim 0,510826 0,000065
disclaimer 0,562119 0,000072
disclaimers 0,562119 0,000072
disclaims 3,218876 0,000412
disclose 1,272966 0,000163
disclosed 0,867501 0,000111
discloses 2,525729 0,000323
disconcerted 1,386294 0,000178
discontinue 0,544727 0,000070
discord 1,203973 0,000154
discounted 3,218876 0,000412
discouraged 1,108663 0,000142
discouraging 1,714798 0,000220
discourse 0,597837 0,000077
discoursed 1,966113 0,000252
discourses 1,560648 0,000200
discourteous 2,659260 0,000341
discover 0,083382 0,000011
discovered 0,051293 0,000007
discoverer 2,040221 0,000261
discovering 0,733969 0,000094
discovery 0,371064 0,000048
discreet 0,843970 0,000108
discuss 0,673345 0,000086
discussed 0,820981 0,000105
disdain 0,867501 0,000111
disdainfully 1,897120 0,000243
disease 0,371064 0,000048
diseased 1,237874 0,000159
diseases 0,916291 0,000117
disenchanted 2,995732 0,000384
disfigure 2,302585 0,000295
disfigured 1,469676 0,000188
disguise 0,562119 0,000072
disguised 0,867501 0,000111
disgust 0,446287 0,000057
disgusted 0,820981 0,000105
disharmony 3,912023 0,000501
disheartening 2,207275 0,000283
dishevelled 2,207275 0,000283
dishonest 1,560648 0,000200
dishonestly 3,218876 0,000412
disk 0,446287 0,000057
dislike 0,616186 0,000079
disliked 1,049822 0,000134
dislocation 3,218876 0,000412
dismay 0,776529 0,000099
dismayed 1,272966 0,000163
dismiss 1,108663 0,000142
disorder 0,579818 0,000074
disorders 1,832581 0,000235
disown 2,207275 0,000283
disparaged 3,912023 0,000501
dispatch 1,347074 0,000173
dispensed 1,427116 0,000183
dispensing 2,040221 0,000261
dispersed 0,867501 0,000111
display 0,261365 0,000033
displayed 0,198451 0,000025
displaying 0,342490 0,000044
disposal 0,916291 0,000117
dispose 0,994252 0,000127
disposed 0,385662 0,000049
dispute 0,562119 0,000072
disquiet 1,560648 0,000200
disquieted 2,040221 0,000261
dissatisfied 1,021651 0,000131
dissemble 2,040221 0,000261
dissemblers 3,912023 0,000501
dissembling 2,302585 0,000295
dissentingly 3,912023 0,000501
dissimilar 1,832581 0,000235
dissipating 2,407946 0,000308
dissuaded 2,120264 0,000272
distance 0,105361 0,000013
distances 1,171183 0,000150
distant 0,162519 0,000021
distilled 2,302585 0,000295
distinct 0,301105 0,000039
distinction 0,446287 0,000057
distinctly 0,478036 0,000061
distinguish 0,356675 0,000046
distinguished 0,301105 0,000039
distinguishes 1,714798 0,000220
distorted 1,049822 0,000134
distress 0,274437 0,000035
distressed 0,673345 0,000086
distribute 0,400478 0,000051
distributed 0,248461 0,000032
distributing 0,446287 0,000057
distribution 0,430783 0,000055
distributor 0,562119 0,000072
distrust 0,891598 0,000114
distrustful 2,120264 0,000272
distrustfully 2,525729 0,000323
disturb 0,478036 0,000061
disturbed 0,356675 0,000046
dithyrambic 3,506558 0,000449
divers 1,203973 0,000154
diversion 1,078810 0,000138
divest 2,302585 0,000295
divinable 3,912023 0,000501
divine 0,430783 0,000055
divined 1,203973 0,000154
divinely 1,609438 0,000206
diviner 2,525729 0,000323
divining 2,302585 0,000295
divinity 0,941609 0,000121
divisions 1,237874 0,000159
divorce 1,714798 0,000220
dizzy 1,469676 0,000188
doctrine 0,733969 0,000094
doctrines 1,203973 0,000154
doer 1,897120 0,000243
doest 2,659260 0,000341
doeth 2,525729 0,000323
dog 0,261365 0,000033
doggish 3,506558 0,000449
dogma 2,120264 0,000272
dogmas 2,407946 0,000308
dogs 0,342490 0,000044
dolls 2,040221 0,000261
dolt 2,995732 0,000384
doltish 3,506558 0,000449
domain 0,328504 0,000042
domains 2,659260 0,000341
domestic 0,527633 0,000068
domination 2,040221 0,000261
dominion 0,994252 0,000127
donate 0,562119 0,000072
donation 0,494296 0,000063
donations 0,494296 0,000063
donkey 1,832581 0,000235
donkeyism 3,912023 0,000501
donors 0,527633 0,000068
doom 1,049822 0,000134
door 0,040822 0,000005
doors 0,105361 0,000013
doorways 1,832581 0,000235
dost 1,237874 0,000159
doth 1,049822 0,000134
double 0,186330 0,000024
doubt 0,040822 0,000005
doubted 0,478036 0,000061
doubter 3,506558 0,000449
doubtfully 1,660731 0,000213
doubting 1,049822 0,000134
doubtless 0,430783 0,000055
doubts 0,494296 0,000063
dough 1,897120 0,000243
dove 1,078810 0,000138
dovecote 3,506558 0,000449
doves 1,660731 0,000213
downhill 2,120264 0,000272
downloading 0,562119 0,000072
downpour 2,525729 0,000323
downward 0,798508 0,000102
dowry 1,714798 0,000220
drag 0,579818 0,000074
dragged 0,462035 0,000059
dragon 1,108663 0,000142
dragons 1,966113 0,000252
drama 1,203973 0,000154
draped 1,660731 0,000213
draught 0,579818 0,000074
draughts 1,469676 0,000188
draw 0,105361 0,000013
drawer 1,078810 0,000138
drawing 0,139262 0,000018
drawn 0,094311 0,000012
dreadful 0,342490 0,000044
dreading 1,347074 0,000173
dream 0,198451 0,000025
dreamed 0,562119 0,000072
dreamer 1,897120 0,000243
dreamily 1,897120 0,000243
dreams 0,274437 0,000035
dreamt 1,427116 0,000183
dreariest 3,506558 0,000449
dreary 0,713350 0,000091
dregs 1,714798 0,000220
drenched 1,309333 0,000168
dressed 0,261365 0,000033
drew 0,162519 0,000021
dried 0,462035 0,000059
drift 0,755023 0,000097
drifting 1,237874 0,000159
drink 0,150823 0,000019
drinker 2,407946 0,000308
drinkers 2,659260 0,000341
drinking 0,371064 0,000048
drip 1,966113 0,000252
dripped 2,302585 0,000295
dripping 0,891598 0,000114
drive 0,186330 0,000024
driven 0,127833 0,000016
drivers 1,514128 0,000194
droll 1,609438 0,000206
drop 0,150823 0,000019
dropped 0,274437 0,000035
droppings 2,995732 0,000384
drops 0,544727 0,000070
dropt 2,120264 0,000272
drove 0,248461 0,000032
drown 0,820981 0,000105
drowned 0,616186 0,000079
drowning 1,309333 0,000168
drowsily 2,120264 0,000272
drowsy 1,237874 0,000159
drug 1,514128 0,000194
drum 1,203973 0,000154
drummer 2,407946 0,000308
drums 1,514128 0,000194
drunk 0,415515 0,000053
drunkard 1,237874 0,000159
drunken 0,820981 0,000105
drunkenness 1,237874 0,000159
dry 0,127833 0,000016
dull 0,174353 0,000022
dulled 2,407946 0,000308
dumb 0,562119 0,000072
dupe 2,040221 0,000261
dusky 1,021651 0,000131
dust 0,174353 0,000022
dusty 0,967584 0,000124
duty 0,083382 0,000011
dwarf 1,469676 0,000188
dwarfs 1,966113 0,000252
dwell 0,478036 0,000061
dweller 2,302585 0,000295
dwellers 1,469676 0,000188
dwelt 0,713350 0,000091
dying 0,261365 0,000033
dynasty 2,407946 0,000308
dyspeptic 2,659260 0,000341
eager 0,210721 0,000027
eagerer 3,912023 0,000501
eagerly 0,385662 0,000049
eagerness 0,544727 0,000070
eagle 0,891598 0,000114
eaglelike 3,912023 0,000501
eagles 1,469676 0,000188
ear 0,139262 0,000018
eared 2,120264 0,000272
earned 0,693147 0,000089
earnest 0,261365 0,000033
earnestly 0,415515 0,000053
earnestness 0,867501 0,000111
earning 1,609438 0,000206
ears 0,105361 0,000013
earth 0,051293 0,000007
earthliest 3,912023 0,000501
earthly 0,673345 0,000086
earthquake 1,139434 0,000146
earthward 3,218876 0,000412
ease 0,162519 0,000021
easier 0,385662 0,000049
easily 0,072571 0,000009
easy 0,040822 0,000005
eat 0,083382 0,000011
eater 1,897120 0,000243
eaters 2,040221 0,000261
eating 0,235722 0,000030
ebb 1,469676 0,000188
ecce 2,813411 0,000360
eccentric 0,916291 0,000117
echo 0,713350 0,000091
echoed 0,798508 0,000102
echoing 1,660731 0,000213
economists 2,995732 0,000384
economy 0,820981 0,000105
ecstasy 0,867501 0,000111
ecstatic 1,347074 0,000173
eddy 1,966113 0,000252
edge 0,210721 0,000027
edified 2,995732 0,000384
edition 0,287682 0,000037
editions 0,385662 0,000049
editor 1,108663 0,000142
educational 0,446287 0,000057
educator 2,813411 0,000360
effaced 1,514128 0,000194
effeminate 1,714798 0,000220
efficient 1,309333 0,000168
effort 0,094311 0,000012
efforts 0,139262 0,000018
egg 1,108663 0,000142
eggs 0,776529 0,000099
ego 1,771957 0,000227
egregious 3,218876 0,000412
elaborate 0,891598 0,000114
elderly 0,843970 0,000108
elect 0,328504 0,000042
electronic 0,544727 0,000070
electronically 0,544727 0,000070
elegant 0,634878 0,000081
element 0,510826 0,000065
elephant 1,237874 0,000159
elevate 1,469676 0,000188
elevated 0,891598 0,000114
elevates 2,659260 0,000341
elevating 1,897120 0,000243
elevation 0,843970 0,000108
elevations 2,659260 0,000341
elizabeth 1,514128 0,000194
eloquence 0,776529 0,000099
eloquent 0,820981 0,000105
eloquently 1,897120 0,000243
elucidate 2,407946 0,000308
elucidated 2,995732 0,000384
elude 1,469676 0,000188
email 0,562119 0,000072
emanate 2,525729 0,000323
emancipated 2,525729 0,000323
emancipation 1,771957 0,000227
emancipator 3,912023 0,000501
emasculated 3,218876 0,000412
embark 1,560648 0,000200
embarked 1,469676 0,000188
embarrassment 1,049822 0,000134
embittered 1,897120 0,000243
embodied 1,660731 0,000213
embodiment 1,897120 0,000243
embrace 0,462035 0,000059
embraces 1,049822 0,000134
embracing 0,867501 0,000111
emerald 1,386294 0,000178
emerge 1,386294 0,000178
eminence 1,272966 0,000163
emotional 1,171183 0,000150
emotionalism 3,506558 0,000449
emotions 0,755023 0,000097
emperor 0,994252 0,000127
emphasis 0,891598 0,000114
emphatically 1,203973 0,000154
empire 0,653926 0,000084
empires 1,832581 0,000235
employee 0,527633 0,000068
employees 0,544727 0,000070
en 0,994252 0,000127
enabled 0,430783 0,000055
enables 1,237874 0,000159
enamoured 2,120264 0,000272
encaged 3,912023 0,000501
enchained 2,659260 0,000341
enchanted 1,078810 0,000138
enchanter 2,120264 0,000272
encircled 1,427116 0,000183
encircling 1,966113 0,000252
encoding 0,653926 0,000084
encourage 0,544727 0,000070
encouraged 0,527633 0,000068
endless 0,478036 0,000061
endorsed 2,525729 0,000323
endow 1,966113 0,000252
endowing 3,218876 0,000412
endurable 2,407946 0,000308
endure 0,342490 0,000044
endured 0,673345 0,000086
endurer 3,912023 0,000501
enduring 0,994252 0,000127
enemies 0,314711 0,000040
enemy 0,174353 0,000022
energies 1,108663 0,000142
energy 0,415515 0,000053
engaged 0,198451 0,000025
england 0,385662 0,000049
english 0,094311 0,000012
engrossed 1,609438 0,000206
enhance 1,771957 0,000227
enigma 1,897120 0,000243
enigmas 2,407946 0,000308
enjoin 1,966113 0,000252
enjoined 1,609438 0,000206
enjoy 0,150823 0,000019
enjoyed 0,415515 0,000053
enjoyer 3,912023 0,000501
enjoyers 3,912023 0,000501
enjoying 0,579818 0,000074
enjoyment 0,634878 0,000081
enlaced 3,912023 0,000501
enlighten 1,203973 0,000154
enlightened 0,820981 0,000105
enlinked 3,912023 0,000501
enmity 1,237874 0,000159
enormous 0,430783 0,000055
enraged 1,021651 0,000131
enraptured 2,407946 0,000308
ensuring 0,544727 0,000070
enter 0,094311 0,000012
entered 0,051293 0,000007
entertain 0,597837 0,000077
entertainment 0,820981 0,000105
entertainments 1,832581 0,000235
enthusiasm 0,653926 0,000084
enthusiastic 1,021651 0,000131
entice 2,120264 0,000272
enticed 1,714798 0,000220
entire 0,274437 0,000035
entitled 0,733969 0,000094
entity 0,544727 0,000070
entrails 1,514128 0,000194
entrance 0,210721 0,000027
entreatingly 3,218876 0,000412
enunciated 2,525729 0,000323
envied 1,021651 0,000131
enviers 3,506558 0,000449
envious 1,309333 0,000168
enviously 2,813411 0,000360
environed 2,525729 0,000323
environment 1,514128 0,000194
envy 0,527633 0,000068
envying 1,897120 0,000243
epitome 2,120264 0,000272
equal 0,174353 0,000022
equality 0,967584 0,000124
equally 0,223144 0,000029
equals 1,049822 0,000134
equanimity 1,660731 0,000213
equipment 0,430783 0,000055
equivocal 2,207275 0,000283
equivocalness 3,912023 0,000501
eras 2,525729 0,000323
ere 0,634878 0,000081
errand 0,820981 0,000105
erratically 3,506558 0,000449
erred 1,560648 0,000200
erring 1,714798 0,000220
error 0,371064 0,000048
errors 0,248461 0,000032
escape 0,094311 0,000012
escaped 0,235722 0,000030
esoteric 2,659260 0,000341
essay 1,078810 0,000138
essential 0,597837 0,000077
essentially 1,347074 0,000173
establish 0,713350 0,000091
established 0,301105 0,000039
estate 0,510826 0,000065
esteem 0,494296 0,000063
esteeming 2,207275 0,000283
estimable 1,560648 0,000200
estimate 0,867501 0,000111
estimated 1,272966 0,000163
estimates 2,120264 0,000272
eternal 0,415515 0,000053
eternally 1,347074 0,000173
eternities 2,995732 0,000384
eternity 0,693147 0,000089
ether 1,832581 0,000235
ethics 1,560648 0,000200
eulogies 2,995732 0,000384
euphemism 3,506558 0,000449
europe 0,510826 0,000065
european 0,867501 0,000111
evaded 1,560648 0,000200
evades 3,218876 0,000412
eve 0,673345 0,000086
evening 0,083382 0,000011
evenings 0,798508 0,000102
event 0,342490 0,000044
eventide 2,120264 0,000272
events 0,223144 0,000029
evergreen 1,966113 0,000252
everlasting 0,891598 0,000114
everyday 1,272966 0,000163
evidence 0,261365 0,000033
evidently 0,371064 0,000048
evil 0,162519 0,000021
eviler 3,912023 0,000501
evilest 3,912023 0,000501
evilly 2,995732 0,000384
evils 0,798508 0,000102
evolution 1,386294 0,000178
evolutionist 3,912023 0,000501
evolutionists 3,912023 0,000501
evolutions 2,207275 0,000283
evolved 2,302585 0,000295
evolving 3,506558 0,000449
exacted 1,514128 0,000194
exaggerates 2,525729 0,000323
exalt 1,714798 0,000220
exaltation 1,714798 0,000220
exalted 0,673345 0,000086
examined 0,356675 0,000046
examining 0,446287 0,000057
exasperated 1,386294 0,000178
excavated 3,218876 0,000412
exceed 0,967584 0,000124
exceedingly 0,462035 0,000059
excellence 1,049822 0,000134
excellencies 2,207275 0,000283
excellent 0,150823 0,000019
exception 0,544727 0,000070
exceptional 1,386294 0,000178
exceptionally 1,897120 0,000243
excessive 0,597837 0,000077
excite 0,843970 0,000108
excited 0,248461 0,000032
exclaimed 0,494296 0,000063
exclusion 0,371064 0,000048
exclusive 1,203973 0,000154
excuse 0,174353 0,000022
execrable 2,302585 0,000295
execute 0,941609 0,000121
executioner 1,560648 0,000200
exempt 0,371064 0,000048
exercise 0,287682 0,000037
exercising 1,514128 0,000194
exert 1,237874 0,000159
exerted 1,203973 0,000154
exhale 2,302585 0,000295
exhausted 0,400478 0,000051
exhaustive 2,813411 0,000360
exhaustively 3,506558 0,000449
exhibit 0,967584 0,000124
exhilarating 2,120264 0,000272
exhortation 1,714798 0,000220
exhorts 2,813411 0,000360
exiled 1,469676 0,000188
exiles 1,609438 0,000206
exist 0,342490 0,000044
existed 0,510826 0,000065
existence 0,162519 0,000021
existing 0,891598 0,000114
exists 0,235722 0,000030
exit 1,347074 0,000173
expand 1,771957 0,000227
expectation 0,462035 0,000059
expectations 0,916291 0,000117
expected 0,105361 0,000013
expects 1,021651 0,000131
expedient 0,967584 0,000124
expedients 1,897120 0,000243
expend 0,462035 0,000059
expense 0,150823 0,000019
expenses 0,210721 0,000027
experience 0,083382 0,000011
experienced 0,356675 0,000046
experiences 0,755023 0,000097
experiencing 1,966113 0,000252
experiment 0,733969 0,000094
experimental 1,560648 0,000200
expert 1,078810 0,000138
explained 0,248461 0,000032
explains 1,203973 0,000154
explanation 0,139262 0,000018
exploit 1,237874 0,000159
exploitation 2,813411 0,000360
exploited 2,659260 0,000341
exploiting 2,659260 0,000341
exploring 1,386294 0,000178
exporting 0,510826 0,000065
exposed 0,301105 0,000039
exposition 1,714798 0,000220
expounded 2,040221 0,000261
express 0,127833 0,000016
expressed 0,274437 0,000035
expression 0,127833 0,000016
expressive 0,733969 0,000094
extended 0,446287 0,000057
extensive 0,798508 0,000102
extent 0,083382 0,000011
exterior 1,272966 0,000163
external 0,562119 0,000072
extinguishing 2,207275 0,000283
extol 2,207275 0,000283
extolled 2,407946 0,000308
extra 0,843970 0,000108
extract 1,078810 0,000138
extraneous 2,040221 0,000261
extraordinary 0,371064 0,000048
extreme 0,235722 0,000030
extremely 0,385662 0,000049
extremes 1,171183 0,000150
exuberance 1,832581 0,000235
exuberant 1,966113 0,000252
exulted 2,302585 0,000295
exulting 1,771957 0,000227
eye 0,030459 0,000004
eyed 0,597837 0,000077
eyes 0,010050 0,000001
fabricate 3,218876 0,000412
fabricated 2,813411 0,000360
fabulous 1,237874 0,000159
faced 0,820981 0,000105
facets 3,218876 0,000412
facility 0,356675 0,000046
factor 1,469676 0,000188
factors 1,771957 0,000227
faculties 0,693147 0,000089
faculty 0,755023 0,000097
faded 0,653926 0,000084
fagot 3,218876 0,000412
fail 0,235722 0,000030
failed 0,198451 0,000025
failing 0,562119 0,000072
fails 0,891598 0,000114
failure 0,446287 0,000057
failures 1,514128 0,000194
fain 0,967584 0,000124
faint 0,261365 0,000033
fainting 0,776529 0,000099
fair 0,051293 0,000007
fairer 1,272966 0,000163
fairest 1,272966 0,000163
fait 2,407946 0,000308
faith 0,210721 0,000027
faithful 0,261365 0,000033
faithfulness 2,040221 0,000261
faithlessness 2,659260 0,000341
falcon 1,966113 0,000252
fall 0,020203 0,000003
fallen 0,083382 0,000011
falling 0,083382 0,000011
falls 0,328504 0,000042
false 0,210721 0,000027
falsehood 0,733969 0,000094
falsehoods 2,120264 0,000272
falseness 2,659260 0,000341
falsest 3,218876 0,000412
falsified 2,407946 0,000308
faltered 1,347074 0,000173
fame 0,478036 0,000061
famed 2,040221 0,000261
familiar 0,150823 0,000019
familiarity 0,891598 0,000114
familiarly 1,272966 0,000163
family 0,072571 0,000009
famished 1,272966 0,000163
famous 0,261365 0,000033
fan 0,916291 0,000117
fanatical 2,207275 0,000283
fancied 0,579818 0,000074
fancies 0,733969 0,000094
fanciful 1,272966 0,000163
fancy 0,198451 0,000025
fare 0,733969 0,000094
farewell 0,673345 0,000086
farm 0,798508 0,000102
fashion 0,174353 0,000022
fast 0,061875 0,000008
faster 0,562119 0,000072
fastest 2,040221 0,000261
fastidious 1,514128 0,000194
fat 0,314711 0,000040
fatal 0,342490 0,000044
fatally 1,714798 0,000220
fate 0,174353 0,000022
fateful 1,832581 0,000235
fates 1,609438 0,000206
father 0,072571 0,000009
fatherland 1,966113 0,000252
fatherlands 3,506558 0,000449
fathers 0,478036 0,000061
fathom 1,427116 0,000183
fathomless 2,813411 0,000360
fatigue 0,616186 0,000079
fatigued 1,203973 0,000154
fatten 1,966113 0,000252
fatter 2,659260 0,000341
fatuous 2,995732 0,000384
fault 0,162519 0,000021
faults 0,693147 0,000089
favour 0,579818 0,000074
favourable 0,776529 0,000099
favourably 1,771957 0,000227
favourite 0,653926 0,000084
fawningly 3,506558 0,000449
fear 0,020203 0,000003
feared 0,235722 0,000030
fearful 0,400478 0,000051
fearfully 1,049822 0,000134
fearless 1,309333 0,000168
fears 0,274437 0,000035
feast 0,544727 0,000070
feasted 1,660731 0,000213
feather 0,820981 0,000105
feature 0,562119 0,000072
features 0,328504 0,000042
february 0,820981 0,000105
federal 0,527633 0,000068
fee 0,342490 0,000044
feeble 0,371064 0,000048
feebleness 1,832581 0,000235
feed 0,462035 0,000059
feel 0,020203 0,000003
feeling 0,105361 0,000013
feelings 0,314711 0,000040
feels 0,446287 0,000057
fees 0,415515 0,000053
feet 0,061875 0,000008
feign 1,714798 0,000220
felicities 2,813411 0,000360
felix 2,207275 0,000283
fell 0,051293 0,000007
fellers 2,813411 0,000360
fellow 0,051293 0,000007
fellowmen 3,506558 0,000449
fellows 0,287682 0,000037
female 0,385662 0,000049
females 1,309333 0,000168
feminine 1,049822 0,000134
feminise 3,912023 0,000501
fens 2,813411 0,000360
fertile 1,021651 0,000131
fervent 1,021651 0,000131
fervid 2,659260 0,000341
fervour 1,609438 0,000206
festa 3,912023 0,000501
festival 1,139434 0,000146
festivals 1,832581 0,000235
fetch 0,616186 0,000079
fetched 0,941609 0,000121
fetter 2,120264 0,000272
fetters 1,309333 0,000168
feuds 2,407946 0,000308
fever 0,371064 0,000048
feverish 0,843970 0,000108
fevers 2,040221 0,000261
fickly 3,912023 0,000501
fiction 0,891598 0,000114
fidelity 0,967584 0,000124
fidgeting 2,525729 0,000323
fie 2,040221 0,000261
field 0,150823 0,000019
fields 0,287682 0,000037
fiend 1,171183 0,000150
fierce 0,478036 0,000061
fifteenth 1,237874 0,000159
fig 1,347074 0,000173
fight 0,162519 0,000021
fighter 2,040221 0,000261
fighters 2,207275 0,000283
fighting 0,342490 0,000044
fights 0,916291 0,000117
figs 1,832581 0,000235
figure 0,072571 0,000009
figures 0,248461 0,000032
filched 2,995732 0,000384
file 0,235722 0,000030
files 0,478036 0,000061
film 1,714798 0,000220
filth 1,139434 0,000146
filthier 3,506558 0,000449
filthy 1,078810 0,000138
final 0,342490 0,000044
finally 0,150823 0,000019
financial 0,415515 0,000053
fine 0,072571 0,000009
finer 1,021651 0,000131
finest 0,494296 0,000063
finger 0,261365 0,000033
fingers 0,235722 0,000030
finished 0,162519 0,000021
finite 2,207275 0,000283
fino 3,912023 0,000501
fireside 1,714798 0,000220
fireworks 2,407946 0,000308
firm 0,274437 0,000035
firmament 1,660731 0,000213
firmly 0,342490 0,000044
firmness 0,994252 0,000127
firstling 2,813411 0,000360
firstlings 2,659260 0,000341
firstly 1,897120 0,000243
fish 0,314711 0,000040
fisher 1,897120 0,000243
fisherman 1,427116 0,000183
fishermen 1,347074 0,000173
fishers 2,207275 0,000283
fishes 0,967584 0,000124
fishing 0,755023 0,000097
fishlike 3,506558 0,000449
fists 1,108663 0,000142
fit 0,061875 0,000008
fitness 0,446287 0,000057
fitting 0,510826 0,000065
fixed 1,272966 0,000163
fixedly 1,427116 0,000183
flame 0,400478 0,000051
flames 0,616186 0,000079
flaming 0,820981 0,000105
flamingo 2,813411 0,000360
flamingoes 3,218876 0,000412
flap 1,560648 0,000200
flapping 1,309333 0,000168
flash 0,510826 0,000065
flashed 0,693147 0,000089
flashes 1,078810 0,000138
flashing 0,820981 0,000105
flat 0,248461 0,000032
flatter 0,713350 0,000091
flattered 0,843970 0,000108
flatterer 2,525729 0,000323
flatterers 1,897120 0,000243
flatteries 2,207275 0,000283
flattering 0,798508 0,000102
flatteringly 3,218876 0,000412
flattery 0,891598 0,000114
flatulent 3,912023 0,000501
flavour 1,514128 0,000194
flaxen 1,660731 0,000213
flea 2,302585 0,000295
fled 0,371064 0,000048
flee 1,171183 0,000150
fleeing 1,660731 0,000213
flees 2,525729 0,000323
fleetest 2,813411 0,000360
fleeting 1,171183 0,000150
flesh 0,210721 0,000027
fleshly 2,040221 0,000261
flew 0,314711 0,000040
flexible 1,714798 0,000220
flicker 1,660731 0,000213
flickering 1,108663 0,000142
flies 0,579818 0,000074
flight 0,314711 0,000040
flights 1,237874 0,000159
flippant 2,525729 0,000323
flit 1,832581 0,000235
floated 0,798508 0,000102
flock 0,653926 0,000084
flocked 1,469676 0,000188
flocks 1,108663 0,000142
flood 0,544727 0,000070
flooded 1,427116 0,000183
floor 0,186330 0,000024
flour 1,078810 0,000138
flow 0,462035 0,000059
flowed 0,776529 0,000099
flowers 0,274437 0,000035
flowing 0,527633 0,000068
flown 1,237874 0,000159
flows 0,941609 0,000121
fluid 1,272966 0,000163
flute 1,714798 0,000220
flutes 1,966113 0,000252
flutter 1,171183 0,000150
fluttered 0,967584 0,000124
fluttering 0,994252 0,000127
flux 2,302585 0,000295
fly 0,210721 0,000027
flying 0,235722 0,000030
foam 0,967584 0,000124
foaming 1,386294 0,000178
foddered 3,912023 0,000501
foe 0,776529 0,000099
foes 1,139434 0,000146
foiled 2,207275 0,000283
fold 1,021651 0,000131
folded 0,544727 0,000070
folds 0,755023 0,000097
follies 1,514128 0,000194
follow 0,020203 0,000003
follower 1,660731 0,000213
followers 0,755023 0,000097
followeth 2,525729 0,000323
folly 0,301105 0,000039
fond 0,287682 0,000037
fondest 2,040221 0,000261
font 2,040221 0,000261
food 0,127833 0,000016
fool 0,314711 0,000040
foolish 0,235722 0,000030
foolisher 3,506558 0,000449
foolishest 3,218876 0,000412
foolishly 1,139434 0,000146
foolishness 1,514128 0,000194
fools 0,616186 0,000079
foot 0,083382 0,000011
footed 1,049822 0,000134
footing 0,820981 0,000105
footpath 1,897120 0,000243
footpaths 3,506558 0,000449
footstep 1,514128 0,000194
footsteps 0,478036 0,000061
foraged 3,218876 0,000412
forbearing 2,302585 0,000295
forbid 0,579818 0,000074
forbidden 0,544727 0,000070
force 0,061875 0,000008
forced 0,139262 0,000018
forces 0,462035 0,000059
foreboding 1,832581 0,000235
forefather 3,218876 0,000412
forefathers 1,660731 0,000213
forego 1,660731 0,000213
foreground 1,660731 0,000213
foreign 0,301105 0,000039
forelock 2,120264 0,000272
foremost 0,673345 0,000086
forenoon 1,347074 0,000173
forerunner 2,659260 0,000341
forerunners 2,659260 0,000341
foreseeing 1,714798 0,000220
foresight 1,139434 0,000146
forest 0,430783 0,000055
forests 0,891598 0,000114
foretaste 1,714798 0,000220
foretell 2,207275 0,000283
foretold 1,347074 0,000173
forget 0,072571 0,000009
forgetful 1,347074 0,000173
forgetfulness 0,916291 0,000117
forgetting 0,597837 0,000077
forgive 0,356675 0,000046
forgiven 0,941609 0,000121
forgiveness 0,916291 0,000117
forgot 0,261365 0,000033
forgotten 0,162519 0,000021
form 0,040822 0,000005
format 0,562119 0,000072
formative 2,995732 0,000384
formats 0,562119 0,000072
formed 0,210721 0,000027
formidable 0,673345 0,000086
forms 0,248461 0,000032
formula 1,514128 0,000194
formulae 3,218876 0,000412
forsake 1,427116 0,000183
forsaken 1,171183 0,000150
forsakenness 3,912023 0,000501
forsooth 1,832581 0,000235
forthwith 1,108663 0,000142
fortress 1,049822 0,000134
fortunate 0,415515 0,000053
fortunately 0,579818 0,000074
fortune 0,186330 0,000024
foster 1,171183 0,000150
fostered 2,040221 0,000261
fought 0,371064 0,000048
foul 0,634878 0,000081
foundation 0,174353 0,000022
foundering 2,659260 0,000341
fountain 0,713350 0,000091
fountains 1,427116 0,000183
fourteenth 1,347074 0,000173
fourth 0,186330 0,000024
foxes 1,832581 0,000235
fragile 1,714798 0,000220
fragment 1,108663 0,000142
fragments 0,891598 0,000114
fragrance 1,171183 0,000150
frame 0,235722 0,000030
framed 0,916291 0,000117
france 0,544727 0,000070
frantic 0,820981 0,000105
frantically 1,386294 0,000178
frau 3,218876 0,000412
fray 1,427116 0,000183
frederick 1,272966 0,000163
freed 2,995732 0,000384
freedman 2,525729 0,000323
freedom 0,223144 0,000029
freely 0,105361 0,000013
freeze 1,560648 0,000200
freezing 1,347074 0,000173
french 0,342490 0,000044
frenzy 0,867501 0,000111
frequent 0,342490 0,000044
frequently 0,287682 0,000037
fresh 0,105361 0,000013
fretful 2,207275 0,000283
fretted 1,272966 0,000163
fretting 1,427116 0,000183
friend 0,040822 0,000005
friendly 0,261365 0,000033
friends 0,020203 0,000003
friendship 0,287682 0,000037
friendships 1,514128 0,000194
fright 0,653926 0,000084
frighten 0,798508 0,000102
frightened 0,301105 0,000039
frightening 1,514128 0,000194
frightful 0,776529 0,000099
frightfully 1,560648 0,000200
frisk 3,506558 0,000449
frivolous 1,386294 0,000178
fro 0,494296 0,000063
frog 1,609438 0,000206
frogs 1,514128 0,000194
frost 0,755023 0,000097
frothily 3,912023 0,000501
frothy 2,813411 0,000360
frowning 1,108663 0,000142
frozen 0,733969 0,000094
fruit 0,274437 0,000035
fruits 0,446287 0,000057
fuel 1,108663 0,000142
fugitive 1,347074 0,000173
fugitives 1,386294 0,000178
fulfilled 0,673345 0,000086
fulfiller 3,218876 0,000412
fulness 1,386294 0,000178
fulsome 2,813411 0,000360
fume 2,207275 0,000283
fumes 1,108663 0,000142
fun 0,798508 0,000102
function 1,347074 0,000173
functionaries 2,525729 0,000323
functions 0,994252 0,000127
fundamental 1,237874 0,000159
fundamentally 2,813411 0,000360
furbished 3,218876 0,000412
furious 0,430783 0,000055
furnace 1,021651 0,000131
furtively 1,897120 0,000243
fury 0,328504 0,000042
future 0,105361 0,000013
futures 2,813411 0,000360
gadfly 3,218876 0,000412
gaily 1,078810 0,000138
gain 0,174353 0,000022
gainst 2,302585 0,000295
game 0,248461 0,000032
games 0,693147 0,000089
gangways 3,506558 0,000449
gap 0,994252 0,000127
gape 1,966113 0,000252
garb 1,272966 0,000163
garble 3,506558 0,000449
garden 0,198451 0,000025
gardens 0,510826 0,000065
gargling 3,506558 0,000449
garland 1,660731 0,000213
garment 0,755023 0,000097
gast 3,912023 0,000501
gate 0,287682 0,000037
gates 0,446287 0,000057
gateway 1,309333 0,000168
gathered 0,150823 0,000019
gatherers 3,218876 0,000412
gaudily 3,506558 0,000449
gaudy 1,386294 0,000178
gay 0,494296 0,000063
gaze 0,544727 0,000070
gazed 0,597837 0,000077
gazing 0,597837 0,000077
gear 1,832581 0,000235
geese 1,309333 0,000168
genealogy 1,897120 0,000243
genera 2,525729 0,000323
generation 0,510826 0,000065
generations 0,198451 0,000025
generous 0,356675 0,000046
genesis 1,427116 0,000183
genius 0,400478 0,000051
genoa 1,966113 0,000252
gentle 0,274437 0,000035
gentleman 0,301105 0,000039
gentler 1,714798 0,000220
gentlest 1,714798 0,000220
gently 0,235722 0,000030
genuine 0,597837 0,000077
george 0,616186 0,000079
germ 1,609438 0,000206
german 0,510826 0,000065
germans 1,108663 0,000142
germany 1,049822 0,000134
gestures 0,891598 0,000114
ghastly 0,867501 0,000111
ghost 0,544727 0,000070
ghosts 1,078810 0,000138
giant 0,634878 0,000081
giants 1,049822 0,000134
giddiness 2,207275 0,000283
giddy 1,139434 0,000146
gift 0,261365 0,000033
gifted 1,049822 0,000134
gifts 0,527633 0,000068
gild 2,302585 0,000295
gilded 1,171183 0,000150
girded 1,897120 0,000243
girdle 1,272966 0,000163
girdles 2,120264 0,000272
girl 0,235722 0,000030
girls 0,400478 0,000051
giver 1,609438 0,000206
giveth 2,302585 0,000295
glacial 3,218876 0,000412
glad 0,072571 0,000009
gladiators 2,525729 0,000323
gladly 0,544727 0,000070
gladness 1,049822 0,000134
glance 0,248461 0,000032
glances 0,798508 0,000102
glass 0,186330 0,000024
glasses 0,713350 0,000091
gleam 0,693147 0,000089
gleams 1,714798 0,000220
glitter 1,386294 0,000178
glittering 0,798508 0,000102
globe 0,891598 0,000114
gloom 0,579818 0,000074
gloomiest 2,813411 0,000360
gloomily 1,386294 0,000178
gloomy 0,478036 0,000061
glories 1,386294 0,000178
glorification 2,813411 0,000360
glorify 2,207275 0,000283
glorifying 2,659260 0,000341
glorious 0,462035 0,000059
glory 0,342490 0,000044
glossed 3,218876 0,000412
gloves 0,693147 0,000089
glow 0,527633 0,000068
glowed 1,108663 0,000142
glowing 0,510826 0,000065
glows 1,897120 0,000243
glued 1,966113 0,000252
glutton 2,040221 0,000261
gnarled 1,560648 0,000200
gnashing 1,897120 0,000243
gnat 2,995732 0,000384
gnats 2,302585 0,000295
gnawed 1,514128 0,000194
gnawing 1,386294 0,000178
goad 2,207275 0,000283
goal 0,867501 0,000111
goals 0,544727 0,000070
goat 1,021651 0,000131
goatherds 3,912023 0,000501
goats 1,347074 0,000173
goblet 1,966113 0,000252
goblets 2,525729 0,000323
goblins 2,302585 0,000295
god 0,094311 0,000012
godless 1,966113 0,000252
godlessness 3,912023 0,000501
godlike 1,771957 0,000227
godly 2,207275 0,000283
gods 0,653926 0,000084
goer 3,506558 0,000449
goers 2,995732 0,000384
gold 0,083382 0,000011
golden 0,342490 0,000044
goldlike 3,912023 0,000501
goodly 1,272966 0,000163
goodness 0,328504 0,000042
goose 0,941609 0,000121
gorges 2,525729 0,000323
gospel 1,021651 0,000131
gospels 2,407946 0,000308
govern 0,342490 0,000044
government 0,494296 0,000063
grace 0,235722 0,000030
graceful 0,494296 0,000063
gracefulness 2,407946 0,000308
gracious 0,544727 0,000070
graciousness 2,813411 0,000360
gradations 1,714798 0,000220
grades 1,897120 0,000243
gradually 0,328504 0,000042
graffiti 3,912023 0,000501
grain 0,597837 0,000077
grains 1,609438 0,000206
grand 0,342490 0,000044
grandest 2,407946 0,000308
grandfather 0,776529 0,000099
grandmother 1,514128 0,000194
grandmothers 2,207275 0,000283
granted 0,150823 0,000019
granting 1,203973 0,000154
grape 1,272966 0,000163
grapes 1,237874 0,000159
grasp 0,385662 0,000049
grasped 0,755023 0,000097
grasping 0,891598 0,000114
grass 0,314711 0,000040
grate 1,171183 0,000150
grateful 0,446287 0,000057
gratefully 0,415515 0,000053
gratify 1,078810 0,000138
gratitude 0,478036 0,000061
gratuitously 2,813411 0,000360
grave 0,127833 0,000016
graves 0,994252 0,000127
gravity 0,713350 0,000091
greatly 0,210721 0,000027
greatness 0,693147 0,000089
greed 1,609438 0,000206
greedily 1,078810 0,000138
greek 0,544727 0,000070
greeks 0,994252 0,000127
green 0,105361 0,000013
greenest 2,659260 0,000341
greet 0,994252 0,000127
greeting 0,798508 0,000102
gregariousness 3,506558 0,000449
grew 0,139262 0,000018
grey 0,562119 0,000072
grief 0,356675 0,000046
grieved 0,916291 0,000117
grievous 0,967584 0,000124
grim 0,776529 0,000099
grimace 1,714798 0,000220
grind 1,272966 0,000163
grinning 1,049822 0,000134
grip 0,916291 0,000117
grips 2,525729 0,000323
grope 1,832581 0,000235
groped 1,609438 0,000206
groping 1,049822 0,000134
gross 0,235722 0,000030
ground 0,030459 0,000004
groundlings 3,912023 0,000501
grounds 0,446287 0,000057
grovelling 1,771957 0,000227
groves 1,272966 0,000163
grow 0,139262 0,000018
growing 0,174353 0,000022
growl 1,309333 0,000168
growled 1,203973 0,000154
growling 1,427116 0,000183
grown 0,116534 0,000015
growth 0,462035 0,000059
growths 2,207275 0,000283
grub 1,966113 0,000252
grubbed 3,912023 0,000501
grudge 1,171183 0,000150
gruesomeness 3,912023 0,000501
grumble 1,714798 0,000220
grumblingly 2,813411 0,000360
grunt 2,040221 0,000261
grunting 2,207275 0,000283
guard 0,174353 0,000022
guardian 0,693147 0,000089
guardians 1,427116 0,000183
guess 0,314711 0,000040
guessed 0,616186 0,000079
guest 0,527633 0,000068
guests 0,446287 0,000057
guide 0,261365 0,000033
guides 1,108663 0,000142
guile 1,514128 0,000194
guileful 2,659260 0,000341
guilt 0,544727 0,000070
guilty 0,356675 0,000046
guises 3,912023 0,000501
gulf 0,755023 0,000097
gurgle 2,407946 0,000308
gurgling 2,207275 0,000283
gush 1,469676 0,000188
gushing 1,771957 0,000227
ha 0,891598 0,000114
habit 0,223144 0,000029
habits 0,356675 0,000046
habitually 1,469676 0,000188
hadst 1,714798 0,000220
haggard 1,021651 0,000131
hail 0,634878 0,000081
hailing 1,966113 0,000252
hailstorm 3,912023 0,000501
hair 0,094311 0,000012
halcyon 2,995732 0,000384
hale 1,771957 0,000227
hallowed 1,897120 0,000243
halt 0,755023 0,000097
halted 0,843970 0,000108
halting 1,309333 0,000168
hammer 0,776529 0,000099
hammocks 2,659260 0,000341
hand 0,010050 0,000001
handbreadth 2,813411 0,000360
handed 0,274437 0,000035
handful 0,867501 0,000111
handle 0,415515 0,000053
handlers 3,912023 0,000501
handmaid 1,832581 0,000235
hands 0,020203 0,000003
handsome 0,328504 0,000042
hang 0,400478 0,000051
hanging 0,261365 0,000033
hangman 2,207275 0,000283
hangs 0,941609 0,000121
happen 0,150823 0,000019
happened 0,094311 0,000012
happier 0,544727 0,000070
happiest 0,798508 0,000102
happily 0,478036 0,000061
happiness 0,150823 0,000019
happy 0,072571 0,000009
harbinger 2,813411 0,000360
harbour 1,078810 0,000138
hard 0,040822 0,000005
harden 1,427116 0,000183
harder 0,597837 0,000077
hardest 0,967584 0,000124
hardiness 2,659260 0,000341
hardness 1,203973 0,000154
hardy 0,994252 0,000127
hark 1,237874 0,000159
harlot 1,660731 0,000213
harlots 2,407946 0,000308
harm 0,210721 0,000027
harmless 0,248461 0,000032
harmonise 2,659260 0,000341
harmony 0,579818 0,000074
harness 1,108663 0,000142
harnessed 1,309333 0,000168
harp 0,941609 0,000121
harps 2,525729 0,000323
harsh 0,510826 0,000065
harshest 2,207275 0,000283
harshly 1,078810 0,000138
hart 0,462035 0,000059
harvest 0,755023 0,000097
harvested 2,813411 0,000360
hast 0,891598 0,000114
haste 0,371064 0,000048
hasten 1,021651 0,000131
hastily 0,462035 0,000059
hasty 0,510826 0,000065
hatch 2,207275 0,000283
hate 0,274437 0,000035
hated 0,356675 0,000046
hateful 0,891598 0,000114
hath 2,040221 0,000261
hatred 0,494296 0,000063
haughty 0,867501 0,000111
haunches 1,714798 0,000220
haunchless 3,912023 0,000501
haunt 1,049822 0,000134
haunter 3,506558 0,000449
haunts 1,171183 0,000150
hazard 1,021651 0,000131
hazy 1,771957 0,000227
head 0,000000 0,000000
headed 0,510826 0,000065
headings 3,218876 0,000412
headlong 0,843970 0,000108
heads 0,094311 0,000012
heal 1,309333 0,000168
healed 1,108663 0,000142
healing 1,347074 0,000173
health 0,198451 0,000025
healthier 2,525729 0,000323
healthiness 3,912023 0,000501
healthy 0,356675 0,000046
hear 0,010050 0,000001
heard 0,020203 0,000003
hearing 0,139262 0,000018
hearken 1,897120 0,000243
hearkened 2,659260 0,000341
hearkening 2,813411 0,000360
hears 0,673345 0,000086
hearst 3,912023 0,000501
heart 0,010050 0,000001
hearted 0,415515 0,000053
heartening 3,506558 0,000449
heartier 2,525729 0,000323
heartily 0,597837 0,000077
heartless 1,347074 0,000173
heartrending 2,659260 0,000341
hearts 0,261365 0,000033
hearty 0,653926 0,000084
heat 0,274437 0,000035
heated 0,916291 0,000117
heave 1,427116 0,000183
heaved 1,021651 0,000131
heaven 0,198451 0,000025
heavenly 0,843970 0,000108
heavens 0,430783 0,000055
heavier 0,776529 0,000099
heaviest 1,427116 0,000183
heavily 0,400478 0,000051
heaviness 1,714798 0,000220
heavy 0,030459 0,000004
hebrew 1,203973 0,000154
hebrews 1,832581 0,000235
hedgehogs 3,506558 0,000449
hedges 1,108663 0,000142
heed 0,693147 0,000089
heeded 1,469676 0,000188
heel 0,713350 0,000091
heels 0,446287 0,000057
height 0,261365 0,000033
heights 0,916291 0,000117
heir 0,653926 0,000084
heirs 1,203973 0,000154
held 0,040822 0,000005
hellish 1,966113 0,000252
helm 1,347074 0,000173
helmsman 2,659260 0,000341
hen 1,560648 0,000200
henceforth 0,867501 0,000111
hens 1,832581 0,000235
herald 1,469676 0,000188
heralds 1,966113 0,000252
herb 1,309333 0,000168
herbage 2,407946 0,000308
herbert 2,525729 0,000323
herbs 1,108663 0,000142
herd 0,713350 0,000091
herds 1,237874 0,000159
herdsman 2,407946 0,000308
herdsmen 2,407946 0,000308
heredity 2,120264 0,000272
heresy 1,514128 0,000194
heretic 2,207275 0,000283
heretofore 1,272966 0,000163
heritage 1,897120 0,000243
hero 0,544727 0,000070
heroes 0,713350 0,000091
heroism 1,514128 0,000194
heron 2,040221 0,000261
hesitating 1,021651 0,000131
hesitatingly 1,714798 0,000220
heterodox 2,995732 0,000384
hewing 2,659260 0,000341
hidden 0,248461 0,000032
hide 0,287682 0,000037
hideous 0,527633 0,000068
hiding 0,616186 0,000079
hie 2,659260 0,000341
hierolatry 3,912023 0,000501
highly 0,261365 0,000033
highway 1,108663 0,000142
hilarious 2,120264 0,000272
hill 0,248461 0,000032
hills 0,356675 0,000046
hind 1,171183 0,000150
hindmost 2,120264 0,000272
hindrance 1,139434 0,000146
hint 0,462035 0,000059
hinted 1,049822 0,000134
hints 0,941609 0,000121
hire 1,203973 0,000154
historical 0,843970 0,000108
history 0,186330 0,000024
histrionic 2,995732 0,000384
hit 0,356675 0,000046
hitherto 0,385662 0,000049
hoarse 0,867501 0,000111
hoarseness 3,506558 0,000449
hoary 1,771957 0,000227
hobbling 2,659260 0,000341
hodgepodge 3,912023 0,000501
hohenstaufen 3,218876 0,000412
hold 0,020203 0,000003
holder 0,446287 0,000057
holding 0,174353 0,000022
holiday 0,798508 0,000102
holier 2,302585 0,000295
holiest 2,207275 0,000283
holiness 1,347074 0,000173
hollow 0,446287 0,000057
hollowed 1,771957 0,000227
hollowest 3,506558 0,000449
holy 0,385662 0,000049
homage 1,078810 0,000138
homelier 3,506558 0,000449
homelike 2,995732 0,000384
homewards 2,207275 0,000283
homo 2,525729 0,000323
honest 0,235722 0,000030
honestest 3,218876 0,000412
honestly 0,843970 0,000108
honesty 0,733969 0,000094
honey 0,755023 0,000097
honour 0,510826 0,000065
honourable 0,941609 0,000121
honourableness 3,506558 0,000449
honourably 2,207275 0,000283
honoured 0,916291 0,000117
honouring 2,040221 0,000261
honours 1,108663 0,000142
hook 0,798508 0,000102
hooks 1,171183 0,000150
hooted 2,525729 0,000323
hope 0,010050 0,000001
hoped 0,210721 0,000027
hopeful 0,916291 0,000117
hopes 0,210721 0,000027
hoping 0,430783 0,000055
hopping 2,120264 0,000272
horizon 0,616186 0,000079
horn 0,776529 0,000099
horns 0,867501 0,000111
horror 0,248461 0,000032
horse 0,162519 0,000021
horseback 0,843970 0,000108
horses 0,261365 0,000033
hose 2,040221 0,000261
hospitable 1,078810 0,000138
hospital 0,916291 0,000117
host 0,478036 0,000061
hostile 0,776529 0,000099
hostilities 2,040221 0,000261
hostility 1,237874 0,000159
hosts 1,237874 0,000159
hot 0,116534 0,000015
hotchpotch 3,912023 0,000501
hound 1,272966 0,000163
hour 0,083382 0,000011
hourly 1,714798 0,000220
hours 0,094311 0,000012
house 0,020203 0,000003
houses 0,139262 0,000018
hovered 1,203973 0,000154
hovering 1,171183 0,000150
howl 1,021651 0,000131
howled 1,386294 0,000178
howling 0,755023 0,000097
hubbub 1,966113 0,000252
hued 2,659260 0,000341
hug 1,427116 0,000183
huge 0,400478 0,000051
hullabaloo 3,218876 0,000412
human 0,083382 0,000011
humaner 3,218876 0,000412
humanity 0,494296 0,000063
humanly 2,813411 0,000360
humble 0,301105 0,000039
humbled 1,171183 0,000150
humiliate 2,207275 0,000283
humiliating 1,427116 0,000183
humiliation 0,941609 0,000121
humility 0,867501 0,000111
humour 0,733969 0,000094
humours 1,771957 0,000227
hump 2,120264 0,000272
hunchback 2,207275 0,000283
hunchbacked 2,995732 0,000384
hunchbacks 3,506558 0,000449
hung 0,174353 0,000022
hunger 0,478036 0,000061
hungrier 2,659260 0,000341
hungrily 2,302585 0,000295
hungry 0,328504 0,000042
hunt 0,544727 0,000070
hunted 0,867501 0,000111
hunter 0,820981 0,000105
hunting 0,462035 0,000059
huntsman 2,207275 0,000283
huntsmen 2,207275 0,000283
hurl 1,469676 0,000188
hurricane 1,560648 0,000200
hurry 0,328504 0,000042
hurt 0,198451 0,000025
hurting 1,309333 0,000168
husband 0,248461 0,000032
hush 0,776529 0,000099
huzza 2,813411 0,000360
hybrid 2,813411 0,000360
hydrate 3,912023 0,000501
hymn 1,021651 0,000131
hymns 1,714798 0,000220
hypocrisy 1,386294 0,000178
hypothesis 1,272966 0,000163
hypothetical 2,525729 0,000323
ice 0,527633 0,000068
ich 2,659260 0,000341
iciness 3,218876 0,000412
iconoclast 2,995732 0,000384
iconoclasts 3,912023 0,000501
icy 1,203973 0,000154
idea 0,105361 0,000013
ideal 0,843970 0,000108
idealised 3,218876 0,000412
idealist 2,525729 0,000323
idealists 2,995732 0,000384
ideals 1,609438 0,000206
ideas 0,314711 0,000040
identical 0,994252 0,000127
identification 0,527633 0,000068
identify 0,415515 0,000053
identifying 2,659260 0,000341
identity 1,021651 0,000131
idiosyncracy 3,506558 0,000449
idle 0,274437 0,000035
idleness 0,755023 0,000097
idlers 2,302585 0,000295
idling 1,832581 0,000235
idol 1,469676 0,000188
idolaters 2,813411 0,000360
idolatry 1,966113 0,000252
idols 1,714798 0,000220
ignominy 1,771957 0,000227
ignorance 0,287682 0,000037
ignorant 0,301105 0,000039
iii 0,287682 0,000037
illness 0,616186 0,000079
illumine 2,659260 0,000341
illumined 1,609438 0,000206
illusion 1,049822 0,000134
illustrious 1,021651 0,000131
image 0,371064 0,000048
imagination 0,223144 0,000029
imagine 0,139262 0,000018
imagined 0,287682 0,000037
imbibe 3,218876 0,000412
imitate 0,891598 0,000114
immaculate 1,714798 0,000220
immature 2,525729 0,000323
immaturely 3,912023 0,000501
immemorially 3,506558 0,000449
immense 0,314711 0,000040
immodest 2,407946 0,000308
immodestly 3,506558 0,000449
immoral 1,660731 0,000213
immoralist 3,912023 0,000501
immortality 1,171183 0,000150
impart 1,078810 0,000138
impatient 0,371064 0,000048
impatiently 0,634878 0,000081
impel 2,407946 0,000308
impelled 1,049822 0,000134
imperfect 0,673345 0,000086
imperfectly 1,386294 0,000178
imperiously 1,966113 0,000252
imperishable 1,966113 0,000252
impersonal 1,897120 0,000243
implied 0,371064 0,000048
implies 1,386294 0,000178
imploring 1,237874 0,000159
imploringly 1,771957 0,000227
imply 1,078810 0,000138
impose 0,941609 0,000121
imposed 0,210721 0,000027
imposes 1,966113 0,000252
impossibility 1,021651 0,000131
impossible 0,094311 0,000012
imposture 2,120264 0,000272
impotence 1,832581 0,000235
impotent 1,272966 0,000163
impression 0,210721 0,000027
imprisoned 1,021651 0,000131
improve 0,733969 0,000094
improvised 2,040221 0,000261
impudence 1,272966 0,000163
impudent 1,469676 0,000188
impulse 0,462035 0,000059
impulses 1,237874 0,000159
impure 1,469676 0,000188
impurities 2,525729 0,000323
inability 1,386294 0,000178
inaccurate 0,510826 0,000065
inadequate 1,237874 0,000159
inadequately 3,506558 0,000449
inadvisable 3,912023 0,000501
inaudibly 2,813411 0,000360
inaugurate 3,912023 0,000501
incarnation 1,771957 0,000227
incendiary 2,995732 0,000384
incense 1,049822 0,000134
incident 0,527633 0,000068
incidental 0,446287 0,000057
incisory 3,912023 0,000501
inclination 0,579818 0,000074
incline 1,049822 0,000134
inclined 0,186330 0,000024
include 0,274437 0,000035
included 0,162519 0,000021
includes 0,462035 0,000059
including 0,139262 0,000018
inclusive 2,207275 0,000283
incomparable 1,714798 0,000220
incomplete 0,301105 0,000039
inconceivable 1,078810 0,000138
incorporation 2,995732 0,000384
increase 0,287682 0,000037
increased 0,248461 0,000032
increases 1,237874 0,000159
increasing 0,127833 0,000016
incurable 1,386294 0,000178
incurably 2,813411 0,000360
indefinitely 1,469676 0,000188
indemnify 0,527633 0,000068
indemnity 0,527633 0,000068
indented 2,813411 0,000360
independence 0,843970 0,000108
independent 0,510826 0,000065
indescribable 1,108663 0,000142
indictment 2,207275 0,000283
indifference 0,527633 0,000068
indifferent 0,400478 0,000051
indignant 0,820981 0,000105
indignantly 1,203973 0,000154
indirect 0,446287 0,000057
indirectly 0,371064 0,000048
indiscernible 3,218876 0,000412
indiscretion 1,469676 0,000188
indispensability 3,912023 0,000501
indispensable 0,843970 0,000108
indistinct 1,139434 0,000146
individual 0,150823 0,000019
individualist 3,912023 0,000501
individuality 1,609438 0,000206
individuals 0,673345 0,000086
indolent 1,427116 0,000183
induced 0,527633 0,000068
indulged 0,941609 0,000121
indulgence 0,798508 0,000102
indulgently 2,407946 0,000308
indulging 1,171183 0,000150
industry 0,867501 0,000111
ineffable 1,771957 0,000227
ineptly 3,912023 0,000501
inequality 1,560648 0,000200
ineradicable 2,813411 0,000360
inevitable 0,544727 0,000070
inexhaustible 1,237874 0,000159
inexorable 1,347074 0,000173
inexperienced 1,203973 0,000154
infallibility 2,813411 0,000360
infatuated 2,120264 0,000272
infatuation 1,714798 0,000220
infected 1,347074 0,000173
infection 1,560648 0,000200
infer 1,139434 0,000146
infinite 0,430783 0,000055
infirm 1,714798 0,000220
infirmity 1,203973 0,000154
inflame 2,040221 0,000261
inflamed 1,203973 0,000154
inflate 3,506558 0,000449
inflated 1,966113 0,000252
inflexible 1,771957 0,000227
influence 0,198451 0,000025
influenza 3,218876 0,000412
infringement 0,544727 0,000070
ingenious 0,693147 0,000089
ingenuousness 2,813411 0,000360
ingratitude 1,171183 0,000150
inhale 1,897120 0,000243
inhaled 2,302585 0,000295
inheritor 2,813411 0,000360
inhuman 1,108663 0,000142
injunction 1,347074 0,000173
injure 0,941609 0,000121
injured 0,579818 0,000074
injurers 3,912023 0,000501
injuring 1,427116 0,000183
injury 0,446287 0,000057
injustice 0,673345 0,000086
ink 0,941609 0,000121
inmost 1,309333 0,000168
inn 0,713350 0,000091
innermost 1,771957 0,000227
innocence 0,634878 0,000081
innocent 0,186330 0,000024
innocently 1,427116 0,000183
innuendos 3,912023 0,000501
innumerable 0,634878 0,000081
inoculated 3,218876 0,000412
inordinate 1,771957 0,000227
inordinately 2,995732 0,000384
inquire 0,494296 0,000063
inquired 0,544727 0,000070
inquiringly 1,771957 0,000227
insane 0,994252 0,000127
insanity 1,469676 0,000188
insatiable 1,427116 0,000183
insatiably 2,813411 0,000360
inscribe 2,407946 0,000308
inscribed 1,347074 0,000173
insects 1,309333 0,000168
insecurity 2,995732 0,000384
insensible 0,843970 0,000108
insidious 1,832581 0,000235
insight 1,171183 0,000150
insinuated 2,120264 0,000272
insist 0,462035 0,000059
insisted 0,400478 0,000051
insistence 1,897120 0,000243
insolent 0,941609 0,000121
inspiration 0,867501 0,000111
inspired 0,510826 0,000065
inspiring 1,108663 0,000142
instance 0,150823 0,000019
instant 0,210721 0,000027
instinct 0,430783 0,000055
instinctively 0,733969 0,000094
instincts 1,049822 0,000134
institution 0,820981 0,000105
instrument 0,356675 0,000046
instruments 0,527633 0,000068
insult 0,673345 0,000086
insurrection 1,660731 0,000213
intangible 1,966113 0,000252
integrated 3,506558 0,000449
intellect 0,693147 0,000089
intellectual 0,235722 0,000030
intellectually 2,207275 0,000283
intelligence 0,301105 0,000039
intelligently 2,207275 0,000283
intended 0,174353 0,000022
intending 0,733969 0,000094
intensely 0,820981 0,000105
intent 0,527633 0,000068
intention 0,186330 0,000024
intentionally 1,660731 0,000213
intercourse 0,798508 0,000102
interlocutors 2,813411 0,000360
interloper 3,218876 0,000412
internal 0,261365 0,000033
internally 1,897120 0,000243
international 0,494296 0,000063
interposing 2,207275 0,000283
interpret 1,139434 0,000146
interpretation 1,078810 0,000138
interpretations 2,207275 0,000283
interpreted 0,274437 0,000035
interpreter 1,171183 0,000150
interrogative 2,659260 0,000341
interrupt 0,755023 0,000097
interrupted 0,301105 0,000039
interruptions 1,714798 0,000220
interrupts 2,525729 0,000323
intertwined 2,659260 0,000341
interval 0,579818 0,000074
interview 0,673345 0,000086
intimate 0,462035 0,000059
intoxicated 1,427116 0,000183
intoxicating 2,120264 0,000272
introduce 0,562119 0,000072
introduced 0,356675 0,000046
introduces 1,897120 0,000243
introduction 0,400478 0,000051
introspective 2,659260 0,000341
invading 1,660731 0,000213
invalid 1,139434 0,000146
invalidity 0,527633 0,000068
invalids 2,302585 0,000295
invectives 2,813411 0,000360
inveighed 3,218876 0,000412
invent 0,798508 0,000102
invented 0,597837 0,000077
inventors 2,207275 0,000283
investigated 1,514128 0,000194
investigating 1,427116 0,000183
investigation 0,967584 0,000124
investigations 1,272966 0,000163
investigator 2,302585 0,000295
invisible 0,562119 0,000072
invisibly 2,525729 0,000323
invite 0,693147 0,000089
invited 0,415515 0,000053
invites 1,660731 0,000213
involuntarily 1,139434 0,000146
involuntariness 3,506558 0,000449
involuntary 1,021651 0,000131
involved 0,579818 0,000074
invulnerable 2,040221 0,000261
inwardly 0,798508 0,000102
iron 0,198451 0,000025
irrational 1,469676 0,000188
irreplaceable 3,912023 0,000501
irrepressible 1,427116 0,000183
irresolute 1,427116 0,000183
irrespective 2,407946 0,000308
irresponsible 1,832581 0,000235
irretrievable 2,302585 0,000295
irreverence 2,525729 0,000323
irritate 1,832581 0,000235
irritation 1,171183 0,000150
irs 0,562119 0,000072
isabelle 3,912023 0,000501
isaiah 2,207275 0,000283
ischia 3,912023 0,000501
island 0,400478 0,000051
islands 0,755023 0,000097
isle 1,427116 0,000183
isles 1,560648 0,000200
isolated 0,994252 0,000127
isolation 1,514128 0,000194
israel 1,386294 0,000178
issue 0,462035 0,000059
issues 1,427116 0,000183
italics 2,813411 0,000360
italy 0,820981 0,000105
itch 1,966113 0,000252
iv 0,328504 0,000042
ivy 1,272966 0,000163
ix 0,494296 0,000063
jagged 1,560648 0,000200
jailer 2,525729 0,000323
jangling 2,813411 0,000360
january 0,693147 0,000089
jaws 0,733969 0,000094
jealous 0,446287 0,000057
jealousy 0,478036 0,000061
jeopardise 3,912023 0,000501
jeremiah 2,525729 0,000323
jerk 1,427116 0,000183
jestingly 2,659260 0,000341
jests 1,560648 0,000200
jesus 1,237874 0,000159
jew 1,171183 0,000150
jewel 1,237874 0,000159
jewels 0,820981 0,000105
jewish 1,832581 0,000235
jews 1,078810 0,000138
jingle 2,120264 0,000272
jingling 1,427116 0,000183
john 0,328504 0,000042
joke 0,494296 0,000063
jokingly 2,995732 0,000384
journey 0,198451 0,000025
journeys 1,139434 0,000146
jovial 1,609438 0,000206
joy 0,139262 0,000018
joyful 0,798508 0,000102
joyfully 1,272966 0,000163
joyous 0,941609 0,000121
joyousness 2,659260 0,000341
joys 0,916291 0,000117
jubilation 2,659260 0,000341
judaic 3,506558 0,000449
judaism 3,506558 0,000449
judge 0,116534 0,000015
judged 0,430783 0,000055
judges 0,597837 0,000077
judgment 0,198451 0,000025
juice 1,347074 0,000173
july 0,616186 0,000079
jump 0,733969 0,000094
jumped 0,653926 0,000084
june 0,527633 0,000068
jurisdiction 1,609438 0,000206
justice 0,162519 0,000021
justification 1,171183 0,000150
justified 0,693147 0,000089
justifiers 3,912023 0,000501
justify 0,693147 0,000089
keel 1,386294 0,000178
keen 0,415515 0,000053
keenly 0,967584 0,000124
ken 1,771957 0,000227
kettle 1,272966 0,000163
kettledrums 3,912023 0,000501
key 0,356675 0,000046
keyhole 1,560648 0,000200
kick 0,653926 0,000084
kill 0,127833 0,000016
killed 0,223144 0,000029
kin 1,139434 0,000146
kindle 1,272966 0,000163
kindliness 2,040221 0,000261
kindly 0,223144 0,000029
kindness 0,287682 0,000037
kine 2,207275 0,000283
king 0,223144 0,000029
kingdom 0,494296 0,000063
kingdoms 1,108663 0,000142
kings 0,527633 0,000068
kiss 0,562119 0,000072
kissed 0,462035 0,000059
kissing 1,021651 0,000131
kittens 2,207275 0,000283
knack 1,832581 0,000235
knaves 2,207275 0,000283
knee 0,462035 0,000059
kneeling 0,798508 0,000102
knees 0,223144 0,000029
knife 0,356675 0,000046
knights 1,309333 0,000168
knitting 1,272966 0,000163
knocked 0,510826 0,000065
knot 0,673345 0,000086
knower 3,506558 0,000449
knoweth 2,120264 0,000272
knowing 2,525729 0,000323
knowledge 0,061875 0,000008
labels 2,659260 0,000341
labour 0,634878 0,000081
labourer 1,832581 0,000235
labouring 1,469676 0,000188
labyrinthine 3,218876 0,000412
lace 0,916291 0,000117
lacerated 2,525729 0,000323
laceration 3,218876 0,000412
lack 0,478036 0,000061
lacking 1,171183 0,000150
ladder 0,693147 0,000089
ladders 1,832581 0,000235
laden 0,673345 0,000086
lag 2,525729 0,000323
laid 0,072571 0,000009
lain 0,843970 0,000108
lair 1,560648 0,000200
lake 0,210721 0,000027
lamb 0,776529 0,000099
lambkins 3,912023 0,000501
lambs 1,347074 0,000173
lame 0,820981 0,000105
lamely 2,995732 0,000384
lament 1,203973 0,000154
lamentations 1,386294 0,000178
land 0,072571 0,000009
landed 0,527633 0,000068
landmarks 2,207275 0,000283
lands 0,544727 0,000070
landscape 0,867501 0,000111
landscapes 1,771957 0,000227
lane 0,798508 0,000102
lanes 1,203973 0,000154
language 0,072571 0,000009
languages 0,967584 0,000124
languid 1,049822 0,000134
languish 1,966113 0,000252
languishing 1,660731 0,000213
larcenous 3,506558 0,000449
lascivious 2,659260 0,000341
lasciviously 3,506558 0,000449
lash 1,386294 0,000178
lassitude 1,897120 0,000243
late 0,094311 0,000012
laud 2,995732 0,000384
laudable 1,609438 0,000206
lauding 3,218876 0,000412
laugh 0,127833 0,000016
laughable 1,897120 0,000243
laughed 0,248461 0,000032
laugher 3,506558 0,000449
laughing 0,248461 0,000032
laughingly 1,714798 0,000220
laughter 0,274437 0,000035
laughters 3,912023 0,000501
launch 1,427116 0,000183
lavish 1,386294 0,000178
law 0,030459 0,000004
laws 0,083382 0,000011
lay 0,051293 0,000007
laying 0,274437 0,000035
lays 0,798508 0,000102
lazy 0,616186 0,000079
le 1,049822 0,000134
lead 0,083382 0,000011
leader 0,462035 0,000059
leadeth 2,407946 0,000308
leading 0,139262 0,000018
leads 0,462035 0,000059
leaf 0,462035 0,000059
lean 0,579818 0,000074
leaner 2,995732 0,000384
leaning 0,301105 0,000039
leap 0,562119 0,000072
leaping 0,713350 0,000091
leaps 1,386294 0,000178
learn 0,020203 0,000003
learned 0,105361 0,000013
learners 3,218876 0,000412
learning 0,301105 0,000039
learnt 0,713350 0,000091
leave 0,000000 0,000000
leaven 2,040221 0,000261
leavened 2,813411 0,000360
leaves 0,094311 0,000012
leaving 0,083382 0,000011
leben 3,506558 0,000449
lectures 1,108663 0,000142
led 0,040822 0,000005
leech 2,525729 0,000323
leeches 2,525729 0,000323
lees 2,302585 0,000295
left 0,000000 0,000000
leg 0,478036 0,000061
legal 0,261365 0,000033
legalised 3,912023 0,000501
legally 0,342490 0,000044
legislator 2,120264 0,000272
legs 0,274437 0,000035
leisure 0,579818 0,000074
lend 0,597837 0,000077
lends 1,609438 0,000206
lengthen 1,771957 0,000227
lengthened 1,272966 0,000163
leonine 2,525729 0,000323
lessons 0,579818 0,000074
letter 0,116534 0,000015
level 0,274437 0,000035
levelled 1,660731 0,000213
levels 1,966113 0,000252
lever 1,714798 0,000220
levity 1,660731 0,000213
lewd 2,407946 0,000308
liability 0,462035 0,000059
liable 0,235722 0,000030
liar 1,203973 0,000154
liars 1,771957 0,000227
libertine 2,659260 0,000341
liberty 0,223144 0,000029
library 0,223144 0,000029
lice 1,966113 0,000252
license 0,301105 0,000039
licensed 0,430783 0,000055
licet 3,218876 0,000412
lick 1,203973 0,000154
licked 1,609438 0,000206
licking 1,272966 0,000163
lie 0,040822 0,000005
lied 1,171183 0,000150
lies 0,162519 0,000021
liest 2,995732 0,000384
lieu 0,415515 0,000053
life -0,009950 -0,000001
lift 0,415515 0,000053
lifted 0,274437 0,000035
light 0,010050 0,000001
lighted 0,261365 0,000033
lightened 1,514128 0,000194
lighter 0,527633 0,000068
lightest 1,609438 0,000206
lighthouse 2,120264 0,000272
lightly 0,430783 0,000055
lightning 0,478036 0,000061
lightnings 1,832581 0,000235
lights 0,301105 0,000039
likeness 0,693147 0,000089
likens 3,506558 0,000449
lilies 1,609438 0,000206
limbs 0,274437 0,000035
limit 0,673345 0,000086
limitation 0,478036 0,000061
limited 0,261365 0,000033
limp 1,309333 0,000168
limped 1,609438 0,000206
limpid 1,897120 0,000243
lineage 1,832581 0,000235
lingering 0,755023 0,000097
linked 0,385662 0,000049
links 0,415515 0,000053
lion 0,713350 0,000091
lioness 2,120264 0,000272
lionesses 3,912023 0,000501
lions 1,021651 0,000131
lip 0,673345 0,000086
lips 0,127833 0,000016
listen 0,127833 0,000016
listened 0,274437 0,000035
listening 0,261365 0,000033
litany 3,218876 0,000412
literally 0,713350 0,000091
literary 0,287682 0,000037
literature 0,673345 0,000086
littler 3,912023 0,000501
liv 2,040221 0,000261
live 0,010050 0,000001
lived 0,061875 0,000008
lively 0,400478 0,000051
livest 2,659260 0,000341
liveth 2,302585 0,000295
living 0,020203 0,000003
lizard 1,714798 0,000220
lo 0,916291 0,000117
load 0,634878 0,000081
loadstone 2,525729 0,000323
loathe 1,897120 0,000243
loathes 2,659260 0,000341
loathing 1,427116 0,000183
loathsome 1,078810 0,000138
located 0,400478 0,000051
locations 0,544727 0,000070
locked 0,430783 0,000055
locks 0,733969 0,000094
lodging 0,776529 0,000099
loftier 1,609438 0,000206
loftiest 1,771957 0,000227
loftiness 2,659260 0,000341
lofty 0,494296 0,000063
logical 1,021651 0,000131
loins 1,660731 0,000213
loitering 1,660731 0,000213
london 0,415515 0,000053
lone 1,514128 0,000194
loneliest 3,218876 0,000412
loneliness 1,347074 0,000173
lonely 0,415515 0,000053
lonesome 2,120264 0,000272
lonesomeness 2,813411 0,000360
longing 0,653926 0,000084
longingly 2,525729 0,000323
longings 1,714798 0,000220
loose 0,105361 0,000013
loosed 1,203973 0,000154
loosen 1,514128 0,000194
loosened 1,171183 0,000150
lopping 3,218876 0,000412
lord 0,223144 0,000029
lords 0,843970 0,000108
lordship 1,771957 0,000227
lose 0,094311 0,000012
loses 0,916291 0,000117
losing 0,235722 0,000030
loss 0,094311 0,000012
lost 0,020203 0,000003
lot 0,061875 0,000008
loud 0,174353 0,000022
louder 0,527633 0,000068
loudly 0,400478 0,000051
loungers 2,525729 0,000323
lovable 2,207275 0,000283
love 0,051293 0,000007
loved 0,198451 0,000025
loveless 2,813411 0,000360
lovelier 2,302585 0,000295
loveliest 1,514128 0,000194
lovely 0,494296 0,000063
lover 0,385662 0,000049
lovers 0,673345 0,000086
loving 0,478036 0,000061
lovingly 1,427116 0,000183
lowing 2,525729 0,000323
lowlanders 3,912023 0,000501
lowliness 2,659260 0,000341
loyally 2,525729 0,000323
luck 0,446287 0,000057
lucky 0,527633 0,000068
ludicrous 1,386294 0,000178
lukewarm 2,302585 0,000295
luminous 1,078810 0,000138
lunar 2,525729 0,000323
lure 1,609438 0,000206
lured 1,832581 0,000235
lurement 3,912023 0,000501
lures 2,407946 0,000308
luring 2,525729 0,000323
lurking 1,049822 0,000134
lust 0,891598 0,000114
lustful 1,832581 0,000235
lustfulness 3,506558 0,000449
lusting 2,659260 0,000341
lustre 1,171183 0,000150
lustrous 2,040221 0,000261
lusts 1,897120 0,000243
lx 2,525729 0,000323
lxx 3,218876 0,000412
lying 0,061875 0,000008
lyre 1,660731 0,000213
lyres 3,506558 0,000449
machine 0,248461 0,000032
mad 0,261365 0,000033
madcaps 3,506558 0,000449
maddened 1,897120 0,000243
madhouse 2,407946 0,000308
madman 1,078810 0,000138
madmen 1,897120 0,000243
madness 0,597837 0,000077
maestro 3,506558 0,000449
magazine 1,469676 0,000188
maggots 2,995732 0,000384
magic 0,673345 0,000086
magician 1,714798 0,000220
magicians 1,897120 0,000243
magnanimous 1,469676 0,000188
magnificent 0,328504 0,000042
magnum 3,218876 0,000412
maiden 0,820981 0,000105
maidens 1,347074 0,000173
maidlike 3,912023 0,000501
maidservant 2,813411 0,000360
maimed 1,609438 0,000206
main 0,127833 0,000016
maintain 0,562119 0,000072
maintained 0,653926 0,000084
maintaining 0,235722 0,000030
maintainment 3,912023 0,000501
maitre 3,506558 0,000449
majestic 1,108663 0,000142
majority 0,597837 0,000077
maker 0,867501 0,000111
makers 1,309333 0,000168
makeshift 2,813411 0,000360
malady 1,427116 0,000183
male 0,597837 0,000077
maleficence 3,912023 0,000501
malevolence 2,995732 0,000384
malice 0,776529 0,000099
malices 3,912023 0,000501
malicious 0,941609 0,000121
maliciously 1,771957 0,000227
malign 2,207275 0,000283
malignant 1,139434 0,000146
maligner 3,912023 0,000501
maligners 3,506558 0,000449
malthus 2,995732 0,000384
managed 0,342490 0,000044
manager 0,653926 0,000084
mane 1,609438 0,000206
manhood 0,776529 0,000099
maniac 2,040221 0,000261
manifest 0,755023 0,000097
manifestations 1,714798 0,000220
manifested 1,021651 0,000131
manifests 2,407946 0,000308
manifold 1,386294 0,000178
mankind 0,478036 0,000061
manly 0,820981 0,000105
manner 0,040822 0,000005
mannerisms 3,218876 0,000412
manners 0,274437 0,000035
manoir 3,506558 0,000449
manslaughter 2,995732 0,000384
mantle 0,820981 0,000105
manuscript 1,021651 0,000131
marching 1,171183 0,000150
maria 1,427116 0,000183
mark 0,127833 0,000016
marked 0,061875 0,000008
market 0,527633 0,000068
markets 1,714798 0,000220
marred 1,771957 0,000227
marriage 0,314711 0,000040
marriages 1,203973 0,000154
married 0,248461 0,000032
marsh 1,309333 0,000168
marshalled 2,659260 0,000341
marvel 1,021651 0,000131
marvelled 1,771957 0,000227
marvelling 2,120264 0,000272
marvellous 0,891598 0,000114
marvels 1,514128 0,000194
mask 0,843970 0,000108
masked 1,469676 0,000188
masks 1,560648 0,000200
mass 0,301105 0,000039
master 0,083382 0,000011
mastered 0,967584 0,000124
mastering 2,120264 0,000272
masters 0,446287 0,000057
mastiffs 2,659260 0,000341
masts 1,272966 0,000163
matched 1,771957 0,000227
mate 0,867501 0,000111
maternity 2,525729 0,000323
matter 0,010050 0,000001
matters 0,139262 0,000018
mature 1,272966 0,000163
maturity 1,427116 0,000183
mawkish 2,659260 0,000341
maws 3,506558 0,000449
maxim 1,347074 0,000173
maxims 1,427116 0,000183
maximum 0,478036 0,000061
mayest 2,407946 0,000308
mayst 2,302585 0,000295
meadow 0,994252 0,000127
meadows 1,139434 0,000146
meagre 1,347074 0,000173
meaning 0,210721 0,000027
meant 2,525729 0,000323
measurable 3,218876 0,000412
measure 0,301105 0,000039
measures 0,579818 0,000074
meat 0,356675 0,000046
mediators 3,912023 0,000501
medicine 0,597837 0,000077
mediocre 2,407946 0,000308
mediocrity 2,207275 0,000283
meditated 1,347074 0,000173
meditation 0,994252 0,000127
mediterranean 1,609438 0,000206
medium 0,223144 0,000029
meekness 1,714798 0,000220
meet 0,010050 0,000001
meeting 0,186330 0,000024
meets 0,713350 0,000091
melancholic 3,506558 0,000449
melancholy 0,342490 0,000044
mellow 1,469676 0,000188
melody 1,427116 0,000183
melt 1,049822 0,000134
melting 0,941609 0,000121
memento 2,525729 0,000323
memorials 2,120264 0,000272
memory 0,174353 0,000022
mendacious 3,218876 0,000412
mendicant 2,302585 0,000295
mental 0,430783 0,000055
mention 0,223144 0,000029
mentioned 0,223144 0,000029
merchantability 0,994252 0,000127
merchants 0,798508 0,000102
merciful 0,994252 0,000127
mere 0,094311 0,000012
merit 0,544727 0,000070
merited 1,660731 0,000213
merrier 2,302585 0,000295
merrily 1,272966 0,000163
merriment 1,139434 0,000146
merry 0,634878 0,000081
messmate 2,995732 0,000384
met 0,040822 0,000005
metamorphoses 2,525729 0,000323
metamorphosis 2,813411 0,000360
metaphysical 1,714798 0,000220
method 0,094311 0,000012
methods 0,210721 0,000027
michael 0,400478 0,000051
midday 1,108663 0,000142
middle 0,030459 0,000004
midnight 0,328504 0,000042
midriff 3,218876 0,000412
midst 0,287682 0,000037
midway 1,514128 0,000194
mien 1,660731 0,000213
mightier 1,897120 0,000243
mightiest 1,966113 0,000252
mighty 0,328504 0,000042
mildest 2,120264 0,000272
miles 0,223144 0,000029
military 0,616186 0,000079
milk 0,446287 0,000057
millenniums 3,506558 0,000449
millstone 2,407946 0,000308
millstones 3,218876 0,000412
mind 0,020203 0,000003
minded 0,400478 0,000051
minds 0,235722 0,000030
mingled 0,462035 0,000059
minor 0,733969 0,000094
minority 1,386294 0,000178
minstrel 1,966113 0,000252
miracle 0,755023 0,000097
mire 1,049822 0,000134
mirror 0,693147 0,000089
mirrors 1,514128 0,000194
mirth 0,776529 0,000099
mis 1,609438 0,000206
misanthropic 2,813411 0,000360
miscalculated 2,659260 0,000341
miscarried 2,120264 0,000272
mischief 0,494296 0,000063
mischievous 1,078810 0,000138
mischievously 2,407946 0,000308
mise 3,218876 0,000412
miserable 0,210721 0,000027
miseries 0,967584 0,000124
misery 0,301105 0,000039
misfortune 0,478036 0,000061
misheard 3,912023 0,000501
mishmash 3,912023 0,000501
misinterpretations 3,912023 0,000501
misjudge 2,659260 0,000341
misjudged 2,120264 0,000272
mislead 1,771957 0,000227
misled 1,139434 0,000146
misshapen 1,966113 0,000252
mission 0,210721 0,000027
mississippi 0,415515 0,000053
mist 0,544727 0,000070
mistake 0,223144 0,000029
mistaken 0,261365 0,000033
mistakes 0,755023 0,000097
mistress 0,510826 0,000065
misunderstand 2,040221 0,000261
misunderstanding 1,609438 0,000206
misunderstandings 2,302585 0,000295
misunderstood 1,386294 0,000178
mitigate 2,207275 0,000283
mix 0,994252 0,000127
mixed 0,385662 0,000049
mixers 3,912023 0,000501
mob 1,171183 0,000150
mobile 1,966113 0,000252
mock 0,755023 0,000097
mocked 1,469676 0,000188
mocker 3,218876 0,000412
mockery 0,941609 0,000121
mocking 0,994252 0,000127
mockingly 1,966113 0,000252
mode 0,634878 0,000081
moderate 0,653926 0,000084
moderation 1,108663 0,000142
modern 0,314711 0,000040
modes 1,347074 0,000173
modest 0,371064 0,000048
modestly 1,139434 0,000146
modesty 0,733969 0,000094
modicum 2,302585 0,000295
modification 0,494296 0,000063
modified 0,385662 0,000049
modify 2,120264 0,000272
modifying 3,218876 0,000412
modulation 2,813411 0,000360
moist 0,843970 0,000108
mole 1,309333 0,000168
moles 2,407946 0,000308
molluscs 3,912023 0,000501
mollycoddles 3,912023 0,000501
molten 1,560648 0,000200
moment 0,010050 0,000001
momentary 0,693147 0,000089
moments 0,287682 0,000037
monasteries 1,966113 0,000252
money 0,051293 0,000007
mong 2,995732 0,000384
monition 3,912023 0,000501
monk 1,514128 0,000194
monkey 1,049822 0,000134
monster 0,634878 0,000081
monsters 0,941609 0,000121
monstrous 0,400478 0,000051
month 0,174353 0,000022
months 0,094311 0,000012
monuments 1,171183 0,000150
mood 0,527633 0,000068
moon 0,287682 0,000037
moonlight 0,673345 0,000086
moons 1,609438 0,000206
moorish 2,120264 0,000272
moory 3,912023 0,000501
moral 0,301105 0,000039
moralist 1,966113 0,000252
moralists 2,040221 0,000261
moralities 3,218876 0,000412
morality 0,867501 0,000111
morally 1,171183 0,000150
morals 1,237874 0,000159
morbid 1,469676 0,000188
morn 1,609438 0,000206
morning 0,040822 0,000005
morosely 2,407946 0,000308
morrow 0,328504 0,000042
mortal 0,400478 0,000051
mortally 1,514128 0,000194
mortals 0,994252 0,000127
mortify 2,302585 0,000295
moss 1,049822 0,000134
moth 1,966113 0,000252
mother 0,072571 0,000009
motherlands 3,912023 0,000501
mothers 0,733969 0,000094
motion 0,328504 0,000042
motionless 0,544727 0,000070
motive 0,597837 0,000077
motives 0,579818 0,000074
motley 1,660731 0,000213
motleyest 3,912023 0,000501
mottled 2,120264 0,000272
mould 0,891598 0,000114
moulded 1,832581 0,000235
mouldered 2,995732 0,000384
mouldering 1,966113 0,000252
mount 0,494296 0,000063
mountain 0,400478 0,000051
mountains 0,400478 0,000051
mountebanks 3,218876 0,000412
mounted 0,446287 0,000057
mourn 1,171183 0,000150
mournful 0,941609 0,000121
mouse 0,941609 0,000121
mouth 0,105361 0,000013
mouthful 1,347074 0,000173
mouthpiece 2,995732 0,000384
mouths 0,462035 0,000059
movement 0,328504 0,000042
movements 0,494296 0,000063
mucilage 3,506558 0,000449
mucus 3,506558 0,000449
mud 0,478036 0,000061
muddle 2,040221 0,000261
muddy 0,916291 0,000117
mules 1,469676 0,000188
multiplicity 1,714798 0,000220
multitude 0,446287 0,000057
mumble 2,813411 0,000360
mumblers 3,912023 0,000501
mumbling 1,714798 0,000220
mummers 3,218876 0,000412
mummery 2,659260 0,000341
mummies 2,813411 0,000360
mummy 2,120264 0,000272
munificence 2,995732 0,000384
murder 0,314711 0,000040
murdered 0,733969 0,000094
murderer 0,733969 0,000094
murderous 1,078810 0,000138
murmured 0,673345 0,000086
murmuring 0,967584 0,000124
muscles 1,021651 0,000131
muscular 1,203973 0,000154
muse 1,609438 0,000206
music 0,198451 0,000025
musical 0,579818 0,000074
musician 1,386294 0,000178
mustily 3,912023 0,000501
musty 1,832581 0,000235
mute 0,776529 0,000099
mutely 2,207275 0,000283
muteness 3,506558 0,000449
mutter 1,609438 0,000206
muzzle 1,309333 0,000168
mysteries 0,579818 0,000074
mysterious 0,314711 0,000040
mysteriously 1,171183 0,000150
mystery 0,301105 0,000039
mystifiers 3,912023 0,000501
nagged 3,218876 0,000412
nailed 1,272966 0,000163
nailing 2,302585 0,000295
naively 2,995732 0,000384
naked 0,274437 0,000035
nakedness 1,560648 0,000200
nameless 1,078810 0,000138
narrate 2,207275 0,000283
narrated 1,469676 0,000188
narrative 0,616186 0,000079
narrators 3,218876 0,000412
narrow 0,105361 0,000013
narrowest 2,407946 0,000308
nastiness 2,120264 0,000272
nation 0,579818 0,000074
natural 0,094311 0,000012
naturalist 2,120264 0,000272
naturalists 2,120264 0,000272
naturally 0,210721 0,000027
nature 0,094311 0,000012
natured 0,733969 0,000094
naught 1,347074 0,000173
naughty 1,714798 0,000220
nausea 2,120264 0,000272
navel 2,040221 0,000261
naysayer 3,912023 0,000501
nazarene 3,218876 0,000412
nearness 1,771957 0,000227
neath 2,659260 0,000341
nebulous 2,813411 0,000360
necessity 0,261365 0,000033
neck 0,186330 0,000024
necked 2,040221 0,000261
necks 0,891598 0,000114
necromancer 2,659260 0,000341
needful 1,108663 0,000142
needfulness 3,912023 0,000501
needless 1,049822 0,000134
negation 2,302585 0,000295
negligence 0,415515 0,000053
neigh 2,525729 0,000323
neighbour 0,653926 0,000084
neighbourhood 0,776529 0,000099
neighbouring 0,891598 0,000114
neighbourliness 3,912023 0,000501
neighbours 0,713350 0,000091
nest 0,733969 0,000094
nether 1,832581 0,000235
network 0,415515 0,000053
newsletter 0,562119 0,000072
newspaper 1,021651 0,000131
newspapers 0,820981 0,000105
nibbled 2,525729 0,000323
nice 0,400478 0,000051
nicely 1,021651 0,000131
nickname 1,897120 0,000243
nietzsche 3,218876 0,000412
nietzschean 3,506558 0,000449
niggard 2,813411 0,000360
nigh 0,843970 0,000108
nigher 2,995732 0,000384
nighest 3,218876 0,000412
nighness 3,912023 0,000501
night 0,010050 0,000001
nightly 1,171183 0,000150
nights 0,235722 0,000030
nightwards 3,912023 0,000501
nihilism 3,218876 0,000412
nimble 1,171183 0,000150
nimblest 2,995732 0,000384
nimbly 1,714798 0,000220
nineteenth 1,171183 0,000150
ninth 0,994252 0,000127
noah 1,514128 0,000194
nobility 0,755023 0,000097
noble 0,248461 0,000032
nobler 1,171183 0,000150
noblest 1,021651 0,000131
nocturnal 1,272966 0,000163
nod 0,798508 0,000102
nodded 0,634878 0,000081
noise 0,139262 0,000018
noises 0,967584 0,000124
noisiest 3,218876 0,000412
noisy 0,776529 0,000099
nondescript 2,407946 0,000308
nonproprietary 0,562119 0,000072
nonsense 0,478036 0,000061
noon 0,430783 0,000055
noonday 1,660731 0,000213
noontide 2,525729 0,000323
noontides 3,912023 0,000501
normal 1,237874 0,000159
north 0,083382 0,000011
nose 0,274437 0,000035
noses 1,021651 0,000131
nostrils 0,891598 0,000114
note 0,127833 0,000016
notes 0,261365 0,000033
nothingness 1,832581 0,000235
notice 0,030459 0,000004
noticeable 1,309333 0,000168
notifies 0,527633 0,000068
notion 0,371064 0,000048
notions 0,776529 0,000099
nourish 1,386294 0,000178
nourished 1,660731 0,000213
nourishment 0,994252 0,000127
november 0,544727 0,000070
nowadays 1,139434 0,000146
numerous 0,235722 0,000030
nursery 1,347074 0,000173
nut 1,386294 0,000178
nuts 1,049822 0,000134
oak 0,673345 0,000086
oars 1,203973 0,000154
oases 3,218876 0,000412
oasis 2,407946 0,000308
oaths 0,891598 0,000114
obdurately 3,912023 0,000501
obedience 0,494296 0,000063
obedient 0,544727 0,000070
obediently 1,469676 0,000188
obey 0,400478 0,000051
obeyers 3,912023 0,000501
obeying 0,941609 0,000121
object 0,127833 0,000016
objected 0,755023 0,000097
objection 0,616186 0,000079
objections 0,820981 0,000105
objectivity 3,912023 0,000501
obligation 0,843970 0,000108
obligations 1,021651 0,000131
obliged 0,287682 0,000037
obliging 1,078810 0,000138
obscure 0,544727 0,000070
obscurities 2,207275 0,000283
obscurity 1,049822 0,000134
obsequent 3,912023 0,000501
obsequious 1,560648 0,000200
observance 1,514128 0,000194
observations 0,867501 0,000111
observe 0,235722 0,000030
observer 1,021651 0,000131
obsessed 2,659260 0,000341
obsolete 0,446287 0,000057
obstacle 0,891598 0,000114
obstacles 0,798508 0,000102
obstinacy 1,108663 0,000142
obstinate 0,713350 0,000091
obstinately 1,272966 0,000163
obtrusion 3,506558 0,000449
obtrusive 2,302585 0,000295
obtrusiveness 3,506558 0,000449
obvious 0,415515 0,000053
occasion 0,105361 0,000013
occasional 0,510826 0,000065
occident 3,506558 0,000449
occidental 3,506558 0,000449
occidentals 3,912023 0,000501
occupied 0,235722 0,000030
occur 0,150823 0,000019
occurred 0,261365 0,000033
occurring 1,427116 0,000183
occurs 1,049822 0,000134
octavius 2,995732 0,000384
odious 0,941609 0,000121
odour 1,309333 0,000168
odoured 3,912023 0,000501
odours 1,714798 0,000220
offensive 0,693147 0,000089
offer 0,162519 0,000021
offered 0,139262 0,000018
offering 0,400478 0,000051
offerings 1,609438 0,000206
offers 0,198451 0,000025
office 0,072571 0,000009
official 0,235722 0,000030
oft 1,347074 0,000173
ofttimes 2,995732 0,000384
ogled 3,218876 0,000412
ogling 2,995732 0,000384
olive 0,994252 0,000127
omega 2,995732 0,000384
omen 1,386294 0,000178
omissions 2,525729 0,000323
omit 1,021651 0,000131
omniscient 2,407946 0,000308
oneself 1,386294 0,000178
online 0,510826 0,000065
onward 1,108663 0,000142
onwards 2,120264 0,000272
openly 0,494296 0,000063
operate 1,309333 0,000168
operation 0,693147 0,000089
operative 2,813411 0,000360
opinion 0,139262 0,000018
opinions 0,527633 0,000068
opportunities 0,235722 0,000030
opportunity 0,061875 0,000008
opposed 0,653926 0,000084
oppressed 0,693147 0,000089
oppressing 2,525729 0,000323
oppressive 1,171183 0,000150
optimism 2,302585 0,000295
optimistically 3,506558 0,000449
opus 2,813411 0,000360
orb 1,897120 0,000243
orbit 2,120264 0,000272
ordinary 0,186330 0,000024
ore 1,832581 0,000235
organ 0,776529 0,000099
organic 1,832581 0,000235
organised 2,040221 0,000261
organism 1,832581 0,000235
organisms 2,995732 0,000384
organized 0,356675 0,000046
organs 1,171183 0,000150
orient 1,897120 0,000243
oriental 1,108663 0,000142
origin 0,544727 0,000070
original 0,105361 0,000013
originally 0,673345 0,000086
originate 1,897120 0,000243
originated 1,237874 0,000159
originator 0,527633 0,000068
origins 2,995732 0,000384
orthodox 1,386294 0,000178
orthodoxy 2,407946 0,000308
ostrich 2,040221 0,000261
outburst 1,386294 0,000178
outbursts 2,040221 0,000261
outcast 1,386294 0,000178
outcry 1,427116 0,000183
outdated 0,562119 0,000072
outlook 1,771957 0,000227
outlooks 3,506558 0,000449
outrage 1,049822 0,000134
outrages 1,897120 0,000243
outstretched 1,108663 0,000142
outward 0,579818 0,000074
outwardly 1,309333 0,000168
outwit 2,995732 0,000384
overcame 0,941609 0,000121
overcome 0,261365 0,000033
overcoming 1,469676 0,000188
overdrunk 3,912023 0,000501
overflow 1,386294 0,000178
overflowing 0,994252 0,000127
overfull 3,506558 0,000449
overhead 0,843970 0,000108
overheated 3,218876 0,000412
overleap 2,995732 0,000384
overleapt 3,912023 0,000501
overlook 1,021651 0,000131
overlooked 0,776529 0,000099
overmuch 2,040221 0,000261
overpersuade 3,912023 0,000501
overpowering 1,309333 0,000168
overreaching 3,218876 0,000412
overslept 2,525729 0,000323
overspread 1,347074 0,000173
overswinging 3,912023 0,000501
overtake 0,755023 0,000097
overtaken 0,967584 0,000124
overthrow 1,203973 0,000154
overwhelming 1,049822 0,000134
owe 0,494296 0,000063
owed 0,139262 0,000018
owl 1,309333 0,000168
owls 1,832581 0,000235
owner 0,116534 0,000015
ox 0,941609 0,000121
oyster 1,660731 0,000213
paces 0,673345 0,000086
padded 2,040221 0,000261
paean 2,995732 0,000384
pagan 1,560648 0,000200
paid 0,061875 0,000008
pail 1,469676 0,000188
pain 0,174353 0,000022
painful 0,328504 0,000042
painfullest 3,912023 0,000501
pains 0,301105 0,000039
paint 0,693147 0,000089
painted 0,356675 0,000046
paints 1,660731 0,000213
pair 0,235722 0,000030
paired 2,813411 0,000360
pairs 1,171183 0,000150
palates 2,813411 0,000360
palazzo 2,813411 0,000360
pale 0,198451 0,000025
pallid 1,237874 0,000159
palm 0,494296 0,000063
palms 0,820981 0,000105
pamphlet 1,966113 0,000252
panes 1,386294 0,000178
pangs 1,078810 0,000138
panther 1,897120 0,000243
pantherlike 3,912023 0,000501
panting 0,597837 0,000077
paper 0,083382 0,000011
paperwork 0,562119 0,000072
par 1,386294 0,000178
parable 1,714798 0,000220
parables 2,525729 0,000323
parade 1,309333 0,000168
paradisal 3,912023 0,000501
paradises 2,995732 0,000384
paragon 2,659260 0,000341
paragraph 0,328504 0,000042
paragraphs 0,494296 0,000063
paralysed 2,120264 0,000272
paralysing 2,813411 0,000360
paramount 1,714798 0,000220
parasite 2,525729 0,000323
parasites 2,207275 0,000283
pardon 0,301105 0,000039
pardons 2,407946 0,000308
parents 0,314711 0,000040
parody 2,302585 0,000295
parqueted 3,506558 0,000449
pars 2,995732 0,000384
parsifal 3,506558 0,000449
partake 1,171183 0,000150
partakers 2,207275 0,000283
partially 0,967584 0,000124
participate 1,714798 0,000220
particle 1,309333 0,000168
partly 0,301105 0,000039
party 0,061875 0,000008
pass 0,040822 0,000005
passage 0,139262 0,000018
passages 0,527633 0,000068
passed 0,040822 0,000005
passers 1,386294 0,000178
passing 0,094311 0,000012
passion 0,186330 0,000024
passionate 0,634878 0,000081
passionately 0,941609 0,000121
passions 0,478036 0,000061
passive 0,941609 0,000121
pastime 1,347074 0,000173
pasture 1,203973 0,000154
patches 0,941609 0,000121
path 0,198451 0,000025
pathos 1,309333 0,000168
paths 0,755023 0,000097
pathways 2,659260 0,000341
patience 0,139262 0,000018
patient 0,274437 0,000035
patientest 3,912023 0,000501
patiently 0,733969 0,000094
patter 2,120264 0,000272
paul 0,798508 0,000102
pause 0,371064 0,000048
paused 0,562119 0,000072
paw 1,560648 0,000200
paws 1,237874 0,000159
pay 0,051293 0,000007
paying 0,116534 0,000015
paymaster 2,407946 0,000308
payments 0,415515 0,000053
pays 0,994252 0,000127
peace 0,094311 0,000012
peaceable 1,347074 0,000173
peaceful 0,478036 0,000061
peacefully 1,108663 0,000142
peacock 1,771957 0,000227
peacocks 2,207275 0,000283
peak 1,171183 0,000150
peaks 1,514128 0,000194
peal 1,309333 0,000168
peals 1,771957 0,000227
pearls 1,078810 0,000138
peasant 0,967584 0,000124
pebbles 1,427116 0,000183
peck 1,897120 0,000243
peculiar 0,223144 0,000029
peer 1,386294 0,000178
peevish 1,771957 0,000227
pen 0,371064 0,000048
penalties 1,514128 0,000194
penalty 1,049822 0,000134
penance 1,514128 0,000194
pencilled 2,525729 0,000323
pencils 2,207275 0,000283
penetrate 0,867501 0,000111
penetrated 0,843970 0,000108
penetrating 0,967584 0,000124
penitence 1,514128 0,000194
penitent 1,237874 0,000159
penitential 2,659260 0,000341
penitents 2,659260 0,000341
pennies 2,207275 0,000283
penultimate 3,218876 0,000412
people 0,010050 0,000001
peoples 1,514128 0,000194
perambulating 2,659260 0,000341
perceive 0,356675 0,000046
perceived 0,400478 0,000051
perception 1,139434 0,000146
perceptions 1,714798 0,000220
perchance 1,386294 0,000178
perched 1,347074 0,000173
perfect 0,072571 0,000009
perfection 0,478036 0,000061
perfectly 0,162519 0,000021
perforce 1,609438 0,000206
perform 0,150823 0,000019
performance 0,478036 0,000061
performances 0,314711 0,000040
performed 0,127833 0,000016
performing 0,261365 0,000033
perfume 1,139434 0,000146
perilous 0,798508 0,000102
period 0,274437 0,000035
periodic 0,544727 0,000070
periods 0,867501 0,000111
perish 0,733969 0,000094
perishable 2,120264 0,000272
perishableness 3,506558 0,000449
perished 0,733969 0,000094
perishing 1,469676 0,000188
perjurers 3,912023 0,000501
permanent 0,223144 0,000029
permission 0,150823 0,000019
permitted 0,105361 0,000013
pernicious 1,560648 0,000200
perplexity 0,776529 0,000099
persecute 2,040221 0,000261
persecuted 1,237874 0,000159
persecution 1,237874 0,000159
persian 1,347074 0,000173
persians 1,897120 0,000243
persist 1,309333 0,000168
persistent 1,347074 0,000173
persistently 1,560648 0,000200
person 0,010050 0,000001
personal 0,223144 0,000029
personality 0,967584 0,000124
personally 0,798508 0,000102
persons 0,210721 0,000027
perspiration 1,237874 0,000159
perspired 2,813411 0,000360
persuade 0,446287 0,000057
persuaded 0,527633 0,000068
persuading 1,049822 0,000134
persuasive 1,714798 0,000220
pertain 2,659260 0,000341
pessimism 2,659260 0,000341
pessimist 2,302585 0,000295
pessimistic 2,995732 0,000384
pessimists 3,506558 0,000449
pestles 3,912023 0,000501
peter 0,820981 0,000105
pettily 3,506558 0,000449
pettiness 2,407946 0,000308
petty 0,776529 0,000099
phantasies 3,506558 0,000449
phantasy 2,995732 0,000384
phantom 1,078810 0,000138
phantoms 1,609438 0,000206
pharisees 2,995732 0,000384
phenomena 1,272966 0,000163
philanthropist 2,302585 0,000295
philanthropy 1,771957 0,000227
philologists 3,218876 0,000412
philosopher 0,798508 0,000102
philosophers 0,994252 0,000127
philosophical 1,049822 0,000134
philosophy 0,597837 0,000077
phoenix 2,407946 0,000308
phrase 0,174353 0,000022
phrases 0,820981 0,000105
physical 0,198451 0,000025
physician 0,693147 0,000089
physicians 1,272966 0,000163
physiological 2,525729 0,000323
piano 1,139434 0,000146
piazza 2,120264 0,000272
pick 0,415515 0,000053
picked 0,400478 0,000051
pickers 2,659260 0,000341
pickpockets 2,813411 0,000360
picture 0,248461 0,000032
pictured 1,049822 0,000134
pictures 0,415515 0,000053
piece 0,072571 0,000009
pieces 0,139262 0,000018
pied 2,995732 0,000384
pierce 0,916291 0,000117
pierced 0,693147 0,000089
piercing 0,843970 0,000108
piers 2,525729 0,000323
piety 1,078810 0,000138
pig 0,634878 0,000081
pillar 0,916291 0,000117
pillars 0,867501 0,000111
pillows 1,139434 0,000146
pin 0,713350 0,000091
pinchbeck 3,218876 0,000412
pine 0,673345 0,000086
pines 1,469676 0,000188
pinion 2,407946 0,000308
pinions 2,407946 0,000308
pioneers 2,207275 0,000283
pious 0,733969 0,000094
piously 1,966113 0,000252
pipe 0,494296 0,000063
piper 2,525729 0,000323
pipes 0,776529 0,000099
piping 1,832581 0,000235
pit 0,733969 0,000094
pitch 0,342490 0,000044
pitiable 1,347074 0,000173
pitiably 3,506558 0,000449
pitiful 0,798508 0,000102
pits 1,386294 0,000178
pitted 2,407946 0,000308
pity 0,150823 0,000019
pitying 1,272966 0,000163
plagiarised 3,506558 0,000449
plague 0,755023 0,000097
plain 0,040822 0,000005
plainest 2,040221 0,000261
plainly 0,261365 0,000033
plains 0,967584 0,000124
plaint 2,302585 0,000295
plaints 2,659260 0,000341
plan 0,261365 0,000033
planks 1,078810 0,000138
plant 0,579818 0,000074
plantation 1,469676 0,000188
plants 0,527633 0,000068
plashing 2,995732 0,000384
plastic 2,207275 0,000283
plat 2,525729 0,000323
platters 2,525729 0,000323
play 0,072571 0,000009
played 0,198451 0,000025
player 1,139434 0,000146
players 1,108663 0,000142
playfully 2,040221 0,000261
playfulness 2,302585 0,000295
playing 0,186330 0,000024
playmates 2,407946 0,000308
plays 0,634878 0,000081
plaything 1,832581 0,000235
playthings 2,040221 0,000261
plea 1,139434 0,000146
plead 0,867501 0,000111
pleading 1,272966 0,000163
pleasant 0,162519 0,000021
pleasanter 1,108663 0,000142
pleasantly 0,820981 0,000105
pleasantry 1,469676 0,000188
pleased 0,150823 0,000019
pleasing 0,653926 0,000084
pleasingly 3,218876 0,000412
pleasure 0,051293 0,000007
pleasures 0,653926 0,000084
pledge 0,916291 0,000117
pledged 1,108663 0,000142
pledging 2,659260 0,000341
plenteously 3,218876 0,000412
plenum 2,995732 0,000384
plexus 3,506558 0,000449
pliant 2,302585 0,000295
ploughing 1,771957 0,000227
ploughshare 2,813411 0,000360
pluck 0,967584 0,000124
plume 1,560648 0,000200
plumes 1,309333 0,000168
plump 1,078810 0,000138
plundering 2,040221 0,000261
plunge 0,733969 0,000094
plunged 0,544727 0,000070
plurality 2,120264 0,000272
poem 0,967584 0,000124
poet 0,597837 0,000077
poetasters 3,218876 0,000412
poetess 3,218876 0,000412
poetic 1,347074 0,000173
poetical 1,514128 0,000194
poetry 0,693147 0,000089
poets 0,916291 0,000117
poised 1,469676 0,000188
poison 0,446287 0,000057
poisoned 1,237874 0,000159
poisoners 3,218876 0,000412
poisonous 1,272966 0,000163
poisons 2,120264 0,000272
poking 1,469676 0,000188
pole 0,597837 0,000077
polemical 3,218876 0,000412
policemen 1,609438 0,000206
policy 0,820981 0,000105
politeness 0,798508 0,000102
political 0,562119 0,000072
politics 0,713350 0,000091
polluted 1,609438 0,000206
pollution 2,040221 0,000261
pomp 1,021651 0,000131
pondering 1,237874 0,000159
ponds 1,966113 0,000252
pontiff 2,525729 0,000323
pools 1,309333 0,000168
poor 0,030459 0,000004
poorer 1,049822 0,000134
poorest 1,386294 0,000178
pope 0,941609 0,000121
poppies 2,407946 0,000308
poppy 2,659260 0,000341
populace 1,660731 0,000213
popular 0,430783 0,000055
portals 1,966113 0,000252
portent 2,525729 0,000323
portentous 1,714798 0,000220
portion 0,356675 0,000046
portions 0,891598 0,000114
porto 2,995732 0,000384
portrait 0,634878 0,000081
position 0,162519 0,000021
positions 0,941609 0,000121
possess 0,356675 0,000046
possessed 0,094311 0,000012
possessedness 3,912023 0,000501
possesses 0,820981 0,000105
possessing 0,891598 0,000114
possession 0,083382 0,000011
possessor 1,139434 0,000146
possibility 0,162519 0,000021
post 0,248461 0,000032
posted 0,301105 0,000039
posterity 1,139434 0,000146
posthumously 3,912023 0,000501
posts 0,713350 0,000091
postscript 1,771957 0,000227
posturing 3,218876 0,000412
pot 0,597837 0,000077
potent 1,309333 0,000168
potentate 2,813411 0,000360
pots 0,994252 0,000127
potter 1,469676 0,000188
pouncing 2,813411 0,000360
pour 0,544727 0,000070
poverty 0,446287 0,000057
power 0,030459 0,000004
powerful 0,223144 0,000029
powers 0,248461 0,000032
practically 0,235722 0,000030
practice 0,162519 0,000021
practise 0,967584 0,000124
practised 0,733969 0,000094
practises 2,659260 0,000341
practising 1,386294 0,000178
prairie 2,120264 0,000272
praise 0,371064 0,000048
praised 0,653926 0,000084
praiser 3,218876 0,000412
praises 0,941609 0,000121
praising 1,386294 0,000178
prate 2,302585 0,000295
pray 0,371064 0,000048
prayed 0,673345 0,000086
prayers 0,478036 0,000061
praying 0,798508 0,000102
preach 1,049822 0,000134
preached 1,237874 0,000159
preacher 1,203973 0,000154
preachers 1,660731 0,000213
preaching 1,347074 0,000173
precaution 0,941609 0,000121
precede 1,832581 0,000235
preceded 0,653926 0,000084
precept 1,609438 0,000206
preceptors 2,813411 0,000360
precepts 1,309333 0,000168
precincts 1,514128 0,000194
precious 0,162519 0,000021
precipice 1,203973 0,000154
precipitous 1,897120 0,000243
precisely 0,510826 0,000065
precision 0,798508 0,000102
precursors 2,995732 0,000384
predestined 2,207275 0,000283
predilection 2,407946 0,000308
preface 0,733969 0,000094
prefer 0,385662 0,000049
preferably 2,995732 0,000384
pregnancy 2,120264 0,000272
pregnant 1,272966 0,000163
prejudice 0,733969 0,000094
prelude 1,469676 0,000188
premature 1,203973 0,000154
premonitions 3,912023 0,000501
preparation 0,579818 0,000074
prepare 0,162519 0,000021
prepared 0,105361 0,000013
prerequisites 3,912023 0,000501
presage 2,407946 0,000308
presaged 2,659260 0,000341
presaging 2,659260 0,000341
presence 0,094311 0,000012
presently 0,385662 0,000049
preservation 1,049822 0,000134
preserve 0,150823 0,000019
preserved 0,415515 0,000053
preserves 1,108663 0,000142
presided 1,237874 0,000159
press 0,274437 0,000035
pressed 0,274437 0,000035
pressing 0,385662 0,000049
pressure 0,527633 0,000068
presume 0,634878 0,000081
presumption 1,049822 0,000134
presumptuousness 3,912023 0,000501
pretend 0,446287 0,000057
pretty 0,150823 0,000019
prevalence 1,832581 0,000235
prevent 0,083382 0,000011
prevented 0,328504 0,000042
previous 0,094311 0,000012
prey 0,527633 0,000068
preying 2,525729 0,000323
price 0,314711 0,000040
prick 1,660731 0,000213
prickly 2,525729 0,000323
pride 0,150823 0,000019
priest 0,634878 0,000081
priests 1,021651 0,000131
primary 1,660731 0,000213
primates 3,506558 0,000449
primitive 0,941609 0,000121
prince 0,462035 0,000059
princes 0,843970 0,000108
principle 0,430783 0,000055
principles 0,510826 0,000065
print 0,261365 0,000033
printed 0,174353 0,000022
prison 0,287682 0,000037
prisoner 0,385662 0,000049
prisoners 0,941609 0,000121
prisons 1,427116 0,000183
private 0,198451 0,000025
privately 1,171183 0,000150
privations 2,120264 0,000272
privilege 0,527633 0,000068
probability 0,776529 0,000099
proceed 0,301105 0,000039
proceeded 0,274437 0,000035
proceeding 0,510826 0,000065
proceeds 0,916291 0,000117
process 0,400478 0,000051
processes 1,714798 0,000220
processing 0,562119 0,000072
procession 0,733969 0,000094
proclaimed 0,941609 0,000121
proclaimer 3,506558 0,000449
procreating 3,506558 0,000449
procreation 2,525729 0,000323
procreators 3,912023 0,000501
prodigious 1,021651 0,000131
prodigy 1,771957 0,000227
produce 0,127833 0,000016
produced 0,105361 0,000013
producing 0,713350 0,000091
product 1,237874 0,000159
production 0,314711 0,000040
profess 1,203973 0,000154
professional 0,820981 0,000105
professor 0,287682 0,000037
profit 0,248461 0,000032
profits 0,314711 0,000040
profound 0,462035 0,000059
profoundest 1,714798 0,000220
profoundly 0,994252 0,000127
profoundness 3,506558 0,000449
prognostic 3,506558 0,000449
prognosticator 3,506558 0,000449
progress 0,174353 0,000022
prohibition 0,430783 0,000055
project -0,009950 -0,000001
projected 1,139434 0,000146
prologue 2,407946 0,000308
prolonged 0,597837 0,000077
prominent 0,967584 0,000124
prominently 0,494296 0,000063
promiscuous 2,040221 0,000261
promise 0,116534 0,000015
promised 0,198451 0,000025
promiser 3,506558 0,000449
promising 0,430783 0,000055
promontory 1,609438 0,000206
promote 1,386294 0,000178
promoted 1,237874 0,000159
promotes 2,525729 0,000323
promoting 0,430783 0,000055
promotion 0,342490 0,000044
prompter 2,813411 0,000360
promptings 2,407946 0,000308
promulgated 2,525729 0,000323
prone 1,078810 0,000138
pronounced 0,446287 0,000057
pronouncements 3,506558 0,000449
proof 0,287682 0,000037
proofread 0,562119 0,000072
proofs 0,798508 0,000102
propagate 2,407946 0,000308
proper 0,061875 0,000008
properly 0,385662 0,000049
property 0,127833 0,000016
prophet 0,994252 0,000127
prophetic 1,560648 0,000200
prophets 1,386294 0,000178
proportion 0,371064 0,000048
proposal 0,733969 0,000094
proprietary 0,562119 0,000072
prospective 1,832581 0,000235
prostitution 2,525729 0,000323
prostrate 0,843970 0,000108
prostrated 1,966113 0,000252
protect 0,186330 0,000024
protected 0,415515 0,000053
protecting 1,309333 0,000168
protection 0,314711 0,000040
protest 0,798508 0,000102
proudly 0,733969 0,000094
prove 0,174353 0,000022
proved 0,116534 0,000015
proverb 1,108663 0,000142
proverbs 1,897120 0,000243
proves 0,776529 0,000099
provide 0,162519 0,000021
providence 0,693147 0,000089
providing 0,261365 0,000033
province 0,891598 0,000114
proving 0,820981 0,000105
provision 0,248461 0,000032
provisions 0,223144 0,000029
provoke 0,891598 0,000114
prowl 2,407946 0,000308
prowled 2,407946 0,000308
proximity 1,609438 0,000206
prudence 0,713350 0,000091
prudent 0,616186 0,000079
prudently 1,514128 0,000194
prying 1,560648 0,000200
psalm 1,514128 0,000194
psalmodic 3,506558 0,000449
psychological 1,660731 0,000213
psychology 1,897120 0,000243
public 0,083382 0,000011
publication 1,171183 0,000150
publications 2,302585 0,000295
published 0,579818 0,000074
publisher 1,514128 0,000194
publishers 1,771957 0,000227
puffed 1,272966 0,000163
pull 0,328504 0,000042
pulled 0,371064 0,000048
pulling 0,634878 0,000081
pulls 1,832581 0,000235
punctuation 1,966113 0,000252
punish 0,597837 0,000077
punishing 1,714798 0,000220
punishment 0,301105 0,000039
punitive 0,562119 0,000072
puny 1,771957 0,000227
pupils 0,891598 0,000114
puppet 2,302585 0,000295
puppets 2,120264 0,000272
purblind 2,813411 0,000360
purchase 0,527633 0,000068
purchased 0,798508 0,000102
purchaser 1,609438 0,000206
pure 0,150823 0,000019
purely 0,713350 0,000091
purest 1,108663 0,000142
purged 1,771957 0,000227
purify 1,560648 0,000200
puritans 2,525729 0,000323
purity 0,776529 0,000099
purlieus 3,218876 0,000412
purple 0,616186 0,000079
purpose 0,040822 0,000005
purposer 3,912023 0,000501
purr 2,995732 0,000384
pursue 0,510826 0,000065
pursued 0,328504 0,000042
pursues 1,660731 0,000213
pursuit 0,328504 0,000042
push 0,562119 0,000072
pushed 0,400478 0,000051
pushing 0,755023 0,000097
pusillanimous 2,659260 0,000341
putridly 3,912023 0,000501
puzzle 1,021651 0,000131
puzzles 1,771957 0,000227
pyramidal 3,218876 0,000412
pyres 3,218876 0,000412
quaffed 2,813411 0,000360
quail 2,207275 0,000283
quaked 2,207275 0,000283
qualities 0,446287 0,000057
quality 0,274437 0,000035
quarrel 0,328504 0,000042
quarter 0,223144 0,000029
quench 1,309333 0,000168
quest 0,776529 0,000099
question 0,051293 0,000007
questionable 1,714798 0,000220
questioning 0,798508 0,000102
questioningly 2,659260 0,000341
questionings 2,525729 0,000323
questions 0,127833 0,000016
quick 0,139262 0,000018
quiet 0,116534 0,000015
quietly 0,261365 0,000033
quivering 0,798508 0,000102
quod 2,207275 0,000283
quotations 1,897120 0,000243
rabbits 1,660731 0,000213
rabble 1,771957 0,000227
race 0,198451 0,000025
races 0,713350 0,000091
racing 1,427116 0,000183
racked 1,714798 0,000220
radically 2,659260 0,000341
rag 1,203973 0,000154
rage 0,261365 0,000033
raged 1,272966 0,000163
raging 0,653926 0,000084
rags 0,916291 0,000117
rail 0,798508 0,000102
railing 1,386294 0,000178
railings 2,120264 0,000272
raillery 1,966113 0,000252
raiment 1,714798 0,000220
rain 0,223144 0,000029
rainbow 1,272966 0,000163
rainbows 2,120264 0,000272
rainy 0,967584 0,000124
raise 0,174353 0,000022
raised 0,061875 0,000008
raises 1,171183 0,000150
raising 0,274437 0,000035
rally 1,609438 0,000206
rambler 2,659260 0,000341
range 0,446287 0,000057
rank 0,287682 0,000037
ransom 1,386294 0,000178
rapacity 2,407946 0,000308
rapallo 3,912023 0,000501
rapid 0,371064 0,000048
rapidly 0,371064 0,000048
rapture 0,967584 0,000124
raptures 1,560648 0,000200
rapturous 1,714798 0,000220
rare 0,274437 0,000035
rarely 0,527633 0,000068
rarer 2,207275 0,000283
rarest 1,897120 0,000243
rashly 1,560648 0,000200
rate 0,274437 0,000035
rationality 3,506558 0,000449
rattle 0,891598 0,000114
rattling 0,916291 0,000117
raving 1,309333 0,000168
ray 0,798508 0,000102
reach 0,051293 0,000007
reached 0,127833 0,000016
reaches 0,820981 0,000105
reaching 0,083382 0,000011
read 0,020203 0,000003
readable 0,510826 0,000065
reader 0,342490 0,000044
readers 0,776529 0,000099
readiest 1,966113 0,000252
reading 0,061875 0,000008
reads 0,867501 0,000111
ready 0,030459 0,000004
real 0,040822 0,000005
realer 3,912023 0,000501
realise 1,347074 0,000173
realised 1,309333 0,000168
realises 2,995732 0,000384
realities 1,347074 0,000173
reality 0,328504 0,000042
realm 1,021651 0,000131
reaped 1,609438 0,000206
reapers 2,207275 0,000283
rear 0,527633 0,000068
reared 0,891598 0,000114
rearing 1,514128 0,000194
reason 0,010050 0,000001
reasonable 0,116534 0,000015
reasons 0,223144 0,000029
reawakened 2,813411 0,000360
rebel 1,078810 0,000138
rebellious 1,049822 0,000134
rebukes 2,659260 0,000341
recalls 1,609438 0,000206
receded 1,660731 0,000213
receipt 0,314711 0,000040
receive 0,083382 0,000011
received 0,040822 0,000005
receiver 1,966113 0,000252
receives 0,916291 0,000117
receiving 0,116534 0,000015
reception 0,693147 0,000089
rechristening 3,506558 0,000449
reckoned 0,653926 0,000084
reckoning 0,843970 0,000108
recline 2,525729 0,000323
recluse 2,207275 0,000283
recognise 1,049822 0,000134
recognised 0,891598 0,000114
recognising 1,660731 0,000213
recognition 0,713350 0,000091
recoil 1,966113 0,000252
recoils 2,995732 0,000384
recollection 0,616186 0,000079
recollections 1,272966 0,000163
recommending 1,714798 0,000220
recompense 1,309333 0,000168
reconcile 0,967584 0,000124
reconciled 0,891598 0,000114
reconcilers 3,912023 0,000501
reconciliation 1,049822 0,000134
reconciliations 3,506558 0,000449
recondite 2,813411 0,000360
reconnoitre 2,407946 0,000308
reconsider 2,407946 0,000308
record 0,400478 0,000051
recourse 1,171183 0,000150
recover 0,356675 0,000046
recovered 0,385662 0,000049
recovering 0,755023 0,000097
recovery 0,616186 0,000079
recreation 1,514128 0,000194
rectangular 2,813411 0,000360
recuperate 2,995732 0,000384
recurrence 1,771957 0,000227
recurring 1,347074 0,000173
red 0,072571 0,000009
redeem 1,021651 0,000131
redeemed 1,272966 0,000163
redeemer 2,407946 0,000308
redeeming 1,771957 0,000227
redemption 1,272966 0,000163
redistribute 0,544727 0,000070
redistributing 0,562119 0,000072
redistribution 0,562119 0,000072
reel 1,427116 0,000183
reeling 1,514128 0,000194
refer 0,653926 0,000084
reference 0,562119 0,000072
references 0,430783 0,000055
referred 0,616186 0,000079
referring 0,967584 0,000124
refers 1,203973 0,000154
refined 0,798508 0,000102
reflecting 0,755023 0,000097
reflection 0,356675 0,000046
reformer 1,966113 0,000252
reforming 1,897120 0,000243
reforms 2,120264 0,000272
refractory 1,771957 0,000227
refrain 0,776529 0,000099
refraining 2,659260 0,000341
refresh 1,272966 0,000163
refreshing 1,139434 0,000146
refreshment 0,941609 0,000121
refrigerated 3,912023 0,000501
refuge 0,446287 0,000057
refund 0,562119 0,000072
refuses 1,272966 0,000163
refutation 2,525729 0,000323
refutations 3,218876 0,000412
refute 1,832581 0,000235
refuted 1,832581 0,000235
regained 0,891598 0,000114
regard 0,150823 0,000019
regarded 0,301105 0,000039
regions 0,891598 0,000114
registered 0,430783 0,000055
regret 0,385662 0,000049
regulating 0,415515 0,000053
reigning 1,427116 0,000183
reins 1,049822 0,000134
reinstate 2,659260 0,000341
rejoice 0,843970 0,000108
rejoiced 0,776529 0,000099
rejoicers 3,912023 0,000501
rejoicing 0,967584 0,000124
rejuvenated 2,995732 0,000384
relapse 1,386294 0,000178
relate 0,562119 0,000072
relating 1,021651 0,000131
relation 0,446287 0,000057
relations 0,287682 0,000037
relationship 0,967584 0,000124
relative 0,693147 0,000089
relatives 0,941609 0,000121
relativist 3,912023 0,000501
relativity 2,995732 0,000384
relax 1,386294 0,000178
relaxation 1,771957 0,000227
relaxed 0,994252 0,000127
release 0,210721 0,000027
relief 0,198451 0,000025
relieve 0,544727 0,000070
relieved 0,478036 0,000061
religion 0,446287 0,000057
religious 0,446287 0,000057
remain 0,040822 0,000005
remained 0,116534 0,000015
remaining 0,094311 0,000012
remains 0,150823 0,000019
remark 0,314711 0,000040
remarkable 0,235722 0,000030
remarks 0,462035 0,000059
remedies 0,415515 0,000053
remember 0,083382 0,000011
remembered 0,162519 0,000021
remembrance 0,733969 0,000094
remembrances 2,040221 0,000261
reminded 0,527633 0,000068
reminiscent 2,995732 0,000384
remnant 1,237874 0,000159
remote 0,544727 0,000070
remotely 2,120264 0,000272
remoteness 2,207275 0,000283
remoter 1,966113 0,000252
remotest 1,514128 0,000194
remove 0,127833 0,000016
removed 0,061875 0,000008
renaissance 2,302585 0,000295
renamed 0,562119 0,000072
rend 1,514128 0,000194
render 0,371064 0,000048
rendered 0,527633 0,000068
rending 1,386294 0,000178
renounce 1,237874 0,000159
renounced 1,427116 0,000183
renounces 2,995732 0,000384
renowned 1,171183 0,000150
renunciation 2,207275 0,000283
repast 1,171183 0,000150
repasts 2,659260 0,000341
repay 0,891598 0,000114
repeated 0,127833 0,000016
repelled 1,309333 0,000168
repelling 2,120264 0,000272
repetitions 1,966113 0,000252
replace 0,342490 0,000044
replacement 0,562119 0,000072
replied 0,235722 0,000030
replies 0,994252 0,000127
reply 0,174353 0,000022
reported 0,162519 0,000021
reports 0,261365 0,000033
repose 0,544727 0,000070
represent 0,494296 0,000063
representations 0,356675 0,000046
represented 0,462035 0,000059
representing 0,891598 0,000114
represents 1,021651 0,000131
reproach 0,371064 0,000048
reproaches 1,049822 0,000134
reprobate 2,207275 0,000283
reproving 2,525729 0,000323
reptile 1,771957 0,000227
repugnant 1,771957 0,000227
repulsive 1,049822 0,000134
reputation 0,385662 0,000049
repute 1,469676 0,000188
request 0,127833 0,000016
requests 1,469676 0,000188
require 0,127833 0,000016
required 0,083382 0,000011
requirements 0,415515 0,000053
requires 0,673345 0,000086
requisite 1,108663 0,000142
requital 2,995732 0,000384
requite 2,120264 0,000272
resemble 0,994252 0,000127
resented 1,203973 0,000154
resentful 1,966113 0,000252
resenting 2,040221 0,000261
resentment 0,820981 0,000105
reservation 1,832581 0,000235
reserve 0,478036 0,000061
reside 1,171183 0,000150
resignation 0,994252 0,000127
resist 0,430783 0,000055
resistance 0,430783 0,000055
resisted 0,776529 0,000099
resists 1,771957 0,000227
resolution 0,462035 0,000059
resolved 0,342490 0,000044
resolving 1,714798 0,000220
resort 0,891598 0,000114
resound 2,207275 0,000283
resounded 1,021651 0,000131
respect 0,094311 0,000012
respectable 0,430783 0,000055
respected 0,673345 0,000086
respecting 1,139434 0,000146
respects 0,527633 0,000068
respond 1,386294 0,000178
response 0,916291 0,000117
responsibility 0,776529 0,000099
responsible 0,693147 0,000089
rest 0,010050 0,000001
restate 3,912023 0,000501
rested 0,314711 0,000040
resting 0,314711 0,000040
restless 0,478036 0,000061
restored 0,385662 0,000049
restrain 0,673345 0,000086
restrained 0,776529 0,000099
restricted 1,560648 0,000200
restrictedly 3,912023 0,000501
restrictions 0,385662 0,000049
result 0,174353 0,000022
resurrected 3,218876 0,000412
resurrections 3,506558 0,000449
retain 0,597837 0,000077
retaliates 3,506558 0,000449
retire 0,673345 0,000086
retired 0,342490 0,000044
retiring 0,843970 0,000108
retreat 0,494296 0,000063
retreated 0,916291 0,000117
retribution 1,714798 0,000220
retrieve 2,407946 0,000308
return 0,040822 0,000005
returned 0,061875 0,000008
returning 0,127833 0,000016
returns 0,235722 0,000030
reveal 0,616186 0,000079
revealed 0,415515 0,000053
reveals 1,386294 0,000178
revelation 0,820981 0,000105
reveller 3,912023 0,000501
revenge 0,544727 0,000070
revenged 1,660731 0,000213
revengeful 1,469676 0,000188
revengefulness 3,506558 0,000449
revenue 0,371064 0,000048
revered 1,609438 0,000206
reverence 0,634878 0,000081
reverent 1,771957 0,000227
reverential 1,897120 0,000243
reverentially 3,506558 0,000449
reverently 1,514128 0,000194
reverers 3,912023 0,000501
reveres 2,659260 0,000341
reverse 0,579818 0,000074
reversed 1,171183 0,000150
revile 2,207275 0,000283
reviled 2,040221 0,000261
revised 1,966113 0,000252
revisiting 3,218876 0,000412
revived 0,820981 0,000105
revolution 0,713350 0,000091
revolutionists 2,659260 0,000341
revolutions 1,272966 0,000163
revolve 1,771957 0,000227
revolved 1,660731 0,000213
revulsion 1,660731 0,000213
reward 0,328504 0,000042
rewarded 0,713350 0,000091
rhyme 1,609438 0,000206
rhymed 2,659260 0,000341
rhymes 1,771957 0,000227
rhythm 1,966113 0,000252
rhythmic 2,302585 0,000295
ribs 1,021651 0,000131
rich 0,139262 0,000018
richard 1,021651 0,000131
riches 0,798508 0,000102
richest 0,916291 0,000117
richter 3,912023 0,000501
rid 0,223144 0,000029
riddle 1,203973 0,000154
riddles 1,714798 0,000220
ride 0,462035 0,000059
rider 1,078810 0,000138
ridge 0,994252 0,000127
ridges 1,469676 0,000188
rife 2,407946 0,000308
righteous 1,203973 0,000154
righteousness 1,427116 0,000183
rightly 0,430783 0,000055
rigorous 1,560648 0,000200
rigorously 1,966113 0,000252
ripe 0,820981 0,000105
ripened 1,966113 0,000252
ripped 1,386294 0,000178
rise 0,040822 0,000005
risen 0,342490 0,000044
rises 0,634878 0,000081
rising 0,116534 0,000015
risk 0,371064 0,000048
risked 1,514128 0,000194
rival 0,597837 0,000077
river 0,174353 0,000022
road 0,150823 0,000019
roads 0,597837 0,000077
roadstead 2,525729 0,000323
roar 0,597837 0,000077
roared 0,673345 0,000086
roaring 0,713350 0,000091
roast 0,994252 0,000127
rob 0,653926 0,000084
robbed 0,733969 0,000094
robber 0,891598 0,000114
robbers 1,078810 0,000138
robbing 1,309333 0,000168
robust 0,994252 0,000127
rock 0,385662 0,000049
rocks 0,446287 0,000057
rod 0,673345 0,000086
rods 1,309333 0,000168
rogue 1,272966 0,000163
roguish 2,407946 0,000308
roguishness 3,912023 0,000501
role 1,609438 0,000206
roll 0,415515 0,000053
rolled 0,356675 0,000046
rolling 0,415515 0,000053
roman 0,755023 0,000097
rome 0,713350 0,000091
romp 2,995732 0,000384
roof 0,223144 0,000029
roofs 0,994252 0,000127
root 0,385662 0,000049
roots 0,634878 0,000081
rope 0,616186 0,000079
ropes 1,021651 0,000131
rose 0,094311 0,000012
roses 0,941609 0,000121
rosy 1,078810 0,000138
rot 1,203973 0,000154
rotten 0,941609 0,000121
rottenness 2,407946 0,000308
rough 0,186330 0,000024
rounded 1,021651 0,000131
roundelay 3,912023 0,000501
route 1,049822 0,000134
rove 1,966113 0,000252
roved 2,120264 0,000272
rover 2,525729 0,000323
roving 1,469676 0,000188
row 0,544727 0,000070
royalties 0,527633 0,000068
royalty 0,385662 0,000049
rub 1,108663 0,000142
rubbish 1,108663 0,000142
ruffled 1,272966 0,000163
rugged 0,798508 0,000102
ruin 0,287682 0,000037
ruined 0,371064 0,000048
ruins 0,755023 0,000097
rule 0,198451 0,000025
ruled 0,967584 0,000124
ruler 1,108663 0,000142
rulers 1,469676 0,000188
rules 0,150823 0,000019
ruling 1,171183 0,000150
rumbling 1,609438 0,000206
ruminate 2,659260 0,000341
ruminating 2,120264 0,000272
rumour 1,272966 0,000163
rumoured 2,525729 0,000323
runners 1,660731 0,000213
runneth 3,218876 0,000412
ruptured 3,506558 0,000449
ruse 1,832581 0,000235
rush 0,287682 0,000037
rushed 0,478036 0,000061
rustiest 3,912023 0,000501
rustling 1,203973 0,000154
ruthlessly 1,771957 0,000227
sack 0,891598 0,000114
sacks 1,560648 0,000200
sacred 0,415515 0,000053
sacrifice 0,328504 0,000042
sacrificed 0,733969 0,000094
sacrificers 3,218876 0,000412
sacrifices 0,867501 0,000111
sacrificial 2,525729 0,000323
sacrificing 1,139434 0,000146
sad 0,223144 0,000029
saddles 1,897120 0,000243
sadly 0,510826 0,000065
sadness 0,820981 0,000105
sagacious 1,660731 0,000213
sagacities 3,912023 0,000501
sagacity 1,139434 0,000146
sage 0,916291 0,000117
sagely 2,659260 0,000341
sages 1,386294 0,000178
sail 0,634878 0,000081
sailor 0,755023 0,000097
sailors 0,916291 0,000117
sails 0,798508 0,000102
saint 0,673345 0,000086
saints 1,049822 0,000134
saintship 3,506558 0,000449
saith 1,714798 0,000220
sake 0,094311 0,000012
sallow 1,560648 0,000200
salt 0,116534 0,000015
salubrities 3,912023 0,000501
salvation 0,798508 0,000102
sanctified 1,560648 0,000200
sanctify 2,302585 0,000295
sanctuary 1,347074 0,000173
sand 0,597837 0,000077
sands 1,171183 0,000150
sang 0,415515 0,000053
sank 0,544727 0,000070
santa 1,771957 0,000227
sapped 2,995732 0,000384
sat 0,083382 0,000011
satiety 1,966113 0,000252
satire 1,660731 0,000213
satisfaction 0,186330 0,000024
satisfied 0,105361 0,000013
satisfiedness 3,912023 0,000501
satisfy 0,342490 0,000044
satyrs 2,407946 0,000308
savages 0,994252 0,000127
save 0,030459 0,000004
saved 0,274437 0,000035
saving 0,478036 0,000061
savior 2,813411 0,000360
saviour 1,203973 0,000154
saviours 2,995732 0,000384
savour 1,771957 0,000227
savoury 1,832581 0,000235
sayer 3,506558 0,000449
sayest 2,813411 0,000360
scab 2,659260 0,000341
scabby 3,912023 0,000501
scale 0,446287 0,000057
scales 1,049822 0,000134
scanty 0,941609 0,000121
scarcely 0,301105 0,000039
scare 1,427116 0,000183
scarecrow 2,813411 0,000360
scared 0,941609 0,000121
scarers 3,912023 0,000501
scathing 3,506558 0,000449
scattered 0,139262 0,000018
scene 0,198451 0,000025
scenes 0,494296 0,000063
scented 1,203973 0,000154
scepticism 1,771957 0,000227
scholar 0,798508 0,000102
scholars 1,049822 0,000134
school 0,174353 0,000022
schoolboys 2,120264 0,000272
schooling 1,897120 0,000243
schopenhauerian 3,506558 0,000449
science 0,446287 0,000057
scientific 0,776529 0,000099
scientists 2,525729 0,000323
scoffer 2,995732 0,000384
scope 1,139434 0,000146
scorch 2,659260 0,000341
scorched 1,386294 0,000178
scoring 3,506558 0,000449
scorn 0,562119 0,000072
scorner 3,506558 0,000449
scornful 1,203973 0,000154
scornfully 1,347074 0,000173
scorpion 2,302585 0,000295
scourge 1,427116 0,000183
scrape 1,203973 0,000154
scraps 1,272966 0,000163
scratch 0,916291 0,000117
scrawling 2,995732 0,000384
scream 0,693147 0,000089
screamed 0,733969 0,000094
scribbling 2,120264 0,000272
scribe 2,120264 0,000272
scrupulously 1,660731 0,000213
scrutinised 2,407946 0,000308
scrutinising 2,995732 0,000384
scuffle 1,832581 0,000235
sculptor 1,966113 0,000252
scum 1,771957 0,000227
scurry 3,218876 0,000412
sea 0,116534 0,000015
seafarer 3,506558 0,000449
seal 0,562119 0,000072
sealike 3,912023 0,000501
seals 1,347074 0,000173
seaman 1,514128 0,000194
search 0,051293 0,000007
searcher 2,407946 0,000308
searching 0,415515 0,000053
seas 0,916291 0,000117
season 0,287682 0,000037
seat 0,105361 0,000013
seated 0,223144 0,000029
seats 0,562119 0,000072
seceding 3,506558 0,000449
secondary 1,347074 0,000173
secrecy 0,820981 0,000105
secret 0,061875 0,000008
secretest 3,218876 0,000412
secretly 0,597837 0,000077
secrets 0,400478 0,000051
sectarians 3,912023 0,000501
secure 0,072571 0,000009
securities 2,040221 0,000261
security 0,544727 0,000070
seditious 2,120264 0,000272
seduce 1,714798 0,000220
seduced 1,386294 0,000178
seducing 2,302585 0,000295
seed 0,597837 0,000077
seek 0,198451 0,000025
seeker 1,966113 0,000252
seeking 0,274437 0,000035
seer 1,771957 0,000227
seethed 2,813411 0,000360
seize 0,446287 0,000057
seized 0,235722 0,000030
seizing 0,693147 0,000089
selah 3,218876 0,000412
seldom 0,301105 0,000039
seldomer 3,506558 0,000449
select 0,867501 0,000111
selection 1,139434 0,000146
selfish 0,798508 0,000102
selfishness 0,843970 0,000108
selfless 3,506558 0,000449
selfsame 2,207275 0,000283
semblance 1,049822 0,000134
send 0,030459 0,000004
sending 0,083382 0,000011
sends 0,544727 0,000070
senior 1,386294 0,000178
sensation 0,462035 0,000059
sensational 2,207275 0,000283
sensations 0,843970 0,000108
sense 0,051293 0,000007
sensitive 0,693147 0,000089
sensual 1,203973 0,000154
sensualists 3,218876 0,000412
sensuality 1,714798 0,000220
sentence 0,127833 0,000016
sentiment 0,478036 0,000061
sentimental 1,139434 0,000146
sentiments 0,820981 0,000105
separate 0,248461 0,000032
separated 0,274437 0,000035
separation 0,776529 0,000099
september 0,673345 0,000086
sequestered 2,407946 0,000308
serene 0,916291 0,000117
serenity 1,203973 0,000154
series 0,494296 0,000063
seriousness 1,469676 0,000188
sermon 1,021651 0,000131
serpent 0,755023 0,000097
serpents 1,469676 0,000188
servant 0,186330 0,000024
servants 0,162519 0,000021
serve 0,174353 0,000022
served 0,186330 0,000024
service 0,072571 0,000009
services 0,494296 0,000063
servile 1,309333 0,000168
serving 0,634878 0,000081
servitude 1,272966 0,000163
set 0,010050 0,000001
settled 0,127833 0,000016
seventh 0,562119 0,000072
severe 0,342490 0,000044
severed 1,347074 0,000173
severely 0,634878 0,000081
severest 1,560648 0,000200
severity 0,798508 0,000102
sex 0,562119 0,000072
sexes 1,049822 0,000134
shackles 2,813411 0,000360
shade 0,274437 0,000035
shades 0,916291 0,000117
shadow 0,223144 0,000029
shadows 0,494296 0,000063
shadowy 1,108663 0,000142
shady 0,994252 0,000127
shaft 0,916291 0,000117
shaggily 3,912023 0,000501
shaggy 1,049822 0,000134
shake 0,287682 0,000037
shaken 0,494296 0,000063
shaking 0,371064 0,000048
shallow 0,776529 0,000099
shalt 1,171183 0,000150
shambles 2,813411 0,000360
shame 0,223144 0,000029
shamefast 3,912023 0,000501
shameless 1,427116 0,000183
shamelessly 2,302585 0,000295
shape 0,186330 0,000024
shaped 0,527633 0,000068
share 0,040822 0,000005
shared 0,139262 0,000018
sharing 0,248461 0,000032
sharp 0,162519 0,000021
sharpened 1,049822 0,000134
sharper 1,469676 0,000188
sharpest 1,714798 0,000220
shatter 2,040221 0,000261
shattered 0,867501 0,000111
sheep 0,371064 0,000048
sheepish 2,120264 0,000272
sheeplike 3,912023 0,000501
sheet 0,446287 0,000057
shelter 0,342490 0,000044
shelved 2,995732 0,000384
shepherd 0,941609 0,000121
shepherds 1,469676 0,000188
shifted 1,139434 0,000146
shifting 0,891598 0,000114
shine 0,616186 0,000079
shining 0,385662 0,000049
ship 0,314711 0,000040
ships 0,653926 0,000084
shipwrecked 1,897120 0,000243
shiver 0,994252 0,000127
shivering 0,755023 0,000097
shoe 0,776529 0,000099
shoes 0,430783 0,000055
shone 0,494296 0,000063
shook 0,235722 0,000030
shoot 0,494296 0,000063
shopkeepers 2,040221 0,000261
shopman 2,659260 0,000341
shopmen 2,995732 0,000384
shore 0,342490 0,000044
shores 0,820981 0,000105
short 0,020203 0,000003
shortest 1,203973 0,000154
shortly 0,462035 0,000059
shot 0,223144 0,000029
shoulder 0,210721 0,000027
shoulders 0,174353 0,000022
shouldest 2,659260 0,000341
shouldst 2,120264 0,000272
shout 0,634878 0,000081
shouted 0,478036 0,000061
shouting 0,446287 0,000057
shouts 0,843970 0,000108
showered 1,714798 0,000220
showers 1,272966 0,000163
shrank 1,108663 0,000142
shreds 1,347074 0,000173
shrewd 1,021651 0,000131
shrewder 3,506558 0,000449
shrieked 1,171183 0,000150
shrill 0,820981 0,000105
shrivelled 1,897120 0,000243
shroud 1,469676 0,000188
shrouded 1,386294 0,000178
shrub 2,407946 0,000308
shrugged 1,203973 0,000154
shudder 0,693147 0,000089
shuddered 0,867501 0,000111
shun 1,309333 0,000168
shunning 2,407946 0,000308
shut 0,072571 0,000009
shy 0,733969 0,000094
shyly 2,040221 0,000261
sick 0,150823 0,000019
sickening 1,309333 0,000168
sickle 2,040221 0,000261
sickles 3,506558 0,000449
sickliest 3,506558 0,000449
sickly 0,891598 0,000114
sickness 0,478036 0,000061
sidelong 1,771957 0,000227
sigh 0,342490 0,000044
sighed 0,673345 0,000086
sighing 1,021651 0,000131
sight 0,051293 0,000007
sighted 0,733969 0,000094
sights 0,755023 0,000097
sign 0,139262 0,000018
significance 1,021651 0,000131
signification 1,832581 0,000235
signify 0,994252 0,000127
signifying 1,771957 0,000227
signs 0,186330 0,000024
silence 0,105361 0,000013
silenced 1,049822 0,000134
silent 0,051293 0,000007
silently 0,544727 0,000070
silk 0,478036 0,000061
silly 0,400478 0,000051
silver 0,210721 0,000027
silvery 1,203973 0,000154
simile 1,560648 0,000200
similes 2,302585 0,000295
simple 0,094311 0,000012
simplest 1,108663 0,000142
simpletons 2,659260 0,000341
simplicity 0,527633 0,000068
simply 0,150823 0,000019
simultaneously 1,203973 0,000154
sin 0,430783 0,000055
sincerely 0,867501 0,000111
sincerity 0,653926 0,000084
sinful 1,309333 0,000168
sing 0,415515 0,000053
singed 1,660731 0,000213
singer 1,386294 0,000178
singers 1,386294 0,000178
singing 0,371064 0,000048
single 0,083382 0,000011
singly 1,139434 0,000146
sings 1,139434 0,000146
singular 0,430783 0,000055
sinister 1,108663 0,000142
sink 0,462035 0,000059
sinking 0,494296 0,000063
sinner 0,994252 0,000127
sinners 1,347074 0,000173
sinning 1,832581 0,000235
sinuous 2,525729 0,000323
sipped 1,771957 0,000227
sister 0,356675 0,000046
sit 0,061875 0,000008
sitting 0,105361 0,000013
situation 0,198451 0,000025
sixth 0,446287 0,000057
sized 1,237874 0,000159
skeleton 1,021651 0,000131
sketch 0,891598 0,000114
sketched 1,897120 0,000243
sketching 1,714798 0,000220
skilful 0,967584 0,000124
skin 0,210721 0,000027
skins 1,021651 0,000131
skirting 1,897120 0,000243
skulkers 3,912023 0,000501
skulking 1,966113 0,000252
sky 0,210721 0,000027
slain 0,941609 0,000121
slammed 1,427116 0,000183
slander 1,714798 0,000220
slate 1,427116 0,000183
slaughter 0,967584 0,000124
slaughtered 1,609438 0,000206
slave 0,494296 0,000063
slavery 0,798508 0,000102
slaves 0,634878 0,000081
slay 1,171183 0,000150
slayer 1,966113 0,000252
slayers 3,218876 0,000412
slaying 1,714798 0,000220
sleek 1,427116 0,000183
sleep 0,072571 0,000009
sleeper 1,272966 0,000163
sleepers 1,609438 0,000206
sleeping 0,235722 0,000030
sleepless 1,049822 0,000134
sleepy 0,713350 0,000091
slender 0,693147 0,000089
slept 0,223144 0,000029
sleuth 3,506558 0,000449
slew 1,386294 0,000178
slide 1,309333 0,000168
slight 0,150823 0,000019
slim 1,139434 0,000146
slime 1,386294 0,000178
sling 1,560648 0,000200
slink 2,659260 0,000341
slip 0,462035 0,000059
slipped 0,494296 0,000063
slippery 1,139434 0,000146
slopes 1,309333 0,000168
slothfulness 2,995732 0,000384
sloths 3,912023 0,000501
slow 0,139262 0,000018
slowly 0,150823 0,000019
sluggard 3,218876 0,000412
sluggards 3,218876 0,000412
slum 2,659260 0,000341
slumber 0,673345 0,000086
slumbering 1,386294 0,000178
slur 2,525729 0,000323
sly 0,713350 0,000091
smacked 2,207275 0,000283
smacking 2,407946 0,000308
smallness 1,660731 0,000213
smarting 2,207275 0,000283
smell 0,371064 0,000048
smelling 0,843970 0,000108
smells 1,309333 0,000168
smelt 1,139434 0,000146
smile 0,274437 0,000035
smiled 0,356675 0,000046
smiling 0,301105 0,000039
smirking 3,912023 0,000501
smite 1,609438 0,000206
smith 0,891598 0,000114
smitten 1,171183 0,000150
smoke 0,314711 0,000040
smoked 0,867501 0,000111
smoking 0,462035 0,000059
smooth 0,274437 0,000035
smother 1,714798 0,000220
smug 3,912023 0,000501
snake 0,891598 0,000114
snakes 1,347074 0,000173
snaky 2,659260 0,000341
snap 1,078810 0,000138
snare 1,660731 0,000213
snares 1,660731 0,000213
snatched 0,733969 0,000094
sneaking 1,609438 0,000206
sneeringly 2,813411 0,000360
sneeze 1,660731 0,000213
sniffed 1,771957 0,000227
sniffing 1,897120 0,000243
sniffled 3,506558 0,000449
sniffling 3,912023 0,000501
snort 1,771957 0,000227
snorted 2,407946 0,000308
snorter 3,912023 0,000501
snorting 1,966113 0,000252
snout 1,966113 0,000252
snow 0,527633 0,000068
snowflakes 2,995732 0,000384
snows 1,660731 0,000213
snubs 3,218876 0,000412
snuffling 2,995732 0,000384
snugger 3,912023 0,000501
soap 1,347074 0,000173
soar 1,560648 0,000200
soaring 1,660731 0,000213
soars 2,207275 0,000283
soberly 1,469676 0,000188
sobs 1,078810 0,000138
social 0,371064 0,000048
socialists 2,813411 0,000360
society 0,210721 0,000027
sociologist 3,912023 0,000501
sociology 2,995732 0,000384
soft 0,210721 0,000027
softer 1,171183 0,000150
softly 0,400478 0,000051
soil 0,494296 0,000063
sojourn 1,386294 0,000178
sojourned 2,407946 0,000308
solar 1,660731 0,000213
sold 0,385662 0,000049
soldiers 0,653926 0,000084
sole 0,342490 0,000044
solemn 0,301105 0,000039
solemnities 2,525729 0,000323
solemnly 0,579818 0,000074
soles 1,386294 0,000178
solicit 0,430783 0,000055
solicitation 0,510826 0,000065
solicitous 2,040221 0,000261
solitary 0,462035 0,000059
solitude 0,510826 0,000065
solution 0,820981 0,000105
solve 0,653926 0,000084
solved 0,867501 0,000111
solving 2,120264 0,000272
sombre 1,171183 0,000150
somnolence 3,218876 0,000412
somnolent 2,813411 0,000360
son 0,105361 0,000013
song 0,371064 0,000048
songs 0,544727 0,000070
songstresses 3,912023 0,000501
sooth 1,966113 0,000252
soothing 0,798508 0,000102
soothsayer 2,525729 0,000323
soothsayers 2,995732 0,000384
sorcerer 2,659260 0,000341
sordidly 3,218876 0,000412
sordidness 2,995732 0,000384
sore 0,616186 0,000079
sorely 1,049822 0,000134
sorer 3,218876 0,000412
sorest 3,506558 0,000449
sorrow 0,287682 0,000037
sorrowful 1,021651 0,000131
sorrowfully 1,714798 0,000220
sorrowfulness 3,218876 0,000412
sorrows 0,798508 0,000102
sort 0,105361 0,000013
sought 0,150823 0,000019
soul 0,105361 0,000013
souls 0,342490 0,000044
sound 0,020203 0,000003
sounded 0,371064 0,000048
sounding 0,634878 0,000081
soundly 1,021651 0,000131
sounds 0,223144 0,000029
sour 1,049822 0,000134
source 0,328504 0,000042
south 0,235722 0,000030
southerly 2,302585 0,000295
southern 0,579818 0,000074
souths 3,912023 0,000501
sovereign 0,776529 0,000099
sower 2,995732 0,000384
sowers 3,506558 0,000449
space 0,116534 0,000015
spacious 0,916291 0,000117
spake 1,560648 0,000200
span 1,386294 0,000178
spare 0,210721 0,000027
spared 0,544727 0,000070
sparing 1,272966 0,000163
sparingness 3,912023 0,000501
sparkle 1,514128 0,000194
sparkled 1,237874 0,000159
sparkling 0,776529 0,000099
sparks 1,139434 0,000146
spat 1,469676 0,000188
speak 0,051293 0,000007
speaker 0,713350 0,000091
speaking 0,072571 0,000009
speaks 0,371064 0,000048
spear 1,139434 0,000146
special 0,083382 0,000011
specialist 2,040221 0,000261
species 0,634878 0,000081
speckled 1,560648 0,000200
spectacle 0,544727 0,000070
spectator 0,820981 0,000105
spectators 0,820981 0,000105
speech 0,198451 0,000025
speedily 0,713350 0,000091
speedy 0,941609 0,000121
spelling 1,237874 0,000159
spencer 1,897120 0,000243
spencerian 3,912023 0,000501
spent 0,105361 0,000013
spewing 3,912023 0,000501
sphere 0,733969 0,000094
spice 1,609438 0,000206
spices 1,514128 0,000194
spicily 3,912023 0,000501
spicing 3,506558 0,000449
spider 1,237874 0,000159
spiders 1,771957 0,000227
spied 1,469676 0,000188
spin 1,203973 0,000154
spines 3,218876 0,000412
spinning 1,021651 0,000131
spirit 0,051293 0,000007
spirited 0,713350 0,000091
spirits 0,198451 0,000025
spiritual 0,653926 0,000084
spiritually 2,120264 0,000272
spit 1,203973 0,000154
spite 0,139262 0,000018
spiteful 1,832581 0,000235
spits 2,207275 0,000283
spitting 1,609438 0,000206
spittle 2,525729 0,000323
splash 1,309333 0,000168
splashing 1,560648 0,000200
spleen 1,714798 0,000220
splendid 0,400478 0,000051
splendour 1,237874 0,000159
spoil 0,673345 0,000086
spoiler 3,506558 0,000449
spoilt 1,560648 0,000200
spoken 0,150823 0,000019
sponge 1,309333 0,000168
spongy 2,813411 0,000360
spontaneous 1,139434 0,000146
spontaneously 1,609438 0,000206
sport 0,597837 0,000077
sported 2,207275 0,000283
sporting 1,427116 0,000183
spot 0,162519 0,000021
spots 0,562119 0,000072
spotted 0,994252 0,000127
spouted 2,525729 0,000323
spouting 2,302585 0,000295
sprang 0,400478 0,000051
spread 0,061875 0,000008
sprightly 1,966113 0,000252
spring 0,083382 0,000011
springing 0,733969 0,000094
springs 0,634878 0,000081
sprite 2,525729 0,000323
sprites 2,995732 0,000384
sprung 0,544727 0,000070
spur 1,139434 0,000146
spurious 2,120264 0,000272
spurns 3,218876 0,000412
spurted 2,659260 0,000341
squander 2,407946 0,000308
squanderer 3,912023 0,000501
square 0,235722 0,000030
squarely 1,966113 0,000252
squat 1,386294 0,000178
squatted 1,660731 0,000213
squattest 3,912023 0,000501
squint 2,302585 0,000295
squinting 2,525729 0,000323
stab 1,714798 0,000220
stable 0,579818 0,000074
staff 0,274437 0,000035
stage 0,223144 0,000029
staggered 0,733969 0,000094
stair 1,171183 0,000150
stairs 0,430783 0,000055
stake 0,693147 0,000089
stalk 1,386294 0,000178
stammer 2,120264 0,000272
stammerer 3,506558 0,000449
stammering 2,040221 0,000261
stamp 0,693147 0,000089
stamped 0,693147 0,000089
stand 0,000000 0,000000
standeth 2,525729 0,000323
standing 0,030459 0,000004
stands 0,261365 0,000033
star 0,544727 0,000070
starless 2,407946 0,000308
starlets 3,912023 0,000501
starred 2,302585 0,000295
starry 1,272966 0,000163
stars 0,342490 0,000044
start -0,009950 -0,000001
started 0,150823 0,000019
startle 1,514128 0,000194
startled 0,415515 0,000053
startling 0,967584 0,000124
starts 0,941609 0,000121
starved 1,049822 0,000134
stately 0,733969 0,000094
statement 0,544727 0,000070
statements 0,430783 0,000055
station 0,356675 0,000046
statue 0,843970 0,000108
statues 1,203973 0,000154
status 0,446287 0,000057
stay 0,083382 0,000011
stayed 0,415515 0,000053
staying 0,653926 0,000084
steadfast 1,309333 0,000168
steadily 0,415515 0,000053
steady 0,356675 0,000046
steal 0,510826 0,000065
stealing 0,653926 0,000084
stealthy 1,514128 0,000194
steam 0,820981 0,000105
steaming 1,203973 0,000154
steamy 3,506558 0,000449
steel 0,510826 0,000065
steep 0,579818 0,000074
stench 1,660731 0,000213
step 0,083382 0,000011
stepped 0,510826 0,000065
steps 0,094311 0,000012
sterile 2,207275 0,000283
sterility 2,659260 0,000341
stern 0,478036 0,000061
sternly 0,820981 0,000105
stew 1,897120 0,000243
stewed 2,302585 0,000295
stick 0,342490 0,000044
sticky 2,120264 0,000272
stiff 0,430783 0,000055
stiffened 1,386294 0,000178
stifle 1,427116 0,000183
stifling 1,469676 0,000188
stiller 3,506558 0,000449
stillest 3,912023 0,000501
stillness 0,891598 0,000114
stilts 2,659260 0,000341
stimulus 1,560648 0,000200
sting 1,203973 0,000154
stings 1,832581 0,000235
stink 2,207275 0,000283
stinking 2,302585 0,000295
stir 0,400478 0,000051
stirred 0,446287 0,000057
stock 0,328504 0,000042
stole 0,494296 0,000063
stolen 0,430783 0,000055
stomach 0,693147 0,000089
stomachs 1,660731 0,000213
stone 0,116534 0,000015
stones 0,301105 0,000039
stoning 3,218876 0,000412
stony 0,994252 0,000127
stood 0,030459 0,000004
stool 0,733969 0,000094
stoop 1,049822 0,000134
store 0,385662 0,000049
stored 0,342490 0,000044
storm 0,342490 0,000044
stormier 3,506558 0,000449
storms 0,798508 0,000102
stormy 0,776529 0,000099
story 0,051293 0,000007
stout 0,579818 0,000074
straight 0,105361 0,000013
straightforwardness 3,218876 0,000412
straightway 1,347074 0,000173
strain 0,385662 0,000049
strained 0,776529 0,000099
strains 1,272966 0,000163
strange 0,061875 0,000008
strangely 0,579818 0,000074
stranger 0,139262 0,000018
strangers 0,356675 0,000046
strangest 1,021651 0,000131
strangle 1,771957 0,000227
strangled 1,171183 0,000150
strangler 3,912023 0,000501
strangling 1,897120 0,000243
strauss 3,218876 0,000412
straw 0,356675 0,000046
stray 0,891598 0,000114
strayed 1,078810 0,000138
streak 1,203973 0,000154
stream 0,210721 0,000027
streaming 0,798508 0,000102
streamlets 3,912023 0,000501
streams 0,843970 0,000108
street 0,198451 0,000025
streets 0,274437 0,000035
strength 0,030459 0,000004
strengthened 0,820981 0,000105
strengthening 1,427116 0,000183
stress 0,891598 0,000114
stretch 0,446287 0,000057
stretched 0,274437 0,000035
stretching 0,733969 0,000094
stricken 0,653926 0,000084
strict 0,210721 0,000027
strictest 1,386294 0,000178
strictly 0,579818 0,000074
stride 1,237874 0,000159
strike 0,210721 0,000027
strikes 0,544727 0,000070
string 0,634878 0,000081
strip 0,597837 0,000077
stripes 1,309333 0,000168
strive 0,820981 0,000105
striver 3,912023 0,000501
strives 1,771957 0,000227
striving 0,755023 0,000097
stroke 0,356675 0,000046
stroked 1,660731 0,000213
strolling 1,469676 0,000188
strong 0,030459 0,000004
stronger 0,287682 0,000037
strongest 0,653926 0,000084
strove 1,078810 0,000138
struck 0,083382 0,000011
structure 0,673345 0,000086
structures 1,832581 0,000235
struggle 0,287682 0,000037
struggled 0,415515 0,000053
struggles 0,891598 0,000114
struggling 0,462035 0,000059
student 0,673345 0,000086
students 0,994252 0,000127
studied 0,446287 0,000057
study 0,162519 0,000021
studying 0,653926 0,000084
stuffed 1,171183 0,000150
stultifying 3,506558 0,000449
stumble 1,139434 0,000146
stumbling 1,108663 0,000142
stung 1,139434 0,000146
stunned 1,078810 0,000138
stupid 0,478036 0,000061
stupidest 2,407946 0,000308
stupidity 0,916291 0,000117
style 0,274437 0,000035
subdued 0,494296 0,000063
subject 0,072571 0,000009
subjugator 3,506558 0,000449
sublime 0,994252 0,000127
sublimeness 3,912023 0,000501
sublimity 2,040221 0,000261
submerged 1,560648 0,000200
submission 0,776529 0,000099
submissions 3,506558 0,000449
submissive 1,427116 0,000183
submit 0,579818 0,000074
submits 2,207275 0,000283
submitting 1,469676 0,000188
subordinate 1,139434 0,000146
subscribe 0,494296 0,000063
subsequent 0,867501 0,000111
subsequently 1,469676 0,000188
subsided 1,203973 0,000154
substance 0,415515 0,000053
subterranean 1,714798 0,000220
subtle 0,733969 0,000094
subtlely 3,912023 0,000501
subtler 2,407946 0,000308
subtlest 2,302585 0,000295
subtlety 1,469676 0,000188
subversive 2,659260 0,000341
subverters 3,506558 0,000449
succeed 0,328504 0,000042
succeeded 0,186330 0,000024
succeeds 1,203973 0,000154
success 0,162519 0,000021
successes 1,272966 0,000163
successful 0,478036 0,000061
successive 0,891598 0,000114
succumb 2,659260 0,000341
succumbed 1,714798 0,000220
succumbing 3,218876 0,000412
suck 1,139434 0,000146
sucked 1,171183 0,000150
sudden 0,072571 0,000009
suddenly 0,040822 0,000005
sue 1,714798 0,000220
suffer 0,127833 0,000016
suffered 0,210721 0,000027
sufferer 1,078810 0,000138
sufferers 1,514128 0,000194
suffering 0,248461 0,000032
suffice 0,673345 0,000086
sufficed 1,272966 0,000163
sufficient 0,139262 0,000018
sufficing 2,813411 0,000360
suffocate 2,995732 0,000384
suffocated 1,714798 0,000220
suffocating 1,966113 0,000252
suggestion 0,510826 0,000065
suggestions 0,891598 0,000114
suggestive 1,237874 0,000159
suicide 1,049822 0,000134
suicides 2,525729 0,000323
suit 0,261365 0,000033
suited 0,597837 0,000077
sulker 3,912023 0,000501
sulky 1,514128 0,000194
sullen 0,798508 0,000102
sullenly 1,427116 0,000183
sultry 1,897120 0,000243
summer 0,186330 0,000024
summit 0,798508 0,000102
summits 1,714798 0,000220
summon 0,967584 0,000124
summoned 0,733969 0,000094
sumpter 3,218876 0,000412
sun 0,072571 0,000009
sunbeam 2,207275 0,000283
sung 0,994252 0,000127
sunk 0,371064 0,000048
sunken 1,309333 0,000168
sunny 0,867501 0,000111
sunrise 0,891598 0,000114
suns 1,560648 0,000200
sunset 0,843970 0,000108
sunshine 0,616186 0,000079
superabundance 2,813411 0,000360
superearthly 3,912023 0,000501
superficial 1,108663 0,000142
superficiality 2,995732 0,000384
superfluous 0,867501 0,000111
superhero 3,912023 0,000501
superhuman 1,714798 0,000220
superior 0,274437 0,000035
superman 3,506558 0,000449
supermen 3,506558 0,000449
superstition 0,941609 0,000121
superstitions 1,427116 0,000183
superstitious 1,108663 0,000142
supervened 2,813411 0,000360
supper 0,446287 0,000057
supple 1,171183 0,000150
supplement 2,040221 0,000261
supplementary 2,525729 0,000323
supplemented 2,207275 0,000283
supplest 3,506558 0,000449
suppliants 2,525729 0,000323
support 0,127833 0,000016
supported 0,415515 0,000053
supporting 0,653926 0,000084
suppose 0,072571 0,000009
supposed 0,174353 0,000022
suppressed 0,673345 0,000086
suppression 1,609438 0,000206
suppurating 3,912023 0,000501
supremacy 1,714798 0,000220
supreme 0,616186 0,000079
supremely 1,609438 0,000206
supremest 2,995732 0,000384
surely 0,186330 0,000024
surface 0,301105 0,000039
surging 1,609438 0,000206
surmount 1,714798 0,000220
surmounted 1,237874 0,000159
surmounter 3,912023 0,000501
surmounting 2,120264 0,000272
surmounts 3,506558 0,000449
surnamed 2,659260 0,000341
surpass 1,469676 0,000188
surpassed 1,203973 0,000154
surpassing 1,660731 0,000213
surprise 0,174353 0,000022
surprised 0,210721 0,000027
surrender 0,891598 0,000114
surrendered 1,427116 0,000183
surround 1,139434 0,000146
surrounded 0,223144 0,000029
surrounding 0,693147 0,000089
survival 2,207275 0,000283
survive 0,274437 0,000035
surviving 1,427116 0,000183
susceptible 1,386294 0,000178
suspect 0,342490 0,000044
suspected 0,328504 0,000042
suspended 0,634878 0,000081
suspicion 0,287682 0,000037
suspicions 0,616186 0,000079
suspicious 0,579818 0,000074
sustaining 1,660731 0,000213
swaddle 3,506558 0,000449
swaddling 1,966113 0,000252
swallow 0,616186 0,000079
swallowed 0,462035 0,000059
swamp 0,342490 0,000044
swamps 1,966113 0,000252
sward 2,813411 0,000360
swarm 1,237874 0,000159
swarming 1,171183 0,000150
swarthy 1,660731 0,000213
swathed 1,897120 0,000243
sweat 0,634878 0,000081
sweep 0,673345 0,000086
sweet 0,174353 0,000022
sweeten 2,659260 0,000341
sweetest 0,941609 0,000121
sweetly 1,049822 0,000134
sweetmeats 2,040221 0,000261
sweetness 0,673345 0,000086
sweetwood 3,912023 0,000501
swelled 0,776529 0,000099
swelling 0,693147 0,000089
swept 0,385662 0,000049
swift 0,415515 0,000053
swill 2,813411 0,000360
swim 0,755023 0,000097
swimming 0,820981 0,000105
swindler 2,525729 0,000323
swine 1,347074 0,000173
swing 0,693147 0,000089
swinish 2,995732 0,000384
switzerland 1,714798 0,000220
swollen 0,867501 0,000111
sword 0,462035 0,000059
swords 0,994252 0,000127
swordsman 2,659260 0,000341
swordsmanship 3,506558 0,000449
swum 2,525729 0,000323
sybil 2,659260 0,000341
syllable 0,994252 0,000127
symbol 1,386294 0,000178
symbolic 2,120264 0,000272
symbolically 3,506558 0,000449
sympathetic 1,021651 0,000131
sympathetically 1,897120 0,000243
sympathise 1,771957 0,000227
sympathy 0,328504 0,000042
synonymous 0,446287 0,000057
tabernacle 1,966113 0,000252
tabernacles 2,659260 0,000341
table 0,094311 0,000012
tables 0,415515 0,000053
tactics 1,832581 0,000235
tail 0,462035 0,000059
tainted 1,714798 0,000220
taker 2,659260 0,000341
taketh 2,302585 0,000295
tale 0,287682 0,000037
tales 0,579818 0,000074
talk 0,083382 0,000011
talked 0,261365 0,000033
talking 0,150823 0,000019
tall 0,223144 0,000029
talons 1,660731 0,000213
tame 1,139434 0,000146
tameness 2,995732 0,000384
tamer 2,813411 0,000360
tamers 3,506558 0,000449
tangled 1,108663 0,000142
taper 1,897120 0,000243
tarantula 3,912023 0,000501
tarantulas 3,506558 0,000449
tardy 1,660731 0,000213
tares 2,659260 0,000341
tarried 2,120264 0,000272
tarry 1,714798 0,000220
task 0,261365 0,000033
taste 0,174353 0,000022
tasted 0,544727 0,000070
tasters 3,912023 0,000501
tastes 0,634878 0,000081
tasting 1,203973 0,000154
tatter 3,506558 0,000449
taught 0,248461 0,000032
taunted 2,407946 0,000308
tautological 3,506558 0,000449
tax 0,328504 0,000042
taxes 0,385662 0,000049
teach 0,248461 0,000032
teacher 0,527633 0,000068
teachers 0,776529 0,000099
teaches 1,203973 0,000154
teaching 0,462035 0,000059
tear 0,371064 0,000048
teardrops 3,912023 0,000501
tears 0,150823 0,000019
tedium 2,302585 0,000295
teeming 1,660731 0,000213
teens 2,302585 0,000295
teeth 0,198451 0,000025
tellingly 3,912023 0,000501
temperament 0,994252 0,000127
tempered 0,653926 0,000084
tempest 0,843970 0,000108
tempestuous 1,832581 0,000235
temple 0,527633 0,000068
temples 0,616186 0,000079
temporary 0,713350 0,000091
tempt 0,967584 0,000124
temptation 0,527633 0,000068
tempted 0,527633 0,000068
tempter 2,120264 0,000272
tempting 0,967584 0,000124
temptingly 3,218876 0,000412
temptress 3,506558 0,000449
tend 0,733969 0,000094
tendencies 1,469676 0,000188
tendency 0,634878 0,000081
tender 0,314711 0,000040
tenderest 1,714798 0,000220
tenderly 0,916291 0,000117
tenderness 0,616186 0,000079
tension 1,560648 0,000200
tepidly 3,912023 0,000501
term 0,371064 0,000048
terms 0,061875 0,000008
terrestrial 1,427116 0,000183
terrible 0,186330 0,000024
terribly 0,733969 0,000094
terrific 1,108663 0,000142
terrified 0,693147 0,000089
terrifies 2,525729 0,000323
territory 1,272966 0,000163
terror 0,198451 0,000025
testified 1,386294 0,000178
testify 1,347074 0,000173
testimony 0,579818 0,000074
testing 2,407946 0,000308
thankful 0,843970 0,000108
thaw 1,660731 0,000213
thawing 2,407946 0,000308
thee 0,597837 0,000077
theft 1,347074 0,000173
theory 0,478036 0,000061
thereabouts 1,609438 0,000206
thereat 2,207275 0,000283
therefrom 1,771957 0,000227
thereon 1,469676 0,000188
therethrough 3,912023 0,000501
theretofore 3,218876 0,000412
thereunder 3,912023 0,000501
therewith 1,560648 0,000200
thicket 1,203973 0,000154
thickets 1,514128 0,000194
thief 0,653926 0,000084
thieves 0,994252 0,000127
thine 1,139434 0,000146
thinkable 3,506558 0,000449
thinkableness 3,912023 0,000501
thinker 1,609438 0,000206
thinkers 1,966113 0,000252
thinking 0,274437 0,000035
thirdly 1,347074 0,000173
thirst 0,527633 0,000068
thirsted 1,897120 0,000243
thirstier 3,506558 0,000449
thirstily 2,995732 0,000384
thirsty 0,843970 0,000108
thirteenth 1,203973 0,000154
thirtieth 1,714798 0,000220
thistle 2,525729 0,000323
thistles 2,302585 0,000295
thither 0,579818 0,000074
thitherwards 3,912023 0,000501
thomas 0,891598 0,000114
thorns 1,309333 0,000168
thoughtful 0,693147 0,000089
thoughtfully 0,994252 0,000127
thousandfold 2,407946 0,000308
thrash 2,040221 0,000261
thrashing 1,609438 0,000206
thread 0,430783 0,000055
threading 2,120264 0,000272
threads 1,139434 0,000146
threaten 0,916291 0,000117
threatening 0,544727 0,000070
threw 0,116534 0,000015
thrice 0,755023 0,000097
thrill 0,867501 0,000111
thrilling 1,139434 0,000146
thrills 1,966113 0,000252
throat 0,261365 0,000033
throbbed 1,609438 0,000206
throes 1,714798 0,000220
throne 0,798508 0,000102
thrones 1,771957 0,000227
throng 1,078810 0,000138
thronged 1,771957 0,000227
thronging 2,120264 0,000272
throw 0,083382 0,000011
thrown 0,116534 0,000015
thrust 0,328504 0,000042
thunder 0,462035 0,000059
thunders 1,714798 0,000220
thwarted 1,714798 0,000220
thy 0,634878 0,000081
thyself 1,272966 0,000163
tick 2,120264 0,000272
ticking 1,714798 0,000220
tickle 2,207275 0,000283
tickled 1,469676 0,000188
ticktack 3,912023 0,000501
tide 0,653926 0,000084
tidings 1,139434 0,000146
tied 0,261365 0,000033
tiger 1,171183 0,000150
tigers 1,771957 0,000227
tighter 1,560648 0,000200
time -0,009950 -0,000001
timepiece 2,813411 0,000360
times 0,010050 0,000001
timid 0,544727 0,000070
timidly 1,171183 0,000150
timorousness 3,506558 0,000449
tinkle 2,302585 0,000295
tinted 1,609438 0,000206
tire 0,994252 0,000127
tired 0,198451 0,000025
title 0,116534 0,000015
titles 1,021651 0,000131
toad 1,714798 0,000220
toads 2,407946 0,000308
toe 1,049822 0,000134
toes 0,755023 0,000097
toils 1,237874 0,000159
toilsomely 3,912023 0,000501
token 0,798508 0,000102
tolerate 1,427116 0,000183
tolerated 1,469676 0,000188
toleration 1,966113 0,000252
toll 1,660731 0,000213
tom 1,049822 0,000134
tomb 0,916291 0,000117
tomboy 2,995732 0,000384
tone 0,248461 0,000032
tones 0,713350 0,000091
tongue 0,162519 0,000021
tongued 2,525729 0,000323
tongues 0,634878 0,000081
tooted 3,218876 0,000412
tooth 1,049822 0,000134
toothed 2,813411 0,000360
toothless 2,120264 0,000272
tooths 3,912023 0,000501
torch 1,021651 0,000131
torment 0,916291 0,000117
tormented 1,078810 0,000138
torn 0,248461 0,000032
torrent 0,941609 0,000121
tortuously 3,912023 0,000501
torture 0,579818 0,000074
tortured 0,843970 0,000108
torturer 2,813411 0,000360
tortures 1,309333 0,000168
torturing 1,469676 0,000188
toss 1,049822 0,000134
tossed 0,673345 0,000086
totally 0,916291 0,000117
tottering 1,771957 0,000227
touch 0,083382 0,000011
touched 0,139262 0,000018
touching 0,301105 0,000039
tougher 2,659260 0,000341
tower 0,527633 0,000068
towered 1,714798 0,000220
towering 1,469676 0,000188
towers 0,967584 0,000124
town 0,105361 0,000013
toy 1,049822 0,000134
traces 0,673345 0,000086
tracing 1,237874 0,000159
trademark 0,562119 0,000072
trader 1,609438 0,000206
traders 1,660731 0,000213
tradition 0,891598 0,000114
traditional 1,514128 0,000194
traditions 1,139434 0,000146
traffic 1,171183 0,000150
trafficking 3,912023 0,000501
tragedies 1,560648 0,000200
tragedy 0,798508 0,000102
tragic 0,820981 0,000105
trained 0,544727 0,000070
trainer 2,659260 0,000341
training 0,776529 0,000099
trample 1,272966 0,000163
trampling 1,347074 0,000173
tranquil 0,994252 0,000127
transcendental 2,407946 0,000308
transcribe 0,494296 0,000063
transcription 0,527633 0,000068
transfigured 2,207275 0,000283
transfiguring 3,218876 0,000412
transform 1,469676 0,000188
transformation 1,347074 0,000173
transformed 0,967584 0,000124
transforms 2,813411 0,000360
transgressor 2,659260 0,000341
transient 1,469676 0,000188
translate 1,427116 0,000183
translated 0,798508 0,000102
translation 0,891598 0,000114
translator 1,347074 0,000173
transparent 1,021651 0,000131
transport 1,108663 0,000142
transported 1,108663 0,000142
transvaluation 3,506558 0,000449
transvalued 3,912023 0,000501
trappings 1,832581 0,000235
traps 1,386294 0,000178
travel 0,356675 0,000046
traveller 1,021651 0,000131
travellers 0,994252 0,000127
travelling 0,693147 0,000089
traverse 1,560648 0,000200
treacherous 0,891598 0,000114
tread 0,562119 0,000072
treaders 3,912023 0,000501
treading 1,203973 0,000154
treasure 0,385662 0,000049
treasures 0,755023 0,000097
treat 0,287682 0,000037
treated 0,261365 0,000033
treatment 0,127833 0,000016
tree 0,235722 0,000030
trees 0,127833 0,000016
tremble 0,713350 0,000091
trembled 0,462035 0,000059
trembles 1,514128 0,000194
trembling 0,287682 0,000037
tresses 1,560648 0,000200
triangle 1,560648 0,000200
tribulation 2,040221 0,000261
tribute 1,021651 0,000131
trick 0,510826 0,000065
trickle 1,897120 0,000243
tricks 0,579818 0,000074
trier 3,912023 0,000501
trifling 0,653926 0,000084
trim 1,237874 0,000159
trip 0,713350 0,000091
triumph 0,274437 0,000035
triumphant 0,798508 0,000102
triumphantly 0,941609 0,000121
triumphed 1,609438 0,000206
triumphing 2,207275 0,000283
triumphs 1,347074 0,000173
trivial 0,776529 0,000099
trod 0,733969 0,000094
trodden 1,237874 0,000159
trophies 1,609438 0,000206
trot 1,139434 0,000146
trouble 0,051293 0,000007
troubled 0,287682 0,000037
troublesome 0,843970 0,000108
troubling 1,171183 0,000150
true 0,020203 0,000003
trueness 3,912023 0,000501
truest 1,203973 0,000154
trumpery 2,995732 0,000384
trumpet 0,916291 0,000117
trumpeters 2,813411 0,000360
trust 0,116534 0,000015
trusting 0,867501 0,000111
truth 0,030459 0,000004
truthful 1,427116 0,000183
truthfulness 1,966113 0,000252
truths 1,049822 0,000134
tub 1,386294 0,000178
tuft 1,771957 0,000227
tug 1,347074 0,000173
tumble 1,237874 0,000159
tumbled 0,867501 0,000111
tumult 0,820981 0,000105
turbid 2,207275 0,000283
twain 1,660731 0,000213
twig 1,660731 0,000213
twilight 0,733969 0,000094
twine 2,040221 0,000261
twined 1,514128 0,000194
twinkle 1,469676 0,000188
twinkling 1,021651 0,000131
twist 1,021651 0,000131
twixt 2,813411 0,000360
type 0,446287 0,000057
types 0,385662 0,000049
tyrant 0,891598 0,000114
ubiquitous 2,525729 0,000323
udder 2,995732 0,000384
udders 2,995732 0,000384
ugliest 2,207275 0,000283
ugliness 1,660731 0,000213
ugly 0,415515 0,000053
ulcerations 3,506558 0,000449
ultimate 0,941609 0,000121
ultimately 1,108663 0,000142
unabated 2,040221 0,000261
unafflicted 3,506558 0,000449
unappeasable 2,813411 0,000360
unappeased 3,218876 0,000412
unappreciative 3,912023 0,000501
unattainable 1,609438 0,000206
unattempted 3,506558 0,000449
unavoidable 1,049822 0,000134
unaware 1,469676 0,000188
unawares 1,237874 0,000159
unbearable 1,560648 0,000200
unbearded 3,912023 0,000501
unbelief 1,771957 0,000227
unbelievable 2,659260 0,000341
unbind 2,813411 0,000360
unbosom 3,506558 0,000449
unbounded 1,309333 0,000168
unbridled 2,207275 0,000283
unburiable 3,912023 0,000501
unceasingly 1,609438 0,000206
uncertain 0,301105 0,000039
uncertainty 0,820981 0,000105
unchanged 0,994252 0,000127
unclean 1,386294 0,000178
uncleanliness 2,659260 0,000341
uncleanly 3,218876 0,000412
unclouded 2,040221 0,000261
uncloudedly 3,912023 0,000501
uncomely 2,995732 0,000384
uncommon 0,798508 0,000102
unconcerned 1,660731 0,000213
unconquerable 1,560648 0,000200
unconquered 2,813411 0,000360
unconscious 0,400478 0,000051
uncreated 3,218876 0,000412
uncritical 2,659260 0,000341
undermined 2,407946 0,000308
understand 0,030459 0,000004
understanding 0,223144 0,000029
understood 0,061875 0,000008
undertake 0,579818 0,000074
undertaken 1,021651 0,000131
undignified 2,040221 0,000261
undiscovered 1,714798 0,000220
undone 0,994252 0,000127
undoubted 1,386294 0,000178
undoubtedly 0,634878 0,000081
unduly 1,966113 0,000252
uneasiness 0,994252 0,000127
unemancipated 3,506558 0,000449
unembarrassed 2,995732 0,000384
unenforceability 0,562119 0,000072
unequivocal 2,995732 0,000384
unexhausted 2,659260 0,000341
unexpected 0,430783 0,000055
unexplored 1,771957 0,000227
unfair 1,049822 0,000134
unfamiliar 1,386294 0,000178
unfathomable 1,771957 0,000227
unfathomably 3,506558 0,000449
unfavourable 1,514128 0,000194
unfettered 2,659260 0,000341
unfitted 2,120264 0,000272
unforgettable 2,995732 0,000384
unforgotten 3,218876 0,000412
unfortunate 0,314711 0,000040
unfrequented 2,040221 0,000261
unfriendly 1,660731 0,000213
unfruitful 2,525729 0,000323
ungodlier 3,912023 0,000501
ungodliest 3,912023 0,000501
ungodliness 3,506558 0,000449
ungodly 2,040221 0,000261
ungracious 1,966113 0,000252
ungraciously 2,995732 0,000384
ungrateful 0,798508 0,000102
unhandy 3,218876 0,000412
unhappiness 1,560648 0,000200
unhappy 0,400478 0,000051
unharnessed 2,525729 0,000323
unhealthy 1,309333 0,000168
unheard 0,994252 0,000127
unhesitatingly 1,660731 0,000213
unholy 1,469676 0,000188
unhomelike 3,912023 0,000501
uniform 0,210721 0,000027
uninitiated 2,659260 0,000341
unique 1,237874 0,000159
united 0,094311 0,000012
unity 1,108663 0,000142
universally 0,967584 0,000124
university 0,994252 0,000127
unjoyously 3,912023 0,000501
unjustly 1,108663 0,000142
unkind 1,386294 0,000178
unknowable 3,506558 0,000449
unknown 0,105361 0,000013
unlearn 2,659260 0,000341
unlearned 2,407946 0,000308
unlearnt 3,912023 0,000501
unlink 0,562119 0,000072
unloosed 2,525729 0,000323
unmoved 0,916291 0,000117
unnamable 3,218876 0,000412
unobserved 1,203973 0,000154
unpardonable 1,771957 0,000227
unpityingly 3,912023 0,000501
unpleasantly 1,832581 0,000235
unplumed 3,912023 0,000501
unprepared 1,514128 0,000194
unproductive 2,659260 0,000341
unprofiting 3,912023 0,000501
unprotected 0,673345 0,000086
unquestionable 1,714798 0,000220
unquestionably 1,427116 0,000183
unrealised 3,506558 0,000449
unreconciled 3,506558 0,000449
unrighteousness 2,659260 0,000341
unrollable 3,912023 0,000501
unrolled 1,832581 0,000235
unruly 1,609438 0,000206
unsatisfactory 1,609438 0,000206
unselfish 1,609438 0,000206
unselfishness 2,659260 0,000341
unsettled 1,309333 0,000168
unslept 3,912023 0,000501
unsolicited 0,510826 0,000065
unsoundness 3,912023 0,000501
unspeakable 0,994252 0,000127
unspeakably 2,302585 0,000295
unspoken 1,771957 0,000227
unstable 2,040221 0,000261
unsteady 1,469676 0,000188
unsuccessful 0,994252 0,000127
unsuited 2,659260 0,000341
unsummoned 3,218876 0,000412
untried 1,966113 0,000252
untrustful 3,912023 0,000501
untrustworthy 2,995732 0,000384
unusual 0,415515 0,000053
unusually 0,891598 0,000114
unutterable 1,203973 0,000154
unwary 2,302585 0,000295
unweariedly 3,218876 0,000412
unwilling 0,653926 0,000084
unwillingly 1,171183 0,000150
unwillingness 1,832581 0,000235
unwittingly 1,660731 0,000213
unworthy 0,673345 0,000086
upbraid 1,714798 0,000220
upbraided 2,407946 0,000308
upbringing 2,813411 0,000360
updated 0,510826 0,000065
upheld 1,560648 0,000200
uphill 2,040221 0,000261
upraised 2,120264 0,000272
upright 0,328504 0,000042
uprightly 2,813411 0,000360
uprightness 1,771957 0,000227
uprooting 3,506558 0,000449
upset 0,776529 0,000099
upsets 2,525729 0,000323
upside 1,347074 0,000173
upward 0,579818 0,000074
urgent 0,798508 0,000102
usages 1,897120 0,000243
useless 0,235722 0,000030
user 0,562119 0,000072
ut 0,510826 0,000065
utmost 0,356675 0,000046
utter 0,248461 0,000032
utterance 0,941609 0,000121
uttered 0,430783 0,000055
utterly 0,371064 0,000048
vague 0,579818 0,000074
vain 0,116534 0,000015
vainest 2,813411 0,000360
vainly 0,634878 0,000081
valiant 1,309333 0,000168
valley 0,616186 0,000079
valleys 1,108663 0,000142
valorous 2,525729 0,000323
valour 1,560648 0,000200
valuable 0,371064 0,000048
valuation 2,525729 0,000323
valuations 2,995732 0,000384
valuator 3,912023 0,000501
valuer 3,912023 0,000501
vanilla 0,544727 0,000070
vanish 0,967584 0,000124
vanished 0,527633 0,000068
vanishes 1,660731 0,000213
vanishing 1,427116 0,000183
vanity 0,415515 0,000053
vanquished 1,108663 0,000142
vapour 1,514128 0,000194
vapours 1,897120 0,000243
variability 3,912023 0,000501
variance 1,560648 0,000200
variations 1,347074 0,000173
variegated 1,897120 0,000243
varieties 1,171183 0,000150
variety 0,162519 0,000021
vast 0,223144 0,000029
vault 1,237874 0,000159
vaults 1,560648 0,000200
vaunt 2,120264 0,000272
vegetable 1,237874 0,000159
vegetables 1,049822 0,000134
vehemence 1,108663 0,000142
vehemently 1,386294 0,000178
veil 0,544727 0,000070
veiled 1,272966 0,000163
veils 1,714798 0,000220
vein 1,078810 0,000138
veins 0,544727 0,000070
velvety 2,302585 0,000295
venerable 0,843970 0,000108
venerate 2,525729 0,000323
venerating 3,218876 0,000412
veneration 1,469676 0,000188
venery 2,659260 0,000341
vengeance 0,579818 0,000074
venice 1,427116 0,000183
ventriloquist 2,995732 0,000384
venture 0,342490 0,000044
ventured 0,478036 0,000061
venturers 3,912023 0,000501
verbal 1,203973 0,000154
verdant 1,897120 0,000243
verily 1,139434 0,000146
vermin 1,660731 0,000213
versa 2,813411 0,000360
verse 0,653926 0,000084
versed 1,771957 0,000227
verses 0,941609 0,000121
version 0,385662 0,000049
vertiginous 3,506558 0,000449
vertigo 2,995732 0,000384
vesper 2,525729 0,000323
vessel 0,510826 0,000065
vestige 1,386294 0,000178
vexation 0,867501 0,000111
vexed 0,733969 0,000094
vibrated 1,771957 0,000227
vice 0,527633 0,000068
vices 0,867501 0,000111
vicinity 1,078810 0,000138
vicious 0,653926 0,000084
victim 0,462035 0,000059
victims 0,916291 0,000117
victor 1,049822 0,000134
victories 1,427116 0,000183
victorious 1,108663 0,000142
victoriously 2,659260 0,000341
victory 0,371064 0,000048
view 0,105361 0,000013
viewed 0,261365 0,000033
viewing 0,415515 0,000053
views 0,562119 0,000072
vigorously 1,021651 0,000131
vigour 0,843970 0,000108
vii 0,430783 0,000055
viii 0,446287 0,000057
village 0,356675 0,000046
villain 0,967584 0,000124
vindictive 1,714798 0,000220
vine 1,049822 0,000134
vintage 1,714798 0,000220
vintager 3,506558 0,000449
vintner 2,995732 0,000384
violated 1,427116 0,000183
violates 0,527633 0,000068
violators 3,912023 0,000501
violence 0,248461 0,000032
violent 0,223144 0,000029
violently 0,462035 0,000059
violet 1,427116 0,000183
virgin 0,755023 0,000097
virginity 2,120264 0,000272
virile 2,302585 0,000295
virtue 0,328504 0,000042
virtues 0,597837 0,000077
virtuous 0,653926 0,000084
virulent 2,302585 0,000295
virus 0,527633 0,000068
visible 0,235722 0,000030
vision 0,371064 0,000048
visionaries 3,218876 0,000412
visionary 1,427116 0,000183
visions 0,733969 0,000094
visit 0,061875 0,000008
visitors 0,653926 0,000084
vituperations 3,912023 0,000501
vivacious 1,832581 0,000235
vivant 3,218876 0,000412
vividly 1,139434 0,000146
vocal 1,469676 0,000188
voice 0,020203 0,000003
voices 0,287682 0,000037
void 0,274437 0,000035
volcano 1,714798 0,000220
voluntarily 0,891598 0,000114
voluntary 0,843970 0,000108
volunteer 0,478036 0,000061
volunteers 0,430783 0,000055
voluptuous 1,469676 0,000188
voluptuousness 2,207275 0,000283
vomit 2,525729 0,000323
vomiting 3,218876 0,000412
von 1,771957 0,000227
vow 1,078810 0,000138
voyages 1,427116 0,000183
vulgar 0,634878 0,000081
vulnerable 2,120264 0,000272
vultures 1,771957 0,000227
wade 1,966113 0,000252
wage 1,514128 0,000194
wager 1,427116 0,000183
waggish 2,407946 0,000308
waggle 3,912023 0,000501
wagner 2,407946 0,000308
wags 2,407946 0,000308
wailer 3,912023 0,000501
wailing 1,203973 0,000154
wait 0,094311 0,000012
waited 0,198451 0,000025
waiting 0,083382 0,000011
waive 2,120264 0,000272
wake 0,462035 0,000059
wakeful 1,832581 0,000235
walk 0,105361 0,000013
walked 0,210721 0,000027
walker 1,897120 0,000243
walking 0,083382 0,000011
walks 0,162519 0,000021
wall 0,198451 0,000025
walls 0,139262 0,000018
wander 0,579818 0,000074
wandered 0,494296 0,000063
wanderer 1,347074 0,000173
wandering 0,274437 0,000035
wanderings 1,237874 0,000159
wanton 1,049822 0,000134
wantoning 3,506558 0,000449
wantonly 1,660731 0,000213
wantonness 1,514128 0,000194
war 0,162519 0,000021
warfare 1,272966 0,000163
warily 1,966113 0,000252
warlike 1,427116 0,000183
warm 0,139262 0,000018
warmed 0,867501 0,000111
warmer 0,994252 0,000127
warmers 3,912023 0,000501
warmest 1,660731 0,000213
warmly 0,798508 0,000102
warmth 0,579818 0,000074
warn 0,579818 0,000074
warned 0,527633 0,000068
warning 0,248461 0,000032
warns 2,302585 0,000295
warranties 0,562119 0,000072
warranty 0,544727 0,000070
warrior 1,427116 0,000183
warriors 1,427116 0,000183
wars 0,820981 0,000105
wash 0,478036 0,000061
washed 0,494296 0,000063
wast 2,120264 0,000272
waste 0,186330 0,000024
wasted 0,400478 0,000051
watchers 2,302585 0,000295
watches 0,798508 0,000102
watchman 1,427116 0,000183
watchmen 2,120264 0,000272
water 0,051293 0,000007
waters 0,356675 0,000046
wave 0,527633 0,000068
waved 0,755023 0,000097
wavering 1,078810 0,000138
waves 0,478036 0,000061
wax 0,597837 0,000077
wayfaring 2,813411 0,000360
waylaid 2,659260 0,000341
wayside 1,714798 0,000220
wayward 1,897120 0,000243
weak 0,116534 0,000015
weaker 0,634878 0,000081
weakling 2,207275 0,000283
weaklings 2,813411 0,000360
weakly 1,347074 0,000173
weakness 0,261365 0,000033
weaknesses 1,386294 0,000178
wealth 0,287682 0,000037
weapon 0,634878 0,000081
weapons 0,693147 0,000089
wear 0,274437 0,000035
wearied 0,820981 0,000105
wearier 3,218876 0,000412
wearily 1,272966 0,000163
weariness 0,755023 0,000097
wearisome 1,139434 0,000146
wears 0,891598 0,000114
weary 0,198451 0,000025
weather 0,248461 0,000032
weaving 1,469676 0,000188
weeds 1,021651 0,000131
weeks 0,248461 0,000032
weep 0,755023 0,000097
weeping 0,544727 0,000070
weigh 0,579818 0,000074
weighable 3,912023 0,000501
weighed 0,430783 0,000055
weigher 3,912023 0,000501
weighing 0,994252 0,000127
weight 0,116534 0,000015
weighted 2,659260 0,000341
weightily 3,912023 0,000501
weighty 1,347074 0,000173
weird 1,309333 0,000168
welfare 0,916291 0,000117
weltanschauung 3,912023 0,000501
weltering 2,407946 0,000308
wept 0,597837 0,000077
wert 2,525729 0,000323
west 0,083382 0,000011
wet 0,287682 0,000037
whale 1,897120 0,000243
whatsoever 0,287682 0,000037
wheat 0,994252 0,000127
wheel 0,446287 0,000057
wheeze 3,506558 0,000449
wheezy 3,912023 0,000501
wherefore 1,139434 0,000146
whereof 1,237874 0,000159
whereon 1,309333 0,000168
wherewith 1,514128 0,000194
whet 2,302585 0,000295
whiff 1,832581 0,000235
whimper 2,302585 0,000295
whining 1,660731 0,000213
whip 0,597837 0,000077
whirl 1,078810 0,000138
whirled 1,078810 0,000138
whirling 0,843970 0,000108
whirlwind 1,609438 0,000206
whirr 2,813411 0,000360
whisk 2,525729 0,000323
whisked 2,040221 0,000261
whisking 2,995732 0,000384
whisper 0,446287 0,000057
whispered 0,400478 0,000051
whispering 0,820981 0,000105
whistling 0,916291 0,000117
white 0,051293 0,000007
whited 3,218876 0,000412
whitehead 3,912023 0,000501
whitewash 2,995732 0,000384
whitewashed 1,660731 0,000213
whizz 3,218876 0,000412
whizzing 2,525729 0,000323
wholeness 2,995732 0,000384
wholesome 0,867501 0,000111
wholly 0,400478 0,000051
whosoever 1,714798 0,000220
wicked 0,356675 0,000046
wickedest 2,525729 0,000323
wickedly 1,966113 0,000252
wickedness 0,916291 0,000117
wide 0,061875 0,000008
widespread 0,916291 0,000117
widest 0,446287 0,000057
wife 0,094311 0,000012
wild 0,051293 0,000007
wilderness 0,693147 0,000089
wildernesses 3,218876 0,000412
wildest 1,272966 0,000163
wildly 0,776529 0,000099
wilfully 1,609438 0,000206
willed 1,347074 0,000173
willer 3,912023 0,000501
willers 3,912023 0,000501
willingly 0,527633 0,000068
wilt 2,040221 0,000261
wind 0,105361 0,000013
windings 1,560648 0,000200
window 0,274437 0,000035
windows 0,261365 0,000033
winds 0,494296 0,000063
wine 0,248461 0,000032
wines 1,309333 0,000168
wing 0,562119 0,000072
wings 0,430783 0,000055
winked 1,272966 0,000163
winter 0,198451 0,000025
winters 1,514128 0,000194
wipe 0,776529 0,000099
wiped 0,733969 0,000094
wires 1,469676 0,000188
wisdom 0,287682 0,000037
wise 0,105361 0,000013
wiseacres 3,506558 0,000449
wisely 0,653926 0,000084
wiser 0,597837 0,000077
wisest 0,733969 0,000094
wit 0,328504 0,000042
witch 1,514128 0,000194
withal 1,347074 0,000173
withdraw 0,597837 0,000077
withdrawing 1,078810 0,000138
withdrawn 0,616186 0,000079
withdrew 0,510826 0,000065
withered 0,843970 0,000108
withstand 1,469676 0,000188
withstood 1,560648 0,000200
witness 0,198451 0,000025
witnesses 0,579818 0,000074
wits 0,713350 0,000091
witted 1,609438 0,000206
wittiest 3,218876 0,000412
wittingly 2,813411 0,000360
wives 0,400478 0,000051
wizard 1,966113 0,000252
woe 0,755023 0,000097
woeful 2,302585 0,000295
woke 0,820981 0,000105
wolf 0,867501 0,000111
wolves 1,049822 0,000134
woman 0,061875 0,000008
womanly 1,560648 0,000200
women 0,094311 0,000012
wonderful 0,162519 0,000021
wonderfully 0,510826 0,000065
wood 0,116534 0,000015
woods 0,430783 0,000055
wooer 2,813411 0,000360
wooled 3,912023 0,000501
woolly 2,120264 0,000272
word 0,020203 0,000003
wore 0,274437 0,000035
worker 1,427116 0,000183
worldlings 2,659260 0,000341
worldly 0,820981 0,000105
worm 0,843970 0,000108
worms 1,078810 0,000138
wormy 2,995732 0,000384
worn 0,223144 0,000029
worry 0,820981 0,000105
worse 0,083382 0,000011
worsen 3,912023 0,000501
worship 0,544727 0,000070
worshipped 1,203973 0,000154
worshippers 1,771957 0,000227
worshipping 1,966113 0,000252
worst 0,186330 0,000024
worth 0,061875 0,000008
worthier 1,966113 0,000252
worthiest 2,207275 0,000283
worthless 0,843970 0,000108
worths 3,506558 0,000449
worthy 0,186330 0,000024
wouldst 1,832581 0,000235
wound 0,274437 0,000035
wounded 0,274437 0,000035
wounding 1,609438 0,000206
wounds 0,562119 0,000072
wow 2,525729 0,000323
wrangling 2,207275 0,000283
wrappers 2,040221 0,000261
wrath 0,634878 0,000081
wrathful 2,120264 0,000272
wrathfully 2,302585 0,000295
wreath 1,272966 0,000163
wreaths 1,171183 0,000150
wreckage 2,302585 0,000295
wrecked 1,272966 0,000163
wretch 0,733969 0,000094
wretched 0,328504 0,000042
wriggled 1,966113 0,000252
write 0,150823 0,000019
writer 0,415515 0,000053
writers 0,867501 0,000111
writes 0,597837 0,000077
writhe 2,040221 0,000261
writhing 1,203973 0,000154
writing 0,061875 0,000008
writings 0,994252 0,000127
written 0,051293 0,000007
wrong 0,083382 0,000011
wrote 0,150823 0,000019
wroth 2,302585 0,000295
xi 0,597837 0,000077
xii 0,579818 0,000074
xiii 0,673345 0,000086
xiv 0,693147 0,000089
xix 0,867501 0,000111
xvi 0,776529 0,000099
xvii 0,843970 0,000108
xviii 0,891598 0,000114
xx 0,916291 0,000117
xxi 0,867501 0,000111
xxii 0,967584 0,000124
xxiii 0,967584 0,000124
xxiv 0,994252 0,000127
xxv 1,108663 0,000142
xxx 1,272966 0,000163
yard 0,430783 0,000055
yawn 1,309333 0,000168
yawned 1,272966 0,000163
yawning 1,237874 0,000159
yea 1,897120 0,000243
yearningly 3,506558 0,000449
yell 1,203973 0,000154
yellow 0,328504 0,000042
yellower 2,659260 0,000341
yelp 2,120264 0,000272
yester 2,995732 0,000384
yesterday 0,301105 0,000039
yesterdays 3,506558 0,000449
yield 0,342490 0,000044
yielding 0,653926 0,000084
yoke 1,049822 0,000134
yonder 0,843970 0,000108
youth 0,150823 0,000019
youthful 0,673345 0,000086
youths 1,108663 0,000142
zeal 0,579818 0,000074
zend 3,218876 0,000412
zenith 1,469676 0,000188
zurich 2,995732 0,000384
