aback 1,660731 0,000198
abaft 3,218876 0,000384
abandon 0,544727 0,000065
abandoned 0,371064 0,000044
abandoning 1,469676 0,000175
abashed 1,560648 0,000186
abate 1,560648 0,000186
abated 1,427116 0,000170
abduct 3,506558 0,000418
abducted 3,218876 0,000384
abduction 2,302585 0,000275
abductor 3,506558 0,000418
abed 2,207275 0,000263
abhor 1,469676 0,000175
abide 0,287682 0,000034
abides 2,207275 0,000263
ability 0,579818 0,000069
abjure 2,207275 0,000263
aboard 1,237874 0,000148
abode 0,616186 0,000073
abolish 2,120264 0,000253
abreast 1,203973 0,000144
abruptly 0,843970 0,000101
absence 0,274437 0,000033
absent 0,385662 0,000046
absolute 0,400478 0,000048
absolutely 0,287682 0,000034
absorbed 0,634878 0,000076
abstract 1,049822 0,000125
abstraction 1,609438 0,000192
abstractions 2,407946 0,000287
abundantly 1,272966 0,000152
abuse 0,673345 0,000080
abused 0,843970 0,000101
abusing 1,514128 0,000181
accede 2,659260 0,000317
accent 0,843970 0,000101
accents 1,272966 0,000152
accentuated 2,407946 0,000287
accept 0,094311 0,000011
accepted 0,139262 0,000017
accepting 0,287682 0,000034
access 0,314711 0,000038
accessed 0,562119 0,000067
accessible 0,446287 0,000053
accident 0,371064 0,000044
accidental 0,755023 0,000090
accidents 0,820981 0,000098
acclaim 2,659260 0,000317
acclamation 2,302585 0,000275
accolade 3,506558 0,000418
accompanied 0,223144 0,000027
accompaniment 1,560648 0,000186
accompany 0,562119 0,000067
accomplish 0,733969 0,000088
accomplished 0,385662 0,000046
accords 2,302585 0,000275
account 0,010050 0,000001
accounted 0,891598 0,000106
accounting 1,832581 0,000219
accounts 0,597837 0,000071
accursed 1,108663 0,000132
accusation 1,049822 0,000125
accuse 0,916291 0,000109
accused 0,616186 0,000073
accuser 1,771957 0,000211
accusing 1,347074 0,000161
accustomed 0,287682 0,000034
ache 1,309333 0,000156
aches 1,966113 0,000234
achieved 0,867501 0,000103
achieving 2,120264 0,000253
aching 1,309333 0,000156
acknowledge 0,527633 0,000063
acknowledged 0,597837 0,000071
acknowledgment 1,347074 0,000161
acolytes 3,218876 0,000384
acquaintance 0,301105 0,000036
acquainted 0,385662 0,000046
acquiescence 1,427116 0,000170
acquire 0,776529 0,000093
acquired 0,462035 0,000055
acquiring 1,203973 0,000144
acquit 1,514128 0,000181
action 0,139262 0,000017
actions 0,356675 0,000043
active 0,127833 0,000015
actual 0,174353 0,000021
acute 0,733969 0,000088
add 0,198451 0,000024
addicted 1,660731 0,000198
addition 0,116534 0,000014
additional 0,198451 0,000024
additions 0,371064 0,000044
address 0,116534 0,000014
addressed 0,274437 0,000033
addresses 0,385662 0,000046
addressing 0,579818 0,000069
adds 0,798508 0,000095
adequately 2,120264 0,000253
adjusting 1,714798 0,000204
administered 1,139434 0,000136
admirably 1,203973 0,000144
admiral 1,386294 0,000165
admiration 0,342490 0,000041
admired 0,579818 0,000069
admiring 0,776529 0,000093
admission 0,713350 0,000085
admit 0,235722 0,000028
admits 1,021651 0,000122
admittance 1,427116 0,000170
admitted 0,301105 0,000036
admitting 1,078810 0,000129
admonished 1,714798 0,000204
admonition 1,660731 0,000198
adopt 0,733969 0,000088
adoption 1,771957 0,000211
adoration 1,171183 0,000140
adorned 0,941609 0,000112
adornment 2,040221 0,000243
advance 0,223144 0,000027
advanced 0,274437 0,000033
advancement 1,203973 0,000144
advancing 0,579818 0,000069
advantage 0,139262 0,000017
advantageous 1,237874 0,000148
advantageously 2,302585 0,000275
advantages 0,579818 0,000069
advent 1,514128 0,000181
adventure 0,510826 0,000061
adventurer 1,832581 0,000219
adventurers 1,560648 0,000186
adventurous 1,237874 0,000148
adverse 1,514128 0,000181
adversity 1,660731 0,000198
advertised 1,609438 0,000192
advice 0,186330 0,000022
advise 0,462035 0,000055
advised 0,616186 0,000073
advocate 1,139434 0,000136
affair 0,301105 0,000036
affairs 0,235722 0,000028
affect 0,478036 0,000057
affectation 1,108663 0,000132
affection 0,235722 0,000028
affectionately 1,237874 0,000148
affections 0,798508 0,000095
affianced 2,525729 0,000301
afflicted 0,693147 0,000083
afford 0,301105 0,000036
afforded 0,616186 0,000073
affording 1,427116 0,000170
affront 1,386294 0,000165
affronted 2,040221 0,000243
aflame 2,525729 0,000301
afoot 1,660731 0,000198
afore 1,609438 0,000192
afraid 0,105361 0,000013
afresh 1,021651 0,000122
africa 0,967584 0,000115
african 1,427116 0,000170
aft 1,771957 0,000211
afternoon 0,287682 0,000034
agate 2,659260 0,000317
agates 3,912023 0,000466
age 0,051293 0,000006
aged 0,198451 0,000024
ageing 3,218876 0,000384
agent 0,274437 0,000033
ages 0,261365 0,000031
agglomeration 3,506558 0,000418
aggression 2,813411 0,000335
aghast 1,272966 0,000152
agile 1,427116 0,000170
agitated 0,693147 0,000083
agitation 0,713350 0,000085
agitations 2,659260 0,000317
agleam 3,912023 0,000466
agonizingly 2,659260 0,000317
agony 0,544727 0,000065
agree 0,116534 0,000014
agreed 0,116534 0,000014
agreement 0,210721 0,000025
aid 0,287682 0,000034
aided 0,916291 0,000109
ailment 2,407946 0,000287
ails 1,660731 0,000198
aim 0,462035 0,000055
aimed 0,891598 0,000106
aims 1,171183 0,000140
air 0,061875 0,000007
airy 1,237874 0,000148
akimbo 2,302585 0,000275
akin 1,203973 0,000144
alacrity 1,108663 0,000132
alarm 0,356675 0,000043
alarmed 0,478036 0,000057
alas 0,462035 0,000055
ale 1,660731 0,000198
alee 3,218876 0,000384
alehouse 2,995732 0,000357
alert 0,843970 0,000101
algerine 3,506558 0,000418
algerines 3,912023 0,000466
algiers 2,207275 0,000263
alight 1,386294 0,000165
alighted 1,139434 0,000136
alike 0,287682 0,000034
alive 0,051293 0,000006
allah 3,218876 0,000384
allay 1,609438 0,000192
allayed 2,040221 0,000243
alleged 1,386294 0,000165
allegiance 1,897120 0,000226
alliance 1,171183 0,000140
allied 1,272966 0,000152
allotted 1,139434 0,000136
allowance 0,776529 0,000093
alluded 1,139434 0,000136
allusion 0,843970 0,000101
ally 1,078810 0,000129
alms 1,309333 0,000156
aloft 0,916291 0,000109
aloofness 2,659260 0,000317
aloud 0,301105 0,000036
alteration 0,314711 0,000038
altercation 2,302585 0,000275
altered 0,510826 0,000061
alternate 0,328504 0,000039
alternative 1,078810 0,000129
altogether 0,198451 0,000024
altruistic 3,912023 0,000466
amain 2,525729 0,000301
amassing 2,407946 0,000287
amazed 0,634878 0,000076
amazement 0,446287 0,000053
amazing 0,941609 0,000112
ambassador 1,386294 0,000165
amber 1,386294 0,000165
ambitions 1,609438 0,000192
amble 2,813411 0,000335
ambush 1,386294 0,000165
ameen 3,912023 0,000466
amend 1,560648 0,000186
amended 2,040221 0,000243
amends 1,108663 0,000132
amidships 2,995732 0,000357
amiss 0,820981 0,000098
amity 2,207275 0,000263
amorous 1,386294 0,000165
amphora 3,218876 0,000384
ample 0,527633 0,000063
amplify 2,995732 0,000357
amused 0,562119 0,000067
amusement 0,544727 0,000065
analogies 2,302585 0,000275
anatomical 2,407946 0,000287
anchor 0,867501 0,000103
anchorage 2,525729 0,000301
anchored 1,560648 0,000186
anchorite 2,525729 0,000301
ancient 0,198451 0,000024
ancients 1,347074 0,000161
andalusian 2,995732 0,000357
andrea 2,995732 0,000357
andrew 1,469676 0,000175
anew 0,867501 0,000103
angelic 1,514128 0,000181
angels 0,776529 0,000093
anger 0,328504 0,000039
angered 1,660731 0,000198
angle 0,733969 0,000088
angrily 0,867501 0,000103
angry 0,174353 0,000021
anguish 0,579818 0,000069
anguished 2,659260 0,000317
ankle 1,171183 0,000140
anklet 3,912023 0,000466
anne 1,560648 0,000186
announcement 1,139434 0,000136
anomalous 2,813411 0,000335
anon 1,272966 0,000152
answer 0,040822 0,000005
answerable 1,660731 0,000198
answered 0,072571 0,000009
answering 0,510826 0,000061
anta 3,912023 0,000466
antagonist 1,309333 0,000156
anthony 2,040221 0,000243
anticipated 0,755023 0,000090
anticipation 0,843970 0,000101
anxieties 1,203973 0,000144
anxiety 0,287682 0,000034
anxious 0,261365 0,000031
apathy 1,771957 0,000211
ape 1,514128 0,000181
apostasy 2,995732 0,000357
apostrophizing 2,995732 0,000357
appalled 1,203973 0,000144
appallingly 2,813411 0,000335
apparel 1,203973 0,000144
apparent 0,314711 0,000038
appeal 0,342490 0,000041
appealed 1,021651 0,000122
appealing 1,171183 0,000140
appealingly 2,525729 0,000301
appearance 0,083382 0,000010
appearances 0,693147 0,000083
appellation 1,897120 0,000226
appends 3,912023 0,000466
appetite 0,371064 0,000044
appetizing 2,407946 0,000287
applause 0,967584 0,000115
apple 0,616186 0,000073
apples 0,916291 0,000109
applicable 0,400478 0,000048
applied 0,287682 0,000034
applies 1,171183 0,000140
apply 0,162519 0,000019
appoint 1,347074 0,000161
appointed 0,356675 0,000043
appointment 0,693147 0,000083
appraisingly 3,912023 0,000466
apprehend 1,108663 0,000132
apprehension 0,616186 0,000073
apprehensions 1,078810 0,000129
apprentice 1,660731 0,000198
approach 0,083382 0,000010
approached 0,248461 0,000030
approaches 0,867501 0,000103
approaching 0,235722 0,000028
appropriation 2,040221 0,000243
approval 0,798508 0,000095
approve 0,653926 0,000078
approved 0,693147 0,000083
approves 1,966113 0,000234
approvingly 1,771957 0,000211
apricots 3,912023 0,000466
aproned 3,218876 0,000384
apt 0,579818 0,000069
aptly 2,040221 0,000243
aquila 3,218876 0,000384
aquiver 3,506558 0,000418
arab 1,514128 0,000181
arabesques 2,995732 0,000357
arabian 1,309333 0,000156
arabic 2,120264 0,000253
arable 2,302585 0,000275
arabs 1,714798 0,000204
arched 1,171183 0,000140
archers 2,120264 0,000253
archery 2,407946 0,000287
archive 0,544727 0,000065
archives 1,966113 0,000234
archway 2,302585 0,000275
archways 2,813411 0,000335
ardent 0,941609 0,000112
ardently 1,714798 0,000204
ardour 1,272966 0,000152
argent 3,218876 0,000384
argosy 3,506558 0,000418
argue 0,597837 0,000071
argument 0,371064 0,000044
arguments 0,562119 0,000067
aright 1,078810 0,000129
arm 0,094311 0,000011
armada 2,302585 0,000275
armament 2,407946 0,000287
armaments 2,407946 0,000287
armed 0,385662 0,000046
arming 2,302585 0,000275
armour 1,514128 0,000181
armoured 3,912023 0,000466
arms 0,051293 0,000006
aromatic 1,771957 0,000211
arouse 1,237874 0,000148
aroused 0,755023 0,000090
array 0,314711 0,000038
arrayed 1,427116 0,000170
arrest 0,941609 0,000112
arrested 0,733969 0,000088
arrive 0,314711 0,000038
arrived 0,150823 0,000018
arrives 1,078810 0,000129
arrogance 1,714798 0,000204
arrogant 1,347074 0,000161
arrow 0,653926 0,000078
arrows 1,021651 0,000122
arsenal 1,966113 0,000234
art 0,139262 0,000017
artist 0,634878 0,000076
artistic 1,049822 0,000125
arts 0,597837 0,000071
ascendancy 2,302585 0,000275
ascertain 0,798508 0,000095
ascii 0,562119 0,000067
ashamed 0,248461 0,000030
ashen 2,302585 0,000275
ashes 0,462035 0,000055
ashore 1,139434 0,000136
asleep 0,162519 0,000019
aspect 0,462035 0,000055
asper 3,506558 0,000418
aspersers 3,912023 0,000466
assailant 1,469676 0,000175
assailed 1,203973 0,000144
assemble 1,514128 0,000181
assembled 0,510826 0,000061
assembly 0,891598 0,000106
assertion 0,941609 0,000112
assiduous 1,966113 0,000234
assist 0,510826 0,000061
assistance 0,105361 0,000013
assistants 1,469676 0,000175
assisted 0,634878 0,000076
associate 1,021651 0,000122
assorted 2,207275 0,000263
assume 0,478036 0,000057
assumed 0,385662 0,000046
assumption 1,347074 0,000161
assurance 0,430783 0,000051
assure 0,385662 0,000046
assured 0,301105 0,000036
assuredly 0,967584 0,000115
assures 1,203973 0,000144
astern 2,120264 0,000253
astir 1,966113 0,000234
astonishingly 2,995732 0,000357
astonishment 0,301105 0,000036
astounding 1,660731 0,000198
astray 1,078810 0,000129
astride 1,514128 0,000181
ate 0,415515 0,000050
athwart 1,560648 0,000186
atlantic 1,171183 0,000140
atlas 1,897120 0,000226
atone 1,386294 0,000165
atoned 1,966113 0,000234
atop 2,659260 0,000317
attached 0,127833 0,000015
attack 0,301105 0,000036
attacked 0,462035 0,000055
attacking 1,203973 0,000144
attain 0,616186 0,000073
attempt 0,083382 0,000010
attempted 0,356675 0,000043
attempting 0,579818 0,000069
attempts 0,478036 0,000057
attend 0,301105 0,000036
attendance 0,798508 0,000095
attendant 0,733969 0,000088
attendants 1,108663 0,000132
attended 0,342490 0,000041
attending 0,713350 0,000085
attention 0,083382 0,000010
attentively 0,755023 0,000090
attested 1,427116 0,000170
attitude 0,478036 0,000057
attitudes 1,771957 0,000211
attracted 0,356675 0,000043
attributed 0,867501 0,000103
auburn 2,407946 0,000287
audacity 1,237874 0,000148
audience 0,733969 0,000088
aught 0,891598 0,000106
author 0,116534 0,000014
authorities 0,843970 0,000101
authority 0,261365 0,000031
authorship 2,302585 0,000275
auto 2,525729 0,000301
autumn 0,653926 0,000078
avail 0,544727 0,000065
availed 1,272966 0,000152
avarice 1,049822 0,000125
avenge 1,049822 0,000125
avenging 1,714798 0,000204
averse 1,049822 0,000125
averted 1,139434 0,000136
avidly 3,912023 0,000466
avoid 0,174353 0,000021
avoidance 2,040221 0,000243
avoided 0,371064 0,000044
avoiding 1,021651 0,000122
avowal 1,771957 0,000211
avowing 2,659260 0,000317
await 0,776529 0,000093
awaited 0,733969 0,000088
awaiting 0,693147 0,000083
awaits 1,237874 0,000148
awake 0,356675 0,000043
awaken 0,891598 0,000106
awakened 0,673345 0,000080
aware 0,223144 0,000027
awe 0,597837 0,000071
awhile 0,967584 0,000115
awkward 0,544727 0,000065
awning 2,302585 0,000275
awoke 0,446287 0,000053
awry 1,660731 0,000198
axe 1,049822 0,000125
ay 1,108663 0,000132
aye 1,347074 0,000161
azure 1,514128 0,000181
bab 3,218876 0,000384
babble 1,832581 0,000219
babbled 2,525729 0,000301
babbling 2,040221 0,000243
babblings 3,506558 0,000418
babe 1,427116 0,000170
background 0,867501 0,000103
bad 0,051293 0,000006
bade 0,597837 0,000071
baffled 1,171183 0,000140
bag 0,544727 0,000065
bagnio 3,912023 0,000466
bah 1,514128 0,000181
bai 3,506558 0,000418
bait 1,078810 0,000129
baked 1,237874 0,000148
balance 0,544727 0,000065
balanced 1,021651 0,000122
balancing 1,272966 0,000152
balcony 1,514128 0,000181
bale 2,407946 0,000287
balearic 2,995732 0,000357
baleful 2,040221 0,000243
bales 1,966113 0,000234
ballad 1,771957 0,000211
ballooned 3,912023 0,000466
baltimore 2,407946 0,000287
balustrade 1,897120 0,000226
balustrades 3,218876 0,000384
bandage 1,427116 0,000170
bandaging 2,813411 0,000335
banged 1,714798 0,000204
banished 0,941609 0,000112
banishment 1,427116 0,000170
bank 0,261365 0,000031
banner 1,272966 0,000152
baptism 1,897120 0,000226
barbados 3,506558 0,000418
barbarous 1,108663 0,000132
barbary 2,813411 0,000335
bare 0,162519 0,000019
bared 1,469676 0,000175
barely 0,798508 0,000095
bargain 0,597837 0,000071
bargains 1,897120 0,000226
barked 1,714798 0,000204
barred 0,916291 0,000109
barrel 0,843970 0,000101
barrels 1,203973 0,000144
barren 0,713350 0,000085
barrier 1,078810 0,000129
bartering 3,218876 0,000384
base 0,301105 0,000036
based 0,371064 0,000044
basely 1,966113 0,000234
baseness 1,469676 0,000175
basin 0,941609 0,000112
basis 0,843970 0,000101
basket 0,673345 0,000080
bastard 1,660731 0,000198
bathed 0,798508 0,000095
battle 0,287682 0,000034
battling 2,407946 0,000287
bawled 2,120264 0,000253
bawling 2,207275 0,000263
bay 0,544727 0,000065
bea 2,995732 0,000357
beach 1,049822 0,000125
bear 0,061875 0,000007
beard 0,579818 0,000069
bearded 1,108663 0,000132
beardless 2,525729 0,000301
beardlessness 3,912023 0,000466
bearer 1,203973 0,000144
bearing 0,162519 0,000019
bears 0,510826 0,000061
beast 0,342490 0,000041
beat 0,186330 0,000022
beaten 0,400478 0,000048
beating 0,314711 0,000038
beautiful 0,083382 0,000010
beauty 0,174353 0,000021
becalmed 2,659260 0,000317
beckon 2,302585 0,000275
beckoned 1,272966 0,000152
becomingly 2,407946 0,000287
bed 0,051293 0,000006
bedewed 2,659260 0,000317
bedouin 3,506558 0,000418
bedraggled 2,995732 0,000357
bees 1,021651 0,000122
beetling 2,813411 0,000335
befall 0,967584 0,000115
befallen 1,078810 0,000129
befalls 2,302585 0,000275
befell 1,171183 0,000140
befriended 1,771957 0,000211
beg 0,210721 0,000025
begat 2,040221 0,000243
beggar 0,733969 0,000088
beggars 1,171183 0,000140
begged 0,462035 0,000055
begging 0,713350 0,000085
begot 2,207275 0,000263
begotten 1,609438 0,000192
beguile 2,040221 0,000243
behalf 0,713350 0,000085
behaving 1,832581 0,000219
behaviour 0,941609 0,000112
beheld 0,510826 0,000061
behold 0,342490 0,000041
beholding 1,021651 0,000122
belated 1,514128 0,000181
belched 3,218876 0,000384
belief 0,198451 0,000024
beliefs 1,609438 0,000192
believer 1,514128 0,000181
believers 1,660731 0,000198
belike 2,995732 0,000357
bell 0,400478 0,000048
bellow 2,407946 0,000287
bellowed 2,207275 0,000263
bellowing 1,832581 0,000219
bellows 1,771957 0,000211
bells 0,597837 0,000071
belly 0,916291 0,000109
bellying 2,995732 0,000357
belong 0,235722 0,000028
belonged 0,314711 0,000038
belonging 0,527633 0,000063
belongs 0,415515 0,000050
beloved 0,415515 0,000050
bemused 3,506558 0,000418
ben 1,609438 0,000192
bench 0,616186 0,000073
benches 1,171183 0,000140
bend 0,510826 0,000061
beneath 0,198451 0,000024
benedictions 2,813411 0,000335
benefit 0,415515 0,000050
benefits 1,171183 0,000140
benign 2,302585 0,000275
benignity 2,407946 0,000287
bent 0,174353 0,000021
berbers 3,912023 0,000466
bereft 1,897120 0,000226
beribboned 3,506558 0,000418
beseech 1,049822 0,000125
beseeching 1,609438 0,000192
beset 0,941609 0,000112
besought 1,309333 0,000156
bestow 0,755023 0,000090
bestowal 2,995732 0,000357
bestowed 0,562119 0,000067
bethink 1,966113 0,000234
bethought 1,469676 0,000175
betide 2,659260 0,000317
betimes 1,771957 0,000211
betray 0,527633 0,000063
betrayal 2,120264 0,000253
betrayed 0,494296 0,000059
betrothal 2,302585 0,000275
betrothed 1,660731 0,000198
betwixt 1,514128 0,000181
bewail 1,832581 0,000219
bewildered 0,843970 0,000101
bewilderment 1,660731 0,000198
bewitched 1,897120 0,000226
bias 1,609438 0,000192
bid 0,400478 0,000048
bidden 1,347074 0,000161
bidding 0,820981 0,000098
biddings 3,912023 0,000466
bides 2,995732 0,000357
bids 1,237874 0,000148
bigness 2,207275 0,000263
bigotry 2,207275 0,000263
bilbo 3,912023 0,000466
bilge 2,995732 0,000357
bilging 3,912023 0,000466
binary 0,562119 0,000067
bind 0,755023 0,000090
binding 0,891598 0,000106
binds 1,660731 0,000198
bird 0,235722 0,000028
birth 0,301105 0,000036
birthright 2,040221 0,000243
biscuit 1,514128 0,000181
biscuits 1,771957 0,000211
bismillah 3,912023 0,000466
bit 0,174353 0,000021
biting 0,713350 0,000085
bitter 0,235722 0,000028
bitterest 1,469676 0,000175
bitterly 0,579818 0,000069
bitterness 0,634878 0,000076
black 0,072571 0,000009
blackamoors 3,506558 0,000418
blacken 2,525729 0,000301
blackness 1,237874 0,000148
blacks 1,427116 0,000170
bladder 2,207275 0,000263
blade 0,755023 0,000090
bladed 2,813411 0,000335
blair 2,302585 0,000275
blame 0,174353 0,000021
blanched 1,966113 0,000234
blank 0,579818 0,000069
blared 3,506558 0,000418
blaspheme 2,407946 0,000287
blasphemer 2,813411 0,000335
blasphemous 2,040221 0,000243
blast 0,693147 0,000083
blasts 1,609438 0,000192
blaze 0,941609 0,000112
blazed 1,203973 0,000144
blazing 0,916291 0,000109
blazon 2,995732 0,000357
bleat 2,813411 0,000335
bleated 3,912023 0,000466
bleats 2,995732 0,000357
bleeding 0,843970 0,000101
blench 3,912023 0,000466
blenching 3,912023 0,000466
blended 1,203973 0,000144
blending 1,897120 0,000226
blent 2,995732 0,000357
bless 0,430783 0,000051
blessed 0,356675 0,000043
blessing 0,446287 0,000053
blessings 1,171183 0,000140
blew 0,494296 0,000059
blight 1,771957 0,000211
blighting 2,995732 0,000357
blind 0,223144 0,000027
blinded 0,994252 0,000119
blindness 0,994252 0,000119
blinds 1,347074 0,000161
blinked 1,897120 0,000226
blistered 2,207275 0,000263
blithely 2,813411 0,000335
blizzard 3,218876 0,000384
blood 0,116534 0,000014
bloodshed 1,386294 0,000165
bloodshot 1,897120 0,000226
bloodstains 3,218876 0,000384
bloodthirsty 2,302585 0,000275
bloody 0,527633 0,000063
blossoms 1,049822 0,000125
blot 1,347074 0,000161
blow 0,139262 0,000017
blowing 0,510826 0,000061
blown 0,579818 0,000069
blows 0,371064 0,000044
blue 0,174353 0,000021
bluebeard 2,995732 0,000357
blundering 1,514128 0,000181
blunt 0,967584 0,000115
bluntly 1,966113 0,000234
blurred 1,771957 0,000211
bluster 2,659260 0,000317
blustering 2,120264 0,000253
board 0,314711 0,000038
boarders 2,407946 0,000287
boarding 1,272966 0,000152
boast 0,430783 0,000051
boasted 1,171183 0,000140
boaster 2,813411 0,000335
boasters 3,506558 0,000418
boastfulness 2,813411 0,000335
boasting 1,108663 0,000132
boat 0,446287 0,000053
boats 0,820981 0,000098
boatswain 2,813411 0,000335
boatswains 2,995732 0,000357
bodice 2,302585 0,000275
bodied 1,897120 0,000226
bodies 0,174353 0,000021
body 0,030459 0,000004
bodyguard 2,525729 0,000301
boggle 3,912023 0,000466
boil 1,237874 0,000148
boiled 0,798508 0,000095
bold 0,287682 0,000034
boldly 0,462035 0,000055
boldness 0,916291 0,000109
bolt 0,733969 0,000088
bolts 1,427116 0,000170
bomb 2,407946 0,000287
bond 0,673345 0,000080
bondage 1,203973 0,000144
bonds 0,798508 0,000095
bones 0,235722 0,000028
bonnet 1,139434 0,000136
book 0,061875 0,000007
boom 1,897120 0,000226
boomed 1,966113 0,000234
boon 1,560648 0,000186
boorish 2,659260 0,000317
boot 0,941609 0,000112
booted 1,897120 0,000226
booths 2,040221 0,000243
boots 0,510826 0,000061
booty 1,309333 0,000156
borak 3,912023 0,000466
bordering 1,427116 0,000170
bore 0,150823 0,000018
born 0,105361 0,000013
borne 0,261365 0,000031
bosom 0,462035 0,000055
bottle 0,562119 0,000067
bound 0,030459 0,000004
bounding 1,171183 0,000140
bounds 0,634878 0,000076
bounty 1,386294 0,000165
bow 0,287682 0,000034
bowed 0,371064 0,000044
bower 1,714798 0,000204
bowing 0,994252 0,000119
bowl 0,843970 0,000101
bowmen 3,506558 0,000418
bows 0,776529 0,000093
box 0,248461 0,000030
boxwood 3,506558 0,000418
boy 0,139262 0,000017
brace 1,469676 0,000175
braced 1,609438 0,000192
bracelets 1,427116 0,000170
braces 1,609438 0,000192
bracing 1,714798 0,000204
braggart 2,407946 0,000287
brain 0,356675 0,000043
braining 3,506558 0,000418
bramble 2,407946 0,000287
branch 0,385662 0,000046
brand 1,203973 0,000144
branded 1,771957 0,000211
brandishing 1,771957 0,000211
brandy 0,941609 0,000112
brass 0,478036 0,000057
brave 0,415515 0,000050
braved 2,120264 0,000253
bravest 1,386294 0,000165
brawl 2,813411 0,000335
brawn 2,659260 0,000317
brawny 1,832581 0,000219
brazenly 3,218876 0,000384
brazier 2,302585 0,000275
breach 0,274437 0,000033
bread 0,248461 0,000030
break 0,083382 0,000010
breakfast 0,356675 0,000043
breaking 0,210721 0,000025
breakneck 2,813411 0,000335
breast 0,210721 0,000025
breasts 0,891598 0,000106
breath 0,174353 0,000021
breathe 0,478036 0,000057
breathed 0,494296 0,000059
breathing 0,462035 0,000055
breathless 0,673345 0,000080
breathlessly 1,714798 0,000204
bred 0,478036 0,000057
breeches 1,203973 0,000144
breeze 0,713350 0,000085
brethren 0,916291 0,000109
brewed 2,525729 0,000301
bribed 1,714798 0,000204
brick 0,713350 0,000085
bridal 1,427116 0,000170
bride 0,820981 0,000098
bridge 0,494296 0,000059
bridged 2,525729 0,000301
bridle 1,021651 0,000122
bright 0,116534 0,000014
brightened 0,967584 0,000115
brightening 1,469676 0,000175
brightly 0,994252 0,000119
brightness 0,634878 0,000076
brilliance 1,832581 0,000219
brilliant 0,430783 0,000051
brilliantly 1,560648 0,000186
brimmed 1,714798 0,000204
bring 0,010050 0,000001
bringing 0,105361 0,000013
brings 0,328504 0,000039
briskly 0,967584 0,000115
broached 2,407946 0,000287
broaching 2,995732 0,000357
broad 0,139262 0,000017
broader 1,560648 0,000186
broadside 2,407946 0,000287
broiled 2,659260 0,000317
broke 0,116534 0,000014
broken 0,061875 0,000007
brokenly 2,995732 0,000357
brood 1,108663 0,000132
brooding 1,021651 0,000122
brook 1,139434 0,000136
broom 1,469676 0,000175
brother 0,127833 0,000015
brotherly 1,609438 0,000192
brothers 0,356675 0,000043
brought 0,010050 0,000001
brow 0,544727 0,000065
brown 0,274437 0,000033
brows 0,755023 0,000090
browsing 2,407946 0,000287
bruised 0,941609 0,000112
brush 0,755023 0,000090
brushed 1,078810 0,000129
brusque 2,659260 0,000317
brutal 0,755023 0,000090
brutality 1,514128 0,000181
bubble 1,560648 0,000186
buckler 2,040221 0,000243
bucks 2,813411 0,000335
build 0,446287 0,000053
building 0,223144 0,000027
built 0,150823 0,000018
bulging 1,771957 0,000211
bulk 0,843970 0,000101
bull 0,510826 0,000061
bullock 1,966113 0,000234
bullrushes 3,912023 0,000466
bulwark 1,714798 0,000204
bulwarks 2,040221 0,000243
bumper 2,813411 0,000335
bunches 1,609438 0,000192
buoyant 1,897120 0,000226
buoyed 2,659260 0,000317
burden 0,223144 0,000027
burdened 1,469676 0,000175
burdening 2,525729 0,000301
burdens 1,309333 0,000156
buried 0,248461 0,000030
burn 0,400478 0,000048
burned 0,400478 0,000048
burning 0,150823 0,000018
burnished 2,040221 0,000243
burnishing 3,912023 0,000466
burnt 0,415515 0,000050
burst 0,287682 0,000034
bursting 0,713350 0,000085
bury 0,776529 0,000093
bush 0,820981 0,000098
bushy 1,272966 0,000152
business 0,040822 0,000005
bustle 0,994252 0,000119
butcher 0,941609 0,000112
butchered 2,302585 0,000275
butt 1,171183 0,000140
buttress 2,995732 0,000357
buttresses 3,218876 0,000384
buyer 2,407946 0,000287
buyers 2,120264 0,000253
cabin 0,916291 0,000109
cable 1,514128 0,000181
cactus 3,506558 0,000418
caftan 3,912023 0,000466
caftans 3,912023 0,000466
cajolery 3,506558 0,000418
calculate 0,328504 0,000039
calculated 0,174353 0,000021
calculating 1,386294 0,000165
calico 1,897120 0,000226
caliphate 3,912023 0,000466
calling 0,820981 0,000098
callous 1,469676 0,000175
callously 3,506558 0,000418
callow 2,659260 0,000317
calm 0,301105 0,000036
calmly 0,510826 0,000061
calumniator 3,912023 0,000466
calumnies 2,207275 0,000263
calumny 2,040221 0,000243
calves 1,427116 0,000170
camel 1,609438 0,000192
camels 1,897120 0,000226
canary 1,660731 0,000198
candle 0,544727 0,000065
cane 0,916291 0,000109
caned 3,912023 0,000466
cannon 0,941609 0,000112
canst 1,514128 0,000181
canvas 0,916291 0,000109
cap 0,462035 0,000055
capable 0,261365 0,000031
caparisoned 2,995732 0,000357
cape 0,967584 0,000115
capital 0,328504 0,000039
capitan 3,506558 0,000418
capitana 3,912023 0,000466
capon 3,218876 0,000384
caps 0,967584 0,000115
captain 0,371064 0,000044
captaincy 2,813411 0,000335
captains 1,171183 0,000140
captive 0,820981 0,000098
captives 1,514128 0,000181
captivity 1,714798 0,000204
capture 0,820981 0,000098
captured 0,916291 0,000109
capturing 2,040221 0,000243
carack 3,912023 0,000466
caravels 3,912023 0,000466
card 0,223144 0,000027
care 0,000000 0,000000
cared 0,494296 0,000059
career 0,478036 0,000057
careful 0,174353 0,000021
carefully 0,139262 0,000017
careless 0,494296 0,000059
carelessly 0,776529 0,000093
caress 1,469676 0,000175
cargo 1,272966 0,000152
carousing 2,813411 0,000335
carpet 0,653926 0,000078
carpets 1,427116 0,000170
carriage 0,446287 0,000053
carrick 3,506558 0,000418
carried 0,030459 0,000004
carriers 2,040221 0,000243
carries 0,755023 0,000090
carrion 1,832581 0,000219
carronade 3,912023 0,000466
carry 0,030459 0,000004
carrying 0,083382 0,000010
carved 0,843970 0,000101
casque 2,995732 0,000357
cast 0,116534 0,000014
castellated 3,218876 0,000384
castes 2,813411 0,000335
castilian 2,995732 0,000357
casting 0,544727 0,000065
castle 0,776529 0,000093
castles 1,347074 0,000161
cat 0,562119 0,000067
catch 0,210721 0,000025
catholic 1,139434 0,000136
catholics 1,897120 0,000226
caught 0,162519 0,000019
caution 0,527633 0,000063
cautious 0,673345 0,000080
caves 1,203973 0,000144
cease 0,139262 0,000017
ceased 0,235722 0,000028
ceaseless 1,386294 0,000165
ceiling 0,527633 0,000063
celibacy 2,995732 0,000357
century 0,494296 0,000059
ceremoniously 2,525729 0,000301
ceremony 0,579818 0,000069
certainty 0,342490 0,000041
chafed 1,771957 0,000211
chafing 1,771957 0,000211
chagrin 1,660731 0,000198
chain 0,415515 0,000050
chained 1,108663 0,000132
chains 0,562119 0,000067
chair 0,274437 0,000033
chairs 0,579818 0,000069
challenge 0,994252 0,000119
challenged 1,469676 0,000175
challenger 3,506558 0,000418
chamber 0,400478 0,000048
chamberlain 1,771957 0,000211
champion 1,171183 0,000140
chance 0,083382 0,000010
chanced 0,843970 0,000101
chances 0,562119 0,000067
chancing 2,207275 0,000263
change 0,010050 0,000001
changed 0,051293 0,000006
changing 0,248461 0,000030
channel 0,798508 0,000095
chant 2,040221 0,000243
chanted 2,120264 0,000253
chanting 1,966113 0,000234
chapter 0,342490 0,000041
character 0,061875 0,000007
characteristic 0,597837 0,000071
characters 0,430783 0,000051
charge 0,051293 0,000006
charged 0,328504 0,000039
charges 0,223144 0,000027
charitable 0,287682 0,000034
charities 0,494296 0,000059
charity 0,494296 0,000059
charm 0,544727 0,000065
charming 0,527633 0,000063
charms 0,755023 0,000090
charybdis 2,659260 0,000317
chase 0,653926 0,000078
chaste 1,203973 0,000144
chastening 3,506558 0,000418
chattel 3,218876 0,000384
chatter 1,427116 0,000170
chattered 1,514128 0,000181
chattering 1,108663 0,000132
cheap 0,673345 0,000080
cheat 1,139434 0,000136
cheated 1,347074 0,000161
check 0,174353 0,000021
checked 0,579818 0,000069
checks 0,478036 0,000057
cheek 0,430783 0,000051
cheeks 0,415515 0,000050
cheered 0,994252 0,000119
cheerfully 0,820981 0,000098
cherish 1,078810 0,000129
cherished 0,843970 0,000101
chest 0,371064 0,000044
chests 1,469676 0,000175
chicken 1,139434 0,000136
chief 0,094311 0,000011
chiefly 0,527633 0,000063
child 0,072571 0,000009
childish 0,713350 0,000085
children 0,072571 0,000009
chill 0,733969 0,000088
chilled 1,139434 0,000136
chilling 1,832581 0,000219
chimed 1,966113 0,000234
chimneys 1,309333 0,000156
chin 0,478036 0,000057
chink 1,966113 0,000234
chisel 1,771957 0,000211
chisels 3,506558 0,000418
chivalry 1,832581 0,000219
choice 0,150823 0,000018
choke 1,427116 0,000170
choked 0,755023 0,000090
choking 0,941609 0,000112
choose 0,083382 0,000010
choosing 0,867501 0,000103
chord 1,660731 0,000198
chorus 1,021651 0,000122
chose 0,301105 0,000036
chosen 0,186330 0,000022
christendom 1,660731 0,000198
christian 0,430783 0,000051
christianity 1,347074 0,000161
christians 1,108663 0,000132
christmas 0,891598 0,000106
chronicle 1,609438 0,000192
chronicler 2,407946 0,000287
chronicles 2,120264 0,000253
chuckle 1,714798 0,000204
chuckled 1,237874 0,000148
church 0,261365 0,000031
circled 1,514128 0,000181
circuit 0,891598 0,000106
circumlocution 2,813411 0,000335
circumstance 0,446287 0,000053
circumstances 0,162519 0,000019
cite 2,302585 0,000275
cited 1,560648 0,000186
citizen 0,843970 0,000101
city 0,051293 0,000006
clad 0,597837 0,000071
claim 0,116534 0,000014
claimed 0,843970 0,000101
claims 0,616186 0,000073
clambered 1,514128 0,000181
clambering 2,040221 0,000243
clamorous 1,609438 0,000192
clamour 1,771957 0,000211
clamoured 2,995732 0,000357
clamouring 2,813411 0,000335
clamours 3,506558 0,000418
clang 1,660731 0,000198
clank 2,995732 0,000357
clanked 2,995732 0,000357
clapper 3,506558 0,000418
clapping 1,108663 0,000132
claret 1,771957 0,000211
clarified 2,813411 0,000335
clasp 1,078810 0,000129
clasped 0,843970 0,000101
clasping 1,078810 0,000129
class 0,314711 0,000038
clatter 1,386294 0,000165
clattered 2,040221 0,000243
claw 1,609438 0,000192
clawed 2,525729 0,000301
clawing 2,207275 0,000263
claws 1,078810 0,000129
clay 0,494296 0,000059
clean 0,248461 0,000030
cleanse 1,514128 0,000181
cleansed 1,714798 0,000204
clemency 1,832581 0,000219
clench 2,659260 0,000317
clenched 1,049822 0,000125
clerical 1,714798 0,000204
cliff 1,309333 0,000156
cliffs 1,272966 0,000152
climax 1,272966 0,000152
climbed 0,673345 0,000080
clinging 0,867501 0,000103
clings 1,966113 0,000234
cloak 0,562119 0,000067
cloaks 1,514128 0,000181
clock 0,527633 0,000063
cloistered 2,659260 0,000317
cloisters 2,407946 0,000287
close 0,051293 0,000006
closed 0,116534 0,000014
closely 0,223144 0,000027
closer 0,385662 0,000046
closest 1,514128 0,000181
closeted 2,659260 0,000317
closing 0,446287 0,000053
clot 2,995732 0,000357
cloth 0,356675 0,000043
clothes 0,127833 0,000015
cloths 1,560648 0,000186
clots 2,813411 0,000335
cloud 0,301105 0,000036
clouded 1,237874 0,000148
cloudless 1,514128 0,000181
clouds 0,342490 0,000041
cloudy 1,078810 0,000129
clue 1,078810 0,000129
clumps 1,771957 0,000211
clumsily 1,714798 0,000204
clumsy 0,994252 0,000119
clung 0,693147 0,000083
clustering 1,832581 0,000219
clutch 1,514128 0,000181
clutched 0,994252 0,000119
coarse 0,478036 0,000057
coast 0,544727 0,000065
coastline 3,218876 0,000384
coat 0,274437 0,000033
coax 1,771957 0,000211
cobalt 3,218876 0,000384
cock 0,843970 0,000101
cockpit 3,912023 0,000466
codes 0,510826 0,000061
coffer 2,207275 0,000263
coil 1,237874 0,000148
coiled 1,832581 0,000219
coin 0,916291 0,000109
cold 0,040822 0,000005
coldly 0,916291 0,000109
coldness 1,021651 0,000122
collapse 1,771957 0,000211
collapsed 1,514128 0,000181
collapsing 2,995732 0,000357
collection 0,174353 0,000021
colossal 1,560648 0,000186
colour 0,527633 0,000063
coloured 0,693147 0,000083
colours 0,713350 0,000085
combat 0,891598 0,000106
combatants 1,660731 0,000198
combination 0,693147 0,000083
combined 0,713350 0,000085
combing 2,207275 0,000263
comedy 0,941609 0,000112
comely 1,237874 0,000148
comfort 0,150823 0,000018
comfortable 0,261365 0,000031
comforted 0,776529 0,000093
comforting 1,139434 0,000136
coming 1,171183 0,000140
command 0,162519 0,000019
commanded 0,462035 0,000055
commander 0,967584 0,000115
commanding 0,755023 0,000090
commands 0,616186 0,000073
commendation 1,897120 0,000226
comment 0,673345 0,000080
commented 1,609438 0,000192
commerce 1,078810 0,000129
commercial 0,274437 0,000033
commission 0,693147 0,000083
committed 0,150823 0,000018
common 0,072571 0,000009
commonly 0,755023 0,000090
commonplaces 2,302585 0,000275
commotion 1,078810 0,000129
communicate 0,820981 0,000098
communication 0,597837 0,000071
communing 2,120264 0,000253
companion 0,248461 0,000030
companions 0,301105 0,000036
companionship 0,967584 0,000115
company 0,020203 0,000002
comparative 0,994252 0,000119
compare 0,510826 0,000061
compared 0,274437 0,000033
comparing 0,867501 0,000103
comparison 0,478036 0,000057
compartments 1,897120 0,000226
compassion 0,820981 0,000098
compassionate 1,272966 0,000152
compel 0,916291 0,000109
compelled 0,527633 0,000063
compelling 1,560648 0,000186
compensation 1,108663 0,000132
compensations 2,813411 0,000335
competitor 2,040221 0,000243
competitors 2,120264 0,000253
compilation 0,494296 0,000059
complained 0,562119 0,000067
complaint 0,616186 0,000073
complete 0,150823 0,000018
completed 0,446287 0,000053
completely 0,274437 0,000033
completest 2,659260 0,000317
complexion 0,798508 0,000095
compliance 0,342490 0,000041
complied 1,309333 0,000156
compliment 0,673345 0,000080
comply 0,342490 0,000041
complying 0,446287 0,000053
compose 0,916291 0,000109
composed 0,328504 0,000039
composedly 2,040221 0,000243
composure 1,049822 0,000125
compounded 1,714798 0,000204
compressed 0,342490 0,000041
compulsion 1,609438 0,000192
compunction 1,714798 0,000204
comrades 0,967584 0,000115
comradeship 2,525729 0,000301
conceal 0,301105 0,000036
concealed 0,415515 0,000050
concealment 1,108663 0,000132
conceivable 1,386294 0,000165
conceive 0,544727 0,000065
conceived 0,462035 0,000055
conceives 1,771957 0,000211
conceiving 1,272966 0,000152
concentrated 0,867501 0,000103
concept 0,544727 0,000065
conception 0,653926 0,000078
concern 0,430783 0,000051
concerned 0,287682 0,000034
concernedly 3,506558 0,000418
concerns 0,820981 0,000098
concerted 2,525729 0,000301
conciliation 2,659260 0,000317
conciliatory 2,120264 0,000253
conclude 0,843970 0,000101
concluded 0,356675 0,000043
conclusion 0,235722 0,000028
conclusions 0,916291 0,000109
concurrence 1,714798 0,000204
condemn 0,867501 0,000103
condemnation 1,347074 0,000161
condemned 0,653926 0,000078
condition 0,094311 0,000011
conditions 0,342490 0,000041
condone 3,218876 0,000384
condoned 2,659260 0,000317
conduce 1,966113 0,000234
conduct 0,198451 0,000024
conducted 0,415515 0,000050
confess 0,198451 0,000024
confessed 0,579818 0,000069
confesses 1,966113 0,000234
confession 0,579818 0,000069
confidence 0,139262 0,000017
confidences 1,514128 0,000181
confident 0,510826 0,000061
confidential 1,021651 0,000122
confidently 1,049822 0,000125
confine 0,755023 0,000090
confined 0,385662 0,000046
confinement 1,139434 0,000136
confirm 0,755023 0,000090
confirmation 0,356675 0,000043
confirmed 0,174353 0,000021
confiscations 3,506558 0,000418
conflict 0,693147 0,000083
conflicting 1,560648 0,000186
conform 1,427116 0,000170
confound 0,733969 0,000088
confront 1,660731 0,000198
confronted 1,021651 0,000122
confused 0,248461 0,000030
confusion 0,301105 0,000036
congenital 3,218876 0,000384
congratulated 1,469676 0,000175
congratulation 1,832581 0,000219
congregation 1,309333 0,000156
conjectured 1,427116 0,000170
conjointly 3,218876 0,000384
conjure 1,966113 0,000234
connected 0,415515 0,000050
connecting 1,347074 0,000161
conquer 1,021651 0,000122
conquered 0,798508 0,000095
conqueror 1,108663 0,000132
conscience 0,314711 0,000038
conscious 0,314711 0,000038
consciousness 0,371064 0,000044
consent 0,328504 0,000039
consented 0,562119 0,000067
consenting 1,660731 0,000198
consequence 0,328504 0,000039
consequences 0,371064 0,000044
consequential 0,478036 0,000057
considerable 0,105361 0,000013
considerate 1,469676 0,000175
consideration 0,274437 0,000033
considerations 0,891598 0,000106
consigned 1,427116 0,000170
consolation 0,713350 0,000085
console 1,021651 0,000122
consoled 1,108663 0,000132
consort 1,514128 0,000181
conspicuity 3,912023 0,000466
conspirator 2,659260 0,000317
constable 1,427116 0,000170
constancy 1,347074 0,000161
constant 0,051293 0,000006
consternation 1,021651 0,000122
constitute 1,171183 0,000140
constitution 0,843970 0,000101
constrained 0,843970 0,000101
construction 0,755023 0,000090
consulting 0,891598 0,000106
consumed 0,634878 0,000076
consuming 1,171183 0,000140
contact 0,210721 0,000025
contemplate 0,994252 0,000119
contemplating 1,139434 0,000136
contemplation 0,527633 0,000063
contemporaries 1,272966 0,000152
contempt 0,446287 0,000053
contemptible 1,078810 0,000129
contemptuous 1,049822 0,000125
contemptuously 1,237874 0,000148
content 0,186330 0,000022
contents 0,094311 0,000011
contested 1,771957 0,000211
contesting 2,659260 0,000317
contiguity 2,995732 0,000357
contiguous 1,897120 0,000226
contingency 2,525729 0,000301
contingent 1,714798 0,000204
continue 0,261365 0,000031
continued 0,072571 0,000009
contract 0,261365 0,000031
contracted 0,755023 0,000090
contrary 0,198451 0,000024
contrast 0,494296 0,000059
contributed 0,843970 0,000101
contributions 0,430783 0,000051
contributor 2,659260 0,000317
contritely 3,506558 0,000418
contrition 2,120264 0,000253
contrivances 1,897120 0,000226
contrive 1,237874 0,000148
contrived 0,713350 0,000085
contriving 1,966113 0,000234
control 0,314711 0,000038
controlled 1,171183 0,000140
controlling 1,469676 0,000175
convenience 0,755023 0,000090
conveniently 1,203973 0,000144
conversation 0,186330 0,000022
conversely 2,995732 0,000357
conversion 1,427116 0,000170
convert 0,385662 0,000046
converted 0,820981 0,000098
converting 1,560648 0,000186
converts 1,897120 0,000226
convey 0,544727 0,000065
conveyed 0,634878 0,000076
conveys 1,897120 0,000226
conviction 0,462035 0,000055
convictions 1,514128 0,000181
convince 0,634878 0,000076
convinced 0,287682 0,000034
convincingly 2,995732 0,000357
convulsive 1,272966 0,000152
cooing 2,302585 0,000275
cooked 0,916291 0,000109
cool 0,314711 0,000038
cooling 1,272966 0,000152
coolly 1,021651 0,000122
cools 3,506558 0,000418
copper 0,798508 0,000095
coppery 2,995732 0,000357
copying 0,494296 0,000059
copyright 0,415515 0,000050
cord 0,916291 0,000109
cords 1,139434 0,000136
cork 1,386294 0,000165
corner 0,127833 0,000015
corners 0,430783 0,000051
cornish 2,659260 0,000317
cornishman 3,912023 0,000466
cornwall 2,525729 0,000301
corporation 0,462035 0,000055
correct 0,385662 0,000046
corrected 0,733969 0,000088
correcting 1,560648 0,000186
correction 1,203973 0,000144
corrupt 0,274437 0,000033
corsair 2,813411 0,000335
corsairs 2,659260 0,000317
corselet 3,218876 0,000384
cost 0,105361 0,000013
costly 0,967584 0,000115
costs 0,287682 0,000034
cottages 1,560648 0,000186
couch 0,733969 0,000088
cough 0,994252 0,000119
coughing 1,309333 0,000156
counsel 0,527633 0,000063
counselled 1,966113 0,000234
counsellors 1,609438 0,000192
counsels 1,237874 0,000148
count 0,248461 0,000030
counted 0,527633 0,000063
countenance 0,415515 0,000050
countenances 1,237874 0,000148
countered 2,995732 0,000357
counting 0,693147 0,000083
countries 0,235722 0,000028
country 0,010050 0,000001
countrymen 1,108663 0,000132
countryside 1,832581 0,000219
counts 1,237874 0,000148
couple 0,287682 0,000034
courage 0,150823 0,000018
court 0,127833 0,000015
courteous 0,967584 0,000115
courtesy 0,713350 0,000085
courtier 1,966113 0,000234
courting 1,560648 0,000186
courts 0,544727 0,000065
courtship 1,660731 0,000198
courtyard 1,560648 0,000186
cousin 0,755023 0,000090
cove 1,832581 0,000219
cover 0,261365 0,000031
covered 0,139262 0,000017
coverlet 1,714798 0,000204
coves 2,995732 0,000357
covet 1,714798 0,000204
coveted 1,171183 0,000140
coward 0,994252 0,000119
cowardice 0,994252 0,000119
cowardly 0,994252 0,000119
cowed 2,302585 0,000275
cowered 2,302585 0,000275
cowering 1,832581 0,000219
cowl 2,659260 0,000317
cowled 3,506558 0,000418
cowls 2,995732 0,000357
cozen 3,912023 0,000466
crabbed 2,659260 0,000317
crack 0,820981 0,000098
cracking 1,386294 0,000165
crackled 1,897120 0,000226
craft 0,755023 0,000090
craftier 3,506558 0,000418
craftily 2,407946 0,000287
crafty 1,427116 0,000170
cramped 1,427116 0,000170
craned 2,659260 0,000317
crash 0,776529 0,000093
crashed 2,040221 0,000243
crashing 1,386294 0,000165
craven 2,302585 0,000275
craving 1,272966 0,000152
crawled 0,891598 0,000106
crawling 0,941609 0,000112
creak 1,560648 0,000186
creaked 1,714798 0,000204
create 0,597837 0,000071
created 0,116534 0,000014
creating 0,342490 0,000041
creation 0,235722 0,000028
creature 0,174353 0,000021
creatures 0,235722 0,000028
credit 0,094311 0,000011
creed 1,203973 0,000144
creep 0,820981 0,000098
creepers 2,525729 0,000301
creeping 0,634878 0,000076
creeps 1,966113 0,000234
crenels 3,912023 0,000466
crept 0,494296 0,000059
crescent 1,771957 0,000211
cressets 3,218876 0,000384
crest 0,941609 0,000112
crestfallen 1,771957 0,000211
crests 1,832581 0,000219
crew 0,755023 0,000090
crime 0,314711 0,000038
crimes 0,653926 0,000078
crimson 0,941609 0,000112
cringe 2,407946 0,000287
cripples 2,407946 0,000287
crisp 1,309333 0,000156
crisscross 3,218876 0,000384
critical 0,235722 0,000028
critically 1,714798 0,000204
criticism 0,867501 0,000103
criticisms 1,771957 0,000211
croak 2,302585 0,000275
croaked 2,302585 0,000275
croaking 1,832581 0,000219
cromwell 2,302585 0,000275
crone 2,995732 0,000357
crooked 0,755023 0,000090
crop 1,139434 0,000136
cross 0,139262 0,000017
crossbowmen 3,912023 0,000466
crossed 0,301105 0,000036
crosstree 3,912023 0,000466
crosstrees 3,506558 0,000418
crouched 1,203973 0,000144
crouching 1,049822 0,000125
crowd 0,198451 0,000024
crowded 0,301105 0,000036
crowding 1,108663 0,000132
crowed 2,813411 0,000335
crowned 0,867501 0,000103
crowning 1,272966 0,000152
crows 1,609438 0,000192
crucial 2,407946 0,000287
crucifix 1,966113 0,000234
crude 1,386294 0,000165
cruel 0,261365 0,000031
cruelly 0,820981 0,000098
cruelty 0,478036 0,000057
cruise 1,966113 0,000234
crumbling 1,714798 0,000204
crumpled 1,309333 0,000156
crunched 2,813411 0,000335
crush 0,967584 0,000115
crushed 0,544727 0,000065
crushing 0,843970 0,000101
cryptic 3,506558 0,000418
crystal 1,049822 0,000125
cub 2,207275 0,000263
cubes 2,813411 0,000335
cull 2,659260 0,000317
culled 2,995732 0,000357
culminating 2,407946 0,000287
culverin 3,506558 0,000418
culverins 3,506558 0,000418
cumbrously 3,912023 0,000466
cunning 0,462035 0,000055
cunningly 1,560648 0,000186
cup 0,385662 0,000046
cupboard 1,139434 0,000136
cupid 1,832581 0,000219
cupidity 1,897120 0,000226
cupping 3,218876 0,000384
cur 1,514128 0,000181
curb 1,514128 0,000181
curfew 3,218876 0,000384
curiosity 0,223144 0,000027
curious 0,261365 0,000031
curiously 0,776529 0,000093
curled 0,941609 0,000112
curling 1,203973 0,000144
curly 1,171183 0,000140
curmudgeon 3,506558 0,000418
current 0,127833 0,000015
curse 0,510826 0,000061
cursed 0,510826 0,000061
curses 0,867501 0,000103
cursing 1,203973 0,000144
curt 2,120264 0,000253
curtailed 2,525729 0,000301
curtailment 3,506558 0,000418
curtain 0,616186 0,000073
curtained 1,832581 0,000219
curtains 0,579818 0,000069
curtly 2,207275 0,000263
curved 1,171183 0,000140
cushions 1,237874 0,000148
custom 0,210721 0,000025
customary 0,653926 0,000078
cut 0,040822 0,000005
cutlasses 2,995732 0,000357
cutlery 3,218876 0,000384
cutting 0,415515 0,000050
cynical 1,560648 0,000186
cypress 1,714798 0,000204
dagger 1,203973 0,000144
daggers 2,040221 0,000243
daily 0,248461 0,000030
daintily 2,207275 0,000263
dam 1,272966 0,000152
damage 0,261365 0,000031
damaged 0,356675 0,000043
damages 0,400478 0,000048
damn 1,309333 0,000156
damnable 2,040221 0,000243
damnably 2,525729 0,000301
damnation 1,771957 0,000211
damned 1,139434 0,000136
damp 0,415515 0,000050
dan 1,897120 0,000226
dance 0,356675 0,000043
danger 0,116534 0,000014
dangerous 0,150823 0,000018
dangers 0,597837 0,000071
dangled 2,207275 0,000263
dangling 1,139434 0,000136
daring 0,843970 0,000101
dark 0,051293 0,000006
darkened 0,755023 0,000090
darker 0,916291 0,000109
darkest 1,427116 0,000170
darkly 1,237874 0,000148
darkness 0,186330 0,000022
darted 0,776529 0,000093
dash 0,673345 0,000080
dashed 0,616186 0,000073
dastard 3,218876 0,000384
dastardly 2,302585 0,000275
data 0,494296 0,000059
daughter 0,261365 0,000031
daughters 0,510826 0,000061
daunted 1,897120 0,000226
dauntless 2,120264 0,000253
dauntlessness 3,506558 0,000418
david 0,597837 0,000071
dawn 0,478036 0,000057
day 0,000000 0,000000
days 0,020203 0,000002
dazed 1,427116 0,000170
dazzle 2,659260 0,000317
dazzling 0,941609 0,000112
dead 0,072571 0,000009
deadly 0,478036 0,000057
deaf 0,634878 0,000076
deafening 1,897120 0,000226
deal 0,105361 0,000013
dealer 1,347074 0,000161
dealers 2,040221 0,000243
dealings 1,237874 0,000148
deals 1,272966 0,000152
dealt 0,597837 0,000071
dearly 0,776529 0,000093
death 0,020203 0,000002
deathly 2,659260 0,000317
debauched 2,407946 0,000287
debauching 3,912023 0,000466
debility 2,407946 0,000287
debt 0,693147 0,000083
debts 0,867501 0,000103
decaying 1,469676 0,000175
decease 1,609438 0,000192
deceased 1,078810 0,000129
deceit 1,021651 0,000122
deceive 0,527633 0,000063
deceived 0,430783 0,000051
deceiver 2,120264 0,000253
december 0,562119 0,000067
decency 1,171183 0,000140
decently 1,309333 0,000156
decide 0,274437 0,000033
decided 0,186330 0,000022
decision 0,579818 0,000069
decisions 1,660731 0,000198
deck 0,733969 0,000088
decked 1,427116 0,000170
decks 1,660731 0,000198
declaration 0,994252 0,000119
declare 0,342490 0,000041
declared 0,210721 0,000025
declares 1,049822 0,000125
decorated 1,021651 0,000122
decree 1,108663 0,000132
deductible 0,562119 0,000067
deed 0,478036 0,000057
deeds 0,527633 0,000063
deem 1,237874 0,000148
deemed 0,755023 0,000090
deeming 2,040221 0,000243
deep 0,051293 0,000006
deepening 1,660731 0,000198
deepest 0,673345 0,000080
deeply 0,261365 0,000031
deer 0,867501 0,000103
defamed 3,218876 0,000384
defeat 0,916291 0,000109
defeated 1,021651 0,000122
defect 0,328504 0,000039
defective 0,356675 0,000043
defects 0,301105 0,000036
defence 0,597837 0,000071
defences 1,897120 0,000226
defend 0,400478 0,000048
defended 0,653926 0,000078
defender 1,966113 0,000234
defends 1,966113 0,000234
deference 0,967584 0,000115
defiance 0,713350 0,000085
defiant 1,469676 0,000175
defiantly 1,609438 0,000192
defied 1,469676 0,000175
defile 1,609438 0,000192
defiled 1,469676 0,000175
define 1,272966 0,000152
defined 0,867501 0,000103
definite 0,755023 0,000090
deflowered 3,506558 0,000418
defrauded 2,120264 0,000253
defy 1,139434 0,000136
degree 0,198451 0,000024
deigning 2,302585 0,000275
dejected 1,021651 0,000122
dejection 1,386294 0,000165
delay 0,287682 0,000034
delayed 0,616186 0,000073
delaying 1,771957 0,000211
deletions 0,562119 0,000067
deliberate 0,755023 0,000090
deliberately 0,693147 0,000083
delicate 0,301105 0,000036
delight 0,162519 0,000019
deliriously 2,995732 0,000357
deliver 0,494296 0,000059
deliverance 0,941609 0,000112
delivered 0,342490 0,000041
delivering 1,427116 0,000170
delivery 0,994252 0,000119
delude 2,040221 0,000243
deluded 1,714798 0,000204
demand 0,127833 0,000015
demanded 0,400478 0,000048
demanding 1,203973 0,000144
demands 0,673345 0,000080
demarcation 2,813411 0,000335
demeanour 1,469676 0,000175
demesne 2,813411 0,000335
denial 0,798508 0,000095
denied 0,287682 0,000034
denominations 2,302585 0,000275
denouncing 1,966113 0,000234
dense 0,776529 0,000093
density 2,040221 0,000243
denunciation 2,302585 0,000275
denunciatory 3,912023 0,000466
deny 0,301105 0,000036
denying 1,049822 0,000125
depart 0,400478 0,000048
departed 0,356675 0,000043
departing 1,108663 0,000132
departure 0,430783 0,000051
depend 0,371064 0,000044
depended 0,653926 0,000078
depending 1,309333 0,000156
depends 0,198451 0,000024
deplorable 1,386294 0,000165
deplore 1,660731 0,000198
deplored 1,771957 0,000211
deplores 3,506558 0,000418
depose 2,302585 0,000275
deposed 1,897120 0,000226
deprive 1,021651 0,000122
depths 0,446287 0,000053
deride 2,120264 0,000253
derision 1,108663 0,000132
derisive 2,407946 0,000287
derisively 2,525729 0,000301
derivative 0,510826 0,000061
derive 0,342490 0,000041
derived 0,248461 0,000030
descend 0,478036 0,000057
descended 0,400478 0,000048
descending 0,579818 0,000069
description 0,274437 0,000033
desecration 2,659260 0,000317
desert 0,430783 0,000051
deserted 0,385662 0,000046
deserts 1,171183 0,000140
deserve 0,430783 0,000051
deserved 0,634878 0,000076
deserves 0,776529 0,000093
deserving 0,891598 0,000106
design 0,400478 0,000048
designation 1,714798 0,000204
designed 0,916291 0,000109
desirably 3,912023 0,000466
desire 0,072571 0,000009
desired 0,150823 0,000018
desires 0,478036 0,000057
desiring 0,916291 0,000109
desist 1,660731 0,000198
despair 0,198451 0,000024
despairing 0,798508 0,000095
desperate 0,328504 0,000039
desperately 0,843970 0,000101
desperation 0,867501 0,000103
despised 0,562119 0,000067
despondently 2,813411 0,000335
desponding 1,832581 0,000219
despots 2,659260 0,000317
destined 0,494296 0,000059
destinies 1,966113 0,000234
destiny 0,634878 0,000076
destitution 2,120264 0,000253
destroy 0,127833 0,000015
destroyed 0,274437 0,000033
destroying 0,776529 0,000093
destruction 0,342490 0,000041
destructive 1,049822 0,000125
detach 0,446287 0,000053
detached 1,139434 0,000136
detain 0,820981 0,000098
detained 0,867501 0,000103
detection 1,427116 0,000170
detention 1,897120 0,000226
determination 0,634878 0,000076
determine 0,210721 0,000025
determined 0,174353 0,000021
detestable 1,203973 0,000144
detestation 1,771957 0,000211
detested 1,237874 0,000148
detracted 2,659260 0,000317
development 0,755023 0,000090
device 0,755023 0,000090
devices 1,272966 0,000152
devil 0,356675 0,000043
devilries 3,912023 0,000466
devils 0,820981 0,000098
devise 1,427116 0,000170
devoirs 3,218876 0,000384
devon 2,995732 0,000357
devote 0,755023 0,000090
devoted 0,301105 0,000036
devotes 2,525729 0,000301
devotion 0,510826 0,000061
devotions 1,897120 0,000226
devouring 1,078810 0,000129
devout 1,203973 0,000144
devoutly 1,386294 0,000165
devoutness 2,995732 0,000357
dews 1,771957 0,000211
dexterity 1,560648 0,000186
dialect 1,347074 0,000161
dice 1,514128 0,000181
dictate 1,203973 0,000144
dictated 1,272966 0,000152
didst 1,660731 0,000198
die 0,105361 0,000013
died 0,061875 0,000007
dies 0,579818 0,000069
difference 0,198451 0,000024
differences 0,820981 0,000098
difficult 0,116534 0,000014
difficulties 0,385662 0,000046
difficulty 0,139262 0,000017
diffusing 2,659260 0,000317
dig 0,776529 0,000093
digestion 1,771957 0,000211
dignified 0,755023 0,000090
dignity 0,314711 0,000038
digressions 2,302585 0,000275
dilate 2,525729 0,000301
dilated 1,660731 0,000198
dilating 2,525729 0,000301
diligently 1,203973 0,000144
dim 0,415515 0,000050
diminished 0,776529 0,000093
dimly 0,867501 0,000103
din 1,203973 0,000144
dine 0,673345 0,000080
dined 0,967584 0,000115
dining 0,510826 0,000061
dip 1,139434 0,000136
diplomatic 1,897120 0,000226
dipped 1,203973 0,000144
dipping 1,514128 0,000181
direct 0,083382 0,000010
directed 0,287682 0,000034
direction 0,083382 0,000010
directions 0,314711 0,000038
dirt 0,544727 0,000065
dirty 0,544727 0,000065
disappearance 1,272966 0,000152
disappointed 0,415515 0,000050
disappointment 0,462035 0,000055
disapproval 1,966113 0,000234
disapprove 1,714798 0,000204
disarm 1,771957 0,000211
disaster 0,867501 0,000103
disbelief 1,832581 0,000219
disbelieved 2,120264 0,000253
disburse 3,912023 0,000466
discarded 1,309333 0,000156
discern 0,820981 0,000098
discharged 0,820981 0,000098
disclaim 0,510826 0,000061
disclaimer 0,562119 0,000067
disclaimers 0,562119 0,000067
disclose 1,272966 0,000152
disclosed 0,867501 0,000103
discomfiting 3,912023 0,000466
discomfiture 1,660731 0,000198
discomposed 2,207275 0,000263
disconcerting 2,302585 0,000275
discontinue 0,544727 0,000065
discourse 0,597837 0,000071
discover 0,083382 0,000010
discovered 0,051293 0,000006
discovering 0,733969 0,000088
discovery 0,371064 0,000044
discredit 1,897120 0,000226
discreetly 1,347074 0,000161
discretion 0,733969 0,000088
discriminate 2,407946 0,000287
disdain 0,867501 0,000103
disdained 1,660731 0,000198
disdainful 1,714798 0,000204
disdains 2,302585 0,000275
disease 0,371064 0,000044
diseased 1,237874 0,000148
diseases 0,916291 0,000109
disencumber 3,506558 0,000418
disgrace 0,510826 0,000061
disgust 0,446287 0,000053
disgusted 0,820981 0,000098
dish 0,755023 0,000090
dishevelled 2,207275 0,000263
dishonest 1,560648 0,000186
dishonour 1,660731 0,000198
dishonourable 2,040221 0,000243
dishonouring 2,995732 0,000357
disillusion 2,659260 0,000317
disinterested 1,386294 0,000165
disk 0,446287 0,000053
dislike 0,616186 0,000073
disloyal 2,659260 0,000317
disloyalty 2,659260 0,000317
dismay 0,776529 0,000093
dismayed 1,272966 0,000152
dismiss 1,108663 0,000132
dismissal 1,832581 0,000219
dismissed 0,597837 0,000071
dismissing 1,832581 0,000219
dismounted 1,469676 0,000175
disobedient 1,966113 0,000234
disorder 0,579818 0,000069
disordered 1,203973 0,000144
dispassionately 2,813411 0,000335
dispatched 1,386294 0,000165
dispel 1,714798 0,000204
dispelled 1,771957 0,000211
dispense 1,347074 0,000161
dispenser 2,813411 0,000335
disperse 1,660731 0,000198
dispersed 0,867501 0,000103
display 0,261365 0,000031
displayed 0,198451 0,000024
displaying 0,342490 0,000041
displays 1,386294 0,000165
displeasure 0,941609 0,000112
disposal 0,916291 0,000109
dispose 0,994252 0,000119
disposed 0,385662 0,000046
disputed 1,049822 0,000125
disregarded 1,427116 0,000170
dissemble 2,040221 0,000243
dissembled 2,302585 0,000275
dissembling 2,302585 0,000275
disservice 3,506558 0,000418
dissimilar 1,832581 0,000219
dissolute 1,771957 0,000211
dissoluteness 3,218876 0,000384
dissolve 1,560648 0,000186
dissolved 1,049822 0,000125
distance 0,105361 0,000013
distant 0,162519 0,000019
distemper 2,040221 0,000243
distempered 3,218876 0,000384
distorted 1,049822 0,000125
distortions 2,525729 0,000301
distracted 0,798508 0,000095
distraction 1,139434 0,000136
distraught 2,207275 0,000263
distress 0,274437 0,000033
distribute 0,400478 0,000048
distributed 0,248461 0,000030
distributing 0,446287 0,000053
distribution 0,430783 0,000051
distributor 0,562119 0,000067
district 0,843970 0,000101
disturb 0,478036 0,000057
disturbed 0,356675 0,000043
disturbing 1,021651 0,000122
divan 2,302585 0,000275
diverse 1,514128 0,000181
diversion 1,078810 0,000129
diverted 0,941609 0,000112
diverting 1,966113 0,000234
divided 0,210721 0,000025
dividing 0,673345 0,000080
divinely 1,609438 0,000192
division 0,653926 0,000078
divorce 1,714798 0,000204
divorced 1,832581 0,000219
dizziness 2,302585 0,000275
djellaba 3,912023 0,000466
djellabas 3,912023 0,000466
djinn 3,506558 0,000418
doa 3,912023 0,000466
docile 1,714798 0,000204
document 1,309333 0,000156
documents 1,272966 0,000152
doffing 2,995732 0,000357
dog 0,261365 0,000031
dogs 0,342490 0,000041
doings 0,967584 0,000115
doleful 1,427116 0,000170
doling 3,912023 0,000466
dolores 3,912023 0,000466
domain 0,328504 0,000039
dome 1,427116 0,000170
dominated 1,832581 0,000219
dominic 2,525729 0,000301
dominion 0,994252 0,000119
donate 0,562119 0,000067
donation 0,494296 0,000059
donations 0,494296 0,000059
donkeys 2,813411 0,000335
donors 0,527633 0,000063
doom 1,049822 0,000125
doomed 0,941609 0,000112
dooming 3,218876 0,000384
door 0,040822 0,000005
doors 0,105361 0,000013
doorway 0,798508 0,000095
doorways 1,832581 0,000219
doria 3,218876 0,000384
dost 1,237874 0,000148
doth 1,049822 0,000125
dotted 1,347074 0,000161
doubled 0,653926 0,000078
doublet 2,525729 0,000301
doubly 1,049822 0,000125
doubt 0,040822 0,000005
doubted 0,478036 0,000057
doubts 0,494296 0,000059
doves 1,660731 0,000198
downcast 1,386294 0,000165
downfall 1,609438 0,000192
downloading 0,562119 0,000067
dozen 0,446287 0,000053
drag 0,579818 0,000069
dragged 0,462035 0,000055
dragging 0,673345 0,000080
drained 1,514128 0,000181
draining 2,407946 0,000287
dramatic 1,078810 0,000129
drank 0,371064 0,000044
draught 0,579818 0,000069
draw 0,105361 0,000013
drawing 0,139262 0,000017
drawn 0,094311 0,000011
draws 0,755023 0,000090
dread 0,371064 0,000044
dreaded 0,693147 0,000083
dreadful 0,342490 0,000041
dreading 1,347074 0,000161
dream 0,198451 0,000024
dreamed 0,562119 0,000067
dreamily 1,897120 0,000226
dreams 0,274437 0,000033
dreamt 1,427116 0,000170
dreamy 1,347074 0,000161
drenched 1,309333 0,000156
dress 0,186330 0,000022
dressed 0,261365 0,000031
dressing 0,527633 0,000063
drew 0,162519 0,000019
dried 0,462035 0,000055
drift 0,755023 0,000090
drink 0,150823 0,000018
drinking 0,371064 0,000044
dripping 0,891598 0,000106
drive 0,186330 0,000022
driven 0,127833 0,000015
drivers 1,514128 0,000181
drives 0,867501 0,000103
driving 0,371064 0,000044
drone 2,407946 0,000287
drooped 1,347074 0,000161
drooping 1,021651 0,000122
drop 0,150823 0,000018
dropped 0,274437 0,000033
dropping 0,673345 0,000080
drops 0,544727 0,000065
drove 0,248461 0,000030
drowned 0,616186 0,000073
drugged 2,207275 0,000263
drums 1,514128 0,000181
drunk 0,415515 0,000050
drunken 0,820981 0,000098
dry 0,127833 0,000015
dub 2,813411 0,000335
dubbed 2,525729 0,000301
dubs 3,912023 0,000466
dug 0,673345 0,000080
dull 0,174353 0,000021
dully 2,659260 0,000317
dulness 1,832581 0,000219
duly 0,843970 0,000101
dumb 0,562119 0,000067
dumbfounded 2,659260 0,000317
dunes 3,506558 0,000418
dung 1,469676 0,000175
dupe 2,040221 0,000243
duped 2,302585 0,000275
dusk 0,941609 0,000112
dusky 1,021651 0,000122
dust 0,174353 0,000021
dutch 1,139434 0,000136
dutchman 1,966113 0,000234
dutchmen 2,207275 0,000263
duties 0,356675 0,000043
duty 0,083382 0,000010
dwell 0,478036 0,000057
dwelt 0,713350 0,000085
dwindled 1,771957 0,000211
dwindling 2,659260 0,000317
dying 0,261365 0,000031
eager 0,210721 0,000025
eagerly 0,385662 0,000046
eagerness 0,544727 0,000065
eagle 0,891598 0,000106
ear 0,139262 0,000017
earn 0,891598 0,000106
earned 0,693147 0,000083
earnest 0,261365 0,000031
earning 1,609438 0,000192
earring 3,218876 0,000384
ears 0,105361 0,000013
earshot 2,302585 0,000275
earth 0,051293 0,000006
earthenware 2,040221 0,000243
earthly 0,673345 0,000080
ease 0,162519 0,000019
easier 0,385662 0,000046
easily 0,072571 0,000009
east 0,235722 0,000028
easter 1,714798 0,000204
easterly 1,966113 0,000234
eastern 0,733969 0,000088
eastward 1,203973 0,000144
easy 0,040822 0,000005
eat 0,083382 0,000010
eaten 0,446287 0,000053
eating 0,235722 0,000028
eblis 3,912023 0,000466
ebony 1,660731 0,000198
eccentric 0,916291 0,000109
echo 0,713350 0,000085
echoed 0,798508 0,000095
echoing 1,660731 0,000198
eclipse 1,771957 0,000211
edge 0,210721 0,000025
edges 0,867501 0,000103
edition 0,287682 0,000034
editions 0,385662 0,000046
educational 0,446287 0,000053
educative 3,218876 0,000384
efface 1,771957 0,000211
effaced 1,514128 0,000181
effacement 3,506558 0,000418
effaces 3,218876 0,000384
effacing 3,218876 0,000384
effective 0,967584 0,000115
effort 0,094311 0,000011
efforts 0,139262 0,000017
effrontery 2,120264 0,000253
eggs 0,776529 0,000093
egoism 2,302585 0,000275
egotism 1,832581 0,000219
eighteen 0,462035 0,000055
ejaculated 1,609438 0,000192
ejaculation 2,040221 0,000243
el 1,966113 0,000234
elaborately 2,207275 0,000263
elasticity 1,897120 0,000226
elbow 0,527633 0,000063
elbowed 2,659260 0,000317
elbows 1,021651 0,000122
elder 0,478036 0,000057
elderly 0,843970 0,000101
elect 0,328504 0,000039
electronic 0,544727 0,000065
electronically 0,544727 0,000065
elephantine 3,218876 0,000384
eleventh 1,347074 0,000161
elopement 2,525729 0,000301
eloquence 0,776529 0,000093
eloquent 0,820981 0,000098
eloquently 1,897120 0,000226
elucidate 2,407946 0,000287
elude 1,469676 0,000175
elusive 2,302585 0,000275
email 0,562119 0,000067
embattled 2,207275 0,000263
embers 1,139434 0,000136
embitter 3,218876 0,000384
embrace 0,462035 0,000055
embraced 0,562119 0,000067
embroidered 1,237874 0,000148
embroiled 2,659260 0,000317
emerald 1,386294 0,000165
emeralds 2,407946 0,000287
emerged 0,967584 0,000115
emergencies 1,832581 0,000219
eminence 1,272966 0,000152
emit 2,407946 0,000287
emotion 0,494296 0,000059
emotional 1,171183 0,000140
emotions 0,755023 0,000090
empanoply 3,912023 0,000466
emphasis 0,891598 0,000106
employ 0,510826 0,000061
employed 0,415515 0,000050
employee 0,527633 0,000063
employees 0,544727 0,000065
employer 1,560648 0,000186
emptiness 1,609438 0,000192
empurpling 3,912023 0,000466
emulate 2,120264 0,000253
enable 0,579818 0,000069
enabled 0,430783 0,000051
enabling 1,469676 0,000175
encampment 2,120264 0,000253
encased 2,407946 0,000287
enchanted 1,078810 0,000129
enchantments 2,407946 0,000287
encircled 1,427116 0,000170
enclosed 0,916291 0,000109
enclosure 1,272966 0,000152
encoding 0,653926 0,000078
encompass 1,897120 0,000226
encompassing 2,813411 0,000335
encounter 0,798508 0,000095
encouraged 0,527633 0,000063
encouraging 0,798508 0,000095
encouragingly 2,525729 0,000301
encumbered 1,560648 0,000186
encumbrance 2,207275 0,000263
endangering 2,813411 0,000335
endearing 2,207275 0,000263
endeavour 0,867501 0,000103
endeavoured 1,139434 0,000136
endless 0,478036 0,000057
endowed 0,820981 0,000098
endowments 1,660731 0,000198
endurance 0,891598 0,000106
endure 0,342490 0,000041
endured 0,673345 0,000080
enduring 0,994252 0,000119
enemies 0,314711 0,000038
enemy 0,174353 0,000021
energies 1,108663 0,000132
energy 0,415515 0,000050
enforce 1,386294 0,000165
engage 0,634878 0,000076
engaged 0,198451 0,000024
engagement 0,820981 0,000098
engagements 1,203973 0,000144
engendered 1,660731 0,000198
engineer 1,469676 0,000175
engineers 1,660731 0,000198
england 0,385662 0,000046
english 0,094311 0,000011
englishman 0,916291 0,000109
engrossing 2,120264 0,000253
engulfed 2,525729 0,000301
enhearten 3,912023 0,000466
enjoined 1,609438 0,000192
enjoining 2,407946 0,000287
enjoy 0,150823 0,000018
enjoyed 0,415515 0,000050
enlarge 1,272966 0,000152
enlighten 1,203973 0,000144
enlightenment 1,714798 0,000204
enlist 1,832581 0,000219
enmesh 3,912023 0,000466
enmeshed 3,912023 0,000466
enmities 2,407946 0,000287
enmity 1,237874 0,000148
enormous 0,430783 0,000051
enormously 1,427116 0,000170
enraged 1,021651 0,000122
enriched 1,469676 0,000175
ensample 3,506558 0,000418
ensign 1,714798 0,000204
enslaved 1,514128 0,000181
ensued 0,994252 0,000119
ensuing 1,427116 0,000170
ensure 1,514128 0,000181
ensuring 0,544727 0,000065
entail 2,040221 0,000243
entailed 1,714798 0,000204
entailing 3,506558 0,000418
enter 0,094311 0,000011
entered 0,051293 0,000006
enterprise 0,843970 0,000101
enters 0,843970 0,000101
entertained 0,616186 0,000073
entertaining 0,941609 0,000112
entertainment 0,820981 0,000098
entertains 1,832581 0,000219
enthroned 2,207275 0,000263
enthusiasm 0,653926 0,000078
entire 0,274437 0,000033
entitled 0,733969 0,000088
entity 0,544727 0,000065
entrance 0,210721 0,000025
entreat 1,139434 0,000136
entreated 1,049822 0,000125
entreaty 1,427116 0,000170
entrust 2,040221 0,000243
entrusted 1,386294 0,000165
entrusting 2,995732 0,000357
entwining 2,995732 0,000357
enumerated 1,609438 0,000192
envelop 2,525729 0,000301
environment 1,514128 0,000181
envisage 3,506558 0,000418
ephemeral 2,659260 0,000317
epithets 2,302585 0,000275
equal 0,174353 0,000021
equally 0,223144 0,000027
equip 2,302585 0,000275
equipment 0,430783 0,000051
equipped 1,049822 0,000125
equipping 3,218876 0,000384
equivalent 1,078810 0,000129
ere 0,634878 0,000076
erect 0,597837 0,000071
erected 0,843970 0,000101
errand 0,820981 0,000098
erred 1,560648 0,000186
error 0,371064 0,000044
errors 0,248461 0,000030
erstwhile 3,912023 0,000466
escape 0,094311 0,000011
escaped 0,235722 0,000028
escaping 0,776529 0,000093
escort 1,021651 0,000122
escorted 1,139434 0,000136
esplanades 3,912023 0,000466
essay 1,078810 0,000129
essence 0,693147 0,000083
essentials 2,207275 0,000263
established 0,301105 0,000036
establishing 1,203973 0,000144
estates 1,237874 0,000148
esteem 0,494296 0,000059
esteemed 0,916291 0,000109
estimate 0,867501 0,000103
estuary 2,659260 0,000317
eternal 0,415515 0,000050
eunuch 2,207275 0,000263
eunuchs 2,302585 0,000275
europe 0,510826 0,000061
european 0,867501 0,000103
evade 1,609438 0,000192
evaded 1,560648 0,000186
evasively 2,040221 0,000243
eve 0,673345 0,000080
evening 0,083382 0,000010
event 0,342490 0,000041
events 0,223144 0,000027
eventualities 2,995732 0,000357
evergreen 1,966113 0,000234
evidence 0,261365 0,000031
evidences 1,427116 0,000170
evil 0,162519 0,000019
evilly 2,995732 0,000357
evoke 2,120264 0,000253
evoked 1,897120 0,000226
ewer 2,659260 0,000317
exact 0,287682 0,000034
exaggerating 1,897120 0,000226
exaggeration 1,309333 0,000156
exalt 1,714798 0,000204
exaltation 1,714798 0,000204
exaltations 3,912023 0,000466
exalted 0,673345 0,000080
examination 0,385662 0,000046
examined 0,356675 0,000043
exceeded 1,021651 0,000122
excellent 0,150823 0,000018
excellently 1,609438 0,000192
exception 0,544727 0,000065
excess 0,653926 0,000078
excesses 2,120264 0,000253
excessiveness 3,912023 0,000466
exchange 0,342490 0,000041
exchanged 0,579818 0,000069
excited 0,248461 0,000030
excitement 0,430783 0,000051
exclaim 1,171183 0,000140
exclaimed 0,494296 0,000059
exclaiming 1,139434 0,000136
exclamation 0,994252 0,000119
exclusion 0,371064 0,000044
excuse 0,174353 0,000021
excuses 1,078810 0,000129
execute 0,941609 0,000112
executed 0,733969 0,000088
executing 1,386294 0,000165
execution 0,597837 0,000071
executioner 1,560648 0,000186
exempt 0,371064 0,000044
exert 1,237874 0,000148
exerted 1,203973 0,000144
exerting 1,897120 0,000226
exertion 0,967584 0,000115
exhalations 2,525729 0,000301
exhausted 0,400478 0,000048
exhaustion 1,021651 0,000122
exhort 2,120264 0,000253
exhortation 1,714798 0,000204
exhorted 1,832581 0,000219
exile 0,891598 0,000106
exist 0,342490 0,000041
existed 0,510826 0,000061
existence 0,162519 0,000019
exists 0,235722 0,000028
expansive 2,120264 0,000253
expect 0,186330 0,000022
expectant 1,427116 0,000170
expectantly 2,407946 0,000287
expectations 0,916291 0,000109
expected 0,105361 0,000013
expecting 0,510826 0,000061
expediently 3,912023 0,000466
expedition 0,776529 0,000093
expend 0,462035 0,000055
expense 0,150823 0,000018
expenses 0,210721 0,000025
experience 0,083382 0,000010
experienced 0,356675 0,000043
experiences 0,755023 0,000090
expiate 2,040221 0,000243
expiring 1,714798 0,000204
explain 0,186330 0,000022
explained 0,248461 0,000030
explaining 0,733969 0,000088
explanation 0,139262 0,000017
explanations 0,994252 0,000119
exploded 1,714798 0,000204
exploits 1,309333 0,000156
explosion 1,309333 0,000156
exporting 0,510826 0,000061
exposed 0,301105 0,000036
exposure 1,139434 0,000136
expound 1,832581 0,000219
express 0,127833 0,000015
expressed 0,274437 0,000033
expressing 0,713350 0,000085
expression 0,127833 0,000015
expressionless 2,525729 0,000301
expressions 0,634878 0,000076
extended 0,446287 0,000053
extends 1,139434 0,000136
extent 0,083382 0,000010
extinction 1,660731 0,000198
extinguish 1,469676 0,000175
extinguished 0,693147 0,000083
extract 1,078810 0,000129
extracted 1,203973 0,000144
extraordinary 0,371064 0,000044
extravagances 2,407946 0,000287
extravagant 0,916291 0,000109
extreme 0,235722 0,000028
extremely 0,385662 0,000046
extremity 0,867501 0,000103
exultant 1,897120 0,000226
exultantly 2,659260 0,000317
exultation 1,203973 0,000144
eye 0,030459 0,000004
eyeballs 2,302585 0,000275
eyebrows 0,798508 0,000095
eyed 0,597837 0,000071
eyelids 0,916291 0,000109
eyes 0,010050 0,000001
eyewitness 2,525729 0,000301
eyrie 3,506558 0,000418
fable 1,237874 0,000148
fabrics 2,407946 0,000287
facade 3,506558 0,000418
faced 0,820981 0,000098
facility 0,356675 0,000043
factor 1,469676 0,000175
faculty 0,755023 0,000090
faded 0,653926 0,000078
fading 0,967584 0,000115
fail 0,235722 0,000028
failed 0,198451 0,000024
failing 0,562119 0,000067
faint 0,261365 0,000031
faintest 1,237874 0,000148
fainting 0,776529 0,000093
faintly 0,713350 0,000085
fair 0,051293 0,000006
fairness 1,771957 0,000211
faith 0,210721 0,000025
faithful 0,261365 0,000031
faithfully 0,755023 0,000090
faithless 1,832581 0,000219
faithlessness 2,659260 0,000317
falconry 2,995732 0,000357
fall 0,020203 0,000002
fallen 0,083382 0,000010
falling 0,083382 0,000010
false 0,210721 0,000025
falsehood 0,733969 0,000088
falsely 1,171183 0,000140
falseness 2,659260 0,000317
falsified 2,407946 0,000287
faltered 1,347074 0,000161
faltering 1,272966 0,000152
fame 0,478036 0,000057
famed 2,040221 0,000243
familiar 0,150823 0,000018
families 0,430783 0,000051
family 0,072571 0,000009
famous 0,261365 0,000031
fan 0,916291 0,000109
fancied 0,579818 0,000069
fancy 0,198451 0,000024
fangs 1,660731 0,000198
fans 1,897120 0,000226
fantastic 0,798508 0,000095
fare 0,733969 0,000088
farthing 1,347074 0,000161
farthingale 3,218876 0,000384
fashion 0,174353 0,000021
fashioned 0,446287 0,000053
fast 0,061875 0,000007
fasten 0,994252 0,000119
fastened 0,616186 0,000073
faster 0,562119 0,000067
fasting 1,078810 0,000129
fat 0,314711 0,000038
fatalist 2,995732 0,000357
fatalistic 3,218876 0,000384
fate 0,174353 0,000021
fateful 1,832581 0,000219
fates 1,609438 0,000192
father 0,072571 0,000009
fathered 3,506558 0,000418
fathers 0,478036 0,000057
fatigue 0,616186 0,000073
fault 0,162519 0,000019
faun 2,813411 0,000335
favour 0,579818 0,000069
favourable 0,776529 0,000093
favoured 1,021651 0,000122
favouring 1,966113 0,000234
favourite 0,653926 0,000078
fawn 1,560648 0,000186
fawned 2,302585 0,000275
fawning 1,714798 0,000204
fear 0,020203 0,000002
feared 0,235722 0,000028
fearful 0,400478 0,000048
fearfully 1,049822 0,000125
fearing 0,673345 0,000080
fearless 1,309333 0,000156
fearlessly 2,040221 0,000243
fears 0,274437 0,000033
fearsome 2,659260 0,000317
feasted 1,660731 0,000198
featured 2,040221 0,000243
fed 0,371064 0,000044
federal 0,527633 0,000063
fee 0,342490 0,000041
feeble 0,371064 0,000044
feebly 0,843970 0,000101
feed 0,462035 0,000055
feeding 0,616186 0,000073
feel 0,020203 0,000002
feeling 0,105361 0,000013
feelings 0,314711 0,000038
fees 0,415515 0,000050
feet 0,061875 0,000007
feigned 1,139434 0,000136
fell 0,051293 0,000006
felled 1,309333 0,000156
fellow 0,051293 0,000006
fellows 0,287682 0,000034
fender 1,714798 0,000204
ferment 2,207275 0,000263
fern 2,525729 0,000301
ferns 1,966113 0,000234
ferocious 1,203973 0,000144
ferociously 2,525729 0,000301
ferry 1,514128 0,000181
fertile 1,021651 0,000122
fertilized 3,218876 0,000384
fervent 1,021651 0,000122
fervently 1,427116 0,000170
fervour 1,609438 0,000192
festering 2,302585 0,000275
fetch 0,616186 0,000073
fetched 0,941609 0,000112
fetters 1,309333 0,000156
feud 1,714798 0,000204
feudatory 3,912023 0,000466
fever 0,371064 0,000044
feverishly 1,832581 0,000219
fibres 2,040221 0,000243
fidelity 0,967584 0,000115
fiend 1,171183 0,000140
fiends 1,714798 0,000204
fierce 0,478036 0,000057
fiercely 0,776529 0,000093
fierceness 1,897120 0,000226
fiercer 1,469676 0,000175
fiery 0,713350 0,000085
fight 0,162519 0,000019
fighter 2,040221 0,000243
fighters 2,207275 0,000263
fighting 0,342490 0,000041
fights 0,916291 0,000109
figure 0,072571 0,000009
filched 2,995732 0,000357
filching 3,912023 0,000466
file 0,235722 0,000028
files 0,478036 0,000057
filming 3,912023 0,000466
filtered 1,966113 0,000234
filth 1,139434 0,000136
filthier 3,506558 0,000418
filthy 1,078810 0,000129
final 0,342490 0,000041
finality 2,407946 0,000287
finally 0,150823 0,000018
financial 0,415515 0,000050
fine 0,072571 0,000009
finely 1,171183 0,000140
finger 0,261365 0,000031
fingering 2,207275 0,000263
fingers 0,235722 0,000028
firelit 3,506558 0,000418
fireplace 1,108663 0,000132
fireside 1,714798 0,000204
firm 0,274437 0,000033
firmly 0,342490 0,000041
fishermen 1,347074 0,000161
fishing 0,755023 0,000090
fist 0,713350 0,000085
fists 1,108663 0,000132
fit 0,061875 0,000007
fitfully 1,966113 0,000234
fitness 0,446287 0,000053
fitted 0,261365 0,000031
fittest 2,120264 0,000253
fitting 0,510826 0,000061
flack 3,506558 0,000418
flag 0,891598 0,000106
flagged 2,207275 0,000263
flagon 2,525729 0,000301
flagrantly 3,506558 0,000418
flame 0,400478 0,000048
flames 0,616186 0,000073
flaming 0,820981 0,000098
flank 1,272966 0,000152
flanked 1,832581 0,000219
flanks 1,347074 0,000161
flap 1,560648 0,000186
flapping 1,309333 0,000156
flash 0,510826 0,000061
flashed 0,693147 0,000083
flashing 0,820981 0,000098
flat 0,248461 0,000030
flatter 0,713350 0,000085
flattery 0,891598 0,000106
fled 0,371064 0,000044
flee 1,171183 0,000140
fleet 0,776529 0,000093
fleetly 3,506558 0,000418
fleets 1,966113 0,000234
flesh 0,210721 0,000025
fleshed 3,218876 0,000384
flew 0,314711 0,000038
flicker 1,660731 0,000198
flickered 1,609438 0,000192
flickering 1,108663 0,000132
flies 0,579818 0,000069
flight 0,314711 0,000038
flights 1,237874 0,000148
flimsy 2,659260 0,000317
fling 0,967584 0,000115
flinging 1,203973 0,000144
flippant 2,525729 0,000301
floated 0,798508 0,000095
floating 0,597837 0,000071
flock 0,653926 0,000078
flogged 1,897120 0,000226
flood 0,544727 0,000065
flooded 1,427116 0,000170
floor 0,186330 0,000022
florid 1,560648 0,000186
floundering 1,660731 0,000198
flout 3,506558 0,000418
flouted 2,813411 0,000335
flow 0,462035 0,000055
flowed 0,776529 0,000093
flower 0,342490 0,000041
flowing 0,527633 0,000063
flown 1,237874 0,000148
fluent 2,120264 0,000253
flung 0,579818 0,000069
flush 0,941609 0,000112
flushed 0,713350 0,000085
flushing 1,560648 0,000186
fly 0,210721 0,000025
flying 0,235722 0,000028
foam 0,967584 0,000115
foe 0,776529 0,000093
foes 1,139434 0,000136
folded 0,544727 0,000065
folding 1,049822 0,000125
foliage 0,916291 0,000109
folio 2,407946 0,000287
folk 0,994252 0,000119
follow 0,020203 0,000002
follower 1,660731 0,000198
followers 0,755023 0,000090
folly 0,301105 0,000036
fomenter 3,506558 0,000418
fond 0,287682 0,000034
fondly 1,309333 0,000156
fondness 1,386294 0,000165
food 0,127833 0,000015
fool 0,314711 0,000038
fooled 1,966113 0,000234
foolish 0,235722 0,000028
foolishly 1,139434 0,000136
fools 0,616186 0,000073
foot 0,083382 0,000010
footing 0,820981 0,000098
footsteps 0,478036 0,000057
foppishness 3,506558 0,000418
forbade 1,078810 0,000129
forbearance 1,272966 0,000152
forbearing 2,302585 0,000275
forbears 3,218876 0,000384
forbid 0,579818 0,000069
forbidden 0,544727 0,000065
forbidding 1,139434 0,000136
forbore 2,302585 0,000275
force 0,061875 0,000007
forced 0,139262 0,000017
forces 0,462035 0,000055
forcibly 0,820981 0,000098
forcing 0,693147 0,000083
fore 0,755023 0,000090
forearmed 3,912023 0,000466
foreboding 1,832581 0,000219
forecastle 2,207275 0,000263
forefathers 1,660731 0,000198
foregone 2,407946 0,000287
foreign 0,301105 0,000036
forelock 2,120264 0,000253
foremast 2,407946 0,000287
foremasts 3,912023 0,000466
foremost 0,673345 0,000080
foresaw 1,139434 0,000136
foresee 1,049822 0,000125
foreseen 1,021651 0,000122
forest 0,430783 0,000051
forestall 2,525729 0,000301
foretold 1,347074 0,000161
forewarned 2,120264 0,000253
forfeit 1,660731 0,000198
forfeited 1,660731 0,000198
forge 1,347074 0,000161
forged 1,347074 0,000161
forget 0,072571 0,000009
forgetting 0,597837 0,000071
forgive 0,356675 0,000043
forgiven 0,941609 0,000112
forgiveness 0,916291 0,000109
forgiving 1,386294 0,000165
forgo 2,302585 0,000275
forgot 0,261365 0,000031
forgotten 0,162519 0,000019
forked 1,714798 0,000204
forlorn 1,078810 0,000129
form 0,040822 0,000005
formal 0,673345 0,000080
format 0,562119 0,000067
formation 1,139434 0,000136
formats 0,562119 0,000067
formed 0,210721 0,000025
formidable 0,673345 0,000080
forming 0,527633 0,000063
forms 0,248461 0,000030
forsworn 3,218876 0,000384
forthcoming 2,120264 0,000253
forthwith 1,108663 0,000132
fortified 1,272966 0,000152
fortitude 1,078810 0,000129
fortress 1,049822 0,000125
fortuitously 3,218876 0,000384
fortunate 0,415515 0,000050
fortunately 0,579818 0,000069
fortune 0,186330 0,000022
foster 1,171183 0,000140
fostered 2,040221 0,000243
fought 0,371064 0,000044
foul 0,634878 0,000076
fouler 2,995732 0,000357
foully 2,995732 0,000357
foulness 2,120264 0,000253
foulnesses 3,912023 0,000466
foundation 0,174353 0,000021
foundations 0,843970 0,000101
founder 1,108663 0,000132
foundering 2,659260 0,000317
fount 2,040221 0,000243
fountain 0,713350 0,000085
fourth 0,186330 0,000022
fowling 2,813411 0,000335
fragment 1,108663 0,000132
fragments 0,891598 0,000106
fragrance 1,171183 0,000140
fragrant 1,108663 0,000132
fragrantly 3,912023 0,000466
frail 0,967584 0,000115
frame 0,235722 0,000028
franca 2,995732 0,000357
france 0,544727 0,000065
frank 0,616186 0,000073
frankish 3,912023 0,000466
frankly 0,798508 0,000095
frankness 1,272966 0,000152
frantic 0,820981 0,000098
fratricide 3,218876 0,000384
fraught 1,514128 0,000181
freckles 2,407946 0,000287
freedom 0,223144 0,000027
freely 0,105361 0,000013
freights 3,218876 0,000384
french 0,342490 0,000041
frenchmen 1,714798 0,000204
frenzy 0,867501 0,000103
frequently 0,287682 0,000034
fresh 0,105361 0,000013
fretted 1,272966 0,000152
friction 1,771957 0,000211
friend 0,040822 0,000005
friendliness 1,560648 0,000186
friendly 0,261365 0,000031
friends 0,020203 0,000002
friendship 0,287682 0,000034
frightened 0,301105 0,000036
fringed 1,309333 0,000156
fro 0,494296 0,000059
frogs 1,514128 0,000181
frostily 3,912023 0,000466
frosty 1,386294 0,000165
frothing 2,995732 0,000357
froward 2,813411 0,000335
frown 1,078810 0,000129
frowned 1,272966 0,000152
frowning 1,108663 0,000132
froze 1,714798 0,000204
frozen 0,733969 0,000088
fruit 0,274437 0,000033
fruitless 1,049822 0,000125
fruits 0,446287 0,000053
frustrated 2,040221 0,000243
frustrating 3,912023 0,000466
frustration 3,912023 0,000466
fuddled 3,218876 0,000384
fugitive 1,347074 0,000161
fulcrum 2,995732 0,000357
fulfilled 0,673345 0,000080
fumes 1,108663 0,000132
fumigation 3,506558 0,000418
furious 0,430783 0,000051
furiously 0,755023 0,000090
furling 3,912023 0,000466
furnace 1,021651 0,000122
furnish 0,579818 0,000069
furnished 0,328504 0,000039
furrow 1,609438 0,000192
furrowed 2,120264 0,000253
furtive 1,714798 0,000204
furtively 1,897120 0,000226
fury 0,328504 0,000039
futile 1,469676 0,000175
future 0,105361 0,000013
gag 2,120264 0,000253
gagged 2,407946 0,000287
gain 0,174353 0,000021
gained 0,261365 0,000031
gainer 2,407946 0,000287
gaining 0,544727 0,000065
gains 0,916291 0,000109
gait 1,078810 0,000129
gale 1,171183 0,000140
gall 1,469676 0,000175
gallant 0,867501 0,000103
gallantly 1,309333 0,000156
gallantry 1,347074 0,000161
gallants 2,995732 0,000357
galleon 3,506558 0,000418
gallery 0,798508 0,000095
galley 1,609438 0,000192
galleys 2,120264 0,000253
galliot 3,506558 0,000418
gallop 0,994252 0,000119
galloping 1,309333 0,000156
gallows 1,386294 0,000165
gambled 2,302585 0,000275
game 0,248461 0,000030
games 0,693147 0,000083
gangway 2,120264 0,000253
gaol 2,207275 0,000263
gap 0,994252 0,000119
gape 1,966113 0,000234
gaped 2,040221 0,000243
gaping 0,994252 0,000119
garb 1,272966 0,000152
garden 0,198451 0,000024
gardener 1,203973 0,000144
gardeners 1,771957 0,000211
gardens 0,510826 0,000061
garments 0,597837 0,000071
garnered 3,506558 0,000418
garrison 1,347074 0,000161
gasp 1,171183 0,000140
gasped 1,021651 0,000122
gate 0,287682 0,000034
gatekeeper 2,995732 0,000357
gates 0,446287 0,000053
gateway 1,309333 0,000156
gather 0,328504 0,000039
gathered 0,150823 0,000018
gathering 0,430783 0,000051
gaudy 1,386294 0,000165
gauge 2,302585 0,000275
gauged 2,813411 0,000335
gaunt 1,139434 0,000136
gauze 1,966113 0,000234
gay 0,494296 0,000059
gaze 0,544727 0,000065
gazelle 2,995732 0,000357
gazing 0,597837 0,000071
gehenna 3,218876 0,000384
gems 1,347074 0,000161
generations 0,198451 0,000024
generosity 0,820981 0,000098
generous 0,356675 0,000043
generously 1,139434 0,000136
genoa 1,966113 0,000234
genoese 2,407946 0,000287
gentle 0,274437 0,000033
gentleman 0,301105 0,000036
gentlemen 0,430783 0,000051
gentleness 0,916291 0,000109
gentler 1,714798 0,000204
gentlewoman 2,207275 0,000263
gently 0,235722 0,000028
genuine 0,597837 0,000071
genuineness 2,302585 0,000275
gesticulation 2,659260 0,000317
gesture 0,634878 0,000076
gestures 0,891598 0,000106
ghastly 0,867501 0,000103
ghettos 3,912023 0,000466
ghost 0,544727 0,000065
ghostly 1,237874 0,000148
giant 0,634878 0,000076
gibed 3,912023 0,000466
gibraltar 2,302585 0,000275
gift 0,261365 0,000031
gifted 1,049822 0,000125
gifts 0,527633 0,000063
gigantic 0,994252 0,000119
gilded 1,171183 0,000140
gimbri 3,912023 0,000466
girdle 1,272966 0,000152
girl 0,235722 0,000028
girlishness 3,912023 0,000466
girls 0,400478 0,000048
girt 1,469676 0,000175
glad 0,072571 0,000009
gladden 2,525729 0,000301
gladdened 2,120264 0,000253
gladly 0,544727 0,000065
gladness 1,049822 0,000125
glance 0,248461 0,000030
glanced 0,653926 0,000078
glances 0,798508 0,000095
glare 0,843970 0,000101
glared 1,272966 0,000152
glaring 0,967584 0,000115
glass 0,186330 0,000022
glazing 2,525729 0,000301
gleam 0,693147 0,000083
gleamed 1,309333 0,000156
gleaming 0,916291 0,000109
glean 2,120264 0,000253
gleaned 2,120264 0,000253
glibly 2,995732 0,000357
glided 1,021651 0,000122
gliding 1,139434 0,000136
glimmered 2,302585 0,000275
glimpse 0,544727 0,000065
glint 2,407946 0,000287
glistened 1,386294 0,000165
glistening 1,237874 0,000148
glittered 1,469676 0,000175
glittering 0,798508 0,000095
gloat 2,995732 0,000357
gloated 2,659260 0,000317
gloom 0,579818 0,000069
gloomily 1,386294 0,000165
gloomy 0,478036 0,000057
glories 1,386294 0,000165
glorifying 2,659260 0,000317
glorious 0,462035 0,000055
glory 0,342490 0,000041
glow 0,527633 0,000063
glowed 1,108663 0,000132
glowered 2,659260 0,000317
glowering 2,995732 0,000357
glowing 0,510826 0,000061
gloze 3,912023 0,000466
glutted 2,407946 0,000287
gnarled 1,560648 0,000186
gnawing 1,386294 0,000165
goad 2,207275 0,000263
goading 2,207275 0,000263
goal 0,867501 0,000103
goals 0,544727 0,000065
goat 1,021651 0,000122
goatherd 3,218876 0,000384
goats 1,347074 0,000161
goatskin 2,995732 0,000357
god 0,094311 0,000011
gods 0,653926 0,000078
gold 0,083382 0,000010
golden 0,342490 0,000041
gorgeous 1,171183 0,000140
gorgeously 2,995732 0,000357
gospel 1,021651 0,000122
gossip 1,108663 0,000132
gothic 1,609438 0,000192
govern 0,342490 0,000041
gown 0,693147 0,000083
grace 0,235722 0,000028
graceful 0,494296 0,000059
gracefully 1,203973 0,000144
gradually 0,328504 0,000039
grain 0,597837 0,000071
grand 0,342490 0,000041
granite 1,347074 0,000161
grant 0,371064 0,000044
granted 0,150823 0,000018
granting 1,203973 0,000144
grapnels 3,218876 0,000384
grapple 1,771957 0,000211
grappling 1,832581 0,000219
grasp 0,385662 0,000046
grasped 0,755023 0,000090
grasping 0,891598 0,000106
grasshopper 2,525729 0,000301
grateful 0,446287 0,000053
gratefully 0,415515 0,000050
gratification 0,994252 0,000119
gratify 1,078810 0,000129
gratitude 0,478036 0,000057
grave 0,127833 0,000015
gravely 0,693147 0,000083
graver 1,966113 0,000234
gravity 0,713350 0,000085
gray 0,733969 0,000088
grazing 1,609438 0,000192
grease 1,771957 0,000211
greased 2,207275 0,000263
greasy 1,347074 0,000161
greatly 0,210721 0,000025
greatness 0,693147 0,000083
greed 1,609438 0,000192
greedily 1,078810 0,000129
greedy 1,021651 0,000122
greeks 0,994252 0,000119
green 0,105361 0,000013
greet 0,994252 0,000119
greeted 1,049822 0,000125
greeting 0,798508 0,000095
gregory 1,139434 0,000136
grew 0,139262 0,000017
grey 0,562119 0,000067
greyhound 2,525729 0,000301
greyhounds 2,302585 0,000275
greyness 2,995732 0,000357
grief 0,356675 0,000043
grievance 1,347074 0,000161
grieved 0,916291 0,000109
grievous 0,967584 0,000115
grievously 1,714798 0,000204
grim 0,776529 0,000093
grimacing 3,218876 0,000384
grimly 1,108663 0,000132
grimy 1,771957 0,000211
grin 0,967584 0,000115
grinned 1,514128 0,000181
grinning 1,049822 0,000125
grip 0,916291 0,000109
gripped 1,469676 0,000175
gripping 1,966113 0,000234
grips 2,525729 0,000301
groan 0,891598 0,000106
groaned 1,021651 0,000122
groaning 0,916291 0,000109
groans 1,021651 0,000122
groom 1,660731 0,000198
grooms 1,897120 0,000226
gropingly 2,995732 0,000357
gross 0,235722 0,000028
grossness 2,659260 0,000317
grotesque 1,078810 0,000129
ground 0,030459 0,000004
grounds 0,446287 0,000053
grovelled 2,995732 0,000357
grovelling 1,771957 0,000211
groves 1,272966 0,000152
grow 0,139262 0,000017
growing 0,174353 0,000021
growl 1,309333 0,000156
growled 1,203973 0,000144
grown 0,116534 0,000014
grows 0,527633 0,000063
growth 0,462035 0,000055
grudge 1,171183 0,000140
gruffly 1,897120 0,000226
grumbled 1,203973 0,000144
grunt 2,040221 0,000243
grunted 1,560648 0,000186
guarantee 1,386294 0,000165
guard 0,174353 0,000021
guarded 0,597837 0,000071
guardian 0,693147 0,000083
guardianship 1,832581 0,000219
guards 0,673345 0,000080
guess 0,314711 0,000038
guessed 0,616186 0,000073
guessing 1,427116 0,000170
guest 0,527633 0,000063
guests 0,446287 0,000053
guffaw 2,525729 0,000301
guide 0,261365 0,000031
guided 0,462035 0,000055
guile 1,514128 0,000181
guileful 2,659260 0,000317
guileless 2,207275 0,000263
guilt 0,544727 0,000065
guilty 0,356675 0,000043
gums 2,040221 0,000243
gun 0,755023 0,000090
gunner 2,813411 0,000335
gunners 2,659260 0,000317
gunpowder 1,560648 0,000186
guns 0,843970 0,000101
gust 1,386294 0,000165
gusts 1,660731 0,000198
ha 0,891598 0,000106
habit 0,223144 0,000027
habits 0,356675 0,000043
habitual 0,916291 0,000109
hacked 2,207275 0,000263
hacking 2,407946 0,000287
hadst 1,714798 0,000204
haggard 1,021651 0,000122
haggardness 3,218876 0,000384
haggling 2,659260 0,000317
hail 0,634878 0,000076
hailed 1,078810 0,000129
hair 0,094311 0,000011
haired 0,820981 0,000098
hairy 1,078810 0,000129
hale 1,771957 0,000211
haled 3,218876 0,000384
halfway 1,386294 0,000165
hall 0,314711 0,000038
hallooed 3,218876 0,000384
halt 0,755023 0,000090
halted 0,843970 0,000101
halter 2,120264 0,000253
hamlet 1,139434 0,000136
hammer 0,776529 0,000093
hammered 2,040221 0,000243
hampered 1,897120 0,000226
hand 0,010050 0,000001
handed 0,274437 0,000033
handful 0,867501 0,000103
handiwork 1,966113 0,000234
handle 0,415515 0,000050
handled 0,916291 0,000109
hands 0,020203 0,000002
handsome 0,328504 0,000039
handsomely 1,139434 0,000136
hang 0,400478 0,000048
hanged 1,049822 0,000125
hanging 0,261365 0,000031
hangman 2,207275 0,000263
hangs 0,941609 0,000112
haply 2,207275 0,000263
happen 0,150823 0,000018
happened 0,094311 0,000011
happening 0,634878 0,000076
happenings 2,659260 0,000317
happiness 0,150823 0,000018
happy 0,072571 0,000009
harass 1,714798 0,000204
harbour 1,078810 0,000129
harboured 2,407946 0,000287
harbours 2,207275 0,000263
hard 0,040822 0,000005
hardened 0,820981 0,000098
harder 0,597837 0,000071
hardy 0,994252 0,000119
hare 1,203973 0,000144
hareem 3,912023 0,000466
hark 1,237874 0,000148
harlot 1,660731 0,000198
harlots 2,407946 0,000287
harm 0,210721 0,000025
harmless 0,248461 0,000030
harry 1,427116 0,000170
harrying 2,995732 0,000357
harsh 0,510826 0,000061
harshly 1,078810 0,000129
harshness 1,560648 0,000186
hart 0,462035 0,000055
hast 0,891598 0,000106
haste 0,371064 0,000044
hasten 1,021651 0,000122
hastened 0,616186 0,000073
hastily 0,462035 0,000055
hasty 0,510826 0,000061
hat 0,478036 0,000057
hatches 2,302585 0,000275
hatchway 2,659260 0,000317
hatchways 3,218876 0,000384
hate 0,274437 0,000033
hated 0,356675 0,000043
hateful 0,891598 0,000106
hates 1,237874 0,000148
hath 2,040221 0,000243
hating 1,469676 0,000175
hatred 0,494296 0,000059
hatreds 2,659260 0,000317
haughtiness 2,207275 0,000263
haughty 0,867501 0,000103
hauled 1,171183 0,000140
haunt 1,049822 0,000125
haunted 0,579818 0,000069
haunting 1,469676 0,000175
hawk 1,427116 0,000170
hawker 2,995732 0,000357
hawkins 2,302585 0,000275
hawks 1,966113 0,000234
hazard 1,021651 0,000122
hazardous 1,560648 0,000186
hazards 1,832581 0,000219
haze 1,609438 0,000192
hazy 1,771957 0,000211
head 0,000000 0,000000
headed 0,510826 0,000061
heading 1,203973 0,000144
headland 2,659260 0,000317
headlong 0,843970 0,000101
headpiece 2,659260 0,000317
heads 0,094311 0,000011
headstone 2,995732 0,000357
headstrong 1,714798 0,000204
heal 1,309333 0,000156
healed 1,108663 0,000132
healing 1,347074 0,000161
health 0,198451 0,000024
healthy 0,356675 0,000043
heap 0,494296 0,000059
hear 0,010050 0,000001
heard 0,020203 0,000002
hearing 0,139262 0,000017
heart 0,010050 0,000001
hearted 0,415515 0,000050
heartedly 2,659260 0,000317
heartedness 2,040221 0,000243
heartened 3,506558 0,000418
heartily 0,597837 0,000071
heartlessness 2,995732 0,000357
hearty 0,653926 0,000078
heat 0,274437 0,000033
heated 0,916291 0,000109
heath 1,560648 0,000186
heathen 1,272966 0,000152
heathens 2,813411 0,000335
heave 1,427116 0,000170
heaved 1,021651 0,000122
heaven 0,198451 0,000024
heavens 0,430783 0,000051
heavier 0,776529 0,000093
heavily 0,400478 0,000048
heaving 0,994252 0,000119
heavy 0,030459 0,000004
hebrew 1,203973 0,000144
hectic 1,966113 0,000234
hector 1,832581 0,000219
hectoring 3,506558 0,000418
hedges 1,108663 0,000132
heed 0,693147 0,000083
heeded 1,469676 0,000175
heeding 1,714798 0,000204
heedless 1,272966 0,000152
heel 0,713350 0,000085
heels 0,446287 0,000053
height 0,261365 0,000031
heightened 1,469676 0,000175
heights 0,916291 0,000109
held 0,040822 0,000005
hellcat 3,912023 0,000466
helm 1,347074 0,000161
helmsmen 3,218876 0,000384
helpless 0,328504 0,000039
hemp 2,040221 0,000243
henceforth 0,867501 0,000103
henceforward 1,660731 0,000198
henna 3,218876 0,000384
henry 0,713350 0,000085
herald 1,469676 0,000175
heralded 2,407946 0,000287
heralding 3,218876 0,000384
heraldry 2,813411 0,000335
herb 1,309333 0,000156
herculean 1,771957 0,000211
hercules 1,272966 0,000152
herd 0,713350 0,000085
heresy 1,514128 0,000181
heretics 2,302585 0,000275
heroism 1,514128 0,000181
heron 2,040221 0,000243
herrings 2,302585 0,000275
hesitancy 3,506558 0,000418
hesitate 0,616186 0,000073
hesitated 0,653926 0,000078
hesitating 1,021651 0,000122
hesitation 0,616186 0,000073
hesperides 2,995732 0,000357
hidden 0,248461 0,000030
hide 0,287682 0,000034
hideous 0,527633 0,000063
hideousness 2,207275 0,000263
hides 0,967584 0,000115
highlands 2,302585 0,000275
hill 0,248461 0,000030
hills 0,356675 0,000043
hillside 1,469676 0,000175
hilltop 2,813411 0,000335
hilt 1,609438 0,000192
hilted 2,995732 0,000357
hinder 0,820981 0,000098
hindering 1,966113 0,000234
hinges 0,994252 0,000119
hint 0,462035 0,000055
hire 1,203973 0,000144
hired 0,867501 0,000103
hisself 2,659260 0,000317
hissing 1,237874 0,000148
history 0,186330 0,000022
hit 0,356675 0,000043
hitherto 0,385662 0,000046
ho 1,203973 0,000144
hoarse 0,867501 0,000103
hoarsely 1,560648 0,000186
hoisted 1,237874 0,000148
hold 0,020203 0,000002
holder 0,446287 0,000053
holding 0,174353 0,000021
holds 0,342490 0,000041
hole 0,356675 0,000043
hollow 0,446287 0,000053
hollowest 3,506558 0,000418
holy 0,385662 0,000046
homeward 0,891598 0,000106
honest 0,235722 0,000028
honesty 0,733969 0,000088
honey 0,755023 0,000090
honeyed 2,659260 0,000317
honour 0,510826 0,000061
honourable 0,941609 0,000112
honoured 0,916291 0,000109
honours 1,108663 0,000132
hooded 2,407946 0,000287
hoodwink 2,995732 0,000357
hooks 1,171183 0,000140
hooves 3,912023 0,000466
hope 0,010050 0,000001
hoped 0,210721 0,000025
hopeless 0,510826 0,000061
hopes 0,210721 0,000025
hoping 0,430783 0,000051
horde 2,207275 0,000263
horizon 0,616186 0,000073
horizontal 1,514128 0,000181
horizontally 1,832581 0,000219
horn 0,776529 0,000093
horns 0,867501 0,000103
horrible 0,356675 0,000043
horribly 0,916291 0,000109
horrid 0,713350 0,000085
horror 0,248461 0,000030
horrors 0,693147 0,000083
horse 0,162519 0,000019
horses 0,261365 0,000031
hose 2,040221 0,000243
hospitality 0,713350 0,000085
hostile 0,776529 0,000093
hostilities 2,040221 0,000243
hostility 1,237874 0,000148
hot 0,116534 0,000014
hotly 1,347074 0,000161
hound 1,272966 0,000152
hounds 1,139434 0,000136
hour 0,083382 0,000010
hours 0,094311 0,000011
house 0,020203 0,000002
housed 1,832581 0,000219
houses 0,139262 0,000017
housetops 2,407946 0,000287
hove 2,120264 0,000253
hovered 1,203973 0,000144
hovering 1,171183 0,000140
howling 0,755023 0,000090
hubbub 1,966113 0,000234
huckster 3,506558 0,000418
hucksters 2,995732 0,000357
huddle 2,302585 0,000275
huddled 1,237874 0,000148
hue 0,798508 0,000095
hued 2,659260 0,000317
hug 1,427116 0,000170
huge 0,400478 0,000048
hugged 1,427116 0,000170
hugging 1,771957 0,000211
hulk 2,407946 0,000287
hull 1,514128 0,000181
hum 0,891598 0,000106
human 0,083382 0,000010
humane 1,203973 0,000144
humble 0,301105 0,000036
humbly 0,867501 0,000103
humiliated 1,609438 0,000192
humiliation 0,941609 0,000112
humility 0,867501 0,000103
hummed 1,660731 0,000198
humour 0,733969 0,000088
humoured 1,609438 0,000192
humours 1,771957 0,000211
hunched 2,040221 0,000243
hung 0,174353 0,000021
hunger 0,478036 0,000057
hunt 0,544727 0,000065
hunter 0,820981 0,000098
hunting 0,462035 0,000055
hurled 1,171183 0,000140
hurling 1,771957 0,000211
hurried 0,356675 0,000043
hurry 0,328504 0,000039
hurrying 0,673345 0,000080
hurt 0,198451 0,000024
hurting 1,309333 0,000156
hurtling 2,525729 0,000301
husband 0,248461 0,000030
hush 0,776529 0,000093
huskily 2,120264 0,000253
huts 1,560648 0,000186
hypocrisy 1,386294 0,000165
hypocrite 1,966113 0,000234
hypothetical 2,525729 0,000301
ice 0,527633 0,000063
icy 1,203973 0,000144
idea 0,105361 0,000013
identical 0,994252 0,000119
identification 0,527633 0,000063
identify 0,415515 0,000050
identity 1,021651 0,000122
idle 0,274437 0,000033
idleness 0,755023 0,000090
idlers 2,302585 0,000275
idling 1,832581 0,000219
idly 1,309333 0,000156
idolizing 3,912023 0,000466
ignited 2,659260 0,000317
ignominy 1,771957 0,000211
ignorance 0,287682 0,000034
ignorant 0,301105 0,000036
iii 0,287682 0,000034
illumine 2,659260 0,000317
illumined 1,609438 0,000192
image 0,371064 0,000044
imagery 2,302585 0,000275
images 0,867501 0,000103
imagination 0,223144 0,000027
imagine 0,139262 0,000017
imagined 0,287682 0,000034
imaginings 2,207275 0,000263
imbrued 3,218876 0,000384
immaculate 1,714798 0,000204
immensely 1,171183 0,000140
immensity 2,040221 0,000243
imminent 1,514128 0,000181
immodest 2,407946 0,000287
immortal 0,776529 0,000093
immovable 1,203973 0,000144
immunity 2,120264 0,000253
impact 2,207275 0,000263
impartial 1,237874 0,000148
imparting 1,714798 0,000204
impassive 1,714798 0,000204
impassively 3,506558 0,000418
impatience 0,634878 0,000076
impatient 0,371064 0,000044
impatiently 0,634878 0,000076
impeach 2,525729 0,000301
impelled 1,049822 0,000125
impending 1,171183 0,000140
impenetrable 1,049822 0,000125
imperative 1,237874 0,000148
imperceptibly 1,469676 0,000175
imperilled 2,302585 0,000275
imperilling 3,912023 0,000466
imperils 3,506558 0,000418
imperious 1,237874 0,000148
impertinence 1,560648 0,000186
impervious 2,302585 0,000275
impetuosity 1,714798 0,000204
impetuous 1,021651 0,000122
impetuously 2,040221 0,000243
impetuousness 3,218876 0,000384
impiety 1,966113 0,000234
impinge 3,506558 0,000418
impious 1,714798 0,000204
impish 3,912023 0,000466
implanted 1,832581 0,000219
implication 2,995732 0,000357
implications 3,912023 0,000466
implicit 1,966113 0,000234
implied 0,371064 0,000044
implore 1,237874 0,000148
implored 1,309333 0,000156
imploring 1,237874 0,000148
import 1,021651 0,000122
imported 1,714798 0,000204
importunities 2,659260 0,000317
impose 0,941609 0,000112
imposed 0,210721 0,000025
imposing 0,843970 0,000101
impossibility 1,021651 0,000122
impossible 0,094311 0,000011
impracticable 1,237874 0,000148
impress 0,776529 0,000093
impressed 0,510826 0,000061
impression 0,210721 0,000025
impressiveness 2,995732 0,000357
impudence 1,272966 0,000152
imputation 1,714798 0,000204
impute 1,897120 0,000226
imputed 1,609438 0,000192
inability 1,386294 0,000165
inaccurate 0,510826 0,000061
inadequate 1,237874 0,000148
inadvertently 2,120264 0,000253
inarticulate 1,514128 0,000181
inarticulately 2,813411 0,000335
inauspicious 2,525729 0,000301
incapable 0,562119 0,000067
incarnate 1,832581 0,000219
incarnation 1,771957 0,000211
incense 1,049822 0,000125
inch 0,634878 0,000076
incident 0,527633 0,000063
incidental 0,446287 0,000053
inclination 0,579818 0,000069
inclinations 1,309333 0,000156
inclined 0,186330 0,000022
include 0,274437 0,000033
included 0,162519 0,000019
includes 0,462035 0,000055
including 0,139262 0,000017
incoherencies 3,506558 0,000418
incomplete 0,301105 0,000036
inconceivable 1,078810 0,000129
inconsiderable 1,560648 0,000186
incontestably 2,813411 0,000335
increase 0,287682 0,000034
increased 0,248461 0,000030
increases 1,237874 0,000148
increasing 0,127833 0,000015
incredible 0,653926 0,000078
incredulity 1,386294 0,000165
incredulous 1,309333 0,000156
incumbent 1,714798 0,000204
indebtedness 3,218876 0,000384
indefinitely 1,469676 0,000175
indemnify 0,527633 0,000063
indemnity 0,527633 0,000063
indescribable 1,108663 0,000132
indescribably 1,771957 0,000211
indication 1,171183 0,000140
indications 1,171183 0,000140
indies 1,309333 0,000156
indifference 0,527633 0,000063
indifferent 0,400478 0,000048
indifferently 1,049822 0,000125
indignant 0,820981 0,000098
indignantly 1,203973 0,000144
indignation 0,510826 0,000061
indignity 1,660731 0,000198
indirect 0,446287 0,000053
indirectly 0,371064 0,000044
indiscreet 1,609438 0,000192
indite 2,525729 0,000301
indited 3,218876 0,000384
individual 0,150823 0,000018
indolence 1,309333 0,000156
indolent 1,427116 0,000170
indomitably 3,912023 0,000466
indoors 1,469676 0,000175
indrawn 3,218876 0,000384
induce 0,634878 0,000076
induced 0,527633 0,000063
inducing 2,120264 0,000253
inducted 3,218876 0,000384
induction 2,525729 0,000301
indulge 0,820981 0,000098
indulgence 0,798508 0,000095
indulging 1,171183 0,000140
inevitable 0,544727 0,000065
inevitably 0,843970 0,000101
inexorable 1,347074 0,000161
inextricably 2,813411 0,000335
infamous 1,049822 0,000125
infamy 1,203973 0,000144
infanta 3,218876 0,000384
infected 1,347074 0,000161
infection 1,560648 0,000186
infections 3,506558 0,000418
infer 1,139434 0,000136
inference 1,469676 0,000175
inferior 0,597837 0,000071
infested 1,897120 0,000226
infidel 2,120264 0,000253
infidelities 2,995732 0,000357
infidelity 1,714798 0,000204
infidels 2,207275 0,000263
infinite 0,430783 0,000051
infirm 1,714798 0,000204
inflamed 1,203973 0,000144
influence 0,198451 0,000024
influenced 0,891598 0,000106
influences 0,994252 0,000119
inform 0,510826 0,000061
informed 0,371064 0,000044
informing 1,021651 0,000122
infringement 0,544727 0,000065
infusing 2,659260 0,000317
ingenuity 0,891598 0,000106
ingenuously 2,659260 0,000317
ingratiatingly 3,912023 0,000466
inhabited 0,713350 0,000085
inherently 3,506558 0,000418
inheritance 0,798508 0,000095
inherited 0,867501 0,000103
inheritor 2,813411 0,000335
inhumanity 2,302585 0,000275
initiative 2,207275 0,000263
injected 2,995732 0,000357
injunction 1,347074 0,000161
injure 0,941609 0,000112
injuring 1,427116 0,000170
injury 0,446287 0,000053
injustice 0,673345 0,000080
inkling 1,427116 0,000170
inky 1,966113 0,000234
inlaid 1,771957 0,000211
inland 1,469676 0,000175
inn 0,713350 0,000085
innocence 0,634878 0,000076
innocent 0,186330 0,000022
innuendo 2,995732 0,000357
innuendoes 2,813411 0,000335
inquire 0,494296 0,000059
inquired 0,544727 0,000065
inquiries 0,653926 0,000078
inquiring 0,798508 0,000095
inquiry 0,634878 0,000076
inquisition 1,514128 0,000181
inquisitive 1,078810 0,000129
insatiable 1,427116 0,000170
inscribe 2,407946 0,000287
inscrutable 1,514128 0,000181
insecure 2,207275 0,000263
insensate 2,407946 0,000287
insensibility 1,609438 0,000192
insensible 0,843970 0,000101
insidious 1,832581 0,000219
insight 1,171183 0,000140
insinuated 2,120264 0,000253
insinuations 2,207275 0,000263
insist 0,462035 0,000055
insisted 0,400478 0,000048
insistent 2,407946 0,000287
insistently 2,407946 0,000287
insisting 1,309333 0,000156
insolent 0,941609 0,000112
inspect 1,347074 0,000161
inspection 0,820981 0,000098
inspiration 0,867501 0,000103
inspire 0,941609 0,000112
inspired 0,510826 0,000061
inspirer 3,218876 0,000384
instance 0,150823 0,000018
instant 0,210721 0,000025
instantly 0,356675 0,000043
instinct 0,430783 0,000051
instinctively 0,733969 0,000088
instincts 1,049822 0,000125
instructions 0,579818 0,000069
instrument 0,356675 0,000043
instrumental 2,040221 0,000243
instruments 0,527633 0,000063
insufferable 1,660731 0,000198
insult 0,673345 0,000080
insulting 1,203973 0,000144
insults 1,386294 0,000165
intangible 1,966113 0,000234
intellectual 0,235722 0,000028
intelligence 0,301105 0,000036
intend 0,494296 0,000059
intended 0,174353 0,000021
intending 0,733969 0,000088
intends 1,347074 0,000161
intense 0,430783 0,000051
intensely 0,820981 0,000098
intensity 0,994252 0,000119
intent 0,527633 0,000063
intention 0,186330 0,000022
intentions 0,494296 0,000059
intently 0,891598 0,000106
intercept 1,609438 0,000192
intercepted 1,771957 0,000211
intercepting 2,407946 0,000287
intercession 1,966113 0,000234
intercourse 0,798508 0,000095
interfered 1,108663 0,000132
interference 1,108663 0,000132
interferences 3,912023 0,000466
interior 0,673345 0,000080
interlocked 3,912023 0,000466
interlocking 3,506558 0,000418
interlocutor 2,120264 0,000253
interminable 1,237874 0,000148
intermingled 1,897120 0,000226
intermission 1,560648 0,000186
intermittent 2,302585 0,000275
intermittently 3,218876 0,000384
internal 0,261365 0,000031
international 0,494296 0,000059
interposed 1,139434 0,000136
interpret 1,139434 0,000136
interpretation 1,078810 0,000129
interpreted 0,274437 0,000033
interrogatively 2,659260 0,000317
interrupt 0,755023 0,000090
interrupted 0,301105 0,000036
interruption 0,776529 0,000093
interruptions 1,714798 0,000204
interspersed 1,897120 0,000226
intervene 2,120264 0,000253
intervened 1,347074 0,000161
intervener 3,912023 0,000466
interview 0,673345 0,000080
intimate 0,462035 0,000055
intolerant 2,040221 0,000243
intoned 2,995732 0,000357
intrepid 1,966113 0,000234
intrepidity 2,302585 0,000275
intrigue 1,309333 0,000156
intrigued 3,506558 0,000418
intriguing 2,407946 0,000287
introduced 0,356675 0,000043
introduction 0,400478 0,000048
intrude 1,427116 0,000170
intruder 1,237874 0,000148
intruders 2,407946 0,000287
intrusion 1,347074 0,000161
intuition 1,714798 0,000204
intuitions 2,407946 0,000287
inured 1,771957 0,000211
invaded 1,237874 0,000148
invalidity 0,527633 0,000063
invaluable 1,386294 0,000165
invariable 1,514128 0,000181
invective 2,302585 0,000275
inveighed 3,218876 0,000384
invent 0,798508 0,000095
invested 1,203973 0,000144
investigate 1,386294 0,000165
investigation 0,967584 0,000115
investigations 1,272966 0,000152
inveterately 3,506558 0,000418
invincible 1,427116 0,000170
inviolable 2,040221 0,000243
inviolate 2,407946 0,000287
invisible 0,562119 0,000067
invitation 0,579818 0,000069
invited 0,415515 0,000050
inviting 0,891598 0,000106
invitingly 2,813411 0,000335
invoked 1,832581 0,000219
involve 1,309333 0,000156
involved 0,579818 0,000069
inwardly 0,798508 0,000095
ireland 1,514128 0,000181
iron 0,198451 0,000024
ironic 2,659260 0,000317
ironical 1,386294 0,000165
ironically 1,771957 0,000211
irons 1,347074 0,000161
irony 1,386294 0,000165
irrefutably 3,506558 0,000418
irrepressible 1,427116 0,000170
irresistible 0,653926 0,000078
irrevocable 1,609438 0,000192
irrevocably 1,897120 0,000226
irritability 1,897120 0,000226
irritate 1,832581 0,000219
irs 0,562119 0,000067
islam 3,218876 0,000384
island 0,400478 0,000048
isles 1,560648 0,000186
israelite 2,525729 0,000301
issue 0,462035 0,000055
issued 0,579818 0,000069
issuing 1,078810 0,000129
italian 0,653926 0,000078
italianate 3,912023 0,000466
italians 1,514128 0,000181
italy 0,820981 0,000098
item 1,272966 0,000152
itinerant 2,525729 0,000301
iv 0,328504 0,000039
ivory 0,843970 0,000101
ix 0,494296 0,000059
jack 0,820981 0,000098
jackal 2,525729 0,000301
jacket 0,798508 0,000095
jade 2,302585 0,000275
january 0,693147 0,000083
jar 1,386294 0,000165
jargon 1,660731 0,000198
jarred 2,659260 0,000317
jasper 2,302585 0,000275
jaundiced 3,506558 0,000418
javelin 2,120264 0,000253
jaw 0,820981 0,000098
jaws 0,733969 0,000088
jealous 0,446287 0,000053
jealousy 0,478036 0,000057
jeer 1,832581 0,000219
jeered 2,040221 0,000243
jeeringly 2,659260 0,000317
jeers 2,525729 0,000301
jelly 1,609438 0,000192
jennet 3,912023 0,000466
jeopardize 2,995732 0,000357
jeopardized 3,506558 0,000418
jeopardizing 3,218876 0,000384
jeopardy 2,207275 0,000263
jerked 1,237874 0,000148
jessamine 2,995732 0,000357
jest 0,673345 0,000080
jester 2,525729 0,000301
jew 1,171183 0,000140
jewel 1,237874 0,000148
jewelled 2,659260 0,000317
jewels 0,820981 0,000098
jewish 1,832581 0,000219
jews 1,078810 0,000129
john 0,328504 0,000039
jointly 2,407946 0,000287
jolly 0,994252 0,000119
jostling 2,040221 0,000243
journey 0,198451 0,000024
jowl 2,995732 0,000357
joy 0,139262 0,000017
joyous 0,941609 0,000112
juan 2,120264 0,000253
jubilant 2,302585 0,000275
jubilation 2,659260 0,000317
judge 0,116534 0,000014
judged 0,430783 0,000051
judges 0,597837 0,000071
judging 0,713350 0,000085
judgment 0,198451 0,000024
judgments 1,237874 0,000148
judicial 1,309333 0,000156
june 0,527633 0,000063
jurisdiction 1,609438 0,000192
jurisprudence 2,525729 0,000301
justice 0,162519 0,000019
justices 2,207275 0,000263
justification 1,171183 0,000140
justified 0,693147 0,000083
justify 0,693147 0,000083
jutted 2,207275 0,000263
jutting 1,897120 0,000226
kadi 3,912023 0,000466
kasbah 3,912023 0,000466
keel 1,386294 0,000165
keen 0,415515 0,000050
keener 1,469676 0,000175
keeping 1,078810 0,000129
keg 2,040221 0,000243
kegs 2,813411 0,000335
kerchief 1,966113 0,000234
key 0,356675 0,000043
kicked 0,843970 0,000101
kidnap 2,525729 0,000301
kidnapped 2,407946 0,000287
kidnapping 2,995732 0,000357
kidney 2,995732 0,000357
kill 0,127833 0,000015
killed 0,223144 0,000027
killing 0,597837 0,000071
kin 1,139434 0,000136
kindle 1,272966 0,000152
kindled 0,867501 0,000103
kindling 1,714798 0,000204
kindly 0,223144 0,000027
kindness 0,287682 0,000034
king 0,223144 0,000027
kingdom 0,494296 0,000059
kiss 0,562119 0,000067
kissed 0,462035 0,000055
knave 1,714798 0,000204
knaves 2,207275 0,000263
kneaded 2,207275 0,000263
knee 0,462035 0,000055
kneel 1,203973 0,000144
kneeling 0,798508 0,000095
knees 0,223144 0,000027
knife 0,356675 0,000043
knight 1,309333 0,000156
knighted 2,659260 0,000317
knighthood 2,813411 0,000335
knightly 2,525729 0,000301
knights 1,309333 0,000156
knit 1,108663 0,000132
knocked 0,510826 0,000061
knot 0,673345 0,000080
knoweth 2,120264 0,000253
knowing 2,525729 0,000301
knowledge 0,061875 0,000007
koran 2,813411 0,000335
label 1,771957 0,000211
labelled 2,525729 0,000301
laboriously 1,771957 0,000211
labour 0,634878 0,000076
laboured 1,427116 0,000170
labouring 1,469676 0,000175
labours 0,994252 0,000119
labyrinth 1,609438 0,000192
laced 1,771957 0,000211
lack 0,478036 0,000057
lackaday 3,506558 0,000418
lacked 1,309333 0,000156
lackey 2,525729 0,000301
lacking 1,171183 0,000140
lacks 2,302585 0,000275
laconic 2,207275 0,000263
lad 0,713350 0,000085
laden 0,673345 0,000080
ladies 0,314711 0,000038
lads 1,139434 0,000136
lady 0,248461 0,000030
lagoon 2,995732 0,000357
laid 0,072571 0,000009
lain 0,843970 0,000101
lake 0,210721 0,000025
lamb 0,776529 0,000093
lame 0,820981 0,000098
lamentable 1,469676 0,000175
lamented 1,139434 0,000136
lamp 0,478036 0,000057
lamps 0,733969 0,000088
land 0,072571 0,000009
landed 0,527633 0,000063
landing 0,562119 0,000067
lane 0,798508 0,000095
language 0,072571 0,000009
languid 1,049822 0,000125
languish 1,966113 0,000234
languorous 2,659260 0,000317
lantern 0,967584 0,000115
lanterns 1,609438 0,000192
lap 0,634878 0,000076
larboard 2,407946 0,000287
lark 1,609438 0,000192
las 2,407946 0,000287
lash 1,386294 0,000165
lashed 1,203973 0,000144
lashes 1,237874 0,000148
lashing 1,832581 0,000219
late 0,094311 0,000011
lateen 2,995732 0,000357
lateness 2,207275 0,000263
laths 2,813411 0,000335
latitude 1,309333 0,000156
lattice 1,609438 0,000192
latticed 2,302585 0,000275
lattices 2,995732 0,000357
laugh 0,127833 0,000015
laughed 0,248461 0,000030
laughing 0,248461 0,000030
laughter 0,274437 0,000033
launch 1,427116 0,000170
launched 1,171183 0,000140
lavender 2,207275 0,000263
lavished 1,660731 0,000198
law 0,030459 0,000004
lawns 2,302585 0,000275
laws 0,083382 0,000010
lax 2,525729 0,000301
laxity 2,659260 0,000317
lay 0,051293 0,000006
layer 1,966113 0,000234
laying 0,274437 0,000033
lazily 1,237874 0,000148
lead 0,083382 0,000010
leaden 1,237874 0,000148
leader 0,462035 0,000055
leading 0,139262 0,000017
leads 0,462035 0,000055
leagues 1,347074 0,000161
lean 0,579818 0,000069
leaned 0,634878 0,000076
leaning 0,301105 0,000036
leant 1,609438 0,000192
leap 0,562119 0,000067
leaping 0,713350 0,000085
leapt 1,560648 0,000186
learn 0,020203 0,000002
learned 0,105361 0,000013
learning 0,301105 0,000036
learns 1,108663 0,000132
learnt 0,713350 0,000085
leash 2,525729 0,000301
leashed 3,506558 0,000418
leather 0,544727 0,000065
leave 0,000000 0,000000
leavened 2,813411 0,000335
leaves 0,094311 0,000011
leaving 0,083382 0,000010
led 0,040822 0,000005
ledge 1,272966 0,000152
lee 1,347074 0,000161
leered 3,912023 0,000466
leering 2,995732 0,000357
leeward 2,207275 0,000263
left 0,000000 0,000000
leg 0,478036 0,000057
legal 0,261365 0,000031
legally 0,342490 0,000041
legend 1,049822 0,000125
legged 1,108663 0,000132
legion 1,469676 0,000175
legs 0,274437 0,000033
leigh 3,218876 0,000384
leisure 0,579818 0,000069
lend 0,597837 0,000071
lending 1,609438 0,000192
lengthen 1,771957 0,000211
lengthening 2,407946 0,000287
lent 0,798508 0,000095
leopard 2,302585 0,000275
lepanto 3,506558 0,000418
lessened 1,272966 0,000152
lessening 1,660731 0,000198
lesson 0,400478 0,000048
lethal 2,813411 0,000335
lethargy 1,714798 0,000204
letter 0,116534 0,000014
letters 0,198451 0,000024
levantine 2,995732 0,000357
level 0,274437 0,000033
levelled 1,660731 0,000198
lever 1,714798 0,000204
liability 0,462035 0,000055
liable 0,235722 0,000028
liar 1,203973 0,000144
liars 1,771957 0,000211
liberating 2,525729 0,000301
liberation 1,832581 0,000219
liberty 0,223144 0,000027
library 0,223144 0,000027
licence 1,560648 0,000186
licences 2,995732 0,000357
license 0,301105 0,000036
licensed 0,430783 0,000051
licked 1,609438 0,000192
lid 0,820981 0,000098
lie 0,040822 0,000005
lied 1,171183 0,000140
lies 0,162519 0,000019
lieu 0,415515 0,000050
lieutenant 1,203973 0,000144
lieutenants 1,966113 0,000234
life -0,009950 -0,000001
lifeless 1,108663 0,000132
lifetime 0,867501 0,000103
lift 0,415515 0,000050
lifted 0,274437 0,000033
light 0,010050 0,000001
lighted 0,261365 0,000031
lightened 1,514128 0,000181
lighter 0,527633 0,000063
lighting 0,755023 0,000090
lightly 0,430783 0,000051
lightning 0,478036 0,000057
lights 0,301105 0,000036
lilies 1,609438 0,000192
limb 0,798508 0,000095
limbed 2,120264 0,000253
limbs 0,274437 0,000033
limes 2,302585 0,000275
limit 0,673345 0,000080
limitation 0,478036 0,000057
limited 0,261365 0,000031
limits 0,494296 0,000059
limp 1,309333 0,000156
limpid 1,897120 0,000226
limply 2,995732 0,000357
linen 0,527633 0,000063
linger 0,843970 0,000101
lingered 1,049822 0,000125
lingering 0,755023 0,000090
lingua 2,659260 0,000317
link 0,994252 0,000119
linked 0,385662 0,000046
links 0,415515 0,000050
linstock 3,506558 0,000418
linstocks 3,218876 0,000384
lintel 2,659260 0,000317
lion 0,713350 0,000085
lionel 3,218876 0,000384
lioness 2,120264 0,000253
lip 0,673345 0,000080
lipped 1,966113 0,000234
lips 0,127833 0,000015
liquidation 2,995732 0,000357
liquor 0,820981 0,000098
lisbon 2,407946 0,000287
lissom 3,912023 0,000466
list 0,400478 0,000048
listed 2,040221 0,000243
listen 0,127833 0,000015
listened 0,274437 0,000033
listening 0,261365 0,000031
listless 1,427116 0,000170
listlessly 1,832581 0,000219
listlessness 2,207275 0,000263
lists 1,469676 0,000175
literary 0,287682 0,000034
lithe 1,966113 0,000234
lithely 3,506558 0,000418
litter 0,994252 0,000119
littoral 3,912023 0,000466
live 0,010050 0,000001
lived 0,061875 0,000007
lively 0,400478 0,000048
lives 0,072571 0,000009
livid 1,171183 0,000140
lividly 3,218876 0,000384
living 0,020203 0,000002
lizard 1,714798 0,000204
load 0,634878 0,000076
loaded 0,616186 0,000073
loading 1,309333 0,000156
loads 1,609438 0,000192
loathe 1,897120 0,000226
loathing 1,427116 0,000170
loathly 3,912023 0,000466
loathsome 1,078810 0,000129
loaves 1,469676 0,000175
located 0,400478 0,000048
locations 0,544727 0,000065
lock 0,385662 0,000046
locked 0,430783 0,000051
locking 1,272966 0,000152
locks 0,733969 0,000088
locust 2,302585 0,000275
locusts 1,714798 0,000204
lodged 0,776529 0,000093
loftily 2,302585 0,000275
lofty 0,494296 0,000059
log 0,941609 0,000112
logic 1,049822 0,000125
logically 2,207275 0,000263
logs 1,427116 0,000170
loin 2,659260 0,000317
loincloth 3,506558 0,000418
loincloths 3,912023 0,000466
london 0,415515 0,000050
loneliness 1,347074 0,000161
lonely 0,415515 0,000050
longing 0,653926 0,000078
longings 1,714798 0,000204
loomed 1,714798 0,000204
looming 2,120264 0,000253
loophole 2,040221 0,000243
loose 0,105361 0,000013
loosed 1,203973 0,000144
loosely 1,347074 0,000161
loosen 1,514128 0,000181
loosened 1,171183 0,000140
loosing 2,407946 0,000287
lord 0,223144 0,000027
lordship 1,771957 0,000211
lose 0,094311 0,000011
loser 2,207275 0,000263
losers 3,218876 0,000384
losing 0,235722 0,000028
loss 0,094311 0,000011
lost 0,020203 0,000002
lot 0,061875 0,000007
lotus 1,897120 0,000226
loud 0,174353 0,000021
louder 0,527633 0,000063
loudly 0,400478 0,000048
lounged 2,207275 0,000263
lounging 1,514128 0,000181
lousy 3,506558 0,000418
louts 2,995732 0,000357
louvre 2,525729 0,000301
love 0,051293 0,000006
loved 0,198451 0,000024
loveliness 1,469676 0,000175
lovely 0,494296 0,000059
lover 0,385662 0,000046
loving 0,478036 0,000057
loyal 1,203973 0,000144
loyally 2,525729 0,000301
loyalty 1,237874 0,000148
lozenge 2,995732 0,000357
lubberly 2,813411 0,000335
luck 0,446287 0,000053
luckier 2,407946 0,000287
luckless 1,714798 0,000204
lucky 0,527633 0,000063
luff 2,995732 0,000357
luffed 3,506558 0,000418
luke 1,897120 0,000226
luminous 1,078810 0,000129
lumps 1,897120 0,000226
lungs 0,916291 0,000109
lurched 2,040221 0,000243
lure 1,609438 0,000192
lured 1,832581 0,000219
lurid 1,609438 0,000192
luridly 3,506558 0,000418
lurk 1,714798 0,000204
lurked 1,714798 0,000204
lurking 1,049822 0,000125
luscious 2,207275 0,000263
lust 0,891598 0,000106
lustful 1,832581 0,000219
lustiest 3,506558 0,000418
lustre 1,171183 0,000140
lusty 1,832581 0,000219
luxuriating 3,506558 0,000418
luxury 0,527633 0,000063
lying 0,061875 0,000007
machine 0,248461 0,000030
mad 0,261365 0,000031
madam 0,967584 0,000115
maddened 1,897120 0,000226
madmen 1,897120 0,000226
madness 0,597837 0,000071
magnet 2,040221 0,000243
magnificent 0,328504 0,000039
magnificently 1,514128 0,000181
magnified 1,309333 0,000156
mahogany 1,609438 0,000192
mahomet 1,660731 0,000198
mahound 3,912023 0,000466
maid 0,446287 0,000053
maiden 0,820981 0,000098
maidens 1,347074 0,000161
mail 0,891598 0,000106
maimed 1,609438 0,000192
main 0,127833 0,000015
mainmast 2,813411 0,000335
maintain 0,562119 0,000067
maintained 0,653926 0,000078
maintaining 0,235722 0,000028
maintopmast 3,912023 0,000466
majestic 1,108663 0,000132
majestically 1,560648 0,000186
majesty 0,544727 0,000065
majority 0,597837 0,000071
maker 0,867501 0,000103
malaga 3,218876 0,000384
male 0,597837 0,000071
malice 0,776529 0,000093
malicious 0,941609 0,000112
malign 2,207275 0,000263
maligned 2,995732 0,000357
mallets 3,218876 0,000384
malta 2,525729 0,000301
manacle 3,506558 0,000418
manacles 2,813411 0,000335
manager 0,653926 0,000078
manhood 0,776529 0,000093
manifest 0,755023 0,000090
manifested 1,021651 0,000122
mankind 0,478036 0,000057
manned 1,771957 0,000211
manner 0,040822 0,000005
manoeuvre 2,302585 0,000275
manoeuvred 2,995732 0,000357
manor 1,609438 0,000192
mansion 0,867501 0,000103
mantelshelf 3,218876 0,000384
mantle 0,820981 0,000098
manufacture 1,309333 0,000156
manumissions 3,912023 0,000466
manumit 3,912023 0,000466
manumitted 3,912023 0,000466
mar 1,514128 0,000181
marble 0,597837 0,000071
marbles 1,660731 0,000198
march 0,274437 0,000033
marched 0,891598 0,000106
maria 1,427116 0,000170
mariner 1,560648 0,000186
mariners 1,514128 0,000181
mark 0,127833 0,000015
marked 0,061875 0,000007
market 0,527633 0,000063
marking 1,203973 0,000144
marks 0,328504 0,000039
marksman 3,506558 0,000418
marksmanship 3,218876 0,000384
marksmen 2,995732 0,000357
marriage 0,314711 0,000038
married 0,248461 0,000030
marry 0,430783 0,000051
marshal 1,427116 0,000170
marshalled 2,659260 0,000317
martial 1,469676 0,000175
martyr 1,309333 0,000156
marvel 1,021651 0,000122
marvelled 1,771957 0,000211
marvellous 0,891598 0,000106
marvellously 1,660731 0,000198
marvels 1,514128 0,000181
mask 0,843970 0,000101
masked 1,469676 0,000175
massed 2,302585 0,000275
massive 1,049822 0,000125
mast 1,386294 0,000165
masted 2,995732 0,000357
master 0,083382 0,000010
mastered 0,967584 0,000115
masterful 1,966113 0,000234
masterfulness 3,506558 0,000418
mat 1,309333 0,000156
match 0,385662 0,000046
mate 0,867501 0,000103
material 0,328504 0,000039
maternal 1,272966 0,000152
mates 1,309333 0,000156
matted 1,514128 0,000181
matter 0,010050 0,000001
mattered 1,714798 0,000204
matters 0,139262 0,000017
maudlin 2,525729 0,000301
mauretanian 3,912023 0,000466
maximum 0,478036 0,000057
mayest 2,407946 0,000287
mazed 3,912023 0,000466
meadow 0,994252 0,000119
meagre 1,347074 0,000161
meal 0,301105 0,000036
meaning 0,210721 0,000025
measure 0,301105 0,000036
measured 0,579818 0,000069
meat 0,356675 0,000043
meats 2,040221 0,000243
mecca 2,813411 0,000335
medallion 2,995732 0,000357
meddle 1,078810 0,000129
medicine 0,597837 0,000071
meditate 1,347074 0,000161
mediterranean 1,609438 0,000192
medium 0,223144 0,000027
medley 2,120264 0,000253
meek 1,272966 0,000152
meet 0,010050 0,000001
meeting 0,186330 0,000022
melancholy 0,342490 0,000041
mellow 1,469676 0,000175
mellowing 2,995732 0,000357
melodious 1,609438 0,000192
melon 2,207275 0,000263
memories 0,867501 0,000103
memory 0,174353 0,000021
menace 1,347074 0,000161
menaced 1,560648 0,000186
menacing 1,272966 0,000152
mend 0,967584 0,000115
menial 1,832581 0,000219
mental 0,430783 0,000051
mentally 1,237874 0,000148
mention 0,223144 0,000027
mentioned 0,223144 0,000027
mentions 1,514128 0,000181
mentor 2,525729 0,000301
mephitic 3,912023 0,000466
merchant 0,713350 0,000085
merchantability 0,994252 0,000119
merchants 0,798508 0,000095
merciful 0,994252 0,000119
mercy 0,223144 0,000027
mere 0,094311 0,000011
merge 2,407946 0,000287
merged 1,609438 0,000192
merited 1,660731 0,000198
merits 0,693147 0,000083
message 0,446287 0,000053
messages 1,171183 0,000140
messenger 0,634878 0,000076
messer 2,813411 0,000335
messes 2,659260 0,000317
met 0,040822 0,000005
metal 0,597837 0,000071
metallic 1,514128 0,000181
metamorphosis 2,813411 0,000335
meted 2,995732 0,000357
method 0,094311 0,000011
methods 0,210721 0,000025
michael 0,400478 0,000048
middle 0,030459 0,000004
midnight 0,328504 0,000039
midsummer 2,120264 0,000253
mien 1,660731 0,000198
mighty 0,328504 0,000039
mild 0,510826 0,000061
mildness 1,427116 0,000170
mile 0,342490 0,000041
miles 0,223144 0,000027
milk 0,446287 0,000053
minaret 3,506558 0,000418
mince 2,407946 0,000287
mind 0,020203 0,000002
minded 0,400478 0,000048
minds 0,235722 0,000028
mingle 1,237874 0,000148
mingled 0,462035 0,000055
minister 0,616186 0,000073
minorca 3,506558 0,000418
minute 0,235722 0,000028
minuteness 1,714798 0,000204
minutes 0,235722 0,000028
miracle 0,755023 0,000090
miracles 1,347074 0,000161
miraculous 1,171183 0,000140
miraculously 1,966113 0,000234
mirror 0,693147 0,000083
mirroring 3,218876 0,000384
mirth 0,776529 0,000093
misanthropist 3,218876 0,000384
misanthropy 2,995732 0,000357
misbegotten 3,218876 0,000384
miscarried 2,120264 0,000253
mischance 1,771957 0,000211
mischief 0,494296 0,000059
misconception 2,525729 0,000301
miserable 0,210721 0,000025
miserably 1,108663 0,000132
misery 0,301105 0,000036
misfortune 0,478036 0,000057
misgivings 1,714798 0,000204
misguided 2,407946 0,000287
misjudge 2,659260 0,000317
misjudged 2,120264 0,000253
mislead 1,771957 0,000211
misled 1,139434 0,000136
misliked 3,506558 0,000418
misread 3,912023 0,000466
misreading 3,506558 0,000418
misrepresent 2,525729 0,000301
misrepresentations 3,218876 0,000384
mission 0,210721 0,000025
mississippi 0,415515 0,000050
mistake 0,223144 0,000027
mistaken 0,261365 0,000031
mistaking 1,309333 0,000156
mistook 1,660731 0,000198
mistress 0,510826 0,000061
mistrust 1,309333 0,000156
mistrusted 2,525729 0,000301
mistrustful 2,407946 0,000287
mistrusting 2,813411 0,000335
misunderstand 2,040221 0,000243
misunderstood 1,386294 0,000165
misusing 3,912023 0,000466
mizzen 2,813411 0,000335
moan 1,139434 0,000136
moaned 1,386294 0,000165
mob 1,171183 0,000140
mock 0,755023 0,000090
mocked 1,469676 0,000175
mockeries 2,995732 0,000357
mockery 0,941609 0,000112
mocking 0,994252 0,000119
mockingly 1,966113 0,000234
mode 0,634878 0,000076
modelled 2,302585 0,000275
moderate 0,653926 0,000078
modesty 0,733969 0,000088
modification 0,494296 0,000059
modified 0,385662 0,000046
mohammed 2,525729 0,000301
mole 1,309333 0,000156
molested 2,207275 0,000263
moment 0,010050 0,000001
momentary 0,693147 0,000083
momentous 1,771957 0,000211
moments 0,287682 0,000034
money 0,051293 0,000006
moneys 2,120264 0,000253
mongrel 2,407946 0,000287
monotonous 1,078810 0,000129
monster 0,634878 0,000076
monstrous 0,400478 0,000048
month 0,174353 0,000021
months 0,094311 0,000011
mood 0,527633 0,000063
moodily 1,966113 0,000234
moods 1,237874 0,000148
moody 1,514128 0,000181
moon 0,287682 0,000034
moonlight 0,673345 0,000080
moor 1,514128 0,000181
moored 1,832581 0,000219
moorings 2,659260 0,000317
moorish 2,120264 0,000253
moors 1,771957 0,000211
moped 2,995732 0,000357
moping 2,813411 0,000335
mopped 2,995732 0,000357
moral 0,301105 0,000036
morion 3,912023 0,000466
morions 3,912023 0,000466
morisco 3,912023 0,000466
morning 0,040822 0,000005
morrow 0,328504 0,000039
mort 2,207275 0,000263
mortal 0,400478 0,000048
mortally 1,514128 0,000181
mortgaged 2,407946 0,000287
mortification 1,049822 0,000125
mortified 1,272966 0,000152
mosaics 3,912023 0,000466
moslem 3,506558 0,000418
mother 0,072571 0,000009
motioned 1,139434 0,000136
motionless 0,544727 0,000065
motives 0,579818 0,000069
motley 1,660731 0,000198
mould 0,891598 0,000106
mountainous 1,560648 0,000186
mounted 0,446287 0,000053
mounting 0,843970 0,000101
mounts 1,560648 0,000186
mourning 0,693147 0,000083
mouth 0,105361 0,000013
mouths 0,462035 0,000055
movement 0,328504 0,000039
movements 0,494296 0,000059
mudded 3,912023 0,000466
mueddin 3,912023 0,000466
muffle 2,525729 0,000301
muffled 1,139434 0,000136
muhammad 3,506558 0,000418
mulberries 3,506558 0,000418
mule 1,347074 0,000161
mules 1,469676 0,000175
mulled 2,813411 0,000335
mullioned 2,995732 0,000357
multitude 0,446287 0,000053
mummery 2,659260 0,000317
munitions 2,659260 0,000317
murder 0,314711 0,000038
murdered 0,733969 0,000088
murderer 0,733969 0,000088
murdering 1,309333 0,000156
murderous 1,078810 0,000129
murmur 0,494296 0,000059
murmured 0,673345 0,000080
murmuring 0,967584 0,000115
murmurs 1,347074 0,000161
muscle 1,309333 0,000156
muscles 1,021651 0,000122
muscular 1,203973 0,000144
musical 0,579818 0,000069
musing 1,272966 0,000152
musings 2,659260 0,000317
muslim 3,912023 0,000466
muslims 3,912023 0,000466
mustering 2,302585 0,000275
mute 0,776529 0,000093
mutineer 3,218876 0,000384
mutineers 2,525729 0,000301
mutinous 2,120264 0,000253
mutiny 1,469676 0,000175
muttered 0,798508 0,000095
muttering 1,049822 0,000125
mutton 1,272966 0,000152
muzzles 3,218876 0,000384
myriad 2,207275 0,000263
nag 2,040221 0,000243
nailed 1,272966 0,000152
nails 0,616186 0,000073
naked 0,274437 0,000033
nape 1,771957 0,000211
napkin 1,609438 0,000192
naples 1,272966 0,000152
narcissus 2,302585 0,000275
narrative 0,616186 0,000073
narrow 0,105361 0,000013
narrowed 1,771957 0,000211
narrower 1,386294 0,000165
narrowing 2,302585 0,000275
nasal 2,525729 0,000301
native 0,328504 0,000039
natural 0,094311 0,000011
naturally 0,210721 0,000025
nature 0,094311 0,000011
natured 0,733969 0,000088
natures 0,820981 0,000098
naught 1,347074 0,000161
nauseated 3,912023 0,000466
navigate 2,407946 0,000287
navigated 2,407946 0,000287
navigation 1,272966 0,000152
navigator 2,407946 0,000287
navy 1,272966 0,000152
nearer 0,400478 0,000048
necessaries 1,386294 0,000165
necessity 0,261365 0,000031
neck 0,186330 0,000022
necked 2,040221 0,000243
necks 0,891598 0,000106
neglect 0,494296 0,000059
neglected 0,400478 0,000048
neglects 2,040221 0,000243
negligence 0,415515 0,000050
negligible 3,912023 0,000466
negress 3,218876 0,000384
negro 1,171183 0,000140
negroes 1,386294 0,000165
neighbour 0,653926 0,000078
neighbourhood 0,776529 0,000093
neighbourly 3,218876 0,000384
neighbours 0,713350 0,000085
nephew 1,021651 0,000122
nerves 0,544727 0,000065
nervous 0,494296 0,000059
nervously 1,203973 0,000144
nestled 1,897120 0,000226
nethermost 2,659260 0,000317
network 0,415515 0,000050
neutral 1,609438 0,000192
newly 0,494296 0,000059
news 0,210721 0,000025
newsletter 0,562119 0,000067
nicely 1,021651 0,000122
nicety 1,609438 0,000192
niches 2,525729 0,000301
nicholas 1,771957 0,000211
nick 1,386294 0,000165
niggardly 2,040221 0,000243
nigh 0,843970 0,000101
night 0,010050 0,000001
nightingale 1,771957 0,000211
nights 0,235722 0,000028
nimble 1,171183 0,000140
nimbleness 2,813411 0,000335
nimbus 3,506558 0,000418
noble 0,248461 0,000030
nobly 1,309333 0,000156
nodded 0,634878 0,000076
nodding 0,941609 0,000112
noisy 0,776529 0,000093
noll 3,506558 0,000418
nonproprietary 0,562119 0,000067
noon 0,430783 0,000051
noontide 2,525729 0,000301
noose 1,714798 0,000204
normal 1,237874 0,000148
north 0,083382 0,000010
northern 0,653926 0,000078
northerners 3,218876 0,000384
nose 0,274437 0,000033
nosed 1,560648 0,000186
noses 1,021651 0,000122
nostalgia 3,912023 0,000466
nostrils 0,891598 0,000106
note 0,127833 0,000015
notice 0,030459 0,000004
noticed 0,328504 0,000039
notifies 0,527633 0,000063
notion 0,371064 0,000044
notions 0,776529 0,000093
notoriety 1,897120 0,000226
notorious 1,049822 0,000125
notoriously 2,407946 0,000287
nourished 1,660731 0,000198
nowadays 1,139434 0,000136
nubian 3,912023 0,000466
numb 1,771957 0,000211
numbed 2,525729 0,000301
nuptials 2,120264 0,000253
nurse 0,478036 0,000057
nursing 0,867501 0,000103
nymphs 1,832581 0,000219
oak 0,673345 0,000080
oaken 2,040221 0,000243
oaks 1,237874 0,000148
oar 1,237874 0,000148
oars 1,203973 0,000144
oarsmen 2,407946 0,000287
oath 0,510826 0,000061
oaths 0,891598 0,000106
obedience 0,494296 0,000059
obedient 0,544727 0,000065
obediently 1,469676 0,000175
obey 0,400478 0,000048
obeyed 0,579818 0,000069
obeying 0,941609 0,000112
object 0,127833 0,000015
objection 0,616186 0,000073
objective 1,660731 0,000198
objects 0,356675 0,000043
obliterated 1,771957 0,000211
oblivion 1,272966 0,000152
obscene 1,660731 0,000198
observe 0,235722 0,000028
observed 0,162519 0,000019
observing 0,510826 0,000061
obsolete 0,446287 0,000053
obstacle 0,891598 0,000106
obstacles 0,798508 0,000095
obvious 0,415515 0,000050
occasion 0,105361 0,000013
occasionally 0,371064 0,000044
occasioned 0,798508 0,000095
occasions 0,430783 0,000051
occupation 0,494296 0,000059
occupied 0,235722 0,000028
occupy 0,634878 0,000076
occupying 1,171183 0,000140
occur 0,150823 0,000018
occurred 0,261365 0,000031
occurring 1,427116 0,000170
ocean 0,430783 0,000051
octagon 3,506558 0,000418
october 0,653926 0,000078
od 2,813411 0,000335
odd 0,385662 0,000046
oddly 1,469676 0,000175
odds 1,108663 0,000132
odious 0,941609 0,000112
offal 2,302585 0,000275
offence 0,579818 0,000069
offences 1,427116 0,000170
offended 0,616186 0,000073
offender 1,514128 0,000181
offending 1,309333 0,000156
offer 0,162519 0,000019
offered 0,139262 0,000017
offering 0,400478 0,000048
offers 0,198451 0,000024
office 0,072571 0,000009
officer 0,478036 0,000057
officers 0,494296 0,000059
official 0,235722 0,000028
oft 1,347074 0,000161
oftener 1,049822 0,000125
oil 0,527633 0,000063
ol 3,912023 0,000466
olive 0,994252 0,000119
oliver 2,207275 0,000263
olives 1,897120 0,000226
omened 2,407946 0,000287
ominous 1,171183 0,000140
ominously 1,966113 0,000234
omission 1,514128 0,000181
omissions 2,525729 0,000301
omniscience 2,995732 0,000357
online 0,510826 0,000061
onslaught 2,040221 0,000243
onward 1,108663 0,000132
oozing 1,966113 0,000234
opal 2,407946 0,000287
openly 0,494296 0,000059
opined 2,995732 0,000357
opines 3,506558 0,000418
opinion 0,139262 0,000017
opinions 0,527633 0,000063
opportunely 2,302585 0,000275
opportunities 0,235722 0,000028
opportunity 0,061875 0,000007
oppose 0,733969 0,000088
opposed 0,653926 0,000078
opposing 0,891598 0,000106
opposition 0,494296 0,000059
oppressed 0,693147 0,000083
oppressing 2,525729 0,000301
oppression 0,916291 0,000109
oppressor 2,407946 0,000287
optimism 2,302585 0,000275
orange 0,941609 0,000112
orb 1,897120 0,000226
orchard 1,609438 0,000192
ordeal 1,660731 0,000198
ordinary 0,186330 0,000022
organized 0,356675 0,000043
oriental 1,108663 0,000132
origin 0,544727 0,000065
original 0,105361 0,000013
originator 0,527633 0,000063
orisons 2,525729 0,000301
ornaments 0,843970 0,000101
osprey 3,506558 0,000418
ostentatiously 2,207275 0,000263
ostrich 2,040221 0,000243
ounce 1,609438 0,000192
outbid 3,218876 0,000384
outbidden 3,912023 0,000466
outburst 1,386294 0,000165
outbursts 2,040221 0,000243
outcome 1,714798 0,000204
outcry 1,427116 0,000170
outdated 0,562119 0,000067
outfit 1,237874 0,000148
outlandish 1,966113 0,000234
outline 0,994252 0,000119
outnumbered 2,407946 0,000287
outrage 1,049822 0,000125
outraged 1,272966 0,000152
outrageous 1,386294 0,000165
outrageously 3,218876 0,000384
outraging 3,218876 0,000384
outright 1,309333 0,000156
outset 1,237874 0,000148
outstretched 1,108663 0,000132
outward 0,579818 0,000069
outwardly 1,309333 0,000156
outwards 1,832581 0,000219
outweigh 1,832581 0,000219
outwitted 2,813411 0,000335
overbear 3,506558 0,000418
overbearing 1,966113 0,000234
overboard 1,347074 0,000161
overborne 2,525729 0,000301
overcame 0,941609 0,000112
overcast 1,660731 0,000198
overcome 0,261365 0,000031
overdue 3,218876 0,000384
overflowed 1,347074 0,000161
overhanging 1,514128 0,000181
overhead 0,843970 0,000101
overhear 1,897120 0,000226
overheard 1,078810 0,000129
overhung 1,771957 0,000211
overjoyed 1,771957 0,000211
overlong 3,912023 0,000466
overlook 1,021651 0,000122
overlooked 0,776529 0,000093
overlooking 1,514128 0,000181
overmantel 3,912023 0,000466
overmuch 2,040221 0,000243
overpast 2,995732 0,000357
overpowered 1,049822 0,000125
overreached 3,218876 0,000384
overrun 1,660731 0,000198
overseas 3,912023 0,000466
overset 2,525729 0,000301
overshadow 3,218876 0,000384
overshadowing 2,525729 0,000301
overspread 1,347074 0,000161
overstate 3,506558 0,000418
overtake 0,755023 0,000090
overtaken 0,967584 0,000115
overtaking 1,660731 0,000198
overtax 3,912023 0,000466
overthrew 2,040221 0,000243
overthrow 1,203973 0,000144
overtook 1,108663 0,000132
overtopped 3,218876 0,000384
overwhelm 1,609438 0,000192
overwhelmed 0,891598 0,000106
overwhelming 1,049822 0,000125
overwrought 2,407946 0,000287
owed 0,139262 0,000017
owner 0,116534 0,000014
oyster 1,660731 0,000198
pace 0,328504 0,000039
paced 1,171183 0,000140
paces 0,673345 0,000080
pacing 1,108663 0,000132
pack 0,597837 0,000071
packed 0,616186 0,000073
padded 2,040221 0,000243
pageants 3,218876 0,000384
paid 0,061875 0,000007
pain 0,174353 0,000021
painless 2,207275 0,000263
pains 0,301105 0,000036
painting 0,798508 0,000095
pair 0,235722 0,000028
palace 0,510826 0,000061
pale 0,198451 0,000024
paled 2,040221 0,000243
paling 2,659260 0,000317
pallid 1,237874 0,000148
pallor 1,347074 0,000161
palm 0,494296 0,000059
palmetto 2,813411 0,000335
palms 0,820981 0,000098
paltriest 3,912023 0,000466
paltry 1,203973 0,000144
pampered 1,897120 0,000226
pang 0,967584 0,000115
panic 1,078810 0,000129
pannier 3,912023 0,000466
panoply 2,659260 0,000317
panted 1,427116 0,000170
panther 1,897120 0,000226
panting 0,597837 0,000071
paper 0,083382 0,000010
paperwork 0,562119 0,000067
paraded 1,897120 0,000226
paradise 0,798508 0,000095
paragon 2,659260 0,000317
paragraph 0,328504 0,000039
paragraphs 0,494296 0,000059
paralyzed 1,966113 0,000234
paralyzing 2,407946 0,000287
parapet 1,771957 0,000211
parched 1,203973 0,000144
parching 2,813411 0,000335
parchment 1,832581 0,000219
pardon 0,301105 0,000036
parent 0,713350 0,000085
parents 0,314711 0,000038
park 0,776529 0,000093
parks 1,832581 0,000219
parliament 1,049822 0,000125
parlour 1,469676 0,000175
parsimony 2,120264 0,000253
parson 1,514128 0,000181
partial 0,733969 0,000088
participated 2,302585 0,000275
participating 2,525729 0,000301
particulars 0,776529 0,000093
partition 1,347074 0,000161
partly 0,301105 0,000036
partner 0,673345 0,000080
partners 0,994252 0,000119
partridge 2,040221 0,000243
party 0,061875 0,000007
pasha 3,218876 0,000384
pass 0,040822 0,000005
passage 0,139262 0,000017
passed 0,040822 0,000005
passes 0,415515 0,000050
passing 0,094311 0,000011
passion 0,186330 0,000022
passionate 0,634878 0,000076
passivity 2,995732 0,000357
pastime 1,347074 0,000161
pasture 1,203973 0,000144
paternal 1,171183 0,000140
path 0,198451 0,000024
patience 0,139262 0,000017
patient 0,274437 0,000033
patiently 0,733969 0,000088
patrimony 2,120264 0,000253
patrons 1,609438 0,000192
patted 1,108663 0,000132
patter 2,120264 0,000253
pattered 2,207275 0,000263
pattering 1,771957 0,000211
paunch 2,302585 0,000275
pause 0,371064 0,000044
paused 0,562119 0,000067
pausing 1,078810 0,000129
paved 1,108663 0,000132
pavilions 2,302585 0,000275
pay 0,051293 0,000006
payers 3,912023 0,000466
paying 0,116534 0,000014
payment 0,941609 0,000112
payments 0,415515 0,000050
peace 0,094311 0,000011
peaceful 0,478036 0,000057
peak 1,171183 0,000140
peaks 1,514128 0,000181
peal 1,309333 0,000156
pear 1,966113 0,000234
pearl 1,139434 0,000136
pearliness 3,912023 0,000466
pearls 1,078810 0,000129
pearly 2,120264 0,000253
peasant 0,967584 0,000115
pediment 2,995732 0,000357
pedlar 2,207275 0,000263
peeling 2,040221 0,000243
peep 0,994252 0,000119
peeped 1,049822 0,000125
peeping 1,139434 0,000136
peeps 2,995732 0,000357
peer 1,386294 0,000165
peered 1,237874 0,000148
peering 0,891598 0,000106
pellucid 2,995732 0,000357
pen 0,371064 0,000044
penalty 1,049822 0,000125
penance 1,514128 0,000181
pencilled 2,525729 0,000301
penetrating 0,967584 0,000115
penetration 1,347074 0,000161
penitence 1,514128 0,000181
pennant 3,218876 0,000384
penned 2,040221 0,000243
pens 1,347074 0,000161
pensive 1,171183 0,000140
pensively 2,120264 0,000253
pent 1,609438 0,000192
penthouse 3,218876 0,000384
people 0,010050 0,000001
perceive 0,356675 0,000043
perceived 0,400478 0,000048
perceiving 0,867501 0,000103
perceptions 1,714798 0,000204
perchance 1,386294 0,000165
perdition 1,832581 0,000219
peremptorily 1,660731 0,000198
peremptory 1,714798 0,000204
perfect 0,072571 0,000009
perfecting 1,966113 0,000234
perfectly 0,162519 0,000019
perfervidly 3,912023 0,000466
perforce 1,609438 0,000192
perform 0,150823 0,000018
performance 0,478036 0,000057
performances 0,314711 0,000038
performed 0,127833 0,000015
performing 0,261365 0,000031
perfume 1,139434 0,000136
perfumed 1,427116 0,000170
perfumes 1,714798 0,000204
perfunctorily 3,506558 0,000418
peril 0,867501 0,000103
perilous 0,798508 0,000095
perils 1,203973 0,000144
period 0,274437 0,000033
periodic 0,544727 0,000065
periods 0,867501 0,000103
perish 0,733969 0,000088
perished 0,733969 0,000088
permanent 0,223144 0,000027
permanently 1,386294 0,000165
permission 0,150823 0,000018
permit 0,446287 0,000053
permits 1,427116 0,000170
permitted 0,105361 0,000013
perpetual 0,478036 0,000057
perpetuate 2,302585 0,000275
perplexed 0,755023 0,000090
persecute 2,040221 0,000243
persecution 1,237874 0,000148
persevere 1,714798 0,000204
persian 1,347074 0,000161
persist 1,309333 0,000156
persisted 0,713350 0,000085
persistence 1,771957 0,000211
persistent 1,347074 0,000161
persisting 2,207275 0,000263
person 0,010050 0,000001
personal 0,223144 0,000027
personality 0,967584 0,000115
perspective 1,660731 0,000198
perspicuity 2,659260 0,000317
perspicuous 2,407946 0,000287
persuade 0,446287 0,000053
persuaded 0,527633 0,000063
persuasions 1,832581 0,000219
pert 1,966113 0,000234
perturb 3,218876 0,000384
perturbation 1,897120 0,000226
perturbed 1,560648 0,000186
pervadingly 3,912023 0,000466
perverseness 2,040221 0,000243
perverted 1,347074 0,000161
perverter 3,912023 0,000466
pet 1,021651 0,000122
petals 1,966113 0,000234
peter 0,820981 0,000098
petition 1,078810 0,000129
petitioned 2,302585 0,000275
petty 0,776529 0,000093
petulance 2,040221 0,000243
petulant 2,525729 0,000301
petulantly 2,407946 0,000287
philip 1,237874 0,000148
philosophical 1,049822 0,000125
phrase 0,174353 0,000021
physical 0,198451 0,000024
picked 0,400478 0,000048
picking 0,634878 0,000076
picture 0,248461 0,000030
picturesque 0,755023 0,000090
piece 0,072571 0,000009
pieces 0,139262 0,000017
pierce 0,916291 0,000109
pierced 0,693147 0,000083
pierces 2,302585 0,000275
piety 1,078810 0,000129
pig 0,634878 0,000076
pigeons 1,560648 0,000186
pigs 1,108663 0,000132
pike 1,514128 0,000181
pikes 2,207275 0,000263
pilastered 3,912023 0,000466
pile 0,579818 0,000069
piled 0,713350 0,000085
pillar 0,916291 0,000109
pillared 2,525729 0,000301
pillows 1,139434 0,000136
pimpish 3,912023 0,000466
pincers 2,120264 0,000253
pinioned 2,207275 0,000263
pinions 2,407946 0,000287
pink 0,867501 0,000103
pint 1,427116 0,000170
pious 0,733969 0,000088
pipe 0,494296 0,000059
piped 2,525729 0,000301
piracy 2,302585 0,000275
pirate 1,560648 0,000186
pirates 1,427116 0,000170
piratical 2,525729 0,000301
pish 3,912023 0,000466
pit 0,733969 0,000088
pitch 0,342490 0,000041
pitching 1,832581 0,000219
piteous 1,272966 0,000152
pitiful 0,798508 0,000095
pitifully 2,813411 0,000335
pitiless 1,347074 0,000161
pitilessness 3,912023 0,000466
pity 0,150823 0,000018
pitying 1,272966 0,000152
plague 0,755023 0,000090
plagued 1,966113 0,000234
plaguily 3,912023 0,000466
plain 0,040822 0,000005
plainer 1,660731 0,000198
plainly 0,261365 0,000031
plaint 2,302585 0,000275
plaintive 1,560648 0,000186
plaintively 2,207275 0,000263
plaints 2,659260 0,000317
plaited 1,771957 0,000211
plan 0,261365 0,000031
plank 1,049822 0,000125
planned 0,916291 0,000109
plans 0,371064 0,000044
plantations 1,771957 0,000211
planted 0,634878 0,000076
plates 0,653926 0,000078
platform 0,891598 0,000106
platter 2,659260 0,000317
platters 2,525729 0,000301
play 0,072571 0,000009
played 0,198451 0,000024
playing 0,186330 0,000022
plays 0,634878 0,000076
plaything 1,832581 0,000219
plea 1,139434 0,000136
plead 0,867501 0,000103
pleaded 0,891598 0,000106
pleading 1,272966 0,000152
pleadings 2,207275 0,000263
pleasant 0,162519 0,000019
pleasantries 2,659260 0,000317
pleased 0,150823 0,000018
pleasing 0,653926 0,000078
pleasure 0,051293 0,000006
pledge 0,916291 0,000109
pledged 1,108663 0,000132
plentiful 1,049822 0,000125
plied 1,309333 0,000156
plight 1,347074 0,000161
plighted 2,207275 0,000263
plot 0,867501 0,000103
plots 1,771957 0,000211
ploughed 1,660731 0,000198
ploughing 1,771957 0,000211
pluck 0,967584 0,000115
plucked 0,776529 0,000093
plucking 1,386294 0,000165
plumb 2,120264 0,000253
plumbing 2,995732 0,000357
plume 1,560648 0,000186
plumed 1,832581 0,000219
plumes 1,309333 0,000156
plump 1,078810 0,000129
plunder 1,309333 0,000156
plundering 2,040221 0,000243
plunge 0,733969 0,000088
plunged 0,544727 0,000065
plunging 1,049822 0,000125
ply 1,966113 0,000234
plying 1,966113 0,000234
pocket 0,371064 0,000044
pocketing 2,659260 0,000317
poet 0,597837 0,000071
poetic 1,347074 0,000161
poetically 2,525729 0,000301
poignantly 3,218876 0,000384
poised 1,469676 0,000175
poison 0,446287 0,000053
poisoned 1,237874 0,000148
poisoning 2,040221 0,000243
poisonous 1,272966 0,000152
policy 0,820981 0,000098
polished 0,673345 0,000080
pomander 3,506558 0,000418
pomegranate 2,659260 0,000317
ponder 1,714798 0,000204
pondered 1,347074 0,000161
pondering 1,237874 0,000148
poniard 2,207275 0,000263
pooh 1,514128 0,000181
pool 0,798508 0,000095
poop 2,302585 0,000275
poops 3,912023 0,000466
poor 0,030459 0,000004
poplars 2,207275 0,000263
por 2,813411 0,000335
porous 3,218876 0,000384
port 0,579818 0,000069
portal 1,609438 0,000192
portend 2,525729 0,000301
portentously 2,995732 0,000357
porter 1,078810 0,000129
porters 1,771957 0,000211
portion 0,356675 0,000043
portly 1,609438 0,000192
portrait 0,634878 0,000076
portraits 1,108663 0,000132
ports 1,469676 0,000175
portugal 2,120264 0,000253
position 0,162519 0,000019
positions 0,941609 0,000112
positive 0,597837 0,000071
possess 0,356675 0,000043
possessed 0,094311 0,000011
possession 0,083382 0,000010
possessions 0,776529 0,000093
posset 2,813411 0,000335
possibility 0,162519 0,000019
post 0,248461 0,000030
posted 0,301105 0,000036
postern 2,995732 0,000357
postpone 1,609438 0,000192
posts 0,713350 0,000085
pot 0,597837 0,000071
potent 1,309333 0,000156
pounced 2,040221 0,000243
pound 0,776529 0,000093
pounded 1,897120 0,000226
pounds 0,494296 0,000059
pour 0,544727 0,000065
poured 0,385662 0,000046
pouring 0,693147 0,000083
powder 0,755023 0,000090
power 0,030459 0,000004
powerful 0,223144 0,000027
powerless 1,139434 0,000136
practical 0,494296 0,000059
practically 0,235722 0,000028
practice 0,162519 0,000019
practise 0,967584 0,000115
practised 0,733969 0,000088
praise 0,371064 0,000044
praised 0,653926 0,000078
praises 0,941609 0,000112
prate 2,302585 0,000275
pray 0,371064 0,000044
prayed 0,673345 0,000080
prayer 0,478036 0,000057
prayers 0,478036 0,000057
praying 0,798508 0,000095
preach 1,049822 0,000125
preaches 2,525729 0,000301
prearranged 2,813411 0,000335
precaution 0,941609 0,000112
precautions 1,021651 0,000122
preceded 0,653926 0,000078
preceptor 1,771957 0,000211
precious 0,162519 0,000019
precipitate 1,660731 0,000198
precipitated 1,469676 0,000175
precise 0,776529 0,000093
precisely 0,510826 0,000061
precluded 2,120264 0,000253
preconceived 2,302585 0,000275
preconcerted 2,995732 0,000357
predestined 2,207275 0,000263
predilection 2,407946 0,000287
predilections 3,506558 0,000418
prefer 0,385662 0,000046
preferment 2,207275 0,000263
preferred 0,342490 0,000041
preferring 1,078810 0,000129
pregnant 1,272966 0,000152
pregnantly 3,506558 0,000418
prelate 2,407946 0,000287
preliminary 0,994252 0,000119
prelude 1,469676 0,000175
premeditated 2,407946 0,000287
premonitory 2,407946 0,000287
preparation 0,579818 0,000069
preparations 0,616186 0,000073
preparatory 1,309333 0,000156
prepare 0,162519 0,000019
prepared 0,105361 0,000013
preparing 0,415515 0,000050
preposterous 1,609438 0,000192
prescience 2,659260 0,000317
prescribes 2,120264 0,000253
presence 0,094311 0,000011
presently 0,385662 0,000046
preserve 0,150823 0,000018
preserved 0,415515 0,000050
preside 1,771957 0,000211
presided 1,237874 0,000148
presiding 1,427116 0,000170
press 0,274437 0,000033
pressed 0,274437 0,000033
pressing 0,385662 0,000046
pressure 0,527633 0,000063
presume 0,634878 0,000076
presumed 1,078810 0,000129
presumption 1,049822 0,000125
presumptuous 1,469676 0,000175
pretence 0,891598 0,000106
pretend 0,446287 0,000053
pretended 0,562119 0,000067
pretending 0,755023 0,000090
preternaturally 2,995732 0,000357
pretext 0,941609 0,000112
pretty 0,150823 0,000018
prevail 0,713350 0,000085
prevailed 0,673345 0,000080
prevailing 0,967584 0,000115
prevent 0,083382 0,000010
prevented 0,328504 0,000039
previous 0,094311 0,000011
prey 0,527633 0,000063
preyed 2,302585 0,000275
price 0,314711 0,000038
prices 1,309333 0,000156
prick 1,660731 0,000198
pride 0,150823 0,000018
priest 0,634878 0,000076
prime 0,713350 0,000085
primed 2,525729 0,000301
prince 0,462035 0,000055
princes 0,843970 0,000101
print 0,261365 0,000031
printed 0,174353 0,000021
prised 3,506558 0,000418
prison 0,287682 0,000034
prisoner 0,385662 0,000046
prisoners 0,941609 0,000112
private 0,198451 0,000024
privilege 0,527633 0,000063
prize 0,579818 0,000069
probability 0,776529 0,000093
probable 0,494296 0,000059
probe 2,207275 0,000263
proceed 0,301105 0,000036
proceeded 0,274437 0,000033
proceedings 0,713350 0,000085
proceeds 0,916291 0,000109
process 0,400478 0,000048
processing 0,562119 0,000067
procession 0,733969 0,000088
proclaim 1,171183 0,000140
proclaimed 0,941609 0,000112
proclaiming 1,560648 0,000186
procure 0,693147 0,000083
procured 0,733969 0,000088
prodigal 1,714798 0,000204
prodigality 2,525729 0,000301
prodigies 2,120264 0,000253
prodigious 1,021651 0,000122
produce 0,127833 0,000015
produced 0,105361 0,000013
production 0,314711 0,000038
profanity 2,525729 0,000301
profess 1,203973 0,000144
professed 1,021651 0,000122
professor 0,287682 0,000034
proffered 1,966113 0,000234
profit 0,248461 0,000030
profitable 0,891598 0,000106
profited 1,560648 0,000186
profits 0,314711 0,000038
profound 0,462035 0,000055
profoundest 1,714798 0,000204
profoundly 0,994252 0,000119
profusely 1,832581 0,000219
prognostication 3,912023 0,000466
progress 0,174353 0,000021
prohibition 0,430783 0,000051
project -0,009950 -0,000001
projected 1,139434 0,000136
projecting 0,967584 0,000115
prolific 1,966113 0,000234
prolixity 2,995732 0,000357
prominence 1,771957 0,000211
prominent 0,967584 0,000115
prominently 0,494296 0,000059
promise 0,116534 0,000014
promised 0,198451 0,000024
promises 0,510826 0,000061
promontory 1,609438 0,000192
promoting 0,430783 0,000051
promotion 0,342490 0,000041
prompt 0,776529 0,000093
prompted 0,891598 0,000106
prompting 1,966113 0,000234
promptings 2,407946 0,000287
prompts 2,120264 0,000253
prone 1,078810 0,000129
proneness 3,912023 0,000466
pronounce 0,916291 0,000109
pronounced 0,446287 0,000053
pronouncement 2,995732 0,000357
proof 0,287682 0,000034
proofread 0,562119 0,000067
proofs 0,798508 0,000095
proper 0,061875 0,000007
properly 0,385662 0,000046
property 0,127833 0,000015
prophesy 2,120264 0,000253
prophet 0,994252 0,000119
propitious 1,469676 0,000175
proportion 0,371064 0,000044
proportions 0,776529 0,000093
proposal 0,733969 0,000088
proposals 1,514128 0,000181
propose 0,527633 0,000063
proposed 0,371064 0,000044
proposing 1,309333 0,000156
proprietary 0,562119 0,000067
prospect 0,446287 0,000053
prospective 1,832581 0,000219
prosper 1,469676 0,000175
prospered 1,714798 0,000204
prosperity 0,820981 0,000098
prosperous 0,891598 0,000106
prostrate 0,843970 0,000101
prostrated 1,966113 0,000234
protect 0,186330 0,000022
protected 0,415515 0,000050
protection 0,314711 0,000038
protector 1,347074 0,000161
protectors 1,966113 0,000234
protects 1,897120 0,000226
protest 0,798508 0,000095
protestation 2,813411 0,000335
protestations 1,660731 0,000198
protested 0,867501 0,000103
protesting 1,309333 0,000156
protests 1,714798 0,000204
protract 2,525729 0,000301
protracted 1,469676 0,000175
protruding 1,560648 0,000186
proudly 0,733969 0,000088
prove 0,174353 0,000021
proved 0,116534 0,000014
proven 1,966113 0,000234
proves 0,776529 0,000093
provide 0,162519 0,000019
providing 0,261365 0,000031
proving 0,820981 0,000098
provision 0,248461 0,000030
provisions 0,223144 0,000027
provocation 1,171183 0,000140
provoke 0,891598 0,000106
provoked 0,941609 0,000112
provoking 1,078810 0,000129
prow 1,897120 0,000226
prowess 1,609438 0,000192
prudence 0,713350 0,000085
prunes 2,995732 0,000357
pshaw 2,813411 0,000335
public 0,083382 0,000010
publication 1,171183 0,000140
publish 1,203973 0,000144
pull 0,328504 0,000039
pulled 0,371064 0,000044
pulling 0,634878 0,000076
pulp 2,120264 0,000253
pulse 0,891598 0,000106
pummelled 3,506558 0,000418
pumped 2,407946 0,000287
pungent 1,832581 0,000219
punish 0,597837 0,000071
punishable 2,525729 0,000301
punished 0,544727 0,000065
punishment 0,301105 0,000036
punitive 0,562119 0,000067
pup 2,407946 0,000287
pupil 0,941609 0,000112
purchase 0,527633 0,000063
purchased 0,798508 0,000095
purchaser 1,609438 0,000192
purchases 1,469676 0,000175
pure 0,150823 0,000018
purely 0,713350 0,000085
purged 1,771957 0,000211
purified 1,309333 0,000156
purple 0,616186 0,000073
purport 1,660731 0,000198
purpose 0,040822 0,000005
purposes 0,478036 0,000057
purse 0,616186 0,000073
pursed 2,120264 0,000253
pursue 0,510826 0,000061
pursued 0,328504 0,000039
pursuit 0,328504 0,000039
quadrangle 2,525729 0,000301
quadrangular 2,525729 0,000301
quailed 2,407946 0,000287
quailing 3,218876 0,000384
quaking 1,832581 0,000219
qualified 0,967584 0,000115
qualities 0,446287 0,000053
quality 0,274437 0,000033
quarrel 0,328504 0,000039
quarrelled 1,560648 0,000186
quarrelling 1,386294 0,000165
quarrels 1,108663 0,000132
quarrelsome 1,771957 0,000211
quarry 1,427116 0,000170
quarter 0,223144 0,000027
quarterings 3,218876 0,000384
quarters 0,248461 0,000030
quaver 2,813411 0,000335
quavering 2,407946 0,000287
queen 0,415515 0,000050
queened 3,912023 0,000466
queer 0,776529 0,000093
quell 2,040221 0,000243
quelled 1,966113 0,000234
quench 1,309333 0,000156
quenched 1,514128 0,000181
quenching 2,659260 0,000317
querulously 3,506558 0,000418
quest 0,776529 0,000093
questing 3,912023 0,000466
question 0,051293 0,000006
questioned 0,673345 0,000080
questioning 0,798508 0,000095
questions 0,127833 0,000015
quibble 2,659260 0,000317
quick 0,139262 0,000017
quicken 1,771957 0,000211
quickened 1,203973 0,000144
quickening 1,560648 0,000186
quiet 0,116534 0,000014
quieting 2,407946 0,000287
quietly 0,261365 0,000031
quit 0,616186 0,000073
quits 2,040221 0,000243
quitted 1,049822 0,000125
quitting 1,386294 0,000165
quiver 1,021651 0,000122
quivered 1,108663 0,000132
quivering 0,798508 0,000095
quote 1,272966 0,000152
quoth 1,966113 0,000234
rabble 1,771957 0,000211
race 0,198451 0,000024
raced 1,966113 0,000234
races 0,713350 0,000085
racing 1,427116 0,000170
rack 1,237874 0,000148
racked 1,714798 0,000204
radiance 1,139434 0,000136
rafael 3,506558 0,000418
rage 0,261365 0,000031
rages 1,897120 0,000226
ragged 0,776529 0,000093
raging 0,653926 0,000078
rags 0,916291 0,000109
raid 2,525729 0,000301
raided 2,995732 0,000357
raider 3,912023 0,000466
raiding 3,218876 0,000384
raids 2,207275 0,000263
rail 0,798508 0,000095
raiment 1,714798 0,000204
rain 0,223144 0,000027
rainbow 1,272966 0,000152
rains 0,967584 0,000115
raise 0,174353 0,000021
raised 0,061875 0,000007
raising 0,274437 0,000033
rallied 1,427116 0,000170
rally 1,609438 0,000192
ralph 2,525729 0,000301
ram 1,203973 0,000144
rambled 2,120264 0,000253
rancour 2,659260 0,000317
range 0,446287 0,000053
ranged 1,049822 0,000125
rank 0,287682 0,000034
rankled 2,525729 0,000301
rankling 2,995732 0,000357
ranks 0,616186 0,000073
ransom 1,386294 0,000165
ransoming 3,506558 0,000418
rapid 0,371064 0,000044
rapidly 0,371064 0,000044
rapier 2,995732 0,000357
rapped 1,514128 0,000181
rare 0,274437 0,000033
rarely 0,527633 0,000063
rascal 0,967584 0,000115
rascally 1,714798 0,000204
rascals 1,560648 0,000186
rash 0,891598 0,000106
rashly 1,560648 0,000186
rasped 3,218876 0,000384
rat 1,078810 0,000129
rate 0,274437 0,000033
rating 2,659260 0,000317
rations 2,120264 0,000253
ratline 3,912023 0,000466
ratlines 3,506558 0,000418
rats 1,272966 0,000152
raved 1,714798 0,000204
ravished 2,040221 0,000243
ravisher 3,506558 0,000418
ray 0,798508 0,000095
rays 0,776529 0,000093
reach 0,051293 0,000006
reached 0,127833 0,000015
reaching 0,083382 0,000010
reaction 1,272966 0,000152
reactions 2,995732 0,000357
read 0,020203 0,000002
readable 0,510826 0,000061
readiness 0,634878 0,000076
reading 0,061875 0,000007
readjusted 2,302585 0,000275
ready 0,030459 0,000004
real 0,040822 0,000005
realization 1,609438 0,000192
realize 1,021651 0,000122
realized 0,843970 0,000101
realizing 1,832581 0,000219
reaper 2,813411 0,000335
reappearance 1,832581 0,000219
reappeared 1,347074 0,000161
rear 0,527633 0,000063
reared 0,891598 0,000106
reason 0,010050 0,000001
reasonable 0,116534 0,000014
reasonableness 1,832581 0,000219
reasoned 0,994252 0,000119
reasoning 0,733969 0,000088
reasons 0,223144 0,000027
reassuring 1,560648 0,000186
rebel 1,078810 0,000129
rebellion 0,967584 0,000115
rebellious 1,049822 0,000125
rebuff 2,407946 0,000287
rebuild 2,040221 0,000243
rebuke 1,049822 0,000125
rebuked 1,609438 0,000192
rebuking 2,302585 0,000275
rebutted 3,912023 0,000466
recall 0,478036 0,000057
recalled 0,634878 0,000076
recalling 1,108663 0,000132
receding 1,386294 0,000165
receipt 0,314711 0,000038
receive 0,083382 0,000010
received 0,040822 0,000005
receiving 0,116534 0,000014
reception 0,693147 0,000083
recipient 2,302585 0,000275
recitals 3,218876 0,000384
recite 1,966113 0,000234
recited 1,771957 0,000211
reciting 2,207275 0,000263
reck 2,995732 0,000357
recking 3,912023 0,000466
reckless 1,049822 0,000125
recklessness 1,660731 0,000198
reckon 0,693147 0,000083
reckoning 0,843970 0,000101
recks 3,218876 0,000384
reclined 1,771957 0,000211
reclining 1,514128 0,000181
recognition 0,713350 0,000085
recognize 1,021651 0,000122
recognized 0,820981 0,000098
recognizing 1,427116 0,000170
recoiled 1,514128 0,000181
recoiling 2,659260 0,000317
recoils 2,995732 0,000357
recollection 0,616186 0,000073
recommendation 1,309333 0,000156
recompense 1,309333 0,000156
reconciliation 1,049822 0,000125
reconstruct 2,407946 0,000287
recorded 0,733969 0,000088
recourse 1,171183 0,000140
recover 0,356675 0,000043
recovered 0,385662 0,000046
recovering 0,755023 0,000090
recovery 0,616186 0,000073
recruit 1,897120 0,000226
recruits 1,897120 0,000226
red 0,072571 0,000009
reddening 1,832581 0,000219
redeem 1,021651 0,000122
redeemed 1,272966 0,000152
redistribute 0,544727 0,000065
redistributing 0,562119 0,000067
redistribution 0,562119 0,000067
redoubled 1,609438 0,000192
redoubtable 2,813411 0,000335
reduce 0,916291 0,000109
reduced 0,371064 0,000044
reducing 1,560648 0,000186
reed 1,427116 0,000170
reef 1,897120 0,000226
reefed 2,659260 0,000317
reefs 2,207275 0,000263
reek 2,407946 0,000287
reeking 1,897120 0,000226
reel 1,427116 0,000170
reeled 1,714798 0,000204
reeling 1,514128 0,000181
reenter 3,218876 0,000384
refected 3,912023 0,000466
refer 0,653926 0,000078
references 0,430783 0,000051
referring 0,967584 0,000115
reflect 0,653926 0,000078
reflected 0,371064 0,000044
reflecting 0,755023 0,000090
reflection 0,356675 0,000043
reflectively 1,897120 0,000226
refrained 1,469676 0,000175
refrains 2,659260 0,000317
refreshed 0,820981 0,000098
refuge 0,446287 0,000053
refugees 2,525729 0,000301
refund 0,562119 0,000067
refusal 0,843970 0,000101
refuse 0,371064 0,000044
refused 0,235722 0,000028
refuses 1,272966 0,000152
refusing 0,776529 0,000093
regal 1,897120 0,000226
regard 0,150823 0,000018
regarded 0,301105 0,000036
regiment 1,078810 0,000129
registered 0,430783 0,000051
regret 0,385662 0,000046
regretted 0,843970 0,000101
regretting 1,609438 0,000192
regular 0,287682 0,000034
regulating 0,415515 0,000050
rehabilitation 2,995732 0,000357
rein 1,386294 0,000165
reins 1,049822 0,000125
reinstatement 3,506558 0,000418
reis 3,912023 0,000466
reject 1,171183 0,000140
rejected 0,653926 0,000078
rejection 1,609438 0,000192
rejoice 0,843970 0,000101
rejoicing 0,967584 0,000115
rejoined 1,021651 0,000122
relate 0,562119 0,000067
relation 0,446287 0,000053
relations 0,287682 0,000034
relaxed 0,994252 0,000119
release 0,210721 0,000025
released 0,616186 0,000073
relentless 1,714798 0,000204
relentlessly 2,525729 0,000301
relentlessness 3,912023 0,000466
relief 0,198451 0,000024
relieved 0,478036 0,000057
relieving 1,386294 0,000165
religion 0,446287 0,000053
religions 1,347074 0,000161
religious 0,446287 0,000053
relinquish 1,237874 0,000148
relinquished 1,514128 0,000181
relinquishing 2,120264 0,000253
reluctance 1,049822 0,000125
reluctant 1,021651 0,000122
reluctantly 0,941609 0,000112
remain 0,040822 0,000005
remained 0,116534 0,000014
remaining 0,094311 0,000011
remains 0,150823 0,000018
remark 0,314711 0,000038
remarkable 0,235722 0,000028
remarked 0,415515 0,000050
remedies 0,415515 0,000050
remedy 0,693147 0,000083
remember 0,083382 0,000010
remembered 0,162519 0,000019
remembering 0,776529 0,000093
remind 0,755023 0,000090
reminded 0,527633 0,000063
reminder 1,897120 0,000226
reminding 1,049822 0,000125
reminiscences 1,832581 0,000219
reminiscent 2,995732 0,000357
remonstrance 1,347074 0,000161
remonstrances 1,771957 0,000211
remonstrate 2,040221 0,000243
remonstrated 1,832581 0,000219
remorse 0,755023 0,000090
remote 0,544727 0,000065
removal 1,203973 0,000144
remove 0,127833 0,000015
removed 0,061875 0,000007
removing 0,673345 0,000080
renamed 0,562119 0,000067
rend 1,514128 0,000181
render 0,371064 0,000044
rendered 0,527633 0,000063
renegade 2,525729 0,000301
renegades 2,995732 0,000357
renegado 3,506558 0,000418
renegadoes 3,506558 0,000418
renew 0,776529 0,000093
renewed 0,510826 0,000061
renounce 1,237874 0,000148
renown 1,309333 0,000156
rent 0,597837 0,000071
reopen 2,995732 0,000357
reopened 2,040221 0,000243
repaid 1,309333 0,000156
repair 0,693147 0,000083
repaired 0,941609 0,000112
repairing 1,347074 0,000161
reparation 1,832581 0,000219
repast 1,171183 0,000140
repay 0,891598 0,000106
repeat 0,328504 0,000039
repeated 0,127833 0,000015
repeating 0,527633 0,000063
repel 1,660731 0,000198
repelled 1,309333 0,000156
repellent 2,659260 0,000317
repentance 0,798508 0,000095
repented 1,347074 0,000161
repercussion 3,506558 0,000418
repine 1,966113 0,000234
repining 2,120264 0,000253
replace 0,342490 0,000041
replaced 0,820981 0,000098
replacement 0,562119 0,000067
replacing 1,514128 0,000181
replied 0,235722 0,000028
reply 0,174353 0,000021
replying 1,272966 0,000152
report 0,301105 0,000036
reported 0,162519 0,000019
reporting 1,714798 0,000204
reports 0,261365 0,000031
reposed 1,427116 0,000170
representations 0,356675 0,000043
representative 1,078810 0,000129
represented 0,462035 0,000055
represents 1,021651 0,000122
repress 1,237874 0,000148
repressed 1,427116 0,000170
reproach 0,371064 0,000044
reproached 1,203973 0,000144
reproachful 1,309333 0,000156
reproaching 1,966113 0,000234
reproof 1,347074 0,000161
reproved 1,771957 0,000211
reputation 0,385662 0,000046
repute 1,469676 0,000175
reputed 1,514128 0,000181
request 0,127833 0,000015
require 0,127833 0,000015
required 0,083382 0,000010
requirements 0,415515 0,000050
rescue 0,562119 0,000067
rescued 1,139434 0,000136
resent 1,427116 0,000170
resentful 1,966113 0,000234
resenting 2,040221 0,000243
resentment 0,820981 0,000098
resentments 2,407946 0,000287
reserve 0,478036 0,000057
reserves 1,714798 0,000204
reside 1,171183 0,000140
residence 0,713350 0,000085
resigned 0,967584 0,000115
resignedly 2,525729 0,000301
resist 0,430783 0,000051
resistance 0,430783 0,000051
resisted 0,776529 0,000093
resolute 0,916291 0,000109
resolutely 1,108663 0,000132
resolve 0,713350 0,000085
resolved 0,342490 0,000041
resolves 1,966113 0,000234
resounding 1,609438 0,000192
resources 0,733969 0,000088
respect 0,094311 0,000011
respected 0,673345 0,000080
respectfully 1,139434 0,000136
respite 1,427116 0,000170
resplendent 1,514128 0,000181
respond 1,386294 0,000165
responding 1,897120 0,000226
response 0,916291 0,000109
responsibility 0,776529 0,000093
responsible 0,693147 0,000083
responsive 1,609438 0,000192
rest 0,010050 0,000001
rested 0,314711 0,000038
resting 0,314711 0,000038
restoratives 2,995732 0,000357
restore 0,653926 0,000078
restored 0,385662 0,000046
restrain 0,673345 0,000080
restrained 0,776529 0,000093
restraining 1,427116 0,000170
restraint 0,733969 0,000088
restrictions 0,385662 0,000046
rests 0,673345 0,000080
result 0,174353 0,000021
resume 0,776529 0,000093
resumed 0,415515 0,000050
resumption 2,995732 0,000357
retailed 3,218876 0,000384
retain 0,597837 0,000071
retained 0,527633 0,000063
retaliate 1,966113 0,000234
reticence 2,040221 0,000243
retinue 1,714798 0,000204
retirement 1,108663 0,000132
retort 1,386294 0,000165
retorted 1,139434 0,000136
retrace 1,832581 0,000219
retreat 0,494296 0,000059
retribution 1,714798 0,000204
retro 3,506558 0,000418
return 0,040822 0,000005
returned 0,061875 0,000007
returning 0,127833 0,000015
returns 0,235722 0,000028
revealed 0,415515 0,000050
revealing 1,108663 0,000132
reveals 1,386294 0,000165
revelation 0,820981 0,000098
revelations 1,347074 0,000161
revelatory 3,912023 0,000466
revenge 0,544727 0,000065
revenue 0,371064 0,000044
reverence 0,634878 0,000076
reverently 1,514128 0,000181
reverted 1,609438 0,000192
reverting 2,302585 0,000275
reviewed 1,660731 0,000198
reviled 2,040221 0,000243
reviling 2,659260 0,000317
revive 0,941609 0,000112
revived 0,820981 0,000098
reviving 1,427116 0,000170
revolt 1,203973 0,000144
revolting 1,560648 0,000186
revulsion 1,660731 0,000198
reward 0,328504 0,000039
rewarded 0,713350 0,000085
rhythmically 2,813411 0,000335
ribald 2,525729 0,000301
ribs 1,021651 0,000122
rice 1,469676 0,000175
rich 0,139262 0,000017
richer 0,891598 0,000106
riches 0,798508 0,000095
richly 0,891598 0,000106
rid 0,223144 0,000027
ridden 1,309333 0,000156
riddle 1,203973 0,000144
riddled 2,407946 0,000287
ride 0,462035 0,000055
rides 1,560648 0,000186
ridicule 1,171183 0,000140
riding 0,562119 0,000067
rift 1,966113 0,000234
rigged 1,609438 0,000192
righteous 1,203973 0,000144
rightly 0,430783 0,000051
rigidity 1,966113 0,000234
rigidly 1,832581 0,000219
rim 1,469676 0,000175
rinsed 2,302585 0,000275
riot 1,309333 0,000156
rioted 3,506558 0,000418
ripe 0,820981 0,000098
ripening 1,832581 0,000219
riposte 3,506558 0,000418
ripped 1,386294 0,000165
rippled 1,966113 0,000234
rippling 1,560648 0,000186
rise 0,040822 0,000005
risen 0,342490 0,000041
rising 0,116534 0,000014
risk 0,371064 0,000044
risked 1,514128 0,000181
risking 2,040221 0,000243
risks 1,309333 0,000156
rival 0,597837 0,000071
rivalry 1,714798 0,000204
river 0,174353 0,000021
rivers 0,713350 0,000085
rivet 2,659260 0,000317
road 0,150823 0,000018
roads 0,597837 0,000071
roamed 1,771957 0,000211
roar 0,597837 0,000071
roared 0,673345 0,000080
roaring 0,713350 0,000085
roasted 1,272966 0,000152
rob 0,653926 0,000078
robbed 0,733969 0,000088
robber 0,891598 0,000106
robbery 1,078810 0,000129
robed 1,897120 0,000226
robes 0,916291 0,000109
robust 0,994252 0,000119
rock 0,385662 0,000046
rocked 1,714798 0,000204
rocking 1,347074 0,000161
rocks 0,446287 0,000053
rocky 1,049822 0,000125
rod 0,673345 0,000080
rode 0,616186 0,000073
rods 1,309333 0,000156
roger 2,040221 0,000243
rogue 1,272966 0,000152
rogues 1,660731 0,000198
rolled 0,356675 0,000043
rolling 0,415515 0,000050
roman 0,755023 0,000090
roof 0,223144 0,000027
root 0,385662 0,000046
roots 0,634878 0,000076
rope 0,616186 0,000073
ropes 1,021651 0,000122
rose 0,094311 0,000011
rosebush 3,506558 0,000418
roses 0,941609 0,000112
rosy 1,078810 0,000129
rot 1,203973 0,000144
rotten 0,941609 0,000112
rottenness 2,407946 0,000287
rough 0,186330 0,000022
roughly 0,544727 0,000065
roughness 1,514128 0,000181
rounded 1,021651 0,000122
rouse 0,798508 0,000095
roused 0,653926 0,000078
rousing 1,514128 0,000181
routed 1,560648 0,000186
rove 1,966113 0,000234
rover 2,525729 0,000301
rovers 2,302585 0,000275
roving 1,469676 0,000175
rovings 3,506558 0,000418
row 0,544727 0,000065
rowed 1,714798 0,000204
rower 3,912023 0,000466
rowers 2,302585 0,000275
rowing 1,609438 0,000192
rows 0,733969 0,000088
royal 0,400478 0,000048
royalties 0,527633 0,000063
royalty 0,385662 0,000046
rub 1,108663 0,000132
rubbed 0,544727 0,000065
rubbish 1,108663 0,000132
ruddily 3,506558 0,000418
ruddy 0,994252 0,000119
rude 0,342490 0,000041
rudeness 1,203973 0,000144
ruffianly 2,995732 0,000357
ruffians 1,832581 0,000219
ruffle 2,207275 0,000263
ruffled 1,272966 0,000152
ruffling 2,659260 0,000317
rugged 0,798508 0,000095
ruin 0,287682 0,000034
ruined 0,371064 0,000044
rule 0,198451 0,000024
ruled 0,967584 0,000115
rules 0,150823 0,000018
rumbling 1,609438 0,000192
rumour 1,272966 0,000152
runnels 3,912023 0,000466
ruse 1,832581 0,000219
rush 0,287682 0,000034
rustic 1,108663 0,000132
rustics 2,407946 0,000287
rustle 1,139434 0,000136
rustling 1,203973 0,000144
ruthless 1,832581 0,000219
ruthlessness 3,912023 0,000466
sable 1,560648 0,000186
sacerdotal 3,506558 0,000418
sack 0,891598 0,000106
sacrament 1,897120 0,000226
sacred 0,415515 0,000050
sacrifice 0,328504 0,000039
sacrificed 0,733969 0,000088
sacrifices 0,867501 0,000103
sad 0,223144 0,000027
saddened 1,771957 0,000211
saddle 0,916291 0,000109
sadly 0,510826 0,000061
safe 0,116534 0,000014
safely 0,371064 0,000044
safer 0,994252 0,000119
safety 0,356675 0,000043
sail 0,634878 0,000076
sailed 0,820981 0,000098
sailing 0,653926 0,000078
sailor 0,755023 0,000090
sailors 0,916291 0,000109
sails 0,798508 0,000095
saint 0,673345 0,000080
saintly 1,966113 0,000234
sake 0,094311 0,000011
salaam 3,506558 0,000418
salaamed 3,506558 0,000418
salaaming 3,912023 0,000466
salaams 3,912023 0,000466
sale 0,798508 0,000095
salient 2,302585 0,000275
sallied 1,714798 0,000204
sallow 1,560648 0,000186
sally 1,309333 0,000156
salt 0,116534 0,000014
salute 0,967584 0,000115
salvation 0,798508 0,000095
samphire 2,813411 0,000335
san 1,427116 0,000170
sanbenito 3,912023 0,000466
sanctified 1,560648 0,000186
sanction 1,309333 0,000156
sanctuary 1,347074 0,000161
sandalwood 3,506558 0,000418
sandy 1,049822 0,000125
sane 1,309333 0,000156
sang 0,415515 0,000050
sanity 1,832581 0,000219
sank 0,544727 0,000065
sapphire 1,966113 0,000234
sapphires 2,525729 0,000301
sardonic 2,525729 0,000301
sat 0,083382 0,000010
satan 1,237874 0,000148
satisfaction 0,186330 0,000022
satisfied 0,105361 0,000013
satisfies 2,040221 0,000243
satisfy 0,342490 0,000041
satisfying 1,171183 0,000140
sauntered 1,771957 0,000211
savagely 1,427116 0,000170
save 0,030459 0,000004
saved 0,274437 0,000033
saving 0,478036 0,000057
saviour 1,203973 0,000144
savour 1,771957 0,000211
savouring 2,995732 0,000357
savoury 1,832581 0,000219
sayest 2,813411 0,000335
scan 1,897120 0,000226
scandal 0,891598 0,000106
scanned 1,560648 0,000186
scanning 1,966113 0,000234
scant 1,609438 0,000192
scar 1,560648 0,000186
scarce 0,693147 0,000083
scarcely 0,301105 0,000036
scared 0,941609 0,000112
scarf 1,427116 0,000170
scarlet 0,798508 0,000095
scarred 2,040221 0,000243
scars 1,771957 0,000211
scarves 3,506558 0,000418
scattered 0,139262 0,000017
scavenging 3,912023 0,000466
scene 0,198451 0,000024
scenes 0,494296 0,000059
scented 1,203973 0,000144
scenting 2,407946 0,000287
sceptical 1,966113 0,000234
scholar 0,798508 0,000095
school 0,174353 0,000021
schooled 2,813411 0,000335
scimitar 2,525729 0,000301
scimitars 3,218876 0,000384
scoffed 2,207275 0,000263
sconces 2,813411 0,000335
scope 1,139434 0,000136
score 0,713350 0,000085
scorn 0,562119 0,000067
scorned 1,514128 0,000181
scornful 1,203973 0,000144
scornfully 1,347074 0,000161
scorpions 2,659260 0,000317
scour 2,040221 0,000243
scoured 1,897120 0,000226
scourge 1,427116 0,000170
scowl 1,897120 0,000226
scowled 1,609438 0,000192
scowling 1,609438 0,000192
scrap 1,386294 0,000165
scratch 0,916291 0,000109
scream 0,693147 0,000083
screamed 0,733969 0,000088
screeching 2,207275 0,000263
screen 1,021651 0,000122
screened 1,897120 0,000226
screening 2,525729 0,000301
scrimmage 3,218876 0,000384
scriptures 1,609438 0,000192
scrubbed 1,897120 0,000226
scrupulous 1,139434 0,000136
scrupulously 1,660731 0,000198
scrutinize 2,207275 0,000263
scrutinizing 2,040221 0,000243
scrutiny 1,272966 0,000152
scurrying 2,302585 0,000275
scurvy 2,407946 0,000287
scuttled 2,302585 0,000275
scuttling 2,995732 0,000357
scylla 2,813411 0,000335
sdeath 3,912023 0,000466
sea 0,116534 0,000014
seaboard 2,407946 0,000287
seagulls 3,506558 0,000418
seal 0,562119 0,000067
sealed 0,820981 0,000098
seaman 1,514128 0,000181
seamen 1,609438 0,000192
search 0,051293 0,000006
searching 0,415515 0,000050
searchingly 2,302585 0,000275
seas 0,916291 0,000109
season 0,287682 0,000034
seasoning 2,407946 0,000287
seat 0,105361 0,000013
seated 0,223144 0,000027
seaward 2,302585 0,000275
secluded 1,237874 0,000148
seclusion 1,237874 0,000148
secret 0,061875 0,000007
secretly 0,597837 0,000071
secrets 0,400478 0,000048
secular 1,966113 0,000234
secure 0,072571 0,000009
securely 0,916291 0,000109
security 0,544727 0,000065
sedges 2,813411 0,000335
seductive 1,771957 0,000211
seed 0,597837 0,000071
seek 0,198451 0,000024
seekers 1,966113 0,000234
seeking 0,274437 0,000033
seemly 2,302585 0,000275
seething 1,966113 0,000234
seize 0,446287 0,000053
seized 0,235722 0,000028
selfish 0,798508 0,000095
selfishness 0,843970 0,000101
sell 0,430783 0,000051
seller 2,040221 0,000243
send 0,030459 0,000004
sending 0,083382 0,000010
sends 0,544727 0,000065
senor 2,995732 0,000357
senora 3,506558 0,000418
sensations 0,843970 0,000101
sense 0,051293 0,000006
senseless 0,867501 0,000103
sensibly 1,139434 0,000136
sensuous 2,302585 0,000275
sentence 0,127833 0,000015
sentinel 1,660731 0,000198
separate 0,248461 0,000030
separating 1,203973 0,000144
september 0,673345 0,000080
serene 0,916291 0,000109
serenely 1,386294 0,000165
serpent 0,755023 0,000090
serried 2,813411 0,000335
servant 0,186330 0,000022
servants 0,162519 0,000019
serve 0,174353 0,000021
served 0,186330 0,000022
serves 0,776529 0,000093
service 0,072571 0,000009
serviceable 1,237874 0,000148
serving 0,634878 0,000076
servitude 1,272966 0,000152
set 0,010050 0,000001
sets 0,385662 0,000046
setting 0,186330 0,000022
settle 0,356675 0,000043
settled 0,127833 0,000015
settling 0,755023 0,000090
seventeen 0,693147 0,000083
severing 2,813411 0,000335
sex 0,562119 0,000067
shackled 2,995732 0,000357
shackles 2,813411 0,000335
shade 0,274437 0,000033
shaded 0,891598 0,000106
shadow 0,223144 0,000027
shadows 0,494296 0,000059
shadowy 1,108663 0,000132
shaft 0,916291 0,000109
shafts 1,309333 0,000156
shaggy 1,049822 0,000125
shaitan 3,912023 0,000466
shake 0,287682 0,000034
shaken 0,494296 0,000059
shaking 0,371064 0,000044
shallow 0,776529 0,000093
shalt 1,171183 0,000140
shame 0,223144 0,000027
shamed 2,302585 0,000275
shameful 0,916291 0,000109
shamefully 1,660731 0,000198
shamelessness 2,995732 0,000357
shames 3,218876 0,000384
shanked 3,912023 0,000466
shanks 2,659260 0,000317
shape 0,186330 0,000022
shaped 0,527633 0,000063
shapely 2,120264 0,000253
share 0,040822 0,000005
shared 0,139262 0,000017
sharing 0,248461 0,000030
sharp 0,162519 0,000019
sharper 1,469676 0,000175
sharply 0,510826 0,000061
shattered 0,867501 0,000103
shaved 1,427116 0,000170
shaven 1,514128 0,000181
sheath 1,347074 0,000161
sheathe 2,525729 0,000301
sheathed 2,120264 0,000253
sheep 0,371064 0,000044
sheepskin 2,525729 0,000301
sheepskins 2,995732 0,000357
sheer 0,843970 0,000101
sheet 0,446287 0,000053
sheik 3,218876 0,000384
shelf 0,891598 0,000106
shelter 0,342490 0,000041
sheltered 0,820981 0,000098
sheltering 1,514128 0,000181
shelves 1,171183 0,000140
sherbet 2,407946 0,000287
sherry 2,302585 0,000275
shield 0,733969 0,000088
shift 0,843970 0,000101
shifted 1,139434 0,000136
shifting 0,891598 0,000106
shifts 1,714798 0,000204
shilha 3,912023 0,000466
shimmering 1,966113 0,000234
shine 0,616186 0,000073
ship 0,314711 0,000038
ships 0,653926 0,000078
shirt 0,653926 0,000078
shivered 0,941609 0,000112
shock 0,446287 0,000053
shocked 0,776529 0,000093
shocking 1,139434 0,000136
shod 1,203973 0,000144
shoe 0,776529 0,000093
shoes 0,430783 0,000051
shone 0,494296 0,000059
shook 0,235722 0,000028
shoot 0,494296 0,000059
shooting 0,634878 0,000076
shootings 3,912023 0,000466
shoots 1,347074 0,000161
shore 0,342490 0,000041
shores 0,820981 0,000098
short 0,020203 0,000002
shortcomings 2,040221 0,000243
shorten 1,714798 0,000204
shorter 0,579818 0,000069
shortly 0,462035 0,000055
shot 0,223144 0,000027
shots 1,469676 0,000175
shoulder 0,210721 0,000025
shoulders 0,174353 0,000021
shouldst 2,120264 0,000253
shout 0,634878 0,000076
shouted 0,478036 0,000057
shouting 0,446287 0,000053
shouts 0,843970 0,000101
shower 0,755023 0,000090
showered 1,714798 0,000204
shrank 1,108663 0,000132
shreds 1,347074 0,000161
shrew 2,995732 0,000357
shrewd 1,021651 0,000122
shrewdly 1,714798 0,000204
shrewish 3,506558 0,000418
shriek 1,078810 0,000129
shrill 0,820981 0,000098
shrilled 3,912023 0,000466
shrinking 1,171183 0,000140
shroud 1,469676 0,000175
shrouded 1,386294 0,000165
shrouds 1,966113 0,000234
shrug 1,609438 0,000192
shrugged 1,203973 0,000144
shrugging 1,897120 0,000226
shrunken 2,207275 0,000263
shuddered 0,867501 0,000103
shuddering 1,171183 0,000140
shuffled 1,609438 0,000192
shuffling 1,347074 0,000161
shut 0,072571 0,000009
shutters 1,108663 0,000132
shuttle 2,207275 0,000263
sicilian 1,897120 0,000226
sicily 1,714798 0,000204
sick 0,150823 0,000018
sickle 2,040221 0,000243
sidelong 1,771957 0,000211
sidled 2,207275 0,000263
sigh 0,342490 0,000041
sighed 0,673345 0,000080
sighing 1,021651 0,000122
sight 0,051293 0,000006
sighted 0,733969 0,000088
sign 0,139262 0,000017
signal 0,544727 0,000065
signalled 2,302585 0,000275
signature 1,386294 0,000165
signed 0,843970 0,000101
significance 1,021651 0,000122
signifies 1,272966 0,000152
signify 0,994252 0,000119
signs 0,186330 0,000022
silence 0,105361 0,000013
silenced 1,049822 0,000125
silent 0,051293 0,000006
silently 0,544727 0,000065
silhouetted 2,813411 0,000335
silk 0,478036 0,000057
silken 1,309333 0,000156
silks 1,609438 0,000192
sill 1,469676 0,000175
silver 0,210721 0,000025
silvery 1,203973 0,000144
simper 2,995732 0,000357
simple 0,094311 0,000011
simpleton 1,832581 0,000219
simplicity 0,527633 0,000063
simply 0,150823 0,000018
simulated 2,525729 0,000301
sin 0,430783 0,000051
sincerity 0,653926 0,000078
sinew 2,525729 0,000301
sinews 1,609438 0,000192
sinewy 2,120264 0,000253
sinful 1,309333 0,000156
sing 0,415515 0,000050
singing 0,371064 0,000044
single 0,083382 0,000010
singled 2,407946 0,000287
singular 0,430783 0,000051
singularly 0,843970 0,000101
sinister 1,108663 0,000132
sink 0,462035 0,000055
sinking 0,494296 0,000059
sinned 1,347074 0,000161
sinner 0,994252 0,000119
sins 0,798508 0,000095
sinuous 2,525729 0,000301
sir 0,150823 0,000018
sire 1,832581 0,000219
siren 2,207275 0,000263
sirrah 3,506558 0,000418
sirs 2,207275 0,000263
sister 0,356675 0,000043
sit 0,061875 0,000007
sitting 0,105361 0,000013
situated 0,733969 0,000088
situation 0,198451 0,000024
sixteen 0,653926 0,000078
size 0,248461 0,000030
sizzling 3,506558 0,000418
skies 0,967584 0,000115
skilfully 1,660731 0,000198
skill 0,301105 0,000036
skilled 1,272966 0,000152
skimmed 2,040221 0,000243
skimming 2,120264 0,000253
skin 0,210721 0,000025
skinful 3,912023 0,000466
skinned 1,609438 0,000192
skipper 1,966113 0,000234
skull 0,891598 0,000106
sky 0,210721 0,000025
slack 1,309333 0,000156
slackened 1,203973 0,000144
slain 0,941609 0,000112
slammed 1,427116 0,000170
slanting 1,427116 0,000170
slapped 1,272966 0,000152
slashed 1,832581 0,000219
slave 0,494296 0,000059
slavery 0,798508 0,000095
slaves 0,634878 0,000076
slavish 1,771957 0,000211
slay 1,171183 0,000140
slayer 1,966113 0,000234
slaying 1,714798 0,000204
sleek 1,427116 0,000170
sleep 0,072571 0,000009
sleeper 1,272966 0,000152
sleeping 0,235722 0,000028
sleepless 1,049822 0,000125
sleeplessness 1,897120 0,000226
sleeve 0,891598 0,000106
sleeves 0,843970 0,000101
slender 0,693147 0,000083
slept 0,223144 0,000027
slew 1,386294 0,000165
slide 1,309333 0,000156
slight 0,150823 0,000018
slightest 0,415515 0,000050
slim 1,139434 0,000136
slinking 1,966113 0,000234
slipped 0,494296 0,000059
slipper 2,040221 0,000243
slippered 2,525729 0,000301
slippers 1,021651 0,000122
slippery 1,139434 0,000136
slipping 0,967584 0,000115
slit 1,469676 0,000175
slope 0,867501 0,000103
slopes 1,309333 0,000156
slow 0,139262 0,000017
slowly 0,150823 0,000018
sluggish 1,514128 0,000181
sluggishly 2,525729 0,000301
slumber 0,673345 0,000080
slumbering 1,386294 0,000165
slung 1,386294 0,000165
sly 0,713350 0,000085
slyly 1,832581 0,000219
smashed 1,309333 0,000156
smear 2,302585 0,000275
smeared 1,560648 0,000186
smell 0,371064 0,000044
smelt 1,139434 0,000136
smile 0,274437 0,000033
smiled 0,356675 0,000043
smiles 0,693147 0,000083
smiling 0,301105 0,000036
smirch 3,218876 0,000384
smite 1,609438 0,000192
smith 0,891598 0,000106
smitten 1,171183 0,000140
smoke 0,314711 0,000038
smoking 0,462035 0,000055
smooth 0,274437 0,000033
smoothed 1,021651 0,000122
smoother 2,302585 0,000275
smoothly 1,021651 0,000122
smote 1,021651 0,000122
smother 1,714798 0,000204
smouldered 2,659260 0,000317
smouldering 1,771957 0,000211
smuggle 2,995732 0,000357
snakes 1,347074 0,000161
snap 1,078810 0,000129
snapped 0,891598 0,000106
snarl 2,207275 0,000263
snarled 2,040221 0,000243
snarling 1,714798 0,000204
snatch 1,049822 0,000125
snatched 0,733969 0,000088
sneer 1,203973 0,000144
sneered 1,609438 0,000192
sneering 1,609438 0,000192
sniffs 2,813411 0,000335
snoring 1,609438 0,000192
snort 1,771957 0,000211
snow 0,527633 0,000063
snows 1,660731 0,000198
snowy 1,272966 0,000152
snug 1,171183 0,000140
soared 1,897120 0,000226
soarings 3,506558 0,000418
sob 1,049822 0,000125
sobbed 1,078810 0,000129
sober 0,597837 0,000071
soberly 1,469676 0,000175
sobs 1,078810 0,000129
sodden 1,714798 0,000204
soft 0,210721 0,000025
soften 0,941609 0,000112
softened 0,653926 0,000078
softer 1,171183 0,000140
softest 1,771957 0,000211
softly 0,400478 0,000048
softness 0,891598 0,000106
soho 2,525729 0,000301
soil 0,494296 0,000059
sojourn 1,386294 0,000165
sold 0,385662 0,000046
soldier 0,562119 0,000067
soldiers 0,653926 0,000078
sole 0,342490 0,000041
solemn 0,301105 0,000036
solemnity 0,891598 0,000106
solemnly 0,579818 0,000069
solicit 0,430783 0,000051
solicitation 0,510826 0,000061
soliciting 2,407946 0,000287
solitary 0,462035 0,000055
solved 0,867501 0,000103
sombre 1,171183 0,000140
sombrely 3,912023 0,000466
son 0,105361 0,000013
song 0,371064 0,000044
sons 0,356675 0,000043
soothe 1,203973 0,000144
soothing 0,798508 0,000095
sophistry 2,525729 0,000301
sordid 1,139434 0,000136
sorely 1,049822 0,000125
sores 1,966113 0,000234
sorrow 0,287682 0,000034
sorrowfully 1,714798 0,000204
sorrowing 1,560648 0,000186
sort 0,105361 0,000013
sough 2,813411 0,000335
sought 0,150823 0,000018
soul 0,105361 0,000013
soulless 2,659260 0,000317
souls 0,342490 0,000041
sound 0,020203 0,000002
sounded 0,371064 0,000044
sounder 2,659260 0,000317
sounding 0,634878 0,000076
soundly 1,021651 0,000122
sounds 0,223144 0,000027
sour 1,049822 0,000125
source 0,328504 0,000039
sources 0,843970 0,000101
soured 2,302585 0,000275
sourly 2,407946 0,000287
south 0,235722 0,000028
southern 0,579818 0,000069
southward 1,609438 0,000192
sovereign 0,776529 0,000093
sowed 2,120264 0,000253
sown 1,078810 0,000129
space 0,116534 0,000014
spaces 1,347074 0,000161
spacious 0,916291 0,000109
spain 0,994252 0,000119
span 1,386294 0,000165
spaniard 1,832581 0,000219
spaniards 1,514128 0,000181
spanish 0,733969 0,000088
spare 0,210721 0,000025
spared 0,544727 0,000065
sparing 1,272966 0,000152
sparingly 2,120264 0,000253
spark 0,776529 0,000093
sparkled 1,237874 0,000148
spars 2,207275 0,000263
spat 1,469676 0,000175
spattered 2,207275 0,000263
speak 0,051293 0,000006
speaking 0,072571 0,000009
speaks 0,371064 0,000044
spear 1,139434 0,000136
spearlike 3,912023 0,000466
spears 1,560648 0,000186
special 0,083382 0,000010
specially 0,820981 0,000098
specie 2,659260 0,000317
specious 1,966113 0,000234
speck 1,108663 0,000132
spectacle 0,544727 0,000065
spectator 0,820981 0,000098
spectators 0,820981 0,000098
sped 1,272966 0,000152
speech 0,198451 0,000024
speechless 0,916291 0,000109
speed 0,328504 0,000039
speedily 0,713350 0,000085
speeding 1,660731 0,000198
speedy 0,941609 0,000112
spell 0,820981 0,000098
spelling 1,237874 0,000148
spells 1,427116 0,000170
spend 0,328504 0,000039
spending 0,597837 0,000071
spent 0,105361 0,000013
spices 1,514128 0,000181
spike 2,120264 0,000253
spirit 0,051293 0,000006
spiritless 1,832581 0,000219
spit 1,203973 0,000144
spite 0,139262 0,000017
splash 1,309333 0,000156
splashed 1,347074 0,000161
splendid 0,400478 0,000048
splendour 1,237874 0,000148
splintering 2,813411 0,000335
split 0,798508 0,000095
splitting 1,514128 0,000181
spoil 0,673345 0,000080
spoils 0,994252 0,000119
spoke 0,116534 0,000014
spoken 0,150823 0,000018
sponsor 2,995732 0,000357
sport 0,597837 0,000071
spot 0,162519 0,000019
spotless 1,560648 0,000186
spots 0,562119 0,000067
spotted 0,994252 0,000119
sprang 0,400478 0,000048
sprawled 2,120264 0,000253
sprawling 1,347074 0,000161
spread 0,061875 0,000007
spreading 0,446287 0,000053
spring 0,083382 0,000010
springing 0,733969 0,000088
springs 0,634878 0,000076
sprinkle 1,966113 0,000234
sprung 0,544727 0,000065
spun 0,941609 0,000112
spur 1,139434 0,000136
spurned 2,120264 0,000253
spurred 1,714798 0,000204
spurs 1,386294 0,000165
spy 0,916291 0,000109
spying 1,714798 0,000204
square 0,235722 0,000028
squarely 1,966113 0,000234
squat 1,386294 0,000165
squatted 1,660731 0,000198
squatting 2,207275 0,000263
squealed 2,659260 0,000317
squelched 3,506558 0,000418
squirmed 2,995732 0,000357
stab 1,714798 0,000204
stabbed 1,386294 0,000165
stabled 3,912023 0,000466
stables 1,078810 0,000129
stacked 2,207275 0,000263
staff 0,274437 0,000033
staggered 0,733969 0,000088
staggering 1,237874 0,000148
stain 0,994252 0,000119
stained 0,653926 0,000078
stains 1,347074 0,000161
stair 1,171183 0,000140
staircase 0,867501 0,000103
stairs 0,430783 0,000051
stake 0,693147 0,000083
staked 2,040221 0,000243
stakes 1,203973 0,000144
stale 1,309333 0,000156
stalked 1,560648 0,000186
stalking 2,302585 0,000275
stalwart 1,714798 0,000204
stamped 0,693147 0,000083
stanch 2,659260 0,000317
stand 0,000000 0,000000
standard 0,562119 0,000067
standing 0,030459 0,000004
stands 0,261365 0,000031
staple 2,040221 0,000243
star 0,544727 0,000065
starboard 2,040221 0,000243
stare 0,713350 0,000085
stared 0,597837 0,000071
staring 0,634878 0,000076
stark 1,386294 0,000165
starred 2,302585 0,000275
stars 0,342490 0,000041
start -0,009950 -0,000001
started 0,150823 0,000018
startled 0,415515 0,000050
startling 0,967584 0,000115
startlingly 2,407946 0,000287
stately 0,733969 0,000088
statement 0,544727 0,000065
statements 0,430783 0,000051
station 0,356675 0,000043
stationed 1,237874 0,000148
statues 1,203973 0,000144
statuesque 2,525729 0,000301
status 0,446287 0,000053
staunch 1,966113 0,000234
staves 1,966113 0,000234
stay 0,083382 0,000010
stayed 0,415515 0,000050
stead 1,139434 0,000136
steadfast 1,309333 0,000156
steadily 0,415515 0,000050
steady 0,356675 0,000043
stealthy 1,514128 0,000181
steaming 1,203973 0,000144
steel 0,510826 0,000061
steely 2,659260 0,000317
steer 1,237874 0,000148
steering 1,386294 0,000165
steersmen 3,506558 0,000418
stemming 2,995732 0,000357
stench 1,660731 0,000198
step 0,083382 0,000010
stepped 0,510826 0,000061
stepping 0,755023 0,000090
steps 0,094311 0,000011
stern 0,478036 0,000057
sternly 0,820981 0,000098
sternness 1,714798 0,000204
stertorous 3,506558 0,000418
stew 1,897120 0,000226
stiff 0,430783 0,000051
stiffen 2,525729 0,000301
stiffened 1,386294 0,000165
stiffly 1,469676 0,000175
stifle 1,427116 0,000170
stifled 1,272966 0,000152
stillness 0,891598 0,000106
stimulated 1,427116 0,000170
stingers 3,218876 0,000384
stir 0,400478 0,000048
stirred 0,446287 0,000053
stirring 0,510826 0,000061
stirrup 2,207275 0,000263
stirrups 2,120264 0,000253
stitch 1,897120 0,000226
stock 0,328504 0,000039
stoicism 2,525729 0,000301
stolid 1,660731 0,000198
stomach 0,693147 0,000083
stomachs 1,660731 0,000198
stone 0,116534 0,000014
stoned 2,207275 0,000263
stones 0,301105 0,000036
stony 0,994252 0,000119
stood 0,030459 0,000004
stool 0,733969 0,000088
stooped 0,776529 0,000093
stooping 0,867501 0,000103
stopper 2,813411 0,000335
store 0,385662 0,000046
stored 0,342490 0,000041
stores 0,820981 0,000098
storied 2,207275 0,000263
stories 0,328504 0,000039
stork 2,302585 0,000275
storm 0,342490 0,000041
stormed 1,771957 0,000211
stormy 0,776529 0,000093
story 0,051293 0,000006
stout 0,579818 0,000069
stouter 2,120264 0,000253
stoutest 1,966113 0,000234
stoutly 1,237874 0,000148
straggled 2,813411 0,000335
straggling 1,139434 0,000136
straight 0,105361 0,000013
straightening 1,832581 0,000219
straightly 3,912023 0,000466
straightway 1,347074 0,000161
strain 0,385662 0,000046
strained 0,776529 0,000093
straining 0,867501 0,000103
straits 1,427116 0,000170
strand 1,237874 0,000148
strands 2,040221 0,000243
strange 0,061875 0,000007
strangely 0,579818 0,000069
strangle 1,771957 0,000211
strangled 1,171183 0,000140
stray 0,891598 0,000106
strayed 1,078810 0,000129
streak 1,203973 0,000144
streaks 1,609438 0,000192
stream 0,210721 0,000025
streamed 1,347074 0,000161
streams 0,843970 0,000101
streets 0,274437 0,000033
strength 0,030459 0,000004
strengthen 0,916291 0,000109
stress 0,891598 0,000106
stretch 0,446287 0,000053
stretched 0,274437 0,000033
stretcher 2,525729 0,000301
stretches 1,309333 0,000156
strewn 1,139434 0,000136
stricken 0,653926 0,000078
strict 0,210721 0,000025
strictly 0,579818 0,000069
stricture 3,506558 0,000418
stride 1,237874 0,000148
strife 1,021651 0,000122
strike 0,210721 0,000025
strikes 0,544727 0,000065
striking 0,274437 0,000033
strip 0,597837 0,000071
stripe 2,407946 0,000287
stripling 2,302585 0,000275
strips 1,309333 0,000156
strive 0,820981 0,000098
striving 0,755023 0,000090
strode 1,139434 0,000136
stroke 0,356675 0,000043
stroked 1,660731 0,000198
strokes 0,916291 0,000109
stroking 1,660731 0,000198
strong 0,030459 0,000004
stronger 0,287682 0,000034
struck 0,083382 0,000010
structures 1,832581 0,000219
struggle 0,287682 0,000034
struggled 0,415515 0,000050
struggles 0,891598 0,000106
struggling 0,462035 0,000055
strumpet 2,659260 0,000317
stuart 2,040221 0,000243
stubble 1,609438 0,000192
stubbled 3,912023 0,000466
stubborn 0,843970 0,000101
studded 1,427116 0,000170
student 0,673345 0,000080
studied 0,446287 0,000053
studiously 1,966113 0,000234
study 0,162519 0,000019
stuff 0,385662 0,000046
stumble 1,139434 0,000136
stumbled 0,891598 0,000106
stun 2,407946 0,000287
stung 1,139434 0,000136
stunned 1,078810 0,000129
stunted 1,966113 0,000234
stupidity 0,916291 0,000109
stupidly 1,660731 0,000198
stupor 1,560648 0,000186
sturdy 1,171183 0,000140
suasion 3,912023 0,000466
subconscious 3,218876 0,000384
subconsciously 3,912023 0,000466
subconsciousness 3,912023 0,000466
subdued 0,494296 0,000059
subject 0,072571 0,000009
subjected 0,820981 0,000098
subjects 0,356675 0,000043
sublime 0,994252 0,000119
submission 0,776529 0,000093
submissive 1,427116 0,000170
submit 0,579818 0,000069
submitted 0,755023 0,000090
submitting 1,469676 0,000175
suborned 2,995732 0,000357
subscribe 0,494296 0,000059
subsequent 0,867501 0,000103
substance 0,415515 0,000050
substantiated 2,813411 0,000335
subterfuge 2,302585 0,000275
subtle 0,733969 0,000088
subtlety 1,469676 0,000175
subtract 2,659260 0,000317
succeed 0,328504 0,000039
succeeded 0,186330 0,000022
succeeding 0,755023 0,000090
success 0,162519 0,000019
successful 0,478036 0,000057
succession 0,510826 0,000061
successor 1,078810 0,000129
succumbed 1,714798 0,000204
sucked 1,171183 0,000140
sucks 2,525729 0,000301
sudden 0,072571 0,000009
suddenly 0,040822 0,000005
suddenness 1,469676 0,000175
sue 1,714798 0,000204
suffer 0,127833 0,000015
suffered 0,210721 0,000025
suffering 0,248461 0,000030
sufferings 0,616186 0,000073
suffice 0,673345 0,000080
sufficed 1,272966 0,000152
suffices 1,897120 0,000226
sufficient 0,139262 0,000017
suffocating 1,966113 0,000234
suffuse 3,218876 0,000384
suffused 1,714798 0,000204
suggestion 0,510826 0,000061
suggestions 0,891598 0,000106
suggestive 1,237874 0,000148
suing 2,813411 0,000335
suit 0,261365 0,000031
suitable 0,462035 0,000055
suited 0,597837 0,000071
suitor 1,514128 0,000181
suits 0,776529 0,000093
suk 3,912023 0,000466
sulking 2,659260 0,000317
sulky 1,514128 0,000181
sullen 0,798508 0,000095
sullenly 1,427116 0,000170
sullenness 2,302585 0,000275
sultan 2,040221 0,000243
sultans 3,218876 0,000384
sum 0,356675 0,000043
summarized 3,506558 0,000418
summary 1,469676 0,000175
summed 1,771957 0,000211
summer 0,186330 0,000022
summit 0,798508 0,000095
summon 0,967584 0,000115
summoned 0,733969 0,000088
summoning 1,609438 0,000192
summons 0,867501 0,000103
sun 0,072571 0,000009
sunburned 2,659260 0,000317
sunk 0,371064 0,000044
sunken 1,309333 0,000156
sunlight 0,843970 0,000101
sunlit 2,407946 0,000287
sunnier 3,506558 0,000418
sunning 2,995732 0,000357
sunny 0,867501 0,000103
sunrise 0,891598 0,000106
sunset 0,843970 0,000101
sunshine 0,616186 0,000073
supercilious 2,120264 0,000253
superficial 1,108663 0,000132
superfluous 0,867501 0,000103
superhuman 1,714798 0,000204
superintending 2,302585 0,000275
superior 0,274437 0,000033
superseded 1,897120 0,000226
superseding 3,912023 0,000466
supervision 1,771957 0,000211
supine 2,207275 0,000263
supper 0,446287 0,000053
supping 3,912023 0,000466
supple 1,171183 0,000140
supplemented 2,207275 0,000263
supplest 3,506558 0,000418
suppliant 1,897120 0,000226
supplied 0,478036 0,000057
supply 0,371064 0,000044
support 0,127833 0,000015
supported 0,415515 0,000050
supporting 0,653926 0,000078
suppose 0,072571 0,000009
supposed 0,174353 0,000021
supposing 0,478036 0,000057
supposition 0,820981 0,000098
suppressed 0,673345 0,000080
suppressing 1,427116 0,000170
supreme 0,616186 0,000073
supremely 1,609438 0,000192
surcharged 2,659260 0,000317
surely 0,186330 0,000022
surety 2,207275 0,000263
surface 0,301105 0,000036
surfeit 2,813411 0,000335
surge 1,832581 0,000219
surged 2,302585 0,000275
surgeon 1,108663 0,000132
surmise 1,609438 0,000192
surmounted 1,237874 0,000148
surpassing 1,660731 0,000198
surprise 0,174353 0,000021
surprised 0,210721 0,000025
surprising 0,544727 0,000065
surprisingly 1,966113 0,000234
surrender 0,891598 0,000106
surrendered 1,427116 0,000170
surround 1,139434 0,000136
surrounded 0,223144 0,000027
surrounding 0,693147 0,000083
surveyed 1,139434 0,000136
survive 0,274437 0,000033
survived 1,021651 0,000122
surviving 1,427116 0,000170
survivor 2,525729 0,000301
sus 3,218876 0,000384
suspect 0,342490 0,000041
suspected 0,328504 0,000039
suspecting 1,171183 0,000140
suspects 1,771957 0,000211
suspense 0,776529 0,000093
suspicion 0,287682 0,000034
suspicions 0,616186 0,000073
suspicious 0,579818 0,000069
suspiciously 1,832581 0,000219
sustain 0,916291 0,000109
sustained 0,579818 0,000069
swaddling 1,966113 0,000234
swain 2,302585 0,000275
swains 2,813411 0,000335
swallow 0,616186 0,000073
swallowed 0,462035 0,000055
swam 1,108663 0,000132
swamp 0,342490 0,000041
swarmed 1,514128 0,000181
swarming 1,171183 0,000140
swarms 1,897120 0,000226
swarthier 3,912023 0,000466
swarthiness 3,912023 0,000466
swarthy 1,660731 0,000198
swathed 1,897120 0,000226
sway 1,078810 0,000129
swayed 1,108663 0,000132
swaying 1,021651 0,000122
swear 0,494296 0,000059
sweat 0,634878 0,000076
sweated 1,966113 0,000234
sweating 1,966113 0,000234
sweeping 0,820981 0,000098
sweet 0,174353 0,000021
sweetheart 1,897120 0,000226
sweetly 1,049822 0,000125
sweets 1,386294 0,000165
swelled 0,776529 0,000093
swelling 0,693147 0,000083
swept 0,385662 0,000046
swift 0,415515 0,000050
swifter 1,966113 0,000234
swiftly 0,713350 0,000085
swim 0,755023 0,000090
swimmer 1,897120 0,000226
swimming 0,820981 0,000098
swine 1,347074 0,000161
swing 0,693147 0,000083
swinging 0,798508 0,000095
swirl 2,407946 0,000287
swish 1,897120 0,000226
swollen 0,867501 0,000103
swoon 1,469676 0,000175
swooned 1,832581 0,000219
swooning 2,407946 0,000287
swoop 2,302585 0,000275
sword 0,462035 0,000055
swords 0,994252 0,000119
swordsmen 2,995732 0,000357
swore 0,634878 0,000076
sworn 0,673345 0,000080
swounds 3,912023 0,000466
swung 0,733969 0,000088
sycophant 2,995732 0,000357
syllable 0,994252 0,000119
sylvan 2,207275 0,000263
symbolic 2,120264 0,000253
sympathy 0,328504 0,000039
synonymous 0,446287 0,000053
systematically 2,120264 0,000253
table 0,094311 0,000011
tables 0,415515 0,000050
tacit 1,560648 0,000186
tack 1,560648 0,000186
tackling 2,659260 0,000317
tactical 3,506558 0,000418
tagus 3,912023 0,000466
tail 0,462035 0,000055
tailoring 2,995732 0,000357
tails 0,713350 0,000085
taint 1,514128 0,000181
tale 0,287682 0,000034
talents 0,798508 0,000095
tales 0,579818 0,000069
talk 0,083382 0,000010
talked 0,261365 0,000031
talking 0,150823 0,000018
talks 0,733969 0,000088
tall 0,223144 0,000027
taller 0,941609 0,000112
tallowy 3,506558 0,000418
talons 1,660731 0,000198
taming 2,040221 0,000243
tan 1,609438 0,000192
tangled 1,108663 0,000132
tanned 1,897120 0,000226
tap 1,108663 0,000132
taper 1,897120 0,000226
tapestries 2,120264 0,000253
tapia 3,912023 0,000466
tapping 1,347074 0,000161
tar 1,609438 0,000192
tardily 2,995732 0,000357
tardy 1,660731 0,000198
tarried 2,120264 0,000253
tarry 1,714798 0,000204
tartly 2,813411 0,000335
task 0,261365 0,000031
tasks 1,386294 0,000165
taste 0,174353 0,000021
tasted 0,544727 0,000065
tastes 0,634878 0,000076
tasting 1,203973 0,000144
taught 0,248461 0,000030
taunt 2,302585 0,000275
taunted 2,407946 0,000287
taunting 2,525729 0,000301
taunts 2,525729 0,000301
taut 2,207275 0,000263
tavern 1,171183 0,000140
tawny 1,832581 0,000219
tax 0,328504 0,000039
taxed 1,560648 0,000186
taxes 0,385662 0,000046
te 1,609438 0,000192
teach 0,248461 0,000030
teaching 0,462035 0,000055
tear 0,371064 0,000044
tears 0,150823 0,000018
tedious 0,755023 0,000090
teeth 0,198451 0,000024
telling 1,560648 0,000186
temerity 1,966113 0,000234
temper 0,274437 0,000033
temperament 0,994252 0,000119
tempered 0,653926 0,000078
tempest 0,843970 0,000101
temples 0,616186 0,000073
temporarily 1,560648 0,000186
temptation 0,527633 0,000063
temptingly 3,218876 0,000384
tenanted 2,659260 0,000317
tenants 1,469676 0,000175
tend 0,733969 0,000088
tended 0,916291 0,000109
tender 0,314711 0,000038
tenderness 0,616186 0,000073
tenets 2,040221 0,000243
tenor 1,171183 0,000140
tense 1,609438 0,000192
tensely 2,813411 0,000335
tentatively 2,525729 0,000301
tents 1,171183 0,000140
tenuous 2,995732 0,000357
tepid 2,525729 0,000301
term 0,371064 0,000044
terms 0,061875 0,000007
terrace 1,347074 0,000161
terraces 2,207275 0,000263
terrible 0,186330 0,000022
terribly 0,733969 0,000088
terrific 1,108663 0,000132
terrified 0,693147 0,000083
terror 0,198451 0,000024
terrors 0,843970 0,000101
testified 1,386294 0,000165
testify 1,347074 0,000161
testily 2,120264 0,000253
testimony 0,579818 0,000069
thankful 0,843970 0,000101
thankless 2,407946 0,000287
thanksgiving 1,609438 0,000192
thee 0,597837 0,000071
thenceforward 2,302585 0,000275
thereunto 2,813411 0,000335
thews 2,659260 0,000317
thickened 1,897120 0,000226
thickly 1,108663 0,000132
thieving 2,207275 0,000263
thimble 2,040221 0,000243
thine 1,139434 0,000136
thinking 0,274437 0,000033
thinly 2,120264 0,000253
thirst 0,527633 0,000063
thirsted 1,897120 0,000226
thirsty 0,843970 0,000101
thither 0,579818 0,000069
thoughtful 0,693147 0,000083
thoughtfully 0,994252 0,000119
thoughtlessness 1,832581 0,000219
thraldom 3,218876 0,000384
thread 0,430783 0,000051
threaded 1,660731 0,000198
threads 1,139434 0,000136
threat 1,021651 0,000122
threaten 0,916291 0,000109
threatened 0,415515 0,000050
threatening 0,544727 0,000065
threateningly 2,302585 0,000275
threats 0,994252 0,000119
threshold 0,562119 0,000067
threw 0,116534 0,000014
thrice 0,755023 0,000090
thrill 0,867501 0,000103
throat 0,261365 0,000031
throats 0,891598 0,000106
throbbed 1,609438 0,000192
throbbing 1,347074 0,000161
throne 0,798508 0,000095
throng 1,078810 0,000129
thronged 1,771957 0,000211
throw 0,083382 0,000010
throwing 0,287682 0,000034
thrown 0,116534 0,000014
thrummed 3,506558 0,000418
thrust 0,328504 0,000039
thrusting 1,171183 0,000140
thud 1,771957 0,000211
thudded 3,506558 0,000418
thudding 2,659260 0,000317
thuds 2,813411 0,000335
thumb 0,967584 0,000115
thumbscrew 3,912023 0,000466
thunder 0,462035 0,000055
thunderbolt 1,609438 0,000192
thundered 1,469676 0,000175
thundering 1,237874 0,000148
thwart 1,609438 0,000192
thwarted 1,714798 0,000204
thwarting 2,659260 0,000317
thy 0,634878 0,000076
thyself 1,272966 0,000152
tide 0,653926 0,000078
tideless 2,995732 0,000357
tidings 1,139434 0,000136
tied 0,261365 0,000031
tier 2,525729 0,000301
ties 0,967584 0,000115
tiger 1,171183 0,000140
tigerish 3,506558 0,000418
tight 0,616186 0,000073
tightened 1,714798 0,000204
tightening 1,897120 0,000226
tighter 1,560648 0,000186
tiles 1,560648 0,000186
timber 0,867501 0,000103
timbered 2,525729 0,000301
timbers 2,207275 0,000263
time -0,009950 -0,000001
timed 1,560648 0,000186
timely 1,514128 0,000181
times 0,010050 0,000001
timid 0,544727 0,000065
timidly 1,171183 0,000140
tinge 1,386294 0,000165
tinkled 2,040221 0,000243
tinted 1,609438 0,000192
tints 1,560648 0,000186
tiny 0,820981 0,000098
tirade 2,407946 0,000287
tire 0,994252 0,000119
title 0,116534 0,000014
titter 2,659260 0,000317
toad 1,714798 0,000204
tobacco 0,713350 0,000085
tobias 2,525729 0,000301
toe 1,049822 0,000125
toes 0,755023 0,000090
toil 0,616186 0,000073
toiled 1,514128 0,000181
toilers 2,995732 0,000357
toiling 1,514128 0,000181
toils 1,237874 0,000148
token 0,798508 0,000095
tolerable 0,994252 0,000119
tolerated 1,469676 0,000175
toll 1,660731 0,000198
tom 1,049822 0,000125
tomes 3,506558 0,000418
tomorrow 0,755023 0,000090
toms 3,218876 0,000384
tone 0,248461 0,000030
tones 0,713350 0,000085
tongs 1,386294 0,000165
tongue 0,162519 0,000019
tongues 0,634878 0,000076
tool 1,021651 0,000122
tooth 1,049822 0,000125
topic 1,021651 0,000122
topmost 1,714798 0,000204
topsails 3,506558 0,000418
torches 1,171183 0,000140
tore 0,527633 0,000063
torment 0,916291 0,000109
tormented 1,078810 0,000129
torments 1,237874 0,000148
torn 0,248461 0,000030
torrent 0,941609 0,000112
torso 2,525729 0,000301
torture 0,579818 0,000069
tortured 0,843970 0,000101
tortures 1,309333 0,000156
torturing 1,469676 0,000175
toss 1,049822 0,000125
tossed 0,673345 0,000080
total 0,597837 0,000071
touch 0,083382 0,000010
touched 0,139262 0,000017
touching 0,301105 0,000036
towering 1,469676 0,000175
town 0,105361 0,000013
toy 1,049822 0,000125
toyed 2,813411 0,000335
trace 0,371064 0,000044
traces 0,673345 0,000080
track 0,510826 0,000061
tracked 1,832581 0,000219
tracks 1,139434 0,000136
tracts 1,427116 0,000170
trade 0,328504 0,000039
traded 1,714798 0,000204
trademark 0,562119 0,000067
traders 1,660731 0,000198
trades 1,237874 0,000148
trading 1,237874 0,000148
traditional 1,514128 0,000181
traffic 1,171183 0,000140
trafficker 3,218876 0,000384
tragic 0,820981 0,000098
trail 1,021651 0,000122
trailed 1,609438 0,000192
trailing 1,237874 0,000148
train 0,274437 0,000033
training 0,776529 0,000093
traitor 1,237874 0,000148
traitors 1,966113 0,000234
tramp 1,171183 0,000140
tramped 1,771957 0,000211
trample 1,272966 0,000152
trampled 0,843970 0,000101
tramples 2,995732 0,000357
trance 1,469676 0,000175
tranquillity 1,049822 0,000125
tranquilly 1,714798 0,000204
transcended 3,506558 0,000418
transcends 2,407946 0,000287
transcribe 0,494296 0,000059
transcription 0,527633 0,000063
transformed 0,967584 0,000115
transition 1,347074 0,000161
translate 1,427116 0,000170
translucent 2,302585 0,000275
transmute 2,995732 0,000357
transmuting 2,995732 0,000357
trap 0,653926 0,000078
trapped 2,040221 0,000243
travelled 0,941609 0,000112
travesty 2,813411 0,000335
treacherous 0,891598 0,000106
treachery 0,755023 0,000090
tread 0,562119 0,000067
treading 1,203973 0,000144
treason 1,514128 0,000181
treasure 0,385662 0,000046
treasures 0,755023 0,000090
treasury 1,309333 0,000156
treat 0,287682 0,000034
treated 0,261365 0,000031
treatment 0,127833 0,000015
treaty 1,427116 0,000170
tree 0,235722 0,000028
trees 0,127833 0,000015
tremble 0,713350 0,000085
trembled 0,462035 0,000055
trembling 0,287682 0,000034
tremor 1,514128 0,000181
trepanned 3,506558 0,000418
trepanning 3,912023 0,000466
tresses 1,560648 0,000186
trial 0,314711 0,000038
tribute 1,021651 0,000122
trick 0,510826 0,000061
trickled 1,832581 0,000219
trifle 0,579818 0,000069
trifled 2,120264 0,000253
trifling 0,653926 0,000078
trilling 2,813411 0,000335
trills 2,995732 0,000357
trimmed 1,237874 0,000148
trinket 2,813411 0,000335
trinkets 1,660731 0,000198
trip 0,713350 0,000085
triumph 0,274437 0,000033
trivial 0,776529 0,000093
trod 0,733969 0,000088
trodden 1,237874 0,000148
troop 1,078810 0,000129
troops 0,941609 0,000112
trophies 1,609438 0,000192
troth 2,995732 0,000357
troubadour 2,995732 0,000357
trouble 0,051293 0,000006
troubled 0,287682 0,000034
troubles 0,478036 0,000057
troublesome 0,843970 0,000101
truce 1,237874 0,000148
true 0,020203 0,000002
truer 1,469676 0,000175
trumped 2,659260 0,000317
trumpet 0,916291 0,000109
trumpets 1,660731 0,000198
trussed 2,995732 0,000357
trust 0,116534 0,000014
trusted 0,544727 0,000065
trusting 0,867501 0,000103
trustworthy 1,514128 0,000181
trusty 1,514128 0,000181
truth 0,030459 0,000004
truthfully 2,302585 0,000275
truths 1,049822 0,000125
tub 1,386294 0,000165
tucked 1,237874 0,000148
tuft 1,771957 0,000211
tufted 2,407946 0,000287
tugged 1,771957 0,000211
tugging 1,514128 0,000181
tumult 0,820981 0,000098
tumultuous 1,171183 0,000140
tunic 1,832581 0,000219
tunics 2,813411 0,000335
tunis 3,218876 0,000384
turban 1,832581 0,000219
turbaned 2,813411 0,000335
turbans 2,525729 0,000301
turbulence 2,302585 0,000275
turbulent 1,560648 0,000186
turf 1,347074 0,000161
turk 1,560648 0,000186
turkey 1,078810 0,000129
turkish 1,427116 0,000170
turks 1,514128 0,000181
turmoil 1,771957 0,000211
turntail 3,912023 0,000466
turret 1,966113 0,000234
turreted 3,218876 0,000384
tutelage 3,912023 0,000466
twain 1,660731 0,000198
twentieth 1,108663 0,000132
twere 3,218876 0,000384
twigs 1,469676 0,000175
twilight 0,733969 0,000088
twill 2,302585 0,000275
twin 1,469676 0,000175
twinkled 1,427116 0,000170
twinkling 1,021651 0,000122
twist 1,021651 0,000122
twisted 0,562119 0,000067
twitched 1,714798 0,000204
twitching 1,469676 0,000175
twofold 1,966113 0,000234
types 0,385662 0,000046
tyrant 0,891598 0,000106
ugh 1,771957 0,000211
ugliest 2,207275 0,000263
ugliness 1,660731 0,000198
ugly 0,415515 0,000050
ultimately 1,108663 0,000132
unabashed 2,659260 0,000317
unable 0,248461 0,000030
unaccountably 1,966113 0,000234
unanswerable 1,771957 0,000211
unavenged 2,407946 0,000287
unavoidable 1,049822 0,000125
unawares 1,237874 0,000148
unbarred 2,659260 0,000317
unbeliever 2,659260 0,000317
unbelievers 2,040221 0,000243
unbelieving 1,771957 0,000211
unblinking 2,813411 0,000335
unbroken 0,733969 0,000088
unclasped 2,813411 0,000335
uncomely 2,995732 0,000357
uncomplaining 2,302585 0,000275
uncompromising 2,207275 0,000263
uncompromisingly 3,218876 0,000384
unconquerable 1,560648 0,000186
unconscionable 3,506558 0,000418
unconscious 0,400478 0,000048
unconsciousness 1,771957 0,000211
uncontradicted 3,218876 0,000384
undaunted 1,771957 0,000211
undecided 1,272966 0,000152
undercurrent 3,218876 0,000384
undercurrents 3,506558 0,000418
underfoot 2,207275 0,000263
underlay 3,218876 0,000384
underlying 2,207275 0,000263
understand 0,030459 0,000004
understanding 0,223144 0,000027
understate 3,912023 0,000466
understood 0,061875 0,000007
undertake 0,579818 0,000069
undertaken 1,021651 0,000122
undertaking 0,713350 0,000085
undeserved 2,120264 0,000253
undesirable 2,207275 0,000263
undeterred 2,995732 0,000357
undignified 2,040221 0,000243
undismayed 2,407946 0,000287
undisturbed 1,049822 0,000125
undo 1,309333 0,000156
undone 0,994252 0,000119
undoubtedly 0,634878 0,000076
unduly 1,966113 0,000234
uneasily 1,347074 0,000161
uneasiness 0,994252 0,000119
uneasy 0,544727 0,000065
unenforceability 0,562119 0,000067
unequal 0,843970 0,000101
unexpected 0,430783 0,000051
unfaith 3,912023 0,000466
unfaltering 3,218876 0,000384
unfamiliar 1,386294 0,000165
unfastened 1,714798 0,000204
unfitting 3,218876 0,000384
unfortunate 0,314711 0,000038
unfortunates 2,813411 0,000335
unfriendly 1,660731 0,000198
unfulfilled 2,120264 0,000253
unfurled 2,813411 0,000335
unfurling 3,218876 0,000384
ungenerous 1,832581 0,000219
ungloved 2,995732 0,000357
ungracious 1,966113 0,000234
ungrateful 0,798508 0,000095
unhallowed 2,525729 0,000301
unheeded 1,609438 0,000192
unheralded 2,995732 0,000357
unhesitatingly 1,660731 0,000198
unhinged 2,302585 0,000275
unholy 1,469676 0,000175
uniform 0,210721 0,000025
uniformity 1,771957 0,000211
union 0,510826 0,000061
united 0,094311 0,000011
unity 1,108663 0,000132
unjust 0,693147 0,000083
unjustly 1,108663 0,000132
unkempt 2,040221 0,000243
unknown 0,105361 0,000013
unlawful 1,469676 0,000175
unlink 0,562119 0,000067
unloved 3,506558 0,000418
unmelodious 3,912023 0,000466
unmerciful 2,995732 0,000357
unmolested 1,714798 0,000204
unmoved 0,916291 0,000109
unnatural 0,713350 0,000085
unnaturalness 3,218876 0,000384
unnecessarily 2,040221 0,000243
unnecessary 0,653926 0,000078
unobserved 1,203973 0,000144
unopened 2,207275 0,000263
unpaved 2,995732 0,000357
unperceived 1,832581 0,000219
unpleasantly 1,832581 0,000219
unprecedented 1,771957 0,000211
unpremeditated 2,525729 0,000301
unprepossessing 3,218876 0,000384
unprotected 0,673345 0,000080
unpublished 2,659260 0,000317
unpunished 2,813411 0,000335
unquestioned 2,659260 0,000317
unread 2,659260 0,000317
unreasonably 2,040221 0,000243
unrefreshing 3,912023 0,000466
unrivalled 2,207275 0,000263
unruffled 2,302585 0,000275
unsay 2,995732 0,000357
unseen 0,616186 0,000073
unshackle 3,912023 0,000466
unsheathe 3,912023 0,000466
unsheathed 2,659260 0,000317
unshorn 2,995732 0,000357
unsmirched 3,506558 0,000418
unsolicited 0,510826 0,000061
unspeakable 0,994252 0,000119
unsteadily 2,659260 0,000317
unsteady 1,469676 0,000175
unsupported 2,040221 0,000243
unsuspected 1,609438 0,000192
unsuspicious 2,120264 0,000253
unswerving 3,218876 0,000384
untethered 3,506558 0,000418
untimely 1,347074 0,000161
untold 1,714798 0,000204
untrammelled 2,659260 0,000317
untrue 1,309333 0,000156
untrussed 3,912023 0,000466
unusual 0,415515 0,000050
unutterable 1,203973 0,000144
unvarying 2,207275 0,000263
unveil 2,207275 0,000263
unveiled 2,302585 0,000275
unwashed 2,525729 0,000301
unwavering 3,506558 0,000418
unwise 1,469676 0,000175
unwittingly 1,660731 0,000198
unwonted 1,309333 0,000156
unworthily 2,525729 0,000301
unworthiness 2,207275 0,000263
unworthy 0,673345 0,000080
upbraid 1,714798 0,000204
updated 0,510826 0,000061
upheld 1,560648 0,000186
upholding 2,659260 0,000317
uplifted 1,560648 0,000186
uppermost 1,237874 0,000148
upright 0,328504 0,000039
uproar 1,049822 0,000125
uprooted 2,525729 0,000301
upstairs 0,891598 0,000106
upstart 2,407946 0,000287
upturned 2,040221 0,000243
upward 0,579818 0,000069
urge 0,967584 0,000115
urged 0,356675 0,000043
urgency 1,660731 0,000198
urgent 0,798508 0,000095
urgently 1,560648 0,000186
urges 1,609438 0,000192
urging 0,967584 0,000115
useless 0,235722 0,000028
user 0,562119 0,000067
ushered 1,386294 0,000165
usual 0,139262 0,000017
usurp 2,207275 0,000263
usurper 1,897120 0,000226
usurping 2,407946 0,000287
ut 0,510826 0,000061
utmost 0,356675 0,000043
utter 0,248461 0,000030
utterance 0,941609 0,000112
utterances 2,207275 0,000263
uttered 0,430783 0,000051
utterer 3,218876 0,000384
utterly 0,371064 0,000044
uttermost 2,040221 0,000243
vacant 0,693147 0,000083
vacantly 1,897120 0,000226
vade 2,995732 0,000357
vague 0,579818 0,000069
vaguely 0,967584 0,000115
vain 0,116534 0,000014
vainly 0,634878 0,000076
vale 1,347074 0,000161
valediction 3,912023 0,000466
valiant 1,309333 0,000156
valley 0,616186 0,000073
valorous 2,525729 0,000301
valour 1,560648 0,000186
valuable 0,371064 0,000044
vampire 2,040221 0,000243
van 1,078810 0,000129
vanilla 0,544727 0,000065
vanish 0,967584 0,000115
vanished 0,527633 0,000063
vanity 0,415515 0,000050
vantage 2,120264 0,000253
variance 1,560648 0,000186
variegated 1,897120 0,000226
variety 0,162519 0,000019
vast 0,223144 0,000027
vastly 1,203973 0,000144
vault 1,237874 0,000148
vaulted 1,469676 0,000175
veer 2,659260 0,000317
vehemence 1,108663 0,000132
vehement 1,427116 0,000170
veil 0,544727 0,000065
veiled 1,272966 0,000152
velvet 0,916291 0,000109
venal 2,659260 0,000317
vendors 2,659260 0,000317
vengeance 0,579818 0,000069
vengeful 2,302585 0,000275
venice 1,427116 0,000170
venom 1,714798 0,000204
venomous 1,966113 0,000234
vent 0,916291 0,000109
vents 2,659260 0,000317
venture 0,342490 0,000041
ventured 0,478036 0,000057
ventures 1,660731 0,000198
venturing 1,272966 0,000152
verily 1,139434 0,000136
versed 1,771957 0,000211
version 0,385662 0,000046
vessel 0,510826 0,000061
vessels 0,713350 0,000085
vest 1,609438 0,000192
vex 1,427116 0,000170
vexation 0,867501 0,000103
vibrated 1,771957 0,000211
vicariously 3,218876 0,000384
vicegerents 3,506558 0,000418
vicious 0,653926 0,000078
viciously 2,120264 0,000253
victim 0,462035 0,000055
victories 1,427116 0,000170
victorious 1,108663 0,000132
victoriously 2,659260 0,000317
victory 0,371064 0,000044
view 0,105361 0,000013
viewed 0,261365 0,000031
viewing 0,415515 0,000050
vigilantly 2,995732 0,000357
vigorous 0,544727 0,000065
vigour 0,843970 0,000101
vii 0,430783 0,000051
viii 0,446287 0,000053
vile 0,693147 0,000083
vileness 2,407946 0,000287
vilest 1,660731 0,000198
village 0,356675 0,000043
villain 0,967584 0,000115
villainous 1,609438 0,000192
villainy 1,832581 0,000219
vincent 2,040221 0,000243
vindictive 1,714798 0,000204
vindictively 2,813411 0,000335
vindictiveness 2,525729 0,000301
vinegar 1,078810 0,000129
vintner 2,995732 0,000357
viol 2,302585 0,000275
violate 1,832581 0,000219
violates 0,527633 0,000063
violation 1,609438 0,000192
violence 0,248461 0,000030
violent 0,223144 0,000027
violet 1,427116 0,000170
virgin 0,755023 0,000090
virility 2,659260 0,000317
virtually 1,897120 0,000226
virtue 0,328504 0,000039
virtues 0,597837 0,000071
virtuous 0,653926 0,000078
virus 0,527633 0,000063
visage 1,272966 0,000152
visible 0,235722 0,000028
visibly 0,916291 0,000109
vision 0,371064 0,000044
visit 0,061875 0,000007
visited 0,328504 0,000039
visiting 0,713350 0,000085
visitor 0,713350 0,000085
visits 0,544727 0,000065
vital 0,693147 0,000083
vitally 2,407946 0,000287
vocal 1,469676 0,000175
voice 0,020203 0,000002
voiced 1,714798 0,000204
voices 0,287682 0,000034
voicing 2,659260 0,000317
void 0,274437 0,000033
volcanic 2,207275 0,000263
volley 1,560648 0,000186
volumes 0,755023 0,000090
voluminous 2,207275 0,000263
voluntarily 0,891598 0,000106
volunteer 0,478036 0,000057
volunteers 0,430783 0,000051
voluptuous 1,469676 0,000175
vouchsafe 1,771957 0,000211
vouchsafed 1,660731 0,000198
vouchsafing 2,995732 0,000357
vow 1,078810 0,000129
vowed 1,469676 0,000175
voyage 0,653926 0,000078
voyaged 2,995732 0,000357
vulgar 0,634878 0,000076
vulturine 3,912023 0,000466
wa 2,995732 0,000357
wafted 1,771957 0,000211
wag 1,771957 0,000211
wage 1,514128 0,000181
waged 1,897120 0,000226
wager 1,427116 0,000170
wages 0,916291 0,000109
wail 1,309333 0,000156
waist 0,713350 0,000085
waists 2,120264 0,000253
wait 0,094311 0,000011
waited 0,198451 0,000024
waiting 0,083382 0,000010
waits 1,139434 0,000136
wake 0,462035 0,000055
wakeful 1,832581 0,000219
waking 0,562119 0,000067
walk 0,105361 0,000013
walked 0,210721 0,000025
walker 1,897120 0,000226
walking 0,083382 0,000010
walks 0,162519 0,000019
wall 0,198451 0,000024
walls 0,139262 0,000017
wanderer 1,347074 0,000161
wandering 0,274437 0,000033
wanes 3,218876 0,000384
waning 1,347074 0,000161
wanton 1,049822 0,000125
wantonness 1,514128 0,000181
war 0,162519 0,000019
ward 0,916291 0,000109
wares 1,832581 0,000219
warm 0,139262 0,000017
warmed 0,867501 0,000103
warmer 0,994252 0,000119
warmly 0,798508 0,000095
warms 2,040221 0,000243
warmth 0,579818 0,000069
warn 0,579818 0,000069
warned 0,527633 0,000063
warning 0,248461 0,000030
warnings 1,514128 0,000181
warp 1,966113 0,000234
warrant 0,713350 0,000085
warranties 0,562119 0,000067
warranty 0,544727 0,000065
warrior 1,427116 0,000170
warriors 1,427116 0,000170
wary 1,203973 0,000144
wash 0,478036 0,000057
washed 0,494296 0,000059
waste 0,186330 0,000022
wasted 0,400478 0,000048
wasteful 2,407946 0,000287
wasting 0,673345 0,000080
watch 0,094311 0,000011
watched 0,210721 0,000025
watcher 2,040221 0,000243
watches 0,798508 0,000095
watchful 1,171183 0,000140
watching 0,210721 0,000025
watchman 1,427116 0,000170
water 0,051293 0,000006
waters 0,356675 0,000043
waterside 2,995732 0,000357
waterwheel 3,912023 0,000466
wattles 3,506558 0,000418
wave 0,527633 0,000063
waved 0,755023 0,000090
wavelets 3,218876 0,000384
waves 0,478036 0,000057
waving 0,653926 0,000078
waxen 1,514128 0,000181
waxes 2,813411 0,000335
weak 0,116534 0,000014
weakening 1,469676 0,000175
weaker 0,634878 0,000076
weakling 2,207275 0,000263
weaklings 2,813411 0,000335
weakness 0,261365 0,000031
wealth 0,287682 0,000034
wealthier 2,407946 0,000287
wealthy 0,673345 0,000080
weapon 0,634878 0,000076
weaponless 3,506558 0,000418
weapons 0,693147 0,000083
wear 0,274437 0,000033
wearies 2,525729 0,000301
wearily 1,272966 0,000152
weariness 0,755023 0,000090
wearing 0,415515 0,000050
wears 0,891598 0,000106
weary 0,198451 0,000024
wearying 2,120264 0,000253
weather 0,248461 0,000030
weathered 2,659260 0,000317
wedding 0,776529 0,000093
wedlock 1,897120 0,000226
week 0,235722 0,000028
weeks 0,248461 0,000030
weep 0,755023 0,000090
weeping 0,544727 0,000065
weevilled 3,912023 0,000466
weigh 0,579818 0,000069
weighed 0,430783 0,000051
weighing 0,994252 0,000119
weight 0,116534 0,000014
weld 3,506558 0,000418
wellnigh 2,659260 0,000317
welter 2,995732 0,000357
wench 1,966113 0,000234
wept 0,597837 0,000071
west 0,083382 0,000010
westering 2,659260 0,000317
western 0,616186 0,000073
westward 1,139434 0,000136
wet 0,287682 0,000034
whatsoever 0,287682 0,000034
wheal 3,506558 0,000418
wheat 0,994252 0,000119
wheel 0,446287 0,000053
wheeled 1,021651 0,000122
whelmed 3,506558 0,000418
whelming 2,995732 0,000357
whelp 2,407946 0,000287
whereabouts 1,714798 0,000204
whereat 1,560648 0,000186
whetted 1,966113 0,000234
whey 2,407946 0,000287
whimpered 2,525729 0,000301
whine 1,771957 0,000211
whining 1,660731 0,000198
whip 0,597837 0,000071
whiplash 3,506558 0,000418
whipped 1,078810 0,000129
whipping 1,660731 0,000198
whips 1,714798 0,000204
whirled 1,078810 0,000129
whirling 0,843970 0,000101
whisked 2,040221 0,000243
whisper 0,446287 0,000053
whispered 0,400478 0,000048
whistle 0,843970 0,000101
whistles 1,560648 0,000186
whit 1,171183 0,000140
white 0,051293 0,000006
whiteness 1,139434 0,000136
whiter 1,560648 0,000186
whitewashed 1,660731 0,000198
whithersoever 2,525729 0,000301
whitish 2,120264 0,000253
whittled 2,995732 0,000357
whorl 3,506558 0,000418
wick 1,897120 0,000226
wicked 0,356675 0,000043
wide 0,061875 0,000007
widen 2,040221 0,000243
wider 0,755023 0,000090
widespread 0,916291 0,000109
widest 0,446287 0,000053
widowed 1,832581 0,000219
wield 2,207275 0,000263
wielded 1,966113 0,000234
wife 0,094311 0,000011
wifeless 3,912023 0,000466
wild 0,051293 0,000006
wilderness 0,693147 0,000083
wildly 0,776529 0,000093
wildness 1,514128 0,000181
wilful 1,427116 0,000170
wilfulness 2,659260 0,000317
willingly 0,527633 0,000063
willy 3,218876 0,000384
wilt 2,040221 0,000243
wily 1,771957 0,000211
win 0,462035 0,000055
wince 2,120264 0,000253
winced 1,966113 0,000234
wind 0,105361 0,000013
window 0,274437 0,000033
windowless 2,995732 0,000357
windows 0,261365 0,000031
winds 0,494296 0,000059
windward 2,207275 0,000263
wine 0,248461 0,000030
wing 0,562119 0,000067
wings 0,430783 0,000051
winter 0,198451 0,000024
wipe 0,776529 0,000093
wiped 0,733969 0,000088
wiping 1,108663 0,000132
wisdom 0,287682 0,000034
wise 0,105361 0,000013
wisely 0,653926 0,000078
wiser 0,597837 0,000071
wistful 2,207275 0,000263
wistfully 1,832581 0,000219
wistfulness 3,506558 0,000418
wit 0,328504 0,000039
witchcraft 1,714798 0,000204
withdraw 0,597837 0,000071
withdrawal 2,407946 0,000287
withdrawing 1,078810 0,000129
withdrawn 0,616186 0,000073
withdrew 0,510826 0,000061
wither 1,897120 0,000226
withered 0,843970 0,000101
withering 1,714798 0,000204
withheld 1,108663 0,000132
withhold 1,832581 0,000219
withstand 1,469676 0,000175
withstood 1,560648 0,000186
witness 0,198451 0,000024
witnessed 0,798508 0,000095
witnesses 0,579818 0,000069
wits 0,713350 0,000085
wives 0,400478 0,000048
woe 0,755023 0,000090
woefully 2,813411 0,000335
woefulness 3,912023 0,000466
woman 0,061875 0,000007
womanhood 1,771957 0,000211
womanish 2,407946 0,000287
womanlike 3,912023 0,000466
womb 1,272966 0,000152
women 0,094311 0,000011
wonderfully 0,510826 0,000061
wondrous 1,203973 0,000144
wood 0,116534 0,000014
wooded 1,609438 0,000192
wooden 0,415515 0,000050
woods 0,430783 0,000051
wooed 2,813411 0,000335
wooing 2,040221 0,000243
wool 1,049822 0,000125
word 0,020203 0,000002
wore 0,274437 0,000033
wormwood 1,966113 0,000234
worn 0,223144 0,000027
worse 0,083382 0,000010
worship 0,544727 0,000065
worshipped 1,203973 0,000144
worshipping 1,966113 0,000234
worst 0,186330 0,000022
worth 0,061875 0,000007
worthless 0,843970 0,000101
worthy 0,186330 0,000022
wot 2,040221 0,000243
wouldst 1,832581 0,000219
wound 0,274437 0,000033
wounded 0,274437 0,000033
wounds 0,562119 0,000067
woven 1,108663 0,000132
wrap 1,237874 0,000148
wrapped 0,579818 0,000069
wrath 0,634878 0,000076
wrathfully 2,302585 0,000275
wreak 2,302585 0,000275
wrecked 1,272966 0,000152
wrecking 2,659260 0,000317
wrenched 1,427116 0,000170
wrest 1,832581 0,000219
wrested 1,832581 0,000219
wrestler 2,407946 0,000287
wretch 0,733969 0,000088
wretched 0,328504 0,000039
wretches 1,237874 0,000148
wringing 1,609438 0,000192
wrinkle 2,040221 0,000243
wrinkled 1,021651 0,000122
wrinkles 1,427116 0,000170
wrist 0,967584 0,000115
wrists 1,272966 0,000152
writ 1,427116 0,000170
write 0,150823 0,000018
writer 0,415515 0,000050
writes 0,597837 0,000071
writhe 2,040221 0,000243
writhed 1,386294 0,000165
writhing 1,203973 0,000144
writing 0,061875 0,000007
writings 0,994252 0,000119
written 0,051293 0,000006
wrong 0,083382 0,000010
wronged 1,386294 0,000165
wrongs 1,078810 0,000129
wrote 0,150823 0,000018
wrung 1,021651 0,000122
wry 2,207275 0,000263
xi 0,597837 0,000071
xii 0,579818 0,000069
xiii 0,673345 0,000080
xiv 0,693147 0,000083
xix 0,867501 0,000103
xvi 0,776529 0,000093
xvii 0,843970 0,000101
xviii 0,891598 0,000106
xx 0,916291 0,000109
xxi 0,867501 0,000103
xxii 0,967584 0,000115
xxiii 0,967584 0,000115
xxiv 0,994252 0,000119
xxv 1,108663 0,000132
ya 2,659260 0,000317
yard 0,430783 0,000051
yardarm 3,506558 0,000418
yards 0,400478 0,000048
yearly 1,203973 0,000144
yell 1,203973 0,000144
yellow 0,328504 0,000039
yellowing 2,995732 0,000357
yells 1,714798 0,000204
yesterday 0,301105 0,000036
yesternight 2,525729 0,000301
yield 0,342490 0,000041
yielded 0,510826 0,000061
yielding 0,653926 0,000078
yields 1,469676 0,000175
yoked 2,302585 0,000275
yonder 0,843970 0,000101
youngster 1,514128 0,000181
youth 0,150823 0,000018
zeal 0,579818 0,000069
zer 3,218876 0,000384
zest 1,832581 0,000219
