abandon 0,544727 0,000096
abandoned 0,371064 0,000066
abandoning 1,469676 0,000260
abandons 2,120264 0,000376
abide 0,287682 0,000051
abides 2,207275 0,000391
abiding 1,309333 0,000232
ability 0,579818 0,000103
abode 0,616186 0,000109
abolish 2,120264 0,000376
abortive 2,040221 0,000361
abounds 1,832581 0,000325
abridge 2,302585 0,000408
absence 0,274437 0,000049
absent 0,385662 0,000068
absolute 0,400478 0,000071
absolutely 0,287682 0,000051
absolves 3,506558 0,000621
absorbent 3,912023 0,000693
abstain 1,309333 0,000232
abstains 2,995732 0,000531
abstract 1,049822 0,000186
abstracted 1,309333 0,000232
abstracting 3,218876 0,000570
abstraction 1,609438 0,000285
abstracts 2,995732 0,000531
absurd 0,430783 0,000076
absurdities 1,771957 0,000314
absurdity 1,203973 0,000213
abundant 0,867501 0,000154
abundantly 1,272966 0,000225
abuse 0,673345 0,000119
abused 0,843970 0,000149
abut 2,995732 0,000531
abuts 2,995732 0,000531
abyss 1,049822 0,000186
academical 2,659260 0,000471
accept 0,094311 0,000017
acceptable 0,967584 0,000171
acceptance 0,967584 0,000171
acceptation 2,302585 0,000408
accepted 0,139262 0,000025
accepting 0,287682 0,000051
accepts 1,514128 0,000268
access 0,314711 0,000056
accessed 0,562119 0,000100
accessible 0,446287 0,000079
accessions 3,218876 0,000570
accident 0,371064 0,000066
accidental 0,755023 0,000134
accidentally 0,820981 0,000145
accidents 0,820981 0,000145
accompanied 0,223144 0,000040
accompanies 1,714798 0,000304
accompaniment 1,560648 0,000276
accompany 0,562119 0,000100
accompanying 0,820981 0,000145
accomplish 0,733969 0,000130
accomplished 0,385662 0,000068
accord 0,597837 0,000106
accordant 2,995732 0,000531
accorded 1,714798 0,000304
accords 2,302585 0,000408
account 0,010050 0,000002
accounted 0,891598 0,000158
accredit 3,506558 0,000621
accrued 3,218876 0,000570
accumulated 1,272966 0,000225
accumulation 1,609438 0,000285
accuracy 1,108663 0,000196
accurate 0,941609 0,000167
accurately 1,049822 0,000186
accusation 1,049822 0,000186
accuse 0,916291 0,000162
accused 0,616186 0,000109
accusing 1,347074 0,000239
accustom 1,714798 0,000304
accustomed 0,287682 0,000051
achieve 1,078810 0,000191
acids 2,995732 0,000531
acknowledge 0,527633 0,000093
acknowledged 0,597837 0,000106
acknowledges 2,120264 0,000376
acquaint 1,771957 0,000314
acquaintance 0,301105 0,000053
acquainted 0,385662 0,000068
acquire 0,776529 0,000138
acquired 0,462035 0,000082
acquisition 1,309333 0,000232
acroamatic 3,912023 0,000693
action 0,139262 0,000025
actions 0,356675 0,000063
active 0,127833 0,000023
activity 0,446287 0,000079
actual 0,174353 0,000031
actuality 2,302585 0,000408
acute 0,733969 0,000130
acuteness 1,427116 0,000253
adapted 0,798508 0,000141
add 0,198451 0,000035
adding 0,510826 0,000090
addition 0,116534 0,000021
additional 0,198451 0,000035
additions 0,371064 0,000066
address 0,116534 0,000021
addressed 0,274437 0,000049
addresses 0,385662 0,000068
addressing 0,579818 0,000103
adds 0,798508 0,000141
adduce 2,995732 0,000531
adduced 2,207275 0,000391
adduces 3,506558 0,000621
adequate 1,309333 0,000232
adequately 2,120264 0,000376
adequateness 3,912023 0,000693
adhere 1,660731 0,000294
adherence 2,040221 0,000361
adhering 1,832581 0,000325
adjacent 1,469676 0,000260
adjective 2,207275 0,000391
adjunct 2,813411 0,000498
adjusted 1,171183 0,000207
adjusting 1,714798 0,000304
administers 3,218876 0,000570
administration 1,427116 0,000253
admirable 0,527633 0,000093
admiration 0,342490 0,000061
admirers 1,272966 0,000225
admissibility 3,912023 0,000693
admissible 2,995732 0,000531
admission 0,713350 0,000126
admit 0,235722 0,000042
admits 1,021651 0,000181
admitted 0,301105 0,000053
admitting 1,078810 0,000191
admixture 2,659260 0,000471
admixtures 3,506558 0,000621
admonition 1,660731 0,000294
adopt 0,733969 0,000130
adopting 1,609438 0,000285
adopts 2,525729 0,000447
adorn 1,347074 0,000239
adorned 0,941609 0,000167
advance 0,223144 0,000040
advanced 0,274437 0,000049
advancement 1,203973 0,000213
advances 0,820981 0,000145
advancing 0,579818 0,000103
advantage 0,139262 0,000025
advantageous 1,237874 0,000219
advantages 0,579818 0,000103
adventures 0,562119 0,000100
adversaries 1,469676 0,000260
adversary 0,994252 0,000176
adverse 1,514128 0,000268
advice 0,186330 0,000033
advisable 1,309333 0,000232
advisedly 2,525729 0,000447
advocate 1,139434 0,000202
affair 0,301105 0,000053
affairs 0,235722 0,000042
affect 0,478036 0,000085
affection 0,235722 0,000042
affections 0,798508 0,000141
affinity 1,514128 0,000268
affirm 1,139434 0,000202
affirmation 2,302585 0,000408
affirmations 2,813411 0,000498
affirmative 1,203973 0,000213
affirmatively 2,995732 0,000531
affirmatives 3,912023 0,000693
affirmed 1,309333 0,000232
affirming 1,966113 0,000348
affirms 2,040221 0,000361
affixed 2,207275 0,000391
afford 0,301105 0,000053
afforded 0,616186 0,000109
affords 1,139434 0,000202
aforesaid 1,469676 0,000260
age 0,051293 0,000009
aged 0,198451 0,000035
agency 1,203973 0,000213
agendum 3,912023 0,000693
agent 0,274437 0,000049
agents 0,967584 0,000171
ages 0,261365 0,000046
aggregate 2,407946 0,000426
aggregated 2,813411 0,000498
aggregates 3,506558 0,000621
aggregation 3,218876 0,000570
agree 0,116534 0,000021
agreeable 0,462035 0,000082
agreeably 1,171183 0,000207
agreed 0,116534 0,000021
agreement 0,210721 0,000037
agrees 1,427116 0,000253
aid 0,287682 0,000051
aids 1,609438 0,000285
aim 0,462035 0,000082
aimed 0,891598 0,000158
aims 1,171183 0,000207
air 0,061875 0,000011
airless 3,506558 0,000621
airs 1,078810 0,000191
alarm 0,356675 0,000063
alexander 1,108663 0,000196
algebra 2,525729 0,000447
alike 0,287682 0,000051
alive 0,051293 0,000009
alkalis 3,912023 0,000693
alleged 1,386294 0,000246
alleges 2,813411 0,000498
alleging 1,771957 0,000314
allied 1,272966 0,000225
allo 3,506558 0,000621
allowable 2,040221 0,000361
allured 1,771957 0,000314
allures 2,813411 0,000498
alter 0,544727 0,000096
alteration 0,314711 0,000056
alterations 1,108663 0,000196
altered 0,510826 0,000090
altering 1,514128 0,000268
alternate 0,328504 0,000058
alternately 1,021651 0,000181
alternating 2,120264 0,000376
alternation 2,525729 0,000447
alternative 1,078810 0,000191
altogether 0,198451 0,000035
ambiguities 3,506558 0,000621
ambiguity 1,897120 0,000336
ambiguous 1,771957 0,000314
ambitious 0,891598 0,000158
amphiboly 3,912023 0,000693
ample 0,527633 0,000093
amplify 2,995732 0,000531
amply 0,967584 0,000171
amusement 0,544727 0,000096
analogical 3,506558 0,000621
analogies 2,302585 0,000408
analogon 3,912023 0,000693
analogous 2,120264 0,000376
analogously 3,912023 0,000693
analogy 1,714798 0,000304
analysation 3,912023 0,000693
analyse 1,832581 0,000325
analysed 2,407946 0,000426
analyses 3,218876 0,000570
analysing 2,813411 0,000498
analysis 1,347074 0,000239
analyst 3,506558 0,000621
analysts 3,506558 0,000621
analytic 2,995732 0,000531
analytical 2,813411 0,000498
analytically 3,912023 0,000693
anarchy 1,832581 0,000325
anatomist 2,813411 0,000498
ancestors 0,527633 0,000093
anchor 0,867501 0,000154
ancient 0,198451 0,000035
ancients 1,347074 0,000239
angle 0,733969 0,000130
angled 2,995732 0,000531
angles 1,021651 0,000181
anima 3,218876 0,000570
animadversions 3,506558 0,000621
animal 0,261365 0,000046
animality 3,912023 0,000693
animals 0,494296 0,000088
animated 0,755023 0,000134
animates 2,813411 0,000498
annex 2,207275 0,000391
annexed 1,469676 0,000260
annexes 3,912023 0,000693
annihilate 2,120264 0,000376
annihilated 1,386294 0,000246
annihilates 2,995732 0,000531
annihilation 1,514128 0,000268
annulled 2,995732 0,000531
anomaly 2,407946 0,000426
answer 0,040822 0,000007
answerable 1,660731 0,000294
answered 0,072571 0,000013
answering 0,510826 0,000090
answers 0,415515 0,000074
antagonistic 1,966113 0,000348
antecede 3,912023 0,000693
antecedent 2,302585 0,000408
antecedently 3,912023 0,000693
antecedes 3,912023 0,000693
anterior 2,525729 0,000447
anthropological 3,218876 0,000570
anthropology 2,995732 0,000531
anthropomorphic 3,912023 0,000693
anthropomorphism 3,912023 0,000693
anticipate 1,237874 0,000219
anticipated 0,755023 0,000134
anticipates 3,218876 0,000570
anticipating 1,469676 0,000260
anticipation 0,843970 0,000149
anticipations 1,609438 0,000285
anticipatory 3,506558 0,000621
antinomies 3,506558 0,000621
antinomy 3,912023 0,000693
antiquated 2,525729 0,000447
antiquity 1,078810 0,000191
antithesis 2,120264 0,000376
antithetic 3,912023 0,000693
anxiety 0,287682 0,000051
apagogic 3,912023 0,000693
apodeictic 3,912023 0,000693
apodeictical 3,912023 0,000693
apodeictically 3,912023 0,000693
apologize 1,714798 0,000304
apology 0,713350 0,000126
apparent 0,314711 0,000056
appeal 0,342490 0,000061
appealing 1,171183 0,000207
appeals 0,916291 0,000162
appearance 0,083382 0,000015
appearances 0,693147 0,000123
appellation 1,897120 0,000336
appellations 2,659260 0,000471
append 2,995732 0,000531
appended 2,302585 0,000408
appendix 1,714798 0,000304
apperception 3,912023 0,000693
appertain 2,525729 0,000447
appertaining 2,525729 0,000447
appetite 0,371064 0,000066
applicability 3,506558 0,000621
applicable 0,400478 0,000071
application 0,733969 0,000130
applications 1,714798 0,000304
applied 0,287682 0,000051
applies 1,171183 0,000207
apply 0,162519 0,000029
applying 1,108663 0,000196
appointed 0,356675 0,000063
appointment 0,693147 0,000123
appreciation 1,049822 0,000186
apprehend 1,108663 0,000196
apprehended 1,272966 0,000225
apprehending 1,966113 0,000348
apprehension 0,616186 0,000109
apprehensions 1,078810 0,000191
approach 0,083382 0,000015
approached 0,248461 0,000044
approaching 0,235722 0,000042
approbation 1,203973 0,000213
approbations 3,506558 0,000621
appropriation 2,040221 0,000361
approval 0,798508 0,000141
approve 0,653926 0,000116
approximate 2,525729 0,000447
approximates 3,506558 0,000621
approximating 3,506558 0,000621
approximation 2,302585 0,000408
approximations 3,506558 0,000621
april 0,798508 0,000141
aptitudes 2,995732 0,000531
arbitrarily 2,302585 0,000408
arbitrary 1,309333 0,000232
archetypal 3,912023 0,000693
archetype 3,218876 0,000570
archetypes 3,912023 0,000693
architect 1,309333 0,000232
architectonic 3,506558 0,000621
architectonically 3,912023 0,000693
archive 0,544727 0,000096
archives 1,966113 0,000348
ardent 0,941609 0,000167
arena 2,407946 0,000426
arguing 1,139434 0,000202
argument 0,371064 0,000066
argumentation 3,218876 0,000570
argumentative 1,832581 0,000325
arguments 0,562119 0,000100
argumentum 3,506558 0,000621
aristotle 1,560648 0,000276
arithmetic 1,203973 0,000213
arithmetical 2,302585 0,000408
armed 0,385662 0,000068
armistice 2,525729 0,000447
armoury 2,525729 0,000447
arms 0,051293 0,000009
army 0,371064 0,000066
arrange 0,579818 0,000103
arranged 0,328504 0,000058
arrangement 0,462035 0,000082
arrangements 0,634878 0,000112
arranges 2,207275 0,000391
arranging 0,820981 0,000145
array 0,314711 0,000056
arrive 0,314711 0,000056
arrived 0,150823 0,000027
arrives 1,078810 0,000191
arriving 0,634878 0,000112
arrogant 1,347074 0,000239
arrogate 2,407946 0,000426
arrogates 3,506558 0,000621
art 0,139262 0,000025
article 0,673345 0,000119
articles 0,527633 0,000093
articulation 2,302585 0,000408
artifice 1,514128 0,000268
artifices 2,040221 0,000361
artificial 0,616186 0,000109
artificially 1,771957 0,000314
artist 0,634878 0,000112
artistic 1,049822 0,000186
artists 1,139434 0,000202
arts 0,597837 0,000106
ascend 0,867501 0,000154
ascending 1,049822 0,000186
ascends 1,966113 0,000348
ascension 2,813411 0,000498
ascent 1,021651 0,000181
ascertain 0,798508 0,000141
ascertaining 1,469676 0,000260
ascii 0,562119 0,000100
ascribe 1,660731 0,000294
ascribed 1,469676 0,000260
ascribing 2,659260 0,000471
ashes 0,462035 0,000082
aspects 1,514128 0,000268
aspirations 1,108663 0,000196
assemble 1,514128 0,000268
assembled 0,510826 0,000090
assent 0,916291 0,000162
assert 0,820981 0,000145
asserted 0,755023 0,000134
asserting 1,386294 0,000246
assertion 0,941609 0,000167
assertions 1,966113 0,000348
assertor 3,218876 0,000570
assertorical 3,912023 0,000693
assertorically 3,912023 0,000693
asserts 1,609438 0,000285
assign 1,386294 0,000246
assigned 0,733969 0,000130
assigns 2,120264 0,000376
assist 0,510826 0,000090
assistance 0,105361 0,000019
assisting 1,078810 0,000191
assists 2,207275 0,000391
association 1,203973 0,000213
assume 0,478036 0,000085
assumed 0,385662 0,000068
assumes 1,427116 0,000253
assuming 0,916291 0,000162
assumption 1,347074 0,000239
assumptions 3,218876 0,000570
assurance 0,430783 0,000076
assure 0,385662 0,000068
assured 0,301105 0,000053
assuredly 0,967584 0,000171
assures 1,203973 0,000213
assuring 0,967584 0,000171
astonishing 0,653926 0,000116
astonishment 0,301105 0,000053
astray 1,078810 0,000191
astronomer 1,966113 0,000348
astronomers 2,302585 0,000408
astronomy 1,832581 0,000325
asymptotic 3,912023 0,000693
atheism 2,302585 0,000408
atheistic 2,813411 0,000498
atomistic 3,506558 0,000621
attach 0,967584 0,000171
attached 0,127833 0,000023
attaches 1,714798 0,000304
attaching 1,514128 0,000268
attack 0,301105 0,000053
attacked 0,462035 0,000082
attacking 1,203973 0,000213
attacks 0,867501 0,000154
attain 0,616186 0,000109
attainable 2,207275 0,000391
attained 0,494296 0,000088
attaining 1,203973 0,000213
attainment 1,771957 0,000314
attains 1,966113 0,000348
attempt 0,083382 0,000015
attempted 0,356675 0,000063
attempting 0,579818 0,000103
attempts 0,478036 0,000085
attend 0,301105 0,000053
attended 0,342490 0,000061
attending 0,713350 0,000126
attends 1,560648 0,000276
attention 0,083382 0,000015
attentive 0,713350 0,000126
attested 1,427116 0,000253
attract 0,634878 0,000112
attracted 0,356675 0,000063
attraction 0,798508 0,000141
attractive 0,820981 0,000145
attribute 1,078810 0,000191
attributed 0,867501 0,000154
attributes 1,237874 0,000219
attributing 2,040221 0,000361
aught 0,891598 0,000158
augment 1,714798 0,000304
augmentation 2,813411 0,000498
augmentative 3,912023 0,000693
augmented 1,386294 0,000246
augmenting 2,302585 0,000408
authenticity 2,207275 0,000391
author 0,116534 0,000021
authority 0,261365 0,000046
authorize 2,407946 0,000426
authorized 1,560648 0,000276
authorizes 2,659260 0,000471
authorizing 3,218876 0,000570
authors 0,941609 0,000167
auxiliary 2,120264 0,000376
avail 0,544727 0,000096
availing 2,525729 0,000447
avails 2,207275 0,000391
avoid 0,174353 0,000031
avoided 0,371064 0,000066
avow 1,832581 0,000325
awaits 1,237874 0,000219
awaken 0,891598 0,000158
awakened 0,673345 0,000119
awakening 1,108663 0,000196
awakes 2,120264 0,000376
aware 0,223144 0,000040
awe 0,597837 0,000106
axiom 1,897120 0,000336
axiomatic 3,506558 0,000621
axioms 2,659260 0,000471
axis 2,525729 0,000447
bacon 0,994252 0,000176
bad 0,051293 0,000009
badly 0,446287 0,000079
balanced 1,021651 0,000181
ball 0,356675 0,000063
balls 0,798508 0,000141
bands 0,843970 0,000149
bane 2,302585 0,000408
banish 1,347074 0,000239
banished 0,941609 0,000167
banishes 2,302585 0,000408
bank 0,261365 0,000046
bar 0,527633 0,000093
barbaric 1,714798 0,000304
barbarism 1,771957 0,000314
bare 0,162519 0,000029
barriers 1,171183 0,000207
base 0,301105 0,000053
based 0,371064 0,000066
baseless 2,813411 0,000498
bases 1,771957 0,000314
basing 3,218876 0,000570
basis 0,843970 0,000149
battle 0,287682 0,000051
bear 0,061875 0,000011
bears 0,510826 0,000090
beat 0,186330 0,000033
beautiful 0,083382 0,000015
beauty 0,174353 0,000031
beckoning 1,609438 0,000285
befits 2,407946 0,000426
beg 0,210721 0,000037
behalf 0,713350 0,000126
behaviour 0,941609 0,000167
behoof 2,995732 0,000531
belief 0,198451 0,000035
belong 0,235722 0,000042
belonged 0,314711 0,000056
belonging 0,527633 0,000093
belongs 0,415515 0,000074
beloved 0,415515 0,000074
bend 0,510826 0,000090
beneath 0,198451 0,000035
beneficial 1,272966 0,000225
benefit 0,415515 0,000074
benefited 1,714798 0,000304
benefits 1,171183 0,000207
bequeath 2,302585 0,000408
bequest 2,407946 0,000426
berkeley 2,302585 0,000408
beset 0,941609 0,000167
bestowed 0,562119 0,000100
bet 1,108663 0,000196
betray 0,527633 0,000093
betrayed 0,494296 0,000088
bide 2,040221 0,000361
binary 0,562119 0,000100
binding 0,891598 0,000158
birth 0,301105 0,000053
birthplace 2,120264 0,000376
blame 0,174353 0,000031
blamed 0,941609 0,000167
blameless 1,469676 0,000260
blemish 1,897120 0,000336
blessedness 1,966113 0,000348
blind 0,223144 0,000040
blinding 1,469676 0,000260
blindly 0,941609 0,000167
blindness 0,994252 0,000176
block 0,616186 0,000109
bloodless 1,469676 0,000260
blow 0,139262 0,000025
blows 0,371064 0,000066
blunder 1,386294 0,000246
boast 0,430783 0,000076
boastful 1,897120 0,000336
boasting 1,108663 0,000196
boasts 1,660731 0,000294
bodies 0,174353 0,000031
bodily 0,673345 0,000119
body 0,030459 0,000005
bold 0,287682 0,000051
boldest 1,609438 0,000285
boldly 0,462035 0,000082
boldness 0,916291 0,000162
bonnet 1,139434 0,000202
bonum 2,995732 0,000531
book 0,061875 0,000011
books 0,139262 0,000025
born 0,105361 0,000019
borne 0,261365 0,000046
borrow 0,798508 0,000141
borrowed 0,616186 0,000109
borrowing 1,469676 0,000260
borrows 2,659260 0,000471
bosom 0,462035 0,000082
bound 0,030459 0,000005
boundaries 1,514128 0,000268
boundary 1,347074 0,000239
bounded 0,634878 0,000112
boundless 0,891598 0,000158
bounds 0,634878 0,000112
brain 0,356675 0,000063
branch 0,385662 0,000068
branches 0,371064 0,000066
breach 0,274437 0,000049
break 0,083382 0,000015
breaking 0,210721 0,000037
breast 0,210721 0,000037
brevity 1,560648 0,000276
bridge 0,494296 0,000088
brilliant 0,430783 0,000076
bring 0,010050 0,000002
bringing 0,105361 0,000019
brings 0,328504 0,000058
broad 0,139262 0,000025
broke 0,116534 0,000021
brought 0,010050 0,000002
build 0,446287 0,000079
building 0,223144 0,000040
built 0,150823 0,000027
bulwarks 2,040221 0,000361
bungler 2,659260 0,000471
bungles 3,912023 0,000693
burden 0,223144 0,000040
burnt 0,415515 0,000074
business 0,040822 0,000007
busy 0,223144 0,000040
calculate 0,328504 0,000058
calculated 0,174353 0,000031
calculations 1,139434 0,000202
calling 0,820981 0,000145
calm 0,301105 0,000053
caloric 3,506558 0,000621
canon 1,966113 0,000348
capabilities 2,302585 0,000408
capability 2,659260 0,000471
capable 0,261365 0,000046
capacity 0,527633 0,000093
cape 0,967584 0,000171
capital 0,328504 0,000058
card 0,223144 0,000040
cardinal 1,469676 0,000260
care 0,000000 0,000000
careful 0,174353 0,000031
carefully 0,139262 0,000025
carelessly 0,776529 0,000138
carelessness 1,021651 0,000181
carried 0,030459 0,000005
carries 0,755023 0,000134
carry 0,030459 0,000005
carrying 0,083382 0,000015
cart 0,755023 0,000134
cartesian 3,912023 0,000693
cash 1,021651 0,000181
cast 0,116534 0,000021
casting 0,544727 0,000096
castles 1,347074 0,000239
casts 1,139434 0,000202
casus 2,995732 0,000531
catalogue 1,347074 0,000239
categorical 3,218876 0,000570
categories 2,525729 0,000447
category 1,832581 0,000325
cathartic 3,912023 0,000693
causal 3,506558 0,000621
causality 2,813411 0,000498
caution 0,527633 0,000093
cautious 0,673345 0,000119
cease 0,139262 0,000025
ceased 0,235722 0,000042
ceaseless 1,386294 0,000246
ceases 1,309333 0,000232
ceasing 1,078810 0,000191
celebrated 0,562119 0,000100
celestial 1,171183 0,000207
censor 2,659260 0,000471
censure 1,108663 0,000196
central 0,733969 0,000130
centre 0,462035 0,000082
centred 1,897120 0,000336
centuries 0,544727 0,000096
century 0,494296 0,000088
certainties 2,525729 0,000447
certainty 0,342490 0,000061
certificate 1,714798 0,000304
certify 2,302585 0,000408
certitude 2,813411 0,000498
chain 0,415515 0,000074
chains 0,562119 0,000100
chair 0,274437 0,000049
challenge 0,994252 0,000176
challenged 1,469676 0,000260
challenges 2,407946 0,000426
champion 1,171183 0,000207
champions 1,832581 0,000325
chance 0,083382 0,000015
change 0,010050 0,000002
changeable 2,120264 0,000376
changed 0,051293 0,000009
changing 0,248461 0,000044
chaos 1,078810 0,000191
chapter 0,342490 0,000061
chapters 1,469676 0,000260
character 0,061875 0,000011
characteristic 0,597837 0,000106
characteristics 0,798508 0,000141
characterize 2,813411 0,000498
characterized 1,660731 0,000294
characterizes 2,995732 0,000531
characters 0,430783 0,000076
charge 0,051293 0,000009
chargeable 2,407946 0,000426
charges 0,223144 0,000040
charitable 0,287682 0,000051
charities 0,494296 0,000088
charles 0,597837 0,000106
charm 0,544727 0,000096
chart 1,771957 0,000314
chasm 1,427116 0,000253
check 0,174353 0,000031
checks 0,478036 0,000085
chemical 1,469676 0,000260
chemist 1,714798 0,000304
chemists 2,659260 0,000471
cherished 0,843970 0,000149
cherishes 2,813411 0,000498
chicaneries 3,912023 0,000693
chief 0,094311 0,000017
chiefly 0,527633 0,000093
child 0,072571 0,000013
chimera 2,407946 0,000426
chimeras 2,525729 0,000447
chimerical 2,207275 0,000391
choice 0,150823 0,000027
choose 0,083382 0,000015
chooses 1,272966 0,000225
choosing 0,867501 0,000154
chosen 0,186330 0,000033
cicero 1,609438 0,000285
circle 0,223144 0,000040
circuit 0,891598 0,000158
circular 1,078810 0,000191
circulate 2,302585 0,000408
circumference 1,469676 0,000260
circumscribe 2,659260 0,000471
circumscribed 2,207275 0,000391
circumscribes 3,506558 0,000621
circumspection 1,771957 0,000314
circumstance 0,446287 0,000079
circumstances 0,162519 0,000029
citizen 0,843970 0,000149
citizens 0,916291 0,000162
city 0,051293 0,000009
civil 0,544727 0,000096
civilized 1,237874 0,000219
claim 0,116534 0,000021
claimants 2,995732 0,000531
claims 0,616186 0,000109
class 0,314711 0,000056
classed 1,897120 0,000336
classes 0,653926 0,000116
clay 0,494296 0,000088
clearness 1,049822 0,000186
cleaves 2,407946 0,000426
cleaving 2,120264 0,000376
clement 2,120264 0,000376
cloak 0,562119 0,000100
clock 0,527633 0,000093
close 0,051293 0,000009
closely 0,223144 0,000040
closer 0,385662 0,000068
closing 0,446287 0,000079
clue 1,078810 0,000191
coalesce 3,912023 0,000693
coalition 2,525729 0,000447
coat 0,274437 0,000049
cobweb 2,207275 0,000391
cobwebs 1,832581 0,000325
code 1,309333 0,000232
codes 0,510826 0,000090
coerce 2,525729 0,000447
coercion 2,659260 0,000471
coexist 3,218876 0,000570
coexistence 3,912023 0,000693
coexistent 3,218876 0,000570
cogitable 3,912023 0,000693
cogitate 3,912023 0,000693
cogitated 3,218876 0,000570
cogitates 3,912023 0,000693
cogitating 2,659260 0,000471
cogitation 2,525729 0,000447
cogito 3,506558 0,000621
cognate 3,218876 0,000570
cognition 3,506558 0,000621
cognizable 3,218876 0,000570
cognizant 2,813411 0,000498
cognize 3,912023 0,000693
cognized 3,912023 0,000693
cognizes 3,912023 0,000693
cognizing 3,912023 0,000693
cohere 3,912023 0,000693
coherence 2,995732 0,000531
coheres 3,912023 0,000693
cohering 3,912023 0,000693
coin 0,916291 0,000162
coincide 1,660731 0,000294
coincides 2,525729 0,000447
coins 1,078810 0,000191
cold 0,040822 0,000007
collateral 2,525729 0,000447
collect 0,673345 0,000119
collected 0,415515 0,000074
collectedness 3,506558 0,000621
collection 0,174353 0,000031
collective 1,966113 0,000348
collects 1,897120 0,000336
colour 0,527633 0,000093
coloured 0,693147 0,000123
colouring 1,514128 0,000268
colours 0,713350 0,000126
column 0,755023 0,000134
combat 0,891598 0,000158
combatant 3,218876 0,000570
combatants 1,660731 0,000294
combative 3,506558 0,000621
combination 0,693147 0,000123
combine 1,078810 0,000191
combined 0,713350 0,000126
combines 2,302585 0,000408
combining 1,897120 0,000336
comets 2,659260 0,000471
comfort 0,150823 0,000027
command 0,162519 0,000029
commands 0,616186 0,000109
commence 0,941609 0,000167
commenced 0,798508 0,000141
commencement 1,139434 0,000202
commences 1,897120 0,000336
commencing 1,660731 0,000294
commend 1,347074 0,000239
commensurate 3,218876 0,000570
commercial 0,274437 0,000049
commercium 3,506558 0,000621
commit 0,527633 0,000093
committed 0,150823 0,000027
common 0,072571 0,000013
commonest 1,832581 0,000325
commonly 0,755023 0,000134
commune 1,966113 0,000348
communicate 0,820981 0,000145
communicated 0,673345 0,000119
communicates 2,207275 0,000391
communicating 1,427116 0,000253
communication 0,597837 0,000106
communion 1,427116 0,000253
communis 3,506558 0,000621
communities 1,714798 0,000304
community 0,616186 0,000109
company 0,020203 0,000004
comparative 0,994252 0,000176
comparatively 0,634878 0,000112
compare 0,510826 0,000090
compared 0,274437 0,000049
compares 1,660731 0,000294
comparing 0,867501 0,000154
comparison 0,478036 0,000085
comparisons 1,714798 0,000304
compartments 1,897120 0,000336
compass 0,673345 0,000119
compel 0,916291 0,000162
compelled 0,527633 0,000093
compelling 1,560648 0,000276
compels 1,309333 0,000232
compendium 3,506558 0,000621
compensate 1,897120 0,000336
compensated 1,897120 0,000336
compensates 3,218876 0,000570
compensation 1,108663 0,000196
competent 1,139434 0,000202
compilation 0,494296 0,000088
complain 0,446287 0,000079
complaint 0,616186 0,000109
complaints 0,916291 0,000162
complemental 3,506558 0,000621
complete 0,150823 0,000027
completed 0,446287 0,000079
completely 0,274437 0,000049
completeness 1,966113 0,000348
completing 1,469676 0,000260
completion 1,386294 0,000246
complex 1,139434 0,000202
compliance 0,342490 0,000061
comply 0,342490 0,000061
complying 0,446287 0,000079
component 3,218876 0,000570
compose 0,916291 0,000162
composed 0,328504 0,000058
composita 3,912023 0,000693
composite 2,302585 0,000408
composition 0,820981 0,000145
compound 1,237874 0,000219
compounded 1,714798 0,000304
comprehend 0,616186 0,000109
comprehended 0,967584 0,000171
comprehending 1,560648 0,000276
comprehends 2,207275 0,000391
comprehensibility 3,912023 0,000693
comprehensible 1,832581 0,000325
comprehension 1,203973 0,000213
comprehensive 1,237874 0,000219
compressed 0,342490 0,000061
comprise 2,207275 0,000391
comprised 1,560648 0,000276
comprises 2,207275 0,000391
compulsion 1,609438 0,000285
compute 2,407946 0,000426
concatenation 2,813411 0,000498
concave 2,040221 0,000361
conceal 0,301105 0,000053
concealed 0,415515 0,000074
concealment 1,108663 0,000196
concede 2,040221 0,000361
conceded 1,660731 0,000294
conceit 1,021651 0,000181
conceivable 1,386294 0,000246
conceive 0,544727 0,000096
conceived 0,462035 0,000082
conceiving 1,272966 0,000225
concept 0,544727 0,000096
conception 0,653926 0,000116
conceptions 1,514128 0,000268
conceptus 3,912023 0,000693
concern 0,430783 0,000076
concerned 0,287682 0,000051
concernment 2,813411 0,000498
concerns 0,820981 0,000145
concession 1,771957 0,000314
concessions 1,832581 0,000325
conclude 0,843970 0,000149
concluded 0,356675 0,000063
concludes 2,120264 0,000376
concluding 1,272966 0,000225
conclusion 0,235722 0,000042
conclusions 0,916291 0,000162
conclusive 1,427116 0,000253
conclusiveness 3,218876 0,000570
concordant 3,506558 0,000621
concrete 1,897120 0,000336
condemn 0,867501 0,000154
condemned 0,653926 0,000116
condition 0,094311 0,000017
conditionally 2,813411 0,000498
conditioned 2,040221 0,000361
conditions 0,342490 0,000061
conduce 1,966113 0,000348
conducive 1,560648 0,000276
conduct 0,198451 0,000035
conducted 0,415515 0,000074
conducting 1,108663 0,000196
conducts 1,897120 0,000336
cone 2,120264 0,000376
confer 1,272966 0,000225
conferred 1,171183 0,000207
confess 0,198451 0,000035
confessed 0,579818 0,000103
confesses 1,966113 0,000348
confessing 1,609438 0,000285
confession 0,579818 0,000103
confidence 0,139262 0,000025
confident 0,510826 0,000090
confidently 1,049822 0,000186
confine 0,755023 0,000134
confined 0,385662 0,000068
confines 1,386294 0,000246
confining 1,897120 0,000336
confirm 0,755023 0,000134
confirmation 0,356675 0,000063
confirmed 0,174353 0,000031
confirms 1,832581 0,000325
conflict 0,693147 0,000123
conflicting 1,560648 0,000276
conflicts 2,040221 0,000361
confluence 2,995732 0,000531
conform 1,427116 0,000253
conformability 3,912023 0,000693
conformable 2,525729 0,000447
conformably 2,813411 0,000498
conformed 2,659260 0,000471
conformity 1,514128 0,000268
conforms 2,995732 0,000531
confound 0,733969 0,000130
confounded 0,693147 0,000123
confounding 1,897120 0,000336
confront 1,660731 0,000294
confuse 1,897120 0,000336
confused 0,248461 0,000044
confusedly 1,660731 0,000294
confusing 1,966113 0,000348
confusion 0,301105 0,000053
confusions 2,995732 0,000531
confutation 3,506558 0,000621
confuted 2,407946 0,000426
confuting 3,218876 0,000570
congeries 3,506558 0,000621
congruent 3,912023 0,000693
conjecture 0,798508 0,000141
conjectured 1,427116 0,000253
conjectures 1,078810 0,000191
conjoin 2,995732 0,000531
conjoined 2,407946 0,000426
conjoining 3,506558 0,000621
conjoins 3,506558 0,000621
conjunction 1,272966 0,000225
connect 1,347074 0,000239
connected 0,415515 0,000074
connecting 1,347074 0,000239
connection 0,462035 0,000082
connections 1,237874 0,000219
connects 1,897120 0,000336
conquered 0,798508 0,000141
conqueror 1,108663 0,000196
conquests 1,714798 0,000304
conscious 0,314711 0,000056
consciously 1,469676 0,000260
consciousness 0,371064 0,000066
consequence 0,328504 0,000058
consequences 0,371064 0,000066
consequent 1,203973 0,000213
consequential 0,478036 0,000085
considerable 0,105361 0,000019
consideration 0,274437 0,000049
considerations 0,891598 0,000158
consist 0,867501 0,000154
consistence 2,525729 0,000447
consistency 1,427116 0,000253
consistent 0,798508 0,000141
consisting 0,916291 0,000162
consists 0,776529 0,000138
console 1,021651 0,000181
consoling 1,714798 0,000304
consonant 2,659260 0,000471
constant 0,051293 0,000009
constantly 0,371064 0,000066
constituent 2,525729 0,000447
constitute 1,171183 0,000207
constituted 1,049822 0,000186
constitutes 1,469676 0,000260
constituting 2,040221 0,000361
constitution 0,843970 0,000149
constitutive 3,912023 0,000693
constrained 0,843970 0,000149
constraining 2,659260 0,000471
constraint 1,272966 0,000225
construct 1,427116 0,000253
constructed 0,867501 0,000154
constructing 1,714798 0,000304
construction 0,755023 0,000134
constructions 2,995732 0,000531
constructs 3,218876 0,000570
consult 0,579818 0,000103
consulted 0,673345 0,000119
contact 0,210721 0,000037
contagious 2,040221 0,000361
contemplate 0,994252 0,000176
contemplated 1,078810 0,000191
contemplates 2,525729 0,000447
contemplation 0,527633 0,000093
contemporaneous 3,506558 0,000621
contemporaneously 3,912023 0,000693
contempt 0,446287 0,000079
contemptuous 1,049822 0,000186
contending 1,309333 0,000232
content 0,186330 0,000033
contented 0,400478 0,000071
contentless 3,912023 0,000693
contentment 1,347074 0,000239
contents 0,094311 0,000017
contest 1,021651 0,000181
contests 1,966113 0,000348
context 2,207275 0,000391
contiguity 2,995732 0,000531
contiguous 1,897120 0,000336
continent 0,891598 0,000158
continents 1,897120 0,000336
contingence 3,912023 0,000693
contingencies 2,207275 0,000391
contingency 2,525729 0,000447
contingent 1,714798 0,000304
contingently 3,912023 0,000693
continua 3,912023 0,000693
continual 0,693147 0,000123
continually 0,446287 0,000079
continuance 1,237874 0,000219
continuation 1,347074 0,000239
continuations 3,506558 0,000621
continue 0,261365 0,000046
continued 0,072571 0,000013
continues 0,941609 0,000167
continuing 0,755023 0,000134
continuity 2,040221 0,000361
continuous 0,867501 0,000154
continuum 3,506558 0,000621
contract 0,261365 0,000046
contracted 0,755023 0,000134
contraction 1,660731 0,000294
contradict 1,078810 0,000191
contradicted 1,309333 0,000232
contradiction 0,967584 0,000171
contradictions 1,272966 0,000225
contradictories 3,912023 0,000693
contradictorily 3,506558 0,000621
contradictory 1,272966 0,000225
contradicts 2,659260 0,000471
contradistinction 2,659260 0,000471
contrariwise 2,813411 0,000498
contrary 0,198451 0,000035
contrast 0,494296 0,000088
contribute 1,049822 0,000186
contributed 0,843970 0,000149
contributes 1,897120 0,000336
contributing 1,714798 0,000304
contributions 0,430783 0,000076
control 0,314711 0,000056
controversies 2,207275 0,000391
controversy 1,514128 0,000268
convenience 0,755023 0,000134
convenient 0,462035 0,000082
conveniently 1,203973 0,000213
conventionalism 3,912023 0,000693
conversation 0,186330 0,000033
converse 0,776529 0,000138
conversely 2,995732 0,000531
conversion 1,427116 0,000253
convert 0,385662 0,000068
converted 0,820981 0,000145
converting 1,560648 0,000276
convey 0,544727 0,000096
conveyed 0,634878 0,000112
convict 1,272966 0,000225
conviction 0,462035 0,000082
convictions 1,514128 0,000268
convince 0,634878 0,000112
convinced 0,287682 0,000051
convinces 2,525729 0,000447
convincing 1,108663 0,000196
convulsion 1,469676 0,000260
copernican 3,912023 0,000693
copernicus 3,218876 0,000570
copula 3,912023 0,000693
copying 0,494296 0,000088
copyright 0,415515 0,000074
corner 0,127833 0,000023
corporation 0,462035 0,000082
corporeal 1,966113 0,000348
corpus 2,207275 0,000391
correct 0,385662 0,000068
corrected 0,733969 0,000130
correcting 1,560648 0,000276
correction 1,203973 0,000213
corrections 1,897120 0,000336
corrective 2,525729 0,000447
correctly 0,843970 0,000149
correctness 1,832581 0,000325
corrects 2,302585 0,000408
correlate 3,912023 0,000693
correlates 3,912023 0,000693
correlative 2,995732 0,000531
correspond 1,272966 0,000225
correspondence 0,820981 0,000145
corresponds 1,771957 0,000314
corroborating 3,218876 0,000570
corrupt 0,274437 0,000049
corruption 0,820981 0,000145
corrupts 2,659260 0,000471
cosmical 3,506558 0,000621
cosmological 3,912023 0,000693
cosmologically 3,912023 0,000693
cosmology 3,506558 0,000621
cost 0,105361 0,000019
costs 0,287682 0,000051
counsel 0,527633 0,000093
countenance 0,415515 0,000074
counter 0,843970 0,000149
counterbalancing 3,506558 0,000621
counters 2,040221 0,000361
countries 0,235722 0,000042
country 0,010050 0,000002
coupled 1,469676 0,000260
courage 0,150823 0,000027
court 0,127833 0,000023
courtesy 0,713350 0,000126
covering 0,446287 0,000079
covertly 2,407946 0,000426
create 0,597837 0,000106
created 0,116534 0,000021
creates 1,714798 0,000304
creating 0,342490 0,000061
creation 0,235722 0,000042
creations 1,660731 0,000294
creative 1,771957 0,000314
creator 1,139434 0,000202
creators 2,995732 0,000531
creature 0,174353 0,000031
credential 3,506558 0,000621
credentials 2,207275 0,000391
credit 0,094311 0,000017
credulity 2,040221 0,000361
creep 0,820981 0,000145
crime 0,314711 0,000056
criteria 2,995732 0,000531
criterion 2,302585 0,000408
critic 1,347074 0,000239
critical 0,235722 0,000042
criticism 0,867501 0,000154
criticize 2,525729 0,000447
criticized 2,525729 0,000447
critics 1,347074 0,000239
critique 2,813411 0,000498
crowd 0,198451 0,000035
crowded 0,301105 0,000053
crown 0,314711 0,000056
crowned 0,867501 0,000154
crowns 1,386294 0,000246
crucible 2,525729 0,000447
crude 1,386294 0,000246
cubic 2,120264 0,000376
culpable 2,207275 0,000391
culprit 1,560648 0,000276
cultivated 0,693147 0,000123
cultivation 1,469676 0,000260
culture 1,171183 0,000207
cum 1,966113 0,000348
cure 0,430783 0,000076
curiosity 0,223144 0,000040
current 0,127833 0,000023
cursory 2,302585 0,000408
curvature 2,813411 0,000498
curved 1,171183 0,000207
curvilinear 3,506558 0,000621
cushion 1,347074 0,000239
customary 0,653926 0,000116
customs 0,713350 0,000126
cut 0,040822 0,000007
cutting 0,415515 0,000074
damage 0,261365 0,000046
damaged 0,356675 0,000063
damages 0,400478 0,000071
danger 0,116534 0,000021
dangerous 0,150823 0,000027
dark 0,051293 0,000009
darkest 1,427116 0,000253
darkness 0,186330 0,000033
darling 0,916291 0,000162
data 0,494296 0,000088
datum 3,912023 0,000693
david 0,597837 0,000106
dawned 1,049822 0,000186
day 0,000000 0,000000
days 0,020203 0,000004
dead 0,072571 0,000013
deaf 0,634878 0,000112
deal 0,105361 0,000019
dealing 0,616186 0,000109
deals 1,272966 0,000225
dealt 0,597837 0,000106
death 0,020203 0,000004
debarred 2,207275 0,000391
decade 2,120264 0,000376
decay 0,634878 0,000112
deceit 1,021651 0,000181
deceitful 1,347074 0,000239
deceive 0,527633 0,000093
deceived 0,430783 0,000076
deceptions 2,302585 0,000408
deceptive 2,040221 0,000361
decide 0,274437 0,000049
decided 0,186330 0,000033
decidedly 0,867501 0,000154
decides 1,609438 0,000285
deciding 1,427116 0,000253
decision 0,579818 0,000103
decisive 0,867501 0,000154
declaration 0,994252 0,000176
declarations 2,302585 0,000408
declare 0,342490 0,000061
declared 0,210721 0,000037
declares 1,049822 0,000186
declaring 0,891598 0,000158
decline 0,673345 0,000119
declined 0,776529 0,000138
decompose 3,218876 0,000570
decomposition 2,659260 0,000471
decrease 2,120264 0,000376
decreases 2,995732 0,000531
decried 2,995732 0,000531
decry 3,218876 0,000570
deduce 2,302585 0,000408
deduced 1,832581 0,000325
deducible 3,218876 0,000570
deducing 2,813411 0,000498
deductible 0,562119 0,000100
deduction 1,771957 0,000314
deductions 2,302585 0,000408
deed 0,478036 0,000085
deem 1,237874 0,000219
deep 0,051293 0,000009
deeper 0,328504 0,000058
deepest 0,673345 0,000119
deeply 0,261365 0,000046
defect 0,328504 0,000058
defective 0,356675 0,000063
defects 0,301105 0,000053
defence 0,597837 0,000106
defences 1,897120 0,000336
defend 0,400478 0,000071
defended 0,653926 0,000116
defenders 1,966113 0,000348
defensive 1,560648 0,000276
defer 1,427116 0,000253
deficiencies 1,714798 0,000304
deficiency 1,469676 0,000260
deficient 1,272966 0,000225
define 1,272966 0,000225
defined 0,867501 0,000154
defines 2,525729 0,000447
defining 2,813411 0,000498
definite 0,755023 0,000134
definition 1,272966 0,000225
definitions 2,407946 0,000426
degrading 1,386294 0,000246
degree 0,198451 0,000035
degrees 0,446287 0,000079
deist 3,506558 0,000621
deistic 3,506558 0,000621
deity 1,237874 0,000219
delay 0,287682 0,000051
deletions 0,562119 0,000100
delineate 2,407946 0,000426
delineated 2,813411 0,000498
deliverance 0,941609 0,000167
delivered 0,342490 0,000061
delivers 1,897120 0,000336
delivery 0,994252 0,000176
deludes 3,218876 0,000570
deluding 2,407946 0,000426
delusion 1,078810 0,000191
delusions 1,897120 0,000336
delusive 2,525729 0,000447
demand 0,127833 0,000023
demanded 0,400478 0,000071
demanding 1,203973 0,000213
demands 0,673345 0,000119
demarcation 2,813411 0,000498
demerit 3,912023 0,000693
demonstrable 2,813411 0,000498
demonstrate 1,469676 0,000260
demonstrated 1,237874 0,000219
demonstrates 2,995732 0,000531
demonstrating 2,659260 0,000471
demonstration 1,386294 0,000246
demonstrations 1,514128 0,000268
demonstrative 1,897120 0,000336
demonstratively 3,506558 0,000621
demur 2,207275 0,000391
demurred 2,525729 0,000447
denial 0,798508 0,000141
denied 0,287682 0,000051
denies 1,660731 0,000294
denominate 3,218876 0,000570
denominated 2,407946 0,000426
denomination 2,525729 0,000447
denote 1,714798 0,000304
denoted 1,560648 0,000276
denotes 2,207275 0,000391
denounce 1,609438 0,000285
deny 0,301105 0,000053
denying 1,049822 0,000186
depart 0,400478 0,000071
department 0,941609 0,000167
departments 1,609438 0,000285
departs 1,832581 0,000325
departure 0,430783 0,000076
depend 0,371064 0,000066
dependence 1,309333 0,000232
dependent 0,843970 0,000149
depending 1,309333 0,000232
depends 0,198451 0,000035
depicted 1,427116 0,000253
deposit 1,427116 0,000253
depositor 3,912023 0,000693
depreciated 2,407946 0,000426
depressed 0,916291 0,000162
deprive 1,021651 0,000181
deprives 1,714798 0,000304
depriving 1,609438 0,000285
depths 0,446287 0,000079
derivable 2,995732 0,000531
derivation 2,302585 0,000408
derivative 0,510826 0,000090
derive 0,342490 0,000061
derived 0,248461 0,000044
derives 1,660731 0,000294
deriving 1,897120 0,000336
descartes 2,813411 0,000498
descend 0,478036 0,000085
descendants 1,108663 0,000196
descending 0,579818 0,000103
descent 0,634878 0,000112
description 0,274437 0,000049
desert 0,430783 0,000076
deserted 0,385662 0,000068
deserts 1,171183 0,000207
deserve 0,430783 0,000076
deserves 0,776529 0,000138
deserving 0,891598 0,000158
design 0,400478 0,000071
designate 1,897120 0,000336
designated 1,660731 0,000294
designates 2,659260 0,000471
designating 2,407946 0,000426
designation 1,714798 0,000304
designed 0,916291 0,000162
designing 1,771957 0,000314
designs 0,733969 0,000130
desirable 0,733969 0,000130
desire 0,072571 0,000013
desired 0,150823 0,000027
desires 0,478036 0,000085
desiring 0,916291 0,000162
desirous 0,634878 0,000112
desist 1,660731 0,000294
despairing 0,798508 0,000141
desperate 0,328504 0,000058
despicable 1,469676 0,000260
despise 0,693147 0,000123
despising 1,660731 0,000294
despotic 1,897120 0,000336
despotism 2,040221 0,000361
destination 1,078810 0,000191
destined 0,494296 0,000088
destiny 0,634878 0,000112
destitute 0,916291 0,000162
destroy 0,127833 0,000023
destroyed 0,274437 0,000049
destroying 0,776529 0,000138
destroys 1,427116 0,000253
destruction 0,342490 0,000061
destructive 1,049822 0,000186
detach 0,446287 0,000079
detailed 1,469676 0,000260
detain 0,820981 0,000145
detaining 1,609438 0,000285
detect 0,994252 0,000176
detected 0,776529 0,000138
detecting 1,966113 0,000348
detection 1,427116 0,000253
deter 1,897120 0,000336
determinability 3,912023 0,000693
determinable 3,506558 0,000621
determinate 2,525729 0,000447
determinately 3,912023 0,000693
determination 0,634878 0,000112
determinations 2,407946 0,000426
determinative 3,912023 0,000693
determine 0,210721 0,000037
determined 0,174353 0,000031
determines 1,714798 0,000304
determining 1,237874 0,000219
detract 2,207275 0,000391
detriment 1,771957 0,000314
detrimental 2,813411 0,000498
develop 1,237874 0,000219
developed 0,544727 0,000096
development 0,755023 0,000134
deviate 2,120264 0,000376
deviating 2,995732 0,000531
deviations 2,659260 0,000471
devices 1,272966 0,000225
devised 1,171183 0,000207
devises 3,218876 0,000570
devoid 1,309333 0,000232
devote 0,755023 0,000134
devoted 0,301105 0,000053
devoting 1,660731 0,000294
diagonal 2,525729 0,000447
dialectic 2,813411 0,000498
dialectical 3,218876 0,000570
dialectically 3,912023 0,000693
dialectician 2,995732 0,000531
dialectics 3,506558 0,000621
diameter 1,897120 0,000336
dichotomy 3,912023 0,000693
dictate 1,203973 0,000213
dictated 1,272966 0,000225
dictates 1,469676 0,000260
dictation 2,040221 0,000361
dictatorial 2,813411 0,000498
dictum 2,659260 0,000471
didactically 3,506558 0,000621
die 0,105361 0,000019
difference 0,198451 0,000035
differences 0,820981 0,000145
difficult 0,116534 0,000021
difficulties 0,385662 0,000068
difficulty 0,139262 0,000025
dignity 0,314711 0,000056
digressions 2,302585 0,000408
dilemma 1,660731 0,000294
dim 0,415515 0,000074
dimension 2,040221 0,000361
dimensions 0,967584 0,000171
diminish 0,994252 0,000176
diminished 0,776529 0,000138
diminution 1,832581 0,000325
diogenes 2,120264 0,000376
direct 0,083382 0,000015
directed 0,287682 0,000051
directing 0,843970 0,000149
direction 0,083382 0,000015
directions 0,314711 0,000056
directs 1,832581 0,000325
disadvantage 0,994252 0,000176
disagreement 1,897120 0,000336
disallowed 2,995732 0,000531
disappear 0,891598 0,000158
disappearance 1,272966 0,000225
disappeared 0,356675 0,000063
disappears 1,469676 0,000260
disappointed 0,415515 0,000074
disappointment 0,462035 0,000082
disapproval 1,966113 0,000348
disarranging 3,506558 0,000621
discerned 1,272966 0,000225
discipline 0,653926 0,000116
disclaim 0,510826 0,000090
disclaimer 0,562119 0,000100
disclaimers 0,562119 0,000100
disclose 1,272966 0,000225
disclosed 0,867501 0,000154
discloses 2,525729 0,000447
disconcert 2,207275 0,000391
disconnected 1,771957 0,000314
discontinue 0,544727 0,000096
discontinued 3,218876 0,000570
discontinuing 3,912023 0,000693
discord 1,203973 0,000213
discover 0,083382 0,000015
discoverable 2,995732 0,000531
discovered 0,051293 0,000009
discoverer 2,040221 0,000361
discoveries 0,941609 0,000167
discovering 0,733969 0,000130
discovers 1,560648 0,000276
discovery 0,371064 0,000066
discursive 2,659260 0,000471
discursively 3,912023 0,000693
discuss 0,673345 0,000119
discussed 0,820981 0,000145
discussing 0,916291 0,000162
discussion 0,673345 0,000119
discussions 1,309333 0,000232
disease 0,371064 0,000066
disengage 1,714798 0,000304
disfigure 2,302585 0,000408
disguise 0,562119 0,000100
disguised 0,867501 0,000154
disjoin 3,506558 0,000621
disjunctive 3,506558 0,000621
disk 0,446287 0,000079
dislike 0,616186 0,000109
dismay 0,776529 0,000138
dismiss 1,108663 0,000196
dismissed 0,597837 0,000106
dismissing 1,832581 0,000325
disparage 2,995732 0,000531
disparaging 2,525729 0,000447
dispassionate 2,120264 0,000376
dispelled 1,771957 0,000314
dispensable 3,506558 0,000621
dispense 1,347074 0,000239
dispensed 1,427116 0,000253
dispenses 2,525729 0,000447
display 0,261365 0,000046
displayed 0,198451 0,000035
displaying 0,342490 0,000061
displays 1,386294 0,000246
displeasure 0,941609 0,000167
disposed 0,385662 0,000068
disposing 1,469676 0,000260
disposition 0,400478 0,000071
dispositions 1,469676 0,000260
disproportionate 1,832581 0,000325
disproved 2,120264 0,000376
disproving 3,218876 0,000570
disputants 2,995732 0,000531
dispute 0,562119 0,000100
disputes 1,078810 0,000191
disputing 1,309333 0,000232
disquiet 1,560648 0,000276
disregard 1,021651 0,000181
disrepute 2,659260 0,000471
dissatisfaction 1,609438 0,000285
dissect 2,040221 0,000361
dissecting 2,120264 0,000376
dissection 2,813411 0,000498
dissension 2,207275 0,000391
dissimilar 1,832581 0,000325
dissimilarity 3,506558 0,000621
dissipate 2,120264 0,000376
dissolution 1,469676 0,000260
dissolves 2,207275 0,000391
distance 0,105361 0,000019
distances 1,171183 0,000207
distant 0,162519 0,000029
distinct 0,301105 0,000053
distinction 0,446287 0,000079
distinctions 1,078810 0,000191
distinctive 1,832581 0,000325
distinctness 1,469676 0,000260
distinguish 0,356675 0,000063
distinguishable 1,771957 0,000314
distinguished 0,301105 0,000053
distinguishes 1,714798 0,000304
distinguishing 1,078810 0,000191
distract 1,309333 0,000232
distribute 0,400478 0,000071
distributed 0,248461 0,000044
distributing 0,446287 0,000079
distribution 0,430783 0,000076
distributive 3,218876 0,000570
distributor 0,562119 0,000100
distrust 0,891598 0,000158
distrustful 2,120264 0,000376
disturb 0,478036 0,000085
disunion 3,218876 0,000570
disunited 3,218876 0,000570
disuse 2,120264 0,000376
divers 1,203973 0,000213
diverse 1,514128 0,000268
diversified 2,040221 0,000361
diversities 2,995732 0,000531
diversity 1,609438 0,000285
diverted 0,941609 0,000167
divest 2,302585 0,000408
divested 1,832581 0,000325
divide 0,616186 0,000109
divided 0,210721 0,000037
divides 1,272966 0,000225
dividing 0,673345 0,000119
divine 0,430783 0,000076
divinity 0,941609 0,000167
divisibility 3,912023 0,000693
divisible 2,995732 0,000531
division 0,653926 0,000116
divisions 1,237874 0,000219
docile 1,714798 0,000304
doctrinal 3,218876 0,000570
doctrine 0,733969 0,000130
doctrines 1,203973 0,000213
dog 0,261365 0,000046
dogma 2,120264 0,000376
dogmas 2,407946 0,000426
dogmata 3,218876 0,000570
dogmatic 2,302585 0,000408
dogmatical 2,813411 0,000498
dogmatically 2,995732 0,000531
dogmatism 2,995732 0,000531
dogmatist 3,218876 0,000570
dogmatists 3,218876 0,000570
dogmatizing 3,506558 0,000621
dollars 1,272966 0,000225
domain 0,328504 0,000058
domains 2,659260 0,000471
dominion 0,994252 0,000176
donate 0,562119 0,000100
donation 0,494296 0,000088
donations 0,494296 0,000088
donors 0,527633 0,000093
door 0,040822 0,000007
double 0,186330 0,000033
doubt 0,040822 0,000007
doubted 0,478036 0,000085
doubting 1,049822 0,000186
doubts 0,494296 0,000088
dove 1,078810 0,000191
downfall 1,609438 0,000285
downloading 0,562119 0,000100
downward 0,798508 0,000141
draughts 1,469676 0,000260
draw 0,105361 0,000019
drawing 0,139262 0,000025
drawn 0,094311 0,000017
draws 0,755023 0,000134
dread 0,371064 0,000066
dream 0,198451 0,000035
dreaming 0,562119 0,000100
dreams 0,274437 0,000049
dress 0,186330 0,000033
drew 0,162519 0,000029
driest 3,506558 0,000621
drinks 0,967584 0,000171
drive 0,186330 0,000033
driven 0,127833 0,000023
drives 0,867501 0,000154
drop 0,150823 0,000027
drops 0,544727 0,000096
dry 0,127833 0,000023
ducat 2,995732 0,000531
dull 0,174353 0,000031
dullest 2,040221 0,000361
dumb 0,562119 0,000100
duration 1,078810 0,000191
duties 0,356675 0,000063
duty 0,083382 0,000015
dwell 0,478036 0,000085
dwelling 0,494296 0,000088
dynamical 3,912023 0,000693
dynamically 3,912023 0,000693
dynamics 3,218876 0,000570
ear 0,139262 0,000025
earnest 0,261365 0,000046
earnestly 0,415515 0,000074
earth 0,051293 0,000009
earthly 0,673345 0,000119
earths 2,659260 0,000471
ease 0,162519 0,000029
easily 0,072571 0,000013
easy 0,040822 0,000007
economical 1,514128 0,000268
economize 2,995732 0,000531
economy 0,820981 0,000145
ectypal 3,912023 0,000693
edifice 1,660731 0,000294
edifices 1,832581 0,000325
edifying 1,771957 0,000314
edition 0,287682 0,000051
editions 0,385662 0,000068
education 0,446287 0,000079
educational 0,446287 0,000079
effective 0,967584 0,000171
efficiency 2,040221 0,000361
efficient 1,309333 0,000232
effort 0,094311 0,000017
efforts 0,139262 0,000025
ego 1,771957 0,000314
egyptians 1,560648 0,000276
elaborate 0,891598 0,000158
elaborating 3,506558 0,000621
elaboration 2,525729 0,000447
elapsed 0,967584 0,000171
elect 0,328504 0,000058
electronic 0,544727 0,000096
electronically 0,544727 0,000096
elegance 0,994252 0,000176
element 0,510826 0,000090
elemental 1,897120 0,000336
elementary 1,427116 0,000253
elements 0,673345 0,000119
elenchi 3,218876 0,000570
elevate 1,469676 0,000260
elevated 0,891598 0,000158
elevating 1,897120 0,000336
elevation 0,843970 0,000149
elevations 2,659260 0,000471
eliminate 2,525729 0,000447
eliminating 3,912023 0,000693
ellipse 3,506558 0,000621
ellipses 3,218876 0,000570
eloquent 0,820981 0,000145
elucidate 2,407946 0,000426
elucidation 3,218876 0,000570
elucidations 3,912023 0,000693
elude 1,469676 0,000260
eluded 1,560648 0,000276
email 0,562119 0,000100
embarrass 2,120264 0,000376
embarrassing 1,514128 0,000268
embarrassment 1,049822 0,000186
embarrassments 2,302585 0,000408
embellishments 2,120264 0,000376
embrace 0,462035 0,000082
embraced 0,562119 0,000100
embraces 1,049822 0,000186
embracing 0,867501 0,000154
emended 3,506558 0,000621
eminent 0,967584 0,000171
empire 0,653926 0,000116
empirical 3,218876 0,000570
empirically 3,506558 0,000621
empiricism 3,912023 0,000693
empiricist 3,912023 0,000693
empiricists 3,506558 0,000621
employ 0,510826 0,000090
employed 0,415515 0,000074
employee 0,527633 0,000093
employees 0,544727 0,000096
employing 1,171183 0,000207
employment 0,579818 0,000103
employs 1,560648 0,000276
empower 2,813411 0,000498
enable 0,579818 0,000103
enabled 0,430783 0,000076
enables 1,237874 0,000219
enabling 1,469676 0,000260
enacted 1,386294 0,000246
enclose 1,771957 0,000314
enclosed 0,916291 0,000162
enclosing 1,714798 0,000304
encoding 0,653926 0,000116
encounter 0,798508 0,000141
encounters 1,427116 0,000253
encourage 0,544727 0,000096
encourages 1,771957 0,000314
encroaching 2,302585 0,000408
endeavour 0,867501 0,000154
endeavoured 1,139434 0,000202
endeavouring 1,078810 0,000191
endless 0,478036 0,000085
endowed 0,820981 0,000145
endure 0,342490 0,000061
enduring 0,994252 0,000176
enemies 0,314711 0,000056
energetic 1,078810 0,000191
engage 0,634878 0,000112
engaged 0,198451 0,000035
engages 2,302585 0,000408
english 0,094311 0,000017
engraft 3,912023 0,000693
enigma 1,897120 0,000336
enigmatical 2,040221 0,000361
enjoined 1,609438 0,000285
enjoyed 0,415515 0,000074
enjoys 1,139434 0,000202
enlarge 1,272966 0,000225
enlarged 1,049822 0,000186
enlargement 2,207275 0,000391
enlarges 2,659260 0,000471
enlarging 1,832581 0,000325
enlightened 0,820981 0,000145
enounce 3,218876 0,000570
enounced 3,218876 0,000570
enouncement 3,912023 0,000693
enounces 3,912023 0,000693
enouncing 3,912023 0,000693
ens 2,995732 0,000531
ensemble 2,995732 0,000531
ensues 2,302585 0,000408
ensure 1,514128 0,000268
ensured 2,407946 0,000426
ensures 2,995732 0,000531
ensuring 0,544727 0,000096
enter 0,094311 0,000017
entered 0,051293 0,000009
entering 0,356675 0,000063
enters 0,843970 0,000149
entertain 0,597837 0,000106
entertained 0,616186 0,000109
entertains 1,832581 0,000325
entia 3,912023 0,000693
entire 0,274437 0,000049
entities 3,218876 0,000570
entitle 1,832581 0,000325
entitled 0,733969 0,000130
entity 0,544727 0,000096
entrust 2,040221 0,000361
entrusted 1,386294 0,000246
enumerate 1,966113 0,000348
enumerated 1,609438 0,000285
enumeration 1,714798 0,000304
enunciated 2,525729 0,000447
enunciation 2,813411 0,000498
epicurean 2,120264 0,000376
epicureanism 3,506558 0,000621
epigenesis 3,912023 0,000693
epithet 1,560648 0,000276
epoch 1,347074 0,000239
epochs 2,525729 0,000447
equal 0,174353 0,000031
equality 0,967584 0,000171
equally 0,223144 0,000040
equals 1,049822 0,000186
equations 3,506558 0,000621
equator 2,040221 0,000361
equilibrium 1,966113 0,000348
equipment 0,430783 0,000076
equipped 1,049822 0,000186
equitable 1,966113 0,000348
equivalent 1,078810 0,000191
equivocal 2,207275 0,000391
eradicated 2,659260 0,000471
ere 0,634878 0,000112
erect 0,597837 0,000106
erected 0,843970 0,000149
erecting 1,897120 0,000336
erection 1,966113 0,000348
erects 2,995732 0,000531
ergo 2,525729 0,000447
err 1,108663 0,000196
erroneous 1,514128 0,000268
erroneously 2,120264 0,000376
error 0,371064 0,000066
errors 0,248461 0,000044
escape 0,094311 0,000017
escaped 0,235722 0,000042
escaping 0,776529 0,000138
especial 1,309333 0,000232
essay 1,078810 0,000191
esse 2,813411 0,000498
essence 0,693147 0,000123
essential 0,597837 0,000106
essentially 1,347074 0,000239
est 1,309333 0,000232
establish 0,713350 0,000126
established 0,301105 0,000053
establishes 3,218876 0,000570
establishing 1,203973 0,000213
establishment 0,713350 0,000126
estimate 0,867501 0,000154
estimated 1,272966 0,000225
estimates 2,120264 0,000376
estimating 2,302585 0,000408
estimation 1,171183 0,000207
estranged 1,714798 0,000304
eternal 0,415515 0,000074
eternity 0,693147 0,000123
ethical 2,120264 0,000376
ethics 1,560648 0,000276
eulogize 3,912023 0,000693
european 0,867501 0,000154
euthanasia 3,506558 0,000621
evade 1,609438 0,000285
evading 2,040221 0,000361
evasion 1,897120 0,000336
evasions 2,302585 0,000408
evasive 2,207275 0,000391
event 0,342490 0,000061
events 0,223144 0,000040
everyday 1,272966 0,000225
evidence 0,261365 0,000046
evidences 1,427116 0,000253
evidencing 3,506558 0,000621
evident 0,356675 0,000063
evidently 0,371064 0,000066
evil 0,162519 0,000029
evils 0,798508 0,000141
evolve 2,995732 0,000531
evolved 2,302585 0,000408
exact 0,287682 0,000051
exactness 1,514128 0,000268
exaggerated 0,843970 0,000149
exaggerates 2,525729 0,000447
exaggerations 2,407946 0,000426
examination 0,385662 0,000068
examine 0,400478 0,000071
examined 0,356675 0,000063
examining 0,446287 0,000079
exceeding 0,916291 0,000162
exceedingly 0,462035 0,000082
excellence 1,049822 0,000186
excellent 0,150823 0,000027
exception 0,544727 0,000096
exceptions 1,139434 0,000202
exchange 0,342490 0,000061
excite 0,843970 0,000149
excited 0,248461 0,000044
excites 1,609438 0,000285
exciting 0,693147 0,000123
exclude 1,469676 0,000260
excluded 0,967584 0,000171
excludes 2,407946 0,000426
excluding 1,897120 0,000336
exclusion 0,371064 0,000066
exclusive 1,203973 0,000213
exclusively 1,139434 0,000202
excogitate 3,912023 0,000693
excusable 2,120264 0,000376
excuse 0,174353 0,000031
excuses 1,078810 0,000191
executed 0,733969 0,000130
executes 2,659260 0,000471
execution 0,597837 0,000106
executive 1,171183 0,000207
exemplification 3,218876 0,000570
exemplifies 3,506558 0,000621
exempt 0,371064 0,000066
exempted 1,771957 0,000314
exemption 2,302585 0,000408
exercise 0,287682 0,000051
exercised 0,867501 0,000154
exercises 0,891598 0,000158
exercising 1,514128 0,000268
exert 1,237874 0,000219
exerted 1,203973 0,000213
exertions 1,139434 0,000202
exerts 2,659260 0,000471
exhausted 0,400478 0,000071
exhibit 0,967584 0,000171
exhibited 0,891598 0,000158
exhibiting 1,347074 0,000239
exhibition 1,139434 0,000202
exhibits 1,832581 0,000325
exhort 2,120264 0,000376
exist 0,342490 0,000061
existed 0,510826 0,000090
existence 0,162519 0,000029
existences 2,302585 0,000408
existent 2,120264 0,000376
existential 3,912023 0,000693
existing 0,891598 0,000158
exists 0,235722 0,000042
expanded 1,427116 0,000253
expansion 1,771957 0,000314
expect 0,186330 0,000033
expectation 0,462035 0,000082
expectations 0,916291 0,000162
expected 0,105361 0,000019
expecting 0,510826 0,000090
expects 1,021651 0,000181
expedient 0,967584 0,000171
expend 0,462035 0,000082
expense 0,150823 0,000027
expenses 0,210721 0,000037
experience 0,083382 0,000015
experiences 0,755023 0,000134
experiment 0,733969 0,000130
experimental 1,560648 0,000276
experimented 2,813411 0,000498
experimenting 2,659260 0,000471
experiments 0,967584 0,000171
explain 0,186330 0,000033
explained 0,248461 0,000044
explaining 0,733969 0,000130
explains 1,203973 0,000213
explanation 0,139262 0,000025
explanations 0,994252 0,000176
explication 3,506558 0,000621
explicative 3,506558 0,000621
explore 1,078810 0,000191
exponent 2,995732 0,000531
exponents 3,912023 0,000693
exporting 0,510826 0,000090
expose 0,755023 0,000134
exposed 0,301105 0,000053
exposes 2,207275 0,000391
exposing 1,386294 0,000246
exposition 1,714798 0,000304
expositions 3,506558 0,000621
exposure 1,139434 0,000202
express 0,127833 0,000023
expressed 0,274437 0,000049
expresses 1,139434 0,000202
expressing 0,713350 0,000126
expression 0,127833 0,000023
expressions 0,634878 0,000112
expressive 0,733969 0,000130
expressly 0,820981 0,000145
extend 0,867501 0,000154
extended 0,446287 0,000079
extending 0,820981 0,000145
extends 1,139434 0,000202
extension 1,427116 0,000253
extensive 0,798508 0,000141
extensively 2,525729 0,000447
extent 0,083382 0,000015
exterior 1,272966 0,000225
external 0,562119 0,000100
externally 1,771957 0,000314
extinct 1,108663 0,000196
extinction 1,660731 0,000294
extirpate 2,525729 0,000447
extract 1,078810 0,000191
extracted 1,203973 0,000213
extraction 2,120264 0,000376
extraneously 3,912023 0,000693
extraordinary 0,371064 0,000066
extravagance 1,514128 0,000268
extravagant 0,916291 0,000162
extreme 0,235722 0,000042
extremely 0,385662 0,000068
extremes 1,171183 0,000207
exul 3,912023 0,000693
eye 0,030459 0,000005
eyes 0,010050 0,000002
facia 3,912023 0,000693
facilitate 1,771957 0,000314
facility 0,356675 0,000063
factitious 2,995732 0,000531
facto 2,659260 0,000471
faculties 0,693147 0,000123
faculty 0,755023 0,000134
fail 0,235722 0,000042
failed 0,198451 0,000035
failing 0,562119 0,000100
fails 0,891598 0,000158
failure 0,446287 0,000079
faint 0,261365 0,000046
fair 0,051293 0,000009
fairness 1,771957 0,000314
faith 0,210721 0,000037
fall 0,020203 0,000004
fallacies 2,659260 0,000471
fallacious 1,966113 0,000348
fallacy 2,207275 0,000391
fallen 0,083382 0,000015
fallible 2,813411 0,000498
falling 0,083382 0,000015
falls 0,328504 0,000058
false 0,210721 0,000037
falsehood 0,733969 0,000130
falsely 1,171183 0,000207
falseness 2,659260 0,000471
falsification 3,218876 0,000570
falsify 3,218876 0,000570
falsity 2,407946 0,000426
fame 0,478036 0,000085
familiar 0,150823 0,000027
family 0,072571 0,000013
famous 0,261365 0,000046
fanaticism 1,966113 0,000348
fancied 0,579818 0,000103
fancies 0,733969 0,000130
fanciful 1,272966 0,000225
fancy 0,198451 0,000035
fantastic 0,798508 0,000141
fantasy 2,040221 0,000361
fare 0,733969 0,000130
farthest 1,049822 0,000186
fashion 0,174353 0,000031
fashionable 0,916291 0,000162
fast 0,061875 0,000011
fatal 0,342490 0,000061
fatalism 3,218876 0,000570
fate 0,174353 0,000031
father 0,072571 0,000013
fault 0,162519 0,000029
faultiness 3,506558 0,000621
faultless 2,040221 0,000361
faulty 1,427116 0,000253
favour 0,579818 0,000103
favourable 0,776529 0,000138
favoured 1,021651 0,000181
favouring 1,966113 0,000348
favourite 0,653926 0,000116
favours 1,272966 0,000225
fear 0,020203 0,000004
fecundity 2,525729 0,000447
federal 0,527633 0,000093
fee 0,342490 0,000061
feel 0,020203 0,000004
feeling 0,105361 0,000019
feelings 0,314711 0,000056
feels 0,446287 0,000079
fees 0,415515 0,000074
feet 0,061875 0,000011
fell 0,051293 0,000009
fetters 1,309333 0,000232
fiction 0,891598 0,000158
fictions 2,040221 0,000361
fictitious 1,560648 0,000276
field 0,150823 0,000027
fields 0,287682 0,000051
fierce 0,478036 0,000085
fiery 0,713350 0,000126
fight 0,162519 0,000029
fighting 0,342490 0,000061
figurae 3,912023 0,000693
figurative 2,120264 0,000376
figuratively 1,966113 0,000348
figure 0,072571 0,000013
figures 0,248461 0,000044
file 0,235722 0,000042
files 0,478036 0,000085
filings 3,506558 0,000621
filling 2,407946 0,000426
final 0,342490 0,000061
finalis 3,912023 0,000693
finality 2,407946 0,000426
finally 0,150823 0,000027
financial 0,415515 0,000074
finespun 3,218876 0,000570
fingers 0,235722 0,000042
finish 0,314711 0,000056
finishing 0,843970 0,000149
finite 2,207275 0,000391
finitude 3,912023 0,000693
firm 0,274437 0,000049
firmly 0,342490 0,000061
firmness 0,994252 0,000176
firstly 1,897120 0,000336
fit 0,061875 0,000011
fitness 0,446287 0,000079
fitted 0,261365 0,000046
fitting 0,510826 0,000090
flashed 0,693147 0,000123
flat 0,248461 0,000044
flattened 1,714798 0,000304
flattening 3,218876 0,000570
flatter 0,713350 0,000126
flattering 0,798508 0,000141
flatters 2,302585 0,000408
flight 0,314711 0,000056
fling 0,967584 0,000171
float 0,967584 0,000171
flow 0,462035 0,000082
flowing 0,527633 0,000093
fluency 2,207275 0,000391
fluid 1,272966 0,000225
fluidity 3,912023 0,000693
focus 1,897120 0,000336
fog 0,713350 0,000126
follow 0,020203 0,000004
follower 1,660731 0,000294
followers 0,755023 0,000134
foot 0,083382 0,000015
footed 1,049822 0,000186
footing 0,820981 0,000145
footpath 1,897120 0,000336
footsteps 0,478036 0,000085
forbid 0,579818 0,000103
forbidden 0,544727 0,000096
forbidding 1,139434 0,000202
forbids 1,560648 0,000276
force 0,061875 0,000011
forced 0,139262 0,000025
forces 0,462035 0,000082
forcibly 0,820981 0,000145
forcing 0,693147 0,000123
fore 0,755023 0,000134
foregoing 1,714798 0,000304
foregone 2,407946 0,000426
foreign 0,301105 0,000053
foreseen 1,021651 0,000181
forestall 2,525729 0,000447
forethought 2,120264 0,000376
forgets 1,203973 0,000213
forgetting 0,597837 0,000106
forlorn 1,078810 0,000191
form 0,040822 0,000007
formal 0,673345 0,000119
formaliter 3,912023 0,000693
format 0,562119 0,000100
formation 1,139434 0,000202
formative 2,995732 0,000531
formats 0,562119 0,000100
formed 0,210721 0,000037
formidable 0,673345 0,000119
forming 0,527633 0,000093
forms 0,248461 0,000044
formula 1,514128 0,000268
formulae 3,218876 0,000570
formulas 2,813411 0,000498
forsaken 1,171183 0,000207
forthcoming 2,120264 0,000376
fortified 1,272966 0,000225
fortuitous 2,995732 0,000531
fortunate 0,415515 0,000074
fortunately 0,579818 0,000103
fortune 0,186330 0,000033
fosters 3,506558 0,000621
fought 0,371064 0,000066
foundation 0,174353 0,000031
foundations 0,843970 0,000149
fountain 0,713350 0,000126
fourfold 2,659260 0,000471
fourth 0,186330 0,000033
fourthly 1,832581 0,000325
fragmentary 1,966113 0,000348
frame 0,235722 0,000042
framed 0,916291 0,000162
framing 1,897120 0,000336
frankly 0,798508 0,000141
fraternal 2,040221 0,000361
freedom 0,223144 0,000040
freely 0,105361 0,000019
freezing 1,347074 0,000239
frequent 0,342490 0,000061
frequently 0,287682 0,000051
fresh 0,105361 0,000019
friends 0,020203 0,000004
frivolity 1,771957 0,000314
fruitful 1,171183 0,000207
fruitfulness 2,995732 0,000531
fruitless 1,049822 0,000186
frustrate 1,897120 0,000336
frustrated 2,040221 0,000361
fulfil 1,049822 0,000186
fulfilled 0,673345 0,000119
fulfils 2,407946 0,000426
function 1,347074 0,000239
functions 0,994252 0,000176
fund 1,272966 0,000225
fundamental 1,237874 0,000219
furnish 0,579818 0,000103
furnished 0,328504 0,000058
furnishes 1,560648 0,000276
furnishing 1,427116 0,000253
futility 1,966113 0,000348
future 0,105361 0,000019
gain 0,174353 0,000031
gained 0,261365 0,000046
gainer 2,407946 0,000426
gaining 0,544727 0,000096
gains 0,916291 0,000162
galilei 3,912023 0,000693
game 0,248461 0,000044
genealogical 2,525729 0,000447
genealogy 1,897120 0,000336
genera 2,525729 0,000447
generality 2,040221 0,000361
generalness 3,912023 0,000693
generate 2,120264 0,000376
generated 1,660731 0,000294
generates 2,659260 0,000471
generating 2,995732 0,000531
generation 0,510826 0,000090
generations 0,198451 0,000035
generic 2,659260 0,000471
generis 3,506558 0,000621
genesis 1,427116 0,000253
genius 0,400478 0,000071
genuine 0,597837 0,000106
genuineness 2,302585 0,000408
genus 2,207275 0,000391
geographers 2,659260 0,000471
geometrical 1,660731 0,000294
geometrician 3,218876 0,000570
geometricians 2,659260 0,000471
geometry 1,771957 0,000314
germ 1,609438 0,000285
german 0,510826 0,000090
germans 1,108663 0,000196
germany 1,049822 0,000186
germs 2,040221 0,000361
gift 0,261365 0,000046
gifts 0,527633 0,000093
gladly 0,544727 0,000096
glance 0,248461 0,000044
glass 0,186330 0,000033
glimmer 1,347074 0,000239
glimpses 1,021651 0,000181
glorious 0,462035 0,000082
goal 0,867501 0,000154
goals 0,544727 0,000096
goat 1,021651 0,000181
god 0,094311 0,000017
gold 0,083382 0,000015
goodness 0,328504 0,000058
govern 0,342490 0,000061
government 0,494296 0,000088
governments 1,469676 0,000260
governor 0,820981 0,000145
governs 1,660731 0,000294
grace 0,235722 0,000042
gradation 2,302585 0,000408
gradations 1,714798 0,000304
gradual 1,049822 0,000186
gradually 0,328504 0,000058
graduated 2,040221 0,000361
graduation 2,813411 0,000498
grand 0,342490 0,000061
grandeur 0,994252 0,000176
grant 0,371064 0,000066
granted 0,150823 0,000027
granting 1,203973 0,000213
grants 1,897120 0,000336
grasp 0,385662 0,000068
gratefully 0,415515 0,000074
gratified 1,171183 0,000207
gratuitous 2,302585 0,000408
gravitation 2,302585 0,000408
gravity 0,713350 0,000126
greatly 0,210721 0,000037
greatness 0,693147 0,000123
greek 0,544727 0,000096
greeks 0,994252 0,000176
groping 1,049822 0,000186
gross 0,235722 0,000042
grossly 1,386294 0,000246
ground 0,030459 0,000005
grounded 1,560648 0,000276
grounding 2,995732 0,000531
groundless 1,771957 0,000314
grounds 0,446287 0,000079
groundwork 2,120264 0,000376
grow 0,139262 0,000025
grown 0,116534 0,000021
grows 0,527633 0,000093
growth 0,462035 0,000082
guarantee 1,386294 0,000246
guaranteed 2,813411 0,000498
guaranteeing 3,218876 0,000570
guarantees 2,407946 0,000426
guard 0,174353 0,000031
guarded 0,597837 0,000106
guardianship 1,832581 0,000325
guarding 1,386294 0,000246
guards 0,673345 0,000119
guess 0,314711 0,000056
guesses 2,120264 0,000376
guest 0,527633 0,000093
guidance 0,776529 0,000138
guide 0,261365 0,000046
guided 0,462035 0,000082
guides 1,108663 0,000196
guiding 0,867501 0,000154
guilty 0,356675 0,000063
habit 0,223144 0,000040
habitation 1,139434 0,000202
habits 0,356675 0,000063
habitually 1,469676 0,000260
hair 0,094311 0,000017
halved 3,218876 0,000570
hand 0,010050 0,000002
handles 1,560648 0,000276
hands 0,020203 0,000004
haphazard 2,407946 0,000426
happen 0,150823 0,000027
happened 0,094311 0,000017
happening 0,634878 0,000112
happily 0,478036 0,000085
happiness 0,150823 0,000027
happy 0,072571 0,000013
hard 0,040822 0,000007
hardens 2,407946 0,000426
hardness 1,203973 0,000213
harm 0,210721 0,000037
harmless 0,248461 0,000044
harmonious 1,171183 0,000207
harmoniously 1,897120 0,000336
harmonize 2,659260 0,000471
harmonizes 3,506558 0,000621
harmony 0,579818 0,000103
harsh 0,510826 0,000090
hart 0,462035 0,000082
haste 0,371064 0,000066
hastens 2,207275 0,000391
hasty 0,510826 0,000090
hate 0,274437 0,000049
hateful 0,891598 0,000158
hazard 1,021651 0,000181
head 0,000000 0,000000
heads 0,094311 0,000017
healthy 0,356675 0,000063
heap 0,494296 0,000088
hear 0,010050 0,000002
heard 0,020203 0,000004
hearing 0,139262 0,000025
hears 0,673345 0,000119
heart 0,010050 0,000002
heat 0,274437 0,000049
heaven 0,198451 0,000035
heavenly 0,843970 0,000149
heavy 0,030459 0,000005
hecuba 2,525729 0,000447
height 0,261365 0,000046
heights 0,916291 0,000162
held 0,040822 0,000007
hemmed 1,560648 0,000276
henceforward 1,660731 0,000294
hereditary 1,108663 0,000196
heroes 0,713350 0,000126
herr 2,525729 0,000447
hesitate 0,616186 0,000109
hesitates 2,207275 0,000391
hesitation 0,616186 0,000109
heterogeneity 3,912023 0,000693
heterogeneous 2,525729 0,000447
heuristic 3,506558 0,000621
hew 2,207275 0,000391
hiatus 2,995732 0,000531
hidden 0,248461 0,000044
highly 0,261365 0,000046
highway 1,108663 0,000196
hinder 0,820981 0,000145
hinders 1,897120 0,000336
hindrance 1,139434 0,000202
hint 0,462035 0,000082
historian 1,108663 0,000196
historical 0,843970 0,000149
history 0,186330 0,000033
hitherto 0,385662 0,000068
hold 0,020203 0,000004
holder 0,446287 0,000079
holding 0,174353 0,000031
holds 0,342490 0,000061
hole 0,356675 0,000063
hollow 0,446287 0,000079
homogeneity 3,506558 0,000621
homogeneous 3,506558 0,000621
honest 0,235722 0,000042
honestly 0,843970 0,000149
honesty 0,733969 0,000130
honour 0,510826 0,000090
honoured 0,916291 0,000162
hope 0,010050 0,000002
hoped 0,210721 0,000037
hopeless 0,510826 0,000090
hopes 0,210721 0,000037
hoping 0,430783 0,000076
horizon 0,616186 0,000109
horizons 2,525729 0,000447
horizontal 1,514128 0,000268
hostile 0,776529 0,000138
house 0,020203 0,000004
hovering 1,171183 0,000207
hovers 1,966113 0,000348
human 0,083382 0,000015
humanity 0,494296 0,000088
humble 0,301105 0,000053
humbly 0,867501 0,000154
hume 2,207275 0,000391
humiliating 1,427116 0,000253
humiliation 0,941609 0,000167
hunted 0,867501 0,000154
hurry 0,328504 0,000058
hurtful 1,714798 0,000304
hyperbolic 3,912023 0,000693
hyperphysical 3,912023 0,000693
hypocrisy 1,386294 0,000246
hypostatic 3,912023 0,000693
hypostatization 3,912023 0,000693
hypostatize 3,912023 0,000693
hypostatized 3,912023 0,000693
hypostatizing 3,912023 0,000693
hypotheses 2,207275 0,000391
hypothesis 1,272966 0,000225
hypothetical 2,525729 0,000447
hypothetically 2,813411 0,000498
iceberg 2,659260 0,000471
idea 0,105361 0,000019
ideal 0,843970 0,000149
idealism 2,302585 0,000408
idealistic 3,218876 0,000570
ideality 2,995732 0,000531
idealizing 3,912023 0,000693
ideals 1,609438 0,000285
ideas 0,314711 0,000056
identical 0,994252 0,000176
identification 0,527633 0,000093
identify 0,415515 0,000074
identity 1,021651 0,000181
idle 0,274437 0,000049
idolaters 2,813411 0,000498
ignorance 0,287682 0,000051
ignorant 0,301105 0,000053
ignore 1,832581 0,000325
ignoring 1,897120 0,000336
iii 0,287682 0,000051
illegitimate 1,966113 0,000348
illimitable 2,525729 0,000447
illimitableness 3,912023 0,000693
illuminated 1,108663 0,000196
illuminations 2,995732 0,000531
illusion 1,049822 0,000186
illusions 1,660731 0,000294
illusory 2,659260 0,000471
illustrate 1,139434 0,000202
illustrated 1,021651 0,000181
illustrating 2,207275 0,000391
illustration 1,139434 0,000202
illustrations 1,108663 0,000196
illustrative 2,407946 0,000426
image 0,371064 0,000066
images 0,867501 0,000154
imaginary 0,755023 0,000134
imagination 0,223144 0,000040
imagine 0,139262 0,000025
imitate 0,891598 0,000158
imitated 0,994252 0,000176
imitating 1,427116 0,000253
imitation 0,693147 0,000123
imitative 2,525729 0,000447
immanence 3,912023 0,000693
immanent 3,506558 0,000621
immanuel 3,506558 0,000621
immaterial 1,966113 0,000348
immateriality 3,506558 0,000621
immeasurable 1,560648 0,000276
immeasurably 1,514128 0,000268
immense 0,314711 0,000056
immensity 2,040221 0,000361
imminently 3,506558 0,000621
immoral 1,660731 0,000294
immortal 0,776529 0,000138
immortality 1,171183 0,000207
immovable 1,203973 0,000213
immutable 1,714798 0,000304
impaired 1,609438 0,000285
impart 1,078810 0,000191
imparted 1,171183 0,000207
impartial 1,237874 0,000219
impartiality 1,966113 0,000348
imparts 1,897120 0,000336
impassable 1,560648 0,000276
impatient 0,371064 0,000066
impedes 3,218876 0,000570
impediment 1,714798 0,000304
impediments 2,120264 0,000376
impelled 1,049822 0,000186
impelling 2,813411 0,000498
impels 2,659260 0,000471
impenetrability 3,218876 0,000570
impenetrable 1,049822 0,000186
imperative 1,237874 0,000219
imperatively 2,659260 0,000471
imperatives 3,506558 0,000621
imperfect 0,673345 0,000119
imperfection 1,560648 0,000276
imperfectly 1,386294 0,000246
imperilled 2,302585 0,000408
impetus 1,966113 0,000348
implanted 1,832581 0,000325
implied 0,371064 0,000066
implies 1,386294 0,000246
imply 1,078810 0,000191
import 1,021651 0,000181
impose 0,941609 0,000167
imposed 0,210721 0,000037
imposes 1,966113 0,000348
imposing 0,843970 0,000149
impossibility 1,021651 0,000181
impossible 0,094311 0,000017
impotent 1,272966 0,000225
impracticability 3,218876 0,000570
impracticable 1,237874 0,000219
impregnation 3,506558 0,000621
impression 0,210721 0,000037
impressions 0,891598 0,000158
improperly 2,120264 0,000376
improved 0,562119 0,000100
improvement 0,673345 0,000119
improvements 1,139434 0,000202
improvidently 3,912023 0,000693
improvising 3,506558 0,000621
impugned 3,506558 0,000621
impulse 0,462035 0,000082
impulses 1,237874 0,000219
impure 1,469676 0,000260
imputable 3,218876 0,000570
imputation 1,714798 0,000304
imputed 1,609438 0,000285
imputing 3,218876 0,000570
inability 1,386294 0,000246
inaccurate 0,510826 0,000090
inaction 1,966113 0,000348
inactive 1,897120 0,000336
inadequacy 2,659260 0,000471
inadequate 1,237874 0,000219
inadmissible 2,995732 0,000531
inadvertently 2,120264 0,000376
inane 2,659260 0,000471
inanimate 1,272966 0,000225
inapplicable 2,995732 0,000531
inappropriate 2,120264 0,000376
incapable 0,562119 0,000100
incapacitate 3,912023 0,000693
incapacitates 3,912023 0,000693
incapacity 1,714798 0,000304
incautious 2,813411 0,000498
incessantly 0,916291 0,000162
inch 0,634878 0,000112
incidental 0,446287 0,000079
incite 2,813411 0,000498
incited 1,714798 0,000304
incitement 2,207275 0,000391
inclination 0,579818 0,000103
inclinations 1,309333 0,000232
inclined 0,186330 0,000033
include 0,274437 0,000049
included 0,162519 0,000029
includes 0,462035 0,000082
including 0,139262 0,000025
incogitable 3,912023 0,000693
incognizable 3,912023 0,000693
incompatible 1,771957 0,000314
incompetent 2,040221 0,000361
incomplete 0,301105 0,000053
incompletely 3,912023 0,000693
incompleteness 3,218876 0,000570
incomprehensibility 3,218876 0,000570
incomprehensible 1,108663 0,000196
inconceivable 1,078810 0,000191
incongruity 2,207275 0,000391
inconsequently 3,912023 0,000693
inconsiderable 1,560648 0,000276
inconsiderateness 3,506558 0,000621
inconsistency 1,427116 0,000253
inconsistent 1,272966 0,000225
incontestably 2,813411 0,000498
incontrovertible 2,995732 0,000531
incontrovertibly 3,912023 0,000693
inconvenience 1,078810 0,000191
incorporated 1,771957 0,000314
incorporeal 2,659260 0,000471
incorrect 1,832581 0,000325
incorrectly 2,813411 0,000498
incorruptibility 3,218876 0,000570
increase 0,287682 0,000051
increased 0,248461 0,000044
increases 1,237874 0,000219
increasing 0,127833 0,000023
increment 3,506558 0,000621
inculcate 2,407946 0,000426
incumbent 1,714798 0,000304
indebted 0,994252 0,000176
indefinite 1,309333 0,000232
indefinitely 1,469676 0,000260
indemnify 0,527633 0,000093
indemnity 0,527633 0,000093
indemonstrable 3,912023 0,000693
independence 0,843970 0,000149
independent 0,510826 0,000090
independently 1,427116 0,000253
indescribably 1,771957 0,000314
indestructible 2,207275 0,000391
indeterminable 3,506558 0,000621
indeterminate 2,813411 0,000498
indeterminateness 3,912023 0,000693
indication 1,171183 0,000207
indications 1,171183 0,000207
indicative 2,120264 0,000376
indifference 0,527633 0,000093
indifferent 0,400478 0,000071
indifferentism 3,912023 0,000693
indirect 0,446287 0,000079
indirectly 0,371064 0,000066
indiscernible 3,218876 0,000570
indispensable 0,843970 0,000149
indispensably 2,302585 0,000408
indisputable 1,966113 0,000348
indisputably 3,218876 0,000570
indissoluble 2,407946 0,000426
indissolubly 2,659260 0,000471
indistinct 1,139434 0,000202
individual 0,150823 0,000027
individuality 1,609438 0,000285
individually 1,609438 0,000285
individuals 0,673345 0,000119
individuum 3,912023 0,000693
indivisible 2,407946 0,000426
indolence 1,309333 0,000232
indubitable 2,659260 0,000471
indubitably 2,659260 0,000471
induce 0,634878 0,000112
induced 0,527633 0,000093
inducement 1,469676 0,000260
induces 2,040221 0,000361
induction 2,525729 0,000447
indulge 0,820981 0,000145
indulgence 0,798508 0,000141
inefficient 2,525729 0,000447
inequality 1,560648 0,000276
inertiae 3,912023 0,000693
inestimable 1,897120 0,000336
inevitable 0,544727 0,000096
inevitably 0,843970 0,000149
inexhaustible 1,237874 0,000219
inexperienced 1,203973 0,000213
inextinguishable 2,302585 0,000408
inextricable 2,525729 0,000447
infallible 1,108663 0,000196
infallibly 1,427116 0,000253
infancy 0,916291 0,000162
infer 1,139434 0,000202
inference 1,469676 0,000260
inferences 1,966113 0,000348
inferred 1,386294 0,000246
inferring 2,995732 0,000531
infers 2,995732 0,000531
infinite 0,430783 0,000076
infinitely 0,673345 0,000119
infinitude 2,659260 0,000471
infinitum 2,659260 0,000471
infinity 1,897120 0,000336
infit 3,912023 0,000693
inflammable 2,813411 0,000498
influence 0,198451 0,000035
influenced 0,891598 0,000158
influences 0,994252 0,000176
influencing 2,407946 0,000426
inform 0,510826 0,000090
informed 0,371064 0,000066
infringement 0,544727 0,000096
ingenious 0,693147 0,000123
inhabitants 0,446287 0,000079
inhabited 0,713350 0,000126
inhere 3,912023 0,000693
inherence 3,912023 0,000693
inherent 1,560648 0,000276
inheres 3,912023 0,000693
inimical 2,813411 0,000498
initial 1,309333 0,000232
initiation 2,120264 0,000376
injure 0,941609 0,000167
injured 0,579818 0,000103
injuring 1,427116 0,000253
injurious 1,427116 0,000253
injury 0,446287 0,000079
injustice 0,673345 0,000119
innate 1,427116 0,000253
innermost 1,771957 0,000314
innocent 0,186330 0,000033
innumerable 0,634878 0,000112
inorganic 2,813411 0,000498
inquire 0,494296 0,000088
inquirer 2,120264 0,000376
inquirers 2,813411 0,000498
inquires 2,407946 0,000426
inquiries 0,653926 0,000116
inquiring 0,798508 0,000141
inquiry 0,634878 0,000112
insatiable 1,427116 0,000253
inscrutable 1,514128 0,000268
insecure 2,207275 0,000391
insecurity 2,995732 0,000531
insensate 2,407946 0,000426
inseparable 1,203973 0,000213
inseparably 1,966113 0,000348
inserted 1,237874 0,000219
insight 1,171183 0,000207
insignia 2,813411 0,000498
insignificant 0,891598 0,000158
insist 0,462035 0,000082
insisted 0,400478 0,000071
insisting 1,309333 0,000232
insoluble 2,407946 0,000426
insomuch 1,966113 0,000348
instance 0,150823 0,000027
instances 0,653926 0,000116
instant 0,210721 0,000037
instantaneous 1,427116 0,000253
instilling 2,659260 0,000471
instincts 1,049822 0,000186
institute 2,040221 0,000361
instituted 1,514128 0,000268
institution 0,820981 0,000145
institutions 1,203973 0,000213
instruct 1,078810 0,000191
instructed 0,713350 0,000126
instruction 0,713350 0,000126
instructors 2,120264 0,000376
instructress 2,995732 0,000531
instructs 2,407946 0,000426
instrument 0,356675 0,000063
instrumentality 2,659260 0,000471
instruments 0,527633 0,000093
insufficiency 2,407946 0,000426
insufficient 1,386294 0,000246
insuperable 1,897120 0,000336
insured 1,832581 0,000325
insurmountable 1,714798 0,000304
intact 1,609438 0,000285
intellect 0,693147 0,000123
intellectual 0,235722 0,000042
intellectualized 3,912023 0,000693
intelligence 0,301105 0,000053
intelligences 2,525729 0,000447
intelligent 0,342490 0,000061
intelligently 2,207275 0,000391
intelligibility 3,912023 0,000693
intelligible 1,021651 0,000181
intemperance 1,966113 0,000348
intend 0,494296 0,000088
intended 0,174353 0,000031
intensive 3,506558 0,000621
intention 0,186330 0,000033
intentional 1,897120 0,000336
intentions 0,494296 0,000088
inter 1,714798 0,000304
interchange 1,660731 0,000294
interchanged 2,407946 0,000426
interfere 0,544727 0,000096
interfered 1,108663 0,000196
interference 1,108663 0,000196
interior 0,673345 0,000119
intermediate 1,660731 0,000294
internal 0,261365 0,000046
internally 1,897120 0,000336
international 0,494296 0,000088
interne 3,912023 0,000693
interpretation 1,078810 0,000191
interpreted 0,274437 0,000049
interrogate 2,407946 0,000426
interrogation 2,302585 0,000408
interrupted 0,301105 0,000053
intervention 1,514128 0,000268
interwoven 1,897120 0,000336
intestine 2,407946 0,000426
intimidation 2,813411 0,000498
intolerable 0,673345 0,000119
intrinsic 2,407946 0,000426
intrinsically 2,525729 0,000447
introd 2,995732 0,000531
introduce 0,562119 0,000100
introduced 0,356675 0,000063
introduces 1,897120 0,000336
introducing 1,108663 0,000196
introduction 0,400478 0,000071
introductory 1,771957 0,000314
introspections 3,912023 0,000693
intrude 1,427116 0,000253
intrusive 2,407946 0,000426
intuited 3,912023 0,000693
intuiting 3,912023 0,000693
intuition 1,714798 0,000304
intuitional 3,912023 0,000693
intuitions 2,407946 0,000426
intuitive 2,407946 0,000426
intuitively 2,659260 0,000471
invalid 1,139434 0,000202
invalidate 2,995732 0,000531
invalidity 0,527633 0,000093
invariably 0,798508 0,000141
invent 0,798508 0,000141
invented 0,597837 0,000106
inventors 2,207275 0,000391
inventory 2,207275 0,000391
inverse 2,407946 0,000426
investigate 1,386294 0,000246
investigated 1,514128 0,000268
investigating 1,427116 0,000253
investigation 0,967584 0,000171
investigations 1,272966 0,000225
invincible 1,427116 0,000253
inviolable 2,040221 0,000361
invisible 0,562119 0,000100
invites 1,660731 0,000294
inviting 0,891598 0,000158
involve 1,309333 0,000232
involved 0,579818 0,000103
involves 1,832581 0,000325
involving 1,386294 0,000246
inwardly 0,798508 0,000141
ipso 2,995732 0,000531
irrational 1,469676 0,000260
irreconcilable 2,302585 0,000408
irrefutable 2,813411 0,000498
irremediable 2,525729 0,000447
irreparable 1,832581 0,000325
irresistible 0,653926 0,000116
irresistibly 1,203973 0,000213
irrespective 2,407946 0,000426
irs 0,562119 0,000100
island 0,400478 0,000071
ism 3,506558 0,000621
isolate 2,525729 0,000447
isolated 0,994252 0,000176
isosceles 3,218876 0,000570
issue 0,462035 0,000082
iv 0,328504 0,000058
ix 0,494296 0,000088
jealous 0,446287 0,000079
judge 0,116534 0,000021
judged 0,430783 0,000076
judgement 2,120264 0,000376
judgements 2,995732 0,000531
judges 0,597837 0,000106
judging 0,713350 0,000126
judicial 1,309333 0,000232
judicium 3,506558 0,000621
juggling 2,659260 0,000471
july 0,616186 0,000109
jumping 0,798508 0,000141
junction 1,560648 0,000276
juridical 3,506558 0,000621
juris 3,218876 0,000570
jurisdiction 1,609438 0,000285
jurisprudence 2,525729 0,000447
jurists 3,912023 0,000693
jury 1,237874 0,000219
justice 0,162519 0,000029
justification 1,171183 0,000207
justified 0,693147 0,000123
justifies 2,207275 0,000391
justify 0,693147 0,000123
justly 0,653926 0,000116
kai 3,218876 0,000570
kant 2,407946 0,000426
kantian 3,218876 0,000570
kat 3,912023 0,000693
key 0,356675 0,000063
kingdom 0,494296 0,000088
kingdoms 1,108663 0,000196
knot 0,673345 0,000119
knowledge 0,061875 0,000011
laborious 1,171183 0,000207
labour 0,634878 0,000112
labourers 1,771957 0,000314
labours 0,994252 0,000176
ladder 0,693147 0,000123
laid 0,072571 0,000013
lake 0,210721 0,000037
lambert 2,525729 0,000447
lame 0,820981 0,000145
lamentable 1,469676 0,000260
land 0,072571 0,000013
language 0,072571 0,000013
languages 0,967584 0,000171
lapse 0,994252 0,000176
lapsus 3,218876 0,000570
lasting 1,771957 0,000314
lastly 0,867501 0,000154
late 0,094311 0,000017
latent 1,469676 0,000260
latin 0,653926 0,000116
laughed 0,248461 0,000044
law 0,030459 0,000005
lawgiver 1,897120 0,000336
lawless 1,660731 0,000294
lawlessness 2,525729 0,000447
laws 0,083382 0,000015
lawsuits 2,207275 0,000391
lay 0,051293 0,000009
laying 0,274437 0,000049
lays 0,798508 0,000141
lead 0,083382 0,000015
leaden 1,237874 0,000219
leading 0,139262 0,000025
leads 0,462035 0,000082
leap 0,562119 0,000100
leaping 0,713350 0,000126
learn 0,020203 0,000004
learned 0,105361 0,000019
learner 2,659260 0,000471
learnt 0,713350 0,000126
leave 0,000000 0,000000
leaves 0,094311 0,000017
leaving 0,083382 0,000015
led 0,040822 0,000007
left 0,000000 0,000000
legacy 1,832581 0,000325
legal 0,261365 0,000046
legally 0,342490 0,000061
legis 3,912023 0,000693
legislating 2,995732 0,000531
legislation 1,966113 0,000348
legislative 1,771957 0,000314
legislators 2,040221 0,000361
legitimacy 2,995732 0,000531
legitimate 1,139434 0,000202
legitimately 2,407946 0,000426
leibnitzian 3,912023 0,000693
lend 0,597837 0,000106
lessened 1,272966 0,000225
lesson 0,400478 0,000071
level 0,274437 0,000049
levity 1,660731 0,000294
lex 2,995732 0,000531
liability 0,462035 0,000082
liable 0,235722 0,000042
liberate 2,207275 0,000391
liberty 0,223144 0,000040
liberum 3,506558 0,000621
libitum 3,506558 0,000621
library 0,223144 0,000040
licence 1,560648 0,000276
license 0,301105 0,000053
licensed 0,430783 0,000076
lie 0,040822 0,000007
lies 0,162519 0,000029
lieu 0,415515 0,000074
life -0,009950 -0,000002
lifts 1,139434 0,000202
light 0,010050 0,000002
limb 0,798508 0,000141
lime 1,514128 0,000268
limit 0,673345 0,000119
limitation 0,478036 0,000085
limitations 1,660731 0,000294
limitative 3,912023 0,000693
limited 0,261365 0,000046
limiting 2,407946 0,000426
limits 0,494296 0,000088
linear 2,659260 0,000471
link 0,994252 0,000176
linked 0,385662 0,000068
links 0,415515 0,000074
liquet 3,912023 0,000693
liquid 0,891598 0,000158
list 0,400478 0,000071
listen 0,127833 0,000023
listener 1,139434 0,000202
listens 1,386294 0,000246
literary 0,287682 0,000051
live 0,010050 0,000002
lives 0,072571 0,000013
living 0,020203 0,000004
locale 3,912023 0,000693
located 0,400478 0,000071
locations 0,544727 0,000096
logic 1,049822 0,000186
logical 1,021651 0,000181
logically 2,207275 0,000391
logician 2,659260 0,000471
logicians 3,218876 0,000570
loose 0,105361 0,000019
loosely 1,347074 0,000239
loquacious 2,120264 0,000376
lose 0,094311 0,000017
loses 0,916291 0,000162
losing 0,235722 0,000042
loss 0,094311 0,000017
lost 0,020203 0,000004
lot 0,061875 0,000011
loth 2,040221 0,000361
loud 0,174353 0,000031
lucid 1,386294 0,000246
lurk 1,714798 0,000304
lurking 1,049822 0,000186
lurks 1,771957 0,000314
lying 0,061875 0,000011
machine 0,248461 0,000044
machines 1,386294 0,000246
madness 0,597837 0,000106
magical 1,660731 0,000294
magnet 2,040221 0,000361
magnetic 1,832581 0,000325
magnificent 0,328504 0,000058
magnified 1,309333 0,000232
magnitude 1,108663 0,000196
main 0,127833 0,000023
maintain 0,562119 0,000100
maintained 0,653926 0,000116
maintainer 3,506558 0,000621
maintaining 0,235722 0,000042
maintains 1,427116 0,000253
maintenance 1,171183 0,000207
majestic 1,108663 0,000196
majesty 0,544727 0,000096
major 1,108663 0,000196
majority 0,597837 0,000106
malevolent 1,966113 0,000348
malleability 3,506558 0,000621
manager 0,653926 0,000116
manhood 0,776529 0,000138
manifest 0,755023 0,000134
manifestation 1,514128 0,000268
manifestations 1,714798 0,000304
manifestly 1,469676 0,000260
manifests 2,407946 0,000426
manifold 1,386294 0,000246
manifoldness 3,506558 0,000621
mankind 0,478036 0,000085
manner 0,040822 0,000007
manners 0,274437 0,000049
manuals 2,995732 0,000531
march 0,274437 0,000049
mariner 1,560648 0,000276
mark 0,127833 0,000023
marked 0,061875 0,000011
marks 0,328504 0,000058
marred 1,771957 0,000314
mass 0,301105 0,000053
masses 0,776529 0,000138
master 0,083382 0,000015
mastered 0,967584 0,000171
masters 0,446287 0,000079
material 0,328504 0,000058
materialism 2,659260 0,000471
materialist 2,995732 0,000531
materially 1,771957 0,000314
materials 0,733969 0,000130
mathematic 3,912023 0,000693
mathematical 1,237874 0,000219
mathematically 2,525729 0,000447
mathematician 2,207275 0,000391
mathematicians 2,207275 0,000391
mathematics 1,272966 0,000225
matron 1,660731 0,000294
matter 0,010050 0,000002
matters 0,139262 0,000025
matured 2,040221 0,000361
maturity 1,427116 0,000253
maxim 1,347074 0,000239
maxima 3,912023 0,000693
maxims 1,427116 0,000253
maximum 0,478036 0,000085
mazes 1,966113 0,000348
meaning 0,210721 0,000037
meaningless 1,966113 0,000348
meanings 1,966113 0,000348
measure 0,301105 0,000053
measured 0,579818 0,000103
measurement 1,771957 0,000314
measures 0,579818 0,000103
mechanical 0,843970 0,000149
mechanically 1,078810 0,000191
mechanics 1,771957 0,000314
mechanism 1,771957 0,000314
mecum 2,813411 0,000498
mediate 2,995732 0,000531
mediately 2,995732 0,000531
mediates 3,218876 0,000570
mediating 3,912023 0,000693
mediation 1,966113 0,000348
medical 1,021651 0,000181
meditate 1,347074 0,000239
meditating 1,347074 0,000239
meditation 0,994252 0,000176
medium 0,223144 0,000040
meet 0,010050 0,000002
meets 0,713350 0,000126
melancholy 0,342490 0,000061
melior 3,912023 0,000693
melts 2,120264 0,000376
memory 0,174353 0,000031
menace 1,347074 0,000239
mendelssohn 3,218876 0,000570
mental 0,430783 0,000076
mention 0,223144 0,000040
mentioned 0,223144 0,000040
merchant 0,713350 0,000126
merchantability 0,994252 0,000176
mercury 1,203973 0,000213
mere 0,094311 0,000017
merge 2,407946 0,000426
merit 0,544727 0,000096
merits 0,693147 0,000123
met 0,040822 0,000007
metabasis 3,912023 0,000693
metal 0,597837 0,000106
metals 1,427116 0,000253
metamorphosed 2,525729 0,000447
metamorphoses 2,525729 0,000447
metaphysic 3,218876 0,000570
metaphysical 1,714798 0,000304
metaphysician 2,525729 0,000447
metaphysicians 2,525729 0,000447
metaphysics 1,514128 0,000268
method 0,094311 0,000017
methodical 1,966113 0,000348
methodology 3,506558 0,000621
methods 0,210721 0,000037
michael 0,400478 0,000071
microscopical 3,912023 0,000693
middle 0,030459 0,000005
midst 0,287682 0,000051
midway 1,514128 0,000268
mighty 0,328504 0,000058
militates 3,912023 0,000693
milking 2,207275 0,000391
mind 0,020203 0,000004
minded 0,400478 0,000071
minds 0,235722 0,000042
minerals 2,525729 0,000447
mingled 0,462035 0,000082
mingles 2,659260 0,000471
minor 0,733969 0,000130
minority 1,386294 0,000246
miracle 0,755023 0,000134
mirror 0,693147 0,000123
misapplication 3,912023 0,000693
misapplied 2,813411 0,000498
misapprehension 2,302585 0,000408
misapprehensions 3,506558 0,000621
miscarriage 2,525729 0,000447
mischievous 1,078810 0,000191
misconceived 3,506558 0,000621
misconception 2,525729 0,000447
misconceptions 3,506558 0,000621
misemployment 3,912023 0,000693
miserable 0,210721 0,000037
miserably 1,108663 0,000196
misfortune 0,478036 0,000085
misinterpretation 3,506558 0,000621
mislead 1,771957 0,000314
misleading 2,207275 0,000391
misleads 3,218876 0,000570
misled 1,139434 0,000202
misology 3,912023 0,000693
misrepresentation 2,525729 0,000447
mission 0,210721 0,000037
mississippi 0,415515 0,000074
mistake 0,223144 0,000040
mistaken 0,261365 0,000046
mistakenly 2,813411 0,000498
mistakes 0,755023 0,000134
mistaking 1,309333 0,000232
mistress 0,510826 0,000090
mistrust 1,309333 0,000232
mistrustful 2,407946 0,000426
misunderstanding 1,609438 0,000285
misunderstood 1,386294 0,000246
misuse 2,302585 0,000408
misused 2,302585 0,000408
mixed 0,385662 0,000068
mixture 0,616186 0,000109
mob 1,171183 0,000207
mock 0,755023 0,000134
mocked 1,469676 0,000260
mocking 0,994252 0,000176
mocks 2,525729 0,000447
modality 3,912023 0,000693
mode 0,634878 0,000112
model 0,634878 0,000112
models 1,832581 0,000325
moderate 0,653926 0,000116
moderation 1,108663 0,000196
modern 0,314711 0,000056
moderns 2,040221 0,000361
modes 1,347074 0,000239
modest 0,371064 0,000066
modesty 0,733969 0,000130
modi 3,912023 0,000693
modification 0,494296 0,000088
modifications 2,659260 0,000471
modified 0,385662 0,000068
modifying 3,218876 0,000570
modo 2,995732 0,000531
modus 3,218876 0,000570
moment 0,010050 0,000002
momenta 3,912023 0,000693
momentary 0,693147 0,000123
moments 0,287682 0,000051
momentum 2,525729 0,000447
monadology 3,912023 0,000693
monads 3,912023 0,000693
monas 3,912023 0,000693
money 0,051293 0,000009
monogram 2,407946 0,000426
monopoly 2,120264 0,000376
monotheism 3,912023 0,000693
month 0,174353 0,000031
moon 0,287682 0,000051
moral 0,301105 0,000053
moralist 1,966113 0,000348
moralists 2,040221 0,000361
morality 0,867501 0,000154
moralized 3,912023 0,000693
morally 1,171183 0,000207
morals 1,237874 0,000219
morrow 0,328504 0,000058
mortal 0,400478 0,000071
mother 0,072571 0,000013
motion 0,328504 0,000058
motions 1,139434 0,000202
motive 0,597837 0,000106
motives 0,579818 0,000103
motto 1,386294 0,000246
mount 0,494296 0,000088
mountain 0,400478 0,000071
mountains 0,400478 0,000071
mourns 2,302585 0,000408
movable 1,714798 0,000304
movements 0,494296 0,000088
mover 2,659260 0,000471
multiplicity 1,714798 0,000304
multitude 0,446287 0,000079
music 0,198451 0,000035
musician 1,386294 0,000246
mutable 2,659260 0,000471
mutation 3,218876 0,000570
mutual 0,510826 0,000090
mutually 1,386294 0,000246
mysterious 0,314711 0,000056
mystery 0,301105 0,000053
mystical 1,469676 0,000260
mysticism 2,525729 0,000447
naked 0,274437 0,000049
narrow 0,105361 0,000019
narrowly 1,272966 0,000225
narrowness 1,560648 0,000276
nation 0,579818 0,000103
national 0,755023 0,000134
nations 0,673345 0,000119
native 0,328504 0,000058
natura 2,995732 0,000531
natural 0,094311 0,000017
naturalist 2,120264 0,000376
naturalistic 3,506558 0,000621
naturalists 2,120264 0,000376
naturally 0,210721 0,000037
nature 0,094311 0,000017
natures 0,820981 0,000145
naught 1,347074 0,000239
necessitate 2,659260 0,000471
necessitated 2,120264 0,000376
necessitates 2,813411 0,000498
necessitating 3,218876 0,000570
necessities 1,203973 0,000213
necessity 0,261365 0,000046
needful 1,108663 0,000196
needless 1,049822 0,000186
negation 2,302585 0,000408
negations 3,506558 0,000621
negative 0,967584 0,000171
negatived 2,813411 0,000498
negatively 2,525729 0,000447
negatives 2,813411 0,000498
neglect 0,494296 0,000088
negligence 0,415515 0,000074
nervus 3,912023 0,000693
nest 0,733969 0,000130
network 0,415515 0,000074
neutrality 2,407946 0,000426
newsletter 0,562119 0,000100
newtonian 3,912023 0,000693
nexus 3,912023 0,000693
nigh 0,843970 0,000149
night 0,010050 0,000002
nihil 2,813411 0,000498
nihilum 3,912023 0,000693
nil 2,120264 0,000376
noble 0,248461 0,000044
nomadic 2,813411 0,000498
nonentities 3,912023 0,000693
nonentity 2,659260 0,000471
nonproprietary 0,562119 0,000100
nonsense 0,478036 0,000085
north 0,083382 0,000015
notation 3,218876 0,000570
notes 0,261365 0,000046
nothingness 1,832581 0,000325
notice 0,030459 0,000005
notifies 0,527633 0,000093
notion 0,371064 0,000066
notional 3,912023 0,000693
notions 0,776529 0,000138
nought 1,609438 0,000285
noughts 3,912023 0,000693
noumena 3,912023 0,000693
noumenon 3,912023 0,000693
nourishing 2,120264 0,000376
novelty 0,916291 0,000162
novo 3,218876 0,000570
nowadays 1,139434 0,000202
nugatory 3,506558 0,000621
nullifies 3,912023 0,000693
nullifying 3,506558 0,000621
nullity 3,506558 0,000621
nullo 3,912023 0,000693
numeration 3,506558 0,000621
numerical 2,302585 0,000408
numerically 3,218876 0,000570
numero 3,506558 0,000621
numerous 0,235722 0,000042
nunc 2,659260 0,000471
obedience 0,494296 0,000088
obedient 0,544727 0,000096
obey 0,400478 0,000071
obeying 0,941609 0,000167
object 0,127833 0,000023
objected 0,755023 0,000134
objection 0,616186 0,000109
objections 0,820981 0,000145
objective 1,660731 0,000294
objectively 3,506558 0,000621
objectivized 3,912023 0,000693
objector 3,506558 0,000621
objects 0,356675 0,000063
obligation 0,843970 0,000149
obligatory 2,659260 0,000471
obliged 0,287682 0,000051
obliges 2,302585 0,000408
obliterated 1,771957 0,000314
oblivion 1,272966 0,000225
obnoxious 1,514128 0,000268
obscure 0,544727 0,000096
obscured 1,560648 0,000276
obscurely 1,832581 0,000325
obscurities 2,207275 0,000391
obscurity 1,049822 0,000186
observable 1,771957 0,000314
observance 1,514128 0,000268
observation 0,446287 0,000079
observations 0,867501 0,000154
observe 0,235722 0,000042
observed 0,162519 0,000029
observer 1,021651 0,000181
observers 1,609438 0,000285
observes 1,469676 0,000260
observing 0,510826 0,000090
obsolete 0,446287 0,000079
obstacle 0,891598 0,000158
obstacles 0,798508 0,000141
obstinacy 1,108663 0,000196
obstinate 0,713350 0,000126
obstinately 1,272966 0,000225
obtuseness 3,218876 0,000570
obviate 2,659260 0,000471
obvious 0,415515 0,000074
occasion 0,105361 0,000019
occasionally 0,371064 0,000066
occasioned 0,798508 0,000141
occasioning 2,813411 0,000498
occasions 0,430783 0,000076
occupation 0,494296 0,000088
occupied 0,235722 0,000042
occupies 1,560648 0,000276
occupy 0,634878 0,000112
occupying 1,171183 0,000207
occur 0,150823 0,000027
occurred 0,261365 0,000046
occurrence 0,843970 0,000149
occurs 1,049822 0,000186
ocean 0,430783 0,000076
ocular 2,659260 0,000471
offence 0,579818 0,000103
offender 1,514128 0,000268
offer 0,162519 0,000029
offering 0,400478 0,000071
offers 0,198451 0,000035
office 0,072571 0,000013
official 0,235722 0,000042
offspring 0,994252 0,000176
omission 1,514128 0,000268
omit 1,021651 0,000181
omni 2,813411 0,000498
omnipotence 2,302585 0,000408
omnipotent 1,660731 0,000294
omnipresence 2,659260 0,000471
omnipresent 2,659260 0,000471
omniscient 2,407946 0,000426
oneself 1,386294 0,000246
online 0,510826 0,000090
onset 1,469676 0,000260
ontological 3,912023 0,000693
ontology 3,506558 0,000621
onwards 2,120264 0,000376
openly 0,494296 0,000088
operate 1,309333 0,000232
operates 2,040221 0,000361
operating 1,771957 0,000314
operation 0,693147 0,000123
operations 0,755023 0,000134
operative 2,813411 0,000498
opinion 0,139262 0,000025
opinions 0,527633 0,000093
opponent 1,309333 0,000232
opponents 1,660731 0,000294
opportunities 0,235722 0,000042
opportunity 0,061875 0,000011
oppose 0,733969 0,000130
opposed 0,653926 0,000116
opposing 0,891598 0,000158
opposition 0,494296 0,000088
optical 2,407946 0,000426
oration 1,609438 0,000285
orbits 2,407946 0,000426
ordaining 2,995732 0,000531
ordains 1,897120 0,000336
ordinary 0,186330 0,000033
organ 0,776529 0,000138
organic 1,832581 0,000325
organism 1,832581 0,000325
organization 1,514128 0,000268
organized 0,356675 0,000063
organon 3,506558 0,000621
organs 1,171183 0,000207
organum 3,912023 0,000693
origin 0,544727 0,000096
original 0,105361 0,000019
originally 0,673345 0,000119
originate 1,897120 0,000336
originated 1,237874 0,000219
originates 2,995732 0,000531
originating 2,525729 0,000447
origination 3,218876 0,000570
originator 0,527633 0,000093
ostensive 3,912023 0,000693
otherwhere 3,218876 0,000570
outbreak 1,660731 0,000294
outdated 0,562119 0,000100
outline 0,994252 0,000176
outlines 1,108663 0,000196
outlook 1,771957 0,000314
outset 1,237874 0,000219
outward 0,579818 0,000103
overbalance 2,995732 0,000531
overborne 2,525729 0,000447
overcome 0,261365 0,000046
overcoming 1,469676 0,000260
overflow 1,386294 0,000246
overgrown 1,660731 0,000294
overlook 1,021651 0,000181
overlooked 0,776529 0,000138
overlooking 1,514128 0,000268
overstep 2,995732 0,000531
oversteps 3,506558 0,000621
overtake 0,755023 0,000134
overtakes 2,302585 0,000408
overthrow 1,203973 0,000213
overthrown 1,469676 0,000260
overturn 2,120264 0,000376
overturning 2,040221 0,000361
ovid 2,407946 0,000426
owe 0,494296 0,000088
owed 0,139262 0,000025
owner 0,116534 0,000021
paid 0,061875 0,000011
pain 0,174353 0,000031
painters 1,347074 0,000239
pair 0,235722 0,000042
palingenesis 3,912023 0,000693
palpable 1,469676 0,000260
paper 0,083382 0,000015
paperwork 0,562119 0,000100
parabola 3,506558 0,000621
paraded 1,897120 0,000336
parading 2,120264 0,000376
paradox 1,660731 0,000294
paradoxical 2,207275 0,000391
paragraph 0,328504 0,000058
paragraphs 0,494296 0,000088
parallel 0,891598 0,000158
parallelism 3,506558 0,000621
paralogism 3,912023 0,000693
parent 0,713350 0,000126
parents 0,314711 0,000056
parsimony 2,120264 0,000376
parte 2,813411 0,000498
partial 0,733969 0,000130
partiality 1,427116 0,000253
partially 0,967584 0,000171
participant 2,813411 0,000498
participation 1,660731 0,000294
particularity 3,218876 0,000570
particularize 3,506558 0,000621
parties 0,371064 0,000066
partisans 2,207275 0,000391
partly 0,301105 0,000053
party 0,061875 0,000011
pass 0,040822 0,000007
passage 0,139262 0,000025
passages 0,527633 0,000093
passed 0,040822 0,000007
passes 0,415515 0,000074
passing 0,094311 0,000017
passion 0,186330 0,000033
passions 0,478036 0,000085
passive 0,941609 0,000167
path 0,198451 0,000035
pathological 3,218876 0,000570
pathologically 3,506558 0,000621
paths 0,755023 0,000134
patient 0,274437 0,000049
pause 0,371064 0,000066
pay 0,051293 0,000009
paying 0,116534 0,000021
payments 0,415515 0,000074
pays 0,994252 0,000176
peace 0,094311 0,000017
peculiar 0,223144 0,000040
peculiarities 1,049822 0,000186
peculiarity 1,171183 0,000207
peculiarly 0,755023 0,000134
pendant 2,302585 0,000408
penetrate 0,867501 0,000154
penetrated 0,843970 0,000149
penetrating 0,967584 0,000171
penetration 1,347074 0,000239
people 0,010050 0,000002
perceive 0,356675 0,000063
perceived 0,400478 0,000071
perceives 1,714798 0,000304
perceiving 0,867501 0,000154
perceptible 1,171183 0,000207
perception 1,139434 0,000202
perceptions 1,714798 0,000304
perceptive 3,218876 0,000570
perfect 0,072571 0,000013
perfectibility 2,659260 0,000471
perfection 0,478036 0,000085
perfectly 0,162519 0,000029
perfects 3,912023 0,000693
perform 0,150823 0,000027
performances 0,314711 0,000056
performed 0,127833 0,000023
performing 0,261365 0,000046
performs 1,660731 0,000294
perfume 1,139434 0,000202
period 0,274437 0,000049
periodic 0,544727 0,000096
periods 0,867501 0,000154
perish 0,733969 0,000130
permanence 2,407946 0,000426
permanency 2,407946 0,000426
permanent 0,223144 0,000040
permanently 1,386294 0,000246
permissible 2,302585 0,000408
permission 0,150823 0,000027
permissive 3,506558 0,000621
permit 0,446287 0,000079
permits 1,427116 0,000253
permitted 0,105361 0,000019
pernicious 1,560648 0,000276
perpendicular 1,386294 0,000246
perpetual 0,478036 0,000085
perpetually 1,078810 0,000191
perplexities 2,040221 0,000361
perplexity 0,776529 0,000138
persist 1,309333 0,000232
persisted 0,713350 0,000126
persistence 1,771957 0,000314
person 0,010050 0,000002
personal 0,223144 0,000040
personality 0,967584 0,000171
personified 2,120264 0,000376
persons 0,210721 0,000037
perspicuity 2,659260 0,000471
persuade 0,446287 0,000079
persuaded 0,527633 0,000093
persuading 1,049822 0,000186
persuasion 1,049822 0,000186
pertain 2,659260 0,000471
pertaining 2,120264 0,000376
pertains 2,813411 0,000498
perversion 2,207275 0,000391
pervert 1,897120 0,000336
perverted 1,347074 0,000239
petitio 3,912023 0,000693
petty 0,776529 0,000138
phaedo 2,813411 0,000498
phaenomenon 3,912023 0,000693
phantom 1,078810 0,000191
phantoms 1,609438 0,000285
pharmacopoeia 3,912023 0,000693
phenomena 1,272966 0,000225
phenomenal 2,407946 0,000426
phenomenized 3,912023 0,000693
phenomenon 1,049822 0,000186
philosopher 0,798508 0,000141
philosophers 0,994252 0,000176
philosophic 1,203973 0,000213
philosophical 1,049822 0,000186
philosophies 2,407946 0,000426
philosophize 2,813411 0,000498
philosophized 3,506558 0,000621
philosophizing 2,813411 0,000498
philosophy 0,597837 0,000106
phrase 0,174353 0,000031
phthisis 3,218876 0,000570
physical 0,198451 0,000035
physician 0,693147 0,000123
physics 1,897120 0,000336
physiocracy 3,912023 0,000693
physiological 2,525729 0,000447
physiology 1,966113 0,000348
pick 0,415515 0,000074
picked 0,400478 0,000071
picture 0,248461 0,000044
piece 0,072571 0,000013
pieces 0,139262 0,000025
pilgrimage 1,609438 0,000285
pillars 0,867501 0,000154
pious 0,733969 0,000130
pitiful 0,798508 0,000141
plain 0,040822 0,000007
plainer 1,660731 0,000294
plainest 2,040221 0,000361
plainly 0,261365 0,000046
plan 0,261365 0,000046
plane 1,309333 0,000232
planets 1,427116 0,000253
plans 0,371064 0,000066
plant 0,579818 0,000103
plants 0,527633 0,000093
plaster 1,203973 0,000213
plate 0,527633 0,000093
plato 1,237874 0,000219
platonic 2,120264 0,000376
platonism 2,995732 0,000531
plausibility 2,525729 0,000447
plausible 1,078810 0,000191
play 0,072571 0,000013
played 0,198451 0,000035
plays 0,634878 0,000112
plea 1,139434 0,000202
pleading 1,272966 0,000225
pleasant 0,162519 0,000029
pleasure 0,051293 0,000009
plurality 2,120264 0,000376
pneumatism 3,912023 0,000693
poison 0,446287 0,000079
poisons 2,120264 0,000376
polemic 2,995732 0,000531
polemics 3,218876 0,000570
poles 1,078810 0,000191
police 0,755023 0,000134
political 0,562119 0,000100
polytheism 3,218876 0,000570
pomp 1,021651 0,000181
pompous 1,514128 0,000268
poorest 1,386294 0,000246
popular 0,430783 0,000076
popularity 1,427116 0,000253
popularly 1,966113 0,000348
portion 0,356675 0,000063
portions 0,891598 0,000158
posed 1,832581 0,000325
posit 3,506558 0,000621
posited 3,912023 0,000693
positing 3,912023 0,000693
position 0,162519 0,000029
positions 0,941609 0,000167
positive 0,597837 0,000106
positively 0,776529 0,000138
positives 3,912023 0,000693
posits 3,912023 0,000693
posse 2,207275 0,000391
posses 3,506558 0,000621
possess 0,356675 0,000063
possessed 0,094311 0,000017
possesses 0,820981 0,000145
possessing 0,891598 0,000158
possession 0,083382 0,000015
possessions 0,776529 0,000138
possessor 1,139434 0,000202
possibilities 1,139434 0,000202
possibility 0,162519 0,000029
post 0,248461 0,000044
posted 0,301105 0,000053
posteriori 3,506558 0,000621
posterity 1,139434 0,000202
posthumous 2,659260 0,000471
postpone 1,609438 0,000285
postponed 1,427116 0,000253
postulate 3,218876 0,000570
postulated 3,912023 0,000693
postulates 3,912023 0,000693
postulatum 3,912023 0,000693
potential 2,302585 0,000408
poverty 0,446287 0,000079
power 0,030459 0,000005
powerful 0,223144 0,000040
powerless 1,139434 0,000202
powers 0,248461 0,000044
practicability 2,659260 0,000471
practicable 1,309333 0,000232
practical 0,494296 0,000088
practically 0,235722 0,000042
practice 0,162519 0,000029
practised 0,733969 0,000130
practitioners 2,995732 0,000531
pragmatical 3,912023 0,000693
praise 0,371064 0,000066
praiseworthy 2,040221 0,000361
prating 2,207275 0,000391
pravity 3,218876 0,000570
precede 1,832581 0,000325
preceded 0,653926 0,000116
precedence 1,966113 0,000348
precedes 1,609438 0,000285
preceding 0,755023 0,000134
precept 1,609438 0,000285
preception 3,912023 0,000693
precepts 1,309333 0,000232
precise 0,776529 0,000138
precisely 0,510826 0,000090
precision 0,798508 0,000141
preclude 2,407946 0,000426
preconceived 2,302585 0,000408
precondition 3,506558 0,000621
predecessors 1,609438 0,000285
predetermine 3,912023 0,000693
predetermined 2,995732 0,000531
predicable 3,912023 0,000693
predicaments 2,813411 0,000498
predicate 2,995732 0,000531
predicated 2,813411 0,000498
predicates 3,506558 0,000621
predicating 3,506558 0,000621
preface 0,733969 0,000130
prefer 0,385662 0,000068
preferable 1,386294 0,000246
preference 0,867501 0,000154
preferred 0,342490 0,000061
preferring 1,078810 0,000191
prefers 1,514128 0,000268
preformation 3,912023 0,000693
prejudice 0,733969 0,000130
prejudices 1,021651 0,000181
prejudicial 2,207275 0,000391
preliminaries 2,040221 0,000361
preliminary 0,994252 0,000176
prelude 1,469676 0,000260
premier 2,995732 0,000531
premise 2,525729 0,000447
premises 1,021651 0,000181
premiss 3,912023 0,000693
premisses 3,506558 0,000621
premonition 3,218876 0,000570
preparation 0,579818 0,000103
preparations 0,616186 0,000109
prepare 0,162519 0,000029
prepared 0,105361 0,000019
prepares 2,040221 0,000361
preparing 0,415515 0,000074
preponderance 2,525729 0,000447
preponderate 3,506558 0,000621
prerogative 2,040221 0,000361
prescribe 1,966113 0,000348
prescribed 1,021651 0,000181
prescribes 2,120264 0,000376
prescribing 2,659260 0,000471
prescription 1,966113 0,000348
presence 0,094311 0,000017
presentable 2,207275 0,000391
presentation 1,514128 0,000268
presently 0,385662 0,000068
preservation 1,049822 0,000186
preserve 0,150823 0,000027
preserved 0,415515 0,000074
preserving 1,171183 0,000207
press 0,274437 0,000049
pressing 0,385662 0,000068
presume 0,634878 0,000112
presumed 1,078810 0,000191
presumption 1,049822 0,000186
presumptuous 1,469676 0,000260
presuppose 3,218876 0,000570
presupposed 3,506558 0,000621
presupposes 2,525729 0,000447
presupposing 2,813411 0,000498
presupposition 3,506558 0,000621
pretence 0,891598 0,000158
pretend 0,446287 0,000079
pretended 0,562119 0,000100
pretending 0,755023 0,000134
pretension 1,897120 0,000336
pretensions 1,203973 0,000213
pretext 0,941609 0,000167
pretty 0,150823 0,000027
prevailed 0,673345 0,000119
prevalent 1,309333 0,000232
prevent 0,083382 0,000015
prevented 0,328504 0,000058
preventing 1,237874 0,000219
prevention 2,040221 0,000361
prevents 1,347074 0,000239
previous 0,094311 0,000017
pride 0,150823 0,000027
primal 2,407946 0,000426
primary 1,660731 0,000294
prime 0,713350 0,000126
primeval 1,897120 0,000336
primitive 0,941609 0,000167
primitively 3,506558 0,000621
prince 0,462035 0,000082
principal 0,287682 0,000051
principally 1,108663 0,000196
principium 3,912023 0,000693
principle 0,430783 0,000076
principles 0,510826 0,000090
print 0,261365 0,000046
printed 0,174353 0,000031
prior 1,237874 0,000219
priori 2,659260 0,000471
prius 3,912023 0,000693
private 0,198451 0,000035
privation 1,771957 0,000314
privilege 0,527633 0,000093
prize 0,579818 0,000103
prized 1,609438 0,000285
probability 0,776529 0,000138
probable 0,494296 0,000088
probandi 3,912023 0,000693
probity 2,407946 0,000426
problematic 3,218876 0,000570
problematical 2,813411 0,000498
problematically 3,912023 0,000693
procedure 1,832581 0,000325
proceed 0,301105 0,000053
proceeded 0,274437 0,000049
proceeding 0,510826 0,000090
proceeds 0,916291 0,000162
process 0,400478 0,000071
processes 1,714798 0,000304
processing 0,562119 0,000100
procession 0,733969 0,000130
procuring 1,347074 0,000239
produce 0,127833 0,000023
produced 0,105361 0,000019
produces 0,916291 0,000162
producing 0,713350 0,000126
product 1,237874 0,000219
production 0,314711 0,000056
productions 1,427116 0,000253
productive 1,469676 0,000260
products 1,771957 0,000314
profess 1,203973 0,000213
professed 1,021651 0,000181
professes 2,040221 0,000361
professing 1,514128 0,000268
profession 0,527633 0,000093
professions 1,203973 0,000213
professor 0,287682 0,000051
profitable 0,891598 0,000158
profits 0,314711 0,000056
profound 0,462035 0,000082
profoundly 0,994252 0,000176
profundity 2,525729 0,000447
programme 1,609438 0,000285
progress 0,174353 0,000031
progresses 2,813411 0,000498
progressing 1,832581 0,000325
progression 1,966113 0,000348
progressive 1,771957 0,000314
progressively 2,407946 0,000426
prohibiting 2,659260 0,000471
prohibition 0,430783 0,000076
prohibitive 3,506558 0,000621
project -0,009950 -0,000002
projected 1,139434 0,000202
prolixity 2,995732 0,000531
prolongation 2,995732 0,000531
prolonged 0,597837 0,000106
prolonging 2,407946 0,000426
prominently 0,494296 0,000088
promise 0,116534 0,000021
promises 0,510826 0,000090
promising 0,430783 0,000076
promote 1,386294 0,000246
promoted 1,237874 0,000219
promoting 0,430783 0,000076
promotion 0,342490 0,000061
promotive 3,912023 0,000693
prompted 0,891598 0,000158
pronounce 0,916291 0,000162
pronounces 2,120264 0,000376
proof 0,287682 0,000051
proofread 0,562119 0,000100
proofs 0,798508 0,000141
propensity 1,514128 0,000268
proper 0,061875 0,000011
properly 0,385662 0,000068
properties 1,203973 0,000213
property 0,127833 0,000023
proportion 0,371064 0,000066
proportionate 1,771957 0,000314
proportioned 1,386294 0,000246
proportions 0,776529 0,000138
propose 0,527633 0,000093
proposed 0,371064 0,000066
proposes 1,514128 0,000268
proposing 1,309333 0,000232
proposition 0,916291 0,000162
propositions 1,771957 0,000314
propound 2,207275 0,000391
propounded 2,302585 0,000408
proprietary 0,562119 0,000100
propriety 0,994252 0,000176
prospect 0,446287 0,000079
prospects 1,203973 0,000213
prosyllogism 3,912023 0,000693
protect 0,186330 0,000033
protected 0,415515 0,000074
protensive 3,912023 0,000693
protest 0,798508 0,000141
prototype 2,659260 0,000471
protuberance 3,218876 0,000570
prove 0,174353 0,000031
proved 0,116534 0,000021
proverbial 1,771957 0,000314
proves 0,776529 0,000138
provide 0,162519 0,000029
providence 0,693147 0,000123
providential 2,040221 0,000361
providing 0,261365 0,000046
province 0,891598 0,000158
proving 0,820981 0,000145
provision 0,248461 0,000044
provisionary 3,912023 0,000693
provisions 0,223144 0,000040
proximity 1,609438 0,000285
prudence 0,713350 0,000126
prudent 0,616186 0,000109
prudential 2,407946 0,000426
psychological 1,660731 0,000294
psychologist 2,659260 0,000471
psychology 1,897120 0,000336
public 0,083382 0,000015
publish 1,203973 0,000213
published 0,579818 0,000103
punished 0,544727 0,000096
punishments 1,609438 0,000285
punitive 0,562119 0,000100
pupil 0,941609 0,000167
pupilage 3,506558 0,000621
pure 0,150823 0,000027
purely 0,713350 0,000126
purified 1,309333 0,000232
purify 1,560648 0,000276
purity 0,776529 0,000138
purpose 0,040822 0,000007
purposed 1,832581 0,000325
purposeless 2,120264 0,000376
purposely 1,171183 0,000207
purposes 0,478036 0,000085
pursue 0,510826 0,000090
pursued 0,328504 0,000058
pursues 1,660731 0,000294
pursuing 0,494296 0,000088
pursuit 0,328504 0,000058
pursuits 1,078810 0,000191
push 0,562119 0,000100
pushed 0,400478 0,000071
qua 2,659260 0,000471
quaestio 3,912023 0,000693
qualitative 3,218876 0,000570
qualities 0,446287 0,000079
quality 0,274437 0,000049
quam 2,995732 0,000531
quando 2,995732 0,000531
quanta 3,912023 0,000693
quanti 3,912023 0,000693
quantitative 2,995732 0,000531
quantities 1,139434 0,000202
quantity 0,579818 0,000103
quantum 2,659260 0,000471
quarrel 0,328504 0,000058
quarter 0,223144 0,000040
queen 0,415515 0,000074
question 0,051293 0,000009
questions 0,127833 0,000023
quibble 2,659260 0,000471
quibbling 3,912023 0,000693
quibus 2,995732 0,000531
quicken 1,771957 0,000314
quickened 1,203973 0,000213
quid 1,966113 0,000348
quit 0,616186 0,000109
quoad 3,912023 0,000693
quod 2,207275 0,000391
quodlibet 3,912023 0,000693
race 0,198451 0,000035
races 0,713350 0,000126
radiating 2,659260 0,000471
radical 2,302585 0,000408
radius 2,120264 0,000376
rain 0,223144 0,000040
rainbow 1,272966 0,000225
raindrops 2,659260 0,000471
raise 0,174353 0,000031
raised 0,061875 0,000011
raises 1,171183 0,000207
raising 0,274437 0,000049
random 0,967584 0,000171
range 0,446287 0,000079
rank 0,287682 0,000051
ranked 1,560648 0,000276
ranks 0,616186 0,000109
rapid 0,371064 0,000066
rapidly 0,371064 0,000066
rare 0,274437 0,000049
rarely 0,527633 0,000093
rash 0,891598 0,000158
rashly 1,560648 0,000276
ratio 2,525729 0,000447
rational 0,867501 0,000154
rationalist 3,912023 0,000693
rationalistic 3,912023 0,000693
ravages 1,832581 0,000325
raw 0,713350 0,000126
rays 0,776529 0,000138
reach 0,051293 0,000009
reached 0,127833 0,000023
reaches 0,820981 0,000145
reaching 0,083382 0,000015
react 2,407946 0,000426
reaction 1,272966 0,000225
reacts 3,506558 0,000621
read 0,020203 0,000004
readable 0,510826 0,000090
reader 0,342490 0,000061
readers 0,776529 0,000138
reading 0,061875 0,000011
ready 0,030459 0,000005
real 0,040822 0,000007
realist 2,813411 0,000498
realities 1,347074 0,000239
reality 0,328504 0,000058
realization 1,609438 0,000285
realize 1,021651 0,000181
realized 0,843970 0,000149
realizes 2,407946 0,000426
realizing 1,832581 0,000325
realm 1,021651 0,000181
reap 1,049822 0,000186
reaped 1,609438 0,000285
rear 0,527633 0,000093
rearranges 3,912023 0,000693
reason 0,010050 0,000002
reasonable 0,116534 0,000021
reasonableness 1,832581 0,000325
reasoned 0,994252 0,000176
reasoner 2,995732 0,000531
reasoners 2,813411 0,000498
reasoning 0,733969 0,000130
reasons 0,223144 0,000040
recall 0,478036 0,000085
recapitulate 2,525729 0,000447
recapitulation 2,659260 0,000471
recede 1,771957 0,000314
receipt 0,314711 0,000056
receive 0,083382 0,000015
received 0,040822 0,000007
receives 0,916291 0,000162
receiving 0,116534 0,000021
reception 0,693147 0,000123
receptivity 3,218876 0,000570
reciprocal 1,897120 0,000336
reciprocally 2,813411 0,000498
reciprocity 3,506558 0,000621
reckon 0,693147 0,000123
reckoned 0,653926 0,000116
reckoning 0,843970 0,000149
recognition 0,713350 0,000126
recognizable 2,995732 0,000531
recognize 1,021651 0,000181
recognized 0,820981 0,000145
recognizes 1,897120 0,000336
recognizing 1,427116 0,000253
recollection 0,616186 0,000109
recommencing 3,218876 0,000570
recommendation 1,309333 0,000232
recommendations 2,207275 0,000391
recommended 0,634878 0,000112
recommending 1,714798 0,000304
reconcile 0,967584 0,000171
reconciled 0,891598 0,000158
reconciling 1,832581 0,000325
reconverted 3,506558 0,000621
record 0,400478 0,000071
recourse 1,171183 0,000207
rectification 3,912023 0,000693
recurs 2,525729 0,000447
red 0,072571 0,000013
redistribute 0,544727 0,000096
redistributing 0,562119 0,000100
redistribution 0,562119 0,000100
redness 2,040221 0,000361
reduce 0,916291 0,000162
reduced 0,371064 0,000066
reducing 1,560648 0,000276
reduction 1,514128 0,000268
refer 0,653926 0,000116
referable 2,813411 0,000498
reference 0,562119 0,000100
references 0,430783 0,000076
referred 0,616186 0,000109
referring 0,967584 0,000171
refers 1,203973 0,000213
reflect 0,653926 0,000116
reflected 0,371064 0,000066
reflecting 0,755023 0,000134
reflection 0,356675 0,000063
reflections 0,798508 0,000141
reflective 2,040221 0,000361
reform 1,203973 0,000213
refrain 0,776529 0,000138
refrained 1,469676 0,000260
refund 0,562119 0,000100
refusal 0,843970 0,000149
refuse 0,371064 0,000066
refused 0,235722 0,000042
refuses 1,272966 0,000225
refusing 0,776529 0,000138
refutation 2,525729 0,000447
refutations 3,218876 0,000570
refute 1,832581 0,000325
refuted 1,832581 0,000325
regard 0,150823 0,000027
regarded 0,301105 0,000053
region 0,673345 0,000119
regions 0,891598 0,000158
register 1,237874 0,000219
registered 0,430783 0,000076
regnum 3,218876 0,000570
regress 3,912023 0,000693
regression 3,912023 0,000693
regressive 3,912023 0,000693
regressively 3,912023 0,000693
regular 0,287682 0,000051
regularity 1,021651 0,000181
regularly 0,616186 0,000109
regulate 1,469676 0,000260
regulated 1,203973 0,000213
regulates 2,302585 0,000408
regulating 0,415515 0,000074
regulation 1,469676 0,000260
regulative 3,506558 0,000621
reign 0,733969 0,000130
reigns 1,347074 0,000239
reinstallation 3,912023 0,000693
reject 1,171183 0,000207
rejected 0,653926 0,000116
rejecting 1,309333 0,000232
rejection 1,609438 0,000285
relate 0,562119 0,000100
relates 1,309333 0,000232
relating 1,021651 0,000181
relation 0,446287 0,000079
relations 0,287682 0,000051
relationship 0,967584 0,000171
relative 0,693147 0,000123
release 0,210721 0,000037
reliable 1,609438 0,000285
reliance 1,469676 0,000260
religion 0,446287 0,000079
religious 0,446287 0,000079
relinquish 1,237874 0,000219
relinquishing 2,120264 0,000376
reluctant 1,021651 0,000181
rely 0,891598 0,000158
remain 0,040822 0,000007
remainder 0,616186 0,000109
remainders 3,218876 0,000570
remained 0,116534 0,000021
remaining 0,094311 0,000017
remains 0,150823 0,000027
remark 0,314711 0,000056
remarkable 0,235722 0,000042
remarkably 0,733969 0,000130
remarked 0,415515 0,000074
remarking 1,427116 0,000253
remarks 0,462035 0,000082
remedies 0,415515 0,000074
remedy 0,693147 0,000123
remembered 0,162519 0,000029
remind 0,755023 0,000134
reminiscence 1,897120 0,000336
remote 0,544727 0,000096
remove 0,127833 0,000023
removed 0,061875 0,000011
removes 1,832581 0,000325
removing 0,673345 0,000119
renamed 0,562119 0,000100
render 0,371064 0,000066
rendered 0,527633 0,000093
rendering 0,891598 0,000158
renders 1,347074 0,000239
renew 0,776529 0,000138
renewed 0,510826 0,000090
renounce 1,237874 0,000219
renounces 2,995732 0,000531
renouncing 1,966113 0,000348
renowned 1,171183 0,000207
renunciation 2,207275 0,000391
repaired 0,941609 0,000167
repay 0,891598 0,000158
repeat 0,328504 0,000058
repeated 0,127833 0,000023
repeatedly 1,108663 0,000196
repel 1,660731 0,000294
repetition 0,843970 0,000149
replace 0,342490 0,000061
replacement 0,562119 0,000100
replies 0,994252 0,000176
reply 0,174353 0,000031
reported 0,162519 0,000029
reports 0,261365 0,000046
repose 0,544727 0,000096
reposed 1,427116 0,000253
reprehensible 2,120264 0,000376
represent 0,494296 0,000088
representable 3,912023 0,000693
representation 1,021651 0,000181
representations 0,356675 0,000063
representative 1,078810 0,000191
represented 0,462035 0,000082
representing 0,891598 0,000158
represents 1,021651 0,000181
repress 1,237874 0,000219
reprimanded 1,966113 0,000348
reproach 0,371064 0,000066
reproduction 2,407946 0,000426
reproductive 3,912023 0,000693
republic 1,427116 0,000253
repugnance 1,386294 0,000246
repulsed 1,347074 0,000239
repulsion 2,040221 0,000361
reputation 0,385662 0,000068
request 0,127833 0,000023
require 0,127833 0,000023
required 0,083382 0,000015
requirement 2,407946 0,000426
requirements 0,415515 0,000074
requires 0,673345 0,000119
requiring 1,108663 0,000196
requisite 1,108663 0,000196
requisites 2,525729 0,000447
resemblances 2,407946 0,000426
resemble 0,994252 0,000176
reserve 0,478036 0,000085
reside 1,171183 0,000207
resides 1,771957 0,000314
residing 1,560648 0,000276
resist 0,430783 0,000076
resistance 0,430783 0,000076
resisting 1,272966 0,000225
resists 1,771957 0,000314
resolution 0,462035 0,000082
resolve 0,713350 0,000126
resolved 0,342490 0,000061
resolves 1,966113 0,000348
respect 0,094311 0,000017
respectability 1,427116 0,000253
respected 0,673345 0,000119
respecting 1,139434 0,000202
respective 1,171183 0,000207
respects 0,527633 0,000093
responsibilities 1,832581 0,000325
responsibility 0,776529 0,000138
rest 0,010050 0,000002
rested 0,314711 0,000056
resting 0,314711 0,000056
restless 0,478036 0,000085
restores 2,302585 0,000408
restoring 1,272966 0,000225
restrain 0,673345 0,000119
restrained 0,776529 0,000138
restraint 0,733969 0,000130
restrict 2,525729 0,000447
restricted 1,560648 0,000276
restricting 2,525729 0,000447
restriction 2,040221 0,000361
restrictions 0,385662 0,000068
restrictive 3,506558 0,000621
restricts 3,506558 0,000621
rests 0,673345 0,000119
result 0,174353 0,000031
resurrection 1,347074 0,000239
retain 0,597837 0,000106
retaining 1,272966 0,000225
retains 1,514128 0,000268
retort 1,386294 0,000246
retorted 1,139434 0,000202
retrace 1,832581 0,000325
retrogressively 3,912023 0,000693
return 0,040822 0,000007
returned 0,061875 0,000011
returns 0,235722 0,000042
reveal 0,616186 0,000109
revealed 0,415515 0,000074
reveals 1,386294 0,000246
revelation 0,820981 0,000145
revenue 0,371064 0,000066
reverence 0,634878 0,000112
reverse 0,579818 0,000103
reversed 1,171183 0,000207
reverses 1,897120 0,000336
review 0,891598 0,000158
reviewing 1,832581 0,000325
reviews 1,832581 0,000325
revolution 0,713350 0,000126
revolutionized 3,218876 0,000570
revolutions 1,272966 0,000225
revolve 1,771957 0,000314
revolved 1,660731 0,000294
revolves 2,207275 0,000391
rewarding 2,207275 0,000391
rhapsodically 3,912023 0,000693
rhapsodistic 3,912023 0,000693
rhapsody 2,813411 0,000498
rhetoric 1,560648 0,000276
rhetoricians 2,813411 0,000498
rich 0,139262 0,000025
richer 0,891598 0,000158
rid 0,223144 0,000040
ridicule 1,171183 0,000207
ridicules 2,525729 0,000447
ridiculous 0,478036 0,000085
righteous 1,203973 0,000213
rightful 1,560648 0,000276
rightly 0,430783 0,000076
rigid 0,820981 0,000145
rigorous 1,560648 0,000276
rigour 1,897120 0,000336
ripened 1,966113 0,000348
rise 0,040822 0,000007
risen 0,342490 0,000061
rises 0,634878 0,000112
rising 0,116534 0,000021
risk 0,371064 0,000066
rival 0,597837 0,000106
river 0,174353 0,000031
road 0,150823 0,000027
roads 0,597837 0,000106
rob 0,653926 0,000116
robbed 0,733969 0,000130
rock 0,385662 0,000068
rocks 0,446287 0,000079
romance 0,693147 0,000123
rood 2,813411 0,000498
roof 0,223144 0,000040
root 0,385662 0,000068
rooted 0,994252 0,000176
roots 0,634878 0,000112
rose 0,094311 0,000017
rotten 0,941609 0,000167
rough 0,186330 0,000033
roughness 1,514128 0,000268
roundness 2,302585 0,000408
rouse 0,798508 0,000141
roused 0,653926 0,000116
route 1,049822 0,000186
royal 0,400478 0,000071
royalties 0,527633 0,000093
royalty 0,385662 0,000068
rude 0,342490 0,000061
rudeness 1,203973 0,000213
ruined 0,371064 0,000066
ruinous 1,386294 0,000246
ruins 0,755023 0,000134
rule 0,198451 0,000035
ruler 1,108663 0,000196
rules 0,150823 0,000027
rust 1,272966 0,000225
sacred 0,415515 0,000074
sacredness 2,407946 0,000426
sacrifice 0,328504 0,000058
sadly 0,510826 0,000090
safe 0,116534 0,000021
safeguard 1,660731 0,000294
safely 0,371064 0,000066
safety 0,356675 0,000063
sagacity 1,139434 0,000202
sake 0,094311 0,000017
salt 0,116534 0,000021
salts 1,897120 0,000336
saltus 3,912023 0,000693
sap 1,771957 0,000314
sarcastic 1,427116 0,000253
satis 3,218876 0,000570
satisfaction 0,186330 0,000033
satisfactorily 1,272966 0,000225
satisfactory 0,562119 0,000100
satisfied 0,105361 0,000019
satisfies 2,040221 0,000361
satisfy 0,342490 0,000061
satisfying 1,171183 0,000207
saturn 1,832581 0,000325
save 0,030459 0,000005
saved 0,274437 0,000049
scandal 0,891598 0,000158
scarcely 0,301105 0,000053
scattered 0,139262 0,000025
sceptic 2,040221 0,000361
sceptical 1,966113 0,000348
scepticism 1,771957 0,000314
sceptics 2,659260 0,000471
schema 3,912023 0,000693
schemata 3,912023 0,000693
schematism 3,912023 0,000693
scholar 0,798508 0,000141
scholars 1,049822 0,000186
scholastic 1,966113 0,000348
scholastically 3,912023 0,000693
school 0,174353 0,000031
schoolman 3,912023 0,000693
schoolmen 3,218876 0,000570
schools 0,755023 0,000134
science 0,446287 0,000079
sciences 1,171183 0,000207
scientific 0,776529 0,000138
scope 1,139434 0,000202
scorn 0,562119 0,000100
scrutiny 1,272966 0,000225
sea 0,116534 0,000021
search 0,051293 0,000009
searching 0,415515 0,000074
seas 0,916291 0,000162
seat 0,105361 0,000019
secret 0,061875 0,000011
secrets 0,400478 0,000071
secure 0,072571 0,000013
secured 0,494296 0,000088
securely 0,916291 0,000162
secures 2,040221 0,000361
securing 1,021651 0,000181
security 0,544727 0,000096
seduced 1,386294 0,000246
seducing 2,302585 0,000408
seduction 2,040221 0,000361
seductive 1,771957 0,000314
seek 0,198451 0,000035
seeking 0,274437 0,000049
seeks 1,021651 0,000181
seemingly 0,967584 0,000171
seize 0,446287 0,000079
seldom 0,301105 0,000053
select 0,867501 0,000154
selfish 0,798508 0,000141
semblance 1,049822 0,000186
send 0,030459 0,000005
sending 0,083382 0,000015
sensation 0,462035 0,000082
sensations 0,843970 0,000149
sense 0,051293 0,000009
senseless 0,867501 0,000154
sensibility 1,427116 0,000253
sensual 1,203973 0,000213
sensualists 3,218876 0,000570
sensualized 3,912023 0,000693
sensuous 2,302585 0,000408
sensuously 3,506558 0,000621
sensuousness 3,218876 0,000570
sentence 0,127833 0,000023
sentiment 0,478036 0,000085
sentiments 0,820981 0,000145
separate 0,248461 0,000044
separated 0,274437 0,000049
separately 1,108663 0,000196
separates 1,469676 0,000260
separating 1,203973 0,000213
separation 0,776529 0,000138
separations 2,659260 0,000471
sequel 1,078810 0,000191
sequence 1,560648 0,000276
serially 3,506558 0,000621
series 0,494296 0,000088
serve 0,174353 0,000031
served 0,186330 0,000033
serves 0,776529 0,000138
service 0,072571 0,000013
serviceable 1,237874 0,000219
set 0,010050 0,000002
sets 0,385662 0,000068
setting 0,186330 0,000033
settle 0,356675 0,000063
settled 0,127833 0,000023
settlement 1,203973 0,000213
settling 0,755023 0,000134
severe 0,342490 0,000061
severed 1,347074 0,000239
severely 0,634878 0,000112
severest 1,560648 0,000276
severity 0,798508 0,000141
shadow 0,223144 0,000040
shadows 0,494296 0,000088
shadowy 1,108663 0,000196
shake 0,287682 0,000051
shallowness 2,995732 0,000531
shame 0,223144 0,000040
shameless 1,427116 0,000253
shape 0,186330 0,000033
shapes 0,755023 0,000134
shaping 1,966113 0,000348
share 0,040822 0,000007
shared 0,139262 0,000025
sharing 0,248461 0,000044
sharpen 1,660731 0,000294
shield 0,733969 0,000130
shifting 0,891598 0,000158
shines 0,994252 0,000176
ship 0,314711 0,000056
shoots 1,347074 0,000239
shore 0,342490 0,000061
short 0,020203 0,000004
shorter 0,579818 0,000103
shortest 1,203973 0,000213
shortness 1,660731 0,000294
shower 0,755023 0,000134
shut 0,072571 0,000013
sided 1,714798 0,000304
sieve 1,966113 0,000348
sight 0,051293 0,000009
sighted 0,733969 0,000130
signal 0,544727 0,000096
signalize 3,218876 0,000570
signalized 2,995732 0,000531
significance 1,021651 0,000181
significancy 3,218876 0,000570
signification 1,832581 0,000325
significations 2,659260 0,000471
signifies 1,272966 0,000225
signify 0,994252 0,000176
signs 0,186330 0,000033
silenced 1,049822 0,000186
silently 0,544727 0,000096
silly 0,400478 0,000071
silver 0,210721 0,000037
similarities 2,813411 0,000498
similarity 1,427116 0,000253
simple 0,094311 0,000017
simpler 1,347074 0,000239
simplest 1,108663 0,000196
simplicity 0,527633 0,000093
simplify 2,302585 0,000408
simplifying 3,218876 0,000570
simply 0,150823 0,000027
simul 3,506558 0,000621
simultaneity 3,912023 0,000693
simultaneous 1,660731 0,000294
sine 2,407946 0,000426
single 0,083382 0,000015
singular 0,430783 0,000076
sink 0,462035 0,000082
sinks 1,108663 0,000196
sit 0,061875 0,000011
situation 0,198451 0,000035
situs 3,912023 0,000693
size 0,248461 0,000044
sketch 0,891598 0,000158
sketching 1,714798 0,000304
skilful 0,967584 0,000171
skill 0,301105 0,000053
slight 0,150823 0,000027
slightest 0,415515 0,000074
slips 1,272966 0,000225
slumber 0,673345 0,000119
smell 0,371064 0,000066
smelling 0,843970 0,000149
smoke 0,314711 0,000056
smooth 0,274437 0,000049
soar 1,560648 0,000276
social 0,371064 0,000066
society 0,210721 0,000037
socratic 2,407946 0,000426
soever 1,966113 0,000348
softness 0,891598 0,000158
solar 1,660731 0,000294
sole 0,342490 0,000061
solely 0,733969 0,000130
solicit 0,430783 0,000076
solicitation 0,510826 0,000090
solid 0,274437 0,000049
solidity 2,040221 0,000361
solus 2,659260 0,000471
solution 0,820981 0,000145
solutions 2,302585 0,000408
solve 0,653926 0,000116
solved 0,867501 0,000154
solving 2,120264 0,000376
son 0,105361 0,000019
sooner 1,309333 0,000232
sophism 3,506558 0,000621
sophisms 2,813411 0,000498
sophist 2,525729 0,000447
sophistical 2,813411 0,000498
sophistries 3,506558 0,000621
sophistry 2,525729 0,000447
sophists 2,525729 0,000447
sorrow 0,287682 0,000051
sort 0,105361 0,000019
sorts 0,356675 0,000063
sought 0,150823 0,000027
soul 0,105361 0,000019
soulless 2,659260 0,000471
souls 0,342490 0,000061
sound 0,020203 0,000004
source 0,328504 0,000058
sources 0,843970 0,000149
sovereignty 1,771957 0,000314
space 0,116534 0,000021
spaces 1,347074 0,000239
spacious 0,916291 0,000162
spare 0,210721 0,000037
sparing 1,272966 0,000225
sparks 1,139434 0,000202
speak 0,051293 0,000009
speaking 0,072571 0,000013
speaks 0,371064 0,000066
special 0,083382 0,000015
specially 0,820981 0,000145
species 0,634878 0,000112
specific 0,820981 0,000145
specification 3,912023 0,000693
specious 1,966113 0,000348
spectacle 0,544727 0,000096
spectator 0,820981 0,000145
spectators 0,820981 0,000145
speculate 2,120264 0,000376
speculation 0,843970 0,000149
speculations 1,203973 0,000213
speculative 1,897120 0,000336
speculators 2,659260 0,000471
speech 0,198451 0,000035
spelling 1,237874 0,000219
spend 0,328504 0,000058
spent 0,105361 0,000019
sphere 0,733969 0,000130
spheres 1,832581 0,000325
spherical 2,659260 0,000471
spheroid 3,912023 0,000693
spinning 1,021651 0,000181
spirit 0,051293 0,000009
spiritual 0,653926 0,000116
spiritualism 2,995732 0,000531
spiritualist 3,912023 0,000693
spirituality 2,525729 0,000447
spite 0,139262 0,000025
splendour 1,237874 0,000219
spoken 0,150823 0,000027
spontaneity 3,218876 0,000570
spontaneous 1,139434 0,000202
spontaneously 1,609438 0,000285
sport 0,597837 0,000106
spring 0,083382 0,000015
springs 0,634878 0,000112
sprung 0,544727 0,000096
spurious 2,120264 0,000376
square 0,235722 0,000042
stability 2,302585 0,000408
staff 0,274437 0,000049
stage 0,223144 0,000040
staggered 0,733969 0,000130
stake 0,693147 0,000123
stamps 2,525729 0,000447
stand 0,000000 0,000000
standard 0,562119 0,000100
standards 1,560648 0,000276
standing 0,030459 0,000005
standpoint 1,832581 0,000325
stands 0,261365 0,000046
standstill 1,714798 0,000304
star 0,544727 0,000096
starry 1,272966 0,000225
stars 0,342490 0,000061
start -0,009950 -0,000002
started 0,150823 0,000027
starting 0,371064 0,000066
startle 1,514128 0,000268
startles 2,525729 0,000447
startling 0,967584 0,000171
statement 0,544727 0,000096
statements 0,430783 0,000076
statesman 1,203973 0,000213
stationary 1,427116 0,000253
status 0,446287 0,000079
statute 1,714798 0,000304
statutes 2,040221 0,000361
stay 0,083382 0,000015
steadily 0,415515 0,000074
steel 0,510826 0,000090
steeled 2,995732 0,000531
stem 0,916291 0,000162
step 0,083382 0,000015
stepping 0,755023 0,000134
steps 0,094311 0,000017
stock 0,328504 0,000058
stoics 2,302585 0,000408
stone 0,116534 0,000021
stones 0,301105 0,000053
stood 0,030459 0,000005
stored 0,342490 0,000061
stormy 0,776529 0,000138
story 0,051293 0,000009
straight 0,105361 0,000019
strange 0,061875 0,000011
stranger 0,139262 0,000025
stratagem 1,609438 0,000285
stray 0,891598 0,000158
strayed 1,078810 0,000191
stream 0,210721 0,000037
strength 0,030459 0,000005
strengthen 0,916291 0,000162
strengthening 1,427116 0,000253
stretch 0,446287 0,000079
stretches 1,309333 0,000232
strict 0,210721 0,000037
strictest 1,386294 0,000246
strictly 0,579818 0,000103
strictness 1,966113 0,000348
strife 1,021651 0,000181
strike 0,210721 0,000037
strikes 0,544727 0,000096
striking 0,274437 0,000049
strings 0,843970 0,000149
strive 0,820981 0,000145
strives 1,771957 0,000314
striving 0,755023 0,000134
strong 0,030459 0,000005
stronger 0,287682 0,000051
strongest 0,653926 0,000116
struck 0,083382 0,000015
structure 0,673345 0,000119
structures 1,832581 0,000325
struggle 0,287682 0,000051
struggles 0,891598 0,000158
struggling 0,462035 0,000082
student 0,673345 0,000119
studies 0,579818 0,000103
study 0,162519 0,000029
stumble 1,139434 0,000202
stumbling 1,108663 0,000196
stupidity 0,916291 0,000162
style 0,274437 0,000049
subaltern 2,525729 0,000447
subdivided 2,302585 0,000408
subdivision 2,659260 0,000471
subdivisions 2,302585 0,000408
subdued 0,494296 0,000088
subject 0,072571 0,000013
subjected 0,820981 0,000145
subjecting 2,813411 0,000498
subjection 1,272966 0,000225
subjective 2,120264 0,000376
subjectively 3,218876 0,000570
subjects 0,356675 0,000063
subjoined 2,659260 0,000471
sublime 0,994252 0,000176
sublunary 2,995732 0,000531
submit 0,579818 0,000103
submits 2,207275 0,000391
submitted 0,755023 0,000134
submitting 1,469676 0,000260
subordinate 1,139434 0,000202
subordinated 2,659260 0,000471
subordination 2,525729 0,000447
subreption 3,912023 0,000693
subscribe 0,494296 0,000088
subsequent 0,867501 0,000154
subservient 1,897120 0,000336
subsidiary 3,506558 0,000621
subsistence 1,609438 0,000285
subsistent 3,506558 0,000621
subsisting 2,207275 0,000391
subsists 2,302585 0,000408
substance 0,415515 0,000074
substances 1,560648 0,000276
substantia 3,506558 0,000621
substantiae 3,912023 0,000693
substantial 0,755023 0,000134
substantiality 3,506558 0,000621
substantiate 3,218876 0,000570
substantive 2,659260 0,000471
substituted 1,386294 0,000246
substituting 1,897120 0,000336
substitution 1,966113 0,000348
substratum 2,659260 0,000471
subsume 3,912023 0,000693
subsumed 3,912023 0,000693
subsuming 3,912023 0,000693
subsumption 3,912023 0,000693
subterfuge 2,302585 0,000408
subterranean 1,714798 0,000304
subtle 0,733969 0,000130
subtlest 2,302585 0,000408
subtlety 1,469676 0,000260
subtract 2,659260 0,000471
subtraction 2,659260 0,000471
subverted 2,995732 0,000531
succeed 0,328504 0,000058
succeeded 0,186330 0,000033
succeeding 0,755023 0,000134
succeeds 1,203973 0,000213
success 0,162519 0,000029
successful 0,478036 0,000085
succession 0,510826 0,000090
successions 2,407946 0,000426
successive 0,891598 0,000158
successively 1,347074 0,000239
successors 1,427116 0,000253
sudden 0,072571 0,000013
suddenly 0,040822 0,000007
suffer 0,127833 0,000023
sufferance 2,207275 0,000391
suffers 1,139434 0,000202
sufficed 1,272966 0,000225
sufficiency 1,966113 0,000348
sufficient 0,139262 0,000025
suggestions 0,891598 0,000158
suggestive 1,237874 0,000219
suit 0,261365 0,000046
suitable 0,462035 0,000082
suited 0,597837 0,000106
suits 0,776529 0,000138
sum 0,356675 0,000063
summa 2,995732 0,000531
summary 1,469676 0,000260
summit 0,798508 0,000141
summons 0,867501 0,000154
sums 1,021651 0,000181
sun 0,072571 0,000013
sunny 0,867501 0,000154
sunt 2,302585 0,000408
supellex 3,912023 0,000693
superannuated 2,525729 0,000447
superficial 1,108663 0,000196
superfluous 0,867501 0,000154
superfluousness 3,506558 0,000621
superhuman 1,714798 0,000304
superior 0,274437 0,000049
superiority 0,693147 0,000123
supernatural 1,272966 0,000225
supersensible 3,912023 0,000693
superstition 0,941609 0,000167
supplant 2,813411 0,000498
supplemented 2,207275 0,000391
supplied 0,478036 0,000085
supplies 0,891598 0,000158
supply 0,371064 0,000066
supplying 1,514128 0,000268
support 0,127833 0,000023
supported 0,415515 0,000074
supporters 1,771957 0,000314
supporting 0,653926 0,000116
supports 1,427116 0,000253
suppose 0,072571 0,000013
supposed 0,174353 0,000031
supposes 1,771957 0,000314
supposing 0,478036 0,000085
supposition 0,820981 0,000145
suppositions 2,120264 0,000376
supposititious 2,995732 0,000531
suppress 1,049822 0,000186
suppressed 0,673345 0,000119
suppression 1,609438 0,000285
supreme 0,616186 0,000109
supremely 1,609438 0,000285
surely 0,186330 0,000033
surface 0,301105 0,000053
surfaces 2,040221 0,000361
surmise 1,609438 0,000285
surmounted 1,237874 0,000219
surpass 1,469676 0,000260
surpasses 2,040221 0,000361
surprising 0,544727 0,000096
surrender 0,891598 0,000158
surrendering 2,040221 0,000361
surreptitious 3,506558 0,000621
surreptitiously 2,995732 0,000531
surrounded 0,223144 0,000040
surrounds 1,514128 0,000268
surveillance 2,302585 0,000408
survey 0,755023 0,000134
surveyed 1,139434 0,000202
survive 0,274437 0,000049
susceptibility 2,407946 0,000426
susceptible 1,386294 0,000246
suspect 0,342490 0,000061
suspicion 0,287682 0,000051
sustain 0,916291 0,000162
sustained 0,579818 0,000103
sustains 1,897120 0,000336
sustenance 1,469676 0,000260
swallowed 0,462035 0,000082
swamp 0,342490 0,000061
swelling 0,693147 0,000123
swim 0,755023 0,000134
sworn 0,673345 0,000119
syllogism 2,813411 0,000498
syllogisms 2,995732 0,000531
syllogistic 3,912023 0,000693
symbol 1,386294 0,000246
symbolical 2,525729 0,000447
symbols 1,469676 0,000260
sympathize 1,771957 0,000314
symptoms 0,776529 0,000138
synonym 2,995732 0,000531
synonymous 0,446287 0,000079
synonyms 3,506558 0,000621
syntheses 3,912023 0,000693
synthesis 2,525729 0,000447
synthetic 2,995732 0,000531
synthetical 3,218876 0,000570
synthetically 3,506558 0,000621
systematic 1,427116 0,000253
systematical 3,506558 0,000621
systematically 2,120264 0,000376
systems 3,218876 0,000570
table 0,094311 0,000017
tabular 3,506558 0,000621
talent 0,544727 0,000096
talents 0,798508 0,000141
talk 0,083382 0,000015
talked 0,261365 0,000046
talks 0,733969 0,000130
tangible 1,560648 0,000276
tantamount 2,659260 0,000471
task 0,261365 0,000046
tasks 1,386294 0,000246
taste 0,174353 0,000031
taught 0,248461 0,000044
tautological 3,506558 0,000621
tautology 3,912023 0,000693
tax 0,328504 0,000058
taxes 0,385662 0,000068
teach 0,248461 0,000044
teacher 0,527633 0,000093
teachers 0,776529 0,000138
teaches 1,203973 0,000213
teaching 0,462035 0,000082
teachings 1,560648 0,000276
tears 0,150823 0,000027
technical 1,660731 0,000294
technically 2,813411 0,000498
technique 2,659260 0,000471
tecum 3,912023 0,000693
tedious 0,755023 0,000134
teleological 3,506558 0,000621
teleology 3,506558 0,000621
tellus 2,995732 0,000531
temperament 0,994252 0,000176
temperate 1,078810 0,000191
temporal 1,714798 0,000304
temptation 0,527633 0,000093
tempus 3,912023 0,000693
tend 0,733969 0,000130
tendencies 1,469676 0,000260
tendency 0,634878 0,000112
tenth 0,776529 0,000138
term 0,371064 0,000066
termed 1,309333 0,000232
termination 1,309333 0,000232
terming 3,506558 0,000621
terms 0,061875 0,000011
terrestrial 1,427116 0,000253
terrible 0,186330 0,000033
territory 1,272966 0,000225
terror 0,198451 0,000035
tertio 3,218876 0,000570
tertium 3,912023 0,000693
testimony 0,579818 0,000103
testing 2,407946 0,000426
thankfulness 1,832581 0,000325
thee 0,597837 0,000106
theist 3,912023 0,000693
theistic 3,506558 0,000621
theme 0,994252 0,000176
theologians 2,120264 0,000376
theological 1,714798 0,000304
theology 1,427116 0,000253
theorem 3,218876 0,000570
theorems 2,995732 0,000531
theoretical 2,407946 0,000426
theoretically 2,120264 0,000376
theories 0,967584 0,000171
theory 0,478036 0,000085
therefrom 1,771957 0,000314
thereon 1,469676 0,000260
therewith 1,560648 0,000276
thermometer 1,660731 0,000294
thesis 2,407946 0,000426
thetic 3,912023 0,000693
thew 3,912023 0,000693
thinker 1,609438 0,000285
thinkers 1,966113 0,000348
thinking 0,274437 0,000049
thirdly 1,347074 0,000239
thirteen 0,579818 0,000103
thoroughgoing 3,506558 0,000621
thoroughness 3,218876 0,000570
thread 0,430783 0,000076
threaten 0,916291 0,000162
threatens 1,469676 0,000260
threats 0,994252 0,000176
threefold 2,120264 0,000376
threshold 0,562119 0,000100
throw 0,083382 0,000015
throwing 0,287682 0,000051
thrown 0,116534 0,000021
throws 0,916291 0,000162
tied 0,261365 0,000046
time -0,009950 -0,000002
times 0,010050 0,000002
timid 0,544727 0,000096
title 0,116534 0,000021
titles 1,021651 0,000181
toil 0,616186 0,000109
tolerably 0,994252 0,000176
tolerate 1,427116 0,000253
tone 0,248461 0,000044
tongues 0,634878 0,000112
topic 1,021651 0,000181
torn 0,248461 0,000044
tortuous 2,207275 0,000391
tot 2,995732 0,000531
total 0,597837 0,000106
totality 2,659260 0,000471
totally 0,916291 0,000162
toto 3,506558 0,000621
totum 2,995732 0,000531
touch 0,083382 0,000015
touches 0,798508 0,000141
touching 0,301105 0,000053
touchstone 2,659260 0,000471
tourney 3,912023 0,000693
tower 0,527633 0,000093
traced 0,820981 0,000145
traces 0,673345 0,000119
track 0,510826 0,000090
tracks 1,139434 0,000202
trademark 0,562119 0,000100
trained 0,544727 0,000096
training 0,776529 0,000138
trains 1,049822 0,000186
trampled 0,843970 0,000149
tranquil 0,994252 0,000176
tranquility 2,120264 0,000376
transcend 2,813411 0,000498
transcended 3,506558 0,000621
transcendent 1,897120 0,000336
transcendental 2,407946 0,000426
transcendentalism 3,506558 0,000621
transcendentally 3,912023 0,000693
transcendently 3,506558 0,000621
transcending 2,813411 0,000498
transcends 2,407946 0,000426
transcribe 0,494296 0,000088
transcription 0,527633 0,000093
transference 2,659260 0,000471
transform 1,469676 0,000260
transformed 0,967584 0,000171
transgress 1,832581 0,000325
transgresses 2,995732 0,000531
transgressing 2,407946 0,000426
transgression 1,832581 0,000325
transition 1,347074 0,000239
transitory 1,897120 0,000336
translated 0,798508 0,000141
translator 1,347074 0,000239
transport 1,108663 0,000196
travel 0,356675 0,000063
traversed 1,139434 0,000202
treason 1,514128 0,000268
treasure 0,385662 0,000068
treasures 0,755023 0,000134
treat 0,287682 0,000051
treated 0,261365 0,000046
treating 0,967584 0,000171
treatise 1,386294 0,000246
treatises 2,207275 0,000391
treatment 0,127833 0,000023
treats 1,108663 0,000196
tree 0,235722 0,000042
trembles 1,514128 0,000268
triad 3,506558 0,000621
trial 0,314711 0,000056
triangle 1,560648 0,000276
triangles 2,525729 0,000447
tribes 1,108663 0,000196
tribunal 1,560648 0,000276
trick 0,510826 0,000090
trifling 0,653926 0,000116
triumph 0,274437 0,000049
triumphant 0,798508 0,000141
trivial 0,776529 0,000138
trouble 0,051293 0,000009
troubling 1,171183 0,000207
true 0,020203 0,000004
truest 1,203973 0,000213
trust 0,116534 0,000021
trustworthy 1,514128 0,000268
truth 0,030459 0,000005
truthful 1,427116 0,000253
truths 1,049822 0,000186
tuition 1,771957 0,000314
turbulent 1,560648 0,000276
tween 3,218876 0,000570
twist 1,021651 0,000181
twisting 1,049822 0,000186
twofold 1,966113 0,000348
type 0,446287 0,000079
types 0,385662 0,000068
ubi 2,659260 0,000471
ultimate 0,941609 0,000167
ultimately 1,108663 0,000196
umpires 3,506558 0,000621
unable 0,248461 0,000044
unaccompanied 2,525729 0,000447
unadvisable 3,912023 0,000693
unalloyed 1,897120 0,000336
unalterable 1,309333 0,000232
unaltered 2,302585 0,000408
unanimously 1,660731 0,000294
unanswerable 1,771957 0,000314
unanswered 2,302585 0,000408
unascertained 3,912023 0,000693
unassailable 2,407946 0,000426
unattainable 1,609438 0,000285
unattained 3,506558 0,000621
unattempted 3,506558 0,000621
unattended 1,897120 0,000336
unauthorized 3,218876 0,000570
unavoidable 1,049822 0,000186
unavoidably 2,120264 0,000376
unaware 1,469676 0,000260
unbecoming 1,660731 0,000294
unbelief 1,771957 0,000314
unbiased 2,525729 0,000447
unbounded 1,309333 0,000232
unbroken 0,733969 0,000130
uncaused 3,912023 0,000693
unceasing 1,609438 0,000285
unceasingly 1,609438 0,000285
uncertain 0,301105 0,000053
uncertainty 0,820981 0,000145
unchangeable 1,771957 0,000314
unchangeably 3,506558 0,000621
unchanged 0,994252 0,000176
unchanging 2,120264 0,000376
uncivilized 2,659260 0,000471
uncommon 0,798508 0,000141
uncompensated 3,912023 0,000693
unconcerned 1,660731 0,000294
unconditional 2,207275 0,000391
unconditionally 2,659260 0,000471
unconditioned 3,506558 0,000621
unconnected 1,897120 0,000336
unconquerable 1,560648 0,000276
unconscious 0,400478 0,000071
unconsciously 0,634878 0,000112
unconvincing 3,506558 0,000621
uncritical 2,659260 0,000471
undecided 1,272966 0,000225
undemonstrated 3,912023 0,000693
undeniable 1,897120 0,000336
undeniably 2,525729 0,000447
undergoes 2,302585 0,000408
undermine 2,525729 0,000447
undermined 2,407946 0,000426
undermines 2,813411 0,000498
undermining 2,407946 0,000426
understand 0,030459 0,000005
understanding 0,223144 0,000040
understandings 2,120264 0,000376
understands 1,108663 0,000196
understood 0,061875 0,000011
undertake 0,579818 0,000103
undertaken 1,021651 0,000181
undertakes 2,207275 0,000391
undertaking 0,713350 0,000126
undervalue 2,659260 0,000471
undeserving 2,302585 0,000408
undetermined 2,525729 0,000447
undeterred 2,995732 0,000531
undeveloped 1,771957 0,000314
undeviating 3,218876 0,000570
undiminished 2,207275 0,000391
undiscovered 1,714798 0,000304
undisturbed 1,049822 0,000186
undivided 1,832581 0,000325
undoubted 1,386294 0,000246
undoubtedly 0,634878 0,000112
undoubtingly 3,218876 0,000570
uneducated 1,660731 0,000294
unenforceability 0,562119 0,000100
unessential 3,218876 0,000570
unexceptionable 2,995732 0,000531
unexceptionably 3,912023 0,000693
unexpected 0,430783 0,000076
unfair 1,049822 0,000186
unfairly 2,207275 0,000391
unfavourable 1,514128 0,000268
unfitness 2,207275 0,000391
unfold 1,309333 0,000232
unfolds 2,659260 0,000471
unfortunate 0,314711 0,000056
unguarded 1,560648 0,000276
unguardedly 3,506558 0,000621
unhappily 1,660731 0,000294
unhappy 0,400478 0,000071
uni 3,506558 0,000621
uniform 0,210721 0,000037
uniformity 1,771957 0,000314
uniformly 1,832581 0,000325
unilaterally 3,912023 0,000693
unimportant 1,386294 0,000246
uninfluenced 3,506558 0,000621
uninterrupted 1,309333 0,000232
union 0,510826 0,000090
unit 2,040221 0,000361
unite 1,078810 0,000191
united 0,094311 0,000017
unites 1,832581 0,000325
uniting 1,514128 0,000268
units 2,120264 0,000376
unity 1,108663 0,000196
universal 0,478036 0,000085
universality 2,659260 0,000471
universally 0,967584 0,000171
universe 0,733969 0,000130
universitas 3,912023 0,000693
unjust 0,693147 0,000123
unknown 0,105361 0,000019
unlimited 1,078810 0,000191
unlink 0,562119 0,000100
unluckily 1,832581 0,000325
unmistakable 1,171183 0,000207
unmixed 1,771957 0,000314
unnamed 3,506558 0,000621
unnecessarily 2,040221 0,000361
unnecessary 0,653926 0,000116
unobserved 1,203973 0,000213
unperceived 1,832581 0,000325
unphilosophical 2,813411 0,000498
unpleasant 0,562119 0,000100
unpopular 2,302585 0,000408
unprepared 1,514128 0,000268
unprofitable 1,660731 0,000294
unprotected 0,673345 0,000119
unqualified 2,120264 0,000376
unquestionably 1,427116 0,000253
unreal 1,514128 0,000268
unreasonable 0,967584 0,000171
unrestrained 1,714798 0,000304
unrestricted 3,218876 0,000570
unrighteous 1,966113 0,000348
unsafe 1,897120 0,000336
unsatisfactory 1,609438 0,000285
unsearchable 3,218876 0,000570
unseen 0,616186 0,000109
unsettled 1,309333 0,000232
unshaken 1,609438 0,000285
unskillful 3,218876 0,000570
unsolicited 0,510826 0,000090
unsophisticated 2,407946 0,000426
unsuccessful 0,994252 0,000176
unsuited 2,659260 0,000471
unsusceptible 3,506558 0,000621
unthinkingly 2,659260 0,000471
untravelled 3,218876 0,000570
untrue 1,309333 0,000232
unum 2,813411 0,000498
unusual 0,415515 0,000074
unvarying 2,207275 0,000391
unveil 2,207275 0,000391
unveiling 2,813411 0,000498
unwarrantable 2,659260 0,000471
unwilling 0,653926 0,000116
unwise 1,469676 0,000260
unworthy 0,673345 0,000119
updated 0,510826 0,000090
uphold 1,897120 0,000336
upholders 3,218876 0,000570
upright 0,328504 0,000058
uprightness 1,771957 0,000314
urged 0,356675 0,000063
usage 0,891598 0,000158
useless 0,235722 0,000042
user 0,562119 0,000100
usual 0,139262 0,000025
usurpation 2,302585 0,000408
usurped 1,832581 0,000325
ut 0,510826 0,000090
utility 1,427116 0,000253
utmost 0,356675 0,000063
utter 0,248461 0,000044
uttering 0,994252 0,000176
utterly 0,371064 0,000066
utters 1,897120 0,000336
vacant 0,693147 0,000123
vacillating 2,207275 0,000391
vacuum 2,207275 0,000391
vagabond 1,309333 0,000232
vague 0,579818 0,000103
vain 0,116534 0,000021
vainly 0,634878 0,000112
valid 1,966113 0,000348
validity 2,813411 0,000498
valueless 2,525729 0,000447
vanilla 0,544727 0,000096
vanish 0,967584 0,000171
vanishes 1,660731 0,000294
vanishing 1,427116 0,000253
vanity 0,415515 0,000074
variable 1,897120 0,000336
variance 1,560648 0,000276
variation 1,347074 0,000239
variations 1,347074 0,000239
variegated 1,897120 0,000336
varieties 1,171183 0,000207
variety 0,162519 0,000029
variously 1,427116 0,000253
varying 0,755023 0,000134
vast 0,223144 0,000040
vegetable 1,237874 0,000219
vehement 1,427116 0,000253
vehicle 1,049822 0,000186
vehicula 3,912023 0,000693
vel 2,813411 0,000498
venture 0,342490 0,000061
ventured 0,478036 0,000085
venturing 1,272966 0,000225
veracious 2,407946 0,000426
verbal 1,203973 0,000213
verbiage 3,506558 0,000621
verge 0,967584 0,000171
veritable 1,560648 0,000276
versa 2,813411 0,000498
version 0,385662 0,000068
vessel 0,510826 0,000090
vestibule 1,832581 0,000325
veto 2,995732 0,000531
vice 0,527633 0,000093
vicious 0,653926 0,000116
viciousness 2,407946 0,000426
victories 1,427116 0,000253
victory 0,371064 0,000066
view 0,105361 0,000019
viewed 0,261365 0,000046
viewing 0,415515 0,000074
views 0,562119 0,000100
vigorously 1,021651 0,000181
vigour 0,843970 0,000149
vii 0,430783 0,000076
viii 0,446287 0,000079
vindicated 2,207275 0,000391
vindication 2,407946 0,000426
violates 0,527633 0,000093
violence 0,248461 0,000044
virtue 0,328504 0,000058
virus 0,527633 0,000093
vis 2,120264 0,000376
visible 0,235722 0,000042
vision 0,371064 0,000066
visionary 1,427116 0,000253
visions 0,733969 0,000130
visit 0,061875 0,000011
visited 0,328504 0,000058
visual 2,407946 0,000426
vitally 2,407946 0,000426
vocabulary 1,832581 0,000325
vocation 1,309333 0,000232
voice 0,020203 0,000004
void 0,274437 0,000049
volition 1,771957 0,000314
volume 0,494296 0,000088
voluntary 0,843970 0,000149
volunteer 0,478036 0,000085
volunteers 0,430783 0,000076
von 1,771957 0,000314
vote 1,078810 0,000191
vouchsafed 1,660731 0,000294
voyage 0,653926 0,000116
vulgar 0,634878 0,000112
waited 0,198451 0,000035
walhalla 3,912023 0,000693
walks 0,162519 0,000029
wandering 0,274437 0,000049
wanderings 1,237874 0,000219
war 0,162519 0,000029
ward 0,916291 0,000162
warmest 1,660731 0,000294
warn 0,579818 0,000103
warning 0,248461 0,000044
warnings 1,514128 0,000268
warns 2,302585 0,000408
warrant 0,713350 0,000126
warranted 1,609438 0,000285
warranties 0,562119 0,000100
warrants 2,407946 0,000426
warranty 0,544727 0,000096
wars 0,820981 0,000145
wasting 0,673345 0,000119
watch 0,094311 0,000017
watching 0,210721 0,000037
water 0,051293 0,000009
waver 1,897120 0,000336
wavering 1,078810 0,000191
wax 0,597837 0,000106
weak 0,116534 0,000021
weaken 1,309333 0,000232
weaker 0,634878 0,000112
weakness 0,261365 0,000046
weaknesses 1,386294 0,000246
weal 1,771957 0,000314
wealth 0,287682 0,000051
weapons 0,693147 0,000123
wearied 0,820981 0,000145
weariness 0,755023 0,000134
weed 1,386294 0,000246
weigh 0,579818 0,000103
weighed 0,430783 0,000076
weight 0,116534 0,000021
weightiest 3,506558 0,000621
welfare 0,916291 0,000162
west 0,083382 0,000015
whatsoever 0,287682 0,000051
wherefore 1,139434 0,000202
whereof 1,237874 0,000219
whereon 1,309333 0,000232
wholly 0,400478 0,000071
wicked 0,356675 0,000063
wide 0,061875 0,000011
widen 2,040221 0,000361
widening 1,714798 0,000304
wider 0,755023 0,000134
widespread 0,916291 0,000162
widest 0,446287 0,000079
wildest 1,272966 0,000225
willed 1,347074 0,000239
willingly 0,527633 0,000093
windy 1,469676 0,000260
wings 0,430783 0,000076
wisdom 0,287682 0,000051
wise 0,105361 0,000019
wisely 0,653926 0,000116
wisest 0,733969 0,000130
wit 0,328504 0,000058
withdraw 0,597837 0,000106
withdrawn 0,616186 0,000109
withstand 1,469676 0,000260
witness 0,198451 0,000035
witnesses 0,579818 0,000103
wolf 0,867501 0,000154
wolfian 3,506558 0,000621
wonderful 0,162519 0,000029
wondrous 1,203973 0,000213
wood 0,116534 0,000021
word 0,020203 0,000004
worms 1,078810 0,000191
worse 0,083382 0,000015
worth 0,061875 0,000011
worthiness 3,912023 0,000693
worthlessness 2,407946 0,000426
worthy 0,186330 0,000033
writer 0,415515 0,000074
writing 0,061875 0,000011
writings 0,994252 0,000176
written 0,051293 0,000009
wrong 0,083382 0,000015
xiii 0,673345 0,000119
yield 0,342490 0,000061
youth 0,150823 0,000027
youthful 0,673345 0,000119
zeal 0,579818 0,000103
zealous 1,049822 0,000186
