ab 2,302585 0,000482
abner 2,659260 0,000557
aboard 1,237874 0,000259
abolitionist 3,912023 0,000819
abram 2,813411 0,000589
abreast 1,203973 0,000252
absent 0,385662 0,000081
abuse 0,673345 0,000141
abused 0,843970 0,000177
abusing 1,514128 0,000317
accident 0,371064 0,000078
accidents 0,820981 0,000172
account 0,010050 0,000002
accounts 0,597837 0,000125
ache 1,309333 0,000274
acknowledge 0,527633 0,000110
acknowledging 1,386294 0,000290
acquainted 0,385662 0,000081
acquit 1,514128 0,000317
acre 1,427116 0,000299
actin 3,506558 0,000734
action 0,139262 0,000029
actions 0,356675 0,000075
actor 0,941609 0,000197
acts 1,966113 0,000412
adage 2,659260 0,000557
adam 0,941609 0,000197
add 0,198451 0,000042
addled 3,506558 0,000734
addling 3,912023 0,000819
admirable 0,527633 0,000110
admission 0,713350 0,000149
admitted 0,301105 0,000063
adolphus 3,218876 0,000674
adopt 0,733969 0,000154
advance 0,223144 0,000047
advantage 0,139262 0,000029
adventure 0,510826 0,000107
adventures 0,562119 0,000118
advertise 1,714798 0,000359
advertisements 2,207275 0,000462
advice 0,186330 0,000039
advise 0,462035 0,000097
advises 2,407946 0,000504
afeard 2,813411 0,000589
afeared 3,218876 0,000674
affairs 0,235722 0,000049
afflicted 0,693147 0,000145
afford 0,301105 0,000063
afforded 0,616186 0,000129
affront 1,386294 0,000290
afire 2,407946 0,000504
afoot 1,660731 0,000348
afraid 0,105361 0,000022
african 1,427116 0,000299
aft 1,771957 0,000371
afternoon 0,287682 0,000060
age 0,051293 0,000011
aggravate 1,660731 0,000348
aggravating 2,120264 0,000444
agin 2,120264 0,000444
agreed 0,116534 0,000024
agreement 0,210721 0,000044
aground 2,302585 0,000482
aholt 3,912023 0,000819
aimed 0,891598 0,000187
aiming 1,309333 0,000274
ain 2,525729 0,000529
air 0,061875 0,000013
airs 1,078810 0,000226
airy 1,237874 0,000259
alarm 0,356675 0,000075
alas 0,462035 0,000097
alike 0,287682 0,000060
alive 0,051293 0,000011
alleys 1,660731 0,000348
allowances 1,966113 0,000412
aloft 0,916291 0,000192
alter 0,544727 0,000114
altogether 0,198451 0,000042
amazing 0,941609 0,000197
ambuscade 2,040221 0,000427
ambush 1,386294 0,000290
amen 1,237874 0,000259
america 0,579818 0,000121
ammunition 1,660731 0,000348
amputate 3,218876 0,000674
amusing 0,693147 0,000145
ancestors 0,527633 0,000110
andy 3,218876 0,000674
anear 3,912023 0,000819
angel 0,579818 0,000121
angelina 3,912023 0,000819
angels 0,776529 0,000163
animal 0,261365 0,000055
animals 0,494296 0,000103
ankle 1,171183 0,000245
ankles 1,347074 0,000282
ann 2,302585 0,000482
answer 0,040822 0,000009
answered 0,072571 0,000015
answering 0,510826 0,000107
answers 0,415515 0,000087
anxiety 0,287682 0,000060
anxious 0,261365 0,000055
apiece 1,309333 0,000274
apologizing 2,120264 0,000444
apple 0,616186 0,000129
apples 0,916291 0,000192
appointments 1,771957 0,000371
approve 0,653926 0,000137
apron 1,386294 0,000290
arab 1,514128 0,000317
araminta 3,506558 0,000734
archibald 2,995732 0,000627
argue 0,597837 0,000125
argued 0,798508 0,000167
aristocracy 1,386294 0,000290
ark 1,560648 0,000327
arm 0,094311 0,000020
armed 0,385662 0,000081
armful 2,407946 0,000504
armor 1,832581 0,000384
armpits 2,407946 0,000504
arms 0,051293 0,000011
army 0,371064 0,000078
arrangement 0,462035 0,000097
arrive 0,314711 0,000066
arrives 1,078810 0,000226
arriving 0,634878 0,000133
arrow 0,653926 0,000137
arrows 1,021651 0,000214
art 0,139262 0,000029
arter 2,659260 0,000557
article 0,673345 0,000141
ascend 0,867501 0,000182
ash 1,386294 0,000290
ashamed 0,248461 0,000052
ashes 0,462035 0,000097
ashore 1,139434 0,000239
asleep 0,162519 0,000034
ass 0,941609 0,000197
assisted 0,634878 0,000133
ast 3,506558 0,000734
astonished 0,301105 0,000063
astonishing 0,653926 0,000137
astonishment 0,301105 0,000063
astraddle 3,506558 0,000734
astronomical 2,302585 0,000482
attempting 0,579818 0,000121
attend 0,301105 0,000063
attending 0,713350 0,000149
attention 0,083382 0,000017
attitude 0,478036 0,000100
attraction 0,798508 0,000167
auction 1,832581 0,000384
auctioneer 2,525729 0,000529
audience 0,733969 0,000154
aunt 0,843970 0,000177
aunty 2,995732 0,000627
author 0,116534 0,000024
authorities 0,843970 0,000177
average 0,820981 0,000172
awake 0,356675 0,000075
awful 0,328504 0,000069
awhile 0,967584 0,000203
awkward 0,544727 0,000114
awning 2,302585 0,000482
awnings 3,506558 0,000734
awry 1,660731 0,000348
ax 1,832581 0,000384
axe 1,049822 0,000220
azure 1,514128 0,000317
baby 0,673345 0,000141
backwoods 3,506558 0,000734
bacon 0,994252 0,000208
bad 0,051293 0,000011
badly 0,446287 0,000093
bag 0,544727 0,000114
baggage 0,941609 0,000197
bagged 2,659260 0,000557
bags 0,967584 0,000203
bailed 3,912023 0,000819
bait 1,078810 0,000226
bake 1,897120 0,000397
baker 1,237874 0,000259
balcony 1,514128 0,000317
bald 0,994252 0,000208
baldhead 3,506558 0,000734
baldy 2,995732 0,000627
ball 0,356675 0,000075
balls 0,798508 0,000167
band 0,430783 0,000090
bandage 1,427116 0,000299
bang 1,469676 0,000308
banged 1,714798 0,000359
banging 2,120264 0,000444
bangs 2,525729 0,000529
banished 0,941609 0,000197
bank 0,261365 0,000055
banks 0,494296 0,000103
baptist 2,207275 0,000462
bar 0,527633 0,000110
bare 0,162519 0,000034
barefooted 1,714798 0,000359
bareheaded 1,966113 0,000412
barely 0,798508 0,000167
bark 0,597837 0,000125
barked 1,714798 0,000359
barking 1,237874 0,000259
barlow 2,813411 0,000589
barn 1,309333 0,000274
baron 1,514128 0,000317
barred 0,916291 0,000192
barrel 0,843970 0,000177
barrels 1,203973 0,000252
barring 2,120264 0,000444
bars 0,653926 0,000137
base 0,301105 0,000063
bashful 1,609438 0,000337
basket 0,673345 0,000141
bath 0,562119 0,000118
baths 1,427116 0,000299
baton 2,813411 0,000589
battered 1,309333 0,000274
battle 0,287682 0,000060
battlements 1,714798 0,000359
battles 0,916291 0,000192
bead 2,207275 0,000462
bear 0,061875 0,000013
beards 1,771957 0,000371
bearings 1,427116 0,000299
beast 0,342490 0,000072
beat 0,186330 0,000039
beating 0,314711 0,000066
beats 0,941609 0,000197
beautiful 0,083382 0,000017
beauty 0,174353 0,000036
beaver 1,771957 0,000371
bed 0,051293 0,000011
bedclothes 1,966113 0,000412
bedquilt 3,912023 0,000819
bedroom 0,798508 0,000167
beds 0,430783 0,000090
bedstead 1,347074 0,000282
bedtime 1,966113 0,000412
beef 0,916291 0,000192
beehive 3,506558 0,000734
bees 1,021651 0,000214
beeswax 3,912023 0,000819
beg 0,210721 0,000044
begged 0,462035 0,000097
begging 0,713350 0,000149
begone 1,660731 0,000348
behave 0,713350 0,000149
behold 0,342490 0,000072
bein 2,207275 0,000462
belch 2,995732 0,000627
bell 0,400478 0,000084
bellow 2,407946 0,000504
bells 0,597837 0,000125
belly 0,916291 0,000192
belong 0,235722 0,000049
belonged 0,314711 0,000066
belongs 0,415515 0,000087
belt 0,713350 0,000149
belted 2,407946 0,000504
belting 3,218876 0,000674
ben 1,609438 0,000337
bench 0,616186 0,000129
benches 1,171183 0,000245
bend 0,510826 0,000107
bending 0,597837 0,000125
beneath 0,198451 0,000042
benefactors 1,560648 0,000327
benjamin 1,714798 0,000359
bent 0,174353 0,000036
benvenuto 2,813411 0,000589
bequest 2,407946 0,000504
berries 1,897120 0,000397
berth 1,832581 0,000384
bes 3,912023 0,000819
bessie 3,218876 0,000674
bet 1,108663 0,000232
betray 0,527633 0,000110
betsy 2,813411 0,000589
betwixt 1,514128 0,000317
beware 0,820981 0,000172
bewitched 1,897120 0,000397
bible 0,776529 0,000163
bid 0,400478 0,000084
bidder 2,813411 0,000589
bile 2,120264 0,000444
bilge 2,995732 0,000627
bilgewater 3,912023 0,000819
bilin 3,218876 0,000674
biography 1,469676 0,000308
bird 0,235722 0,000049
birds 0,301105 0,000063
birth 0,301105 0,000063
birthday 1,108663 0,000232
biscuits 1,771957 0,000371
bit 0,174353 0,000036
bite 0,798508 0,000167
bites 1,609438 0,000337
biting 0,713350 0,000149
bits 0,843970 0,000177
bitter 0,235722 0,000049
bitterer 2,813411 0,000589
bitters 2,995732 0,000627
bitts 3,506558 0,000734
black 0,072571 0,000015
blackberries 2,995732 0,000627
blacker 1,660731 0,000348
blackest 1,514128 0,000317
blade 0,755023 0,000158
blam 3,218876 0,000674
blame 0,174353 0,000036
blamed 0,941609 0,000197
blaming 1,660731 0,000348
blank 0,579818 0,000121
blanket 1,386294 0,000290
blankets 1,171183 0,000245
blast 0,693147 0,000145
blattered 3,912023 0,000819
blazed 1,203973 0,000252
blazing 0,916291 0,000192
bleed 1,560648 0,000327
bleeding 0,843970 0,000177
bless 0,430783 0,000090
blessed 0,356675 0,000075
blessedest 3,912023 0,000819
blessing 0,446287 0,000093
blest 1,469676 0,000308
blethers 3,912023 0,000819
blind 0,223144 0,000047
blinders 3,912023 0,000819
blindfold 2,302585 0,000482
blinked 1,897120 0,000397
blister 2,659260 0,000557
blistered 2,207275 0,000462
blithesome 3,218876 0,000674
block 0,616186 0,000129
blood 0,116534 0,000024
blooded 1,560648 0,000327
bloom 0,798508 0,000167
blossom 1,139434 0,000239
blotted 1,272966 0,000266
blow 0,139262 0,000029
blowing 0,510826 0,000107
blows 0,371064 0,000078
blubber 2,995732 0,000627
blubbering 2,302585 0,000482
blubbers 3,912023 0,000819
blue 0,174353 0,000036
bluejay 3,912023 0,000819
bluest 3,218876 0,000674
bluff 1,514128 0,000317
bluffs 2,659260 0,000557
board 0,314711 0,000066
boarding 1,272966 0,000266
boards 0,776529 0,000163
boat 0,446287 0,000093
boats 0,820981 0,000172
bob 1,660731 0,000348
bobbing 2,120264 0,000444
bodies 0,174353 0,000036
bodkin 3,912023 0,000819
body 0,030459 0,000006
bogus 3,506558 0,000734
boils 1,714798 0,000359
bolt 0,733969 0,000154
bolted 0,967584 0,000203
bolthead 3,912023 0,000819
bondage 1,203973 0,000252
bone 0,527633 0,000110
bones 0,235722 0,000049
bonnet 1,139434 0,000239
bonnets 1,771957 0,000371
boo 2,659260 0,000557
book 0,061875 0,000013
books 0,139262 0,000029
boom 1,897120 0,000397
boomed 1,966113 0,000412
booming 1,560648 0,000327
boot 0,941609 0,000197
booth 1,832581 0,000384
boots 0,510826 0,000107
border 0,967584 0,000203
bored 0,994252 0,000208
born 0,105361 0,000022
borrow 0,798508 0,000167
borrowed 0,616186 0,000129
borrowing 1,469676 0,000308
boss 1,660731 0,000348
boston 1,832581 0,000384
bother 0,916291 0,000192
bothered 1,514128 0,000317
bothering 1,771957 0,000371
bothersome 3,506558 0,000734
bots 3,912023 0,000819
bottle 0,562119 0,000118
bottles 0,798508 0,000167
boun 3,912023 0,000819
bounce 2,120264 0,000444
bounced 2,525729 0,000529
bound 0,030459 0,000006
bounded 0,634878 0,000133
bounden 3,506558 0,000734
bourne 2,813411 0,000589
bout 1,309333 0,000274
bouts 2,407946 0,000504
bove 3,912023 0,000819
bow 0,287682 0,000060
bowed 0,371064 0,000078
bowie 2,659260 0,000557
bowl 0,843970 0,000177
bows 0,776529 0,000163
box 0,248461 0,000052
boxed 1,771957 0,000371
boxes 0,798508 0,000167
boy 0,139262 0,000029
boys 0,328504 0,000069
brace 1,469676 0,000308
bragged 2,525729 0,000529
brain 0,356675 0,000075
brains 0,776529 0,000163
bran 2,120264 0,000444
branches 0,371064 0,000078
brandy 0,941609 0,000197
brash 3,506558 0,000734
brass 0,478036 0,000100
brave 0,415515 0,000087
braver 1,966113 0,000412
bray 2,659260 0,000557
brazen 1,203973 0,000252
bread 0,248461 0,000052
break 0,083382 0,000017
breakers 1,714798 0,000359
breakfast 0,356675 0,000075
breaking 0,210721 0,000044
breaks 0,733969 0,000154
breast 0,210721 0,000044
breasts 0,891598 0,000187
breath 0,174353 0,000036
breathe 0,478036 0,000100
breathed 0,494296 0,000103
breathes 1,469676 0,000308
breathing 0,462035 0,000097
breaths 1,660731 0,000348
breed 0,820981 0,000172
breeze 0,713350 0,000149
brewing 1,771957 0,000371
brick 0,713350 0,000149
brickbat 3,218876 0,000674
bricked 3,506558 0,000734
bricks 1,203973 0,000252
bridge 0,494296 0,000103
bridgewater 3,506558 0,000734
bridle 1,021651 0,000214
bright 0,116534 0,000024
brim 1,237874 0,000259
bring 0,010050 0,000002
bringing 0,105361 0,000022
brings 0,328504 0,000069
brisk 1,021651 0,000214
brisken 3,912023 0,000819
brisker 2,407946 0,000504
bristles 2,120264 0,000444
broad 0,139262 0,000029
broke 0,116534 0,000024
broken 0,061875 0,000013
broomsticks 3,506558 0,000734
brother 0,127833 0,000027
brotherly 1,609438 0,000337
brothers 0,356675 0,000075
brought 0,010050 0,000002
brown 0,274437 0,000057
browsing 2,407946 0,000504
brush 0,755023 0,000158
brute 0,579818 0,000121
bub 3,912023 0,000819
buck 1,514128 0,000317
bucket 1,309333 0,000274
buckle 2,207275 0,000462
buckled 2,120264 0,000444
bucks 2,813411 0,000589
buckshot 3,912023 0,000819
buckskin 2,995732 0,000627
bud 1,386294 0,000290
budge 1,560648 0,000327
bug 2,407946 0,000504
bugged 3,912023 0,000819
bugs 2,407946 0,000504
build 0,446287 0,000093
building 0,223144 0,000047
built 0,150823 0,000032
bulge 2,813411 0,000589
bulged 2,302585 0,000482
bulges 3,218876 0,000674
bulging 1,771957 0,000371
bull 0,510826 0,000107
bulldog 2,659260 0,000557
bulled 3,912023 0,000819
bullet 1,108663 0,000232
bullets 1,347074 0,000282
bullfrogs 3,506558 0,000734
bullier 3,506558 0,000734
bulliest 3,506558 0,000734
bully 1,469676 0,000308
bullyrag 3,506558 0,000734
bum 2,813411 0,000589
bumble 3,218876 0,000674
bummers 3,506558 0,000734
bunch 0,994252 0,000208
bunched 2,659260 0,000557
bunches 1,609438 0,000337
bundle 0,755023 0,000158
bundles 1,427116 0,000299
bunker 2,525729 0,000529
bureau 1,832581 0,000384
burglars 2,120264 0,000444
burglary 2,120264 0,000444
buried 0,248461 0,000052
burning 0,150823 0,000032
burnt 0,415515 0,000087
burton 2,040221 0,000427
burying 1,386294 0,000290
bush 0,820981 0,000172
bushels 2,407946 0,000504
bushes 0,733969 0,000154
business 0,040822 0,000009
bust 1,272966 0,000266
busted 2,302585 0,000482
busting 3,218876 0,000674
busy 0,223144 0,000047
butcher 0,941609 0,000197
butt 1,171183 0,000245
butter 0,820981 0,000172
butterflies 1,609438 0,000337
buttermilk 3,218876 0,000674
button 1,049822 0,000220
buttons 1,108663 0,000232
buzzing 1,347074 0,000282
bye 0,776529 0,000163
cabbage 1,609438 0,000337
cabbages 2,525729 0,000529
cabin 0,916291 0,000192
cabins 1,660731 0,000348
cai 3,912023 0,000819
cain 1,660731 0,000348
cairo 2,995732 0,000627
calamity 0,891598 0,000187
calculated 0,174353 0,000036
calculating 1,386294 0,000290
calf 1,078810 0,000226
calico 1,897120 0,000397
camelopard 3,912023 0,000819
camels 1,897120 0,000397
camp 0,597837 0,000125
campaign 1,021651 0,000214
camped 1,897120 0,000397
cancer 1,966113 0,000412
candid 1,203973 0,000252
candle 0,544727 0,000114
candles 0,755023 0,000158
candlestick 1,771957 0,000371
candlesticks 1,897120 0,000397
cane 0,916291 0,000192
cannibal 2,207275 0,000462
cannon 0,941609 0,000197
canoe 1,660731 0,000348
canoed 3,912023 0,000819
canoes 2,302585 0,000482
cap 0,462035 0,000097
capered 2,813411 0,000589
capering 2,407946 0,000504
capital 0,328504 0,000069
caps 0,967584 0,000203
captain 0,371064 0,000078
captains 1,171183 0,000245
captivated 1,966113 0,000412
captive 0,820981 0,000172
captivity 1,714798 0,000359
captured 0,916291 0,000192
carcass 1,469676 0,000308
cards 0,634878 0,000133
care 0,000000 0,000000
cared 0,494296 0,000103
careened 3,506558 0,000734
careful 0,174353 0,000036
carpenter 1,108663 0,000232
carpenters 1,714798 0,000359
carpet 0,653926 0,000137
carpets 1,427116 0,000299
carriages 0,820981 0,000172
carried 0,030459 0,000006
carries 0,755023 0,000158
carry 0,030459 0,000006
carrying 0,083382 0,000017
cart 0,755023 0,000158
carts 1,309333 0,000274
carve 2,120264 0,000444
carved 0,843970 0,000177
casanova 3,506558 0,000734
cash 1,021651 0,000214
cast 0,116534 0,000024
castle 0,776529 0,000163
castles 1,347074 0,000282
cat 0,562119 0,000118
catch 0,210721 0,000044
catched 3,218876 0,000674
catching 0,562119 0,000118
caterpillars 2,813411 0,000589
catfish 3,506558 0,000734
cats 1,108663 0,000232
cattle 0,544727 0,000114
caught 0,162519 0,000034
cautious 0,673345 0,000141
cave 0,776529 0,000163
caved 2,302585 0,000482
cavern 1,347074 0,000282
caverns 1,514128 0,000317
caves 1,203973 0,000252
cavort 3,912023 0,000819
cavorting 3,218876 0,000674
celebrated 0,562119 0,000118
cellar 1,021651 0,000214
cent 1,139434 0,000239
center 1,469676 0,000308
cents 1,832581 0,000384
century 0,494296 0,000103
certainer 3,912023 0,000819
chain 0,415515 0,000087
chained 1,108663 0,000232
chains 0,562119 0,000118
chair 0,274437 0,000057
chairs 0,579818 0,000121
chalk 1,272966 0,000266
chalked 2,813411 0,000589
chance 0,083382 0,000017
chances 0,562119 0,000118
change 0,010050 0,000002
changed 0,051293 0,000011
changing 0,248461 0,000052
channel 0,798508 0,000167
chanst 3,912023 0,000819
chap 1,021651 0,000214
chaps 1,660731 0,000348
chapter 0,342490 0,000072
character 0,061875 0,000013
characters 0,430783 0,000090
charcoal 1,469676 0,000308
charge 0,051293 0,000011
charged 0,328504 0,000069
charging 1,347074 0,000282
charlemagne 2,207275 0,000462
charles 0,597837 0,000125
charlotte 1,897120 0,000397
charm 0,544727 0,000114
charts 2,040221 0,000427
chase 0,653926 0,000137
chased 0,941609 0,000197
chasing 1,203973 0,000252
chaw 3,218876 0,000674
chawed 3,506558 0,000734
chawing 3,912023 0,000819
chaws 3,912023 0,000819
cheap 0,673345 0,000141
cheats 2,659260 0,000557
checked 0,579818 0,000121
cheek 0,430783 0,000090
cheeks 0,415515 0,000087
cheeky 3,218876 0,000674
cheer 0,562119 0,000118
cheered 0,994252 0,000208
cheerful 0,385662 0,000081
chest 0,371064 0,000078
chevron 3,506558 0,000734
chewing 1,514128 0,000317
chicken 1,139434 0,000239
chickens 1,469676 0,000308
chief 0,094311 0,000020
child 0,072571 0,000015
children 0,072571 0,000015
chile 3,218876 0,000674
chills 2,302585 0,000482
chilly 1,237874 0,000259
chimbleys 3,912023 0,000819
chimbly 3,912023 0,000819
chin 0,478036 0,000100
china 0,776529 0,000163
chinks 1,832581 0,000384
chins 2,040221 0,000427
chip 2,040221 0,000427
chipped 2,659260 0,000557
chippered 3,912023 0,000819
chipping 2,813411 0,000589
chips 1,966113 0,000412
chirrup 2,813411 0,000589
chisel 1,771957 0,000371
choice 0,150823 0,000032
choked 0,755023 0,000158
choose 0,083382 0,000017
chop 1,514128 0,000317
chopped 1,714798 0,000359
chopping 1,832581 0,000384
chops 2,302585 0,000482
christmas 0,891598 0,000187
christopher 1,897120 0,000397
chuckle 1,714798 0,000359
chuckles 2,995732 0,000627
chunks 2,995732 0,000627
church 0,261365 0,000055
churchyards 3,506558 0,000734
churning 2,407946 0,000504
chute 2,995732 0,000627
cincinnati 3,218876 0,000674
cipher 1,832581 0,000384
ciphered 3,506558 0,000734
circle 0,223144 0,000047
circumstances 0,162519 0,000034
circus 1,427116 0,000299
circuses 2,995732 0,000627
civilizing 2,659260 0,000557
clack 3,218876 0,000674
claimed 0,843970 0,000177
claims 0,616186 0,000129
clan 2,659260 0,000557
clap 1,469676 0,000308
clapboards 3,506558 0,000734
clapped 1,049822 0,000220
clasp 1,078810 0,000226
class 0,314711 0,000066
clatter 1,386294 0,000290
clattering 1,660731 0,000348
claw 1,609438 0,000337
clawing 2,207275 0,000462
claws 1,078810 0,000226
clay 0,494296 0,000103
clayey 2,995732 0,000627
clean 0,248461 0,000052
cleaned 1,139434 0,000239
cleanest 2,813411 0,000589
cleanse 1,514128 0,000317
clergy 1,272966 0,000266
clerk 0,673345 0,000141
clever 0,400478 0,000084
clew 2,813411 0,000589
clews 3,218876 0,000674
climb 0,693147 0,000145
climbing 0,733969 0,000154
clip 2,302585 0,000482
clipped 2,120264 0,000444
clo 3,912023 0,000819
clock 0,527633 0,000110
clogged 2,207275 0,000462
close 0,051293 0,000011
closed 0,116534 0,000024
closest 1,514128 0,000317
closet 1,139434 0,000239
closing 0,446287 0,000093
cloth 0,356675 0,000075
clothes 0,127833 0,000027
clothesline 3,912023 0,000819
clothing 0,776529 0,000163
cloud 0,301105 0,000063
clouded 1,237874 0,000259
clouds 0,342490 0,000072
clown 1,966113 0,000412
club 0,713350 0,000149
clump 1,427116 0,000299
cluttered 3,218876 0,000674
coals 1,108663 0,000232
coarse 0,478036 0,000100
coat 0,274437 0,000057
coats 0,653926 0,000137
coax 1,771957 0,000371
coaxing 1,832581 0,000384
cob 2,302585 0,000482
cobs 2,813411 0,000589
cocked 1,237874 0,000259
cocking 1,966113 0,000412
coffee 0,562119 0,000118
coffin 1,021651 0,000214
coffins 2,040221 0,000427
cold 0,040822 0,000009
colicky 3,218876 0,000674
collar 0,713350 0,000149
collared 2,407946 0,000504
collect 0,673345 0,000141
collected 0,415515 0,000087
collection 0,174353 0,000036
college 0,693147 0,000145
collins 2,040221 0,000427
colonel 0,967584 0,000203
color 1,021651 0,000214
colors 1,309333 0,000274
comb 1,139434 0,000239
combed 1,771957 0,000371
comedy 0,941609 0,000197
comers 1,832581 0,000384
comfort 0,150823 0,000032
comfortable 0,261365 0,000055
comforted 0,776529 0,000163
coming 1,171183 0,000245
commence 0,941609 0,000197
commenced 0,798508 0,000167
committee 1,309333 0,000274
common 0,072571 0,000015
companionship 0,967584 0,000203
company 0,020203 0,000004
comparisons 1,714798 0,000359
complain 0,446287 0,000093
complained 0,562119 0,000118
complaint 0,616186 0,000129
complexion 0,798508 0,000167
complicated 0,798508 0,000167
complices 3,912023 0,000819
compliment 0,673345 0,000141
compliments 0,916291 0,000192
comrade 0,967584 0,000203
concern 0,430783 0,000090
concerns 0,820981 0,000172
concluded 0,356675 0,000075
condition 0,094311 0,000020
confesses 1,966113 0,000412
confidence 0,139262 0,000029
confidential 1,021651 0,000214
confiding 1,386294 0,000290
conflict 0,693147 0,000145
confound 0,733969 0,000154
congregation 1,309333 0,000274
congress 1,609438 0,000337
connection 0,462035 0,000097
conqueror 1,108663 0,000232
conscience 0,314711 0,000066
consecutive 2,302585 0,000482
consequence 0,328504 0,000069
consequences 0,371064 0,000078
considerable 0,105361 0,000022
consideration 0,274437 0,000057
constant 0,051293 0,000011
consulting 0,891598 0,000187
consummation 1,966113 0,000412
consumption 1,171183 0,000245
contagion 1,714798 0,000359
contented 0,400478 0,000084
contents 0,094311 0,000020
contested 1,771957 0,000371
continental 1,660731 0,000348
contracted 0,755023 0,000158
contrary 0,198451 0,000042
contrite 2,120264 0,000444
contrive 1,237874 0,000259
contrived 0,713350 0,000149
contumely 2,659260 0,000557
conveniences 1,897120 0,000397
convenient 0,462035 0,000097
convention 1,832581 0,000384
convince 0,634878 0,000133
convinced 0,287682 0,000060
cook 0,430783 0,000090
cooked 0,916291 0,000192
cooking 0,967584 0,000203
cool 0,314711 0,000066
cooled 1,560648 0,000327
cooper 2,120264 0,000444
cordwood 3,912023 0,000819
corked 2,407946 0,000504
corn 0,579818 0,000121
corner 0,127833 0,000027
cornered 1,832581 0,000384
corners 0,430783 0,000090
cornfields 2,813411 0,000589
corpse 0,693147 0,000145
correct 0,385662 0,000081
coss 3,912023 0,000819
cost 0,105361 0,000022
costs 0,287682 0,000060
costume 1,078810 0,000226
costumes 1,832581 0,000384
cot 1,897120 0,000397
cotton 0,891598 0,000187
cottonwood 3,218876 0,000674
cottonwoods 3,912023 0,000819
couchant 3,506558 0,000734
cough 0,994252 0,000208
coughing 1,309333 0,000274
couldst 2,120264 0,000444
count 0,248461 0,000052
counted 0,527633 0,000110
counterfeit 1,309333 0,000274
counting 0,693147 0,000145
country 0,010050 0,000002
counts 1,237874 0,000259
county 0,941609 0,000197
couple 0,287682 0,000060
courage 0,150823 0,000032
court 0,127833 0,000027
courting 1,560648 0,000327
courts 0,544727 0,000114
cousin 0,755023 0,000158
cousins 1,108663 0,000232
cove 1,832581 0,000384
cover 0,261365 0,000055
covered 0,139262 0,000029
covering 0,446287 0,000093
cow 0,733969 0,000154
coward 0,994252 0,000208
cowards 1,386294 0,000290
cowhide 2,813411 0,000589
cowhiding 3,912023 0,000819
cowpath 3,912023 0,000819
cows 0,867501 0,000182
crack 0,820981 0,000172
cracking 1,386294 0,000290
craft 0,755023 0,000158
crafts 2,659260 0,000557
crammed 1,560648 0,000327
cramp 2,040221 0,000427
cramped 1,427116 0,000299
crash 0,776529 0,000163
cravats 2,659260 0,000557
craw 3,218876 0,000674
crawfished 3,912023 0,000819
crawl 1,049822 0,000220
crawled 0,891598 0,000187
crawling 0,941609 0,000197
crawls 2,407946 0,000504
crawly 3,912023 0,000819
crayons 2,813411 0,000589
crazy 0,916291 0,000192
crease 2,659260 0,000557
created 0,116534 0,000024
creation 0,235722 0,000049
credit 0,094311 0,000020
creek 1,514128 0,000317
creep 0,820981 0,000172
creeping 0,634878 0,000133
creeps 1,966113 0,000412
creepy 2,995732 0,000627
crept 0,494296 0,000103
crest 0,941609 0,000197
crew 0,755023 0,000158
crews 2,207275 0,000462
cribs 2,995732 0,000627
crick 2,995732 0,000627
crime 0,314711 0,000066
crippled 1,469676 0,000308
crockery 1,714798 0,000359
crooked 0,755023 0,000158
cross 0,139262 0,000029
crossbones 2,995732 0,000627
crossed 0,301105 0,000063
crossing 0,462035 0,000097
crossings 2,995732 0,000627
crowd 0,198451 0,000042
crowded 0,301105 0,000063
crowding 1,108663 0,000232
crowds 1,021651 0,000214
cruel 0,261365 0,000055
cruised 2,659260 0,000557
crush 0,967584 0,000203
crust 1,309333 0,000274
crying 1,560648 0,000327
cub 2,207275 0,000462
cubby 3,218876 0,000674
cuff 1,660731 0,000348
cup 0,385662 0,000081
cupboard 1,139434 0,000239
cups 0,820981 0,000172
curdling 2,525729 0,000529
cure 0,430783 0,000090
curiosity 0,223144 0,000047
curious 0,261365 0,000055
curl 1,272966 0,000266
curled 0,941609 0,000197
curls 1,139434 0,000239
curly 1,171183 0,000245
currant 2,207275 0,000462
currency 1,897120 0,000397
current 0,127833 0,000027
currents 1,347074 0,000282
curry 2,813411 0,000589
curse 0,510826 0,000107
curtain 0,616186 0,000129
curtains 0,579818 0,000121
cuss 2,995732 0,000627
cussed 2,995732 0,000627
cussing 3,912023 0,000819
custom 0,210721 0,000044
customary 0,653926 0,000137
cut 0,040822 0,000009
cutthroats 3,218876 0,000674
cylinder 1,897120 0,000397
cypress 1,714798 0,000359
dab 2,813411 0,000589
dad 2,040221 0,000427
dah 3,912023 0,000819
dainty 0,798508 0,000167
damp 0,415515 0,000087
dan 1,897120 0,000397
dance 0,356675 0,000075
danced 0,653926 0,000137
dances 1,139434 0,000239
dancette 3,912023 0,000819
dancing 0,371064 0,000078
dandy 1,660731 0,000348
dang 3,506558 0,000734
danger 0,116534 0,000024
dangerous 0,150823 0,000032
dangers 0,597837 0,000125
dangersome 3,912023 0,000819
dangle 2,995732 0,000627
dangled 2,207275 0,000462
dar 2,525729 0,000529
dark 0,051293 0,000011
darken 2,120264 0,000444
darkened 0,755023 0,000158
darker 0,916291 0,000192
darking 3,912023 0,000819
darkish 2,995732 0,000627
darkness 0,186330 0,000039
darling 0,916291 0,000192
dart 1,347074 0,000282
das 2,407946 0,000504
dash 0,673345 0,000141
dashes 1,660731 0,000348
dat 2,525729 0,000529
daughter 0,261365 0,000055
daughters 0,510826 0,000107
dauphin 3,218876 0,000674
david 0,597837 0,000125
dawn 0,478036 0,000100
day 0,000000 0,000000
daybreak 1,203973 0,000252
daylight 0,446287 0,000093
days 0,020203 0,000004
daytime 1,560648 0,000327
daytimes 3,912023 0,000819
dazzling 0,941609 0,000197
deacon 1,897120 0,000397
dead 0,072571 0,000015
deadly 0,478036 0,000100
deal 0,105361 0,000022
deary 2,995732 0,000627
death 0,020203 0,000004
debts 0,867501 0,000182
dec 3,912023 0,000819
decanter 1,714798 0,000359
deceive 0,527633 0,000110
deceived 0,430783 0,000090
decent 0,693147 0,000145
decide 0,274437 0,000057
decided 0,186330 0,000039
decides 1,609438 0,000337
deck 0,733969 0,000154
declaration 0,994252 0,000208
declare 0,342490 0,000072
decorations 1,966113 0,000412
deed 0,478036 0,000100
deep 0,051293 0,000011
deeper 0,328504 0,000069
deeply 0,261365 0,000055
deer 0,867501 0,000182
degraded 1,049822 0,000220
delay 0,287682 0,000060
deliberate 0,755023 0,000158
delirium 1,237874 0,000259
dem 2,995732 0,000627
den 0,843970 0,000177
denied 0,287682 0,000060
dent 2,525729 0,000529
deny 0,301105 0,000063
depend 0,371064 0,000078
dern 3,506558 0,000734
derned 3,506558 0,000734
derrick 3,218876 0,000674
descendant 1,560648 0,000327
deserve 0,430783 0,000090
deserving 0,891598 0,000187
design 0,400478 0,000084
desperadoes 2,995732 0,000627
desperate 0,328504 0,000069
desperately 0,843970 0,000177
despise 0,693147 0,000145
despised 0,562119 0,000118
despises 1,832581 0,000384
detective 1,660731 0,000348
devil 0,356675 0,000075
devilment 3,506558 0,000734
devils 0,820981 0,000172
deviltry 3,506558 0,000734
devoutly 1,386294 0,000290
dexter 3,218876 0,000674
dey 2,813411 0,000589
dialect 1,347074 0,000282
dialects 2,120264 0,000444
diamonds 0,967584 0,000203
dick 1,771957 0,000371
dickens 1,560648 0,000327
dictionary 1,514128 0,000317
die 0,105361 0,000022
died 0,061875 0,000013
diet 1,078810 0,000226
difference 0,198451 0,000042
difficult 0,116534 0,000024
difficulties 0,385662 0,000081
dig 0,776529 0,000163
digging 1,108663 0,000232
dilemma 1,660731 0,000348
dim 0,415515 0,000087
dime 2,813411 0,000589
dimmish 3,912023 0,000819
ding 2,407946 0,000504
dining 0,510826 0,000107
dinner 0,198451 0,000042
dinners 1,108663 0,000232
dipper 2,813411 0,000589
direction 0,083382 0,000017
directions 0,314711 0,000066
dirt 0,544727 0,000114
dirty 0,544727 0,000114
dis 1,609438 0,000337
disappeared 0,356675 0,000075
disappears 1,469676 0,000308
disappoint 1,469676 0,000308
disappointed 0,415515 0,000087
disciples 1,427116 0,000299
discourage 1,427116 0,000299
discouraged 1,108663 0,000232
discovering 0,733969 0,000154
discrimination 1,897120 0,000397
discuss 0,673345 0,000141
diseased 1,237874 0,000259
disgrace 0,510826 0,000107
disgraced 1,347074 0,000282
disguise 0,562119 0,000118
disgusted 0,820981 0,000172
disgusting 1,272966 0,000266
dish 0,755023 0,000158
dismal 0,843970 0,000177
dispersed 0,867501 0,000182
disposition 0,400478 0,000084
disremember 3,506558 0,000734
dissatisfied 1,021651 0,000214
dissipating 2,407946 0,000504
distance 0,105361 0,000022
distinct 0,301105 0,000063
distinctions 1,078810 0,000226
distracted 0,798508 0,000167
distress 0,274437 0,000057
distressed 0,673345 0,000141
disturb 0,478036 0,000100
disturbance 0,798508 0,000167
disturbed 0,356675 0,000075
dive 1,347074 0,000282
dived 1,660731 0,000348
divided 0,210721 0,000044
divining 2,302585 0,000482
doctor 0,446287 0,000093
doctoring 3,218876 0,000674
documents 1,272966 0,000266
dodge 1,660731 0,000348
dodged 1,660731 0,000348
dodgers 3,218876 0,000674
dog 0,261365 0,000055
doggery 3,912023 0,000819
dogs 0,342490 0,000072
doings 0,967584 0,000203
doll 1,560648 0,000327
dollar 1,771957 0,000371
dollars 1,272966 0,000266
dolphin 2,407946 0,000504
domesday 3,912023 0,000819
domestic 0,527633 0,000110
donjon 3,506558 0,000734
door 0,040822 0,000009
doors 0,105361 0,000022
doorsteps 2,813411 0,000589
dooryards 3,912023 0,000819
dot 2,040221 0,000427
dote 2,302585 0,000482
double 0,186330 0,000039
doubled 0,653926 0,000137
doubt 0,040822 0,000009
doubted 0,478036 0,000100
doubts 0,494296 0,000103
dough 1,897120 0,000397
doughnuts 3,218876 0,000674
douglas 2,302585 0,000482
dout 3,912023 0,000819
dove 1,078810 0,000226
downhearted 2,659260 0,000557
dozed 1,514128 0,000317
dozen 0,446287 0,000093
dozing 1,272966 0,000266
draft 1,660731 0,000348
drafts 2,525729 0,000529
drag 0,579818 0,000121
dragged 0,462035 0,000097
dragging 0,673345 0,000141
drank 0,371064 0,000078
drat 2,659260 0,000557
dratted 3,912023 0,000819
draw 0,105361 0,000022
drawers 1,049822 0,000220
drawing 0,139262 0,000029
drawls 3,912023 0,000819
drawly 3,912023 0,000819
draws 0,755023 0,000158
dreadful 0,342490 0,000072
dream 0,198451 0,000042
dreamed 0,562119 0,000118
dreaming 0,562119 0,000118
dreams 0,274437 0,000057
dreamy 1,347074 0,000282
drear 2,525729 0,000529
dress 0,186330 0,000039
dressed 0,261365 0,000055
dresses 0,916291 0,000192
dressing 0,527633 0,000110
dried 0,462035 0,000097
drift 0,755023 0,000158
drifted 1,108663 0,000232
drifting 1,237874 0,000259
driftwood 2,995732 0,000627
drink 0,150823 0,000032
drinking 0,371064 0,000078
drip 1,966113 0,000412
dripping 0,891598 0,000187
drive 0,186330 0,000039
driver 0,867501 0,000182
drivers 1,514128 0,000317
driving 0,371064 0,000078
droop 1,609438 0,000337
drooped 1,347074 0,000282
drooping 1,021651 0,000214
drop 0,150823 0,000032
dropped 0,274437 0,000057
dropping 0,673345 0,000141
drops 0,544727 0,000114
drove 0,248461 0,000052
drown 0,820981 0,000172
drownd 3,218876 0,000674
drownded 2,995732 0,000627
drug 1,514128 0,000317
drugged 2,207275 0,000462
drunk 0,415515 0,000087
drunkard 1,237874 0,000259
drunks 3,912023 0,000819
drury 2,525729 0,000529
druther 3,218876 0,000674
dry 0,127833 0,000027
duck 1,171183 0,000245
ducked 2,207275 0,000462
ducks 1,609438 0,000337
dudley 3,218876 0,000674
duds 3,218876 0,000674
dug 0,673345 0,000141
duke 0,994252 0,000208
dukes 2,120264 0,000444
dull 0,174353 0,000036
dumb 0,562119 0,000118
dummy 2,040221 0,000427
dumped 2,302585 0,000482
duncan 2,302585 0,000482
dungeon 1,427116 0,000299
dunlap 3,506558 0,000734
dusky 1,021651 0,000214
dust 0,174353 0,000036
dusted 2,302585 0,000482
dusty 0,967584 0,000203
duty 0,083382 0,000017
dwelling 0,494296 0,000103
dying 0,261365 0,000055
eager 0,210721 0,000044
eagle 0,891598 0,000187
ear 0,139262 0,000029
earls 2,302585 0,000482
earn 0,891598 0,000187
earnest 0,261365 0,000055
ears 0,105361 0,000022
earth 0,051293 0,000011
ease 0,162519 0,000034
eased 1,469676 0,000308
easier 0,385662 0,000081
easiest 1,171183 0,000245
east 0,235722 0,000049
easy 0,040822 0,000009
eat 0,083382 0,000017
eating 0,235722 0,000049
eats 1,078810 0,000226
eaves 1,832581 0,000384
eavesdrop 3,912023 0,000819
economy 0,820981 0,000172
edge 0,210721 0,000044
edgeways 2,813411 0,000589
edging 2,207275 0,000462
edmund 2,525729 0,000529
educated 0,616186 0,000129
edward 1,049822 0,000220
ef 2,995732 0,000627
effusions 2,525729 0,000529
eggs 0,776529 0,000163
eighth 0,798508 0,000167
elbow 0,527633 0,000110
elder 0,478036 0,000100
eldest 0,867501 0,000182
elected 1,078810 0,000226
elegant 0,634878 0,000133
elephants 1,514128 0,000317
ell 2,995732 0,000627
embattled 2,207275 0,000462
embers 1,139434 0,000239
emperor 0,994252 0,000208
en 0,994252 0,000208
enamel 2,302585 0,000482
enchantment 1,272966 0,000266
encores 3,506558 0,000734
endure 0,342490 0,000072
enemies 0,314711 0,000066
enemy 0,174353 0,000036
engagements 1,203973 0,000252
engineer 1,469676 0,000308
engines 1,078810 0,000226
england 0,385662 0,000081
english 0,094311 0,000020
englishman 0,916291 0,000192
englishmen 1,347074 0,000282
engrailed 3,912023 0,000819
enjoy 0,150823 0,000032
enjoying 0,579818 0,000121
enjoyment 0,634878 0,000133
enter 0,094311 0,000020
entire 0,274437 0,000057
entitled 0,733969 0,000154
escape 0,094311 0,000020
escapes 1,609438 0,000337
escaping 0,776529 0,000163
estate 0,510826 0,000107
estates 1,237874 0,000259
estimation 1,171183 0,000245
europe 0,510826 0,000107
european 0,867501 0,000182
evade 1,609438 0,000337
evasion 1,897120 0,000397
evening 0,083382 0,000017
everlasting 0,891598 0,000187
evidence 0,261365 0,000055
exact 0,287682 0,000060
examine 0,400478 0,000084
examined 0,356675 0,000075
excited 0,248461 0,000052
excitement 0,430783 0,000090
excuse 0,174353 0,000036
exercise 0,287682 0,000060
exiled 1,469676 0,000308
expect 0,186330 0,000039
expectation 0,462035 0,000097
expectations 0,916291 0,000192
expected 0,105361 0,000022
expecting 0,510826 0,000107
expense 0,150823 0,000032
expenses 0,210721 0,000044
experience 0,083382 0,000017
explain 0,186330 0,000039
explained 0,248461 0,000052
explains 1,203973 0,000252
explanation 0,139262 0,000029
explanations 0,994252 0,000208
explanatory 1,771957 0,000371
exploring 1,386294 0,000290
exposed 0,301105 0,000063
extra 0,843970 0,000177
extremest 2,207275 0,000462
eye 0,030459 0,000006
eyebrows 0,798508 0,000167
eyes 0,010050 0,000002
factory 1,514128 0,000317
faculties 0,693147 0,000145
fagged 2,207275 0,000462
failed 0,198451 0,000042
failure 0,446287 0,000093
faint 0,261365 0,000055
fainted 1,078810 0,000226
fair 0,051293 0,000011
faith 0,210721 0,000044
fall 0,020203 0,000004
fallen 0,083382 0,000017
falling 0,083382 0,000017
false 0,210721 0,000044
familiarity 0,891598 0,000187
families 0,430783 0,000090
family 0,072571 0,000015
fan 0,916291 0,000192
fancy 0,198451 0,000042
fanning 1,832581 0,000384
fans 1,897120 0,000397
fardels 3,912023 0,000819
farm 0,798508 0,000167
farmer 0,867501 0,000182
farmers 0,994252 0,000208
farms 1,714798 0,000359
fas 3,506558 0,000734
fashion 0,174353 0,000036
fashioned 0,446287 0,000093
fast 0,061875 0,000013
fasten 0,994252 0,000208
fastened 0,616186 0,000129
faster 0,562119 0,000118
fat 0,314711 0,000066
fate 0,174353 0,000036
father 0,072571 0,000015
fatherless 1,966113 0,000412
fault 0,162519 0,000034
favor 1,021651 0,000214
fear 0,020203 0,000004
feather 0,820981 0,000172
feathered 2,040221 0,000427
feathers 0,673345 0,000141
fed 0,371064 0,000078
feed 0,462035 0,000097
feeding 0,616186 0,000129
feel 0,020203 0,000004
feeling 0,105361 0,000022
feelings 0,314711 0,000066
feels 0,446287 0,000093
feet 0,061875 0,000013
fell 0,051293 0,000011
fellow 0,051293 0,000011
fellows 0,287682 0,000060
felons 2,207275 0,000462
fence 0,891598 0,000187
fences 1,560648 0,000327
fend 2,995732 0,000627
fended 3,506558 0,000734
fennel 2,995732 0,000627
fer 2,995732 0,000627
ferry 1,514128 0,000317
ferryman 2,995732 0,000627
fess 2,995732 0,000627
fetch 0,616186 0,000129
fetched 0,941609 0,000197
fetches 2,407946 0,000504
fetching 1,660731 0,000348
feud 1,714798 0,000359
feuds 2,407946 0,000504
fever 0,371064 0,000078
feverish 0,843970 0,000177
fiddle 1,771957 0,000371
fiddler 2,525729 0,000529
fidget 2,525729 0,000529
fidgeted 2,302585 0,000482
fidgeting 2,525729 0,000529
fidgety 2,407946 0,000504
field 0,150823 0,000032
fields 0,287682 0,000060
fight 0,162519 0,000034
fighting 0,342490 0,000072
fights 0,916291 0,000192
figure 0,072571 0,000015
file 0,235722 0,000049
filed 1,469676 0,000308
finally 0,150823 0,000032
fine 0,072571 0,000015
finger 0,261365 0,000055
fingers 0,235722 0,000049
finish 0,314711 0,000066
finished 0,162519 0,000034
finn 2,813411 0,000589
fireplace 1,108663 0,000232
fish 0,314711 0,000066
fished 2,040221 0,000427
fishes 0,967584 0,000203
fishing 0,755023 0,000158
fishline 3,912023 0,000819
fist 0,713350 0,000149
fists 1,108663 0,000232
fit 0,061875 0,000013
fitten 3,506558 0,000734
fixings 3,218876 0,000674
flabby 2,040221 0,000427
flag 0,891598 0,000187
flapdoodle 3,912023 0,000819
flapper 3,218876 0,000674
flapping 1,309333 0,000274
flash 0,510826 0,000107
flashes 1,078810 0,000226
flat 0,248461 0,000052
flatfooted 3,912023 0,000819
flathead 3,912023 0,000819
flatheads 3,912023 0,000819
flattering 0,798508 0,000167
flattery 0,891598 0,000187
flaws 2,525729 0,000529
fled 0,371064 0,000078
flesh 0,210721 0,000044
flew 0,314711 0,000066
flicker 1,660731 0,000348
flies 0,579818 0,000121
flighty 2,207275 0,000462
flinders 3,506558 0,000734
fling 0,967584 0,000203
flipped 2,995732 0,000627
flitter 3,506558 0,000734
flittering 3,912023 0,000819
float 0,967584 0,000203
floated 0,798508 0,000167
floating 0,597837 0,000125
floats 1,560648 0,000327
flock 0,653926 0,000137
flocked 1,469676 0,000308
floor 0,186330 0,000039
floored 2,995732 0,000627
floors 1,309333 0,000274
flopped 2,659260 0,000557
flour 1,078810 0,000226
flower 0,342490 0,000072
flowers 0,274437 0,000057
flung 0,579818 0,000121
fluster 3,912023 0,000819
flutter 1,171183 0,000245
fluttering 0,994252 0,000208
fly 0,210721 0,000044
flying 0,235722 0,000049
fog 0,713350 0,000149
folded 0,544727 0,000114
folds 0,755023 0,000158
folks 0,941609 0,000197
follow 0,020203 0,000004
fond 0,287682 0,000060
fool 0,314711 0,000066
fooled 1,966113 0,000412
fooling 1,966113 0,000412
foolish 0,235722 0,000049
foolishest 3,218876 0,000674
foolishness 1,514128 0,000317
fools 0,616186 0,000129
foot 0,083382 0,000017
footed 1,049822 0,000220
footlights 2,407946 0,000504
footsteps 0,478036 0,000100
force 0,061875 0,000013
ford 1,771957 0,000371
forehead 0,430783 0,000090
foreheads 1,832581 0,000384
forenoon 1,347074 0,000282
forget 0,072571 0,000015
forgive 0,356675 0,000075
forgot 0,261365 0,000055
fork 1,021651 0,000214
forked 1,714798 0,000359
forks 1,309333 0,000274
forlorn 1,078810 0,000226
form 0,040822 0,000009
forms 0,248461 0,000052
forrard 3,506558 0,000734
forsook 1,560648 0,000327
fortress 1,049822 0,000220
fortune 0,186330 0,000039
fortunes 0,616186 0,000129
foster 1,171183 0,000245
fought 0,371064 0,000078
foun 3,912023 0,000819
foundation 0,174353 0,000036
foundations 0,843970 0,000177
fours 1,771957 0,000371
fourteen 0,616186 0,000129
fourth 0,186330 0,000039
fowl 1,108663 0,000232
fox 0,941609 0,000197
fraid 2,995732 0,000627
frame 0,235722 0,000049
france 0,544727 0,000114
frank 0,616186 0,000129
franklin 2,040221 0,000427
franzy 3,912023 0,000819
fraud 1,078810 0,000226
frauds 2,302585 0,000482
freckled 1,714798 0,000359
freedom 0,223144 0,000047
freight 1,469676 0,000308
fren 3,912023 0,000819
french 0,342490 0,000072
frenchman 1,272966 0,000266
fresh 0,105361 0,000022
freshen 2,407946 0,000504
fret 1,272966 0,000266
fretted 1,272966 0,000266
fretting 1,427116 0,000299
friday 0,967584 0,000203
fried 1,714798 0,000359
friend 0,040822 0,000009
friendless 1,771957 0,000371
friendly 0,261365 0,000055
friends 0,020203 0,000004
friendship 0,287682 0,000060
frills 2,525729 0,000529
frock 1,049822 0,000220
frocks 1,897120 0,000397
frog 1,609438 0,000337
frogs 1,514128 0,000317
frowning 1,108663 0,000232
frowzy 3,218876 0,000674
froze 1,714798 0,000359
fry 2,120264 0,000444
frying 1,714798 0,000359
fum 3,218876 0,000674
fumble 2,995732 0,000627
fumbled 1,771957 0,000371
fumbling 1,609438 0,000337
fun 0,798508 0,000167
funeral 0,634878 0,000133
funerals 1,897120 0,000397
funniest 2,813411 0,000589
funny 1,021651 0,000214
fur 0,994252 0,000208
furnace 1,021651 0,000214
furnaces 2,120264 0,000444
furnish 0,579818 0,000121
furnished 0,328504 0,000069
fury 0,328504 0,000069
fuss 1,309333 0,000274
fust 2,813411 0,000589
gabble 3,218876 0,000674
gabbling 2,995732 0,000627
gained 0,261365 0,000055
gaining 0,544727 0,000114
gal 2,407946 0,000504
galley 1,609438 0,000337
gallon 2,525729 0,000529
gallop 0,994252 0,000208
galloping 1,309333 0,000274
galluses 3,912023 0,000819
galoot 3,506558 0,000734
gals 2,813411 0,000589
game 0,248461 0,000052
gang 1,237874 0,000259
gangs 2,207275 0,000462
gap 0,994252 0,000208
gaping 0,994252 0,000208
gapped 3,912023 0,000819
garden 0,198451 0,000042
gardens 0,510826 0,000107
garret 1,309333 0,000274
garrick 3,218876 0,000674
gars 3,912023 0,000819
garter 2,120264 0,000444
garters 2,659260 0,000557
gashly 3,912023 0,000819
gasp 1,171183 0,000245
gasps 2,040221 0,000427
gates 0,446287 0,000093
gather 0,328504 0,000069
gathered 0,150823 0,000032
gaudier 3,506558 0,000734
gaudiest 3,506558 0,000734
gaudy 1,386294 0,000290
gay 0,494296 0,000103
gaze 0,544727 0,000114
gazed 0,597837 0,000125
gazing 0,597837 0,000125
geese 1,309333 0,000274
generous 0,356675 0,000075
genies 3,912023 0,000819
gent 2,407946 0,000504
gentle 0,274437 0,000057
gentleman 0,301105 0,000063
gentlemen 0,430783 0,000090
geography 1,514128 0,000317
george 0,616186 0,000129
ghost 0,544727 0,000114
ghosts 1,078810 0,000226
gift 0,261365 0,000055
gifts 0,527633 0,000110
gills 2,407946 0,000504
gim 2,813411 0,000589
gin 1,514128 0,000317
gingerbread 1,897120 0,000397
gingham 2,995732 0,000627
girl 0,235722 0,000049
girls 0,400478 0,000084
git 2,302585 0,000482
givin 2,995732 0,000627
glad 0,072571 0,000015
gladdest 3,506558 0,000734
glance 0,248461 0,000052
glancing 0,693147 0,000145
glare 0,843970 0,000177
glared 1,272966 0,000266
glares 3,218876 0,000674
glaring 0,967584 0,000203
glass 0,186330 0,000039
glide 1,309333 0,000274
glided 1,021651 0,000214
gliding 1,139434 0,000239
glimpse 0,544727 0,000114
glimpsed 2,659260 0,000557
glimpses 1,021651 0,000214
gloomy 0,478036 0,000100
glorious 0,462035 0,000097
glory 0,342490 0,000072
gloves 0,693147 0,000145
glow 0,527633 0,000110
gnaw 2,120264 0,000444
gnawing 1,386294 0,000290
gobble 2,813411 0,000589
god 0,094311 0,000020
goggles 3,218876 0,000674
gold 0,083382 0,000017
goner 3,218876 0,000674
goo 3,506558 0,000734
goodness 0,328504 0,000069
goody 2,659260 0,000557
goose 0,941609 0,000197
gooseberry 2,659260 0,000557
goshen 2,995732 0,000627
gourd 2,995732 0,000627
governor 0,820981 0,000172
gown 0,693147 0,000145
gowns 1,560648 0,000327
grab 1,832581 0,000384
grabbed 2,120264 0,000444
grabbing 2,995732 0,000627
grace 0,235722 0,000049
graceful 0,494296 0,000103
gracious 0,544727 0,000114
gradual 1,049822 0,000220
gradually 0,328504 0,000069
grain 0,597837 0,000125
grand 0,342490 0,000072
grandeur 0,994252 0,000208
grandfather 0,776529 0,000163
grandmother 1,514128 0,000317
granny 2,407946 0,000504
grapes 1,237874 0,000259
grass 0,314711 0,000066
grassy 1,469676 0,000308
grateful 0,446287 0,000093
grave 0,127833 0,000027
graveyard 2,207275 0,000462
gray 0,733969 0,000154
grease 1,771957 0,000371
greased 2,207275 0,000462
greasy 1,347074 0,000282
greek 0,544727 0,000114
green 0,105361 0,000022
greenhorns 3,506558 0,000734
greens 2,120264 0,000444
grey 0,562119 0,000118
grief 0,356675 0,000075
grieve 0,916291 0,000192
grieving 1,386294 0,000290
grinding 1,078810 0,000226
grindstone 2,302585 0,000482
gripped 1,469676 0,000308
grit 2,207275 0,000462
groan 0,891598 0,000187
groaned 1,021651 0,000214
groaning 0,916291 0,000192
groped 1,609438 0,000337
ground 0,030459 0,000006
grounding 2,995732 0,000627
grow 0,139262 0,000029
growing 0,174353 0,000036
grub 1,966113 0,000412
grumble 1,714798 0,000359
grumbled 1,203973 0,000252
grumbling 1,427116 0,000299
grunted 1,560648 0,000327
guard 0,174353 0,000036
guardian 0,693147 0,000145
guards 0,673345 0,000141
guess 0,314711 0,000066
guessed 0,616186 0,000129
guesswork 2,659260 0,000557
guidance 0,776529 0,000163
guitar 2,040221 0,000427
gules 2,995732 0,000627
gully 2,407946 0,000504
gum 1,832581 0,000384
gumption 3,506558 0,000734
gun 0,755023 0,000158
gunnel 3,912023 0,000819
guns 0,843970 0,000177
gurgle 2,407946 0,000504
gust 1,386294 0,000290
gutter 1,560648 0,000327
guy 2,120264 0,000444
guys 3,218876 0,000674
hacked 2,207275 0,000462
haggled 2,995732 0,000627
hail 0,634878 0,000133
hailed 1,078810 0,000226
hain 3,912023 0,000819
hair 0,094311 0,000020
hairs 0,916291 0,000192
hairy 1,078810 0,000226
hall 0,314711 0,000066
hallelujah 2,995732 0,000627
halt 0,755023 0,000158
halter 2,120264 0,000444
ham 1,237874 0,000259
hamlet 1,139434 0,000239
hammer 0,776529 0,000163
han 3,506558 0,000734
hand 0,010050 0,000002
handbill 3,912023 0,000819
handbills 3,506558 0,000734
handcuffs 2,407946 0,000504
handed 0,274437 0,000057
handiest 2,995732 0,000627
handkerchief 0,653926 0,000137
handkerchiefs 1,660731 0,000348
handle 0,415515 0,000087
handled 0,916291 0,000192
handling 1,203973 0,000252
hands 0,020203 0,000004
handsome 0,328504 0,000069
handwriting 1,237874 0,000259
handwritings 3,912023 0,000819
handy 0,994252 0,000208
hang 0,400478 0,000084
hanged 1,049822 0,000220
hanging 0,261365 0,000055
hank 3,912023 0,000819
hanker 2,995732 0,000627
haphazard 2,407946 0,000504
happen 0,150823 0,000032
happened 0,094311 0,000020
happening 0,634878 0,000133
happy 0,072571 0,000015
harbor 1,514128 0,000317
hard 0,040822 0,000009
harden 1,427116 0,000299
hardest 0,967584 0,000203
hardness 1,203973 0,000252
hare 1,203973 0,000252
harem 2,040221 0,000427
hark 1,237874 0,000259
harm 0,210721 0,000044
harmless 0,248461 0,000052
harp 0,941609 0,000197
harper 2,120264 0,000444
harping 2,525729 0,000529
harrow 2,207275 0,000462
harry 1,427116 0,000299
harvey 2,813411 0,000589
hash 2,407946 0,000504
haste 0,371064 0,000078
hat 0,478036 0,000100
hatchet 1,966113 0,000412
hated 0,356675 0,000075
hats 0,941609 0,000197
haughty 0,867501 0,000182
haul 1,609438 0,000337
hauled 1,171183 0,000245
haw 2,407946 0,000504
hawed 3,218876 0,000674
hawking 2,659260 0,000557
haymarket 3,506558 0,000734
head 0,000000 0,000000
headed 0,510826 0,000107
heading 1,203973 0,000252
headline 3,506558 0,000734
heads 0,094311 0,000020
headway 1,966113 0,000412
healthy 0,356675 0,000075
heap 0,494296 0,000103
heaps 0,733969 0,000154
hear 0,010050 0,000002
heard 0,020203 0,000004
hearing 0,139262 0,000029
hears 0,673345 0,000141
heart 0,010050 0,000002
hearted 0,415515 0,000087
hearts 0,261365 0,000055
hearty 0,653926 0,000137
heat 0,274437 0,000057
heathens 2,813411 0,000589
heave 1,427116 0,000299
heaven 0,198451 0,000042
heaves 2,659260 0,000557
heaving 0,994252 0,000208
heavy 0,030459 0,000006
hebrew 1,203973 0,000252
heel 0,713350 0,000149
heeled 2,525729 0,000529
heeling 3,506558 0,000734
heels 0,446287 0,000093
heirs 1,203973 0,000252
hel 3,506558 0,000734
held 0,040822 0,000009
henry 0,713350 0,000149
heptarchies 3,912023 0,000819
hern 3,912023 0,000819
hero 0,544727 0,000114
heroes 0,713350 0,000149
hewed 2,207275 0,000462
hey 1,347074 0,000282
hide 0,287682 0,000060
hiding 0,616186 0,000129
highland 2,120264 0,000444
highwaymen 2,659260 0,000557
hill 0,248461 0,000052
hillside 1,469676 0,000308
hillsides 2,525729 0,000529
hilltop 2,813411 0,000589
hind 1,171183 0,000245
hinge 2,207275 0,000462
hinges 0,994252 0,000208
hint 0,462035 0,000097
hips 1,714798 0,000359
hire 1,203973 0,000252
hired 0,867501 0,000182
hisself 2,659260 0,000557
history 0,186330 0,000039
histrionic 2,995732 0,000627
hit 0,356675 0,000075
hitch 1,714798 0,000359
hitched 2,207275 0,000462
hive 1,832581 0,000384
hived 2,995732 0,000627
hocus 3,506558 0,000734
hoes 3,912023 0,000819
hog 1,714798 0,000359
hogged 3,912023 0,000819
hogs 1,832581 0,000384
hogshead 2,407946 0,000504
hogwash 3,506558 0,000734
hoist 1,660731 0,000348
hoisted 1,237874 0,000259
hold 0,020203 0,000004
holding 0,174353 0,000036
hole 0,356675 0,000075
holes 0,562119 0,000118
holiday 0,798508 0,000167
holidays 1,272966 0,000266
holiest 2,207275 0,000462
holler 2,525729 0,000529
hollered 3,506558 0,000734
hollering 3,506558 0,000734
hollow 0,446287 0,000093
holt 2,659260 0,000557
holts 3,912023 0,000819
holy 0,385662 0,000081
homeless 1,832581 0,000384
homely 1,272966 0,000266
homesick 2,407946 0,000504
honest 0,235722 0,000049
honey 0,755023 0,000158
honor 0,891598 0,000187
hook 0,798508 0,000167
hooker 2,813411 0,000589
hookey 3,218876 0,000674
hooks 1,171183 0,000245
hooky 3,912023 0,000819
hoop 2,120264 0,000444
hooray 2,995732 0,000627
hop 1,469676 0,000308
hope 0,010050 0,000002
hoped 0,210721 0,000044
hoping 0,430783 0,000090
hopped 2,207275 0,000462
hopper 3,912023 0,000819
horn 0,776529 0,000163
hornet 2,525729 0,000529
hornpipe 2,525729 0,000529
horns 0,867501 0,000182
horrible 0,356675 0,000075
horse 0,162519 0,000034
horseback 0,843970 0,000177
horses 0,261365 0,000055
horseshoe 2,525729 0,000529
hospitality 0,713350 0,000149
hoss 2,813411 0,000589
hot 0,116534 0,000024
hotchkiss 3,506558 0,000734
hotel 0,820981 0,000172
hotter 2,302585 0,000482
hottest 2,302585 0,000482
hound 1,272966 0,000266
hounds 1,139434 0,000239
hour 0,083382 0,000017
hours 0,094311 0,000020
house 0,020203 0,000004
houses 0,139262 0,000029
housetops 2,407946 0,000504
hove 2,120264 0,000444
howdy 2,995732 0,000627
howl 1,021651 0,000214
howled 1,386294 0,000290
howling 0,755023 0,000158
hub 3,218876 0,000674
huck 3,506558 0,000734
huckleberry 2,995732 0,000627
hue 0,798508 0,000167
huffy 3,218876 0,000674
hug 1,427116 0,000299
hugged 1,427116 0,000299
hugging 1,771957 0,000371
hugs 2,659260 0,000557
hull 1,514128 0,000317
hum 0,891598 0,000187
human 0,083382 0,000017
humans 2,207275 0,000462
humble 0,301105 0,000063
humbug 1,660731 0,000348
humbugs 3,218876 0,000674
humor 1,272966 0,000266
hump 2,120264 0,000444
humped 2,995732 0,000627
hunched 2,040221 0,000427
hund 3,912023 0,000819
hung 0,174353 0,000036
hungry 0,328504 0,000069
hunk 2,525729 0,000529
hunt 0,544727 0,000114
hunted 0,867501 0,000182
hunting 0,462035 0,000097
hurry 0,328504 0,000069
hurrying 0,673345 0,000141
hurt 0,198451 0,000042
hurting 1,309333 0,000274
husband 0,248461 0,000052
husky 1,560648 0,000327
hussy 2,302585 0,000482
hustle 2,995732 0,000627
hustled 2,207275 0,000462
hustling 2,525729 0,000529
hut 0,916291 0,000192
hymn 1,021651 0,000214
ice 0,527633 0,000110
idea 0,105361 0,000022
ideas 0,314711 0,000066
identity 1,021651 0,000214
idiot 0,941609 0,000197
idiotic 1,347074 0,000282
idiots 1,660731 0,000348
ignorant 0,301105 0,000063
iii 0,287682 0,000060
ike 3,912023 0,000819
illinois 2,525729 0,000529
illustrations 1,108663 0,000232
illustrious 1,021651 0,000214
imaginary 0,755023 0,000158
imagine 0,139262 0,000029
imagining 0,941609 0,000197
imitate 0,891598 0,000187
imitation 0,693147 0,000145
immortal 0,776529 0,000163
impaired 1,609438 0,000337
impatient 0,371064 0,000078
imperative 1,237874 0,000259
impostor 1,771957 0,000371
impudent 1,469676 0,000308
inch 0,634878 0,000133
inches 0,733969 0,000154
including 0,139262 0,000029
indeedy 3,912023 0,000819
indented 2,813411 0,000589
independence 0,843970 0,000177
indian 0,597837 0,000125
indifferent 0,400478 0,000084
indignation 0,510826 0,000107
infant 0,673345 0,000141
infernal 0,843970 0,000177
ingenious 0,693147 0,000145
ingots 2,995732 0,000627
initial 1,309333 0,000274
injun 3,218876 0,000674
injured 0,579818 0,000121
ink 0,941609 0,000197
inning 3,506558 0,000734
innocent 0,186330 0,000039
innocentest 3,912023 0,000819
inquire 0,494296 0,000103
inscription 1,272966 0,000266
inscriptions 1,966113 0,000412
inshore 3,218876 0,000674
instance 0,150823 0,000032
instinct 0,430783 0,000090
instructing 1,832581 0,000384
insurrection 1,660731 0,000348
intended 0,174353 0,000036
intending 0,733969 0,000154
inter 1,714798 0,000359
interfere 0,544727 0,000114
interior 0,673345 0,000141
interpreted 0,274437 0,000057
interruptions 1,714798 0,000359
intoxication 1,309333 0,000274
intrust 2,525729 0,000529
invected 3,912023 0,000819
invent 0,798508 0,000167
invest 1,966113 0,000412
investigation 0,967584 0,000203
investment 1,771957 0,000371
invite 0,693147 0,000145
invited 0,415515 0,000087
irish 1,347074 0,000282
iron 0,198451 0,000042
irons 1,347074 0,000282
irreligious 2,525729 0,000529
irrigation 2,659260 0,000557
island 0,400478 0,000084
islands 0,755023 0,000158
issue 0,462035 0,000097
itch 1,966113 0,000412
itched 2,995732 0,000627
itching 2,207275 0,000462
iv 0,328504 0,000069
ix 0,494296 0,000103
jabbed 2,995732 0,000627
jabber 2,525729 0,000529
jabbered 3,912023 0,000819
jabbering 2,525729 0,000529
jack 0,820981 0,000172
jackass 2,995732 0,000627
jacket 0,798508 0,000167
jackets 1,560648 0,000327
jackson 1,714798 0,000359
jacques 2,407946 0,000504
jail 1,427116 0,000299
jailed 3,218876 0,000674
jake 3,506558 0,000734
jakes 3,912023 0,000819
jam 1,609438 0,000337
james 0,673345 0,000141
jammed 1,832581 0,000384
jams 3,506558 0,000734
jane 1,832581 0,000384
jaw 0,820981 0,000172
jawed 2,995732 0,000627
jawing 3,506558 0,000734
jaws 0,733969 0,000154
jeans 3,506558 0,000734
jefferson 2,525729 0,000529
jericho 2,207275 0,000462
jerked 1,237874 0,000259
jest 0,673345 0,000141
jewelry 2,040221 0,000427
jews 1,078810 0,000226
jim 1,966113 0,000412
jimminy 3,912023 0,000819
jimmy 2,207275 0,000462
jingle 2,120264 0,000444
jingling 1,427116 0,000299
jingo 2,995732 0,000627
joanna 2,813411 0,000589
job 0,673345 0,000141
jobs 1,560648 0,000327
joe 1,832581 0,000384
joggle 3,506558 0,000734
john 0,328504 0,000069
johnny 2,040221 0,000427
joint 0,673345 0,000141
joke 0,494296 0,000103
joker 2,407946 0,000504
jokes 1,078810 0,000226
joking 0,994252 0,000208
jolly 0,994252 0,000208
jolt 2,120264 0,000444
jolted 1,897120 0,000397
jour 2,525729 0,000529
journal 0,941609 0,000197
journals 1,966113 0,000412
journey 0,198451 0,000042
joy 0,139262 0,000029
joyful 0,798508 0,000167
judge 0,116534 0,000024
judged 0,430783 0,000090
judgment 0,198451 0,000042
judith 2,120264 0,000444
jug 1,386294 0,000290
juice 1,347074 0,000282
juliet 2,659260 0,000557
july 0,616186 0,000129
jumbled 2,207275 0,000462
jump 0,733969 0,000154
jumped 0,653926 0,000137
jumping 0,798508 0,000167
jumps 2,040221 0,000427
june 0,527633 0,000110
juries 2,207275 0,000462
kangaroo 3,218876 0,000674
keeled 3,218876 0,000674
keen 0,415515 0,000087
keenest 1,386294 0,000290
kep 2,407946 0,000504
ker 3,218876 0,000674
ketch 2,302585 0,000482
kettle 1,272966 0,000266
key 0,356675 0,000075
kick 0,653926 0,000137
kicked 0,843970 0,000177
kicking 1,078810 0,000226
kill 0,127833 0,000027
killed 0,223144 0,000047
kills 1,139434 0,000239
kin 1,139434 0,000239
kindness 0,287682 0,000060
kine 2,207275 0,000462
kinfolks 3,912023 0,000819
king 0,223144 0,000047
kingdom 0,494296 0,000103
kingdoms 1,108663 0,000232
kings 0,527633 0,000110
kiss 0,562119 0,000118
kissed 0,462035 0,000097
kisses 1,021651 0,000214
kissing 1,021651 0,000214
kit 2,207275 0,000462
kitchen 0,597837 0,000125
knee 0,462035 0,000097
kneeled 2,659260 0,000557
knees 0,223144 0,000047
knickknacks 3,506558 0,000734
knife 0,356675 0,000075
knit 1,108663 0,000232
knitting 1,272966 0,000266
knives 0,916291 0,000192
knob 1,609438 0,000337
knock 0,616186 0,000129
knocked 0,510826 0,000107
knocking 0,798508 0,000167
knot 0,673345 0,000141
knots 1,139434 0,000239
knotted 1,469676 0,000308
knuckles 1,514128 0,000317
label 1,771957 0,000371
ladder 0,693147 0,000145
ladies 0,314711 0,000066
lady 0,248461 0,000052
lafayette 2,995732 0,000627
laid 0,072571 0,000015
lake 0,210721 0,000044
lally 3,912023 0,000819
lamb 0,776529 0,000163
lambs 1,347074 0,000282
lame 0,820981 0,000172
lamp 0,478036 0,000100
lan 3,506558 0,000734
land 0,072571 0,000015
landed 0,527633 0,000110
landing 0,562119 0,000118
lands 0,544727 0,000114
lane 0,798508 0,000167
lanes 1,203973 0,000252
language 0,072571 0,000015
languages 0,967584 0,000203
lanky 2,302585 0,000482
lantern 0,967584 0,000203
lanterns 1,609438 0,000337
lap 0,634878 0,000133
las 2,407946 0,000504
lash 1,386294 0,000290
latch 1,309333 0,000274
late 0,094311 0,000020
lath 2,407946 0,000504
laths 2,813411 0,000589
laugh 0,127833 0,000027
laughed 0,248461 0,000052
laughing 0,248461 0,000052
laughs 0,994252 0,000208
law 0,030459 0,000006
laws 0,083382 0,000017
lawsuit 2,659260 0,000557
lawyer 0,798508 0,000167
lay 0,051293 0,000011
layer 1,966113 0,000412
laying 0,274437 0,000057
lays 0,798508 0,000167
lazied 3,912023 0,000819
lazy 0,616186 0,000129
lazying 3,912023 0,000819
le 1,049822 0,000220
lead 0,083382 0,000017
leading 0,139262 0,000029
leads 0,462035 0,000097
leaf 0,462035 0,000097
leafy 2,040221 0,000427
leak 1,714798 0,000359
leaking 2,659260 0,000557
leaky 2,120264 0,000444
lean 0,579818 0,000121
leaned 0,634878 0,000133
leaning 0,301105 0,000063
lear 2,302585 0,000482
learn 0,020203 0,000004
learned 0,105361 0,000022
learning 0,301105 0,000063
learns 1,108663 0,000232
learnt 0,713350 0,000149
leastways 2,995732 0,000627
leather 0,544727 0,000114
leave 0,000000 0,000000
leaves 0,094311 0,000020
leaving 0,083382 0,000017
leavings 2,995732 0,000627
lection 3,506558 0,000734
lecture 1,049822 0,000220
led 0,040822 0,000009
ledge 1,272966 0,000266
left 0,000000 0,000000
leg 0,478036 0,000100
legged 1,108663 0,000232
legs 0,274437 0,000057
lemonade 2,659260 0,000557
len 3,506558 0,000734
lend 0,597837 0,000125
lessons 0,579818 0,000121
letter 0,116534 0,000024
letters 0,198451 0,000042
level 0,274437 0,000057
leveler 3,912023 0,000819
levi 2,813411 0,000589
leviticus 2,813411 0,000589
liar 1,203973 0,000252
liars 1,771957 0,000371
liberality 1,347074 0,000282
liberty 0,223144 0,000047
lick 1,203973 0,000252
licked 1,609438 0,000337
licking 1,272966 0,000266
lickings 3,912023 0,000819
licks 2,302585 0,000482
lid 0,820981 0,000172
lie 0,040822 0,000009
lied 1,171183 0,000245
lies 0,162519 0,000034
life -0,009950 -0,000002
lift 0,415515 0,000087
lifted 0,274437 0,000057
lifting 0,653926 0,000137
lifts 1,139434 0,000239
light 0,010050 0,000002
lighted 0,261365 0,000055
lighten 1,203973 0,000252
lighting 0,755023 0,000158
lightning 0,478036 0,000100
lights 0,301105 0,000063
likelier 3,218876 0,000674
likes 1,771957 0,000371
limb 0,798508 0,000167
limber 2,813411 0,000589
limbs 0,274437 0,000057
lineal 2,813411 0,000589
linen 0,527633 0,000110
lingo 2,813411 0,000589
lining 1,897120 0,000397
link 0,994252 0,000208
linsey 3,912023 0,000819
lip 0,673345 0,000141
lips 0,127833 0,000027
liquor 0,820981 0,000172
list 0,400478 0,000084
listen 0,127833 0,000027
listened 0,274437 0,000057
listening 0,261365 0,000055
listens 1,386294 0,000290
lit 0,653926 0,000137
litter 0,994252 0,000208
littered 1,966113 0,000412
live 0,010050 0,000002
lived 0,061875 0,000013
lively 0,400478 0,000084
livers 2,659260 0,000557
lives 0,072571 0,000015
living 0,020203 0,000004
lo 0,916291 0,000192
load 0,634878 0,000133
loaded 0,616186 0,000129
loading 1,309333 0,000274
loads 1,609438 0,000337
loaf 1,171183 0,000245
loafed 3,912023 0,000819
loafer 2,813411 0,000589
loafers 2,659260 0,000557
loafing 2,995732 0,000627
loan 1,560648 0,000327
loaves 1,469676 0,000308
lock 0,385662 0,000081
locked 0,430783 0,000090
locket 2,207275 0,000462
locking 1,272966 0,000266
log 0,941609 0,000197
logs 1,427116 0,000299
loll 3,218876 0,000674
lolled 2,659260 0,000557
london 0,415515 0,000087
lone 1,514128 0,000317
lonely 0,415515 0,000087
lonesome 2,120264 0,000444
lonesomeness 2,813411 0,000589
lookout 1,514128 0,000317
looky 2,995732 0,000627
loose 0,105361 0,000022
loosing 2,407946 0,000504
lord 0,223144 0,000047
lordship 1,771957 0,000371
lordy 3,218876 0,000674
lose 0,094311 0,000020
loses 0,916291 0,000192
losing 0,235722 0,000049
loss 0,094311 0,000020
lost 0,020203 0,000004
lot 0,061875 0,000013
lots 0,733969 0,000154
loud 0,174353 0,000036
louder 0,527633 0,000110
louis 1,078810 0,000226
louisville 3,506558 0,000734
love 0,051293 0,000011
loved 0,198451 0,000042
loveliest 1,514128 0,000317
lovely 0,494296 0,000103
lowering 2,659260 0,000557
luck 0,446287 0,000093
luckier 2,407946 0,000504
lucky 0,527633 0,000110
lug 2,207275 0,000462
lugged 2,407946 0,000504
lumber 1,514128 0,000317
lump 1,203973 0,000252
lunatic 1,386294 0,000290
lunch 1,108663 0,000232
lungs 0,916291 0,000192
lunkheads 3,912023 0,000819
lying 0,061875 0,000013
lynch 2,659260 0,000557
lynched 3,506558 0,000734
lynches 3,912023 0,000819
lynching 3,506558 0,000734
mad 0,261365 0,000055
madam 0,967584 0,000203
maggiore 3,218876 0,000674
magic 0,673345 0,000141
magician 1,714798 0,000359
magicians 1,897120 0,000397
mahogany 1,609438 0,000337
maid 0,446287 0,000093
maidy 3,912023 0,000819
maim 2,525729 0,000529
main 0,127833 0,000027
majesty 0,544727 0,000114
majority 0,597837 0,000125
mam 3,506558 0,000734
manage 0,462035 0,000097
managed 0,342490 0,000072
manner 0,040822 0,000009
mannered 1,609438 0,000337
manners 0,274437 0,000057
mantel 1,832581 0,000384
mantelpiece 1,714798 0,000359
marble 0,597837 0,000125
march 0,274437 0,000057
marched 0,891598 0,000187
marching 1,171183 0,000245
mare 1,272966 0,000266
mark 0,127833 0,000027
marked 0,061875 0,000013
market 0,527633 0,000110
marks 0,328504 0,000069
married 0,248461 0,000052
marry 0,430783 0,000090
mars 1,427116 0,000299
marseilles 1,966113 0,000412
mary 0,693147 0,000145
marys 3,506558 0,000734
mashed 2,525729 0,000529
mashing 3,912023 0,000819
mask 0,843970 0,000177
masked 1,469676 0,000308
masks 1,560648 0,000327
mass 0,301105 0,000063
master 0,083382 0,000017
masterly 1,832581 0,000384
match 0,385662 0,000081
matched 1,771957 0,000371
matches 1,049822 0,000220
mate 0,867501 0,000182
materials 0,733969 0,000154
mathematics 1,272966 0,000266
matilda 2,659260 0,000557
matter 0,010050 0,000002
matters 0,139262 0,000029
mattress 1,427116 0,000299
mayflower 3,218876 0,000674
meal 0,301105 0,000063
meals 0,776529 0,000163
meaning 0,210721 0,000044
measles 2,040221 0,000427
meat 0,356675 0,000075
meddle 1,078810 0,000226
meddled 2,813411 0,000589
meddlesome 2,995732 0,000627
meddling 1,609438 0,000337
medicine 0,597837 0,000125
medicines 1,427116 0,000299
meek 1,272966 0,000266
meet 0,010050 0,000002
meeting 0,186330 0,000039
mellow 1,469676 0,000308
melt 1,049822 0,000220
memory 0,174353 0,000036
memphis 2,995732 0,000627
mention 0,223144 0,000047
mentioned 0,223144 0,000047
meo 3,912023 0,000819
merchants 0,798508 0,000167
mercy 0,223144 0,000047
mere 0,094311 0,000020
mesmerism 3,506558 0,000734
mesmerizing 3,912023 0,000819
mess 0,891598 0,000187
message 0,446287 0,000093
met 0,040822 0,000009
mf 3,506558 0,000734
midday 1,108663 0,000232
middle 0,030459 0,000006
middling 2,040221 0,000427
midnight 0,328504 0,000069
mids 3,912023 0,000819
mighty 0,328504 0,000069
mild 0,510826 0,000107
mile 0,342490 0,000072
miles 0,223144 0,000047
milk 0,446287 0,000093
milking 2,207275 0,000462
mind 0,020203 0,000004
minded 0,400478 0,000084
minds 0,235722 0,000049
minister 0,616186 0,000129
minute 0,235722 0,000049
minutes 0,235722 0,000049
mire 1,049822 0,000220
miserable 0,210721 0,000044
miserableness 3,912023 0,000819
misery 0,301105 0,000063
misfortune 0,478036 0,000100
misfortunes 0,867501 0,000182
mississippi 0,415515 0,000087
missouri 2,120264 0,000444
missus 2,995732 0,000627
mist 0,544727 0,000114
mistake 0,223144 0,000047
mistaken 0,261365 0,000055
mister 1,832581 0,000384
misunderstood 1,386294 0,000290
mite 1,714798 0,000359
mix 0,994252 0,000208
mixed 0,385662 0,000081
mixture 0,616186 0,000129
moan 1,139434 0,000239
moaned 1,386294 0,000290
moaning 1,272966 0,000266
moat 2,120264 0,000444
mob 1,171183 0,000245
moccasins 2,813411 0,000589
mocking 0,994252 0,000208
moderated 2,207275 0,000462
modern 0,314711 0,000066
modified 0,385662 0,000081
moment 0,010050 0,000002
moments 0,287682 0,000060
money 0,051293 0,000011
mongst 2,995732 0,000627
monstrous 0,400478 0,000084
month 0,174353 0,000036
monthly 1,427116 0,000299
months 0,094311 0,000020
moon 0,287682 0,000060
mooning 3,218876 0,000674
moonlight 0,673345 0,000141
moonrise 2,525729 0,000529
moonshine 2,040221 0,000427
moore 2,525729 0,000529
moral 0,301105 0,000063
morality 0,867501 0,000182
morals 1,237874 0,000259
morning 0,040822 0,000009
mornings 1,203973 0,000252
morrow 0,328504 0,000069
mort 2,207275 0,000462
mortar 1,309333 0,000274
mortification 1,049822 0,000220
mos 3,506558 0,000734
moses 1,139434 0,000239
mosey 3,912023 0,000819
mosquitoes 2,040221 0,000427
moss 1,049822 0,000220
mother 0,072571 0,000015
mothered 3,506558 0,000734
motherless 2,525729 0,000529
motioned 1,139434 0,000239
motive 0,597837 0,000125
motto 1,386294 0,000290
mountains 0,400478 0,000084
mourners 1,771957 0,000371
mournful 0,941609 0,000197
mourning 0,693147 0,000145
mouse 0,941609 0,000197
mouth 0,105361 0,000022
mouthful 1,347074 0,000282
mouths 0,462035 0,000097
mud 0,478036 0,000100
mudcat 3,912023 0,000819
muddled 1,897120 0,000397
muddy 0,916291 0,000192
muffled 1,139434 0,000239
muggins 3,912023 0,000819
mules 1,469676 0,000308
mullen 3,506558 0,000734
mullet 2,995732 0,000627
multiplication 1,897120 0,000397
mum 2,525729 0,000529
mumble 2,813411 0,000589
mumps 3,506558 0,000734
munching 2,302585 0,000482
murder 0,314711 0,000066
murdered 0,733969 0,000154
murderer 0,733969 0,000154
murderers 1,386294 0,000290
murders 1,309333 0,000274
murrey 3,912023 0,000819
mus 2,407946 0,000504
muse 1,609438 0,000337
mush 2,995732 0,000627
mushmelon 3,912023 0,000819
music 0,198451 0,000042
muttered 0,798508 0,000167
mysterious 0,314711 0,000066
mystery 0,301105 0,000063
nab 2,995732 0,000627
nabob 3,912023 0,000819
nail 0,843970 0,000177
nailed 1,272966 0,000266
nailing 2,302585 0,000482
nails 0,616186 0,000129
naked 0,274437 0,000057
nap 1,771957 0,000371
narrative 0,616186 0,000129
narrow 0,105361 0,000022
nary 2,813411 0,000589
nat 2,813411 0,000589
nation 0,579818 0,000121
native 0,328504 0,000069
natural 0,094311 0,000020
naturally 0,210721 0,000044
nature 0,094311 0,000020
natured 0,733969 0,000154
navigate 2,407946 0,000504
navigating 2,813411 0,000589
navigation 1,272966 0,000266
neat 0,673345 0,000141
neater 2,995732 0,000627
necessity 0,261365 0,000055
neck 0,186330 0,000039
necks 0,891598 0,000187
needle 0,798508 0,000167
needles 1,427116 0,000299
needy 1,660731 0,000348
negro 1,171183 0,000245
neighbor 1,427116 0,000299
neighborhood 1,171183 0,000245
neighbors 1,272966 0,000266
nell 2,659260 0,000557
ness 2,813411 0,000589
nest 0,733969 0,000154
news 0,210721 0,000044
newspapers 0,820981 0,000172
nice 0,400478 0,000084
niece 1,309333 0,000274
nieces 1,966113 0,000412
nigger 2,407946 0,000504
niggers 2,995732 0,000627
nigh 0,843970 0,000177
night 0,010050 0,000002
nightcap 1,897120 0,000397
nights 0,235722 0,000049
nightshirt 2,525729 0,000529
nineteen 1,108663 0,000232
nip 1,714798 0,000359
nobility 0,755023 0,000158
noble 0,248461 0,000052
nodded 0,634878 0,000133
nodding 0,941609 0,000197
nods 1,832581 0,000384
nohow 2,995732 0,000627
noise 0,139262 0,000029
noises 0,967584 0,000203
nombril 3,912023 0,000819
nonesuch 3,912023 0,000819
nonsense 0,478036 0,000100
noon 0,430783 0,000090
north 0,083382 0,000017
nose 0,274437 0,000057
noses 1,021651 0,000214
nostrils 0,891598 0,000187
notice 0,030459 0,000006
noticed 0,328504 0,000069
noticing 0,941609 0,000197
notion 0,371064 0,000078
noway 3,506558 0,000734
nudged 2,120264 0,000444
numskull 3,218876 0,000674
nunnery 2,302585 0,000482
nurse 0,478036 0,000100
nuts 1,049822 0,000220
oak 0,673345 0,000141
oar 1,237874 0,000259
oars 1,203973 0,000252
oath 0,510826 0,000107
obeyed 0,579818 0,000121
obituaries 3,912023 0,000819
object 0,127833 0,000027
objections 0,820981 0,000172
obsequies 2,813411 0,000589
observer 1,021651 0,000214
occasion 0,105361 0,000022
ocean 0,430783 0,000090
odd 0,385662 0,000081
odds 1,108663 0,000232
ode 2,120264 0,000444
offer 0,162519 0,000034
offered 0,139262 0,000029
offering 0,400478 0,000084
office 0,072571 0,000015
officers 0,494296 0,000103
ohio 2,407946 0,000504
oho 2,407946 0,000504
oilcloth 3,218876 0,000674
oldish 2,995732 0,000627
ole 2,659260 0,000557
ominous 1,171183 0,000245
onion 1,832581 0,000384
onions 1,609438 0,000337
onless 3,506558 0,000734
oozing 1,966113 0,000412
ope 2,302585 0,000482
ophelia 2,525729 0,000529
opinion 0,139262 0,000029
opportunity 0,061875 0,000013
opposed 0,653926 0,000137
opposition 0,494296 0,000103
oppression 0,916291 0,000192
oppressor 2,407946 0,000504
oranges 1,660731 0,000348
ordinary 0,186330 0,000039
ordnance 2,302585 0,000482
orgies 1,966113 0,000412
orleans 1,966113 0,000412
orneriest 3,912023 0,000819
ornery 3,218876 0,000674
orphans 1,514128 0,000317
ostrich 2,040221 0,000427
ouch 3,218876 0,000674
ourn 3,912023 0,000819
outbuildings 2,813411 0,000589
outer 0,510826 0,000107
outfit 1,237874 0,000259
outlandish 1,966113 0,000412
outrage 1,049822 0,000220
outrageous 1,386294 0,000290
outrun 2,525729 0,000529
outstart 3,912023 0,000819
overboard 1,347074 0,000282
overcoat 1,660731 0,000348
overdone 2,207275 0,000462
overflow 1,386294 0,000290
overflowed 1,347074 0,000282
overhauling 2,659260 0,000557
overlooked 0,776529 0,000163
overslept 2,525729 0,000529
owl 1,309333 0,000274
owls 1,832581 0,000384
owner 0,116534 0,000024
ox 0,941609 0,000197
pack 0,597837 0,000125
packed 0,616186 0,000129
packing 1,108663 0,000232
pad 1,897120 0,000397
paddle 2,040221 0,000427
paddled 2,120264 0,000444
paddling 2,120264 0,000444
padlock 2,995732 0,000627
padlocked 2,525729 0,000529
paid 0,061875 0,000013
painful 0,328504 0,000069
painstakingly 2,995732 0,000627
paint 0,693147 0,000145
painted 0,356675 0,000075
paints 1,660731 0,000348
pair 0,235722 0,000049
palace 0,510826 0,000107
palavering 3,506558 0,000734
pale 0,198451 0,000042
paleness 1,609438 0,000337
palings 2,659260 0,000557
pallet 2,407946 0,000504
paly 3,912023 0,000819
pan 0,967584 0,000203
panama 2,407946 0,000504
pangs 1,078810 0,000226
pans 1,309333 0,000274
panting 0,597837 0,000125
pants 1,966113 0,000412
pap 2,525729 0,000529
paper 0,083382 0,000017
papers 0,385662 0,000081
paralysis 2,120264 0,000444
parasol 2,207275 0,000462
parcel 1,139434 0,000239
pard 2,995732 0,000627
pardon 0,301105 0,000063
parent 0,713350 0,000149
paris 0,562119 0,000118
parker 2,407946 0,000504
parlor 1,714798 0,000359
parlors 2,995732 0,000627
parrot 1,771957 0,000371
parrots 2,302585 0,000482
parson 1,514128 0,000317
partly 0,301105 0,000063
pass 0,040822 0,000009
passage 0,139262 0,000029
passages 0,527633 0,000110
passageways 3,218876 0,000674
passed 0,040822 0,000009
passel 3,912023 0,000819
passenger 1,078810 0,000226
passengers 0,843970 0,000177
passing 0,094311 0,000020
paste 1,609438 0,000337
pat 1,386294 0,000290
patch 0,916291 0,000192
patches 0,941609 0,000197
patent 1,078810 0,000226
path 0,198451 0,000042
patience 0,139262 0,000029
patient 0,274437 0,000057
patients 1,272966 0,000266
patted 1,108663 0,000232
pause 0,371064 0,000078
paw 1,560648 0,000327
pawed 3,218876 0,000674
pay 0,051293 0,000011
paying 0,116534 0,000024
pays 0,994252 0,000208
peace 0,094311 0,000020
peaceful 0,478036 0,000100
peacefuller 3,912023 0,000819
peaches 2,407946 0,000504
peart 3,912023 0,000819
peck 1,897120 0,000397
pecking 2,302585 0,000482
pecks 2,813411 0,000589
peddle 3,912023 0,000819
peddlers 2,659260 0,000557
peeled 1,966113 0,000412
peep 0,994252 0,000208
peeped 1,049822 0,000220
peg 1,427116 0,000299
pegged 2,813411 0,000589
pegging 2,813411 0,000589
pen 0,371064 0,000078
pencil 0,634878 0,000133
pendulum 2,120264 0,000444
penitentiary 2,995732 0,000627
pens 1,347074 0,000282
pensive 1,171183 0,000245
people 0,010050 0,000002
peppered 2,813411 0,000589
perfect 0,072571 0,000015
perfectly 0,162519 0,000034
performance 0,478036 0,000100
performed 0,127833 0,000027
perfumery 3,218876 0,000674
perished 0,733969 0,000154
person 0,010050 0,000002
personal 0,223144 0,000047
persons 0,210721 0,000044
persuade 0,446287 0,000093
persuaded 0,527633 0,000110
pert 1,966113 0,000412
pesky 3,218876 0,000674
pestering 2,659260 0,000557
pet 1,021651 0,000214
peter 0,820981 0,000172
peters 2,659260 0,000557
petersburg 2,040221 0,000427
pets 2,120264 0,000444
petting 2,525729 0,000529
pettish 3,506558 0,000734
pew 2,120264 0,000444
pewter 2,120264 0,000444
philadelphia 2,120264 0,000444
phrenology 3,218876 0,000674
physician 0,693147 0,000145
piano 1,139434 0,000239
piccadilly 2,407946 0,000504
pick 0,415515 0,000087
pickaxe 2,659260 0,000557
picked 0,400478 0,000084
picking 0,634878 0,000133
pickles 2,302585 0,000482
picks 1,966113 0,000412
picnic 2,040221 0,000427
picnics 2,525729 0,000529
picture 0,248461 0,000052
pictures 0,415515 0,000087
pie 1,514128 0,000317
piece 0,072571 0,000015
pieces 0,139262 0,000029
pies 1,966113 0,000412
pig 0,634878 0,000133
pigs 1,108663 0,000232
pike 1,514128 0,000317
pile 0,579818 0,000121
piled 0,713350 0,000149
piles 1,049822 0,000220
pilgrim 1,309333 0,000274
piling 1,832581 0,000384
pilot 1,139434 0,000239
pin 0,713350 0,000149
pinch 1,021651 0,000214
pinched 1,139434 0,000239
pine 0,673345 0,000141
pined 2,407946 0,000504
pins 1,272966 0,000266
pint 1,427116 0,000299
pints 2,659260 0,000557
pious 0,733969 0,000154
pipe 0,494296 0,000103
pipes 0,776529 0,000163
pirate 1,560648 0,000327
pirates 1,427116 0,000299
pistol 0,941609 0,000197
pitch 0,342490 0,000072
pitched 0,820981 0,000172
pitied 0,891598 0,000187
pitiful 0,798508 0,000167
pitifulness 3,506558 0,000734
pity 0,150823 0,000032
pitying 1,272966 0,000266
pivot 2,120264 0,000444
plague 0,755023 0,000158
plain 0,040822 0,000009
plan 0,261365 0,000055
plank 1,049822 0,000220
planks 1,078810 0,000226
planned 0,916291 0,000192
plans 0,371064 0,000078
plant 0,579818 0,000121
plantation 1,469676 0,000308
plantations 1,771957 0,000371
planted 0,634878 0,000133
plastered 1,897120 0,000397
plate 0,527633 0,000110
plates 0,653926 0,000137
platform 0,891598 0,000187
platforms 2,207275 0,000462
play 0,072571 0,000015
played 0,198451 0,000042
playing 0,186330 0,000039
pleasant 0,162519 0,000034
pleasanter 1,108663 0,000232
pleased 0,150823 0,000032
pleasing 0,653926 0,000137
pleasure 0,051293 0,000011
pledge 0,916291 0,000192
plenty 0,235722 0,000049
plot 0,867501 0,000182
plotters 3,218876 0,000674
plow 2,207275 0,000462
pluck 0,967584 0,000203
plug 2,040221 0,000427
plum 1,514128 0,000317
plumb 2,120264 0,000444
plumes 1,309333 0,000274
plunder 1,309333 0,000274
plunk 3,912023 0,000819
pluribus 3,218876 0,000674
po 1,897120 0,000397
pocket 0,371064 0,000078
pockets 0,733969 0,000154
poetical 1,514128 0,000317
poetry 0,693147 0,000145
poke 1,897120 0,000397
poked 1,427116 0,000299
poking 1,469676 0,000308
pole 0,597837 0,000125
poles 1,078810 0,000226
police 0,755023 0,000158
polished 0,673345 0,000141
polite 0,693147 0,000145
political 0,562119 0,000118
polly 2,813411 0,000589
pommel 2,407946 0,000504
ponderous 1,203973 0,000252
pone 3,218876 0,000674
poor 0,030459 0,000006
pooty 3,912023 0,000819
popped 1,714798 0,000359
popular 0,430783 0,000090
porch 0,941609 0,000197
pore 1,832581 0,000384
pork 1,272966 0,000266
possessed 0,094311 0,000020
post 0,248461 0,000052
posterity 1,139434 0,000239
posts 0,713350 0,000149
pot 0,597837 0,000125
potato 1,832581 0,000384
pots 0,994252 0,000208
pound 0,776529 0,000163
pounding 1,771957 0,000371
pounds 0,494296 0,000103
pour 0,544727 0,000114
poured 0,385662 0,000081
pouring 0,693147 0,000145
pours 1,427116 0,000299
pow 3,506558 0,000734
powder 0,755023 0,000158
power 0,030459 0,000006
powerful 0,223144 0,000047
powwow 3,506558 0,000734
pox 2,407946 0,000504
practice 0,162519 0,000034
practiced 1,560648 0,000327
prague 2,995732 0,000627
prairie 2,120264 0,000444
praised 0,653926 0,000137
praising 1,386294 0,000290
prance 2,813411 0,000589
pranced 2,659260 0,000557
prancing 2,120264 0,000444
pray 0,371064 0,000078
prayed 0,673345 0,000141
prayer 0,478036 0,000100
prayers 0,478036 0,000100
praying 0,798508 0,000167
prays 1,897120 0,000397
preach 1,049822 0,000220
preached 1,237874 0,000259
preacher 1,203973 0,000252
preachers 1,660731 0,000348
preaches 2,525729 0,000529
preaching 1,347074 0,000282
precious 0,162519 0,000034
prejudiced 1,514128 0,000317
premature 1,203973 0,000252
premises 1,021651 0,000214
prentice 2,813411 0,000589
prepared 0,105361 0,000022
presbyterian 2,407946 0,000504
presence 0,094311 0,000020
preserve 0,150823 0,000032
preserves 1,108663 0,000232
pressed 0,274437 0,000057
pressing 0,385662 0,000081
presume 0,634878 0,000133
pretended 0,562119 0,000118
prettier 1,272966 0,000266
prettiest 1,560648 0,000327
pretty 0,150823 0,000032
prevarication 3,506558 0,000734
previous 0,094311 0,000020
price 0,314711 0,000066
pride 0,150823 0,000032
prime 0,713350 0,000149
primer 2,659260 0,000557
principal 0,287682 0,000060
principle 0,430783 0,000090
print 0,261365 0,000055
printed 0,174353 0,000036
printer 1,897120 0,000397
printers 2,207275 0,000462
printing 1,469676 0,000308
prison 0,287682 0,000060
prisoner 0,385662 0,000081
prisoners 0,941609 0,000197
private 0,198451 0,000042
privileged 1,347074 0,000282
prized 1,609438 0,000337
procession 0,733969 0,000154
proctors 3,506558 0,000734
profit 0,248461 0,000052
profitable 0,891598 0,000187
profits 0,314711 0,000066
progress 0,174353 0,000036
project -0,009950 -0,000002
promise 0,116534 0,000024
promised 0,198451 0,000042
prompt 0,776529 0,000163
pronounced 0,446287 0,000093
proofs 0,798508 0,000167
prop 1,560648 0,000327
properly 0,385662 0,000081
property 0,127833 0,000027
propped 1,347074 0,000282
prosecuted 1,771957 0,000371
protect 0,186330 0,000039
protection 0,314711 0,000066
prove 0,174353 0,000036
proved 0,116534 0,000024
providence 0,693147 0,000145
provisions 0,223144 0,000047
prowled 2,407946 0,000504
prowling 1,714798 0,000359
pry 1,832581 0,000384
public 0,083382 0,000017
pudding 1,386294 0,000290
puddle 1,714798 0,000359
puffed 1,272966 0,000266
pull 0,328504 0,000069
pulled 0,371064 0,000078
pulling 0,634878 0,000133
pulpit 1,203973 0,000252
pump 1,469676 0,000308
pumping 2,302585 0,000482
puncheon 2,995732 0,000627
pungle 3,912023 0,000819
punkin 3,912023 0,000819
pup 2,407946 0,000504
puppy 1,660731 0,000348
pure 0,150823 0,000032
purse 0,616186 0,000129
push 0,562119 0,000118
pushed 0,400478 0,000084
pushing 0,755023 0,000158
puzzled 0,494296 0,000103
quality 0,274437 0,000057
quarrel 0,328504 0,000069
quarrels 1,108663 0,000232
quarrelsome 1,771957 0,000371
quarry 1,427116 0,000299
quarter 0,223144 0,000047
quarters 0,248461 0,000052
queen 0,415515 0,000087
queens 1,660731 0,000348
question 0,051293 0,000011
questions 0,127833 0,000027
quick 0,139262 0,000029
quicker 0,867501 0,000182
quicksilver 2,407946 0,000504
quiet 0,116534 0,000024
quieted 1,309333 0,000274
quieter 1,660731 0,000348
quietus 3,218876 0,000674
quill 1,897120 0,000397
quilt 1,897120 0,000397
quilts 2,407946 0,000504
quit 0,616186 0,000129
quivers 2,302585 0,000482
quivery 3,506558 0,000734
quixote 2,407946 0,000504
rabbit 1,171183 0,000245
rabbits 1,660731 0,000348
race 0,198451 0,000042
rachel 2,120264 0,000444
rack 1,237874 0,000259
racket 2,120264 0,000444
rackety 3,912023 0,000819
raff 2,813411 0,000589
raffs 3,912023 0,000819
raft 2,207275 0,000462
rafter 3,506558 0,000734
rafters 1,714798 0,000359
rafting 3,506558 0,000734
rafts 2,407946 0,000504
raftsman 3,912023 0,000819
raftsmen 3,506558 0,000734
rag 1,203973 0,000252
ragged 0,776529 0,000163
raging 0,653926 0,000137
rags 0,916291 0,000192
rail 0,798508 0,000167
rails 1,309333 0,000274
rain 0,223144 0,000047
rainbow 1,272966 0,000266
rained 1,139434 0,000239
rains 0,967584 0,000203
rainy 0,967584 0,000203
raise 0,174353 0,000036
raised 0,061875 0,000013
raises 1,171183 0,000245
raising 0,274437 0,000057
raked 1,897120 0,000397
ram 1,203973 0,000252
rammed 2,659260 0,000557
rampant 2,407946 0,000504
ramrod 2,813411 0,000589
range 0,446287 0,000093
ranged 1,049822 0,000220
rank 0,287682 0,000060
ransacked 1,966113 0,000412
ransacking 2,995732 0,000627
ransom 1,386294 0,000290
ransomed 3,218876 0,000674
rapscallions 3,218876 0,000674
rascal 0,967584 0,000203
rascality 2,407946 0,000504
rascals 1,560648 0,000327
raspy 3,506558 0,000734
rat 1,078810 0,000226
rate 0,274437 0,000057
rats 1,272966 0,000266
rattle 0,891598 0,000187
rattles 2,407946 0,000504
rattlesnake 3,218876 0,000674
rattlesnakes 3,912023 0,000819
rattling 0,916291 0,000192
ratty 3,506558 0,000734
rave 2,120264 0,000444
raw 0,713350 0,000149
reach 0,051293 0,000011
reached 0,127833 0,000027
reaching 0,083382 0,000017
read 0,020203 0,000004
readers 0,776529 0,000163
reading 0,061875 0,000013
reads 0,867501 0,000182
ready 0,030459 0,000006
real 0,040822 0,000009
realms 1,514128 0,000317
reason 0,010050 0,000002
reasonable 0,116534 0,000024
reasonableness 1,832581 0,000384
reasoning 0,733969 0,000154
reasons 0,223144 0,000047
receipt 0,314711 0,000066
reckon 0,693147 0,000145
reckoned 0,653926 0,000137
recollected 1,309333 0,000274
recollection 0,616186 0,000129
recollections 1,272966 0,000266
recommend 0,755023 0,000158
record 0,400478 0,000084
recovering 0,755023 0,000158
red 0,072571 0,000015
reddened 1,427116 0,000299
reddens 3,218876 0,000674
redder 1,966113 0,000412
reefs 2,207275 0,000462
referring 0,967584 0,000203
reform 1,203973 0,000252
reforming 1,897120 0,000397
regard 0,150823 0,000032
region 0,673345 0,000141
regular 0,287682 0,000060
regulations 1,237874 0,000259
rehearsing 2,995732 0,000627
reins 1,049822 0,000220
relations 0,287682 0,000060
relationship 0,967584 0,000203
reliable 1,609438 0,000337
relicts 3,912023 0,000819
religion 0,446287 0,000093
remainders 3,218876 0,000674
remember 0,083382 0,000017
remembered 0,162519 0,000034
remiss 2,040221 0,000427
renowned 1,171183 0,000245
report 0,301105 0,000063
represent 0,494296 0,000103
representatives 1,386294 0,000290
representing 0,891598 0,000187
reptile 1,771957 0,000371
request 0,127833 0,000027
require 0,127833 0,000027
res 2,995732 0,000627
resemblance 0,755023 0,000158
resigned 0,967584 0,000203
resolution 0,462035 0,000097
respect 0,094311 0,000020
respectable 0,430783 0,000090
respected 0,673345 0,000141
responsibility 0,776529 0,000163
rest 0,010050 0,000002
rested 0,314711 0,000066
resting 0,314711 0,000066
restless 0,478036 0,000100
rests 0,673345 0,000141
resurrection 1,347074 0,000282
reticule 2,813411 0,000589
returns 0,235722 0,000049
reveal 0,616186 0,000129
reverend 1,272966 0,000266
revival 1,771957 0,000371
reward 0,328504 0,000069
rhyme 1,609438 0,000337
rich 0,139262 0,000029
richard 1,021651 0,000214
richmond 2,120264 0,000444
rid 0,223144 0,000047
riddle 1,203973 0,000252
ride 0,462035 0,000097
ridge 0,994252 0,000208
ridgeway 3,912023 0,000819
ridiculous 0,478036 0,000100
riding 0,562119 0,000118
rigging 1,771957 0,000371
rightful 1,560648 0,000327
rightly 0,430783 0,000090
rightness 3,218876 0,000674
rip 1,609438 0,000337
ripe 0,820981 0,000172
ripped 1,386294 0,000290
ripper 3,218876 0,000674
ripping 2,302585 0,000482
ripply 3,912023 0,000819
rips 2,995732 0,000627
rise 0,040822 0,000009
risking 2,040221 0,000427
river 0,174353 0,000036
rivers 0,713350 0,000149
road 0,150823 0,000032
roads 0,597837 0,000125
roared 0,673345 0,000141
roast 0,994252 0,000208
rob 0,653926 0,000137
robbed 0,733969 0,000154
robber 0,891598 0,000187
robbers 1,078810 0,000226
robbery 1,078810 0,000226
robbing 1,309333 0,000274
robes 0,916291 0,000192
robinson 1,660731 0,000348
rock 0,385662 0,000081
rocked 1,714798 0,000359
rocks 0,446287 0,000093
rocky 1,049822 0,000220
rod 0,673345 0,000141
rode 0,616186 0,000129
rogers 2,659260 0,000557
roll 0,415515 0,000087
rolled 0,356675 0,000075
rolling 0,415515 0,000087
romantical 3,912023 0,000819
romeo 2,407946 0,000504
roof 0,223144 0,000047
roofed 1,560648 0,000327
rook 2,659260 0,000557
roosting 2,995732 0,000627
root 0,385662 0,000081
roots 0,634878 0,000133
rope 0,616186 0,000129
roped 2,813411 0,000589
ropes 1,021651 0,000214
rose 0,094311 0,000020
rot 1,203973 0,000252
rotted 1,832581 0,000384
rotten 0,941609 0,000197
rouge 1,966113 0,000412
rough 0,186330 0,000039
rougher 2,207275 0,000462
roughest 2,120264 0,000444
roun 2,995732 0,000627
roundabout 1,771957 0,000371
rouse 0,798508 0,000167
roused 0,653926 0,000137
rouses 2,302585 0,000482
rousing 1,514128 0,000317
roust 3,912023 0,000819
rousted 3,912023 0,000819
row 0,544727 0,000114
rowlocks 2,995732 0,000627
rows 0,733969 0,000154
royal 0,400478 0,000084
royalty 0,385662 0,000081
rub 1,108663 0,000232
rubbed 0,544727 0,000114
rubbing 0,713350 0,000149
rubbish 1,108663 0,000232
rubs 2,302585 0,000482
rucker 3,912023 0,000819
ruffled 1,272966 0,000266
ruffles 2,525729 0,000529
ruined 0,371064 0,000078
rule 0,198451 0,000042
rules 0,150823 0,000032
rumbling 1,609438 0,000337
rummaged 1,771957 0,000371
rummaging 2,120264 0,000444
rummies 3,912023 0,000819
runaway 1,609438 0,000337
rush 0,287682 0,000060
rushed 0,478036 0,000100
rushes 1,049822 0,000220
rushing 0,597837 0,000125
rust 1,272966 0,000266
rustle 1,139434 0,000239
rustled 1,832581 0,000384
rustling 1,203973 0,000252
rusty 1,078810 0,000226
ruther 3,912023 0,000819
sable 1,560648 0,000327
sack 0,891598 0,000187
sackful 3,912023 0,000819
sacred 0,415515 0,000087
sad 0,223144 0,000047
saddish 3,912023 0,000819
saddle 0,916291 0,000192
saddled 1,771957 0,000371
safe 0,116534 0,000024
safer 0,994252 0,000208
sah 3,506558 0,000734
sail 0,634878 0,000133
sailed 0,820981 0,000172
sailing 0,653926 0,000137
sailor 0,755023 0,000158
saint 0,673345 0,000141
sake 0,094311 0,000020
sakes 1,609438 0,000337
salable 3,218876 0,000674
salary 1,309333 0,000274
sale 0,798508 0,000167
sales 1,966113 0,000412
sally 1,309333 0,000274
salt 0,116534 0,000024
saltire 3,506558 0,000734
sanctified 1,560648 0,000327
sand 0,597837 0,000125
sandbar 3,506558 0,000734
sandy 1,049822 0,000220
saphead 3,912023 0,000819
sapheads 3,912023 0,000819
saplings 2,525729 0,000529
sarah 2,040221 0,000427
sarcastic 1,427116 0,000299
sass 3,218876 0,000674
sassed 3,912023 0,000819
sat 0,083382 0,000017
satisfaction 0,186330 0,000039
satisfactory 0,562119 0,000118
satisfied 0,105361 0,000022
satisfying 1,171183 0,000245
saturday 0,843970 0,000177
saul 1,966113 0,000412
sausage 1,966113 0,000412
save 0,030459 0,000006
saved 0,274437 0,000057
saving 0,478036 0,000100
sawdust 2,207275 0,000462
sawlogs 3,912023 0,000819
sawmill 3,506558 0,000734
sawyer 2,525729 0,000529
sawyers 3,506558 0,000734
saxon 1,660731 0,000348
scalped 3,218876 0,000674
scamp 2,120264 0,000444
scampered 2,302585 0,000482
scandalous 1,237874 0,000259
scar 1,560648 0,000327
scarcity 1,771957 0,000371
scare 1,427116 0,000299
scared 0,941609 0,000197
scary 3,506558 0,000734
scatter 1,049822 0,000220
scattered 0,139262 0,000029
scattering 1,139434 0,000239
scene 0,198451 0,000042
scenery 1,237874 0,000259
scenes 0,494296 0,000103
scent 0,733969 0,000154
scented 1,203973 0,000252
schemes 0,994252 0,000208
school 0,174353 0,000036
schoolhouse 2,659260 0,000557
science 0,446287 0,000093
scold 1,469676 0,000308
scolded 1,427116 0,000299
scoop 2,525729 0,000529
scooped 2,040221 0,000427
scooting 3,912023 0,000819
scorched 1,386294 0,000290
scornful 1,203973 0,000252
scorns 2,407946 0,000504
scott 1,560648 0,000327
scoundrel 1,203973 0,000252
scoundrels 1,560648 0,000327
scour 2,040221 0,000427
scoured 1,897120 0,000397
scow 3,218876 0,000674
scows 3,218876 0,000674
scrabble 3,218876 0,000674
scrabbled 3,218876 0,000674
scrabbling 3,218876 0,000674
scramble 1,832581 0,000384
scrambled 1,469676 0,000308
scrap 1,386294 0,000290
scrape 1,203973 0,000252
scraping 1,469676 0,000308
scratch 0,916291 0,000192
scratched 1,049822 0,000220
scratches 2,207275 0,000462
scratching 1,108663 0,000232
scrawled 1,832581 0,000384
screaking 3,912023 0,000819
scream 0,693147 0,000145
screamed 0,733969 0,000154
screaming 0,916291 0,000192
screeching 2,207275 0,000462
screechy 3,506558 0,000734
screw 1,427116 0,000299
screwed 1,386294 0,000290
scripture 1,386294 0,000290
scrouge 3,506558 0,000734
scrouging 3,912023 0,000819
scrubbing 2,040221 0,000427
scrunch 3,506558 0,000734
scutcheon 3,218876 0,000674
sea 0,116534 0,000024
sealing 2,040221 0,000427
search 0,051293 0,000011
searched 0,713350 0,000149
season 0,287682 0,000060
seat 0,105361 0,000022
seats 0,562119 0,000118
sech 2,995732 0,000627
secret 0,061875 0,000013
secrets 0,400478 0,000084
security 0,544727 0,000114
seed 0,597837 0,000125
seedy 2,813411 0,000589
seized 0,235722 0,000049
sell 0,430783 0,000090
selling 0,820981 0,000172
sence 2,995732 0,000627
send 0,030459 0,000006
sending 0,083382 0,000017
sends 0,544727 0,000114
sense 0,051293 0,000011
separate 0,248461 0,000052
separated 0,274437 0,000057
sermon 1,021651 0,000214
serpent 0,755023 0,000158
servant 0,186330 0,000039
servants 0,162519 0,000034
serve 0,174353 0,000036
served 0,186330 0,000039
set 0,010050 0,000002
sets 0,385662 0,000081
setting 0,186330 0,000039
settle 0,356675 0,000075
settled 0,127833 0,000027
settles 1,347074 0,000282
seventeen 0,693147 0,000145
severe 0,342490 0,000072
sewed 1,560648 0,000327
shabby 1,021651 0,000214
shackly 3,506558 0,000734
shade 0,274437 0,000057
shaded 0,891598 0,000187
shadings 2,995732 0,000627
shadows 0,494296 0,000103
shady 0,994252 0,000208
shake 0,287682 0,000060
shakes 1,272966 0,000266
shakespeare 1,171183 0,000245
shakespearian 3,218876 0,000674
shaking 0,371064 0,000078
shaksperean 3,912023 0,000819
shaky 2,207275 0,000462
shallow 0,776529 0,000163
shame 0,223144 0,000047
shaming 3,506558 0,000734
shanty 2,525729 0,000529
shape 0,186330 0,000039
share 0,040822 0,000009
shares 1,272966 0,000266
sharp 0,162519 0,000034
shave 1,171183 0,000245
shaved 1,427116 0,000299
sheep 0,371064 0,000078
sheepish 2,120264 0,000444
sheering 3,218876 0,000674
sheet 0,446287 0,000093
sheets 0,544727 0,000114
sheffield 2,995732 0,000627
shekel 3,218876 0,000674
shelf 0,891598 0,000187
sheltered 0,820981 0,000172
sheriff 2,120264 0,000444
shin 2,525729 0,000529
shine 0,616186 0,000129
shines 0,994252 0,000208
shingle 1,897120 0,000397
shiniest 3,912023 0,000819
shining 0,385662 0,000081
shinned 3,506558 0,000734
shinning 3,912023 0,000819
shins 2,407946 0,000504
shiny 1,714798 0,000359
ship 0,314711 0,000066
shipping 1,309333 0,000274
ships 0,653926 0,000137
shipshape 3,506558 0,000734
shirk 2,407946 0,000504
shirt 0,653926 0,000137
shirts 1,272966 0,000266
shiver 0,994252 0,000208
shivering 0,755023 0,000158
shivers 1,832581 0,000384
sho 2,995732 0,000627
shoal 1,832581 0,000384
shocked 0,776529 0,000163
shoes 0,430783 0,000090
shook 0,235722 0,000049
shoot 0,494296 0,000103
shooting 0,634878 0,000133
shop 0,494296 0,000103
shore 0,342490 0,000072
shores 0,820981 0,000172
short 0,020203 0,000004
shortened 1,427116 0,000299
shot 0,223144 0,000047
shotgun 3,912023 0,000819
shots 1,469676 0,000308
shoulder 0,210721 0,000044
shouldered 1,309333 0,000274
shouldering 2,040221 0,000427
shoulders 0,174353 0,000036
shout 0,634878 0,000133
shouted 0,478036 0,000100
shouting 0,446287 0,000093
shouts 0,843970 0,000177
shove 1,714798 0,000359
shoved 1,309333 0,000274
shovel 1,514128 0,000317
shoveled 3,218876 0,000674
shovelfuls 3,912023 0,000819
shovels 2,302585 0,000482
shoves 2,995732 0,000627
shoving 1,966113 0,000412
shrivel 3,218876 0,000674
shriveled 2,813411 0,000589
shroud 1,469676 0,000308
shuck 3,506558 0,000734
shucks 3,506558 0,000734
shut 0,072571 0,000015
shutter 1,660731 0,000348
shutters 1,108663 0,000232
shutting 0,941609 0,000197
sich 2,120264 0,000444
sick 0,150823 0,000032
sicken 2,407946 0,000504
sickening 1,309333 0,000274
sickest 3,912023 0,000819
sicklied 3,506558 0,000734
sickly 0,891598 0,000187
sickness 0,478036 0,000100
sid 3,506558 0,000734
sideboard 1,660731 0,000348
sifted 2,659260 0,000557
sigh 0,342490 0,000072
sighed 0,673345 0,000141
sighs 1,108663 0,000232
sight 0,051293 0,000011
sighted 0,733969 0,000154
sign 0,139262 0,000029
signal 0,544727 0,000114
signed 0,843970 0,000177
signing 1,660731 0,000348
signs 0,186330 0,000039
silas 2,659260 0,000557
silent 0,051293 0,000011
silky 2,040221 0,000427
silly 0,400478 0,000084
silver 0,210721 0,000044
simple 0,094311 0,000020
simply 0,150823 0,000032
sin 0,430783 0,000090
sing 0,415515 0,000087
singing 0,371064 0,000078
single 0,083382 0,000017
sings 1,139434 0,000239
singular 0,430783 0,000090
sinister 1,108663 0,000232
sink 0,462035 0,000097
sinking 0,494296 0,000103
sir 0,150823 0,000032
sirree 3,912023 0,000819
sis 3,218876 0,000674
sister 0,356675 0,000075
sisters 0,527633 0,000110
sitting 0,105361 0,000022
situation 0,198451 0,000042
sixteen 0,653926 0,000137
sixteenth 1,203973 0,000252
size 0,248461 0,000052
sized 1,237874 0,000259
sizes 1,309333 0,000274
skaddle 3,912023 0,000819
skasely 3,912023 0,000819
skiff 1,832581 0,000384
skiffs 2,813411 0,000589
skift 3,506558 0,000734
skilled 1,272966 0,000266
skillet 2,659260 0,000557
skimmed 2,040221 0,000427
skimming 2,120264 0,000444
skin 0,210721 0,000044
skinned 1,609438 0,000337
skinning 3,218876 0,000674
skip 2,040221 0,000427
skipped 1,660731 0,000348
skipping 1,832581 0,000384
skips 2,659260 0,000557
skull 0,891598 0,000187
skunk 3,218876 0,000674
sky 0,210721 0,000044
skylight 1,966113 0,000412
slab 1,771957 0,000371
slabs 2,120264 0,000444
slam 1,966113 0,000412
slammed 1,427116 0,000299
slant 2,207275 0,000462
slanted 2,813411 0,000589
slanting 1,427116 0,000299
slap 1,660731 0,000348
slapping 1,560648 0,000327
slaps 2,207275 0,000462
slave 0,494296 0,000103
slavery 0,798508 0,000167
sleep 0,072571 0,000015
sleepiness 2,525729 0,000529
sleeping 0,235722 0,000049
sleepy 0,713350 0,000149
sleeve 0,891598 0,000187
sleeves 0,843970 0,000177
slept 0,223144 0,000047
slick 3,218876 0,000674
slid 1,386294 0,000290
slide 1,309333 0,000274
slides 2,207275 0,000462
sliding 1,347074 0,000282
slim 1,139434 0,000239
sling 1,560648 0,000327
slink 2,659260 0,000557
slip 0,462035 0,000097
slipped 0,494296 0,000103
slippers 1,021651 0,000214
slipping 0,967584 0,000203
slips 1,272966 0,000266
slobbers 3,912023 0,000819
slogan 3,218876 0,000674
slope 0,867501 0,000182
slopped 3,506558 0,000734
sloppy 2,813411 0,000589
slouch 2,525729 0,000529
slough 1,560648 0,000327
slow 0,139262 0,000029
sluice 2,659260 0,000557
sluicing 3,506558 0,000734
slumped 3,506558 0,000734
slung 1,386294 0,000290
slunk 2,040221 0,000427
slush 2,407946 0,000504
sly 0,713350 0,000149
smack 1,771957 0,000371
smart 0,634878 0,000133
smarter 2,813411 0,000589
smarty 3,506558 0,000734
smash 1,609438 0,000337
smashed 1,309333 0,000274
smashing 2,120264 0,000444
smell 0,371064 0,000078
smells 1,309333 0,000274
smelt 1,139434 0,000239
smile 0,274437 0,000057
smiled 0,356675 0,000075
smiling 0,301105 0,000063
smoke 0,314711 0,000066
smoked 0,867501 0,000182
smoking 0,462035 0,000097
smoky 1,560648 0,000327
smooth 0,274437 0,000057
smoothed 1,021651 0,000214
smoothness 1,897120 0,000397
smooths 3,218876 0,000674
smothery 3,506558 0,000734
smouch 3,912023 0,000819
smuggle 2,995732 0,000627
snack 2,813411 0,000589
snag 3,218876 0,000674
snags 3,218876 0,000674
snake 0,891598 0,000187
snaked 3,218876 0,000674
snakes 1,347074 0,000282
snap 1,078810 0,000226
snapped 0,891598 0,000187
snarls 2,525729 0,000529
snatch 1,049822 0,000220
snatched 0,733969 0,000154
snatches 1,514128 0,000317
snatching 1,469676 0,000308
sneak 1,897120 0,000397
sneaked 2,525729 0,000529
sneaking 1,609438 0,000337
sneaky 3,912023 0,000819
snore 2,302585 0,000482
snored 2,407946 0,000504
snoring 1,609438 0,000337
snow 0,527633 0,000110
snuff 1,427116 0,000299
snuffbox 2,659260 0,000557
snug 1,171183 0,000245
snuggled 2,995732 0,000627
soaked 1,272966 0,000266
soap 1,347074 0,000282
sobbing 0,967584 0,000203
sober 0,597837 0,000125
soberer 2,995732 0,000627
sociable 1,309333 0,000274
sockdolager 3,912023 0,000819
socks 1,714798 0,000359
soft 0,210721 0,000044
soften 0,941609 0,000197
softened 0,653926 0,000137
softest 1,771957 0,000371
softy 3,218876 0,000674
soiled 1,609438 0,000337
sold 0,385662 0,000081
solder 2,813411 0,000589
soldier 0,562119 0,000118
soldiers 0,653926 0,000137
sole 0,342490 0,000072
solemn 0,301105 0,000063
solid 0,274437 0,000057
soliloquy 2,659260 0,000557
solitary 0,462035 0,000097
solomon 1,203973 0,000252
solution 0,820981 0,000172
son 0,105361 0,000022
song 0,371064 0,000078
sons 0,356675 0,000075
sophia 2,407946 0,000504
sore 0,616186 0,000129
sores 1,966113 0,000412
sorrowful 1,021651 0,000214
sorrows 0,798508 0,000167
sort 0,105361 0,000022
sorted 2,302585 0,000482
sorter 2,813411 0,000589
sorts 0,356675 0,000075
sot 2,302585 0,000482
soul 0,105361 0,000022
souls 0,342490 0,000072
sound 0,020203 0,000004
sounded 0,371064 0,000078
soundings 2,207275 0,000462
sounds 0,223144 0,000047
soup 1,078810 0,000226
sour 1,049822 0,000220
soured 2,302585 0,000482
south 0,235722 0,000049
southern 0,579818 0,000121
southwestern 2,813411 0,000589
sow 1,078810 0,000226
sp 3,912023 0,000819
spades 2,040221 0,000427
spaniards 1,514128 0,000317
spanish 0,733969 0,000154
spare 0,210721 0,000044
spark 0,776529 0,000163
sparkling 0,776529 0,000163
sparks 1,139434 0,000239
speak 0,051293 0,000011
speaking 0,072571 0,000015
speaks 0,371064 0,000078
spec 2,995732 0,000627
special 0,083382 0,000017
specially 0,820981 0,000172
specimen 0,891598 0,000187
speck 1,108663 0,000232
speckled 1,560648 0,000327
spectacle 0,544727 0,000114
spectacles 0,843970 0,000177
speculate 2,120264 0,000444
speculation 0,843970 0,000177
speech 0,198451 0,000042
speeches 0,867501 0,000182
speed 0,328504 0,000069
spell 0,820981 0,000172
spelling 1,237874 0,000259
spells 1,427116 0,000299
spend 0,328504 0,000069
spending 0,597837 0,000125
spent 0,105361 0,000022
spider 1,237874 0,000259
spiders 1,771957 0,000371
spidery 3,506558 0,000734
spies 1,347074 0,000282
spiling 3,912023 0,000819
spilt 1,386294 0,000290
spin 1,203973 0,000252
spinning 1,021651 0,000214
spirit 0,051293 0,000011
spirited 0,713350 0,000149
spirits 0,198451 0,000042
spiritual 0,653926 0,000137
spite 0,139262 0,000029
spitting 1,609438 0,000337
splendid 0,400478 0,000084
splendidest 3,912023 0,000819
splinter 2,040221 0,000427
split 0,798508 0,000167
splitting 1,514128 0,000317
spoiled 0,916291 0,000192
spoke 0,116534 0,000024
spokes 2,040221 0,000427
sponge 1,309333 0,000274
spool 2,995732 0,000627
spoon 1,171183 0,000245
spoonful 1,897120 0,000397
spoons 1,714798 0,000359
sport 0,597837 0,000125
spot 0,162519 0,000034
spots 0,562119 0,000118
spotted 0,994252 0,000208
sprawled 2,120264 0,000444
spread 0,061875 0,000013
spreading 0,446287 0,000093
spring 0,083382 0,000017
springs 0,634878 0,000133
sprinkling 1,660731 0,000348
sprung 0,544727 0,000114
spry 3,506558 0,000734
spun 0,941609 0,000197
spunk 2,995732 0,000627
spute 3,912023 0,000819
spy 0,916291 0,000192
spyglass 2,995732 0,000627
spying 1,714798 0,000359
square 0,235722 0,000049
squared 2,040221 0,000427
squatting 2,207275 0,000462
squeaked 2,813411 0,000589
squealing 2,407946 0,000504
squeeze 1,171183 0,000245
squeezed 1,171183 0,000245
squirm 2,995732 0,000627
squirming 2,995732 0,000627
squirrels 2,207275 0,000462
squirt 3,912023 0,000819
squirting 3,218876 0,000674
stack 1,714798 0,000359
stacked 2,207275 0,000462
stage 0,223144 0,000047
stages 1,021651 0,000214
stagger 1,469676 0,000308
staggered 0,733969 0,000154
staggers 3,218876 0,000674
staid 1,237874 0,000259
stairs 0,430783 0,000090
stalks 1,609438 0,000337
stan 3,506558 0,000734
stanchion 3,912023 0,000819
stand 0,000000 0,000000
standing 0,030459 0,000006
stands 0,261365 0,000055
standstill 1,714798 0,000359
staple 2,040221 0,000427
staples 2,525729 0,000529
starchy 3,506558 0,000734
stared 0,597837 0,000125
stars 0,342490 0,000072
start -0,009950 -0,000002
started 0,150823 0,000032
starter 2,995732 0,000627
starting 0,371064 0,000078
startlish 3,912023 0,000819
starts 0,941609 0,000197
starved 1,049822 0,000220
statements 0,430783 0,000090
stateroom 2,995732 0,000627
staterooms 3,912023 0,000819
staving 3,218876 0,000674
stay 0,083382 0,000017
stayed 0,415515 0,000087
staying 0,653926 0,000137
stays 1,078810 0,000226
stead 1,139434 0,000239
steady 0,356675 0,000075
steal 0,510826 0,000107
stealer 3,506558 0,000734
stealing 0,653926 0,000137
stealthiest 3,912023 0,000819
stealthy 1,514128 0,000317
steam 0,820981 0,000172
steamboat 2,040221 0,000427
steamboats 2,525729 0,000529
steep 0,579818 0,000121
steering 1,386294 0,000290
step 0,083382 0,000017
stephen 1,966113 0,000412
stepped 0,510826 0,000107
stepping 0,755023 0,000158
steps 0,094311 0,000020
stern 0,478036 0,000100
stick 0,342490 0,000072
sticking 0,867501 0,000182
sticks 0,733969 0,000154
stiff 0,430783 0,000090
stile 1,897120 0,000397
stillness 0,891598 0,000187
stilts 2,659260 0,000557
sting 1,203973 0,000252
stir 0,400478 0,000084
stirred 0,446287 0,000093
stirring 0,510826 0,000107
stirrups 2,120264 0,000444
stirs 1,560648 0,000327
stock 0,328504 0,000069
stockings 0,891598 0,000187
stole 0,494296 0,000103
stomach 0,693147 0,000145
stomped 3,912023 0,000819
stomping 3,912023 0,000819
stood 0,030459 0,000006
stool 0,733969 0,000154
stoop 1,049822 0,000220
stooped 0,776529 0,000163
stooping 0,867501 0,000182
stopper 2,813411 0,000589
store 0,385662 0,000081
stores 0,820981 0,000172
storm 0,342490 0,000072
stormed 1,771957 0,000371
storms 0,798508 0,000167
stormy 0,776529 0,000163
story 0,051293 0,000011
stout 0,579818 0,000121
stove 1,203973 0,000252
stovepipe 3,506558 0,000734
stow 2,207275 0,000462
stragglers 1,714798 0,000359
straight 0,105361 0,000022
straightened 1,347074 0,000282
strain 0,385662 0,000081
strange 0,061875 0,000013
stranger 0,139262 0,000029
strangers 0,356675 0,000075
straps 1,771957 0,000371
straw 0,356675 0,000075
strawberries 2,120264 0,000444
stray 0,891598 0,000187
streak 1,203973 0,000252
streaked 1,832581 0,000384
streaks 1,609438 0,000337
stream 0,210721 0,000044
street 0,198451 0,000042
streets 0,274437 0,000057
strength 0,030459 0,000006
stretch 0,446287 0,000093
stretched 0,274437 0,000057
stretchers 2,995732 0,000627
stretching 0,733969 0,000154
strike 0,210721 0,000044
strikes 0,544727 0,000114
striking 0,274437 0,000057
string 0,634878 0,000133
strings 0,843970 0,000177
strip 0,597837 0,000125
striped 1,560648 0,000327
stripes 1,309333 0,000274
stroke 0,356675 0,000075
strong 0,030459 0,000006
stronger 0,287682 0,000060
struck 0,083382 0,000017
struggled 0,415515 0,000087
strung 1,386294 0,000290
stuck 0,462035 0,000097
studied 0,446287 0,000093
study 0,162519 0,000034
studying 0,653926 0,000137
stuff 0,385662 0,000081
stuffed 1,171183 0,000245
stump 1,309333 0,000274
stumped 2,995732 0,000627
stunned 1,078810 0,000226
stupid 0,478036 0,000100
stupidest 2,407946 0,000504
stupidness 3,912023 0,000819
style 0,274437 0,000057
subject 0,072571 0,000015
sublime 0,994252 0,000208
submit 0,579818 0,000121
subscriptions 2,302585 0,000482
succeeded 0,186330 0,000039
succeeding 0,755023 0,000158
suck 1,139434 0,000239
sucked 1,171183 0,000245
sucking 1,203973 0,000252
sudden 0,072571 0,000015
sued 2,040221 0,000427
suffer 0,127833 0,000027
suffering 0,248461 0,000052
sugar 0,776529 0,000163
suit 0,261365 0,000055
suitable 0,462035 0,000097
suited 0,597837 0,000125
suits 0,776529 0,000163
sultry 1,897120 0,000397
summer 0,186330 0,000039
sun 0,072571 0,000015
sunday 0,494296 0,000103
sundays 1,309333 0,000274
sundown 1,897120 0,000397
sunflowers 2,995732 0,000627
sung 0,994252 0,000208
sunk 0,371064 0,000078
sunning 2,995732 0,000627
sunset 0,843970 0,000177
sunshine 0,616186 0,000129
sunshiny 2,813411 0,000589
superintend 1,714798 0,000359
superintended 2,207275 0,000462
superintendent 1,771957 0,000371
superstition 0,941609 0,000197
supper 0,446287 0,000093
support 0,127833 0,000027
supporters 1,771957 0,000371
suppose 0,072571 0,000015
surge 1,832581 0,000384
surprise 0,174353 0,000036
surprised 0,210721 0,000044
surprising 0,544727 0,000114
susan 2,302585 0,000482
suspicion 0,287682 0,000060
suspicioned 3,912023 0,000819
suspicions 0,616186 0,000129
suspicious 0,579818 0,000121
swabbing 3,912023 0,000819
swallow 0,616186 0,000129
swallowed 0,462035 0,000097
swamp 0,342490 0,000072
swap 3,506558 0,000734
swapped 3,912023 0,000819
swaps 3,912023 0,000819
swarm 1,237874 0,000259
swarmed 1,514128 0,000317
swashing 3,506558 0,000734
swear 0,494296 0,000103
swearing 0,994252 0,000208
sweat 0,634878 0,000133
sweated 1,966113 0,000412
sweaty 2,995732 0,000627
sweep 0,673345 0,000141
sweeps 1,514128 0,000317
sweet 0,174353 0,000036
sweetened 2,407946 0,000504
sweetest 0,941609 0,000197
swell 0,653926 0,000137
swelled 0,776529 0,000163
swelling 0,693147 0,000145
swift 0,415515 0,000087
swig 3,218876 0,000674
swim 0,755023 0,000158
swimming 0,820981 0,000172
swindled 3,218876 0,000674
swinging 0,798508 0,000167
swished 3,506558 0,000734
sword 0,462035 0,000097
swords 0,994252 0,000208
swore 0,634878 0,000133
swum 2,525729 0,000529
swung 0,733969 0,000154
sympathized 2,302585 0,000482
sympathy 0,328504 0,000069
symptoms 0,776529 0,000163
table 0,094311 0,000020
tackle 1,469676 0,000308
tackled 2,040221 0,000427
tag 2,813411 0,000589
tagging 3,506558 0,000734
tail 0,462035 0,000097
tailed 1,897120 0,000397
tails 0,713350 0,000149
takin 2,407946 0,000504
tale 0,287682 0,000060
talent 0,544727 0,000114
tales 0,579818 0,000121
talk 0,083382 0,000017
talked 0,261365 0,000055
talking 0,150823 0,000032
talks 0,733969 0,000154
talky 3,506558 0,000734
tall 0,223144 0,000047
taller 0,941609 0,000197
tallest 1,714798 0,000359
tallow 1,514128 0,000317
tame 1,139434 0,000239
tan 1,609438 0,000337
tangle 1,514128 0,000317
tangled 1,108663 0,000232
tanned 1,897120 0,000397
tanner 2,407946 0,000504
tanyard 3,912023 0,000819
tape 1,832581 0,000384
tapering 2,525729 0,000529
tar 1,609438 0,000337
tarred 2,995732 0,000627
tartar 1,897120 0,000397
tastes 0,634878 0,000133
tat 2,302585 0,000482
tattoo 2,407946 0,000504
tattooed 2,525729 0,000529
tavern 1,171183 0,000245
tea 0,579818 0,000121
teach 0,248461 0,000052
teacher 0,527633 0,000110
team 1,139434 0,000239
teams 1,832581 0,000384
tear 0,371064 0,000078
tearful 1,514128 0,000317
tearing 0,673345 0,000141
tears 0,150823 0,000032
tedious 0,755023 0,000158
teeth 0,198451 0,000042
tellin 2,659260 0,000557
telling 1,560648 0,000327
temperance 1,560648 0,000327
tend 0,733969 0,000154
tending 0,994252 0,000208
tent 0,994252 0,000208
term 0,371064 0,000078
terms 0,061875 0,000013
terrible 0,186330 0,000039
territory 1,272966 0,000266
testament 1,108663 0,000232
thankful 0,843970 0,000177
thar 2,995732 0,000627
thatcher 3,506558 0,000734
theater 2,207275 0,000462
theatre 0,820981 0,000172
theatres 2,207275 0,000462
thee 0,597837 0,000125
theory 0,478036 0,000100
thicken 2,302585 0,000482
thickened 1,897120 0,000397
thicket 1,203973 0,000252
thieves 0,994252 0,000208
thieving 2,207275 0,000462
thighs 1,514128 0,000317
thimble 2,040221 0,000427
thinking 0,274437 0,000057
thirsty 0,843970 0,000177
thirteen 0,579818 0,000121
thomas 0,891598 0,000187
thompson 2,659260 0,000557
thoo 3,912023 0,000819
thrash 2,040221 0,000427
thrashed 1,714798 0,000359
thrashing 1,609438 0,000337
thread 0,430783 0,000090
threading 2,120264 0,000444
threaten 0,916291 0,000192
thrilling 1,139434 0,000239
throat 0,261365 0,000055
throw 0,083382 0,000017
throws 0,916291 0,000192
thump 1,832581 0,000384
thumped 2,040221 0,000427
thunder 0,462035 0,000097
thundering 1,237874 0,000259
thy 0,634878 0,000133
tick 2,120264 0,000444
ticket 1,347074 0,000282
tickled 1,469676 0,000308
tie 0,510826 0,000107
tied 0,261365 0,000055
tige 3,912023 0,000819
tight 0,616186 0,000129
tighter 1,560648 0,000327
tilt 2,040221 0,000427
tilted 1,609438 0,000337
tim 2,407946 0,000504
timber 0,867501 0,000182
timbered 2,525729 0,000529
time -0,009950 -0,000002
timed 1,560648 0,000327
times 0,010050 0,000002
timid 0,544727 0,000114
tin 0,798508 0,000167
tiptoe 1,049822 0,000220
tiptoed 2,813411 0,000589
tiptoeing 3,506558 0,000734
tiptoes 2,813411 0,000589
tiptop 3,506558 0,000734
tire 0,994252 0,000208
tired 0,198451 0,000042
tiresome 1,078810 0,000226
tiresomeness 3,912023 0,000819
tit 1,966113 0,000412
title 0,116534 0,000024
titles 1,021651 0,000214
toad 1,714798 0,000359
tobacco 0,713350 0,000149
tods 3,912023 0,000819
toe 1,049822 0,000220
toed 2,659260 0,000557
toes 0,755023 0,000158
togs 2,659260 0,000557
tole 3,506558 0,000734
tolerable 0,994252 0,000208
tom 1,049822 0,000220
tomb 0,916291 0,000192
tombstone 2,302585 0,000482
tommy 2,813411 0,000589
tomorrow 0,755023 0,000158
ton 1,560648 0,000327
toned 1,771957 0,000371
tongs 1,386294 0,000290
tongue 0,162519 0,000034
tonight 1,272966 0,000266
tools 0,820981 0,000172
tooth 1,049822 0,000220
toothpicks 3,506558 0,000734
torches 1,171183 0,000245
torchlight 2,659260 0,000557
tore 0,527633 0,000110
torn 0,248461 0,000052
tossed 0,673345 0,000141
tossing 0,916291 0,000192
tote 2,813411 0,000589
toted 3,912023 0,000819
toting 3,912023 0,000819
touch 0,083382 0,000017
touched 0,139262 0,000029
touches 0,798508 0,000167
touching 0,301105 0,000063
tough 0,994252 0,000208
toughest 2,525729 0,000529
tow 1,832581 0,000384
towed 2,120264 0,000444
tower 0,527633 0,000110
towing 2,207275 0,000462
town 0,105361 0,000022
towns 0,527633 0,000110
track 0,510826 0,000107
tracks 1,139434 0,000239
tract 1,386294 0,000290
trade 0,328504 0,000069
traded 1,714798 0,000359
trader 1,609438 0,000337
traders 1,660731 0,000348
trading 1,237874 0,000259
tragedian 2,659260 0,000557
tragedians 2,813411 0,000589
tragedy 0,798508 0,000167
trail 1,021651 0,000214
train 0,274437 0,000057
tramp 1,171183 0,000245
tramped 1,771957 0,000371
tramping 1,514128 0,000317
trampled 0,843970 0,000177
trance 1,469676 0,000308
trap 0,653926 0,000137
traps 1,386294 0,000290
trash 2,120264 0,000444
travel 0,356675 0,000075
traveled 1,714798 0,000359
traveler 2,120264 0,000444
traveling 1,560648 0,000327
treading 1,203973 0,000252
treasure 0,385662 0,000081
treat 0,287682 0,000060
treated 0,261365 0,000055
treatment 0,127833 0,000027
treats 1,108663 0,000232
tree 0,235722 0,000049
treed 3,218876 0,000674
trees 0,127833 0,000027
treetops 2,525729 0,000529
tremble 0,713350 0,000149
trembled 0,462035 0,000097
trembling 0,287682 0,000060
trembly 3,912023 0,000819
trial 0,314711 0,000066
tribe 0,941609 0,000197
tribute 1,021651 0,000214
tributes 2,813411 0,000589
trick 0,510826 0,000107
tricks 0,579818 0,000121
trifling 0,653926 0,000137
trim 1,237874 0,000259
trimmed 1,237874 0,000259
trip 0,713350 0,000149
tripped 1,469676 0,000308
triumphant 0,798508 0,000167
trod 0,733969 0,000154
tromped 3,912023 0,000819
trot 1,139434 0,000239
trotting 1,514128 0,000317
trouble 0,051293 0,000011
troubled 0,287682 0,000060
troubles 0,478036 0,000100
troublesome 0,843970 0,000177
troubling 1,171183 0,000245
troughs 2,525729 0,000529
trouser 2,040221 0,000427
truck 1,609438 0,000337
true 0,020203 0,000004
truer 1,469676 0,000308
truest 1,203973 0,000252
trunk 0,755023 0,000158
trust 0,116534 0,000024
trusting 0,867501 0,000182
trusts 1,469676 0,000308
trustworthy 1,514128 0,000317
trusty 1,514128 0,000317
truth 0,030459 0,000006
tub 1,386294 0,000290
tuck 1,966113 0,000412
tucked 1,237874 0,000259
tuckered 3,218876 0,000674
tuesday 1,139434 0,000239
tug 1,347074 0,000282
tugged 1,771957 0,000371
tugging 1,514128 0,000317
tumble 1,237874 0,000259
tumbled 0,867501 0,000182
tumblers 2,207275 0,000462
tumbles 2,407946 0,000504
tumbling 0,967584 0,000203
tune 0,755023 0,000158
tunnel 1,560648 0,000327
turkey 1,078810 0,000226
turner 2,120264 0,000444
turnip 3,218876 0,000674
turnips 2,207275 0,000462
turpentine 2,995732 0,000627
turtles 2,040221 0,000427
twain 1,660731 0,000348
twig 1,660731 0,000348
twinkling 1,021651 0,000214
twisted 0,562119 0,000118
tying 1,560648 0,000327
ud 2,207275 0,000462
ugly 0,415515 0,000087
umble 3,912023 0,000819
umbrella 1,347074 0,000282
unbarring 3,506558 0,000734
unbolting 3,506558 0,000734
uncertain 0,301105 0,000063
uncle 0,579818 0,000121
uncles 2,040221 0,000427
uncocked 3,912023 0,000819
uncomfortable 0,798508 0,000167
uncomfortableness 3,506558 0,000734
uncommon 0,798508 0,000167
underclothes 2,659260 0,000557
undershirts 3,912023 0,000819
underside 2,659260 0,000557
understand 0,030459 0,000006
understood 0,061875 0,000013
undertaker 2,040221 0,000427
undertook 1,203973 0,000252
undigestible 3,912023 0,000819
undiscovered 1,714798 0,000359
undisposed 3,912023 0,000819
uneasier 3,912023 0,000819
uneasy 0,544727 0,000114
unexpected 0,430783 0,000090
unfavorable 1,966113 0,000412
unfriendliness 3,912023 0,000819
unfurled 2,813411 0,000589
ungrateful 0,798508 0,000167
ungratefulness 3,912023 0,000819
unhitch 3,912023 0,000819
unhitched 2,813411 0,000589
unities 3,218876 0,000674
unknown 0,105361 0,000022
unloads 3,218876 0,000674
unlocked 1,108663 0,000232
unlocking 1,771957 0,000371
unnatural 0,713350 0,000149
unpleasant 0,562119 0,000118
unregular 3,912023 0,000819
unscrew 2,659260 0,000557
unselfish 1,609438 0,000337
unstopped 3,506558 0,000734
untie 2,040221 0,000427
untied 1,609438 0,000337
unum 2,813411 0,000589
upper 0,314711 0,000066
uppish 3,912023 0,000819
upstairs 0,891598 0,000187
uptown 3,218876 0,000674
usual 0,139262 0,000029
vale 1,347074 0,000282
valid 1,966113 0,000412
valley 0,616186 0,000129
valuable 0,371064 0,000078
varieties 1,171183 0,000245
varmint 3,218876 0,000674
vaults 1,560648 0,000327
veil 0,544727 0,000114
venture 0,342490 0,000072
verse 0,653926 0,000137
verses 0,941609 0,000197
vert 2,813411 0,000589
vials 2,659260 0,000557
victuals 2,120264 0,000444
vigilance 1,309333 0,000274
vii 0,430783 0,000090
viii 0,446287 0,000093
village 0,356675 0,000075
villages 0,820981 0,000172
vines 1,237874 0,000259
visited 0,328504 0,000069
vittles 3,218876 0,000674
voice 0,020203 0,000004
voices 0,287682 0,000060
volume 0,494296 0,000103
vote 1,078810 0,000226
voyage 0,653926 0,000137
wadding 3,218876 0,000674
wade 1,966113 0,000412
waded 1,897120 0,000397
wages 0,916291 0,000192
wagged 2,040221 0,000427
wagging 2,120264 0,000444
wagon 1,171183 0,000245
wagons 1,469676 0,000308
wail 1,309333 0,000274
wailing 1,203973 0,000252
waistcoats 1,832581 0,000384
wait 0,094311 0,000020
waited 0,198451 0,000042
waiting 0,083382 0,000017
waits 1,139434 0,000239
wake 0,462035 0,000097
waked 1,714798 0,000359
waking 0,562119 0,000118
walk 0,105361 0,000022
walked 0,210721 0,000044
walking 0,083382 0,000017
walks 0,162519 0,000034
wall 0,198451 0,000042
walled 1,347074 0,000282
wallowed 2,207275 0,000462
walls 0,139262 0,000029
walter 1,966113 0,000412
waltz 2,207275 0,000462
waltzed 3,218876 0,000674
war 0,162519 0,000034
warbling 2,407946 0,000504
wardrobe 1,139434 0,000239
ware 1,660731 0,000348
warm 0,139262 0,000029
warmed 0,867501 0,000182
warming 1,469676 0,000308
warn 0,579818 0,000121
warning 0,248461 0,000052
warnings 1,514128 0,000317
warranted 1,609438 0,000337
wars 0,820981 0,000172
wash 0,478036 0,000100
washed 0,494296 0,000103
washes 1,714798 0,000359
washington 1,609438 0,000337
waste 0,186330 0,000039
wasted 0,400478 0,000084
wasting 0,673345 0,000141
watch 0,094311 0,000020
watched 0,210721 0,000044
watchers 2,302585 0,000482
watches 0,798508 0,000167
watching 0,210721 0,000044
watchman 1,427116 0,000299
water 0,051293 0,000011
watermelon 3,218876 0,000674
watermelons 3,912023 0,000819
waters 0,356675 0,000075
watson 2,407946 0,000504
wave 0,527633 0,000110
waves 0,478036 0,000100
wavy 2,120264 0,000444
waw 3,912023 0,000819
wax 0,597837 0,000125
waylay 2,813411 0,000589
weak 0,116534 0,000024
weaken 1,309333 0,000274
weakening 1,469676 0,000308
wealthiest 1,832581 0,000384
weapon 0,634878 0,000133
wear 0,274437 0,000057
weary 0,198451 0,000042
weather 0,248461 0,000052
weaves 2,995732 0,000627
weaving 1,469676 0,000308
webby 3,912023 0,000819
wednesday 1,139434 0,000239
wee 2,040221 0,000427
weeds 1,021651 0,000214
week 0,235722 0,000049
weeks 0,248461 0,000052
weeping 0,544727 0,000114
weigh 0,579818 0,000121
weighed 0,430783 0,000090
weight 0,116534 0,000024
wellington 2,120264 0,000444
welts 3,912023 0,000819
wench 1,966113 0,000412
wenches 2,407946 0,000504
west 0,083382 0,000017
wet 0,287682 0,000060
wh 2,813411 0,000589
whack 2,659260 0,000557
whacks 3,218876 0,000674
whale 1,897120 0,000397
whar 3,218876 0,000674
wharf 1,469676 0,000308
wheel 0,446287 0,000093
whelps 2,302585 0,000482
whereabouts 1,714798 0,000359
whetstone 3,218876 0,000674
whimpering 1,966113 0,000412
whip 0,597837 0,000125
whippowill 3,912023 0,000819
whips 1,714798 0,000359
whirl 1,078810 0,000226
whirled 1,078810 0,000226
whirls 2,040221 0,000427
whiskers 1,171183 0,000245
whisky 2,302585 0,000482
whisper 0,446287 0,000093
whispered 0,400478 0,000084
whispering 0,820981 0,000172
whispers 1,049822 0,000220
whistler 2,813411 0,000589
whistling 0,916291 0,000192
white 0,051293 0,000011
whitechapel 2,995732 0,000627
whitened 1,771957 0,000371
whitest 2,040221 0,000427
whitewashed 1,660731 0,000348
whittling 3,218876 0,000674
whizzed 2,525729 0,000529
whoop 1,966113 0,000412
whooped 2,813411 0,000589
whooping 2,407946 0,000504
whoops 3,506558 0,000734
wicked 0,356675 0,000075
wickedness 0,916291 0,000192
wid 2,659260 0,000557
widder 3,506558 0,000734
wide 0,061875 0,000013
widow 0,579818 0,000121
widows 1,660731 0,000348
wife 0,094311 0,000020
wig 1,309333 0,000274
wigwam 2,813411 0,000589
wigwams 2,813411 0,000589
wild 0,051293 0,000011
wildcats 3,912023 0,000819
wilderness 0,693147 0,000145
william 0,798508 0,000167
williams 1,966113 0,000412
willow 1,469676 0,000308
willows 1,609438 0,000337
wilt 2,040221 0,000427
wilted 3,218876 0,000674
win 0,462035 0,000097
wince 2,120264 0,000444
wind 0,105361 0,000022
winded 1,832581 0,000384
winding 0,634878 0,000133
window 0,274437 0,000057
windows 0,261365 0,000055
winds 0,494296 0,000103
wing 0,562119 0,000118
wink 1,078810 0,000226
winking 1,309333 0,000274
winner 1,771957 0,000371
winter 0,198451 0,000042
wipe 0,776529 0,000163
wiped 0,733969 0,000154
wire 1,049822 0,000220
wise 0,105361 0,000022
wises 3,912023 0,000819
wisest 0,733969 0,000154
wisht 2,659260 0,000557
wit 0,328504 0,000069
witch 1,514128 0,000317
witchcraft 1,714798 0,000359
witched 3,218876 0,000674
witches 1,771957 0,000371
witnesses 0,579818 0,000121
wits 0,713350 0,000149
wives 0,400478 0,000084
woe 0,755023 0,000158
woke 0,820981 0,000172
wolves 1,049822 0,000220
woman 0,061875 0,000013
women 0,094311 0,000020
wonderful 0,162519 0,000034
wood 0,116534 0,000024
wooden 0,415515 0,000087
woodpile 3,912023 0,000819
woods 0,430783 0,000090
woody 1,832581 0,000384
woodyard 3,912023 0,000819
wool 1,049822 0,000220
woollen 1,660731 0,000348
woolsey 3,912023 0,000819
word 0,020203 0,000004
wore 0,274437 0,000057
worm 0,843970 0,000177
worms 1,078810 0,000226
worn 0,223144 0,000047
worried 0,867501 0,000182
worry 0,820981 0,000172
worse 0,083382 0,000017
worsened 3,912023 0,000819
worst 0,186330 0,000039
worth 0,061875 0,000013
wounded 0,274437 0,000057
wrack 2,407946 0,000504
wrap 1,237874 0,000259
wrapping 1,386294 0,000290
wrapt 1,714798 0,000359
wreck 0,941609 0,000197
wrench 1,514128 0,000317
wrenched 1,427116 0,000299
wrinkling 2,525729 0,000529
wrist 0,967584 0,000203
write 0,150823 0,000032
writes 0,597837 0,000125
writing 0,061875 0,000013
wrong 0,083382 0,000017
wrongfully 2,407946 0,000504
wrote 0,150823 0,000032
wust 3,506558 0,000734
xi 0,597837 0,000125
xii 0,579818 0,000121
xiii 0,673345 0,000141
xiv 0,693147 0,000145
xix 0,867501 0,000182
xvi 0,776529 0,000163
xvii 0,843970 0,000177
xviii 0,891598 0,000187
xx 0,916291 0,000192
xxi 0,867501 0,000182
xxii 0,967584 0,000203
xxiii 0,967584 0,000203
xxiv 0,994252 0,000208
xxv 1,108663 0,000232
xxx 1,272966 0,000266
yard 0,430783 0,000090
yards 0,400478 0,000084
yarn 1,714798 0,000359
yawl 3,218876 0,000674
yawled 3,912023 0,000819
yawn 1,309333 0,000274
yawning 1,237874 0,000259
yearly 1,203973 0,000252
yell 1,203973 0,000252
yelled 1,427116 0,000299
yelling 1,514128 0,000317
yellow 0,328504 0,000069
yellower 2,659260 0,000557
yells 1,714798 0,000359
yer 2,040221 0,000427
yesterday 0,301105 0,000063
yield 0,342490 0,000072
yo 2,407946 0,000504
yonder 0,843970 0,000177
yourn 2,813411 0,000589
yow 3,912023 0,000819
