abandon 0,544727 0,000106
abandoned 0,371064 0,000072
abandons 2,120264 0,000413
abbot 2,207275 0,000430
abel 2,120264 0,000413
abide 0,287682 0,000056
abides 2,207275 0,000430
abode 0,616186 0,000120
abraham 1,386294 0,000270
absalom 2,407946 0,000469
absence 0,274437 0,000053
absolutely 0,287682 0,000056
absolve 2,120264 0,000413
absolved 1,897120 0,000370
absolves 3,506558 0,000684
abstract 1,049822 0,000205
abstraction 1,609438 0,000314
abstractions 2,407946 0,000469
abundant 0,867501 0,000169
abyss 1,049822 0,000205
accents 1,272966 0,000248
accept 0,094311 0,000018
accepted 0,139262 0,000027
accepting 0,287682 0,000056
access 0,314711 0,000061
accessed 0,562119 0,000110
accessible 0,446287 0,000087
accidie 3,506558 0,000684
accompanied 0,223144 0,000043
accompanies 1,714798 0,000334
accompany 0,562119 0,000110
accomplished 0,385662 0,000075
accord 0,597837 0,000117
account 0,010050 0,000002
accountability 3,506558 0,000684
accumulating 1,714798 0,000334
accursed 1,108663 0,000216
accusations 1,660731 0,000324
accused 0,616186 0,000120
accuses 2,207275 0,000430
accustom 1,714798 0,000334
acedia 3,912023 0,000763
acheron 2,659260 0,000518
achilles 1,560648 0,000304
acre 1,427116 0,000278
action 0,139262 0,000027
active 0,127833 0,000025
actual 0,174353 0,000034
actuality 2,302585 0,000449
adam 0,941609 0,000184
adding 0,510826 0,000100
addition 0,116534 0,000023
additional 0,198451 0,000039
additions 0,371064 0,000072
address 0,116534 0,000023
addressed 0,274437 0,000053
addresses 0,385662 0,000075
addressing 0,579818 0,000113
adequate 1,309333 0,000255
adjudged 2,813411 0,000548
adjusts 2,813411 0,000548
admirable 0,527633 0,000103
admit 0,235722 0,000046
admonished 1,714798 0,000334
adorn 1,347074 0,000263
adornments 2,302585 0,000449
adorns 2,525729 0,000492
adultery 1,832581 0,000357
advance 0,223144 0,000043
advanced 0,274437 0,000053
advances 0,820981 0,000160
advantage 0,139262 0,000027
adversaries 1,469676 0,000286
adversary 0,994252 0,000194
adverse 1,514128 0,000295
advice 0,186330 0,000036
aeneas 3,218876 0,000627
aeneid 3,506558 0,000684
aesop 2,813411 0,000548
afar 0,994252 0,000194
affect 0,478036 0,000093
affection 0,235722 0,000046
affirmed 1,309333 0,000255
affirming 1,966113 0,000383
afflicted 0,693147 0,000135
afflicts 2,995732 0,000584
afford 0,301105 0,000059
affords 1,139434 0,000222
affrighted 1,897120 0,000370
affront 1,386294 0,000270
aforesaid 1,469676 0,000286
afraid 0,105361 0,000021
afterward 1,139434 0,000222
age 0,051293 0,000010
aged 0,198451 0,000039
agent 0,274437 0,000053
ages 0,261365 0,000051
agnel 3,912023 0,000763
agree 0,116534 0,000023
agreed 0,116534 0,000023
agreeing 1,347074 0,000263
agreement 0,210721 0,000041
aid 0,287682 0,000056
aided 0,916291 0,000179
aids 1,609438 0,000314
ails 1,660731 0,000324
aim 0,462035 0,000090
air 0,061875 0,000012
airing 2,207275 0,000430
alas 0,462035 0,000090
albert 1,832581 0,000357
alchemy 3,218876 0,000627
alert 0,843970 0,000165
alexander 1,108663 0,000216
alichino 3,506558 0,000684
alike 0,287682 0,000056
alive 0,051293 0,000010
allegorical 1,966113 0,000383
allegorically 2,995732 0,000584
allegorizing 3,912023 0,000763
allegory 2,040221 0,000398
alleluiah 3,912023 0,000763
alleviate 1,714798 0,000334
allotted 1,139434 0,000222
alloy 1,966113 0,000383
allure 1,832581 0,000357
alp 2,813411 0,000548
alps 1,560648 0,000304
alteration 0,314711 0,000061
alternate 0,328504 0,000064
alway 2,659260 0,000518
ambush 1,386294 0,000270
amen 1,237874 0,000241
amends 1,108663 0,000216
amiss 0,820981 0,000160
amor 2,659260 0,000518
amphion 2,813411 0,000548
ample 0,527633 0,000103
amplitude 2,525729 0,000492
anastasius 3,218876 0,000627
ancestors 0,527633 0,000103
anchises 2,813411 0,000548
anchor 0,867501 0,000169
ancient 0,198451 0,000039
ancients 1,347074 0,000263
andrea 2,995732 0,000584
anew 0,867501 0,000169
angelic 1,514128 0,000295
angelo 2,302585 0,000449
angels 0,776529 0,000151
anger 0,328504 0,000064
angrily 0,867501 0,000169
anguish 0,579818 0,000113
animal 0,261365 0,000051
animals 0,494296 0,000096
anjou 2,995732 0,000584
annas 3,506558 0,000684
announcement 1,139434 0,000222
annoy 1,309333 0,000255
annual 1,171183 0,000228
anon 1,272966 0,000248
anselm 3,218876 0,000627
answer 0,040822 0,000008
answered 0,072571 0,000014
answering 0,510826 0,000100
answers 0,415515 0,000081
antaeus 2,813411 0,000548
anticipated 0,755023 0,000147
antipodal 3,218876 0,000627
antique 1,171183 0,000228
ants 1,660731 0,000324
ape 1,514128 0,000295
apennine 2,995732 0,000584
apennines 2,995732 0,000584
apex 2,120264 0,000413
apocalypse 2,659260 0,000518
apparent 0,314711 0,000061
appeased 1,272966 0,000248
appetite 0,371064 0,000072
applicable 0,400478 0,000078
application 0,733969 0,000143
applies 1,171183 0,000228
apply 0,162519 0,000032
appointed 0,356675 0,000070
apprehended 1,272966 0,000248
apprehensive 1,514128 0,000295
approach 0,083382 0,000016
approached 0,248461 0,000048
approaches 0,867501 0,000169
appropriateness 2,995732 0,000584
apron 1,386294 0,000270
aquarius 2,995732 0,000584
aquinas 2,995732 0,000584
arachne 2,995732 0,000584
arc 1,832581 0,000357
arch 0,820981 0,000160
archangels 2,302585 0,000449
archbishop 1,609438 0,000314
archetype 3,218876 0,000627
arching 2,302585 0,000449
archive 0,544727 0,000106
ardor 1,660731 0,000324
arethusa 2,659260 0,000518
argent 3,218876 0,000627
argolic 3,912023 0,000763
argument 0,371064 0,000072
arguments 0,562119 0,000110
aright 1,078810 0,000210
aristotle 1,560648 0,000304
arles 2,995732 0,000584
arm 0,094311 0,000018
armed 0,385662 0,000075
armor 1,832581 0,000357
armpits 2,407946 0,000469
arms 0,051293 0,000010
army 0,371064 0,000072
array 0,314711 0,000061
arrival 0,356675 0,000070
arrive 0,314711 0,000061
arrived 0,150823 0,000029
arrives 1,078810 0,000210
arrogance 1,714798 0,000334
arrogant 1,347074 0,000263
arrow 0,653926 0,000127
arrows 1,021651 0,000199
arsenal 1,966113 0,000383
art 0,139262 0,000027
arthur 1,660731 0,000324
artifice 1,514128 0,000295
artificial 0,616186 0,000120
artificiality 2,995732 0,000584
artistic 1,049822 0,000205
arts 0,597837 0,000117
ascend 0,867501 0,000169
ascended 0,713350 0,000139
ascends 1,966113 0,000383
ascent 1,021651 0,000199
asceticism 2,659260 0,000518
ascii 0,562119 0,000110
ascribed 1,469676 0,000286
ascribes 2,525729 0,000492
ashes 0,462035 0,000090
askance 1,660731 0,000324
aspect 0,462035 0,000090
asquint 3,506558 0,000684
assail 1,609438 0,000314
assailed 1,203973 0,000235
assails 2,995732 0,000584
assassin 1,897120 0,000370
assault 0,916291 0,000179
assembled 0,510826 0,000100
assented 1,108663 0,000216
assertion 0,941609 0,000184
assigned 0,733969 0,000143
assigns 2,120264 0,000413
assist 0,510826 0,000100
assistance 0,105361 0,000021
associations 1,139434 0,000222
assume 0,478036 0,000093
assurance 0,430783 0,000084
assure 0,385662 0,000075
assured 0,301105 0,000059
assuredly 0,967584 0,000189
astray 1,078810 0,000210
astrologer 2,813411 0,000548
athena 2,995732 0,000584
athens 1,386294 0,000270
athwart 1,560648 0,000304
atmosphere 0,579818 0,000113
attached 0,127833 0,000025
attack 0,301105 0,000059
attacked 0,462035 0,000090
attain 0,616186 0,000120
attained 0,494296 0,000096
attaining 1,203973 0,000235
attains 1,966113 0,000383
attempt 0,083382 0,000016
attend 0,301105 0,000059
attended 0,342490 0,000067
attent 2,813411 0,000548
attention 0,083382 0,000016
attentive 0,713350 0,000139
attila 2,995732 0,000584
attracted 0,356675 0,000070
audacious 1,309333 0,000255
aught 0,891598 0,000174
augur 2,207275 0,000430
augury 2,302585 0,000449
august 0,616186 0,000120
augustus 1,714798 0,000334
austria 1,966113 0,000383
author 0,116534 0,000023
authority 0,261365 0,000051
autumn 0,653926 0,000127
avail 0,544727 0,000106
availed 1,272966 0,000248
avails 2,207275 0,000430
avarice 1,049822 0,000205
avaricious 1,771957 0,000345
avenge 1,049822 0,000205
avenged 1,514128 0,000295
aventine 2,995732 0,000584
averse 1,049822 0,000205
avoid 0,174353 0,000034
await 0,776529 0,000151
awaits 1,237874 0,000241
awake 0,356675 0,000070
aware 0,223144 0,000043
awhile 0,967584 0,000189
awoke 0,446287 0,000087
awry 1,660731 0,000324
ay 1,108663 0,000216
azure 1,514128 0,000295
bacchus 1,714798 0,000334
bad 0,051293 0,000010
baffled 1,171183 0,000228
bag 0,544727 0,000106
baked 1,237874 0,000241
ballast 1,832581 0,000357
balsam 2,659260 0,000518
band 0,430783 0,000084
bands 0,843970 0,000165
banished 0,941609 0,000184
banishment 1,427116 0,000278
bank 0,261365 0,000051
banks 0,494296 0,000096
banner 1,272966 0,000248
banners 1,560648 0,000304
baptism 1,897120 0,000370
baptist 2,207275 0,000430
baptistery 3,506558 0,000684
baptized 1,832581 0,000357
baptizers 3,912023 0,000763
barbed 2,120264 0,000413
bare 0,162519 0,000032
bark 0,597837 0,000117
barked 1,714798 0,000334
barking 1,237874 0,000241
barks 1,832581 0,000357
barrator 3,912023 0,000763
barrators 3,912023 0,000763
barratry 3,912023 0,000763
barred 0,916291 0,000179
barrier 1,078810 0,000210
bars 0,653926 0,000127
base 0,301105 0,000059
based 0,371064 0,000072
bashful 1,609438 0,000314
bat 1,469676 0,000286
bath 0,562119 0,000110
bathed 0,798508 0,000156
bathes 2,813411 0,000548
battle 0,287682 0,000056
battlements 1,714798 0,000334
bay 0,544727 0,000106
bean 2,120264 0,000413
bear 0,061875 0,000012
beard 0,579818 0,000113
bearded 1,108663 0,000216
bearer 1,203973 0,000235
bearing 0,162519 0,000032
bears 0,510826 0,000100
beast 0,342490 0,000067
beasts 0,430783 0,000084
beat 0,186330 0,000036
beating 0,314711 0,000061
beatrice 2,525729 0,000492
beats 0,941609 0,000184
beauteous 1,832581 0,000357
beautiful 0,083382 0,000016
beauty 0,174353 0,000034
beaver 1,771957 0,000345
beckoned 1,272966 0,000248
beckoning 1,609438 0,000314
bed 0,051293 0,000010
beehives 2,995732 0,000584
beelzebub 2,813411 0,000548
befit 2,659260 0,000518
befitted 2,659260 0,000518
befitting 1,771957 0,000345
beginner 2,302585 0,000449
begone 1,660731 0,000324
begs 1,832581 0,000357
beheaded 1,897120 0,000370
behold 0,342490 0,000067
beholding 1,021651 0,000199
behoved 2,813411 0,000548
behoves 2,659260 0,000518
belief 0,198451 0,000039
bello 2,659260 0,000518
bellow 2,407946 0,000469
bellowed 2,207275 0,000430
bellows 1,771957 0,000345
bells 0,597837 0,000117
belly 0,916291 0,000179
belonged 0,314711 0,000061
belongings 1,714798 0,000334
beloved 0,415515 0,000081
belt 0,713350 0,000139
ben 1,609438 0,000314
bend 0,510826 0,000100
bending 0,597837 0,000117
beneath 0,198451 0,000039
benign 2,302585 0,000449
benignant 2,407946 0,000469
bent 0,174353 0,000034
benvenuto 2,813411 0,000548
beseech 1,049822 0,000205
besieged 1,560648 0,000304
besought 1,309333 0,000255
bestial 1,966113 0,000383
bestiality 2,813411 0,000548
betide 2,659260 0,000518
betook 1,560648 0,000304
betrayed 0,494296 0,000096
betrays 2,040221 0,000398
bewailing 2,207275 0,000430
beware 0,820981 0,000160
bewildered 0,843970 0,000165
bianchi 3,218876 0,000627
bien 1,966113 0,000383
binary 0,562119 0,000110
binding 0,891598 0,000174
bird 0,235722 0,000046
birth 0,301105 0,000059
birthplace 2,120264 0,000413
bishop 1,049822 0,000205
bit 0,174353 0,000034
bitches 3,218876 0,000627
bite 0,798508 0,000156
bites 1,609438 0,000314
biting 0,713350 0,000139
bitten 1,272966 0,000248
bitter 0,235722 0,000046
bitterly 0,579818 0,000113
black 0,072571 0,000014
blacker 1,660731 0,000324
blacks 1,427116 0,000278
blame 0,174353 0,000034
blaspheme 2,407946 0,000469
blasphemed 2,407946 0,000469
blaspheming 2,813411 0,000548
blast 0,693147 0,000135
blazes 1,832581 0,000357
blazon 2,995732 0,000584
bleeding 0,843970 0,000165
blessed 0,356675 0,000070
blessedness 1,966113 0,000383
blessing 0,446287 0,000087
blind 0,223144 0,000043
blindfold 2,302585 0,000449
blistered 2,207275 0,000430
block 0,616186 0,000120
blond 2,302585 0,000449
blood 0,116534 0,000023
bloody 0,527633 0,000103
blow 0,139262 0,000027
blowing 0,510826 0,000100
blown 0,579818 0,000113
blows 0,371064 0,000072
blurred 1,771957 0,000345
boar 1,514128 0,000295
board 0,314711 0,000061
boat 0,446287 0,000087
boats 0,820981 0,000160
bocca 3,218876 0,000627
boccaccio 2,813411 0,000548
bodies 0,174353 0,000034
body 0,030459 0,000006
boiled 0,798508 0,000156
boiling 0,776529 0,000151
boils 1,714798 0,000334
bold 0,287682 0,000056
boldly 0,462035 0,000090
boldness 0,916291 0,000179
bologna 2,207275 0,000430
bolognese 3,506558 0,000684
bolt 0,733969 0,000143
bond 0,673345 0,000131
bonds 0,798508 0,000156
bone 0,527633 0,000103
bones 0,235722 0,000046
boniface 2,659260 0,000518
book 0,061875 0,000012
booty 1,309333 0,000255
border 0,967584 0,000189
borders 0,994252 0,000194
bore 0,150823 0,000029
born 0,105361 0,000021
borne 0,261365 0,000051
borrow 0,798508 0,000156
bosom 0,462035 0,000090
bough 1,203973 0,000235
boughs 1,078810 0,000210
bound 0,030459 0,000006
bounds 0,634878 0,000124
bounty 1,386294 0,000270
bourns 3,912023 0,000763
bow 0,287682 0,000056
bowed 0,371064 0,000072
bows 0,776529 0,000151
bowstring 2,525729 0,000492
boy 0,139262 0,000027
brain 0,356675 0,000070
brake 1,660731 0,000324
branches 0,371064 0,000072
branchlet 3,912023 0,000763
brass 0,478036 0,000093
brawl 2,813411 0,000548
brazen 1,203973 0,000235
breach 0,274437 0,000053
bread 0,248461 0,000048
breadth 0,653926 0,000127
break 0,083382 0,000016
breaks 0,733969 0,000143
bream 2,813411 0,000548
breast 0,210721 0,000041
breasts 0,891598 0,000174
breath 0,174353 0,000034
breathes 1,469676 0,000286
breathing 0,462035 0,000090
breathless 0,673345 0,000131
brethren 0,916291 0,000179
briareus 2,659260 0,000518
bribe 1,309333 0,000255
bribed 1,714798 0,000334
bribes 1,714798 0,000334
brides 2,040221 0,000398
bridge 0,494296 0,000096
bridges 1,108663 0,000216
brigade 2,120264 0,000413
bright 0,116534 0,000023
brightens 2,995732 0,000584
bring 0,010050 0,000002
bringing 0,105361 0,000021
brings 0,328504 0,000064
bristling 1,237874 0,000241
broad 0,139262 0,000027
broke 0,116534 0,000023
broken 0,061875 0,000012
bronze 1,237874 0,000241
brooding 1,021651 0,000199
brook 1,139434 0,000222
brooklet 2,659260 0,000518
broth 1,897120 0,000370
brother 0,127833 0,000025
brothers 0,356675 0,000070
brought 0,010050 0,000002
brow 0,544727 0,000106
brows 0,755023 0,000147
bruges 2,995732 0,000584
brushing 1,386294 0,000270
brute 0,579818 0,000113
brutes 1,427116 0,000278
brutus 1,966113 0,000383
bubble 1,560648 0,000304
bubbles 1,832581 0,000357
buckles 1,966113 0,000383
budge 1,560648 0,000304
budget 2,207275 0,000430
builds 1,714798 0,000334
built 0,150823 0,000029
bulk 0,843970 0,000165
bull 0,510826 0,000100
bundle 0,755023 0,000147
bunyan 2,302585 0,000449
burden 0,223144 0,000043
burdened 1,469676 0,000286
burdens 1,309333 0,000255
burial 0,994252 0,000194
buried 0,248461 0,000048
burned 0,400478 0,000078
burning 0,150823 0,000029
burnings 3,912023 0,000763
burnt 0,415515 0,000081
bursting 0,713350 0,000139
bursts 1,386294 0,000270
bush 0,820981 0,000160
bushy 1,272966 0,000248
business 0,040822 0,000008
butler 1,203973 0,000235
butt 1,171183 0,000228
butter 0,820981 0,000160
buttocks 2,525729 0,000492
cable 1,514128 0,000295
caccia 3,506558 0,000684
cadmus 2,407946 0,000469
caesar 1,609438 0,000314
cain 1,660731 0,000324
caitiff 2,813411 0,000548
caitiffs 3,912023 0,000763
calamities 1,427116 0,000278
calamity 0,891598 0,000174
calculate 0,328504 0,000064
calculated 0,174353 0,000034
calf 1,078810 0,000210
callus 3,912023 0,000763
cambridge 1,469676 0,000286
camilla 2,525729 0,000492
camp 0,597837 0,000117
campo 2,813411 0,000548
cancelled 2,995732 0,000584
canon 1,966113 0,000383
canst 1,514128 0,000295
canto 2,407946 0,000469
cantos 2,995732 0,000584
capable 0,261365 0,000051
capacity 0,527633 0,000103
capitoline 2,813411 0,000548
captain 0,371064 0,000072
captive 0,820981 0,000160
carats 3,218876 0,000627
card 0,223144 0,000043
cardinal 1,469676 0,000286
cardinals 2,302585 0,000449
care 0,000000 0,000000
cared 0,494296 0,000096
carl 3,218876 0,000627
carles 3,912023 0,000763
carlino 3,506558 0,000684
carnage 1,771957 0,000345
carnal 1,714798 0,000334
carried 0,030459 0,000006
carries 0,755023 0,000147
carry 0,030459 0,000006
carrying 0,083382 0,000016
cask 1,560648 0,000304
cassius 2,659260 0,000518
cast 0,116534 0,000023
castigates 3,912023 0,000763
castle 0,776529 0,000151
castles 1,347074 0,000263
casts 1,139434 0,000222
catch 0,210721 0,000041
cathedral 1,272966 0,000248
catiline 2,995732 0,000584
cats 1,108663 0,000216
caught 0,162519 0,000032
cauldron 2,120264 0,000413
caulks 3,912023 0,000763
cautious 0,673345 0,000131
cavalier 1,771957 0,000345
cavaliers 2,302585 0,000449
cavalry 1,469676 0,000286
cave 0,776529 0,000151
cavern 1,347074 0,000263
cease 0,139262 0,000027
ceased 0,235722 0,000046
celestine 3,506558 0,000684
centaur 2,207275 0,000430
centaurs 2,120264 0,000413
central 0,733969 0,000143
centre 0,462035 0,000090
centuries 0,544727 0,000106
century 0,494296 0,000096
cerberus 2,659260 0,000518
certainty 0,342490 0,000067
cesar 3,912023 0,000763
chafes 2,995732 0,000584
chain 0,415515 0,000081
champions 1,832581 0,000357
chance 0,083382 0,000016
chancellor 2,120264 0,000413
change 0,010050 0,000002
changed 0,051293 0,000010
changing 0,248461 0,000048
channel 0,798508 0,000156
channels 1,078810 0,000210
chanson 3,506558 0,000684
chaos 1,078810 0,000210
character 0,061875 0,000012
characters 0,430783 0,000084
charge 0,051293 0,000010
charged 0,328504 0,000064
charges 0,223144 0,000043
charging 1,347074 0,000263
chariot 1,237874 0,000241
charitable 0,287682 0,000056
charities 0,494296 0,000096
charity 0,494296 0,000096
charlemagne 2,207275 0,000430
charles 0,597837 0,000117
charm 0,544727 0,000106
charon 2,525729 0,000492
charybdis 2,659260 0,000518
chase 0,653926 0,000127
chased 0,941609 0,000184
chasing 1,203973 0,000235
chasm 1,427116 0,000278
chaste 1,203973 0,000235
chattering 1,108663 0,000216
chaucer 2,525729 0,000492
cheapest 1,897120 0,000370
cheat 1,139434 0,000222
check 0,174353 0,000034
checks 0,478036 0,000093
cheek 0,430783 0,000084
cheeks 0,415515 0,000081
cheer 0,562119 0,000110
cheers 1,469676 0,000286
cherubim 2,040221 0,000398
cherubs 2,407946 0,000469
chest 0,371064 0,000072
chide 2,207275 0,000430
chief 0,094311 0,000018
chiefs 1,660731 0,000324
chill 0,733969 0,000143
chilled 1,139434 0,000222
chin 0,478036 0,000093
chins 2,040221 0,000398
chiron 2,659260 0,000518
choice 0,150823 0,000029
choir 1,386294 0,000270
choose 0,083382 0,000016
chose 0,301105 0,000059
chosen 0,186330 0,000036
christ 0,867501 0,000169
christian 0,430783 0,000084
christianity 1,347074 0,000263
christians 1,108663 0,000216
christmas 0,891598 0,000174
chronicle 1,609438 0,000314
chroniclers 3,506558 0,000684
church 0,261365 0,000051
churl 3,218876 0,000627
circe 2,040221 0,000398
circle 0,223144 0,000043
circled 1,514128 0,000295
circles 0,733969 0,000143
circlets 3,218876 0,000627
circling 1,203973 0,000235
circuit 0,891598 0,000174
circular 1,078810 0,000210
cistern 1,771957 0,000345
cite 2,302585 0,000449
cited 1,560648 0,000304
citizen 0,843970 0,000165
citizens 0,916291 0,000179
city 0,051293 0,000010
clad 0,597837 0,000117
claim 0,116534 0,000023
clambered 1,514128 0,000295
clamp 3,506558 0,000684
clasped 0,843970 0,000165
class 0,314711 0,000061
clause 1,966113 0,000383
claw 1,609438 0,000314
clawing 2,207275 0,000430
claws 1,078810 0,000210
clay 0,494296 0,000096
clean 0,248461 0,000048
clearness 1,049822 0,000205
cleaves 2,407946 0,000469
cleft 1,347074 0,000263
clement 2,120264 0,000413
cleopatra 1,966113 0,000383
clerk 0,673345 0,000131
clerks 1,309333 0,000255
cliff 1,309333 0,000255
climb 0,693147 0,000135
clinching 3,506558 0,000684
cling 0,994252 0,000194
cloak 0,562119 0,000110
cloaked 2,407946 0,000469
cloaks 1,514128 0,000295
cloister 2,040221 0,000398
close 0,051293 0,000010
closed 0,116534 0,000023
closely 0,223144 0,000043
closes 1,469676 0,000286
cloth 0,356675 0,000070
clothe 1,237874 0,000241
clothed 0,673345 0,000131
clothes 0,127833 0,000025
cloud 0,301105 0,000059
clouds 0,342490 0,000067
cloudy 1,078810 0,000210
clove 2,120264 0,000413
cloyed 3,218876 0,000627
club 0,713350 0,000139
clucking 2,813411 0,000548
clutch 1,514128 0,000295
clutched 0,994252 0,000194
clutches 1,714798 0,000334
coal 0,693147 0,000135
coarse 0,478036 0,000093
coast 0,544727 0,000106
coat 0,274437 0,000053
coated 1,609438 0,000314
cocytus 2,813411 0,000548
codes 0,510826 0,000100
coffers 2,120264 0,000413
coil 1,237874 0,000241
coiled 1,832581 0,000357
coin 0,916291 0,000179
coiner 2,525729 0,000492
coining 2,302585 0,000449
cold 0,040822 0,000008
collect 0,673345 0,000131
collected 0,415515 0,000081
collection 0,174353 0,000034
collector 1,609438 0,000314
collects 1,897120 0,000370
college 0,693147 0,000135
colony 1,347074 0,000263
color 1,021651 0,000199
colored 1,171183 0,000228
colors 1,309333 0,000255
column 0,755023 0,000147
combats 2,040221 0,000398
comedy 0,941609 0,000184
cometh 1,897120 0,000370
comfort 0,150823 0,000029
comforts 0,967584 0,000189
command 0,162519 0,000032
commanded 0,462035 0,000090
commandments 1,897120 0,000370
commend 1,347074 0,000263
commended 1,272966 0,000248
comment 0,673345 0,000131
commentators 2,407946 0,000469
comments 1,469676 0,000286
commercial 0,274437 0,000053
commission 0,693147 0,000135
committed 0,150823 0,000029
common 0,072571 0,000014
commune 1,966113 0,000383
communicate 0,820981 0,000160
compact 0,891598 0,000174
companion 0,248461 0,000048
companions 0,301105 0,000059
company 0,020203 0,000004
comparatively 0,634878 0,000124
compare 0,510826 0,000100
comparison 0,478036 0,000093
compassion 0,820981 0,000160
compassionate 1,272966 0,000248
compel 0,916291 0,000179
compelled 0,527633 0,000103
compels 1,309333 0,000255
compend 3,506558 0,000684
compensation 1,108663 0,000216
compilation 0,494296 0,000096
compiler 2,995732 0,000584
complete 0,150823 0,000029
completed 0,446287 0,000087
completely 0,274437 0,000053
complex 1,139434 0,000222
compliance 0,342490 0,000067
compliant 2,525729 0,000492
comply 0,342490 0,000067
complying 0,446287 0,000087
composed 0,328504 0,000064
comprehend 0,616186 0,000120
comprehending 1,560648 0,000304
comprehension 1,203973 0,000235
compressed 0,342490 0,000067
comprise 2,207275 0,000430
compromise 1,347074 0,000263
compunctious 3,506558 0,000684
concave 2,040221 0,000398
conceal 0,301105 0,000059
concealed 0,415515 0,000081
conceals 1,609438 0,000314
concede 2,040221 0,000398
conceded 1,660731 0,000324
concedes 2,525729 0,000492
conceived 0,462035 0,000090
conceives 1,771957 0,000345
concentric 2,659260 0,000518
concept 0,544727 0,000106
conception 0,653926 0,000127
concrete 1,897120 0,000370
condemned 0,653926 0,000127
condemns 1,660731 0,000324
condition 0,094311 0,000018
conditions 0,342490 0,000067
conduct 0,198451 0,000039
cone 2,120264 0,000413
confessed 0,579818 0,000113
confesses 1,966113 0,000383
confidence 0,139262 0,000027
confident 0,510826 0,000100
confides 2,659260 0,000518
confine 0,755023 0,000147
confines 1,386294 0,000270
confirmation 0,356675 0,000070
confirmed 0,174353 0,000034
confounded 0,693147 0,000135
confront 1,660731 0,000324
confronting 1,966113 0,000383
confused 0,248461 0,000048
congealed 1,609438 0,000314
conjoined 2,407946 0,000469
conjured 2,207275 0,000430
connect 1,347074 0,000263
conquer 1,021651 0,000199
conquered 0,798508 0,000156
conqueror 1,108663 0,000216
conquers 2,207275 0,000430
conquest 0,967584 0,000189
conscience 0,314711 0,000061
consequences 0,371064 0,000072
consequential 0,478036 0,000093
considerable 0,105361 0,000021
consisted 0,562119 0,000110
consistency 1,427116 0,000278
consistent 0,798508 0,000156
consistently 1,832581 0,000357
consists 0,776529 0,000151
consoled 1,108663 0,000216
consorts 2,659260 0,000518
constant 0,051293 0,000010
constantine 1,897120 0,000370
constrained 0,843970 0,000165
constraining 2,659260 0,000518
constrains 2,659260 0,000518
constraint 1,272966 0,000248
constructed 0,867501 0,000169
construction 0,755023 0,000147
consume 1,108663 0,000216
consumed 0,634878 0,000124
consumes 1,771957 0,000345
consummation 1,966113 0,000383
contact 0,210721 0,000041
contemporaneous 3,506558 0,000684
contemporaneousness 3,912023 0,000763
contemporaries 1,272966 0,000248
contemporary 1,272966 0,000248
contempt 0,446287 0,000087
contemptuous 1,049822 0,000205
contend 0,891598 0,000174
contending 1,309333 0,000255
content 0,186330 0,000036
contented 0,400478 0,000078
contention 1,309333 0,000255
contents 0,094311 0,000018
continence 2,659260 0,000518
continually 0,446287 0,000087
continued 0,072571 0,000014
continuing 0,755023 0,000147
continuous 0,867501 0,000169
contorted 2,120264 0,000413
contract 0,261365 0,000051
contradiction 0,967584 0,000189
contrary 0,198451 0,000039
contribute 1,049822 0,000205
contributed 0,843970 0,000165
contributions 0,430783 0,000084
controversy 1,514128 0,000295
conversion 1,427116 0,000278
convert 0,385662 0,000075
converted 0,820981 0,000160
converts 1,897120 0,000370
conveyed 0,634878 0,000124
conviction 0,462035 0,000090
convito 3,506558 0,000684
cooked 0,916291 0,000179
cookery 1,660731 0,000324
cooks 1,203973 0,000235
cool 0,314711 0,000061
cooling 1,272966 0,000248
copying 0,494296 0,000096
copyright 0,415515 0,000081
cord 0,916291 0,000179
cordage 2,207275 0,000430
cordelier 3,912023 0,000763
core 1,386294 0,000270
cornelia 2,995732 0,000584
cornerstone 3,912023 0,000763
cornwall 2,525729 0,000492
corporation 0,462035 0,000090
correct 0,385662 0,000075
correspond 1,272966 0,000248
correspondence 0,820981 0,000160
correspondent 1,272966 0,000248
corresponds 1,771957 0,000345
corrupt 0,274437 0,000053
corruptible 2,525729 0,000492
corruption 0,820981 0,000160
corso 2,659260 0,000518
coruscant 3,506558 0,000684
cosmography 2,995732 0,000584
cost 0,105361 0,000021
costly 0,967584 0,000189
costs 0,287682 0,000056
couching 2,813411 0,000548
council 0,713350 0,000139
counsel 0,527633 0,000103
counseled 2,525729 0,000492
counsellors 1,609438 0,000314
counselors 3,218876 0,000627
counsels 1,237874 0,000241
count 0,248461 0,000048
countenance 0,415515 0,000081
countenances 1,237874 0,000241
counter 0,843970 0,000165
counterdance 3,912023 0,000763
counterfeit 1,309333 0,000255
countries 0,235722 0,000046
country 0,010050 0,000002
counts 1,237874 0,000241
coupled 1,469676 0,000286
courage 0,150823 0,000029
courageous 1,171183 0,000228
court 0,127833 0,000025
courteous 0,967584 0,000189
courtesy 0,713350 0,000139
courts 0,544727 0,000106
cousin 0,755023 0,000147
cover 0,261365 0,000051
covered 0,139262 0,000027
covering 0,446287 0,000087
covers 0,820981 0,000160
covert 1,609438 0,000314
covertly 2,407946 0,000469
cow 0,733969 0,000143
cowardice 0,994252 0,000194
cowered 2,302585 0,000449
cowering 1,832581 0,000357
crabbed 2,659260 0,000518
cracks 1,609438 0,000314
cradle 1,108663 0,000216
cradles 2,659260 0,000518
crag 2,207275 0,000430
crags 1,832581 0,000357
cranes 1,966113 0,000383
crashing 1,386294 0,000270
crave 1,771957 0,000345
craves 2,813411 0,000548
cravings 2,120264 0,000413
crawling 0,941609 0,000184
creak 1,560648 0,000304
created 0,116534 0,000023
creating 0,342490 0,000067
creation 0,235722 0,000046
creature 0,174353 0,000034
creatures 0,235722 0,000046
credence 2,407946 0,000469
credible 1,714798 0,000334
credit 0,094311 0,000018
creed 1,203973 0,000235
cremona 3,218876 0,000627
crest 0,941609 0,000184
crete 2,302585 0,000449
crew 0,755023 0,000147
crime 0,314711 0,000061
crimes 0,653926 0,000127
criminals 1,386294 0,000270
crimson 0,941609 0,000184
critic 1,347074 0,000263
critical 0,235722 0,000046
criticism 0,867501 0,000169
croak 2,302585 0,000449
crook 1,771957 0,000345
crooked 0,755023 0,000147
cross 0,139262 0,000027
crossbow 3,912023 0,000763
crossed 0,301105 0,000059
crosses 1,021651 0,000199
crossing 0,462035 0,000090
crosswise 2,659260 0,000518
crouch 1,660731 0,000324
crouched 1,203973 0,000235
crouching 1,049822 0,000205
croup 3,218876 0,000627
crowd 0,198451 0,000039
crowded 0,301105 0,000059
crowds 1,021651 0,000199
crown 0,314711 0,000061
crowned 0,867501 0,000169
crowns 1,386294 0,000270
crucified 1,714798 0,000334
cruel 0,261365 0,000051
cruelly 0,820981 0,000160
crusade 2,525729 0,000492
crushing 0,843970 0,000165
crust 1,309333 0,000255
crusts 2,407946 0,000469
crystal 1,049822 0,000205
crystalline 2,525729 0,000492
cubits 2,207275 0,000430
cubs 2,302585 0,000449
culture 1,171183 0,000228
cup 0,385662 0,000075
cupidity 1,897120 0,000370
curb 1,514128 0,000295
curdles 3,218876 0,000627
cure 0,430783 0,000084
curio 3,218876 0,000627
curl 1,272966 0,000248
current 0,127833 0,000025
currish 3,912023 0,000763
currycomb 3,912023 0,000763
custom 0,210721 0,000041
customs 0,713350 0,000139
cut 0,040822 0,000008
cuts 0,820981 0,000160
cutting 0,415515 0,000081
cylindrical 2,813411 0,000548
cyprus 2,207275 0,000430
da 1,514128 0,000295
daedalus 2,995732 0,000584
damage 0,261365 0,000051
damaged 0,356675 0,000070
damages 0,400478 0,000078
dame 1,171183 0,000228
dames 1,897120 0,000370
damnable 2,040221 0,000398
damned 1,139434 0,000222
damsel 1,427116 0,000278
dance 0,356675 0,000070
dangerous 0,150823 0,000029
dangling 1,139434 0,000222
daniel 1,427116 0,000278
dante 1,514128 0,000295
danube 1,966113 0,000383
dappled 2,207275 0,000430
daring 0,843970 0,000165
dark 0,051293 0,000010
darkened 0,755023 0,000147
darker 0,916291 0,000179
darkest 1,427116 0,000278
darkly 1,237874 0,000241
darkness 0,186330 0,000036
darted 0,776529 0,000151
darts 1,386294 0,000270
data 0,494296 0,000096
daughter 0,261365 0,000051
david 0,597837 0,000117
day 0,000000 0,000000
days 0,020203 0,000004
dazzles 3,218876 0,000627
dead 0,072571 0,000014
deadens 3,218876 0,000627
deadly 0,478036 0,000093
deaf 0,634878 0,000124
deal 0,105361 0,000021
dealings 1,237874 0,000241
deals 1,272966 0,000248
dealt 0,597837 0,000117
dean 2,207275 0,000430
death 0,020203 0,000004
debased 2,040221 0,000398
debtor 1,897120 0,000370
decameron 3,912023 0,000763
deceit 1,021651 0,000199
deceitfully 2,813411 0,000548
deceive 0,527633 0,000103
deceived 0,430783 0,000084
deceives 1,897120 0,000370
december 0,562119 0,000110
deceptions 2,302585 0,000449
declare 0,342490 0,000067
declared 0,210721 0,000041
declares 1,049822 0,000205
decrease 2,120264 0,000413
decree 1,108663 0,000216
decurion 3,912023 0,000763
deductible 0,562119 0,000110
deed 0,478036 0,000093
deeds 0,527633 0,000103
deem 1,237874 0,000241
deemed 0,755023 0,000147
deep 0,051293 0,000010
deeper 0,328504 0,000064
defaced 1,771957 0,000345
defeat 0,916291 0,000179
defeated 1,021651 0,000199
defect 0,328504 0,000064
defective 0,356675 0,000070
defects 0,301105 0,000059
defence 0,597837 0,000117
defend 0,400478 0,000078
defended 0,653926 0,000127
defense 1,514128 0,000295
defiance 0,713350 0,000139
defiled 1,469676 0,000286
definite 0,755023 0,000147
definiteness 2,813411 0,000548
defraud 2,302585 0,000449
degree 0,198451 0,000039
degrees 0,446287 0,000087
deity 1,237874 0,000241
dejected 1,021651 0,000199
dejection 1,386294 0,000270
del 1,832581 0,000357
delay 0,287682 0,000056
delayed 0,616186 0,000120
delaying 1,771957 0,000345
delays 1,469676 0,000286
delectable 2,120264 0,000413
deletions 0,562119 0,000110
delight 0,162519 0,000032
deliver 0,494296 0,000096
deliverance 0,941609 0,000184
delivered 0,342490 0,000067
della 2,407946 0,000469
demand 0,127833 0,000025
demilion 3,912023 0,000763
demon 1,139434 0,000222
demons 1,609438 0,000314
den 0,843970 0,000165
denial 0,798508 0,000156
denied 0,287682 0,000056
denizens 1,966113 0,000383
dens 1,514128 0,000295
dense 0,776529 0,000151
deny 0,301105 0,000059
denying 1,049822 0,000205
depart 0,400478 0,000078
departed 0,356675 0,000070
departing 1,108663 0,000216
departure 0,430783 0,000084
depended 0,653926 0,000127
depends 0,198451 0,000039
depicted 1,427116 0,000278
depicts 3,218876 0,000627
deprive 1,021651 0,000199
deprived 0,579818 0,000113
deprives 1,714798 0,000334
depth 0,494296 0,000096
derivative 0,510826 0,000100
derive 0,342490 0,000067
derived 0,248461 0,000048
descend 0,478036 0,000093
descendants 1,108663 0,000216
descended 0,400478 0,000078
descending 0,579818 0,000113
descends 1,427116 0,000278
descent 0,634878 0,000124
descried 1,771957 0,000345
descry 1,966113 0,000383
desert 0,430783 0,000084
deserted 0,385662 0,000075
desertion 1,514128 0,000295
deserts 1,171183 0,000228
deserved 0,634878 0,000124
deserves 0,776529 0,000151
design 0,400478 0,000078
desire 0,072571 0,000014
desired 0,150823 0,000029
desires 0,478036 0,000093
desirous 0,634878 0,000124
despairing 0,798508 0,000156
desperate 0,328504 0,000064
despised 0,562119 0,000110
despises 1,832581 0,000357
despising 1,660731 0,000324
despoiled 1,897120 0,000370
despondency 1,560648 0,000304
destiny 0,634878 0,000124
destroy 0,127833 0,000025
destroyed 0,274437 0,000053
destroyer 1,714798 0,000334
detach 0,446287 0,000087
detached 1,139434 0,000222
determine 0,210721 0,000041
devastators 3,912023 0,000763
device 0,755023 0,000147
devices 1,272966 0,000248
devil 0,356675 0,000070
devils 0,820981 0,000160
devised 1,171183 0,000228
devour 0,994252 0,000194
devoured 0,891598 0,000174
devours 2,207275 0,000430
di 1,832581 0,000357
dialect 1,347074 0,000263
dices 3,912023 0,000763
dictate 1,203973 0,000235
diction 2,302585 0,000449
dido 2,207275 0,000430
didst 1,660731 0,000324
die 0,105361 0,000021
died 0,061875 0,000012
dies 0,579818 0,000113
difference 0,198451 0,000039
difficult 0,116534 0,000023
difficulties 0,385662 0,000075
difficulty 0,139262 0,000027
digests 3,506558 0,000684
dilated 1,660731 0,000324
dim 0,415515 0,000081
dimensions 0,967584 0,000189
diminishes 2,995732 0,000584
din 1,203973 0,000235
dioceses 3,506558 0,000684
diogenes 2,120264 0,000413
dire 1,347074 0,000263
direct 0,083382 0,000016
directed 0,287682 0,000056
direction 0,083382 0,000016
dirty 0,544727 0,000106
dis 1,609438 0,000314
disappeared 0,356675 0,000070
disastrous 1,108663 0,000216
disburden 3,218876 0,000627
disburdened 2,995732 0,000584
discern 0,820981 0,000160
discerned 1,272966 0,000248
discerner 3,218876 0,000627
discharge 0,733969 0,000143
disciple 1,386294 0,000270
disclaim 0,510826 0,000100
disclaimer 0,562119 0,000110
disclaimers 0,562119 0,000110
disclosed 0,867501 0,000169
disclosing 1,714798 0,000334
discomforted 3,506558 0,000684
disconsolate 1,609438 0,000314
discontinue 0,544727 0,000106
discord 1,203973 0,000235
discouraged 1,108663 0,000216
discourse 0,597837 0,000117
discoursed 1,966113 0,000383
discourses 1,560648 0,000304
discover 0,083382 0,000016
discovered 0,051293 0,000010
discreet 0,843970 0,000165
disdain 0,867501 0,000169
disdainful 1,714798 0,000334
disease 0,371064 0,000072
disfigured 1,469676 0,000286
disfiguring 3,218876 0,000627
disheartened 1,897120 0,000370
disheveled 2,207275 0,000430
disjoined 3,506558 0,000684
disk 0,446287 0,000087
dismail 3,912023 0,000763
dismal 0,843970 0,000165
dismayed 1,272966 0,000248
display 0,261365 0,000051
displayed 0,198451 0,000039
displaying 0,342490 0,000067
displays 1,386294 0,000270
displease 1,309333 0,000255
displeasing 1,771957 0,000345
disposal 0,916291 0,000179
disposed 0,385662 0,000075
disposition 0,400478 0,000078
dispositions 1,469676 0,000286
dissembled 2,302585 0,000449
dissensions 2,040221 0,000398
dissipating 2,407946 0,000469
dissociated 2,659260 0,000518
distance 0,105361 0,000021
distant 0,162519 0,000032
distills 3,218876 0,000627
distinct 0,301105 0,000059
distinction 0,446287 0,000087
distinctness 1,469676 0,000286
distinguish 0,356675 0,000070
distinguished 0,301105 0,000059
distorted 1,049822 0,000205
distracted 0,798508 0,000156
distracting 1,660731 0,000324
distraught 2,207275 0,000430
distribute 0,400478 0,000078
distributed 0,248461 0,000048
distributing 0,446287 0,000087
distribution 0,430783 0,000084
distributor 0,562119 0,000110
district 0,843970 0,000165
disturbed 0,356675 0,000070
ditch 1,108663 0,000216
ditches 1,609438 0,000314
dive 1,347074 0,000263
divers 1,203973 0,000235
diverse 1,514128 0,000295
dives 2,120264 0,000413
divested 1,832581 0,000357
divided 0,210721 0,000041
divides 1,272966 0,000248
dividing 0,673345 0,000131
divine 0,430783 0,000084
diviners 2,659260 0,000518
division 0,653926 0,000127
divisions 1,237874 0,000241
doctrine 0,733969 0,000143
doctrines 1,203973 0,000235
dog 0,261365 0,000051
doglike 3,506558 0,000684
dogs 0,342490 0,000067
dolcino 3,506558 0,000684
dole 2,813411 0,000548
doleful 1,427116 0,000278
dolorous 2,407946 0,000469
dolphins 2,407946 0,000469
domain 0,328504 0,000064
dominations 2,995732 0,000584
donate 0,562119 0,000110
donation 0,494296 0,000096
donations 0,494296 0,000096
donors 0,527633 0,000103
door 0,040822 0,000008
doors 0,105361 0,000021
dost 1,237874 0,000241
doth 1,049822 0,000205
double 0,186330 0,000036
doubling 1,714798 0,000334
doubt 0,040822 0,000008
doubting 1,049822 0,000205
doves 1,660731 0,000324
downfall 1,609438 0,000314
downloading 0,562119 0,000110
downward 0,798508 0,000156
dowry 1,714798 0,000334
drag 0,579818 0,000113
dragged 0,462035 0,000090
dragging 0,673345 0,000131
dragon 1,108663 0,000216
drags 1,771957 0,000345
draw 0,105361 0,000021
drawing 0,139262 0,000027
drawn 0,094311 0,000018
draws 0,755023 0,000147
dread 0,371064 0,000072
dreaded 0,693147 0,000135
dreadful 0,342490 0,000067
dream 0,198451 0,000039
dreaming 0,562119 0,000110
dreams 0,274437 0,000053
drew 0,162519 0,000032
dried 0,462035 0,000090
dries 2,659260 0,000518
drinks 0,967584 0,000189
drips 3,218876 0,000627
drivel 3,506558 0,000684
driven 0,127833 0,000025
drives 0,867501 0,000169
drop 0,150823 0,000029
drove 0,248461 0,000048
drown 0,820981 0,000160
drowned 0,616186 0,000120
drudges 3,912023 0,000763
drum 1,203973 0,000235
drums 1,514128 0,000295
drunken 0,820981 0,000160
dry 0,127833 0,000025
dubious 1,660731 0,000324
duck 1,171183 0,000228
ducked 2,207275 0,000430
duct 3,912023 0,000763
duke 0,994252 0,000194
dull 0,174353 0,000034
duly 0,843970 0,000165
dumb 0,562119 0,000110
dungeon 1,427116 0,000278
dusky 1,021651 0,000199
dust 0,174353 0,000034
dwell 0,478036 0,000093
dwelling 0,494296 0,000096
dwells 1,469676 0,000286
dying 0,261365 0,000051
dyke 2,995732 0,000584
dykes 3,912023 0,000763
eager 0,210721 0,000041
eagle 0,891598 0,000174
ear 0,139262 0,000027
earl 1,771957 0,000345
earnest 0,261365 0,000051
ears 0,105361 0,000021
earth 0,051293 0,000010
earthly 0,673345 0,000131
earthquake 1,139434 0,000222
easily 0,072571 0,000014
east 0,235722 0,000046
easter 1,714798 0,000334
easy 0,040822 0,000008
eat 0,083382 0,000016
eating 0,235722 0,000046
eats 1,078810 0,000210
edge 0,210721 0,000041
edition 0,287682 0,000056
editions 0,385662 0,000075
educational 0,446287 0,000087
edward 1,049822 0,000205
eel 1,966113 0,000383
effort 0,094311 0,000018
efforts 0,139262 0,000027
eighth 0,798508 0,000156
elaborate 0,891598 0,000174
eld 2,995732 0,000584
elect 0,328504 0,000064
elected 1,078810 0,000210
electra 2,995732 0,000584
electronic 0,544727 0,000106
electronically 0,544727 0,000106
elects 3,218876 0,000627
elemental 1,897120 0,000370
elements 0,673345 0,000131
elephants 1,514128 0,000295
elijah 2,120264 0,000413
eliot 2,407946 0,000469
elisha 2,659260 0,000518
ells 3,506558 0,000684
email 0,562119 0,000110
embers 1,139434 0,000222
embodied 1,660731 0,000324
emboldens 3,218876 0,000627
embrace 0,462035 0,000090
embraces 1,049822 0,000205
embroiled 2,659260 0,000518
eminent 0,967584 0,000189
emissaries 2,525729 0,000492
emotional 1,171183 0,000228
emotions 0,755023 0,000147
emperor 0,994252 0,000194
empire 0,653926 0,000127
employee 0,527633 0,000103
employees 0,544727 0,000106
employment 0,579818 0,000113
empress 1,897120 0,000370
empyreal 2,995732 0,000584
empyrean 2,659260 0,000518
enamel 2,302585 0,000449
encircle 2,525729 0,000492
encircles 2,813411 0,000548
encircling 1,966113 0,000383
enclosure 1,272966 0,000248
encoding 0,653926 0,000127
encompass 1,897120 0,000370
encounter 0,798508 0,000156
encountered 0,798508 0,000156
encounters 1,427116 0,000278
encouragements 2,525729 0,000492
encrusted 2,207275 0,000430
encumbers 2,995732 0,000584
endeavored 1,560648 0,000304
endeavors 2,120264 0,000413
endowed 0,820981 0,000160
endure 0,342490 0,000067
enemies 0,314711 0,000061
enemy 0,174353 0,000034
enforce 1,386294 0,000270
enfork 3,912023 0,000763
enfranchised 2,659260 0,000518
engaged 0,198451 0,000039
england 0,385662 0,000075
english 0,094311 0,000018
enjoined 1,609438 0,000314
enjoy 0,150823 0,000029
enkindled 2,995732 0,000584
enquired 2,207275 0,000430
enraged 1,021651 0,000199
enslave 2,040221 0,000398
enslaved 1,514128 0,000295
ensuring 0,544727 0,000106
enswathes 3,912023 0,000763
entangled 1,237874 0,000241
enter 0,094311 0,000018
entered 0,051293 0,000010
enterprise 0,843970 0,000165
enticed 1,714798 0,000334
entire 0,274437 0,000053
entity 0,544727 0,000106
entrails 1,514128 0,000295
entrance 0,210721 0,000041
entreaty 1,427116 0,000278
entwined 2,207275 0,000430
entwines 3,506558 0,000684
envenom 3,218876 0,000627
envious 1,309333 0,000255
envy 0,527633 0,000103
ephialtes 2,813411 0,000548
equal 0,174353 0,000034
equally 0,223144 0,000043
equidistant 3,218876 0,000627
equipment 0,430783 0,000084
equivalent 1,078810 0,000210
ere 0,634878 0,000124
erect 0,597837 0,000117
erewhile 2,995732 0,000584
err 1,108663 0,000216
error 0,371064 0,000072
errors 0,248461 0,000048
erst 2,525729 0,000492
escape 0,094311 0,000018
escaped 0,235722 0,000046
escaping 0,776529 0,000151
escort 1,021651 0,000199
escorted 1,139434 0,000222
essay 1,078810 0,000210
essence 0,693147 0,000135
essential 0,597837 0,000117
essentially 1,347074 0,000263
est 1,309333 0,000255
established 0,301105 0,000059
establishment 0,713350 0,000139
eteocles 3,912023 0,000763
eternal 0,415515 0,000081
eternally 1,347074 0,000263
eternity 0,693147 0,000135
ethics 1,560648 0,000304
ethiopia 2,302585 0,000449
etruscan 3,506558 0,000684
euclid 2,207275 0,000430
euryalus 2,995732 0,000584
evangelist 2,659260 0,000518
eve 0,673345 0,000131
evening 0,083382 0,000016
evidence 0,261365 0,000051
evident 0,356675 0,000070
evil 0,162519 0,000032
evils 0,798508 0,000156
evoke 2,120264 0,000413
exact 0,287682 0,000056
exalt 1,714798 0,000334
exaltation 1,714798 0,000334
exalted 0,673345 0,000131
exalting 2,525729 0,000492
examines 2,120264 0,000413
exceeding 0,916291 0,000179
excellence 1,049822 0,000205
excellent 0,150823 0,000029
excess 0,653926 0,000127
exchange 0,342490 0,000067
excited 0,248461 0,000048
exclusion 0,371064 0,000072
excrement 2,659260 0,000518
excuse 0,174353 0,000034
excusing 2,040221 0,000398
executers 3,912023 0,000763
exempt 0,371064 0,000072
exertion 0,967584 0,000189
exhaustion 1,021651 0,000199
exhibits 1,832581 0,000357
exile 0,891598 0,000174
exiled 1,469676 0,000286
exiles 1,609438 0,000314
exist 0,342490 0,000067
existence 0,162519 0,000032
exists 0,235722 0,000046
exonerate 2,659260 0,000518
expectancy 2,302585 0,000449
expected 0,105361 0,000021
expects 1,021651 0,000199
expedient 0,967584 0,000189
expel 1,832581 0,000357
expend 0,462035 0,000090
expenditure 1,469676 0,000286
expense 0,150823 0,000029
expenses 0,210721 0,000041
expensive 0,843970 0,000165
experience 0,083382 0,000016
explain 0,186330 0,000036
explanation 0,139262 0,000027
exporting 0,510826 0,000100
express 0,127833 0,000025
expressed 0,274437 0,000053
expression 0,127833 0,000025
extended 0,446287 0,000087
extends 1,139434 0,000222
extension 1,427116 0,000278
extent 0,083382 0,000016
external 0,562119 0,000110
extinct 1,108663 0,000216
extinguished 0,693147 0,000135
extraordinary 0,371064 0,000072
extreme 0,235722 0,000046
eye 0,030459 0,000006
eyebrow 2,120264 0,000413
eyed 0,597837 0,000117
eyes 0,010050 0,000002
fable 1,237874 0,000241
facility 0,356675 0,000070
faction 1,897120 0,000370
factions 1,832581 0,000357
faculty 0,755023 0,000147
fail 0,235722 0,000046
failing 0,562119 0,000110
fails 0,891598 0,000174
failure 0,446287 0,000087
fain 0,967584 0,000189
faint 0,261365 0,000051
fair 0,051293 0,000010
faith 0,210721 0,000041
faithful 0,261365 0,000051
falcon 1,966113 0,000383
falconer 2,995732 0,000584
fall 0,020203 0,000004
fallen 0,083382 0,000016
falling 0,083382 0,000016
falls 0,328504 0,000064
false 0,210721 0,000041
falsehood 0,733969 0,000143
falsely 1,171183 0,000228
falsified 2,407946 0,000469
falsifiers 3,912023 0,000763
falsify 3,218876 0,000627
falsifying 3,218876 0,000627
falsity 2,407946 0,000469
fame 0,478036 0,000093
famed 2,040221 0,000398
familiar 0,150823 0,000029
families 0,430783 0,000084
family 0,072571 0,000014
famine 1,078810 0,000210
famous 0,261365 0,000051
fangs 1,660731 0,000324
fanning 1,832581 0,000357
fano 2,995732 0,000584
farthest 1,049822 0,000205
fashion 0,174353 0,000034
fashioned 0,446287 0,000087
fast 0,061875 0,000012
fasted 2,040221 0,000398
fastened 0,616186 0,000120
fasting 1,078810 0,000210
fat 0,314711 0,000061
fate 0,174353 0,000034
fated 1,514128 0,000295
fateful 1,832581 0,000357
fates 1,609438 0,000314
father 0,072571 0,000014
fatherland 1,966113 0,000383
fathers 0,478036 0,000093
fathoms 2,120264 0,000413
fatigues 1,714798 0,000334
fault 0,162519 0,000032
favor 1,021651 0,000199
favored 1,897120 0,000370
favorite 1,347074 0,000263
fear 0,020203 0,000004
feared 0,235722 0,000046
fearing 0,673345 0,000131
fears 0,274437 0,000053
feast 0,544727 0,000106
feasts 1,469676 0,000286
feathered 2,040221 0,000398
feathers 0,673345 0,000131
features 0,328504 0,000064
federal 0,527633 0,000103
fee 0,342490 0,000067
feeble 0,371064 0,000072
feed 0,462035 0,000090
feeding 0,616186 0,000120
feeds 1,660731 0,000324
feel 0,020203 0,000004
feeling 0,105361 0,000021
feels 0,446287 0,000087
fees 0,415515 0,000081
feet 0,061875 0,000012
felicitous 2,995732 0,000584
fell 0,051293 0,000010
fellow 0,051293 0,000010
fellowship 1,237874 0,000241
felons 2,207275 0,000430
female 0,385662 0,000075
fen 2,525729 0,000492
ferocious 1,203973 0,000235
ferrara 3,218876 0,000627
ferryman 2,995732 0,000584
fess 2,995732 0,000584
feud 1,714798 0,000334
fever 0,371064 0,000072
fevers 2,040221 0,000398
fidelity 0,967584 0,000189
field 0,150823 0,000029
fierce 0,478036 0,000093
fiercely 0,776529 0,000151
fiery 0,713350 0,000139
fig 1,347074 0,000263
fight 0,162519 0,000032
fightings 3,506558 0,000684
fights 0,916291 0,000179
figs 1,832581 0,000357
figure 0,072571 0,000014
figures 0,248461 0,000048
file 0,235722 0,000046
files 0,478036 0,000093
filippo 2,813411 0,000548
filth 1,139434 0,000222
filthy 1,078810 0,000210
finally 0,150823 0,000029
financial 0,415515 0,000081
fine 0,072571 0,000014
finger 0,261365 0,000051
fingers 0,235722 0,000046
finished 0,162519 0,000032
fireflies 2,995732 0,000584
firm 0,274437 0,000053
firmly 0,342490 0,000067
fish 0,314711 0,000061
fishes 0,967584 0,000189
fissure 2,407946 0,000469
fissures 2,995732 0,000584
fist 0,713350 0,000139
fists 1,108663 0,000216
fit 0,061875 0,000012
fitness 0,446287 0,000087
fitting 0,510826 0,000100
fixedly 1,427116 0,000278
flakes 1,609438 0,000314
flame 0,400478 0,000078
flames 0,616186 0,000120
flaming 0,820981 0,000160
flank 1,272966 0,000248
flanks 1,347074 0,000263
flapping 1,309333 0,000255
flash 0,510826 0,000100
flashed 0,693147 0,000135
flattened 1,714798 0,000334
flatter 0,713350 0,000139
flatterers 1,897120 0,000370
flatteries 2,207275 0,000430
flattery 0,891598 0,000174
flay 1,966113 0,000383
flays 3,506558 0,000684
fleas 2,659260 0,000518
fled 0,371064 0,000072
flee 1,171183 0,000228
fleecy 2,040221 0,000398
fleet 0,776529 0,000151
flemings 3,218876 0,000627
flesh 0,210721 0,000041
flies 0,579818 0,000113
flight 0,314711 0,000061
flings 1,966113 0,000383
float 0,967584 0,000189
flock 0,653926 0,000127
flocks 1,108663 0,000216
flood 0,544727 0,000106
floods 1,386294 0,000270
floor 0,186330 0,000036
florence 1,609438 0,000314
florentine 2,302585 0,000449
florentines 2,995732 0,000584
florin 3,912023 0,000763
flout 3,506558 0,000684
flouted 2,813411 0,000548
flow 0,462035 0,000090
flowerets 3,218876 0,000627
flowers 0,274437 0,000053
flows 0,941609 0,000184
fly 0,210721 0,000041
flying 0,235722 0,000046
foam 0,967584 0,000189
foe 0,776529 0,000151
fog 0,713350 0,000139
folk 0,994252 0,000194
follow 0,020203 0,000004
follower 1,660731 0,000324
followers 0,755023 0,000147
fondness 1,386294 0,000270
font 2,040221 0,000398
food 0,127833 0,000025
foolish 0,235722 0,000046
fools 0,616186 0,000120
foot 0,083382 0,000016
footmen 1,660731 0,000324
footnotes 1,609438 0,000314
footprints 2,120264 0,000413
forbid 0,579818 0,000113
forbidden 0,544727 0,000106
force 0,061875 0,000012
forced 0,139262 0,000027
forces 0,462035 0,000090
ford 1,771957 0,000345
fore 0,755023 0,000147
foreign 0,301105 0,000059
foreland 2,813411 0,000548
forelock 2,120264 0,000413
foreordained 3,912023 0,000763
foresail 2,995732 0,000584
foresee 1,049822 0,000205
foresight 1,139434 0,000222
forest 0,430783 0,000084
foretells 2,995732 0,000584
foretold 1,347074 0,000263
forge 1,347074 0,000263
forgetting 0,597837 0,000117
forgive 0,356675 0,000070
forgotten 0,162519 0,000032
fork 1,021651 0,000199
forked 1,714798 0,000334
forks 1,309333 0,000255
forlorn 1,078810 0,000210
form 0,040822 0,000008
forma 3,912023 0,000763
format 0,562119 0,000110
formats 0,562119 0,000110
formed 0,210721 0,000041
forming 0,527633 0,000103
forms 0,248461 0,000048
fornicate 3,912023 0,000763
forsooth 1,832581 0,000357
fortis 3,218876 0,000627
fortitude 1,078810 0,000210
fortress 1,049822 0,000205
fortune 0,186330 0,000036
fortunes 0,616186 0,000120
foss 2,995732 0,000584
fosse 3,218876 0,000627
fosterer 3,912023 0,000763
fought 0,371064 0,000072
foul 0,634878 0,000124
foundation 0,174353 0,000034
fount 2,040221 0,000398
fountain 0,713350 0,000139
founts 3,912023 0,000763
fourteenth 1,347074 0,000263
fourth 0,186330 0,000036
fox 0,941609 0,000184
fra 2,659260 0,000518
fragment 1,108663 0,000216
frame 0,235722 0,000046
framed 0,916291 0,000179
france 0,544727 0,000106
francis 1,469676 0,000286
frantic 0,820981 0,000160
frate 3,506558 0,000684
fraticelli 3,912023 0,000763
fraud 1,078810 0,000210
frauds 2,302585 0,000449
fraudulent 2,207275 0,000430
fray 1,427116 0,000278
frederick 1,272966 0,000248
freebooters 2,813411 0,000548
freebooting 3,506558 0,000684
freedom 0,223144 0,000043
freely 0,105361 0,000021
french 0,342490 0,000067
frequented 1,078810 0,000210
frequently 0,287682 0,000056
frequents 2,813411 0,000548
fresh 0,105361 0,000021
freshness 1,021651 0,000199
friar 1,966113 0,000383
friars 2,302585 0,000449
friend 0,040822 0,000008
friends 0,020203 0,000004
friendship 0,287682 0,000056
fright 0,653926 0,000127
frightened 0,301105 0,000059
frightful 0,776529 0,000151
frog 1,609438 0,000314
frogs 1,514128 0,000295
frost 0,755023 0,000147
frown 1,078810 0,000210
frozen 0,733969 0,000143
fruit 0,274437 0,000053
fruitful 1,171183 0,000228
fruits 0,446287 0,000087
fulfilled 0,673345 0,000131
fulfilment 1,514128 0,000295
fulness 1,386294 0,000270
fume 2,207275 0,000430
fundamental 1,237874 0,000241
funeral 0,634878 0,000124
furies 1,897120 0,000370
furious 0,430783 0,000084
furnished 0,328504 0,000064
furnishings 2,659260 0,000518
fury 0,328504 0,000064
future 0,105361 0,000021
gad 2,302585 0,000449
gadflies 3,218876 0,000627
gain 0,174353 0,000034
gaining 0,544727 0,000106
gains 0,916291 0,000179
galen 3,218876 0,000627
gall 1,469676 0,000286
gallop 0,994252 0,000194
gambles 3,506558 0,000684
game 0,248461 0,000048
ganges 1,771957 0,000345
garb 1,272966 0,000248
garden 0,198451 0,000039
gardens 0,510826 0,000100
garland 1,660731 0,000324
gate 0,287682 0,000056
gates 0,446287 0,000087
gather 0,328504 0,000064
gathered 0,150823 0,000029
gathers 1,427116 0,000278
gaze 0,544727 0,000106
gazed 0,597837 0,000117
gazes 1,897120 0,000370
gazing 0,597837 0,000117
generated 1,660731 0,000324
generates 2,659260 0,000518
generation 0,510826 0,000100
generations 0,198451 0,000039
genesis 1,427116 0,000278
genius 0,400478 0,000078
genoese 2,407946 0,000469
gentle 0,274437 0,000053
geography 1,514128 0,000295
geometer 3,506558 0,000684
gerfalcon 3,506558 0,000684
german 0,510826 0,000100
germans 1,108663 0,000216
germany 1,049822 0,000205
geryon 2,995732 0,000584
gest 3,912023 0,000763
ghibelline 3,218876 0,000627
giant 0,634878 0,000124
giants 1,049822 0,000205
gibbet 2,120264 0,000413
gift 0,261365 0,000051
gilded 1,171183 0,000228
giovanni 2,995732 0,000584
girdle 1,272966 0,000248
girdles 2,120264 0,000413
girds 2,525729 0,000492
girl 0,235722 0,000046
girt 1,469676 0,000286
girth 1,966113 0,000383
giver 1,609438 0,000314
glad 0,072571 0,000014
gladdened 2,120264 0,000413
glaring 0,967584 0,000189
glass 0,186330 0,000036
glassy 1,660731 0,000324
gleaning 2,813411 0,000548
gliding 1,139434 0,000222
globe 0,891598 0,000174
gloom 0,579818 0,000113
gloomy 0,478036 0,000093
glorious 0,462035 0,000090
glory 0,342490 0,000067
glossed 3,218876 0,000627
glow 0,527633 0,000103
glowing 0,510826 0,000100
glued 1,966113 0,000383
gluttonous 2,302585 0,000449
gluttons 2,813411 0,000548
gluttony 2,120264 0,000413
gnarled 1,560648 0,000304
gnashed 2,525729 0,000492
gnat 2,995732 0,000584
gnaw 2,120264 0,000413
gnawed 1,514128 0,000295
goading 2,207275 0,000430
goads 2,407946 0,000469
goals 0,544727 0,000106
goat 1,021651 0,000199
goats 1,347074 0,000263
goblin 2,407946 0,000469
god 0,094311 0,000018
godlike 1,771957 0,000345
gods 0,653926 0,000127
gold 0,083382 0,000016
golden 0,342490 0,000067
goodness 0,328504 0,000064
goose 0,941609 0,000184
gorge 1,714798 0,000334
gorget 3,506558 0,000684
gorgon 2,407946 0,000469
govern 0,342490 0,000067
government 0,494296 0,000096
governs 1,660731 0,000324
grace 0,235722 0,000046
gracious 0,544727 0,000106
grade 1,714798 0,000334
grain 0,597837 0,000117
grammarian 2,407946 0,000469
grand 0,342490 0,000067
grandchild 2,407946 0,000469
grande 1,897120 0,000370
grandson 1,427116 0,000278
grandsons 2,659260 0,000518
grant 0,371064 0,000072
granted 0,150823 0,000029
grapple 1,771957 0,000345
grappled 1,966113 0,000383
grapples 3,506558 0,000684
grappling 1,832581 0,000357
grass 0,314711 0,000061
gratefully 0,415515 0,000081
gratitude 0,478036 0,000093
grave 0,127833 0,000025
gray 0,733969 0,000143
greasy 1,347074 0,000263
greatly 0,210721 0,000041
greece 1,139434 0,000222
greedy 1,021651 0,000199
greek 0,544727 0,000106
greeks 0,994252 0,000194
green 0,105361 0,000021
greenest 2,659260 0,000518
greeting 0,798508 0,000156
grew 0,139262 0,000027
greyhounds 2,302585 0,000449
grief 0,356675 0,000070
grieve 0,916291 0,000179
grieved 0,916291 0,000179
grieves 1,966113 0,000383
grieving 1,386294 0,000270
grievous 0,967584 0,000189
grin 0,967584 0,000189
grinning 1,049822 0,000205
grip 0,916291 0,000179
gripe 2,525729 0,000492
grisly 2,040221 0,000398
groan 0,891598 0,000174
groin 2,407946 0,000469
groping 1,049822 0,000205
gross 0,235722 0,000046
ground 0,030459 0,000006
groveling 2,995732 0,000584
grown 0,116534 0,000023
grows 0,527633 0,000103
grubs 2,995732 0,000584
grudge 1,171183 0,000228
grumbles 3,218876 0,000627
guard 0,174353 0,000034
guarded 0,597837 0,000117
guelph 3,218876 0,000627
guests 0,446287 0,000087
guidance 0,776529 0,000151
guide 0,261365 0,000051
guides 1,108663 0,000216
guido 2,302585 0,000449
guile 1,514128 0,000295
guilt 0,544727 0,000106
guilty 0,356675 0,000070
guinevere 3,506558 0,000684
gules 2,995732 0,000584
gulf 0,755023 0,000147
gullet 2,407946 0,000469
gullets 3,218876 0,000627
gulley 3,912023 0,000763
gurgle 2,407946 0,000469
gushed 1,714798 0,000334
guy 2,120264 0,000413
guzzle 3,506558 0,000684
hades 2,659260 0,000518
hadst 1,714798 0,000334
hail 0,634878 0,000124
hair 0,094311 0,000018
hairy 1,078810 0,000210
hallway 2,659260 0,000518
halt 0,755023 0,000147
hammers 1,966113 0,000383
hand 0,010050 0,000002
handmaids 2,207275 0,000430
hands 0,020203 0,000004
hanging 0,261365 0,000051
hangs 0,941609 0,000184
hannibal 1,897120 0,000370
happen 0,150823 0,000029
happened 0,094311 0,000018
happiness 0,150823 0,000029
happy 0,072571 0,000014
harbor 1,514128 0,000295
harbored 2,302585 0,000449
hard 0,040822 0,000008
harder 0,597837 0,000117
hardihood 1,771957 0,000345
hardy 0,994252 0,000194
harlot 1,660731 0,000324
harm 0,210721 0,000041
harmed 1,897120 0,000370
harmful 2,407946 0,000469
harmless 0,248461 0,000048
harmonized 2,525729 0,000492
harmony 0,579818 0,000113
harms 2,813411 0,000548
harpies 2,407946 0,000469
harsh 0,510826 0,000100
hart 0,462035 0,000090
haruspex 3,506558 0,000684
harvested 2,813411 0,000548
hast 0,891598 0,000174
haste 0,371064 0,000072
hasten 1,021651 0,000199
hastened 0,616186 0,000120
hastily 0,462035 0,000090
hasty 0,510826 0,000100
hate 0,274437 0,000053
hatred 0,494296 0,000096
hauberk 3,912023 0,000763
haunch 2,407946 0,000469
haunches 1,714798 0,000334
head 0,000000 0,000000
headlong 0,843970 0,000165
heads 0,094311 0,000018
heap 0,494296 0,000096
heaped 0,994252 0,000194
heaps 0,733969 0,000143
hear 0,010050 0,000002
heard 0,020203 0,000004
hearing 0,139262 0,000027
hears 0,673345 0,000131
heart 0,010050 0,000002
hearts 0,261365 0,000051
heat 0,274437 0,000053
heathen 1,272966 0,000248
heats 2,302585 0,000449
heaven 0,198451 0,000039
heavenly 0,843970 0,000165
heavens 0,430783 0,000084
heavily 0,400478 0,000078
heaviness 1,714798 0,000334
heavy 0,030459 0,000006
hectic 1,966113 0,000383
hector 1,832581 0,000357
hecuba 2,525729 0,000492
hedge 0,994252 0,000194
heed 0,693147 0,000135
heeded 1,469676 0,000286
heels 0,446287 0,000087
height 0,261365 0,000051
heir 0,653926 0,000127
held 0,040822 0,000008
helen 1,714798 0,000334
heliotrope 2,813411 0,000548
hem 1,469676 0,000286
hemisphere 2,040221 0,000398
hemispheres 2,525729 0,000492
henceforth 0,867501 0,000169
henry 0,713350 0,000139
herb 1,309333 0,000255
hercules 1,272966 0,000248
herd 0,713350 0,000139
heretic 2,207275 0,000430
heretics 2,302585 0,000449
heretofore 1,272966 0,000248
herewith 2,207275 0,000430
heroes 0,713350 0,000139
hexameter 3,218876 0,000627
hidden 0,248461 0,000048
hide 0,287682 0,000056
hideous 0,527633 0,000103
hierarchy 2,207275 0,000430
highly 0,261365 0,000051
highways 1,660731 0,000324
hill 0,248461 0,000048
hills 0,356675 0,000070
hillside 1,469676 0,000286
hinder 0,820981 0,000160
hindered 1,347074 0,000263
hinders 1,897120 0,000370
hindrance 1,139434 0,000222
hindrances 2,407946 0,000469
hippocrates 2,407946 0,000469
hisses 2,207275 0,000430
hissing 1,237874 0,000241
history 0,186330 0,000036
hitherto 0,385662 0,000075
hoar 1,609438 0,000314
hoarse 0,867501 0,000169
hog 1,714798 0,000334
hold 0,020203 0,000004
holder 0,446287 0,000087
holding 0,174353 0,000034
holds 0,342490 0,000067
hole 0,356675 0,000070
holes 0,562119 0,000110
hollow 0,446287 0,000087
hollowed 1,771957 0,000345
holy 0,385662 0,000075
homer 1,203973 0,000235
homeward 0,891598 0,000174
homicides 3,912023 0,000763
hones 3,218876 0,000627
honest 0,235722 0,000046
honor 0,891598 0,000174
honorable 1,386294 0,000270
honored 1,427116 0,000278
honors 1,514128 0,000295
hood 1,386294 0,000270
hoods 2,525729 0,000492
hook 0,798508 0,000156
hooked 1,469676 0,000286
hooks 1,171183 0,000228
hope 0,010050 0,000002
hopes 0,210721 0,000041
horace 1,514128 0,000295
horizon 0,616186 0,000120
horn 0,776529 0,000151
horned 1,832581 0,000357
horns 0,867501 0,000169
horrible 0,356675 0,000070
horribly 0,916291 0,000179
horror 0,248461 0,000048
horse 0,162519 0,000032
horsemen 1,171183 0,000228
horses 0,261365 0,000051
hospitals 1,427116 0,000278
host 0,478036 0,000093
hostile 0,776529 0,000151
hot 0,116534 0,000023
hound 1,272966 0,000248
hounds 1,139434 0,000222
hour 0,083382 0,000016
hours 0,094311 0,000018
house 0,020203 0,000004
household 0,430783 0,000084
houses 0,139262 0,000027
howl 1,021651 0,000199
howls 2,040221 0,000398
howsoever 2,120264 0,000413
huddles 3,912023 0,000763
huge 0,400478 0,000078
hum 0,891598 0,000174
human 0,083382 0,000016
humanity 0,494296 0,000096
humble 0,301105 0,000059
humiliated 1,609438 0,000314
humor 1,272966 0,000248
hundredth 1,347074 0,000263
hung 0,174353 0,000034
hunger 0,478036 0,000093
hungrier 2,659260 0,000518
hunt 0,544727 0,000106
hurl 1,469676 0,000286
hurled 1,171183 0,000228
hurricane 1,560648 0,000304
hurt 0,198451 0,000039
hurts 1,139434 0,000222
husband 0,248461 0,000048
hushed 1,049822 0,000205
hydras 2,995732 0,000584
hydropic 3,912023 0,000763
hydropsy 3,912023 0,000763
hymn 1,021651 0,000199
hypocrisy 1,386294 0,000270
hypocrites 2,813411 0,000548
hypothetical 2,525729 0,000492
hypsipyle 2,813411 0,000548
icarus 3,506558 0,000684
ice 0,527633 0,000103
ida 2,040221 0,000398
ideals 1,609438 0,000314
identification 0,527633 0,000103
identify 0,415515 0,000081
idolater 3,218876 0,000627
ignorance 0,287682 0,000056
iii 0,287682 0,000056
iliad 1,966113 0,000383
ilion 2,813411 0,000548
illness 0,616186 0,000120
illuminated 1,108663 0,000216
illustration 1,139434 0,000222
illustrations 1,108663 0,000216
illustrious 1,021651 0,000199
image 0,371064 0,000072
imagery 2,302585 0,000449
images 0,867501 0,000169
imagination 0,223144 0,000043
imaginations 1,309333 0,000255
imaginative 1,609438 0,000314
imagine 0,139262 0,000027
imagined 0,287682 0,000056
imagining 0,941609 0,000184
immersion 2,995732 0,000584
immortal 0,776529 0,000151
immortals 2,120264 0,000413
impatient 0,371064 0,000072
impede 2,207275 0,000430
imperfect 0,673345 0,000131
impetuous 1,021651 0,000199
impious 1,714798 0,000334
implied 0,371064 0,000072
import 1,021651 0,000199
imported 1,714798 0,000334
imposed 0,210721 0,000041
impossible 0,094311 0,000018
inaccurate 0,510826 0,000100
inadequate 1,237874 0,000241
incarcerate 3,912023 0,000763
incense 1,049822 0,000205
inch 0,634878 0,000124
incident 0,527633 0,000103
incidental 0,446287 0,000087
incidents 0,693147 0,000135
incited 1,714798 0,000334
incline 1,049822 0,000205
inclined 0,186330 0,000036
include 0,274437 0,000053
included 0,162519 0,000032
includes 0,462035 0,000090
including 0,139262 0,000027
incomparable 1,714798 0,000334
incomplete 0,301105 0,000059
incontinence 2,659260 0,000518
incorporated 1,771957 0,000345
incorporeal 2,659260 0,000518
increase 0,287682 0,000056
increased 0,248461 0,000048
increasing 0,127833 0,000025
increate 3,218876 0,000627
incredible 0,653926 0,000127
incurred 1,309333 0,000255
incurs 3,218876 0,000627
indemnify 0,527633 0,000103
indemnity 0,527633 0,000103
independent 0,510826 0,000100
india 0,843970 0,000165
indication 1,171183 0,000228
indignant 0,820981 0,000160
indirect 0,446287 0,000087
indirectly 0,371064 0,000072
indispensable 0,843970 0,000165
individual 0,150823 0,000029
individuality 1,609438 0,000314
individuals 0,673345 0,000131
indoors 1,469676 0,000286
induced 0,527633 0,000103
inebriated 3,506558 0,000684
ineffectual 1,469676 0,000286
infallible 1,108663 0,000216
infamy 1,203973 0,000235
infants 1,171183 0,000228
infects 3,218876 0,000627
infernal 0,843970 0,000165
inferno 2,659260 0,000518
inferred 1,386294 0,000270
infidelity 1,714798 0,000334
infinite 0,430783 0,000084
inflame 2,040221 0,000398
inflamed 1,203973 0,000235
inflicted 0,798508 0,000156
influence 0,198451 0,000039
inform 0,510826 0,000100
informed 0,371064 0,000072
infrequently 2,302585 0,000449
infringement 0,544727 0,000106
inhabitants 0,446287 0,000087
inhabited 0,713350 0,000139
inheritance 0,798508 0,000156
injured 0,579818 0,000113
injures 2,207275 0,000430
injury 0,446287 0,000087
inn 0,713350 0,000139
innermost 1,771957 0,000345
innocent 0,186330 0,000036
insane 0,994252 0,000194
inscribe 2,407946 0,000469
inscription 1,272966 0,000248
insolence 0,994252 0,000194
inspired 0,510826 0,000100
instance 0,150823 0,000029
instant 0,210721 0,000041
instantly 0,356675 0,000070
institutions 1,203973 0,000235
instructed 0,713350 0,000139
instruction 0,713350 0,000139
instrument 0,356675 0,000070
intellect 0,693147 0,000135
intellectual 0,235722 0,000046
intelligence 0,301105 0,000059
intelligences 2,525729 0,000492
intend 0,494296 0,000096
intended 0,174353 0,000034
intensely 0,820981 0,000160
intent 0,527633 0,000103
intention 0,186330 0,000036
inter 1,714798 0,000334
interfere 0,544727 0,000106
interior 0,673345 0,000131
internal 0,261365 0,000051
international 0,494296 0,000096
interpretation 1,078810 0,000210
interpreted 0,274437 0,000053
interpreter 1,171183 0,000228
intervened 1,347074 0,000263
introduced 0,356675 0,000070
introduction 0,400478 0,000078
invalidity 0,527633 0,000103
invaluable 1,386294 0,000270
invented 0,597837 0,000117
inventor 1,560648 0,000304
inverts 3,506558 0,000684
invisible 0,562119 0,000110
invitation 0,579818 0,000113
invited 0,415515 0,000081
invites 1,660731 0,000324
involved 0,579818 0,000113
inwardly 0,798508 0,000156
ire 1,832581 0,000357
irk 3,218876 0,000627
irks 2,995732 0,000584
irksome 1,469676 0,000286
iron 0,198451 0,000039
ironical 1,386294 0,000270
irs 0,562119 0,000110
iscariot 3,912023 0,000763
island 0,400478 0,000078
islands 0,755023 0,000147
isle 1,427116 0,000278
israel 1,386294 0,000270
issue 0,462035 0,000090
issued 0,579818 0,000113
issues 1,427116 0,000278
issuing 1,078810 0,000210
italian 0,653926 0,000127
italians 1,514128 0,000295
italy 0,820981 0,000160
itch 1,966113 0,000383
itching 2,207275 0,000430
iv 0,328504 0,000064
ivy 1,272966 0,000248
ix 0,494296 0,000096
jag 3,912023 0,000763
james 0,673345 0,000131
jason 2,302585 0,000449
jaw 0,820981 0,000160
jaws 0,733969 0,000143
jehoshaphat 3,218876 0,000627
jericho 2,207275 0,000430
jerusalem 1,237874 0,000241
jest 0,673345 0,000131
jews 1,078810 0,000210
john 0,328504 0,000064
joints 1,108663 0,000216
joseph 0,994252 0,000194
journey 0,198451 0,000039
joust 3,506558 0,000684
jousts 2,995732 0,000584
jove 1,108663 0,000216
jovial 1,609438 0,000314
joy 0,139262 0,000027
joyous 0,941609 0,000184
jubilee 2,120264 0,000413
judas 2,120264 0,000413
judge 0,116534 0,000023
judges 0,597837 0,000117
judgment 0,198451 0,000039
judgments 1,237874 0,000241
judicatures 3,506558 0,000684
juice 1,347074 0,000263
julia 2,120264 0,000413
julio 3,506558 0,000684
july 0,616186 0,000120
jumps 2,040221 0,000398
juncture 1,386294 0,000270
june 0,527633 0,000103
juno 1,897120 0,000370
jurist 2,995732 0,000584
justice 0,162519 0,000032
justly 0,653926 0,000127
jutted 2,207275 0,000430
keeping 1,078810 0,000210
kick 0,653926 0,000127
kill 0,127833 0,000025
killed 0,223144 0,000043
kills 1,139434 0,000222
kin 1,139434 0,000222
kindle 1,272966 0,000248
kindled 0,867501 0,000169
king 0,223144 0,000043
kingdom 0,494296 0,000096
kings 0,527633 0,000103
kinsfolk 2,525729 0,000492
kinsmen 2,120264 0,000413
kiss 0,562119 0,000110
kissed 0,462035 0,000090
knavery 2,659260 0,000518
knavish 2,813411 0,000548
knees 0,223144 0,000043
knife 0,356675 0,000070
knightly 2,525729 0,000492
knot 0,673345 0,000131
knots 1,139434 0,000222
knotted 1,469676 0,000286
knotty 1,966113 0,000383
knowledge 0,061875 0,000012
labored 1,660731 0,000324
lack 0,478036 0,000093
laden 0,673345 0,000131
ladies 0,314711 0,000061
lady 0,248461 0,000048
laid 0,072571 0,000014
lair 1,560648 0,000304
lake 0,210721 0,000041
lament 1,203973 0,000235
lamentable 1,469676 0,000286
lamentation 1,560648 0,000304
lamentations 1,386294 0,000270
lamented 1,139434 0,000222
lamenting 1,560648 0,000304
laments 2,659260 0,000518
lamp 0,478036 0,000093
lance 1,469676 0,000286
lancelot 3,218876 0,000627
land 0,072571 0,000014
landed 0,527633 0,000103
lands 0,544727 0,000106
language 0,072571 0,000014
languages 0,967584 0,000189
languishes 3,506558 0,000684
languishing 1,660731 0,000324
lantern 0,967584 0,000189
lap 0,634878 0,000124
largess 2,995732 0,000584
lastly 0,867501 0,000169
late 0,094311 0,000018
lateran 3,218876 0,000627
latian 3,506558 0,000684
latin 0,653926 0,000127
latinus 2,995732 0,000584
laudable 1,609438 0,000314
lave 2,302585 0,000449
lavinia 2,659260 0,000518
law 0,030459 0,000006
laws 0,083382 0,000016
lay 0,051293 0,000010
layman 2,407946 0,000469
lays 0,798508 0,000156
le 1,049822 0,000205
lead 0,083382 0,000016
leaded 2,659260 0,000518
leaden 1,237874 0,000241
leader 0,462035 0,000090
leaders 0,820981 0,000160
leadeth 2,407946 0,000469
leading 0,139262 0,000027
leads 0,462035 0,000090
lean 0,579818 0,000113
leaned 0,634878 0,000124
leaning 0,301105 0,000059
leap 0,562119 0,000110
leaped 0,713350 0,000139
learchus 3,506558 0,000684
learn 0,020203 0,000004
learned 0,105361 0,000021
learns 1,108663 0,000216
leather 0,544727 0,000106
leave 0,000000 0,000000
leaves 0,094311 0,000018
leaving 0,083382 0,000016
lector 3,506558 0,000684
led 0,040822 0,000008
ledge 1,272966 0,000248
left 0,000000 0,000000
legal 0,261365 0,000051
legally 0,342490 0,000067
legato 3,912023 0,000763
legend 1,049822 0,000205
legs 0,274437 0,000053
leicester 2,659260 0,000518
leipzig 2,813411 0,000548
lends 1,609438 0,000314
lengthen 1,771957 0,000345
leonine 2,525729 0,000492
leopard 2,302585 0,000449
leprosy 2,302585 0,000449
leprous 2,407946 0,000469
lessened 1,272966 0,000248
lethe 2,407946 0,000469
letter 0,116534 0,000023
letters 0,198451 0,000039
level 0,274437 0,000053
leveret 2,659260 0,000518
levied 2,120264 0,000413
liability 0,462035 0,000090
liable 0,235722 0,000046
liberty 0,223144 0,000043
library 0,223144 0,000043
libya 2,813411 0,000548
license 0,301105 0,000059
licensed 0,430783 0,000084
licit 3,912023 0,000763
lick 1,203973 0,000235
licks 2,302585 0,000449
lid 0,820981 0,000160
lids 1,171183 0,000228
lie 0,040822 0,000008
lied 1,171183 0,000228
lies 0,162519 0,000032
lieu 0,415515 0,000081
life -0,009950 -0,000002
lift 0,415515 0,000081
lifted 0,274437 0,000053
lifting 0,653926 0,000127
lifts 1,139434 0,000222
light 0,010050 0,000002
lightens 2,302585 0,000449
lighter 0,527633 0,000103
lightly 0,430783 0,000084
lights 0,301105 0,000059
likeness 0,693147 0,000135
limb 0,798508 0,000156
limbed 2,120264 0,000413
limbo 2,407946 0,000469
limbs 0,274437 0,000053
limitation 0,478036 0,000093
limited 0,261365 0,000051
limits 0,494296 0,000096
limpid 1,897120 0,000370
lingers 2,120264 0,000413
linked 0,385662 0,000075
links 0,415515 0,000081
linus 3,218876 0,000627
lion 0,713350 0,000139
lioness 2,120264 0,000413
lions 1,021651 0,000199
lip 0,673345 0,000131
lips 0,127833 0,000025
listed 2,040221 0,000398
listen 0,127833 0,000025
listened 0,274437 0,000053
listening 0,261365 0,000051
listens 1,386294 0,000270
literal 1,714798 0,000334
literally 0,713350 0,000139
literary 0,287682 0,000056
litter 0,994252 0,000194
live 0,010050 0,000002
lived 0,061875 0,000012
livelihood 1,514128 0,000295
lives 0,072571 0,000014
liveth 2,302585 0,000449
livid 1,171183 0,000228
living 0,020203 0,000004
livres 2,659260 0,000518
lizard 1,714798 0,000334
lo 0,916291 0,000179
load 0,634878 0,000124
loathsome 1,078810 0,000210
local 0,713350 0,000139
locality 1,347074 0,000263
located 0,400478 0,000078
locations 0,544727 0,000106
lock 0,385662 0,000075
locked 0,430783 0,000084
locking 1,272966 0,000248
locks 0,733969 0,000143
loftiest 1,771957 0,000345
loftiness 2,659260 0,000518
lofty 0,494296 0,000096
log 0,941609 0,000184
logician 2,659260 0,000518
lombard 2,120264 0,000413
london 0,415515 0,000081
longing 0,653926 0,000127
loose 0,105361 0,000021
loosed 1,203973 0,000235
lopped 2,525729 0,000492
lord 0,223144 0,000043
lordship 1,771957 0,000345
lose 0,094311 0,000018
loses 0,916291 0,000179
losing 0,235722 0,000046
loss 0,094311 0,000018
lost 0,020203 0,000004
lot 0,061875 0,000012
loud 0,174353 0,000034
loudly 0,400478 0,000078
louis 1,078810 0,000210
love 0,051293 0,000010
loved 0,198451 0,000039
lover 0,385662 0,000075
loving 0,478036 0,000093
lowell 2,813411 0,000548
lucan 2,995732 0,000584
luce 3,218876 0,000627
lucent 2,995732 0,000584
lucia 2,813411 0,000548
lucifer 1,966113 0,000383
luckless 1,714798 0,000334
lucretia 2,407946 0,000469
lui 2,207275 0,000430
luminous 1,078810 0,000210
lunge 2,302585 0,000449
lungs 0,916291 0,000179
lure 1,609438 0,000314
lured 1,832581 0,000357
lurid 1,609438 0,000314
lust 0,891598 0,000174
lute 2,040221 0,000398
luxurious 0,916291 0,000179
luxury 0,527633 0,000103
lying 0,061875 0,000012
maccabees 2,813411 0,000548
machine 0,248461 0,000048
mad 0,261365 0,000051
magic 0,673345 0,000131
magical 1,660731 0,000324
magicians 1,897120 0,000370
magistrate 0,994252 0,000194
magistrates 1,347074 0,000263
magnanimous 1,469676 0,000286
magus 2,813411 0,000548
mahomet 1,660731 0,000324
maiden 0,820981 0,000160
main 0,127833 0,000025
mainsail 2,995732 0,000584
maintain 0,562119 0,000110
maintained 0,653926 0,000127
maintaining 0,235722 0,000046
maintains 1,427116 0,000278
major 1,108663 0,000216
maker 0,867501 0,000169
malarial 3,506558 0,000684
male 0,597837 0,000117
malebolge 3,506558 0,000684
males 1,560648 0,000304
malice 0,776529 0,000151
malign 2,207275 0,000430
maltreating 3,912023 0,000763
mamma 1,237874 0,000241
manager 0,653926 0,000127
manfred 2,813411 0,000548
mangled 1,660731 0,000324
mangling 3,218876 0,000627
mangona 3,912023 0,000763
manifest 0,755023 0,000147
mankind 0,478036 0,000093
manner 0,040822 0,000008
mantle 0,820981 0,000160
manto 3,218876 0,000627
mantua 2,525729 0,000492
mantuan 2,813411 0,000548
mar 1,514128 0,000295
marble 0,597837 0,000117
marbles 1,660731 0,000324
march 0,274437 0,000053
marcia 2,995732 0,000584
mare 1,272966 0,000248
maremma 3,218876 0,000627
marge 3,506558 0,000684
margin 1,078810 0,000210
margins 2,120264 0,000413
maria 1,427116 0,000278
mark 0,127833 0,000025
marked 0,061875 0,000012
marks 0,328504 0,000064
marquis 1,609438 0,000314
mars 1,427116 0,000278
marsh 1,309333 0,000255
martin 1,427116 0,000278
marvel 1,021651 0,000199
marvelling 2,120264 0,000413
marvelous 1,609438 0,000314
marvelously 2,302585 0,000449
masculine 1,347074 0,000263
mass 0,301105 0,000059
massachusetts 2,207275 0,000430
mast 1,386294 0,000270
master 0,083382 0,000016
mastered 0,967584 0,000189
masters 0,446287 0,000087
mastery 1,171183 0,000228
mastiff 1,897120 0,000370
match 0,385662 0,000075
material 0,328504 0,000064
matter 0,010050 0,000002
matthias 3,218876 0,000627
mattock 2,207275 0,000430
mausoleum 2,813411 0,000548
maximum 0,478036 0,000093
mayest 2,407946 0,000469
mayst 2,302585 0,000449
meadow 0,994252 0,000194
meagreness 2,995732 0,000584
meal 0,301105 0,000059
meaning 0,210721 0,000041
measure 0,301105 0,000059
meat 0,356675 0,000070
medea 2,302585 0,000449
medicine 0,597837 0,000117
mediterranean 1,609438 0,000314
medium 0,223144 0,000043
medusa 2,407946 0,000469
meet 0,010050 0,000002
meets 0,713350 0,000139
megaera 3,218876 0,000627
melancholy 0,342490 0,000067
melted 0,713350 0,000139
melting 0,941609 0,000184
memory 0,174353 0,000034
mentioned 0,223144 0,000043
mentions 1,514128 0,000295
merchantability 0,994252 0,000194
merciless 1,427116 0,000278
mercury 1,203973 0,000235
mercy 0,223144 0,000043
mere 0,094311 0,000018
merit 0,544727 0,000106
merits 0,693147 0,000135
messenger 0,634878 0,000124
messer 2,813411 0,000548
met 0,040822 0,000008
metal 0,597837 0,000117
metals 1,427116 0,000278
method 0,094311 0,000018
methods 0,210721 0,000041
metrical 2,525729 0,000492
mew 2,995732 0,000584
mezzo 3,218876 0,000627
michael 0,400478 0,000078
michel 2,813411 0,000548
mid 1,832581 0,000357
middle 0,030459 0,000006
midst 0,287682 0,000056
midway 1,514128 0,000295
mightily 1,469676 0,000286
mighty 0,328504 0,000064
mile 0,342490 0,000067
miles 0,223144 0,000043
milked 2,659260 0,000518
milks 3,912023 0,000763
mincio 3,912023 0,000763
mind 0,020203 0,000004
minds 0,235722 0,000046
mingled 0,462035 0,000090
ministers 0,776529 0,000151
ministress 3,912023 0,000763
minor 0,733969 0,000143
minos 2,525729 0,000492
minotaur 2,659260 0,000518
minstrel 1,966113 0,000383
minutest 1,771957 0,000345
mire 1,049822 0,000205
mirror 0,693147 0,000135
mis 1,609438 0,000314
miscreant 2,207275 0,000430
miscreants 2,659260 0,000518
miserable 0,210721 0,000041
miserably 1,108663 0,000216
misery 0,301105 0,000059
misfortune 0,478036 0,000093
misrule 2,995732 0,000584
mission 0,210721 0,000041
mississippi 0,415515 0,000081
mist 0,544727 0,000106
mistrust 1,309333 0,000255
misuse 2,302585 0,000449
mittimus 3,912023 0,000763
mixed 0,385662 0,000075
mixture 0,616186 0,000120
moaning 1,272966 0,000248
moats 2,995732 0,000584
mock 0,755023 0,000147
mocked 1,469676 0,000286
mode 0,634878 0,000124
moderate 0,653926 0,000127
modern 0,314711 0,000061
modestly 1,139434 0,000222
modesty 0,733969 0,000143
modification 0,494296 0,000096
modified 0,385662 0,000075
moist 0,843970 0,000165
mole 1,309333 0,000255
molest 2,040221 0,000398
molested 2,207275 0,000430
molestful 3,912023 0,000763
molests 3,506558 0,000684
moment 0,010050 0,000002
monday 0,891598 0,000174
money 0,051293 0,000010
monks 1,469676 0,000286
monstrous 0,400478 0,000078
mont 2,120264 0,000413
monte 2,302585 0,000449
monuments 1,171183 0,000228
moon 0,287682 0,000056
moons 1,609438 0,000314
moore 2,525729 0,000492
moral 0,301105 0,000059
morality 0,867501 0,000169
moras 3,912023 0,000763
morn 1,609438 0,000314
morning 0,040822 0,000008
morocco 1,832581 0,000357
morrow 0,328504 0,000064
mortal 0,400478 0,000078
mortals 0,994252 0,000194
moses 1,139434 0,000222
mosques 2,659260 0,000518
mother 0,072571 0,000014
motion 0,328504 0,000064
motionless 0,544727 0,000106
motives 0,579818 0,000113
motto 1,386294 0,000270
mould 0,891598 0,000174
moulded 1,832581 0,000357
mount 0,494296 0,000096
mountain 0,400478 0,000078
mountains 0,400478 0,000078
mounted 0,446287 0,000087
mounting 0,843970 0,000165
mourns 2,302585 0,000449
mouse 0,941609 0,000184
mouth 0,105361 0,000021
mouths 0,462035 0,000090
movement 0,328504 0,000064
mud 0,478036 0,000093
muddy 0,916291 0,000179
mule 1,347074 0,000263
mult 3,912023 0,000763
murder 0,314711 0,000061
murdered 0,733969 0,000143
murderer 0,733969 0,000143
murderers 1,386294 0,000270
murky 1,771957 0,000345
murmuring 0,967584 0,000189
muses 1,660731 0,000324
music 0,198451 0,000039
musical 0,579818 0,000113
muster 1,203973 0,000235
mute 0,776529 0,000151
mutilated 1,560648 0,000304
mutual 0,510826 0,000100
mutually 1,386294 0,000270
muzzle 1,309333 0,000255
muzzles 3,218876 0,000627
myrrh 2,207275 0,000430
nails 0,616186 0,000120
naked 0,274437 0,000053
nape 1,771957 0,000345
naples 1,272966 0,000248
narcissus 2,302585 0,000449
nard 3,218876 0,000627
narrating 2,302585 0,000449
narration 1,714798 0,000334
narrative 0,616186 0,000120
narrator 2,040221 0,000398
narrow 0,105361 0,000021
narrowness 1,560648 0,000304
nasty 1,171183 0,000228
native 0,328504 0,000064
natural 0,094311 0,000018
naturally 0,210721 0,000041
nature 0,094311 0,000018
natures 0,820981 0,000160
navarrese 3,912023 0,000763
navel 2,040221 0,000398
nearness 1,771957 0,000345
nebuchadnezzar 2,525729 0,000492
necessity 0,261365 0,000051
neck 0,186330 0,000036
necks 0,891598 0,000174
needful 1,108663 0,000216
needle 0,798508 0,000156
needless 1,049822 0,000205
negligence 0,415515 0,000081
neighbor 1,427116 0,000278
neighborhood 1,171183 0,000228
neighbors 1,272966 0,000248
nephew 1,021651 0,000199
neptune 1,966113 0,000383
nerve 0,867501 0,000169
nerves 0,544727 0,000106
nessus 3,218876 0,000627
nest 0,733969 0,000143
nestle 2,407946 0,000469
nests 1,386294 0,000270
nether 1,832581 0,000357
network 0,415515 0,000081
nevermore 3,506558 0,000684
news 0,210721 0,000041
newsletter 0,562119 0,000110
niccolo 3,218876 0,000627
nicholas 1,771957 0,000345
nick 1,386294 0,000270
nicodemus 3,218876 0,000627
nigh 0,843970 0,000165
night 0,010050 0,000002
nights 0,235722 0,000046
nile 1,469676 0,000286
nimble 1,171183 0,000228
nimrod 2,407946 0,000469
ninth 0,994252 0,000194
nisus 2,995732 0,000584
noah 1,514128 0,000295
nobility 0,755023 0,000147
noble 0,248461 0,000048
noise 0,139262 0,000027
noisome 2,207275 0,000430
nonproprietary 0,562119 0,000110
nooses 2,659260 0,000518
norman 1,966113 0,000383
north 0,083382 0,000016
northern 0,653926 0,000127
nose 0,274437 0,000053
notable 1,272966 0,000248
notch 2,207275 0,000430
note 0,127833 0,000025
notes 0,261365 0,000051
notice 0,030459 0,000006
noticeable 1,309333 0,000255
notifies 0,527633 0,000103
notorious 1,049822 0,000205
notre 2,120264 0,000413
nourished 1,660731 0,000324
nourishment 0,994252 0,000194
novelty 0,916291 0,000179
nurtured 1,897120 0,000370
oar 1,237874 0,000241
oars 1,203973 0,000235
obdurate 1,771957 0,000345
obedient 0,544727 0,000106
obey 0,400478 0,000078
object 0,127833 0,000025
objects 0,356675 0,000070
obliged 0,287682 0,000056
obscure 0,544727 0,000106
obscurity 1,049822 0,000205
observe 0,235722 0,000046
observed 0,162519 0,000032
obsolete 0,446287 0,000087
obverse 3,218876 0,000627
obvious 0,415515 0,000081
occasion 0,105361 0,000021
occasional 0,510826 0,000100
occasionally 0,371064 0,000072
occasioned 0,798508 0,000156
occult 2,040221 0,000398
occur 0,150823 0,000029
ocean 0,430783 0,000084
october 0,653926 0,000127
ode 2,120264 0,000413
odyssey 2,302585 0,000449
oedipus 2,525729 0,000492
offends 2,040221 0,000398
offense 1,609438 0,000314
offered 0,139262 0,000027
offers 0,198451 0,000039
office 0,072571 0,000014
offices 0,510826 0,000100
official 0,235722 0,000046
offspring 0,994252 0,000194
oft 1,347074 0,000263
oftentime 3,912023 0,000763
oftentimes 1,832581 0,000357
oiled 1,897120 0,000370
olden 1,966113 0,000383
olympus 1,966113 0,000383
online 0,510826 0,000100
onward 1,108663 0,000216
opportunities 0,235722 0,000046
opportunity 0,061875 0,000012
opposed 0,653926 0,000127
opposing 0,891598 0,000174
opposition 0,494296 0,000096
oppresses 2,302585 0,000449
opprobrious 2,659260 0,000518
oracula 3,506558 0,000684
orange 0,941609 0,000184
ordained 1,108663 0,000216
ordains 1,897120 0,000370
ordure 2,659260 0,000518
organized 0,356675 0,000070
origin 0,544727 0,000106
original 0,105361 0,000021
originator 0,527633 0,000103
orion 2,302585 0,000449
orison 2,813411 0,000548
ornate 3,218876 0,000627
orpheus 2,120264 0,000413
ossa 3,506558 0,000684
otter 2,407946 0,000469
otus 3,218876 0,000627
outcast 1,386294 0,000270
outcasts 2,120264 0,000413
outdated 0,562119 0,000110
outer 0,510826 0,000100
outlet 1,514128 0,000295
outrage 1,049822 0,000205
outset 1,237874 0,000241
outstrip 1,966113 0,000383
outward 0,579818 0,000113
outwardly 1,309333 0,000255
outworn 3,506558 0,000684
overacts 3,912023 0,000763
overcame 0,941609 0,000184
overcome 0,261365 0,000051
overshadows 3,218876 0,000627
overthrow 1,203973 0,000235
overweening 2,659260 0,000518
ovid 2,407946 0,000469
owe 0,494296 0,000096
owed 0,139262 0,000027
owner 0,116534 0,000023
ox 0,941609 0,000184
oxford 1,272966 0,000248
pace 0,328504 0,000064
paddles 2,207275 0,000430
paduan 3,506558 0,000684
paid 0,061875 0,000012
pain 0,174353 0,000034
pains 0,301105 0,000059
painted 0,356675 0,000070
palace 0,510826 0,000100
palazzo 2,813411 0,000548
pale 0,198451 0,000039
palladium 2,995732 0,000584
pallid 1,237874 0,000241
palms 0,820981 0,000160
palsy 2,040221 0,000398
pan 0,967584 0,000189
pandar 3,912023 0,000763
panders 3,912023 0,000763
panting 0,597837 0,000117
papacy 2,659260 0,000518
papal 2,120264 0,000413
pape 3,912023 0,000763
paper 0,083382 0,000016
paperwork 0,562119 0,000110
par 1,386294 0,000270
paradise 0,798508 0,000156
paragraph 0,328504 0,000064
paragraphs 0,494296 0,000096
paramour 2,525729 0,000492
parent 0,713350 0,000139
parents 0,314711 0,000061
paris 0,562119 0,000110
parley 1,609438 0,000314
parma 2,525729 0,000492
parson 1,514128 0,000295
partial 0,733969 0,000143
partially 0,967584 0,000189
parties 0,371064 0,000072
partly 0,301105 0,000059
party 0,061875 0,000012
pass 0,040822 0,000008
passage 0,139262 0,000027
passages 0,527633 0,000103
passed 0,040822 0,000008
passes 0,415515 0,000081
passing 0,094311 0,000018
passion 0,186330 0,000036
passions 0,478036 0,000093
passus 3,912023 0,000763
pastor 1,714798 0,000334
pasture 1,203973 0,000235
pastures 1,832581 0,000357
patches 0,941609 0,000184
pate 2,407946 0,000469
paternal 1,171183 0,000228
path 0,198451 0,000039
patriarch 1,897120 0,000370
patron 0,867501 0,000169
paul 0,798508 0,000156
paunch 2,302585 0,000449
paused 0,562119 0,000110
paw 1,560648 0,000304
paws 1,237874 0,000241
pay 0,051293 0,000010
paying 0,116534 0,000023
payments 0,415515 0,000081
peace 0,094311 0,000018
peasant 0,967584 0,000189
peculator 3,912023 0,000763
peculiar 0,223144 0,000043
peeled 1,966113 0,000383
peleus 2,407946 0,000469
pen 0,371064 0,000072
penalties 1,514128 0,000295
penalty 1,049822 0,000205
pencil 0,634878 0,000124
penelope 2,659260 0,000518
penetrates 2,525729 0,000492
penitent 1,237874 0,000241
people 0,010050 0,000002
pepper 1,309333 0,000255
perceive 0,356675 0,000070
perceived 0,400478 0,000078
perceives 1,714798 0,000334
perchance 1,386294 0,000270
perennial 1,966113 0,000383
perfect 0,072571 0,000014
perfection 0,478036 0,000093
perfidious 2,120264 0,000413
perforate 3,218876 0,000627
perform 0,150823 0,000029
performances 0,314711 0,000061
performed 0,127833 0,000025
performing 0,261365 0,000051
peril 0,867501 0,000169
perilous 0,798508 0,000156
perils 1,203973 0,000235
periodic 0,544727 0,000106
perjured 2,525729 0,000492
permanent 0,223144 0,000043
permission 0,150823 0,000029
permit 0,446287 0,000087
permitted 0,105361 0,000021
permutations 3,218876 0,000627
perpetual 0,478036 0,000093
perplexed 0,755023 0,000147
perse 2,995732 0,000584
person 0,010050 0,000002
personages 1,469676 0,000286
personate 2,995732 0,000584
persons 0,210721 0,000041
perspicacity 2,813411 0,000548
pervading 1,897120 0,000370
perverse 1,237874 0,000241
perverted 1,347074 0,000263
pestilence 1,469676 0,000286
peter 0,820981 0,000160
phaethon 2,995732 0,000584
phalaris 2,995732 0,000584
pharisees 2,995732 0,000584
philip 1,237874 0,000241
philosophic 1,203973 0,000235
philosophy 0,597837 0,000117
phlegethon 3,506558 0,000684
phoenix 2,407946 0,000469
phrase 0,174353 0,000034
phrases 0,820981 0,000160
physical 0,198451 0,000039
physics 1,897120 0,000370
picks 1,966113 0,000383
piecemeal 2,302585 0,000449
pieces 0,139262 0,000027
pier 1,514128 0,000295
pierced 0,693147 0,000135
pierces 2,302585 0,000449
pieta 3,912023 0,000763
piety 1,078810 0,000210
pile 0,579818 0,000113
pilgrim 1,309333 0,000255
pillage 1,966113 0,000383
pillars 0,867501 0,000169
pilot 1,139434 0,000222
pincers 2,120264 0,000413
pine 0,673345 0,000131
pipe 0,494296 0,000096
pirates 1,427116 0,000278
pisa 2,407946 0,000469
pit 0,733969 0,000143
pitch 0,342490 0,000067
pitchy 2,525729 0,000492
piteous 1,272966 0,000248
piteously 1,714798 0,000334
pitiful 0,798508 0,000156
pitiless 1,347074 0,000263
pits 1,386294 0,000270
pity 0,150823 0,000029
piu 3,218876 0,000627
plagues 1,771957 0,000345
plain 0,040822 0,000008
plaint 2,302585 0,000449
planet 1,272966 0,000248
plant 0,579818 0,000113
planted 0,634878 0,000124
plants 0,527633 0,000103
plaster 1,203973 0,000235
plato 1,237874 0,000241
play 0,072571 0,000014
playing 0,186330 0,000036
pleased 0,150823 0,000029
pleasing 0,653926 0,000127
pleasure 0,051293 0,000010
pledge 0,916291 0,000179
pledges 2,120264 0,000413
plenty 0,235722 0,000046
plied 1,309333 0,000255
plies 2,995732 0,000584
plight 1,347074 0,000263
plighted 2,207275 0,000430
plotted 1,966113 0,000383
ploughs 2,207275 0,000430
plucked 0,776529 0,000151
plumage 1,771957 0,000345
plumb 2,120264 0,000413
plunge 0,733969 0,000143
plunged 0,544727 0,000106
plunges 1,897120 0,000370
plural 1,897120 0,000370
pluto 2,659260 0,000518
po 1,897120 0,000370
podestas 3,912023 0,000763
poem 0,967584 0,000189
poet 0,597837 0,000117
poetic 1,347074 0,000263
poetizing 3,912023 0,000763
poetry 0,693147 0,000135
poets 0,916291 0,000179
poison 0,446287 0,000087
pole 0,597837 0,000117
polenta 3,506558 0,000684
political 0,562119 0,000110
polluted 1,609438 0,000314
pool 0,798508 0,000156
pools 1,309333 0,000255
poor 0,030459 0,000006
pope 0,941609 0,000184
popes 2,407946 0,000469
populace 1,660731 0,000324
popular 0,430783 0,000084
popularly 1,966113 0,000383
population 0,941609 0,000184
port 0,579818 0,000113
portion 0,356675 0,000070
ports 1,469676 0,000286
poseidon 3,218876 0,000627
possess 0,356675 0,000070
possessed 0,094311 0,000018
possession 0,083382 0,000016
possibility 0,162519 0,000032
post 0,248461 0,000048
posted 0,301105 0,000059
pouch 1,660731 0,000324
pour 0,544727 0,000106
pours 1,427116 0,000278
power 0,030459 0,000006
powerful 0,223144 0,000043
powers 0,248461 0,000048
practicable 1,309333 0,000255
practically 0,235722 0,000046
practice 0,162519 0,000032
practiced 1,560648 0,000304
practices 1,347074 0,000263
praise 0,371064 0,000072
pray 0,371064 0,000072
prayed 0,673345 0,000131
prayer 0,478036 0,000093
prayers 0,478036 0,000093
prays 1,897120 0,000370
preceded 0,653926 0,000127
precinct 2,813411 0,000548
precious 0,162519 0,000032
precipice 1,203973 0,000235
precipitous 1,897120 0,000370
precise 0,776529 0,000151
precisely 0,510826 0,000100
preconcerted 2,995732 0,000584
predecessor 1,427116 0,000278
preferred 0,342490 0,000067
pregnant 1,272966 0,000248
prepare 0,162519 0,000032
prepared 0,105361 0,000021
preparing 0,415515 0,000081
presence 0,094311 0,000018
preserve 0,150823 0,000029
press 0,274437 0,000053
pressed 0,274437 0,000053
pressure 0,527633 0,000103
pretended 0,562119 0,000110
prevailed 0,673345 0,000131
prevailing 0,967584 0,000189
prevalence 1,832581 0,000357
prevent 0,083382 0,000016
prevented 0,328504 0,000064
previous 0,094311 0,000018
prey 0,527633 0,000103
pricked 1,203973 0,000235
pride 0,150823 0,000029
priest 0,634878 0,000124
priesthood 1,897120 0,000370
priests 1,021651 0,000199
primal 2,407946 0,000469
prince 0,462035 0,000090
princes 0,843970 0,000165
principal 0,287682 0,000056
print 0,261365 0,000051
printed 0,174353 0,000034
printing 1,469676 0,000286
prints 1,560648 0,000304
priscian 3,218876 0,000627
prison 0,287682 0,000056
prisoner 0,385662 0,000075
private 0,198451 0,000039
privies 3,218876 0,000627
privilege 0,527633 0,000103
prize 0,579818 0,000113
prizes 1,139434 0,000222
probation 2,407946 0,000469
proceed 0,301105 0,000059
proceeded 0,274437 0,000053
proceeds 0,916291 0,000179
processing 0,562119 0,000110
proclaim 1,171183 0,000228
procure 0,693147 0,000135
prodigal 1,714798 0,000334
prodigals 3,218876 0,000627
produce 0,127833 0,000025
produced 0,105361 0,000021
producing 0,713350 0,000139
production 0,314711 0,000061
profane 1,203973 0,000235
professor 0,287682 0,000056
profits 0,314711 0,000061
profligate 2,120264 0,000413
profound 0,462035 0,000090
progress 0,174353 0,000034
prohibition 0,430783 0,000084
project -0,009950 -0,000002
projections 2,659260 0,000518
prominently 0,494296 0,000096
promise 0,116534 0,000023
promised 0,198451 0,000039
promoting 0,430783 0,000084
promotion 0,342490 0,000067
prompt 0,776529 0,000151
prongs 3,218876 0,000627
proof 0,287682 0,000056
proofread 0,562119 0,000110
proofs 0,798508 0,000156
proper 0,061875 0,000012
property 0,127833 0,000025
prophecies 2,040221 0,000398
prophecy 1,078810 0,000210
prophet 0,994252 0,000194
propitious 1,469676 0,000286
proportion 0,371064 0,000072
proposes 1,514128 0,000295
proprietary 0,562119 0,000110
prose 1,021651 0,000199
prostitute 2,207275 0,000430
prostrate 0,843970 0,000165
protect 0,186330 0,000036
protected 0,415515 0,000081
protecting 1,309333 0,000255
protectress 3,218876 0,000627
protruded 1,897120 0,000370
proverb 1,108663 0,000216
provide 0,162519 0,000032
providence 0,693147 0,000135
providentially 2,659260 0,000518
providing 0,261365 0,000051
provision 0,248461 0,000048
provisions 0,223144 0,000043
provost 2,407946 0,000469
prow 1,897120 0,000370
psalms 1,609438 0,000314
ptolemaic 3,912023 0,000763
ptolemy 2,525729 0,000492
public 0,083382 0,000016
published 0,579818 0,000113
puffed 1,272966 0,000248
pulled 0,371064 0,000072
pulses 1,832581 0,000357
pungent 1,832581 0,000357
punic 2,525729 0,000492
punish 0,597837 0,000117
punished 0,544727 0,000106
punishes 2,302585 0,000449
punishment 0,301105 0,000059
punishments 1,609438 0,000314
punitive 0,562119 0,000110
pure 0,150823 0,000029
purely 0,713350 0,000139
purgatory 1,966113 0,000383
purple 0,616186 0,000120
purpose 0,040822 0,000008
purse 0,616186 0,000120
pursuant 2,407946 0,000469
pursued 0,328504 0,000064
pursuing 0,494296 0,000096
pursuit 0,328504 0,000064
push 0,562119 0,000110
pushed 0,400478 0,000078
pushing 0,755023 0,000147
putrescent 3,912023 0,000763
putrid 2,302585 0,000449
pyre 2,207275 0,000430
pyrrhus 2,525729 0,000492
qualities 0,446287 0,000087
quality 0,274437 0,000053
quando 2,995732 0,000584
quarrel 0,328504 0,000064
quartan 3,912023 0,000763
quarter 0,223144 0,000043
queen 0,415515 0,000081
quenched 1,514128 0,000295
question 0,051293 0,000010
questioned 0,673345 0,000131
questions 0,127833 0,000025
qui 1,469676 0,000286
quick 0,139262 0,000027
quicken 1,771957 0,000345
quiet 0,116534 0,000023
quieted 1,309333 0,000255
quilt 1,897120 0,000370
quivered 1,108663 0,000216
quivering 0,798508 0,000156
quod 2,207275 0,000430
quomodo 3,506558 0,000684
rabid 2,659260 0,000518
race 0,198451 0,000039
races 0,713350 0,000139
rachel 2,120264 0,000413
radiance 1,139434 0,000222
rage 0,261365 0,000051
raged 1,272966 0,000248
rages 1,897120 0,000370
ragged 0,776529 0,000151
raging 0,653926 0,000127
railroad 1,771957 0,000345
rain 0,223144 0,000043
rained 1,139434 0,000222
raining 1,660731 0,000324
rains 0,967584 0,000189
raise 0,174353 0,000034
raised 0,061875 0,000012
raising 0,274437 0,000053
ram 1,203973 0,000235
range 0,446287 0,000087
rankle 2,659260 0,000518
rapacious 2,040221 0,000398
rapidly 0,371064 0,000072
rapine 1,966113 0,000383
rating 2,659260 0,000518
raucous 3,506558 0,000684
ravage 2,407946 0,000469
ravening 3,218876 0,000627
ravenous 1,514128 0,000295
ravine 1,966113 0,000383
ray 0,798508 0,000156
rays 0,776529 0,000151
reach 0,051293 0,000010
reached 0,127833 0,000025
reaches 0,820981 0,000160
reaching 0,083382 0,000016
read 0,020203 0,000004
readable 0,510826 0,000100
reader 0,342490 0,000067
readers 0,776529 0,000151
reading 0,061875 0,000012
readings 2,407946 0,000469
ready 0,030459 0,000006
real 0,040822 0,000008
reality 0,328504 0,000064
realm 1,021651 0,000199
realms 1,514128 0,000295
reason 0,010050 0,000002
reasonable 0,116534 0,000023
reassures 3,506558 0,000684
rebellion 0,967584 0,000189
rebellious 1,049822 0,000205
rebels 1,272966 0,000248
reborn 3,218876 0,000627
rebound 2,525729 0,000492
rebuilt 1,714798 0,000334
recalls 1,609438 0,000314
receipt 0,314711 0,000061
receive 0,083382 0,000016
received 0,040822 0,000008
receives 0,916291 0,000179
receiving 0,116534 0,000023
rechange 3,912023 0,000763
reckoning 0,843970 0,000165
recognition 0,713350 0,000139
recognize 1,021651 0,000199
recognized 0,820981 0,000160
recognizes 1,897120 0,000370
recognizing 1,427116 0,000278
recollect 0,713350 0,000139
recommended 0,634878 0,000124
recompense 1,309333 0,000255
reconciliation 1,049822 0,000205
record 0,400478 0,000078
recorded 0,733969 0,000143
records 0,798508 0,000156
recount 2,040221 0,000398
red 0,072571 0,000014
redeemed 1,272966 0,000248
redemption 1,272966 0,000248
redistribute 0,544727 0,000106
redistributing 0,562119 0,000110
redistribution 0,562119 0,000110
redness 2,040221 0,000398
reduced 0,371064 0,000072
reechoes 3,912023 0,000763
reek 2,407946 0,000469
refer 0,653926 0,000127
reference 0,562119 0,000110
references 0,430783 0,000084
referred 0,616186 0,000120
refers 1,203973 0,000235
reflect 0,653926 0,000127
reflected 0,371064 0,000072
reflecting 0,755023 0,000147
reformer 1,966113 0,000383
refrained 1,469676 0,000286
refresh 1,272966 0,000248
refuge 0,446287 0,000087
refund 0,562119 0,000110
refusal 0,843970 0,000165
refuse 0,371064 0,000072
regain 1,108663 0,000216
regard 0,150823 0,000029
regarded 0,301105 0,000059
region 0,673345 0,000131
regions 0,891598 0,000174
registered 0,430783 0,000084
registers 2,207275 0,000430
regret 0,385662 0,000075
regulating 0,415515 0,000081
reigns 1,347074 0,000263
reins 1,049822 0,000205
rejoice 0,843970 0,000165
rejoiced 0,776529 0,000151
rejoices 1,966113 0,000383
rejoin 1,560648 0,000304
rejoined 1,021651 0,000199
rekindled 2,407946 0,000469
relate 0,562119 0,000110
relates 1,309333 0,000255
relative 0,693147 0,000135
release 0,210721 0,000041
relief 0,198451 0,000039
relieve 0,544727 0,000106
religions 1,347074 0,000263
religious 0,446287 0,000087
remain 0,040822 0,000008
remained 0,116534 0,000023
remaining 0,094311 0,000018
remains 0,150823 0,000029
remedies 0,415515 0,000081
remember 0,083382 0,000016
remembered 0,162519 0,000032
remote 0,544727 0,000106
remounted 2,525729 0,000492
remove 0,127833 0,000025
removed 0,061875 0,000012
renamed 0,562119 0,000110
rend 1,514128 0,000295
render 0,371064 0,000072
renders 1,347074 0,000263
rending 1,386294 0,000270
rends 2,525729 0,000492
renegade 2,525729 0,000492
renew 0,776529 0,000151
renewed 0,510826 0,000100
renews 2,659260 0,000518
reno 2,995732 0,000584
renounced 1,427116 0,000278
renovates 3,912023 0,000763
renowned 1,171183 0,000228
rent 0,597837 0,000117
repassed 2,207275 0,000430
repast 1,171183 0,000228
repeat 0,328504 0,000064
repent 0,713350 0,000139
repentance 0,798508 0,000156
repentant 1,832581 0,000357
repented 1,347074 0,000263
repents 2,407946 0,000469
replace 0,342490 0,000067
replacement 0,562119 0,000110
replete 2,040221 0,000398
replied 0,235722 0,000046
reply 0,174353 0,000034
report 0,301105 0,000059
reported 0,162519 0,000032
reporting 1,714798 0,000334
reports 0,261365 0,000051
repose 0,544727 0,000106
repray 3,912023 0,000763
represent 0,494296 0,000096
representations 0,356675 0,000070
repressed 1,427116 0,000278
reproach 0,371064 0,000072
reproaches 1,049822 0,000205
reproduce 1,514128 0,000295
reproduction 2,407946 0,000469
repute 1,469676 0,000286
request 0,127833 0,000025
require 0,127833 0,000025
required 0,083382 0,000016
requirements 0,415515 0,000081
requires 0,673345 0,000131
requisite 1,108663 0,000216
resemblance 0,755023 0,000147
reserve 0,478036 0,000093
reserves 1,714798 0,000334
resided 1,237874 0,000241
resistance 0,430783 0,000084
resisting 1,272966 0,000248
resolute 0,916291 0,000179
resounding 1,609438 0,000314
resounds 2,302585 0,000449
resources 0,733969 0,000143
respect 0,094311 0,000018
resplendent 1,514128 0,000295
respond 1,386294 0,000270
responded 0,916291 0,000179
rest 0,010050 0,000002
rested 0,314711 0,000061
restore 0,653926 0,000127
restored 0,385662 0,000075
restrain 0,673345 0,000131
restrictions 0,385662 0,000075
rests 0,673345 0,000131
result 0,174353 0,000034
retained 0,527633 0,000103
retains 1,514128 0,000295
retaliation 1,714798 0,000334
retrace 1,832581 0,000357
retraced 1,897120 0,000370
return 0,040822 0,000008
returned 0,061875 0,000012
returning 0,127833 0,000025
returns 0,235722 0,000046
revelation 0,820981 0,000160
revenue 0,371064 0,000072
reverberates 3,912023 0,000763
revered 1,609438 0,000314
reverence 0,634878 0,000124
reverently 1,514128 0,000295
reverts 2,407946 0,000469
revest 3,912023 0,000763
revived 0,820981 0,000160
reviving 1,427116 0,000278
revolved 1,660731 0,000324
reward 0,328504 0,000064
rhea 2,659260 0,000518
rhyme 1,609438 0,000314
rhymes 1,771957 0,000345
rhythmic 2,302585 0,000449
rhythmical 2,525729 0,000492
ribald 2,525729 0,000492
rich 0,139262 0,000027
richard 1,021651 0,000199
rid 0,223144 0,000043
ridge 0,994252 0,000194
righteousness 1,427116 0,000278
rightful 1,560648 0,000304
rightfully 2,659260 0,000518
rightly 0,430783 0,000084
rigid 0,820981 0,000160
rill 2,207275 0,000430
rim 1,469676 0,000286
rima 3,218876 0,000627
ripen 1,714798 0,000334
rips 2,995732 0,000584
rise 0,040822 0,000008
risen 0,342490 0,000067
rises 0,634878 0,000124
rising 0,116534 0,000023
river 0,174353 0,000034
rivers 0,713350 0,000139
rivulet 2,040221 0,000398
rivulets 2,040221 0,000398
road 0,150823 0,000029
roar 0,597837 0,000117
roared 0,673345 0,000131
robbed 0,733969 0,000143
robber 0,891598 0,000174
robberies 2,207275 0,000430
robbery 1,078810 0,000210
robed 1,897120 0,000370
robert 1,078810 0,000210
rock 0,385662 0,000075
rocks 0,446287 0,000087
rocky 1,049822 0,000205
rod 0,673345 0,000131
roland 2,659260 0,000518
rolling 0,415515 0,000081
roman 0,755023 0,000147
romance 0,693147 0,000135
romans 1,272966 0,000248
rome 0,713350 0,000139
root 0,385662 0,000075
roots 0,634878 0,000124
ropes 1,021651 0,000199
rose 0,094311 0,000018
rough 0,186330 0,000036
roughly 0,544727 0,000106
rout 1,609438 0,000314
routed 1,560648 0,000304
royal 0,400478 0,000078
royalties 0,527633 0,000103
royalty 0,385662 0,000075
rubicon 3,218876 0,000627
ruddier 2,995732 0,000584
ruddy 0,994252 0,000194
rude 0,342490 0,000067
rue 1,203973 0,000235
rugged 0,798508 0,000156
ruin 0,287682 0,000056
ruined 0,371064 0,000072
ruins 0,755023 0,000147
rule 0,198451 0,000039
ruled 0,967584 0,000189
rulers 1,469676 0,000286
rules 0,150823 0,000029
rump 2,407946 0,000469
runners 1,660731 0,000324
rushed 0,478036 0,000093
rushing 0,597837 0,000117
russell 2,407946 0,000469
rustic 1,108663 0,000216
sack 0,891598 0,000174
sacraments 2,525729 0,000492
sacred 0,415515 0,000081
sacrifice 0,328504 0,000064
sacrificed 0,733969 0,000143
sacristy 2,995732 0,000584
sad 0,223144 0,000043
saddens 2,659260 0,000518
sadness 0,820981 0,000160
safe 0,116534 0,000023
safety 0,356675 0,000070
sage 0,916291 0,000179
sages 1,386294 0,000270
sailors 0,916291 0,000179
sails 0,798508 0,000156
saint 0,673345 0,000131
saints 1,049822 0,000205
saith 1,714798 0,000334
sake 0,094311 0,000018
saladin 3,506558 0,000684
salt 0,116534 0,000023
salutation 1,469676 0,000286
salvation 0,798508 0,000156
san 1,427116 0,000278
sand 0,597837 0,000117
sang 0,415515 0,000081
sank 0,544727 0,000106
sant 3,218876 0,000627
santa 1,771957 0,000345
saracens 2,813411 0,000548
sardinia 2,525729 0,000492
sare 3,506558 0,000684
sat 0,083382 0,000016
satan 1,237874 0,000241
sated 2,120264 0,000413
sates 3,912023 0,000763
satirist 2,525729 0,000492
satisfactorily 1,272966 0,000248
satisfactory 0,562119 0,000110
satisfied 0,105361 0,000021
satisfy 0,342490 0,000067
saturday 0,843970 0,000165
saturn 1,832581 0,000357
sauces 2,407946 0,000469
savage 0,356675 0,000070
save 0,030459 0,000006
saved 0,274437 0,000053
saves 1,347074 0,000263
saving 0,478036 0,000093
saviour 1,203973 0,000235
saxony 2,995732 0,000584
sayest 2,813411 0,000548
sayst 3,218876 0,000627
scab 2,659260 0,000518
scabs 3,506558 0,000684
scale 0,446287 0,000087
scales 1,049822 0,000205
scandal 0,891598 0,000174
scarce 0,693147 0,000135
scarped 3,506558 0,000684
scatter 1,049822 0,000205
scattered 0,139262 0,000027
scene 0,198451 0,000039
scheme 0,634878 0,000124
schism 2,302585 0,000449
scholar 0,798508 0,000156
scholarly 2,407946 0,000469
scholastic 1,966113 0,000383
school 0,174353 0,000034
scibile 3,912023 0,000763
science 0,446287 0,000087
scorched 1,386294 0,000270
scorn 0,562119 0,000110
scornful 1,203973 0,000235
scorpion 2,302585 0,000449
scott 1,560648 0,000304
scourge 1,427116 0,000278
scourged 1,966113 0,000383
scourgers 3,912023 0,000763
scourges 1,966113 0,000383
scramble 1,832581 0,000357
scrape 1,203973 0,000235
scratch 0,916291 0,000179
scratched 1,049822 0,000205
scratching 1,108663 0,000216
screen 1,021651 0,000199
scrupulous 1,139434 0,000222
scuffle 1,832581 0,000357
scullions 3,506558 0,000684
scum 1,771957 0,000345
scurf 2,525729 0,000492
sea 0,116534 0,000023
seal 0,562119 0,000110
seals 1,347074 0,000263
search 0,051293 0,000010
searching 0,415515 0,000081
season 0,287682 0,000056
seat 0,105361 0,000021
seated 0,223144 0,000043
secret 0,061875 0,000012
secretary 0,916291 0,000179
secretly 0,597837 0,000117
sect 1,171183 0,000228
secure 0,072571 0,000014
securely 0,916291 0,000179
sed 2,525729 0,000492
seducers 3,218876 0,000627
seed 0,597837 0,000117
seek 0,198451 0,000039
seeking 0,274437 0,000053
seize 0,446287 0,000087
seized 0,235722 0,000046
seizes 1,771957 0,000345
seldom 0,301105 0,000059
selected 0,634878 0,000124
selling 0,820981 0,000160
semblance 1,049822 0,000205
semiramis 2,525729 0,000492
semper 2,525729 0,000492
send 0,030459 0,000006
sending 0,083382 0,000016
sends 0,544727 0,000106
seneca 2,120264 0,000413
sense 0,051293 0,000010
sensual 1,203973 0,000235
sentence 0,127833 0,000025
sentences 0,820981 0,000160
sentiment 0,478036 0,000093
separated 0,274437 0,000053
separates 1,469676 0,000286
september 0,673345 0,000131
sepulchre 1,771957 0,000345
ser 3,506558 0,000684
seraphs 3,506558 0,000684
serene 0,916291 0,000179
serpent 0,755023 0,000147
serpents 1,469676 0,000286
servant 0,186330 0,000036
servants 0,162519 0,000032
serve 0,174353 0,000034
service 0,072571 0,000014
serving 0,634878 0,000124
set 0,010050 0,000002
sets 0,385662 0,000075
setting 0,186330 0,000036
settled 0,127833 0,000025
settlement 1,203973 0,000235
settles 1,347074 0,000263
seventh 0,562119 0,000110
seville 2,659260 0,000518
sextus 2,525729 0,000492
shade 0,274437 0,000053
shades 0,916291 0,000179
shadow 0,223144 0,000043
shaft 0,916291 0,000179
shag 2,813411 0,000548
shaggy 1,049822 0,000205
shake 0,287682 0,000056
shaken 0,494296 0,000096
shakespeare 1,171183 0,000228
shaking 0,371064 0,000072
shallow 0,776529 0,000151
shalt 1,171183 0,000228
shame 0,223144 0,000043
shamed 2,302585 0,000449
shameful 0,916291 0,000179
shanks 2,659260 0,000518
shape 0,186330 0,000036
shaped 0,527633 0,000103
shapes 0,755023 0,000147
share 0,040822 0,000008
shared 0,139262 0,000027
sharer 2,302585 0,000449
shares 1,272966 0,000248
sharing 0,248461 0,000048
sharp 0,162519 0,000032
sharpen 1,660731 0,000324
sharpened 1,049822 0,000205
sharply 0,510826 0,000100
shattered 0,867501 0,000169
shatters 3,506558 0,000684
sheep 0,371064 0,000072
sheet 0,446287 0,000087
shelter 0,342490 0,000067
sheltered 0,820981 0,000160
shepherd 0,941609 0,000184
shepherds 1,469676 0,000286
shield 0,733969 0,000143
shift 0,843970 0,000165
shifting 0,891598 0,000174
shine 0,616186 0,000120
shines 0,994252 0,000194
ship 0,314711 0,000061
shivering 0,755023 0,000147
shock 0,446287 0,000087
shoemaker 1,897120 0,000370
shook 0,235722 0,000046
shoot 0,494296 0,000096
shooting 0,634878 0,000124
shoots 1,347074 0,000263
shore 0,342490 0,000067
shores 0,820981 0,000160
shorn 1,560648 0,000304
short 0,020203 0,000004
shortened 1,427116 0,000278
shorter 0,579818 0,000113
shortly 0,462035 0,000090
shot 0,223144 0,000043
shoulder 0,210721 0,000041
shoulders 0,174353 0,000034
shouldst 2,120264 0,000413
shouted 0,478036 0,000093
shouting 0,446287 0,000087
shrieks 1,309333 0,000255
shudder 0,693147 0,000135
shuddered 0,867501 0,000169
shuddering 1,171183 0,000228
shudders 2,407946 0,000469
shut 0,072571 0,000014
shuts 1,714798 0,000334
shy 0,733969 0,000143
sia 3,218876 0,000627
sicilian 1,897120 0,000370
sicily 1,714798 0,000334
sick 0,150823 0,000029
siege 1,021651 0,000199
siena 2,813411 0,000548
sienese 2,995732 0,000584
sigh 0,342490 0,000067
sighing 1,021651 0,000199
sighs 1,108663 0,000216
sight 0,051293 0,000010
sign 0,139262 0,000027
signal 0,544727 0,000106
signals 1,427116 0,000278
signet 1,966113 0,000383
significance 1,021651 0,000199
significations 2,659260 0,000518
signifies 1,272966 0,000248
silence 0,105361 0,000021
silent 0,051293 0,000010
silver 0,210721 0,000041
silvius 3,506558 0,000684
simon 1,771957 0,000345
simoniacal 3,912023 0,000763
simonists 3,912023 0,000763
simony 3,218876 0,000627
simple 0,094311 0,000018
simplicity 0,527633 0,000103
simply 0,150823 0,000029
simulacra 3,218876 0,000627
sin 0,430783 0,000084
sinew 2,525729 0,000492
sinful 1,309333 0,000255
sing 0,415515 0,000081
singed 1,660731 0,000324
singing 0,371064 0,000072
single 0,083382 0,000016
sings 1,139434 0,000222
sink 0,462035 0,000090
sinking 0,494296 0,000096
sinks 1,108663 0,000216
sinned 1,347074 0,000263
sinner 0,994252 0,000194
sinners 1,347074 0,000263
sinning 1,832581 0,000357
sinon 2,995732 0,000584
sins 0,798508 0,000156
sir 0,150823 0,000029
sister 0,356675 0,000070
sit 0,061875 0,000012
sits 0,820981 0,000160
sitting 0,105361 0,000021
sixth 0,446287 0,000087
size 0,248461 0,000048
skin 0,210721 0,000041
skirts 0,843970 0,000165
skull 0,891598 0,000174
sky 0,210721 0,000041
slackness 2,659260 0,000518
slain 0,941609 0,000184
slaughter 0,967584 0,000189
sleep 0,072571 0,000014
sleeping 0,235722 0,000046
sleeps 0,994252 0,000194
slept 0,223144 0,000043
slew 1,386294 0,000270
slighted 1,386294 0,000270
slime 1,386294 0,000270
slit 1,469676 0,000286
slope 0,867501 0,000169
slopes 1,309333 0,000255
sloping 1,021651 0,000199
sloth 1,386294 0,000270
slough 1,560648 0,000304
slow 0,139262 0,000027
slowly 0,150823 0,000029
sluggish 1,514128 0,000295
slumber 0,673345 0,000131
smacks 2,407946 0,000469
smearing 2,813411 0,000548
smile 0,274437 0,000053
smiled 0,356675 0,000070
smites 2,302585 0,000449
smith 0,891598 0,000174
smiting 1,832581 0,000357
smitten 1,171183 0,000228
smoke 0,314711 0,000061
smoked 0,867501 0,000169
smoking 0,462035 0,000090
smooth 0,274437 0,000053
smoothly 1,021651 0,000199
smote 1,021651 0,000199
snail 1,832581 0,000357
snake 0,891598 0,000174
snakes 1,347074 0,000263
snapped 0,891598 0,000174
snaps 2,659260 0,000518
snares 1,660731 0,000324
snarls 2,525729 0,000492
snorting 1,966113 0,000383
snout 1,966113 0,000383
snow 0,527633 0,000103
society 0,210721 0,000041
socrates 1,609438 0,000314
sodom 2,040221 0,000398
soft 0,210721 0,000041
softly 0,400478 0,000078
soil 0,494296 0,000096
soldan 3,218876 0,000627
soldiers 0,653926 0,000127
sole 0,342490 0,000067
soles 1,386294 0,000270
solicit 0,430783 0,000084
solicitation 0,510826 0,000100
solid 0,274437 0,000053
solitary 0,462035 0,000090
solve 0,653926 0,000127
solved 0,867501 0,000169
somewhile 3,912023 0,000763
son 0,105361 0,000021
song 0,371064 0,000072
sons 0,356675 0,000070
soothsayer 2,525729 0,000492
soothsayers 2,995732 0,000584
sorb 3,912023 0,000763
sorcerers 2,302585 0,000449
sorrow 0,287682 0,000056
sorrowful 1,021651 0,000199
sorrowing 1,560648 0,000304
sorrows 0,798508 0,000156
sorts 0,356675 0,000070
sought 0,150823 0,000029
soul 0,105361 0,000021
souls 0,342490 0,000067
sound 0,020203 0,000004
sounded 0,371064 0,000072
sounding 0,634878 0,000124
sounds 0,223144 0,000043
source 0,328504 0,000064
sources 0,843970 0,000165
southern 0,579818 0,000113
sovereign 0,776529 0,000151
sow 1,078810 0,000210
sowers 3,506558 0,000684
sowing 1,514128 0,000295
space 0,116534 0,000023
spain 0,994252 0,000194
spake 1,560648 0,000304
sparkles 1,832581 0,000357
sparks 1,139434 0,000222
sparrowhawk 3,912023 0,000763
speak 0,051293 0,000010
speaking 0,072571 0,000014
speaks 0,371064 0,000072
spear 1,139434 0,000222
special 0,083382 0,000016
specially 0,820981 0,000160
sped 1,272966 0,000248
speech 0,198451 0,000039
speedily 0,713350 0,000139
speedy 0,941609 0,000184
spells 1,427116 0,000278
spelt 1,897120 0,000370
spending 0,597837 0,000117
spendthrift 2,525729 0,000492
spent 0,105361 0,000021
sphere 0,733969 0,000143
spices 1,514128 0,000295
spindle 1,966113 0,000383
spine 1,832581 0,000357
spirit 0,051293 0,000010
spirits 0,198451 0,000039
spiritual 0,653926 0,000127
spirts 3,506558 0,000684
spite 0,139262 0,000027
spits 2,207275 0,000430
splendors 2,207275 0,000430
splinter 2,040221 0,000398
splinters 1,897120 0,000370
split 0,798508 0,000156
spoil 0,673345 0,000131
spoiled 0,916291 0,000179
spoils 0,994252 0,000194
spoke 0,116534 0,000023
spoken 0,150823 0,000029
spool 2,995732 0,000584
sport 0,597837 0,000117
spotted 0,994252 0,000194
spouse 1,660731 0,000324
sprang 0,400478 0,000078
spread 0,061875 0,000012
spreads 1,514128 0,000295
spring 0,083382 0,000016
springs 0,634878 0,000124
spur 1,139434 0,000222
spurs 1,386294 0,000270
sqq 2,995732 0,000584
squalls 2,040221 0,000398
squanders 3,912023 0,000763
square 0,235722 0,000046
squatted 1,660731 0,000324
stabbed 1,386294 0,000270
staff 0,274437 0,000053
stage 0,223144 0,000043
stagnates 2,995732 0,000584
staid 1,237874 0,000241
stained 0,653926 0,000127
stairs 0,430783 0,000084
stairway 1,897120 0,000370
stake 0,693147 0,000135
stakes 1,203973 0,000235
stamped 0,693147 0,000135
stand 0,000000 0,000000
standard 0,562119 0,000110
standing 0,030459 0,000006
stands 0,261365 0,000051
star 0,544727 0,000106
starless 2,407946 0,000469
starlings 2,995732 0,000584
stars 0,342490 0,000067
start -0,009950 -0,000002
started 0,150823 0,000029
starting 0,371064 0,000072
startled 0,415515 0,000081
starved 1,049822 0,000205
statement 0,544727 0,000106
statements 0,430783 0,000084
station 0,356675 0,000070
statue 0,843970 0,000165
status 0,446287 0,000087
stay 0,083382 0,000016
stayed 0,415515 0,000081
stays 1,078810 0,000210
stead 1,139434 0,000222
steadfast 1,309333 0,000255
steadily 0,415515 0,000081
steady 0,356675 0,000070
steal 0,510826 0,000100
steals 1,386294 0,000270
steel 0,510826 0,000100
steep 0,579818 0,000113
steeper 2,659260 0,000518
steeps 3,218876 0,000627
stem 0,916291 0,000179
stench 1,660731 0,000324
step 0,083382 0,000016
steps 0,094311 0,000018
stepson 3,218876 0,000627
stern 0,478036 0,000093
sticks 0,733969 0,000143
sticky 2,120264 0,000413
stiff 0,430783 0,000084
stifled 1,272966 0,000248
stifling 1,469676 0,000286
stings 1,832581 0,000357
stinks 2,995732 0,000584
stocks 1,272966 0,000248
stole 0,494296 0,000096
stolen 0,430783 0,000084
stone 0,116534 0,000023
stones 0,301105 0,000059
stony 0,994252 0,000194
stood 0,030459 0,000006
stoop 1,049822 0,000205
store 0,385662 0,000075
stored 0,342490 0,000067
stork 2,302585 0,000449
storm 0,342490 0,000067
story 0,051293 0,000010
straggle 3,218876 0,000627
straight 0,105361 0,000021
straighten 1,714798 0,000334
straightened 1,347074 0,000263
straightening 1,832581 0,000357
straightway 1,347074 0,000263
strain 0,385662 0,000075
strained 0,776529 0,000151
strait 1,049822 0,000205
strange 0,061875 0,000012
stratagem 1,609438 0,000314
straw 0,356675 0,000070
streaked 1,832581 0,000357
stream 0,210721 0,000041
streamed 1,347074 0,000263
streamlet 2,525729 0,000492
strength 0,030459 0,000006
stress 0,891598 0,000174
stretch 0,446287 0,000087
stretched 0,274437 0,000053
stretches 1,309333 0,000255
stretching 0,733969 0,000143
strict 0,210721 0,000041
strictly 0,579818 0,000113
strife 1,021651 0,000199
strike 0,210721 0,000041
strikes 0,544727 0,000106
strip 0,597837 0,000117
stripped 0,776529 0,000151
strips 1,309333 0,000255
stroke 0,356675 0,000070
strong 0,030459 0,000006
stronghold 1,897120 0,000370
strongholds 2,525729 0,000492
strove 1,078810 0,000210
struck 0,083382 0,000016
structure 0,673345 0,000131
struggle 0,287682 0,000056
strumpet 2,659260 0,000518
stuck 0,462035 0,000090
student 0,673345 0,000131
study 0,162519 0,000032
stuffs 2,120264 0,000413
stumps 1,832581 0,000357
stun 2,407946 0,000469
stung 1,139434 0,000222
stupidity 0,916291 0,000179
sty 2,525729 0,000492
style 0,274437 0,000053
styx 1,966113 0,000383
subdues 2,995732 0,000584
subject 0,072571 0,000014
subjects 0,356675 0,000070
sublimated 3,218876 0,000627
submerged 1,560648 0,000304
suborned 2,995732 0,000584
subscribe 0,494296 0,000096
subsequent 0,867501 0,000169
substance 0,415515 0,000081
subtle 0,733969 0,000143
subtly 2,207275 0,000430
succeeded 0,186330 0,000036
successive 0,891598 0,000174
successor 1,078810 0,000210
successors 1,427116 0,000278
succor 2,207275 0,000430
sucking 1,203973 0,000235
sudden 0,072571 0,000014
suddenly 0,040822 0,000008
suffer 0,127833 0,000025
suffered 0,210721 0,000041
sufferer 1,078810 0,000210
sufferers 1,514128 0,000295
suffering 0,248461 0,000048
sufferings 0,616186 0,000120
suffice 0,673345 0,000131
sufficient 0,139262 0,000027
suggestion 0,510826 0,000100
sullen 0,798508 0,000156
summa 2,995732 0,000584
summer 0,186330 0,000036
summit 0,798508 0,000156
summoned 0,733969 0,000143
sun 0,072571 0,000014
sung 0,994252 0,000194
sunrise 0,891598 0,000174
suns 1,560648 0,000304
sunt 2,302585 0,000449
superb 1,203973 0,000235
superfluity 2,120264 0,000413
superfluous 0,867501 0,000169
supernal 2,525729 0,000492
supernatural 1,272966 0,000248
supine 2,207275 0,000430
supplied 0,478036 0,000093
supplies 0,891598 0,000174
support 0,127833 0,000025
supposed 0,174353 0,000034
supreme 0,616186 0,000120
surely 0,186330 0,000036
surface 0,301105 0,000059
surmount 1,714798 0,000334
surpassed 1,203973 0,000235
surprised 0,210721 0,000041
surrendered 1,427116 0,000278
surrounded 0,223144 0,000043
surrounding 0,693147 0,000135
surrounds 1,514128 0,000295
survive 0,274437 0,000053
suspended 0,634878 0,000124
suspense 0,776529 0,000151
suspicion 0,287682 0,000056
sustain 0,916291 0,000179
sustained 0,579818 0,000113
swallowed 0,462035 0,000090
swallows 1,832581 0,000357
swamp 0,342490 0,000067
swathed 1,897120 0,000370
sway 1,078810 0,000210
sways 2,302585 0,000449
swear 0,494296 0,000096
sweat 0,634878 0,000124
sweet 0,174353 0,000034
sweeten 2,659260 0,000518
sweeter 1,108663 0,000216
sweetness 0,673345 0,000131
swelling 0,693147 0,000135
swells 1,609438 0,000314
swift 0,415515 0,000081
swifter 1,966113 0,000383
swiftly 0,713350 0,000139
swiftness 1,309333 0,000255
swimming 0,820981 0,000160
swims 1,771957 0,000345
swindle 2,302585 0,000449
swine 1,347074 0,000263
swollen 0,867501 0,000169
swooned 1,832581 0,000357
swoons 2,995732 0,000584
swoops 3,218876 0,000627
sword 0,462035 0,000090
sylvester 2,995732 0,000584
symbol 1,386294 0,000270
sympathetic 1,021651 0,000199
sympathy 0,328504 0,000064
synonymous 0,446287 0,000087
tacking 2,813411 0,000548
tail 0,462035 0,000090
tailor 1,386294 0,000270
tale 0,287682 0,000056
talking 0,150823 0,000029
tall 0,223144 0,000043
tallest 1,714798 0,000334
talons 1,660731 0,000324
tarquin 2,659260 0,000518
tartars 2,659260 0,000518
taught 0,248461 0,000048
tavern 1,171183 0,000228
tax 0,328504 0,000064
taxed 1,560648 0,000304
taxes 0,385662 0,000075
teach 0,248461 0,000048
teacher 0,527633 0,000103
tear 0,371064 0,000072
tearful 1,514128 0,000295
tearing 0,673345 0,000131
tears 0,150823 0,000029
teeth 0,198451 0,000039
tellers 2,302585 0,000449
temper 0,274437 0,000053
tempers 1,609438 0,000314
tempest 0,843970 0,000165
temple 0,527633 0,000103
temples 0,616186 0,000120
tenacious 1,714798 0,000334
tenderly 0,916291 0,000179
tenebrous 3,912023 0,000763
tenth 0,776529 0,000151
terence 2,659260 0,000518
terms 0,061875 0,000012
terrestrial 1,427116 0,000278
terrible 0,186330 0,000036
terribly 0,733969 0,000143
terror 0,198451 0,000039
testimony 0,579818 0,000113
textual 3,506558 0,000684
thais 3,506558 0,000684
thames 1,660731 0,000324
thebaid 3,506558 0,000684
thebais 3,506558 0,000684
theban 2,207275 0,000430
thee 0,597837 0,000117
theft 1,347074 0,000263
theme 0,994252 0,000194
thenceforth 1,560648 0,000304
theology 1,427116 0,000278
theory 0,478036 0,000093
thereat 2,207275 0,000430
therefor 2,813411 0,000548
therefrom 1,771957 0,000345
thereon 1,469676 0,000286
therewith 1,560648 0,000304
therewithin 3,506558 0,000684
theseus 1,966113 0,000383
thickened 1,897120 0,000370
thickens 2,813411 0,000548
thickets 1,514128 0,000295
thief 0,653926 0,000127
thieves 0,994252 0,000194
thievish 2,813411 0,000548
thigh 1,347074 0,000263
thighs 1,514128 0,000295
thine 1,139434 0,000222
thinking 0,274437 0,000053
thirst 0,527633 0,000103
thirsty 0,843970 0,000165
thirteenth 1,203973 0,000235
thither 0,579818 0,000113
thitherward 2,525729 0,000492
thomas 0,891598 0,000174
thorn 1,560648 0,000304
thorns 1,309333 0,000255
thread 0,430783 0,000084
threaten 0,916291 0,000179
threatened 0,415515 0,000081
threatening 0,544727 0,000106
threatens 1,469676 0,000286
threshold 0,562119 0,000110
thresholds 2,995732 0,000584
threw 0,116534 0,000023
thrive 1,660731 0,000324
throat 0,261365 0,000051
throats 0,891598 0,000174
thrones 1,771957 0,000345
throng 1,078810 0,000210
throw 0,083382 0,000016
throwing 0,287682 0,000056
thrown 0,116534 0,000023
throws 0,916291 0,000179
thrust 0,328504 0,000064
thrusting 1,171183 0,000228
thrusts 1,966113 0,000383
thumb 0,967584 0,000189
thunder 0,462035 0,000090
thunderbolt 1,609438 0,000314
thunders 1,714798 0,000334
thy 0,634878 0,000124
thyself 1,272966 0,000248
tiber 2,407946 0,000469
tied 0,261365 0,000051
tierce 3,218876 0,000627
tight 0,616186 0,000120
tilled 2,995732 0,000584
time -0,009950 -0,000002
times 0,010050 0,000002
tinder 2,120264 0,000413
tinged 1,609438 0,000314
tinted 1,609438 0,000314
tire 0,994252 0,000194
tired 0,198451 0,000039
tiresias 2,659260 0,000518
tisiphone 3,506558 0,000684
title 0,116534 0,000023
toes 0,755023 0,000147
tokens 1,386294 0,000270
tomb 0,916291 0,000179
tombs 1,427116 0,000278
tone 0,248461 0,000048
tongue 0,162519 0,000032
tongues 0,634878 0,000124
tonsured 3,912023 0,000763
tore 0,527633 0,000103
torment 0,916291 0,000179
tormented 1,078810 0,000210
torments 1,237874 0,000241
torn 0,248461 0,000048
torture 0,579818 0,000113
touch 0,083382 0,000016
touched 0,139262 0,000027
touches 0,798508 0,000156
touching 0,301105 0,000059
tournaments 3,218876 0,000627
tower 0,527633 0,000103
towers 0,967584 0,000189
town 0,105361 0,000021
towns 0,527633 0,000103
trace 0,371064 0,000072
traced 0,820981 0,000160
tracks 1,139434 0,000222
trademark 0,562119 0,000110
tradition 0,891598 0,000174
trafficker 3,218876 0,000627
tragedy 0,798508 0,000156
train 0,274437 0,000053
trained 0,544727 0,000106
traitor 1,237874 0,000241
traitorous 2,813411 0,000548
traitors 1,966113 0,000383
trample 1,272966 0,000248
trampling 1,347074 0,000263
transcribe 0,494296 0,000096
transcription 0,527633 0,000103
transfer 1,203973 0,000235
transfixed 1,771957 0,000345
transformed 0,967584 0,000189
transit 1,966113 0,000383
translated 0,798508 0,000156
translation 0,891598 0,000174
translations 1,609438 0,000314
translator 1,347074 0,000263
transmitted 1,272966 0,000248
transmutation 3,218876 0,000627
transmute 2,995732 0,000584
transmuted 2,525729 0,000492
travails 3,506558 0,000684
traversed 1,139434 0,000222
traversing 1,897120 0,000370
treacherous 0,891598 0,000174
treacherously 2,207275 0,000430
treachery 0,755023 0,000147
treads 2,659260 0,000518
treasure 0,385662 0,000075
treat 0,287682 0,000056
treatise 1,386294 0,000270
treatment 0,127833 0,000025
treats 1,108663 0,000216
tree 0,235722 0,000046
trees 0,127833 0,000025
tremble 0,713350 0,000139
trembled 0,462035 0,000090
trembles 1,514128 0,000295
trembling 0,287682 0,000056
trent 2,659260 0,000518
trentine 3,912023 0,000763
tresses 1,560648 0,000304
trial 0,314711 0,000061
tribulation 2,040221 0,000398
tribune 2,040221 0,000398
tributaries 2,659260 0,000518
tricked 1,832581 0,000357
trickled 1,832581 0,000357
trickles 2,813411 0,000548
triple 1,714798 0,000334
tristan 2,995732 0,000584
triumph 0,274437 0,000053
trodden 1,237874 0,000241
trojan 1,897120 0,000370
trojans 2,407946 0,000469
troop 1,078810 0,000210
troops 0,941609 0,000184
troubadour 2,995732 0,000584
trouble 0,051293 0,000010
troubled 0,287682 0,000056
troubles 0,478036 0,000093
trough 1,427116 0,000278
troy 1,609438 0,000314
truce 1,237874 0,000241
true 0,020203 0,000004
trump 1,771957 0,000345
trumpet 0,916291 0,000179
trumpets 1,660731 0,000324
trunk 0,755023 0,000147
trust 0,116534 0,000023
trusting 0,867501 0,000169
trusty 1,514128 0,000295
truth 0,030459 0,000006
truths 1,049822 0,000205
tumult 0,820981 0,000160
tumultuous 1,171183 0,000228
tune 0,755023 0,000147
turbid 2,207275 0,000430
turks 1,514128 0,000295
tuscan 2,120264 0,000413
tuscany 2,302585 0,000449
tusk 2,659260 0,000518
tusked 3,218876 0,000627
twentieth 1,108663 0,000216
twig 1,660731 0,000324
twilight 0,733969 0,000143
twined 1,514128 0,000295
twisted 0,562119 0,000110
twisting 1,049822 0,000205
twists 2,302585 0,000449
tydeus 2,813411 0,000548
type 0,446287 0,000087
types 0,385662 0,000075
typhon 2,995732 0,000584
typical 1,560648 0,000304
typified 2,659260 0,000518
tyranny 1,203973 0,000235
tyrant 0,891598 0,000174
tyrants 1,514128 0,000295
uglier 2,207275 0,000430
ultra 2,813411 0,000548
ulysses 1,832581 0,000357
umbrae 3,912023 0,000763
unalterable 1,309333 0,000255
unbelief 1,771957 0,000345
unbound 2,120264 0,000413
unbounded 1,309333 0,000255
unbroken 0,733969 0,000143
uncertain 0,301105 0,000059
unchanged 0,994252 0,000194
uncle 0,579818 0,000113
uncovered 1,108663 0,000216
undaunted 1,771957 0,000345
undeceive 2,040221 0,000398
undergoing 1,427116 0,000278
understand 0,030459 0,000006
understanding 0,223144 0,000043
understands 1,108663 0,000216
understood 0,061875 0,000012
undertook 1,203973 0,000235
undiscerning 3,218876 0,000627
undo 1,309333 0,000255
undone 0,994252 0,000194
unending 3,218876 0,000627
unenforceability 0,562119 0,000110
uneven 1,427116 0,000278
unfettered 2,659260 0,000518
ungodly 2,040221 0,000398
ungrappler 3,912023 0,000763
ungrateful 0,798508 0,000156
unhealthy 1,309333 0,000255
uniform 0,210721 0,000041
uninhabited 1,609438 0,000314
united 0,094311 0,000018
universe 0,733969 0,000143
unjust 0,693147 0,000135
unknown 0,105361 0,000021
unleashed 2,813411 0,000548
unlink 0,562119 0,000110
unlock 1,966113 0,000383
unlocked 1,108663 0,000216
unlocking 1,771957 0,000345
unlocks 2,407946 0,000469
unmade 2,813411 0,000548
unmeet 3,506558 0,000684
unnerves 3,506558 0,000684
unperplexed 3,912023 0,000763
unprotected 0,673345 0,000131
unseemly 1,560648 0,000304
unsolicited 0,510826 0,000100
unsound 2,207275 0,000430
unspoken 1,771957 0,000345
unsuitable 1,609438 0,000314
untimely 1,347074 0,000263
unusual 0,415515 0,000081
unwilling 0,653926 0,000127
unwillingly 1,171183 0,000228
updated 0,510826 0,000100
uplifted 1,560648 0,000304
upper 0,314711 0,000061
uppermost 1,237874 0,000241
upright 0,328504 0,000064
uprisen 3,218876 0,000627
uproar 1,049822 0,000205
upside 1,347074 0,000263
upward 0,579818 0,000113
urge 0,967584 0,000189
urged 0,356675 0,000070
urges 1,609438 0,000314
user 0,562119 0,000110
usurer 2,302585 0,000449
usurers 2,995732 0,000584
usury 2,207275 0,000430
ut 0,510826 0,000100
uttered 0,430783 0,000084
uttering 0,994252 0,000194
utterly 0,371064 0,000072
vacant 0,693147 0,000135
vain 0,116534 0,000023
val 2,813411 0,000548
valley 0,616186 0,000120
valleys 1,108663 0,000216
valleyward 3,912023 0,000763
valor 1,771957 0,000345
valuable 0,371064 0,000072
vanilla 0,544727 0,000106
vanished 0,527633 0,000103
vanishes 1,660731 0,000324
vanquished 1,108663 0,000216
vanquishes 3,218876 0,000627
vantage 2,120264 0,000413
vapor 2,040221 0,000398
vapors 2,407946 0,000469
variety 0,162519 0,000032
vary 1,108663 0,000216
varying 0,755023 0,000147
vast 0,223144 0,000043
vatican 2,659260 0,000518
vaunt 2,120264 0,000413
veil 0,544727 0,000106
veiling 2,813411 0,000548
veils 1,714798 0,000334
veins 0,544727 0,000106
venerated 2,120264 0,000413
venetians 2,659260 0,000518
vengeance 0,579818 0,000113
venomous 1,966113 0,000383
vent 0,916291 0,000179
venus 1,237874 0,000241
veracious 2,407946 0,000469
verbal 1,203973 0,000235
verdant 1,897120 0,000370
verdure 1,469676 0,000286
verge 0,967584 0,000189
verily 1,139434 0,000222
vermilion 2,040221 0,000398
vermillion 2,995732 0,000584
verona 2,659260 0,000518
veronese 2,813411 0,000548
verse 0,653926 0,000127
verses 0,941609 0,000184
versified 3,218876 0,000627
version 0,385662 0,000075
versions 1,897120 0,000370
vert 2,813411 0,000548
vespers 2,659260 0,000518
vessel 0,510826 0,000100
vessels 0,713350 0,000139
vested 1,966113 0,000383
vex 1,427116 0,000278
vexed 0,733969 0,000143
vexilla 3,218876 0,000627
vibration 2,120264 0,000413
vice 0,527633 0,000103
vices 0,867501 0,000169
victory 0,371064 0,000072
view 0,105361 0,000021
viewed 0,261365 0,000051
viewing 0,415515 0,000081
vigil 1,897120 0,000370
vii 0,430783 0,000084
viii 0,446287 0,000087
vilely 2,120264 0,000413
vineyard 1,714798 0,000334
vintage 1,714798 0,000334
violates 0,527633 0,000103
violence 0,248461 0,000048
violent 0,223144 0,000043
violently 0,462035 0,000090
virgil 1,609438 0,000314
virgin 0,755023 0,000147
virtue 0,328504 0,000064
virtues 0,597837 0,000117
virtuously 2,407946 0,000469
virus 0,527633 0,000103
visage 1,272966 0,000248
visible 0,235722 0,000046
vision 0,371064 0,000072
visit 0,061875 0,000012
visiting 0,713350 0,000139
visor 2,659260 0,000518
vital 0,693147 0,000135
vitality 1,309333 0,000255
viva 3,218876 0,000627
vivid 0,776529 0,000151
voice 0,020203 0,000004
voices 0,287682 0,000056
void 0,274437 0,000053
volume 0,494296 0,000096
volumes 0,755023 0,000147
volunteer 0,478036 0,000093
volunteers 0,430783 0,000084
vow 1,078810 0,000210
vows 1,237874 0,000241
voyage 0,653926 0,000127
vulcan 2,407946 0,000469
vulgar 0,634878 0,000124
vying 2,813411 0,000548
wailing 1,203973 0,000235
wails 2,525729 0,000492
wain 2,207275 0,000430
wait 0,094311 0,000018
waited 0,198451 0,000039
waiting 0,083382 0,000016
waits 1,139434 0,000222
wakened 1,714798 0,000334
wakes 1,469676 0,000286
waking 0,562119 0,000110
walking 0,083382 0,000016
walks 0,162519 0,000032
wall 0,198451 0,000039
walls 0,139262 0,000027
wand 1,832581 0,000357
wandered 0,494296 0,000096
wanders 1,897120 0,000370
war 0,162519 0,000032
warfare 1,272966 0,000248
warm 0,139262 0,000027
warmly 0,798508 0,000156
warn 0,579818 0,000113
warp 1,966113 0,000383
warranties 0,562119 0,000110
warranty 0,544727 0,000106
wary 1,203973 0,000235
wash 0,478036 0,000093
wasps 2,407946 0,000469
wast 2,120264 0,000413
waste 0,186330 0,000036
wasted 0,400478 0,000078
watching 0,210721 0,000041
water 0,051293 0,000010
waters 0,356675 0,000070
wave 0,527633 0,000103
waver 1,897120 0,000370
waves 0,478036 0,000093
waving 0,653926 0,000127
wax 0,597837 0,000117
weak 0,116534 0,000023
weakening 1,469676 0,000286
wealth 0,287682 0,000056
weapons 0,693147 0,000135
wearer 1,966113 0,000383
wearies 2,525729 0,000492
wearisome 1,139434 0,000222
weary 0,198451 0,000039
week 0,235722 0,000046
weep 0,755023 0,000147
weeping 0,544727 0,000106
weeps 1,771957 0,000345
weigh 0,579818 0,000113
weighs 1,272966 0,000248
weight 0,116534 0,000023
weights 1,469676 0,000286
wept 0,597837 0,000117
west 0,083382 0,000016
westward 1,139434 0,000222
wet 0,287682 0,000056
whales 2,120264 0,000413
whatso 3,506558 0,000684
whatsoever 0,287682 0,000056
wheel 0,446287 0,000087
wheeled 1,021651 0,000199
wheeling 1,514128 0,000295
wheels 0,616186 0,000120
whelps 2,302585 0,000449
whereat 1,560648 0,000304
wherefor 3,912023 0,000763
wherefore 1,139434 0,000222
wherefrom 2,995732 0,000584
whereof 1,237874 0,000241
whereon 1,309333 0,000255
whereto 2,525729 0,000492
wherewith 1,514128 0,000295
whip 0,597837 0,000117
whirl 1,078810 0,000210
whirled 1,078810 0,000210
whirling 0,843970 0,000165
whirls 2,040221 0,000398
whirlwind 1,609438 0,000314
whistle 0,843970 0,000165
white 0,051293 0,000010
whitened 1,771957 0,000345
whiter 1,560648 0,000304
whites 1,469676 0,000286
wholly 0,400478 0,000078
whomsoever 1,897120 0,000370
whoso 2,207275 0,000430
wi 2,302585 0,000449
wicked 0,356675 0,000070
wide 0,061875 0,000012
widespread 0,916291 0,000179
widest 0,446287 0,000087
wife 0,094311 0,000018
wild 0,051293 0,000010
willed 1,347074 0,000263
willingly 0,527633 0,000103
wilt 2,040221 0,000398
wily 1,771957 0,000345
win 0,462035 0,000090
wind 0,105361 0,000021
winding 0,634878 0,000124
window 0,274437 0,000053
winds 0,494296 0,000096
wing 0,562119 0,000110
wings 0,430783 0,000084
wins 1,514128 0,000295
winter 0,198451 0,000039
winters 1,514128 0,000295
wiping 1,108663 0,000216
wisdom 0,287682 0,000056
wise 0,105361 0,000021
wit 0,328504 0,000064
withal 1,347074 0,000263
withdrawn 0,616186 0,000120
withdraws 1,771957 0,000345
withdrew 0,510826 0,000100
withes 3,218876 0,000627
withstanding 2,207275 0,000430
witness 0,198451 0,000039
wives 0,400478 0,000078
wizard 1,966113 0,000383
woe 0,755023 0,000147
woeful 2,302585 0,000449
wolf 0,867501 0,000169
woman 0,061875 0,000012
women 0,094311 0,000018
wonderfully 0,510826 0,000100
wood 0,116534 0,000023
wooden 0,415515 0,000081
woof 2,525729 0,000492
word 0,020203 0,000004
wore 0,274437 0,000053
worm 0,843970 0,000165
worms 1,078810 0,000210
worse 0,083382 0,000016
worship 0,544727 0,000106
worships 2,120264 0,000413
worst 0,186330 0,000036
worth 0,061875 0,000012
worthies 2,207275 0,000430
worthy 0,186330 0,000036
wouldst 1,832581 0,000357
wound 0,274437 0,000053
wounded 0,274437 0,000053
wounds 0,562119 0,000110
woven 1,108663 0,000216
wrapped 0,579818 0,000113
wrath 0,634878 0,000124
wrathful 2,120264 0,000413
wretch 0,733969 0,000143
wretched 0,328504 0,000064
wretches 1,237874 0,000241
write 0,150823 0,000029
writer 0,415515 0,000081
writers 0,867501 0,000169
writes 0,597837 0,000117
writhed 1,386294 0,000270
writhes 3,218876 0,000627
writing 0,061875 0,000012
written 0,051293 0,000010
wrong 0,083382 0,000016
wronged 1,386294 0,000270
wrongfully 2,407946 0,000469
wrongs 1,078810 0,000210
wrote 0,150823 0,000029
wroth 2,302585 0,000449
xi 0,597837 0,000117
xii 0,579818 0,000113
xiii 0,673345 0,000131
xiv 0,693147 0,000135
xix 0,867501 0,000169
xvi 0,776529 0,000151
xvii 0,843970 0,000165
xviii 0,891598 0,000174
xx 0,916291 0,000179
xxi 0,867501 0,000169
xxii 0,967584 0,000189
xxiii 0,967584 0,000189
xxiv 0,994252 0,000194
xxv 1,108663 0,000216
xxx 1,272966 0,000248
yawned 1,272966 0,000248
yawns 2,120264 0,000413
yellow 0,328504 0,000064
yester 2,995732 0,000584
yesterday 0,301105 0,000059
yesternight 2,525729 0,000492
yielded 0,510826 0,000100
yonder 0,843970 0,000165
youth 0,150823 0,000029
youths 1,108663 0,000216
zenith 1,469676 0,000286
