abandon 0,544727 0,000090
abandoned 0,371064 0,000061
abide 0,287682 0,000047
abiding 1,309333 0,000216
ability 0,579818 0,000096
ablaze 2,207275 0,000364
abode 0,616186 0,000102
abounded 1,771957 0,000292
abounding 1,897120 0,000313
abreast 1,203973 0,000199
abrupt 0,994252 0,000164
abruptly 0,843970 0,000139
absence 0,274437 0,000045
absent 0,385662 0,000064
absented 2,525729 0,000417
absently 2,302585 0,000380
absolute 0,400478 0,000066
absolutely 0,287682 0,000047
absorbed 0,634878 0,000105
absurd 0,430783 0,000071
abundance 0,843970 0,000139
abuse 0,673345 0,000111
abusive 2,302585 0,000380
abysses 2,525729 0,000417
acadian 3,912023 0,000646
acceded 2,040221 0,000337
accent 0,843970 0,000139
accept 0,094311 0,000016
acceptable 0,967584 0,000160
accepted 0,139262 0,000023
accepting 0,287682 0,000047
access 0,314711 0,000052
accessed 0,562119 0,000093
accessible 0,446287 0,000074
accident 0,371064 0,000061
accidentally 0,820981 0,000135
accompanied 0,223144 0,000037
accompaniment 1,560648 0,000258
accompaniments 2,407946 0,000397
accompany 0,562119 0,000093
accompanying 0,820981 0,000135
accomplish 0,733969 0,000121
accomplished 0,385662 0,000064
accomplishing 1,560648 0,000258
accomplishment 1,139434 0,000188
accord 0,597837 0,000099
accouchements 3,912023 0,000646
account 0,010050 0,000002
accusation 1,049822 0,000173
accustomed 0,287682 0,000047
ache 1,309333 0,000216
ached 1,560648 0,000258
achievement 1,560648 0,000258
acknowledge 0,527633 0,000087
acknowledgment 1,347074 0,000222
acme 2,813411 0,000464
acquaintance 0,301105 0,000050
acquaintances 1,021651 0,000169
acquainted 0,385662 0,000064
acquiesced 1,469676 0,000243
acquiescence 1,427116 0,000236
acquired 0,462035 0,000076
acres 1,021651 0,000169
acting 1,609438 0,000266
action 0,139262 0,000023
actions 0,356675 0,000059
active 0,127833 0,000021
actual 0,174353 0,000029
acute 0,733969 0,000121
add 0,198451 0,000033
adding 0,510826 0,000084
addition 0,116534 0,000019
additional 0,198451 0,000033
additions 0,371064 0,000061
address 0,116534 0,000019
addressed 0,274437 0,000045
addresses 0,385662 0,000064
addressing 0,579818 0,000096
adequate 1,309333 0,000216
adieu 1,237874 0,000204
adjoined 2,525729 0,000417
adjoining 0,843970 0,000139
adjust 1,897120 0,000313
adjusted 1,171183 0,000193
adjusting 1,714798 0,000283
administer 1,771957 0,000292
administered 1,139434 0,000188
admiration 0,342490 0,000057
admired 0,579818 0,000096
admiring 0,776529 0,000128
admission 0,713350 0,000118
admit 0,235722 0,000039
admitted 0,301105 0,000050
adorable 2,040221 0,000337
adoration 1,171183 0,000193
adore 1,469676 0,000243
adored 1,139434 0,000188
adores 2,040221 0,000337
adoring 2,040221 0,000337
advance 0,223144 0,000037
advanced 0,274437 0,000045
advancement 1,203973 0,000199
advances 0,820981 0,000135
advancing 0,579818 0,000096
advantage 0,139262 0,000023
adventure 0,510826 0,000084
advice 0,186330 0,000031
advise 0,462035 0,000076
advised 0,616186 0,000102
advisedly 2,525729 0,000417
afar 0,994252 0,000164
affair 0,301105 0,000050
affairs 0,235722 0,000039
affection 0,235722 0,000039
affectionate 0,616186 0,000102
affectionately 1,237874 0,000204
affections 0,798508 0,000132
affliction 0,867501 0,000143
afford 0,301105 0,000050
afforded 0,616186 0,000102
afraid 0,105361 0,000017
afresh 1,021651 0,000169
afternoon 0,287682 0,000047
afternoons 1,771957 0,000292
afterward 1,139434 0,000188
age 0,051293 0,000008
aged 0,198451 0,000033
agent 0,274437 0,000045
ages 0,261365 0,000043
agility 1,272966 0,000210
agin 2,120264 0,000350
agitated 0,693147 0,000114
agitates 3,506558 0,000579
agitation 0,713350 0,000118
agonized 2,407946 0,000397
agonizing 1,832581 0,000302
agony 0,544727 0,000090
agree 0,116534 0,000019
agreeable 0,462035 0,000076
agreed 0,116534 0,000019
agreement 0,210721 0,000035
ailed 2,407946 0,000397
ails 1,660731 0,000274
aimlessly 1,897120 0,000313
aims 1,171183 0,000193
air 0,061875 0,000010
ajar 1,514128 0,000250
akimbo 2,302585 0,000380
alacrity 1,108663 0,000183
alarmed 0,478036 0,000079
album 2,207275 0,000364
alien 1,347074 0,000222
alike 0,287682 0,000047
aline 3,218876 0,000531
alive 0,051293 0,000008
allay 1,609438 0,000266
allegiance 1,897120 0,000313
allez 3,218876 0,000531
allurements 1,966113 0,000324
alluring 1,714798 0,000283
almighty 1,108663 0,000183
almonds 2,207275 0,000364
aloud 0,301105 0,000050
alphonse 2,995732 0,000494
altar 0,820981 0,000135
alteration 0,314711 0,000052
alterations 1,108663 0,000183
altercation 2,302585 0,000380
altered 0,510826 0,000084
alternate 0,328504 0,000054
altogether 0,198451 0,000033
amazement 0,446287 0,000074
amber 1,386294 0,000229
ambition 0,597837 0,000099
ambitions 1,609438 0,000266
ambled 2,995732 0,000494
america 0,579818 0,000096
american 0,733969 0,000121
ami 2,207275 0,000364
amiable 0,755023 0,000125
amicable 2,207275 0,000364
amie 2,995732 0,000494
amiss 0,820981 0,000135
ample 0,527633 0,000087
amuse 0,798508 0,000132
amused 0,562119 0,000093
amusement 0,544727 0,000090
amusing 0,693147 0,000114
anchorage 2,525729 0,000417
anecdote 1,660731 0,000274
anecdotes 1,427116 0,000236
anew 0,867501 0,000143
angel 0,579818 0,000096
angels 0,776529 0,000128
angelus 3,506558 0,000579
angered 1,660731 0,000274
angles 1,021651 0,000169
angostura 3,912023 0,000646
angrily 0,867501 0,000143
angry 0,174353 0,000029
anguish 0,579818 0,000096
animal 0,261365 0,000043
animalism 3,218876 0,000531
animals 0,494296 0,000082
animated 0,755023 0,000125
animation 1,171183 0,000193
ankle 1,171183 0,000193
ankles 1,347074 0,000222
annihilation 1,514128 0,000250
announcement 1,139434 0,000188
annoyance 1,049822 0,000173
annoyed 0,733969 0,000121
annoying 1,469676 0,000243
anomaly 2,407946 0,000397
answer 0,040822 0,000007
answered 0,072571 0,000012
answering 0,510826 0,000084
answers 0,415515 0,000069
antagonistic 1,966113 0,000324
antagonists 1,966113 0,000324
antagonize 3,912023 0,000646
antecedents 2,120264 0,000350
anticipating 1,469676 0,000243
anticipation 0,843970 0,000139
anxiety 0,287682 0,000047
anxious 0,261365 0,000043
anxiously 0,693147 0,000114
apartment 0,693147 0,000114
apartments 0,994252 0,000164
apiece 1,309333 0,000216
apologies 1,237874 0,000204
apologized 2,040221 0,000337
apology 0,713350 0,000118
apostrophe 2,302585 0,000380
appalled 1,203973 0,000199
appalling 1,237874 0,000204
apparent 0,314711 0,000052
apparition 0,994252 0,000164
appeal 0,342490 0,000057
appealing 1,171183 0,000193
appearance 0,083382 0,000014
appearances 0,693147 0,000114
appease 1,714798 0,000283
appeased 1,272966 0,000210
appetite 0,371064 0,000061
applause 0,967584 0,000160
apples 0,916291 0,000151
applicable 0,400478 0,000066
applied 0,287682 0,000047
apply 0,162519 0,000027
appointments 1,771957 0,000292
appreciable 2,407946 0,000397
appreciation 1,049822 0,000173
apprehend 1,108663 0,000183
apprehended 1,272966 0,000210
apprehension 0,616186 0,000102
apprised 1,966113 0,000324
approach 0,083382 0,000014
approached 0,248461 0,000041
approaching 0,235722 0,000039
approval 0,798508 0,000132
apron 1,386294 0,000229
apt 0,579818 0,000096
aptitude 1,771957 0,000292
arbitrary 1,309333 0,000216
architect 1,309333 0,000216
archive 0,544727 0,000090
ardent 0,941609 0,000155
ardently 1,714798 0,000283
ardor 1,660731 0,000274
argument 0,371064 0,000061
arguments 0,562119 0,000093
aria 2,813411 0,000464
arm 0,094311 0,000016
arms 0,051293 0,000008
army 0,371064 0,000061
arouse 1,237874 0,000204
aroused 0,755023 0,000125
arousing 1,966113 0,000324
arranged 0,328504 0,000054
arrangements 0,634878 0,000105
arranging 0,820981 0,000135
array 0,314711 0,000052
arrested 0,733969 0,000121
arrival 0,356675 0,000059
arrived 0,150823 0,000025
art 0,139262 0,000023
artificial 0,616186 0,000102
artificially 1,771957 0,000292
artisans 2,207275 0,000364
artist 0,634878 0,000105
artistic 1,049822 0,000173
ascendancy 2,302585 0,000380
ascended 0,713350 0,000118
ascent 1,021651 0,000169
ascertain 0,798508 0,000132
ascii 0,562119 0,000093
ashamed 0,248461 0,000041
ashes 0,462035 0,000076
asleep 0,162519 0,000027
aspect 0,462035 0,000076
assailed 1,203973 0,000199
assailing 2,659260 0,000439
assented 1,108663 0,000183
asserted 0,755023 0,000125
asserting 1,386294 0,000229
assertive 2,995732 0,000494
assist 0,510826 0,000084
assistance 0,105361 0,000017
assistants 1,469676 0,000243
assisted 0,634878 0,000105
assisting 1,078810 0,000178
associate 1,021651 0,000169
associating 2,040221 0,000337
assorting 3,506558 0,000579
assume 0,478036 0,000079
assumed 0,385662 0,000064
assumes 1,427116 0,000236
assurance 0,430783 0,000071
assure 0,385662 0,000064
assured 0,301105 0,000050
astir 1,966113 0,000324
astonish 1,427116 0,000236
astonished 0,301105 0,000050
astonishment 0,301105 0,000050
asunder 1,108663 0,000183
ate 0,415515 0,000069
atelier 3,218876 0,000531
atmosphere 0,579818 0,000096
atone 1,386294 0,000229
atonement 1,427116 0,000236
attached 0,127833 0,000021
attachment 0,941609 0,000155
attempt 0,083382 0,000014
attempted 0,356675 0,000059
attempting 0,579818 0,000096
attend 0,301105 0,000050
attendant 0,733969 0,000121
attended 0,342490 0,000057
attention 0,083382 0,000014
attentions 1,049822 0,000173
attentive 0,713350 0,000118
attentively 0,755023 0,000125
attire 1,203973 0,000199
attired 1,427116 0,000236
attitude 0,478036 0,000079
attitudes 1,771957 0,000292
attract 0,634878 0,000105
attracted 0,356675 0,000059
attraction 0,798508 0,000132
attractive 0,820981 0,000135
attractiveness 2,302585 0,000380
attributed 0,867501 0,000143
august 0,616186 0,000102
aunt 0,843970 0,000139
aunts 2,040221 0,000337
author 0,116534 0,000019
authority 0,261365 0,000043
autumn 0,653926 0,000108
avalanche 2,659260 0,000439
avenue 1,139434 0,000188
aversion 0,941609 0,000155
averted 1,139434 0,000188
avoidance 2,040221 0,000337
avoided 0,371064 0,000061
avoiding 1,021651 0,000169
awaited 0,733969 0,000121
awaiting 0,693147 0,000114
awake 0,356675 0,000059
awaken 0,891598 0,000147
awakened 0,673345 0,000111
awakening 1,108663 0,000183
awakens 2,040221 0,000337
awakes 2,120264 0,000350
aware 0,223144 0,000037
awe 0,597837 0,000099
awful 0,328504 0,000054
awhile 0,967584 0,000160
awkward 0,544727 0,000090
awning 2,302585 0,000380
awoke 0,446287 0,000074
ax 1,832581 0,000302
babes 1,609438 0,000266
babies 1,514128 0,000250
baby 0,673345 0,000111
bad 0,051293 0,000008
bade 0,597837 0,000099
bag 0,544727 0,000090
bah 1,514128 0,000250
bait 1,078810 0,000178
baking 1,832581 0,000302
bald 0,994252 0,000164
balk 2,813411 0,000464
ball 0,356675 0,000059
bamboo 1,771957 0,000292
band 0,430783 0,000071
bandana 3,218876 0,000531
bands 0,843970 0,000139
baneful 2,407946 0,000397
bang 1,469676 0,000243
banister 2,813411 0,000464
bank 0,261365 0,000043
banks 0,494296 0,000082
banquette 3,912023 0,000646
banter 2,040221 0,000337
bantered 2,813411 0,000464
bantering 2,302585 0,000380
baptism 1,897120 0,000313
bar 0,527633 0,000087
bare 0,162519 0,000027
barefooted 1,714798 0,000283
barest 2,407946 0,000397
bargain 0,597837 0,000099
bargains 1,897120 0,000313
barking 1,237874 0,000204
barks 1,832581 0,000302
barrier 1,078810 0,000178
bars 0,653926 0,000108
baseball 2,813411 0,000464
based 0,371064 0,000061
basin 0,941609 0,000155
basket 0,673345 0,000111
bat 1,469676 0,000243
batch 1,966113 0,000324
bath 0,562119 0,000093
bathe 1,272966 0,000210
bathed 0,798508 0,000132
bathers 3,506558 0,000579
bathing 1,272966 0,000210
bats 1,897120 0,000313
battered 1,309333 0,000216
battles 0,916291 0,000151
batture 3,912023 0,000646
bavarian 3,506558 0,000579
bay 0,544727 0,000090
bayou 2,995732 0,000494
beach 1,049822 0,000173
bead 2,207275 0,000364
beads 1,469676 0,000243
beamed 1,514128 0,000250
bear 0,061875 0,000010
beard 0,579818 0,000096
bearing 0,162519 0,000027
beat 0,186330 0,000031
beaten 0,400478 0,000066
beating 0,314711 0,000052
beautiful 0,083382 0,000014
beauty 0,174353 0,000029
bed 0,051293 0,000008
bedlam 2,525729 0,000417
bedroom 0,798508 0,000132
beds 0,430783 0,000071
bedtime 1,966113 0,000324
beer 0,941609 0,000155
bees 1,021651 0,000169
beethoven 2,207275 0,000364
befell 1,171183 0,000193
beg 0,210721 0,000035
beggars 1,171183 0,000193
begged 0,462035 0,000076
begging 0,713350 0,000118
begone 1,660731 0,000274
begrimed 2,407946 0,000397
beholding 1,021651 0,000169
belief 0,198451 0,000033
bell 0,400478 0,000066
belle 1,609438 0,000266
bellied 2,302585 0,000380
bellowing 1,832581 0,000302
bells 0,597837 0,000099
belong 0,235722 0,000039
belonged 0,314711 0,000052
belonging 0,527633 0,000087
belongings 1,714798 0,000283
belongs 0,415515 0,000069
beloved 0,415515 0,000069
belt 0,713350 0,000118
bench 0,616186 0,000102
bend 0,510826 0,000084
bending 0,597837 0,000099
beneath 0,198451 0,000033
benediction 1,771957 0,000292
beneficent 1,386294 0,000229
benefit 0,415515 0,000069
bent 0,174353 0,000029
bequeathed 1,514128 0,000250
besieging 2,207275 0,000364
betrayed 0,494296 0,000082
betraying 1,386294 0,000229
bewilder 2,659260 0,000439
bewildered 0,843970 0,000139
bewildering 1,714798 0,000283
bewilderment 1,660731 0,000274
bib 2,813411 0,000464
bible 0,776529 0,000128
bid 0,400478 0,000066
bien 1,966113 0,000324
billiards 1,966113 0,000324
billows 1,469676 0,000243
biloxi 3,912023 0,000646
binary 0,562119 0,000093
binding 0,891598 0,000147
bird 0,235722 0,000039
birds 0,301105 0,000050
birth 0,301105 0,000050
birthday 1,108663 0,000183
birthright 2,040221 0,000337
biscuit 1,514128 0,000250
bit 0,174353 0,000029
bite 0,798508 0,000132
biting 0,713350 0,000118
bits 0,843970 0,000139
bitter 0,235722 0,000039
black 0,072571 0,000012
blacks 1,427116 0,000236
blades 1,347074 0,000222
blagueur 3,912023 0,000646
blame 0,174353 0,000029
blanche 2,407946 0,000397
blanched 1,966113 0,000324
blank 0,579818 0,000096
blaze 0,941609 0,000155
blazed 1,203973 0,000199
blazing 0,916291 0,000151
blends 2,995732 0,000494
blessed 0,356675 0,000059
blessing 0,446287 0,000074
blew 0,494296 0,000082
blind 0,223144 0,000037
blinded 0,994252 0,000164
blindly 0,941609 0,000155
blinking 1,347074 0,000222
bliss 0,891598 0,000147
block 0,616186 0,000102
blocks 1,272966 0,000210
blonde 2,120264 0,000350
blood 0,116534 0,000019
bloodshot 1,897120 0,000313
blossom 1,139434 0,000188
blossoms 1,049822 0,000173
blotched 2,525729 0,000417
blotches 2,120264 0,000350
blotching 3,912023 0,000646
blotter 3,912023 0,000646
blow 0,139262 0,000023
blowing 0,510826 0,000084
blown 0,579818 0,000096
blue 0,174353 0,000029
blunder 1,386294 0,000229
blundering 1,514128 0,000250
blunders 1,560648 0,000258
blunt 0,967584 0,000160
blur 1,966113 0,000324
blurted 2,302585 0,000380
blush 0,693147 0,000114
blustering 2,120264 0,000350
board 0,314711 0,000052
boarded 1,560648 0,000258
boast 0,430783 0,000071
boasted 1,171183 0,000193
boat 0,446287 0,000074
bob 1,660731 0,000274
bodice 2,302585 0,000380
bodies 0,174353 0,000029
body 0,030459 0,000005
boiling 0,776529 0,000128
boldly 0,462035 0,000076
bon 1,660731 0,000274
bonbon 3,912023 0,000646
bonbons 2,995732 0,000494
bond 0,673345 0,000111
bonds 0,798508 0,000132
bonfire 2,207275 0,000364
bonne 2,302585 0,000380
bonnet 1,139434 0,000188
bonnets 1,771957 0,000292
book 0,061875 0,000010
books 0,139262 0,000023
bookshelf 3,218876 0,000531
boot 0,941609 0,000155
boots 0,510826 0,000084
border 0,967584 0,000160
bordered 1,347074 0,000222
bore 0,150823 0,000025
bores 2,120264 0,000350
born 0,105361 0,000017
borne 0,261365 0,000043
bosom 0,462035 0,000076
boss 1,660731 0,000274
bother 0,916291 0,000151
bothered 1,514128 0,000250
bothering 1,771957 0,000292
bottle 0,562119 0,000093
bough 1,203973 0,000199
bouillon 3,912023 0,000646
bound 0,030459 0,000005
bounty 1,386294 0,000229
bourgeois 2,207275 0,000364
bout 1,309333 0,000216
bouts 2,407946 0,000397
bow 0,287682 0,000047
bowed 0,371064 0,000061
bowing 0,994252 0,000164
box 0,248461 0,000041
boy 0,139262 0,000023
boyish 1,347074 0,000222
boys 0,328504 0,000054
bracing 1,714798 0,000283
braid 2,302585 0,000380
brain 0,356675 0,000059
branch 0,385662 0,000064
branches 0,371064 0,000061
brand 1,203973 0,000199
brandy 0,941609 0,000155
brass 0,478036 0,000079
brave 0,415515 0,000069
braving 2,995732 0,000494
brazen 1,203973 0,000199
breach 0,274437 0,000045
bread 0,248461 0,000041
breadth 0,653926 0,000108
break 0,083382 0,000014
breakfast 0,356675 0,000059
breaking 0,210721 0,000035
breast 0,210721 0,000035
breastworks 3,506558 0,000579
breath 0,174353 0,000029
breathed 0,494296 0,000082
breathing 0,462035 0,000076
breathless 0,673345 0,000111
breeze 0,713350 0,000118
breezes 1,832581 0,000302
brewed 2,525729 0,000417
brewing 1,771957 0,000292
brick 0,713350 0,000118
bridal 1,427116 0,000236
bridges 1,108663 0,000183
bright 0,116534 0,000019
brightening 1,469676 0,000243
brightest 1,171183 0,000193
brightness 0,634878 0,000105
brilliant 0,430783 0,000071
brilliantly 1,560648 0,000258
brimming 2,120264 0,000350
bring 0,010050 0,000002
bringing 0,105361 0,000017
broad 0,139262 0,000023
broiled 2,659260 0,000439
broke 0,116534 0,000019
broken 0,061875 0,000010
broker 2,040221 0,000337
brokerage 3,912023 0,000646
bronze 1,237874 0,000204
brood 1,108663 0,000183
brooded 1,347074 0,000222
broom 1,469676 0,000243
brother 0,127833 0,000021
brought 0,010050 0,000002
brow 0,544727 0,000090
browed 2,120264 0,000350
brown 0,274437 0,000045
brows 0,755023 0,000125
browsing 2,407946 0,000397
bruised 0,941609 0,000155
brune 3,506558 0,000579
brush 0,755023 0,000125
brushed 1,078810 0,000178
brushes 1,660731 0,000274
brushing 1,386294 0,000229
brutality 1,514128 0,000250
brute 0,579818 0,000096
bucket 1,309333 0,000216
buffalo 1,966113 0,000324
buffet 2,659260 0,000439
buggy 2,995732 0,000494
build 0,446287 0,000074
building 0,223144 0,000037
buildings 0,713350 0,000118
built 0,150823 0,000025
bulged 2,302585 0,000380
bulky 1,309333 0,000216
bumpy 3,912023 0,000646
bunch 0,994252 0,000164
bundle 0,755023 0,000125
bungling 2,995732 0,000494
buoy 2,120264 0,000350
buoyant 1,897120 0,000313
burden 0,223144 0,000037
bureau 1,832581 0,000302
buried 0,248461 0,000041
burn 0,400478 0,000066
burned 0,400478 0,000066
burning 0,150823 0,000025
burnt 0,415515 0,000069
bursting 0,713350 0,000118
bury 0,776529 0,000128
burying 1,386294 0,000229
busied 1,203973 0,000199
busily 1,021651 0,000169
business 0,040822 0,000007
bust 1,272966 0,000210
bustled 1,560648 0,000258
bustling 1,386294 0,000229
busy 0,223144 0,000037
butcher 0,941609 0,000155
butter 0,820981 0,000135
button 1,049822 0,000173
buttoned 1,309333 0,000216
buttons 1,108663 0,000183
buzzing 1,347074 0,000222
bye 0,776529 0,000128
bygone 2,207275 0,000364
cabin 0,916291 0,000151
cabins 1,660731 0,000274
cable 1,514128 0,000250
cabriolet 2,813411 0,000464
cage 1,237874 0,000204
cake 0,941609 0,000155
cakes 1,237874 0,000204
calculate 0,328504 0,000054
calculated 0,174353 0,000029
calculating 1,386294 0,000229
calculation 1,139434 0,000188
caliber 3,218876 0,000531
callers 2,525729 0,000417
calmly 0,510826 0,000084
camaraderie 3,912023 0,000646
camomile 3,218876 0,000531
camp 0,597837 0,000099
canal 1,309333 0,000216
candelabra 2,995732 0,000494
candidly 1,771957 0,000292
candle 0,544727 0,000090
candles 0,755023 0,000125
candor 1,966113 0,000324
candy 2,207275 0,000364
cane 0,916291 0,000151
cannon 0,941609 0,000155
canopy 1,609438 0,000266
canvas 0,916291 0,000151
cap 0,462035 0,000076
capability 2,659260 0,000439
cape 0,967584 0,000160
caprice 1,469676 0,000243
capricious 1,386294 0,000229
caps 0,967584 0,000160
captivated 1,966113 0,000324
captivating 2,120264 0,000350
car 0,994252 0,000164
carafe 2,813411 0,000464
card 0,223144 0,000037
cards 0,634878 0,000105
care 0,000000 0,000000
cared 0,494296 0,000082
career 0,478036 0,000079
careful 0,174353 0,000029
carefully 0,139262 0,000023
carefulness 2,995732 0,000494
careless 0,494296 0,000082
carelessness 1,021651 0,000169
cares 0,634878 0,000105
caress 1,469676 0,000243
caressed 1,469676 0,000243
caresses 1,386294 0,000229
caressing 1,427116 0,000236
caring 1,049822 0,000173
carpet 0,653926 0,000108
carpets 1,427116 0,000236
carriage 0,446287 0,000074
carriages 0,820981 0,000135
carried 0,030459 0,000005
carry 0,030459 0,000005
carrying 0,083382 0,000014
cars 1,660731 0,000274
cast 0,116534 0,000019
casting 0,544727 0,000090
casual 1,078810 0,000178
cat 0,562119 0,000093
catch 0,210721 0,000035
cathedral 1,272966 0,000210
catholic 1,139434 0,000188
cattle 0,544727 0,000090
caught 0,162519 0,000027
caution 0,527633 0,000087
cautiously 0,867501 0,000143
cavalry 1,469676 0,000243
cavern 1,347074 0,000222
cayenne 3,218876 0,000531
ce 1,832581 0,000302
cease 0,139262 0,000023
ceased 0,235722 0,000039
ceasing 1,078810 0,000178
ceiling 0,527633 0,000087
celestine 3,506558 0,000579
cello 3,912023 0,000646
center 1,469676 0,000243
centered 1,897120 0,000313
central 0,733969 0,000121
centre 0,462035 0,000076
cents 1,832581 0,000302
ceremony 0,579818 0,000096
chain 0,415515 0,000069
chained 1,108663 0,000183
chains 0,562119 0,000093
chair 0,274437 0,000045
chairs 0,579818 0,000096
chamber 0,400478 0,000066
champagne 1,469676 0,000243
chance 0,083382 0,000014
chances 0,562119 0,000093
change 0,010050 0,000002
changed 0,051293 0,000008
changing 0,248461 0,000041
channels 1,078810 0,000178
chaos 1,078810 0,000178
chaotic 2,040221 0,000337
character 0,061875 0,000010
characteristic 0,597837 0,000099
charge 0,051293 0,000008
charged 0,328504 0,000054
charges 0,223144 0,000037
charitable 0,287682 0,000047
charities 0,494296 0,000082
charity 0,494296 0,000082
charles 0,597837 0,000099
charm 0,544727 0,000090
charmed 0,941609 0,000155
charming 0,527633 0,000087
charms 0,755023 0,000125
chasm 1,427116 0,000236
chastity 1,514128 0,000250
chatted 1,560648 0,000258
chattering 1,108663 0,000183
chatting 1,427116 0,000236
chatty 2,407946 0,000397
cheap 0,673345 0,000111
check 0,174353 0,000029
checked 0,579818 0,000096
checkered 2,302585 0,000380
checkers 3,506558 0,000579
checking 1,203973 0,000199
checks 0,478036 0,000079
cheek 0,430783 0,000071
cheeks 0,415515 0,000069
cheerful 0,385662 0,000064
cheerfully 0,820981 0,000135
cheerfulness 0,867501 0,000143
cheerless 1,714798 0,000283
cheese 0,967584 0,000160
cherish 1,078810 0,000178
cherished 0,843970 0,000139
cherries 2,407946 0,000397
chess 1,660731 0,000274
chest 0,371064 0,000061
chicken 1,139434 0,000188
chickens 1,469676 0,000243
chiding 2,207275 0,000364
chiefly 0,527633 0,000087
child 0,072571 0,000012
childhood 0,527633 0,000087
childish 0,713350 0,000118
childishly 2,525729 0,000417
children 0,072571 0,000012
chill 0,733969 0,000121
chilled 1,139434 0,000188
chills 2,302585 0,000380
chilly 1,237874 0,000204
chiming 2,525729 0,000417
chimney 0,798508 0,000132
chimneys 1,309333 0,000216
chin 0,478036 0,000079
chips 1,966113 0,000324
chloroform 3,506558 0,000579
chocolate 1,514128 0,000250
chocolates 2,995732 0,000494
choice 0,150823 0,000025
choir 1,386294 0,000229
choking 0,941609 0,000155
choose 0,083382 0,000014
chop 1,514128 0,000250
chopin 3,218876 0,000531
choppy 3,506558 0,000579
chords 1,660731 0,000274
chose 0,301105 0,000050
chubby 2,207275 0,000364
church 0,261365 0,000043
cicatrice 3,912023 0,000646
cigar 1,139434 0,000188
cigarette 1,514128 0,000250
cigarettes 1,714798 0,000283
cigars 1,347074 0,000222
circle 0,223144 0,000037
circled 1,514128 0,000250
circlet 2,995732 0,000494
circling 1,203973 0,000199
circumstances 0,162519 0,000027
cistern 1,771957 0,000292
cities 0,616186 0,000102
city 0,051293 0,000008
clad 0,597837 0,000099
claim 0,116534 0,000019
claiming 1,272966 0,000210
clammy 1,897120 0,000313
clamor 1,771957 0,000292
clamored 2,659260 0,000439
clamoring 2,813411 0,000464
clanged 2,659260 0,000439
claret 1,771957 0,000292
clashes 2,995732 0,000494
clashing 1,832581 0,000302
clasped 0,843970 0,000139
clasping 1,078810 0,000178
class 0,314711 0,000052
classic 1,309333 0,000216
classics 1,966113 0,000324
clatter 1,386294 0,000229
clattering 1,660731 0,000274
clean 0,248461 0,000041
clearheadedness 3,506558 0,000579
clematis 3,218876 0,000531
clementine 3,912023 0,000646
clergyman 1,108663 0,000183
clerk 0,673345 0,000111
clerks 1,309333 0,000216
clever 0,400478 0,000066
cleverly 1,514128 0,000250
cleverness 1,609438 0,000266
climax 1,272966 0,000210
climb 0,693147 0,000114
climbed 0,673345 0,000111
climbing 0,733969 0,000121
clinging 0,867501 0,000143
clings 1,966113 0,000324
cloak 0,562119 0,000093
close 0,051293 0,000008
closed 0,116534 0,000019
closely 0,223144 0,000037
closer 0,385662 0,000064
closet 1,139434 0,000188
closing 0,446287 0,000074
cloth 0,356675 0,000059
clothes 0,127833 0,000021
clothing 0,776529 0,000128
clouds 0,342490 0,000057
cloudy 1,078810 0,000178
clown 1,966113 0,000324
club 0,713350 0,000118
clubs 1,272966 0,000210
cluck 2,995732 0,000494
clucking 2,813411 0,000464
clumps 1,771957 0,000292
clumsily 1,714798 0,000283
clung 0,693147 0,000114
cluster 1,386294 0,000229
clusters 1,347074 0,000222
clutch 1,514128 0,000250
clutching 1,203973 0,000199
coachman 1,108663 0,000183
coals 1,108663 0,000183
coarse 0,478036 0,000079
coat 0,274437 0,000045
coats 0,653926 0,000108
cochon 3,506558 0,000579
cocktail 3,506558 0,000579
coddle 3,912023 0,000646
codes 0,510826 0,000084
coerced 2,995732 0,000494
coercion 2,659260 0,000439
coffee 0,562119 0,000093
coil 1,237874 0,000204
coiled 1,832581 0,000302
coiling 2,407946 0,000397
coin 0,916291 0,000151
cold 0,040822 0,000007
coldly 0,916291 0,000151
coldness 1,021651 0,000169
collar 0,713350 0,000118
collected 0,415515 0,000069
collection 0,174353 0,000029
collectively 2,207275 0,000364
college 0,693147 0,000114
cologne 2,407946 0,000397
colonel 0,967584 0,000160
color 1,021651 0,000169
colored 1,171183 0,000193
coloring 2,120264 0,000350
colorless 2,525729 0,000417
colors 1,309333 0,000216
column 0,755023 0,000125
columns 0,867501 0,000143
comb 1,139434 0,000188
combing 2,207275 0,000364
comedian 2,207275 0,000364
comedy 0,941609 0,000155
comfort 0,150823 0,000025
comfortable 0,261365 0,000043
comfortably 0,693147 0,000114
comforted 0,776529 0,000128
comic 1,203973 0,000199
comical 1,560648 0,000258
coming 1,171183 0,000193
command 0,162519 0,000027
commanded 0,462035 0,000076
commanding 0,755023 0,000125
comment 0,673345 0,000111
comments 1,469676 0,000243
commercial 0,274437 0,000045
commiseration 1,660731 0,000274
committed 0,150823 0,000025
commodious 1,966113 0,000324
common 0,072571 0,000012
commonplace 1,237874 0,000204
commotion 1,078810 0,000178
community 0,616186 0,000102
companion 0,248461 0,000041
companionable 2,659260 0,000439
companions 0,301105 0,000050
company 0,020203 0,000003
comparatively 0,634878 0,000105
compare 0,510826 0,000084
compartment 2,040221 0,000337
compartments 1,897120 0,000313
compass 0,673345 0,000111
compelled 0,527633 0,000087
compelling 1,560648 0,000258
compensation 1,108663 0,000183
compilation 0,494296 0,000082
complacency 1,427116 0,000236
complained 0,562119 0,000093
complainingly 3,506558 0,000579
complete 0,150823 0,000025
completed 0,446287 0,000074
completely 0,274437 0,000045
completing 1,469676 0,000243
complexion 0,798508 0,000132
compliance 0,342490 0,000057
compliments 0,916291 0,000151
comply 0,342490 0,000057
complying 0,446287 0,000074
composed 0,328504 0,000054
composer 2,120264 0,000350
composing 1,386294 0,000229
composure 1,049822 0,000173
comprehend 0,616186 0,000102
comprehending 1,560648 0,000258
comprehension 1,203973 0,000199
compressed 0,342490 0,000057
comprised 1,560648 0,000258
compulsion 1,609438 0,000266
compunction 1,714798 0,000283
conceal 0,301105 0,000050
conceived 0,462035 0,000076
concept 0,544727 0,000090
conception 0,653926 0,000108
concern 0,430783 0,000071
concerned 0,287682 0,000047
concerns 0,820981 0,000135
concerts 1,897120 0,000313
concluded 0,356675 0,000059
conclusion 0,235722 0,000039
concocting 2,813411 0,000464
condemning 1,427116 0,000236
condition 0,094311 0,000016
conditions 0,342490 0,000057
conduct 0,198451 0,000033
conducted 0,415515 0,000069
confectioner 2,659260 0,000439
confederate 1,832581 0,000302
confidence 0,139262 0,000023
confidences 1,514128 0,000250
confidential 1,021651 0,000169
confidently 1,049822 0,000173
confidingly 3,218876 0,000531
confining 1,897120 0,000313
confirm 0,755023 0,000125
confirmation 0,356675 0,000059
confirmatory 3,218876 0,000531
confirmed 0,174353 0,000029
conflicting 1,560648 0,000258
conforms 2,995732 0,000494
confronted 1,021651 0,000169
confused 0,248461 0,000041
confusing 1,966113 0,000324
confusion 0,301105 0,000050
congenial 1,309333 0,000216
congratulated 1,469676 0,000243
congratulating 1,714798 0,000283
connected 0,415515 0,000069
connection 0,462035 0,000076
conquered 0,798508 0,000132
conquerors 1,714798 0,000283
conscious 0,314711 0,000052
consciously 1,469676 0,000243
consciousness 0,371064 0,000061
consecutive 2,302585 0,000380
consent 0,328504 0,000054
consented 0,562119 0,000093
consequence 0,328504 0,000054
consequences 0,371064 0,000061
consequential 0,478036 0,000079
considerable 0,105361 0,000017
consideration 0,274437 0,000045
consigned 1,427116 0,000236
consist 0,867501 0,000143
consisted 0,562119 0,000093
consisting 0,916291 0,000151
consolations 1,771957 0,000292
consoling 1,714798 0,000283
conspicuous 0,916291 0,000151
constant 0,051293 0,000008
constantly 0,371064 0,000061
consternation 1,021651 0,000169
constituted 1,049822 0,000173
constitutional 1,469676 0,000243
construction 0,755023 0,000125
consul 1,832581 0,000302
consult 0,579818 0,000096
consultation 0,994252 0,000164
consumed 0,634878 0,000105
consuming 1,171183 0,000193
contact 0,210721 0,000035
contagion 1,714798 0,000283
contagious 2,040221 0,000337
contemplated 1,078810 0,000178
contemplating 1,139434 0,000188
contemplation 0,527633 0,000087
contemporaries 1,272966 0,000210
contemptuous 1,049822 0,000173
contended 1,469676 0,000243
content 0,186330 0,000031
contented 0,400478 0,000066
contentment 1,347074 0,000222
contents 0,094311 0,000016
continue 0,261365 0,000043
continued 0,072571 0,000012
continuously 1,469676 0,000243
contortion 3,912023 0,000646
contortions 1,897120 0,000313
contract 0,261365 0,000043
contradict 1,078810 0,000178
contradictory 1,272966 0,000210
contrary 0,198451 0,000033
contrast 0,494296 0,000082
contributions 0,430783 0,000071
contriving 1,966113 0,000324
control 0,314711 0,000052
controls 2,207275 0,000364
controversies 2,207275 0,000364
convenances 3,912023 0,000646
convenience 0,755023 0,000125
conveniences 1,897120 0,000313
conventional 1,347074 0,000222
conversation 0,186330 0,000031
conversing 0,967584 0,000160
convert 0,385662 0,000064
convey 0,544727 0,000090
conveyed 0,634878 0,000105
conviction 0,462035 0,000076
convince 0,634878 0,000105
convinced 0,287682 0,000047
convincing 1,108663 0,000183
convulsions 1,272966 0,000210
convulsively 1,347074 0,000222
cook 0,430783 0,000071
cookbook 3,912023 0,000646
cooked 0,916291 0,000151
cooking 0,967584 0,000160
cooks 1,203973 0,000199
cool 0,314711 0,000052
cooler 1,897120 0,000313
cope 1,272966 0,000210
copper 0,798508 0,000132
copying 0,494296 0,000082
copyright 0,415515 0,000069
coquetry 1,897120 0,000313
coquetted 3,506558 0,000579
corbeille 3,912023 0,000646
cord 0,916291 0,000151
corinthian 2,659260 0,000439
corn 0,579818 0,000096
corner 0,127833 0,000021
corporation 0,462035 0,000076
correspondent 1,272966 0,000210
corridor 1,203973 0,000199
corrupt 0,274437 0,000045
cost 0,105361 0,000017
costs 0,287682 0,000047
cot 1,897120 0,000313
cottage 0,798508 0,000132
cottages 1,560648 0,000258
cotton 0,891598 0,000147
cottonade 3,912023 0,000646
cottonwood 3,218876 0,000531
couch 0,733969 0,000121
count 0,248461 0,000041
counted 0,527633 0,000087
countenance 0,415515 0,000069
counter 0,843970 0,000139
counting 0,693147 0,000114
countries 0,235722 0,000039
country 0,010050 0,000002
counts 1,237874 0,000204
coup 2,302585 0,000380
couple 0,287682 0,000047
courage 0,150823 0,000025
courageous 1,171183 0,000193
court 0,127833 0,000021
courteous 0,967584 0,000160
courtesy 0,713350 0,000118
cousins 1,108663 0,000183
cover 0,261365 0,000043
covered 0,139262 0,000023
coward 0,994252 0,000164
cowl 2,659260 0,000439
cows 0,867501 0,000143
cozy 2,813411 0,000464
crabs 2,302585 0,000380
cracker 2,995732 0,000494
crackers 2,207275 0,000364
cradle 1,108663 0,000183
cradles 2,659260 0,000439
cramp 2,040221 0,000337
cramped 1,427116 0,000236
crash 0,776529 0,000128
cravat 1,714798 0,000283
craved 2,207275 0,000364
cravings 2,120264 0,000350
crazy 0,916291 0,000151
cream 1,171183 0,000193
creamy 2,407946 0,000397
create 0,597837 0,000099
created 0,116534 0,000019
creating 0,342490 0,000057
creation 0,235722 0,000039
creature 0,174353 0,000029
creatures 0,235722 0,000039
credit 0,094311 0,000016
creditable 1,897120 0,000313
creep 0,820981 0,000135
creeping 0,634878 0,000105
creole 2,995732 0,000494
creoles 3,506558 0,000579
crept 0,494296 0,000082
crescent 1,771957 0,000292
cress 3,218876 0,000531
crests 1,832581 0,000302
crime 0,314711 0,000052
criminal 0,693147 0,000114
crimped 2,525729 0,000417
crimson 0,941609 0,000155
crinkled 3,218876 0,000531
crisp 1,309333 0,000216
critical 0,235722 0,000039
critically 1,714798 0,000283
criticised 1,897120 0,000313
croquet 2,813411 0,000464
cross 0,139262 0,000023
crossed 0,301105 0,000050
crossing 0,462035 0,000076
crossings 2,995732 0,000494
crowd 0,198451 0,000033
crowded 0,301105 0,000050
cruel 0,261365 0,000043
cruelly 0,820981 0,000135
cruelty 0,478036 0,000079
cruet 2,813411 0,000464
crumbs 1,771957 0,000292
crumpled 1,309333 0,000216
crunching 2,407946 0,000397
crush 0,967584 0,000160
crushed 0,544727 0,000090
crushing 0,843970 0,000139
crusty 2,302585 0,000380
crying 1,560648 0,000258
crystal 1,049822 0,000173
cuff 1,660731 0,000274
cultivating 1,714798 0,000283
cumbersome 2,525729 0,000417
cup 0,385662 0,000064
cur 1,514128 0,000250
curiosity 0,223144 0,000037
curious 0,261365 0,000043
curled 0,941609 0,000155
curls 1,139434 0,000188
current 0,127833 0,000021
currents 1,347074 0,000222
cursed 0,510826 0,000084
curtain 0,616186 0,000102
curtains 0,579818 0,000096
curve 1,347074 0,000222
curved 1,171183 0,000193
curves 1,469676 0,000243
cushion 1,347074 0,000222
cushioned 2,120264 0,000350
cushions 1,237874 0,000204
custom 0,210721 0,000035
cut 0,040822 0,000007
cutting 0,415515 0,000069
cynical 1,560648 0,000258
dabbed 3,506558 0,000579
dabbled 2,407946 0,000397
dabbling 2,407946 0,000397
dada 3,912023 0,000646
daily 0,248461 0,000041
dainty 0,798508 0,000132
damage 0,261365 0,000043
damaged 0,356675 0,000059
damages 0,400478 0,000066
damask 2,040221 0,000337
dame 1,171183 0,000193
damp 0,415515 0,000069
damsel 1,427116 0,000236
dance 0,356675 0,000059
danced 0,653926 0,000108
dancing 0,371064 0,000061
danger 0,116534 0,000019
dangerous 0,150823 0,000025
dangling 1,139434 0,000188
dante 1,514128 0,000250
daring 0,843970 0,000139
dark 0,051293 0,000008
darker 0,916291 0,000151
darkest 1,427116 0,000236
darkies 3,506558 0,000579
darkness 0,186330 0,000031
darky 3,506558 0,000579
darning 2,407946 0,000397
darted 0,776529 0,000128
dash 0,673345 0,000111
dat 2,525729 0,000417
data 0,494296 0,000082
daughter 0,261365 0,000043
daughters 0,510826 0,000084
dauphine 2,813411 0,000464
david 0,597837 0,000099
dawn 0,478036 0,000079
day 0,000000 0,000000
daylight 0,446287 0,000074
days 0,020203 0,000003
dazed 1,427116 0,000236
dazzling 0,941609 0,000155
dead 0,072571 0,000012
deadened 2,040221 0,000337
deadly 0,478036 0,000079
deafening 1,897120 0,000313
deal 0,105361 0,000017
dealer 1,347074 0,000222
dealing 0,616186 0,000102
dealings 1,237874 0,000204
dealt 0,597837 0,000099
death 0,020203 0,000003
debar 3,218876 0,000531
deceive 0,527633 0,000087
deceived 0,430783 0,000071
deceiving 1,203973 0,000199
december 0,562119 0,000093
decent 0,693147 0,000114
decided 0,186330 0,000031
decipher 2,040221 0,000337
declare 0,342490 0,000057
declared 0,210721 0,000035
declined 0,776529 0,000128
decorate 2,040221 0,000337
decorations 1,966113 0,000324
decoy 2,407946 0,000397
decrees 1,272966 0,000210
dedicated 1,108663 0,000183
deductible 0,562119 0,000093
deem 1,237874 0,000204
deep 0,051293 0,000008
deepened 1,386294 0,000229
deeper 0,328504 0,000054
deeply 0,261365 0,000043
deer 0,867501 0,000143
defect 0,328504 0,000054
defective 0,356675 0,000059
defects 0,301105 0,000050
defend 0,400478 0,000066
defending 1,049822 0,000173
deferred 1,386294 0,000229
defiance 0,713350 0,000118
deficiencies 1,714798 0,000283
defies 2,207275 0,000364
define 1,272966 0,000210
deformity 1,609438 0,000266
deft 2,207275 0,000364
degree 0,198451 0,000033
degrees 0,446287 0,000074
deletions 0,562119 0,000093
deliberately 0,693147 0,000114
deliberation 1,171183 0,000193
delicacies 1,514128 0,000250
delicacy 0,713350 0,000118
delicate 0,301105 0,000050
delicately 1,171183 0,000193
delicious 0,713350 0,000118
delight 0,162519 0,000027
delighted 0,287682 0,000047
delightful 0,478036 0,000079
delirium 1,237874 0,000204
delivered 0,342490 0,000057
demand 0,127833 0,000021
demanded 0,400478 0,000066
demanding 1,203973 0,000199
demented 2,813411 0,000464
demure 2,120264 0,000350
demurely 1,897120 0,000313
denial 0,798508 0,000132
denied 0,287682 0,000047
deny 0,301105 0,000050
departed 0,356675 0,000059
department 0,941609 0,000155
departure 0,430783 0,000071
depended 0,653926 0,000108
depends 0,198451 0,000033
deplored 1,771957 0,000292
deposited 1,021651 0,000169
deprecatory 2,995732 0,000494
depressed 0,916291 0,000151
deprived 0,579818 0,000096
depth 0,494296 0,000082
depths 0,446287 0,000074
derivative 0,510826 0,000084
derive 0,342490 0,000057
derived 0,248461 0,000041
descend 0,478036 0,000079
descended 0,400478 0,000066
descending 0,579818 0,000096
description 0,274437 0,000045
deserted 0,385662 0,000064
deserve 0,430783 0,000071
deserved 0,634878 0,000105
deserving 0,891598 0,000147
design 0,400478 0,000066
designed 0,916291 0,000151
designing 1,771957 0,000292
desire 0,072571 0,000012
desired 0,150823 0,000025
desiring 0,916291 0,000151
desirous 0,634878 0,000105
desk 0,891598 0,000147
desolate 0,820981 0,000135
despair 0,198451 0,000033
despairing 0,798508 0,000132
despairingly 1,966113 0,000324
desperately 0,843970 0,000139
despondency 1,560648 0,000258
despondent 1,832581 0,000302
destined 0,494296 0,000082
destroy 0,127833 0,000021
desultory 2,120264 0,000350
detach 0,446287 0,000074
detachment 1,386294 0,000229
detain 0,820981 0,000135
detect 0,994252 0,000164
detected 0,776529 0,000128
determination 0,634878 0,000105
determine 0,210721 0,000035
determined 0,174353 0,000029
detested 1,237874 0,000204
detract 2,207275 0,000364
deuced 3,506558 0,000579
devil 0,356675 0,000059
devilishly 2,813411 0,000464
devils 0,820981 0,000135
devise 1,427116 0,000236
devoid 1,309333 0,000216
devolved 1,771957 0,000292
devote 0,755023 0,000125
devoted 0,301105 0,000050
devotion 0,510826 0,000084
devotions 1,897120 0,000313
devour 0,994252 0,000164
dew 0,867501 0,000143
dewy 1,660731 0,000274
diadem 2,040221 0,000337
diagonally 2,525729 0,000417
diamonds 0,967584 0,000160
dickens 1,560648 0,000258
die 0,105361 0,000017
died 0,061875 0,000010
difference 0,198451 0,000033
difficult 0,116534 0,000019
difficulty 0,139262 0,000023
diffident 1,771957 0,000292
dig 0,776529 0,000128
digging 1,108663 0,000183
dignified 0,755023 0,000125
dignity 0,314711 0,000052
dilution 3,912023 0,000646
dim 0,415515 0,000069
diminutive 1,609438 0,000266
dimly 0,867501 0,000143
din 1,203973 0,000199
dine 0,673345 0,000111
dined 0,967584 0,000160
dingy 1,347074 0,000222
dining 0,510826 0,000084
dinner 0,198451 0,000033
dinners 1,108663 0,000183
dip 1,139434 0,000188
dipped 1,203973 0,000199
direct 0,083382 0,000014
directed 0,287682 0,000047
direction 0,083382 0,000014
directions 0,314711 0,000052
directory 2,525729 0,000417
disabled 1,714798 0,000283
disagreeable 0,733969 0,000121
disagreeably 1,897120 0,000313
disappear 0,891598 0,000147
disappeared 0,356675 0,000059
disappointed 0,415515 0,000069
disapproval 1,966113 0,000324
disapproved 2,207275 0,000364
disapproving 2,207275 0,000364
disapprovingly 2,525729 0,000417
disarming 3,218876 0,000531
disband 2,659260 0,000439
disbanding 2,995732 0,000494
discarded 1,309333 0,000216
discern 0,820981 0,000135
discernible 1,897120 0,000313
discernment 1,469676 0,000243
disciplined 1,897120 0,000313
disclaim 0,510826 0,000084
disclaimer 0,562119 0,000093
disclaimers 0,562119 0,000093
disclosures 2,525729 0,000417
discomfort 1,237874 0,000204
discontinue 0,544727 0,000090
discordant 1,514128 0,000250
discords 2,407946 0,000397
discourage 1,427116 0,000236
discouragement 1,897120 0,000313
discouraging 1,714798 0,000283
discourtesy 3,218876 0,000531
discover 0,083382 0,000014
discovered 0,051293 0,000008
discreditable 2,302585 0,000380
discriminating 2,120264 0,000350
discrimination 1,897120 0,000313
discuss 0,673345 0,000111
discussed 0,820981 0,000135
disembarking 2,995732 0,000494
disfigured 1,469676 0,000243
disguising 1,832581 0,000302
disgust 0,446287 0,000074
disheartened 1,897120 0,000313
dishes 0,755023 0,000125
disinclined 1,771957 0,000292
disk 0,446287 0,000074
dislike 0,616186 0,000102
dislodging 2,813411 0,000464
dismantled 1,966113 0,000324
dismay 0,776529 0,000128
dismissed 0,597837 0,000099
disorder 0,579818 0,000096
dispelling 3,218876 0,000531
dispensed 1,427116 0,000236
display 0,261365 0,000043
displayed 0,198451 0,000033
displaying 0,342490 0,000057
dispose 0,994252 0,000164
disposing 1,469676 0,000243
disposition 0,400478 0,000066
dispute 0,562119 0,000093
disquieting 2,120264 0,000350
disregard 1,021651 0,000169
dissembled 2,302585 0,000380
dissenting 2,207275 0,000364
dissipation 1,560648 0,000258
dissolution 1,469676 0,000243
dissuaded 2,120264 0,000350
distance 0,105361 0,000017
distant 0,162519 0,000027
distinct 0,301105 0,000050
distinction 0,446287 0,000074
distinctions 1,078810 0,000178
distinguish 0,356675 0,000059
distinguished 0,301105 0,000050
distorted 1,049822 0,000173
distress 0,274437 0,000045
distribute 0,400478 0,000066
distributed 0,248461 0,000041
distributing 0,446287 0,000074
distribution 0,430783 0,000071
distributor 0,562119 0,000093
disturb 0,478036 0,000079
disturbance 0,798508 0,000132
disturbed 0,356675 0,000059
disturbing 1,021651 0,000169
disuse 2,120264 0,000350
diverse 1,514128 0,000250
diversified 2,040221 0,000337
diversion 1,078810 0,000178
divided 0,210721 0,000035
divine 0,430783 0,000071
doctor 0,446287 0,000074
documents 1,272966 0,000210
dog 0,261365 0,000043
doggie 3,506558 0,000579
dogs 0,342490 0,000057
dogskin 3,218876 0,000531
dollar 1,771957 0,000292
dollars 1,272966 0,000210
domain 0,328504 0,000054
domestic 0,527633 0,000087
dominated 1,832581 0,000302
donate 0,562119 0,000093
donation 0,494296 0,000082
donations 0,494296 0,000082
donors 0,527633 0,000087
door 0,040822 0,000007
doors 0,105361 0,000017
dormer 2,813411 0,000464
double 0,186330 0,000031
doubled 0,653926 0,000108
doubt 0,040822 0,000007
doubted 0,478036 0,000079
doubtless 0,430783 0,000071
downloading 0,562119 0,000093
downward 0,798508 0,000132
dozen 0,446287 0,000074
drafts 2,525729 0,000417
drag 0,579818 0,000096
dragged 0,462035 0,000076
dragging 0,673345 0,000111
draggingly 3,506558 0,000579
drained 1,514128 0,000250
draining 2,407946 0,000397
dramatic 1,078810 0,000178
dramatically 2,813411 0,000464
drank 0,371064 0,000061
draped 1,660731 0,000274
draperies 2,407946 0,000397
drapery 2,040221 0,000337
draw 0,105361 0,000017
drawer 1,078810 0,000178
drawers 1,049822 0,000173
drawing 0,139262 0,000023
drawl 2,659260 0,000439
drawn 0,094311 0,000016
dread 0,371064 0,000061
dreadful 0,342490 0,000057
dream 0,198451 0,000033
dreamed 0,562119 0,000093
dreaming 0,562119 0,000093
dreams 0,274437 0,000045
dreamt 1,427116 0,000236
dreamy 1,347074 0,000222
dreary 0,713350 0,000118
dress 0,186330 0,000031
dressed 0,261365 0,000043
dresser 2,040221 0,000337
dressing 0,527633 0,000087
drew 0,162519 0,000027
driblets 3,912023 0,000646
dried 0,462035 0,000076
drift 0,755023 0,000125
drifting 1,237874 0,000204
drink 0,150823 0,000025
drinking 0,371064 0,000061
drinks 0,967584 0,000160
dripping 0,891598 0,000147
drive 0,186330 0,000031
driven 0,127833 0,000021
drives 0,867501 0,000143
driving 0,371064 0,000061
droll 1,609438 0,000266
droop 1,609438 0,000266
drop 0,150823 0,000025
droplight 3,912023 0,000646
dropped 0,274437 0,000045
dropping 0,673345 0,000111
drove 0,248461 0,000041
drowned 0,616186 0,000102
drowsily 2,120264 0,000350
drowsiness 1,609438 0,000266
drowsy 1,237874 0,000204
drug 1,514128 0,000250
drummed 2,525729 0,000417
drunk 0,415515 0,000069
dry 0,127833 0,000021
drying 1,237874 0,000204
dual 2,302585 0,000380
duds 3,218876 0,000531
duel 1,469676 0,000243
duet 2,525729 0,000417
dull 0,174353 0,000029
dulled 2,407946 0,000397
dumb 0,562119 0,000093
dupe 2,040221 0,000337
dusk 0,941609 0,000155
dusky 1,021651 0,000169
dust 0,174353 0,000029
duster 3,218876 0,000531
duties 0,356675 0,000059
duty 0,083382 0,000014
dwarfed 2,407946 0,000397
dwell 0,478036 0,000079
dwelling 0,494296 0,000082
dwelt 0,713350 0,000118
dying 0,261365 0,000043
eager 0,210721 0,000035
eagerly 0,385662 0,000064
eagerness 0,544727 0,000090
ear 0,139262 0,000023
earn 0,891598 0,000147
earnest 0,261365 0,000043
earnestness 0,867501 0,000143
ears 0,105361 0,000017
earth 0,051293 0,000008
earthling 3,912023 0,000646
earthly 0,673345 0,000111
ease 0,162519 0,000027
easier 0,385662 0,000064
easily 0,072571 0,000012
east 0,235722 0,000039
easy 0,040822 0,000007
eat 0,083382 0,000014
eaten 0,446287 0,000074
eating 0,235722 0,000039
eaves 1,832581 0,000302
echo 0,713350 0,000118
echoed 0,798508 0,000132
economies 2,995732 0,000494
ecstasy 0,867501 0,000143
edge 0,210721 0,000035
edition 0,287682 0,000047
editions 0,385662 0,000064
editorials 3,506558 0,000579
edmond 3,218876 0,000531
edna 3,912023 0,000646
educational 0,446287 0,000074
ef 2,995732 0,000494
efface 1,771957 0,000292
effectually 1,203973 0,000199
effort 0,094311 0,000016
efforts 0,139262 0,000023
effrontery 2,120264 0,000350
effulgence 2,407946 0,000397
effusive 2,995732 0,000494
eiderdown 3,912023 0,000646
eighteen 0,462035 0,000076
eighth 0,798508 0,000132
ejaculated 1,609438 0,000266
ejaculatory 3,912023 0,000646
elaborate 0,891598 0,000147
elbow 0,527633 0,000087
eleanor 3,506558 0,000579
elect 0,328504 0,000054
electronic 0,544727 0,000090
electronically 0,544727 0,000090
element 0,510826 0,000084
elevated 0,891598 0,000147
elevation 0,843970 0,000139
elevator 2,813411 0,000464
elle 2,302585 0,000380
ellen 2,407946 0,000397
elude 1,469676 0,000243
eluded 1,560648 0,000258
elusive 2,302585 0,000380
email 0,562119 0,000093
embarrassed 0,916291 0,000151
embarrassment 1,049822 0,000173
embers 1,139434 0,000188
embodiment 1,897120 0,000313
embrace 0,462035 0,000076
embroider 2,525729 0,000417
embroidered 1,237874 0,000204
embroideries 2,407946 0,000397
emerge 1,386294 0,000229
emerged 0,967584 0,000160
emergency 1,272966 0,000210
emerson 3,218876 0,000531
emitted 2,207275 0,000364
emotion 0,494296 0,000082
emotions 0,755023 0,000125
emphasis 0,891598 0,000147
emphasized 2,302585 0,000380
emphasizing 2,120264 0,000350
emphatic 1,427116 0,000236
empire 0,653926 0,000108
employ 0,510826 0,000084
employed 0,415515 0,000069
employee 0,527633 0,000087
employees 0,544727 0,000090
employment 0,579818 0,000096
en 0,994252 0,000164
enabled 0,430783 0,000071
enables 1,237874 0,000204
enabling 1,469676 0,000243
enacted 1,386294 0,000229
enamored 3,218876 0,000531
enchantment 1,272966 0,000210
encircled 1,427116 0,000236
encircling 1,966113 0,000324
enclose 1,771957 0,000292
enclosing 1,714798 0,000283
enclosure 1,272966 0,000210
encoding 0,653926 0,000108
encounter 0,798508 0,000132
encountered 0,798508 0,000132
encouragement 0,798508 0,000132
encumbered 1,560648 0,000258
encumbrance 2,207275 0,000364
endearingly 3,506558 0,000579
endearments 2,207275 0,000364
endeavor 1,660731 0,000274
endeavored 1,560648 0,000258
endeavoring 2,120264 0,000350
enemy 0,174353 0,000029
energetic 1,078810 0,000178
energetically 1,714798 0,000283
energy 0,415515 0,000069
enfeebled 2,207275 0,000364
enfolding 3,506558 0,000579
enframed 3,912023 0,000646
engage 0,634878 0,000105
engaged 0,198451 0,000033
engagement 0,820981 0,000135
engaging 0,967584 0,000160
english 0,094311 0,000016
enjoyed 0,415515 0,000069
enjoyment 0,634878 0,000105
enlightenment 1,714798 0,000283
enliven 2,525729 0,000417
enlivened 1,966113 0,000324
ennui 1,832581 0,000302
enormously 1,427116 0,000236
enraptured 2,407946 0,000397
enriching 2,207275 0,000364
enrolled 1,832581 0,000302
ensconced 2,302585 0,000380
ensuring 0,544727 0,000090
enter 0,094311 0,000016
entered 0,051293 0,000008
entering 0,356675 0,000059
entertain 0,597837 0,000099
entertained 0,616186 0,000102
entertaining 0,941609 0,000155
entertainment 0,820981 0,000135
entertainments 1,832581 0,000302
enthralled 2,995732 0,000494
enthusiasm 0,653926 0,000108
entire 0,274437 0,000045
entitled 0,733969 0,000121
entity 0,544727 0,000090
entourage 3,912023 0,000646
entrance 0,210721 0,000035
entrancing 3,218876 0,000531
entre 2,813411 0,000464
entreat 1,139434 0,000188
entreated 1,049822 0,000173
entreaties 1,203973 0,000199
entreatingly 3,218876 0,000531
entreaty 1,427116 0,000236
entry 0,820981 0,000135
envelope 1,427116 0,000236
enveloped 1,272966 0,000210
enviable 2,040221 0,000337
environment 1,514128 0,000250
envy 0,527633 0,000087
episode 1,108663 0,000183
equal 0,174353 0,000029
equally 0,223144 0,000037
equipment 0,430783 0,000071
erect 0,597837 0,000099
errors 0,248461 0,000041
escape 0,094311 0,000016
escaped 0,235722 0,000039
escaping 0,776529 0,000128
escort 1,021651 0,000169
escorted 1,139434 0,000188
eskimo 3,912023 0,000646
esplanade 2,995732 0,000494
espousal 3,506558 0,000579
espoused 1,897120 0,000313
esprit 2,525729 0,000417
essays 1,771957 0,000292
essential 0,597837 0,000099
est 1,309333 0,000216
established 0,301105 0,000050
estate 0,510826 0,000084
esteem 0,494296 0,000082
esteemed 0,916291 0,000151
eternal 0,415515 0,000069
eternity 0,693147 0,000114
ether 1,832581 0,000302
evasive 2,207275 0,000364
evasiveness 3,506558 0,000579
evening 0,083382 0,000014
evenings 0,798508 0,000132
event 0,342490 0,000057
events 0,223144 0,000037
everlasting 0,891598 0,000147
evident 0,356675 0,000059
evidently 0,371064 0,000061
evil 0,162519 0,000027
evinced 1,660731 0,000274
evoking 3,506558 0,000579
exacting 1,272966 0,000210
exaggerated 0,843970 0,000139
exalted 0,673345 0,000111
examine 0,400478 0,000066
examined 0,356675 0,000059
examining 0,446287 0,000074
exceedingly 0,462035 0,000076
excellent 0,150823 0,000025
exception 0,544727 0,000090
exceptional 1,386294 0,000229
excess 0,653926 0,000108
excessive 0,597837 0,000099
exchange 0,342490 0,000057
exchanged 0,579818 0,000096
exchanges 2,525729 0,000417
exchanging 1,347074 0,000222
excited 0,248461 0,000041
excitement 0,430783 0,000071
exciting 0,693147 0,000114
exclaimed 0,494296 0,000082
exclaiming 1,139434 0,000188
exclamation 0,994252 0,000164
exclusion 0,371064 0,000061
exclusive 1,203973 0,000199
excuse 0,174353 0,000029
excused 1,021651 0,000169
excuses 1,078810 0,000178
executing 1,386294 0,000229
exempt 0,371064 0,000061
exercise 0,287682 0,000047
exhausted 0,400478 0,000066
exhaustion 1,021651 0,000169
exhibit 0,967584 0,000160
exhibited 0,891598 0,000147
exist 0,342490 0,000057
existed 0,510826 0,000084
existence 0,162519 0,000027
existing 0,891598 0,000147
exists 0,235722 0,000039
expanse 1,139434 0,000188
expansion 1,771957 0,000292
expect 0,186330 0,000031
expectancy 2,302585 0,000380
expected 0,105361 0,000017
expedients 1,897120 0,000313
expend 0,462035 0,000076
expense 0,150823 0,000025
expenses 0,210721 0,000035
experience 0,083382 0,000014
experienced 0,356675 0,000059
experiences 0,755023 0,000125
expert 1,078810 0,000178
explain 0,186330 0,000031
explained 0,248461 0,000041
explanation 0,139262 0,000023
explosion 1,309333 0,000216
exporting 0,510826 0,000084
exposed 0,301105 0,000050
express 0,127833 0,000021
expressed 0,274437 0,000045
expressing 0,713350 0,000118
expression 0,127833 0,000021
expressions 0,634878 0,000105
expressive 0,733969 0,000121
exquisite 0,673345 0,000111
extended 0,446287 0,000074
extending 0,820981 0,000135
extent 0,083382 0,000014
exterior 1,272966 0,000210
external 0,562119 0,000093
extra 0,843970 0,000139
extraneous 2,040221 0,000337
extraordinary 0,371064 0,000061
extravagant 0,916291 0,000151
extravagantly 2,525729 0,000417
extreme 0,235722 0,000039
extremely 0,385662 0,000064
exuberance 1,832581 0,000302
exultation 1,203973 0,000199
eye 0,030459 0,000005
eyebrows 0,798508 0,000132
eyed 0,597837 0,000099
eyeglasses 3,218876 0,000531
eyelids 0,916291 0,000151
eyes 0,010050 0,000002
fabricated 2,813411 0,000464
faced 0,820981 0,000135
facility 0,356675 0,000059
faculties 0,693147 0,000114
faculty 0,755023 0,000125
faded 0,653926 0,000108
fading 0,967584 0,000160
failed 0,198451 0,000033
failing 0,562119 0,000093
faint 0,261365 0,000043
faintest 1,237874 0,000204
faintly 0,713350 0,000118
faintness 1,714798 0,000283
fair 0,051293 0,000008
faire 2,525729 0,000417
fairies 1,966113 0,000324
faith 0,210721 0,000035
fall 0,020203 0,000003
fallen 0,083382 0,000014
falling 0,083382 0,000014
false 0,210721 0,000035
fame 0,478036 0,000079
familiar 0,150823 0,000025
familiarity 0,891598 0,000147
familiarly 1,272966 0,000210
families 0,430783 0,000071
family 0,072571 0,000012
fan 0,916291 0,000151
fancied 0,579818 0,000096
fancies 0,733969 0,000121
fancy 0,198451 0,000033
fanned 1,660731 0,000274
fanning 1,832581 0,000302
fantastic 0,798508 0,000132
faraway 2,995732 0,000494
farceur 3,506558 0,000579
farewell 0,673345 0,000111
farm 0,798508 0,000132
farming 1,514128 0,000250
fashion 0,174353 0,000029
fashionable 0,916291 0,000151
fashioned 0,446287 0,000074
fast 0,061875 0,000010
fasten 0,994252 0,000164
fastened 0,616186 0,000102
fastening 1,386294 0,000229
fastidious 1,514128 0,000250
fat 0,314711 0,000052
fate 0,174353 0,000029
father 0,072571 0,000012
fathers 0,478036 0,000079
fathom 1,427116 0,000236
fatigue 0,616186 0,000102
fatiguing 2,040221 0,000337
faultless 2,040221 0,000337
faut 2,207275 0,000364
favor 1,021651 0,000169
favored 1,897120 0,000313
favorite 1,347074 0,000222
fawn 1,560648 0,000258
fear 0,020203 0,000003
feared 0,235722 0,000039
feast 0,544727 0,000090
feather 0,820981 0,000135
feathered 2,040221 0,000337
feathers 0,673345 0,000111
feature 0,562119 0,000093
features 0,328504 0,000054
february 0,820981 0,000135
fed 0,371064 0,000061
federal 0,527633 0,000087
fee 0,342490 0,000057
feebly 0,843970 0,000139
feed 0,462035 0,000076
feel 0,020203 0,000003
feeling 0,105361 0,000017
feelings 0,314711 0,000052
fees 0,415515 0,000069
feet 0,061875 0,000010
feline 3,218876 0,000531
fell 0,051293 0,000008
fellow 0,051293 0,000008
fellows 0,287682 0,000047
fellowship 1,237874 0,000204
feminine 1,049822 0,000173
fence 0,891598 0,000147
ferry 1,514128 0,000250
festoons 1,966113 0,000324
fever 0,371064 0,000061
feverish 0,843970 0,000139
fiber 3,218876 0,000531
fictitious 1,560648 0,000258
fidelity 0,967584 0,000160
field 0,150823 0,000025
fields 0,287682 0,000047
fierce 0,478036 0,000079
fiercer 1,469676 0,000243
fight 0,162519 0,000027
fighting 0,342490 0,000057
figure 0,072571 0,000012
figured 1,514128 0,000250
figures 0,248461 0,000041
file 0,235722 0,000039
filed 1,469676 0,000243
files 0,478036 0,000079
filial 1,309333 0,000216
filmy 2,995732 0,000494
filtered 1,966113 0,000324
finally 0,150823 0,000025
financial 0,415515 0,000069
financier 3,506558 0,000579
fine 0,072571 0,000012
finest 0,494296 0,000082
finger 0,261365 0,000043
fingers 0,235722 0,000039
fingertips 2,659260 0,000439
finish 0,314711 0,000052
finished 0,162519 0,000027
finishing 0,843970 0,000139
firelight 1,660731 0,000274
fireplace 1,108663 0,000183
firm 0,274437 0,000045
firmly 0,342490 0,000057
fish 0,314711 0,000052
fishing 0,755023 0,000125
fist 0,713350 0,000118
fistful 3,912023 0,000646
fists 1,108663 0,000183
fit 0,061875 0,000010
fitness 0,446287 0,000074
fitted 0,261365 0,000043
fitting 0,510826 0,000084
fixed 1,272966 0,000210
fixtures 2,995732 0,000494
flagged 2,207275 0,000364
flagging 2,120264 0,000350
flaky 2,813411 0,000464
flame 0,400478 0,000066
flamed 1,897120 0,000313
flames 0,616186 0,000102
flaming 0,820981 0,000135
flanked 1,832581 0,000302
flannel 1,609438 0,000266
flap 1,560648 0,000258
flapped 1,714798 0,000283
flapping 1,309333 0,000216
flare 1,966113 0,000324
flash 0,510826 0,000084
flask 1,832581 0,000302
flattered 0,843970 0,000139
flattering 0,798508 0,000132
flesh 0,210721 0,000035
flew 0,314711 0,000052
flight 0,314711 0,000052
flights 1,237874 0,000204
flinging 1,203973 0,000199
flippancy 3,506558 0,000579
floated 0,798508 0,000132
flocked 1,469676 0,000243
floor 0,186330 0,000031
flooring 1,897120 0,000313
floors 1,309333 0,000216
flourished 1,049822 0,000173
flourishes 1,771957 0,000292
flower 0,342490 0,000057
flowers 0,274437 0,000045
fluffiness 3,912023 0,000646
fluffy 2,525729 0,000417
flung 0,579818 0,000096
flurried 1,966113 0,000324
flush 0,941609 0,000155
flushed 0,713350 0,000118
flute 1,714798 0,000283
fluted 2,525729 0,000417
fluttered 0,967584 0,000160
fluttering 0,994252 0,000164
fluty 3,506558 0,000579
fly 0,210721 0,000035
foam 0,967584 0,000160
foamy 2,995732 0,000494
folded 0,544727 0,000090
folds 0,755023 0,000125
foliage 0,916291 0,000151
folk 0,994252 0,000164
follow 0,020203 0,000003
folly 0,301105 0,000050
fond 0,287682 0,000047
fondly 1,309333 0,000216
food 0,127833 0,000021
fool 0,314711 0,000052
foolish 0,235722 0,000039
foot 0,083382 0,000014
footpath 1,897120 0,000313
footsteps 0,478036 0,000079
foraged 3,218876 0,000531
forbidden 0,544727 0,000090
forbids 1,560648 0,000258
force 0,061875 0,000010
forced 0,139262 0,000023
forces 0,462035 0,000076
forcibly 0,820981 0,000135
forcing 0,693147 0,000114
foreboding 1,832581 0,000302
foregoing 1,714798 0,000283
forehead 0,430783 0,000071
foreign 0,301105 0,000050
foremost 0,673345 0,000111
foreseeing 1,714798 0,000283
forests 0,891598 0,000147
forethought 2,120264 0,000350
forget 0,072571 0,000012
forgetfulness 0,916291 0,000151
forgetting 0,597837 0,000099
forging 2,207275 0,000364
forgive 0,356675 0,000059
forgot 0,261365 0,000043
forgotten 0,162519 0,000027
fork 1,021651 0,000169
form 0,040822 0,000007
formality 1,469676 0,000243
format 0,562119 0,000093
formats 0,562119 0,000093
formed 0,210721 0,000035
forms 0,248461 0,000041
fort 1,171183 0,000193
forthwith 1,108663 0,000183
fortnight 0,941609 0,000155
fortunate 0,415515 0,000069
fortunately 0,579818 0,000096
fortune 0,186330 0,000031
foundation 0,174353 0,000029
fountain 0,713350 0,000118
fourteen 0,616186 0,000102
fourth 0,186330 0,000031
fowl 1,108663 0,000183
fragrant 1,108663 0,000183
frame 0,235722 0,000039
framed 0,916291 0,000151
framing 1,897120 0,000313
france 0,544727 0,000090
francisco 2,120264 0,000350
frank 0,616186 0,000102
frankly 0,798508 0,000132
frankness 1,272966 0,000210
freckles 2,407946 0,000397
freedom 0,223144 0,000037
freely 0,105361 0,000017
french 0,342490 0,000057
frenchy 2,813411 0,000464
frenzied 1,660731 0,000274
frequency 1,660731 0,000274
frequent 0,342490 0,000057
frequently 0,287682 0,000047
frescoing 3,912023 0,000646
fresh 0,105361 0,000017
freshly 1,347074 0,000222
fret 1,272966 0,000210
fretful 2,207275 0,000364
friend 0,040822 0,000007
friendly 0,261365 0,000043
friends 0,020203 0,000003
friendship 0,287682 0,000047
fright 0,653926 0,000108
frightened 0,301105 0,000050
frightens 2,120264 0,000350
frightfully 1,560648 0,000258
fro 0,494296 0,000082
frosted 2,302585 0,000380
froth 1,771957 0,000292
frowned 1,272966 0,000210
frowns 2,207275 0,000364
frozen 0,733969 0,000121
fruit 0,274437 0,000045
fruitless 1,049822 0,000173
fruits 0,446287 0,000074
fry 2,120264 0,000350
fulfillment 2,302585 0,000380
fumes 1,108663 0,000183
fuming 2,407946 0,000397
fun 0,798508 0,000132
function 1,347074 0,000222
fund 1,272966 0,000210
fur 0,994252 0,000164
furnish 0,579818 0,000096
furnished 0,328504 0,000054
furnishings 2,659260 0,000439
furniture 0,415515 0,000069
fusion 2,525729 0,000417
fuss 1,309333 0,000216
futile 1,469676 0,000243
futility 1,966113 0,000324
future 0,105361 0,000017
futures 2,813411 0,000464
gaily 1,078810 0,000178
gained 0,261365 0,000043
gaining 0,544727 0,000090
gait 1,078810 0,000178
gaiter 3,912023 0,000646
gal 2,407946 0,000397
gallantly 1,309333 0,000216
galleries 1,427116 0,000236
gallery 0,798508 0,000132
gallop 0,994252 0,000164
game 0,248461 0,000041
games 0,693147 0,000114
gangrene 3,218876 0,000531
gaped 2,040221 0,000337
gaping 0,994252 0,000164
garb 1,272966 0,000210
garden 0,198451 0,000033
gardens 0,510826 0,000084
garland 1,660731 0,000274
garment 0,755023 0,000125
garments 0,597837 0,000099
garnet 3,218876 0,000531
gasoline 3,912023 0,000646
gate 0,287682 0,000047
gateway 1,309333 0,000216
gather 0,328504 0,000054
gathered 0,150823 0,000025
gathering 0,430783 0,000071
gaudy 1,386294 0,000229
gaunt 1,139434 0,000188
gauntlets 3,218876 0,000531
gauze 1,966113 0,000324
gay 0,494296 0,000082
gayly 2,407946 0,000397
gaze 0,544727 0,000090
gazed 0,597837 0,000099
gazes 1,897120 0,000313
gazing 0,597837 0,000099
geldings 3,912023 0,000646
gem 1,832581 0,000302
gems 1,347074 0,000222
generate 2,120264 0,000350
generations 0,198451 0,000033
generous 0,356675 0,000059
generously 1,139434 0,000188
geneva 1,966113 0,000324
gentle 0,274437 0,000045
gentleman 0,301105 0,000050
gentlemen 0,430783 0,000071
gently 0,235722 0,000039
genuine 0,597837 0,000099
genuineness 2,302585 0,000380
geranium 3,218876 0,000531
germs 2,040221 0,000337
gesture 0,634878 0,000105
gestures 0,891598 0,000147
ghost 0,544727 0,000090
giant 0,634878 0,000105
giddy 1,139434 0,000188
gift 0,261365 0,000043
gifts 0,527633 0,000087
girl 0,235722 0,000039
girlhood 2,207275 0,000364
girls 0,400478 0,000066
git 2,302585 0,000380
glad 0,072571 0,000012
glamour 2,525729 0,000417
glance 0,248461 0,000041
glanced 0,653926 0,000108
glances 0,798508 0,000132
glancing 0,693147 0,000114
glare 0,843970 0,000139
glaring 0,967584 0,000160
glass 0,186330 0,000031
glasses 0,713350 0,000118
gleam 0,693147 0,000114
gleamed 1,309333 0,000216
gleaming 0,916291 0,000151
glibly 2,995732 0,000494
glide 1,309333 0,000216
glided 1,021651 0,000169
glimmer 1,347074 0,000222
glimpse 0,544727 0,000090
glimpses 1,021651 0,000169
glint 2,407946 0,000397
glisten 2,207275 0,000364
glistened 1,386294 0,000229
glistening 1,237874 0,000204
glittered 1,469676 0,000243
glittering 0,798508 0,000132
gloom 0,579818 0,000096
glory 0,342490 0,000057
glossy 1,660731 0,000274
glove 1,427116 0,000236
gloved 2,120264 0,000350
gloves 0,693147 0,000114
glow 0,527633 0,000087
glowed 1,108663 0,000183
glowing 0,510826 0,000084
goals 0,544727 0,000090
goblets 2,525729 0,000417
god 0,094311 0,000016
gods 0,653926 0,000108
gold 0,083382 0,000014
golden 0,342490 0,000057
goodly 1,272966 0,000210
goodness 0,328504 0,000054
gorgeous 1,171183 0,000193
gospel 1,021651 0,000169
gossip 1,108663 0,000183
gothic 1,609438 0,000266
govern 0,342490 0,000057
gown 0,693147 0,000114
gowns 1,560648 0,000258
grace 0,235722 0,000039
graced 2,407946 0,000397
graceful 0,494296 0,000082
gracious 0,544727 0,000090
gradually 0,328504 0,000054
grand 0,342490 0,000057
grande 1,897120 0,000313
grandfather 0,776529 0,000128
grandmother 1,514128 0,000250
granted 0,150823 0,000025
grapes 1,237874 0,000204
grasp 0,385662 0,000064
grasped 0,755023 0,000125
grasping 0,891598 0,000147
grass 0,314711 0,000052
grasses 1,714798 0,000283
grassy 1,469676 0,000243
grateful 0,446287 0,000074
gratefully 0,415515 0,000069
gratification 0,994252 0,000164
gratified 1,171183 0,000193
gratifying 1,272966 0,000210
grave 0,127833 0,000021
gravel 1,237874 0,000204
graven 1,771957 0,000292
gray 0,733969 0,000121
grazing 1,609438 0,000266
greatly 0,210721 0,000035
greedily 1,078810 0,000178
greedy 1,021651 0,000169
green 0,105361 0,000017
greeted 1,049822 0,000173
greeting 0,798508 0,000132
grew 0,139262 0,000023
griffe 3,912023 0,000646
grime 2,659260 0,000439
grimy 1,771957 0,000292
grocer 1,897120 0,000313
groceries 2,659260 0,000439
grocery 2,207275 0,000364
gros 2,995732 0,000494
gross 0,235722 0,000039
grotesque 1,078810 0,000178
grotesquely 2,995732 0,000494
ground 0,030459 0,000005
grounds 0,446287 0,000074
grove 0,994252 0,000164
grow 0,139262 0,000023
growing 0,174353 0,000029
grown 0,116534 0,000019
grows 0,527633 0,000087
growth 0,462035 0,000076
grumbled 1,203973 0,000199
grumbling 1,427116 0,000236
grunted 1,560648 0,000258
gruyere 3,912023 0,000646
guard 0,174353 0,000029
guerre 2,659260 0,000439
guess 0,314711 0,000052
guest 0,527633 0,000087
guests 0,446287 0,000074
guide 0,261365 0,000043
guiding 0,867501 0,000143
guile 1,514128 0,000250
guileless 2,207275 0,000364
gulf 0,755023 0,000125
gun 0,755023 0,000125
gusty 2,302585 0,000380
ha 0,891598 0,000147
habit 0,223144 0,000037
habitable 1,966113 0,000324
habits 0,356675 0,000059
habitual 0,916291 0,000151
habitually 1,469676 0,000243
haggard 1,021651 0,000169
hair 0,094311 0,000016
haired 0,820981 0,000135
hall 0,314711 0,000052
halls 1,309333 0,000216
hallway 2,659260 0,000439
halted 0,843970 0,000139
hammer 0,776529 0,000128
hammering 1,714798 0,000283
hammock 2,525729 0,000417
hand 0,010050 0,000002
handed 0,274437 0,000045
handful 0,867501 0,000143
handing 1,309333 0,000216
handiwork 1,966113 0,000324
handkerchief 0,653926 0,000108
handle 0,415515 0,000069
handled 0,916291 0,000151
handling 1,203973 0,000199
hands 0,020203 0,000003
handsome 0,328504 0,000054
handsomer 1,832581 0,000302
handwriting 1,237874 0,000204
hang 0,400478 0,000066
hanged 1,049822 0,000173
hanging 0,261365 0,000043
hangs 0,941609 0,000155
happen 0,150823 0,000025
happened 0,094311 0,000016
happening 0,634878 0,000105
happier 0,544727 0,000090
happily 0,478036 0,000079
happiness 0,150823 0,000025
happy 0,072571 0,000012
harassed 1,609438 0,000266
harbor 1,514128 0,000250
harbored 2,302585 0,000380
hard 0,040822 0,000007
harder 0,597837 0,000099
hardwood 3,506558 0,000579
hardy 0,994252 0,000164
harm 0,210721 0,000035
harmless 0,248461 0,000041
harmonious 1,171183 0,000193
harmony 0,579818 0,000096
harrowing 2,207275 0,000364
hart 0,462035 0,000076
haste 0,371064 0,000061
hastened 0,616186 0,000102
hastily 0,462035 0,000076
hat 0,478036 0,000079
hate 0,274437 0,000045
hated 0,356675 0,000059
hatless 2,995732 0,000494
hats 0,941609 0,000155
haul 1,609438 0,000266
hauling 1,660731 0,000274
haunt 1,049822 0,000173
haunted 0,579818 0,000096
hazily 3,506558 0,000579
head 0,000000 0,000000
headed 0,510826 0,000084
headlong 0,843970 0,000139
heads 0,094311 0,000016
healing 1,347074 0,000222
health 0,198451 0,000033
healthfully 2,813411 0,000464
healthy 0,356675 0,000059
hear 0,010050 0,000002
heard 0,020203 0,000003
hearing 0,139262 0,000023
heart 0,010050 0,000002
hearted 0,415515 0,000069
hearth 0,867501 0,000143
hearts 0,261365 0,000043
heat 0,274437 0,000045
heated 0,916291 0,000151
heating 2,207275 0,000364
heaven 0,198451 0,000033
heavily 0,400478 0,000066
heavy 0,030459 0,000005
hectic 1,966113 0,000324
hedge 0,994252 0,000164
hedges 1,108663 0,000183
heed 0,693147 0,000114
heel 0,713350 0,000118
heels 0,446287 0,000074
height 0,261365 0,000043
held 0,040822 0,000007
helpful 1,560648 0,000258
helpless 0,328504 0,000054
hem 1,469676 0,000243
herbs 1,108663 0,000183
hereditary 1,108663 0,000183
heretofore 1,272966 0,000210
heroics 3,912023 0,000646
heroine 1,660731 0,000274
hesitating 1,021651 0,000169
hey 1,347074 0,000222
hidden 0,248461 0,000041
hide 0,287682 0,000047
hideous 0,527633 0,000087
hiding 0,616186 0,000102
highly 0,261365 0,000043
hilarious 2,120264 0,000350
hill 0,248461 0,000041
hills 0,356675 0,000059
hinting 1,966113 0,000324
hitherto 0,385662 0,000064
hoarded 2,207275 0,000364
hobbled 2,525729 0,000417
hoe 2,525729 0,000417
hoisted 1,237874 0,000204
hold 0,020203 0,000003
holder 0,446287 0,000074
holding 0,174353 0,000029
holds 0,342490 0,000057
holes 0,562119 0,000093
holiday 0,798508 0,000132
holy 0,385662 0,000064
homelike 2,995732 0,000494
homely 1,272966 0,000210
homemade 2,813411 0,000464
homeward 0,891598 0,000147
honor 0,891598 0,000147
hood 1,386294 0,000229
hoodoo 3,506558 0,000579
hoofs 1,108663 0,000183
hoopskirt 3,912023 0,000646
hooted 2,525729 0,000417
hooting 2,407946 0,000397
hope 0,010050 0,000002
hoped 0,210721 0,000035
hopeless 0,510826 0,000084
hopelessness 1,832581 0,000302
hoping 0,430783 0,000071
horizon 0,616186 0,000102
horizontal 1,514128 0,000250
horse 0,162519 0,000027
horses 0,261365 0,000043
hosiery 3,912023 0,000646
hospitality 0,713350 0,000118
hostess 1,347074 0,000222
hot 0,116534 0,000019
hotel 0,820981 0,000135
hotly 1,347074 0,000222
hour 0,083382 0,000014
houris 3,218876 0,000531
hours 0,094311 0,000016
house 0,020203 0,000003
household 0,430783 0,000071
housekeeping 1,427116 0,000236
houses 0,139262 0,000023
housetops 2,407946 0,000397
housewifely 3,218876 0,000531
hovering 1,171183 0,000193
huge 0,400478 0,000066
hugh 2,040221 0,000337
hum 0,891598 0,000147
human 0,083382 0,000014
humanity 0,494296 0,000082
humbler 2,207275 0,000364
hummed 1,660731 0,000274
humming 1,237874 0,000204
humor 1,272966 0,000210
humored 1,897120 0,000313
hung 0,174353 0,000029
hungry 0,328504 0,000054
hunted 0,867501 0,000143
hunter 0,820981 0,000135
hurled 1,171183 0,000193
hurried 0,356675 0,000059
hurry 0,328504 0,000054
hurrying 0,673345 0,000111
hurt 0,198451 0,000033
husband 0,248461 0,000041
husbands 0,755023 0,000125
hush 0,776529 0,000128
hushed 1,049822 0,000173
hut 0,916291 0,000151
hysterical 1,469676 0,000243
hysterically 2,302585 0,000380
ice 0,527633 0,000087
icebox 3,912023 0,000646
idea 0,105361 0,000017
ideas 0,314711 0,000052
identification 0,527633 0,000087
identified 1,386294 0,000229
identify 0,415515 0,000069
idiosyncrasies 3,506558 0,000579
idiotic 1,347074 0,000222
idle 0,274437 0,000045
idleness 0,755023 0,000125
idly 1,309333 0,000216
idol 1,469676 0,000243
idolized 2,525729 0,000417
ignorance 0,287682 0,000047
ignore 1,832581 0,000302
iii 0,287682 0,000047
illness 0,616186 0,000102
illumination 1,897120 0,000313
illusions 1,660731 0,000274
image 0,371064 0,000061
imaginary 0,755023 0,000125
imagination 0,223144 0,000037
imagined 0,287682 0,000047
imitate 0,891598 0,000147
imitation 0,693147 0,000114
immaculately 3,506558 0,000579
immense 0,314711 0,000052
immensely 1,171183 0,000193
immutability 3,506558 0,000579
immutable 1,714798 0,000283
impaired 1,609438 0,000266
imparting 1,714798 0,000283
impassioned 2,040221 0,000337
impatience 0,634878 0,000105
impatiently 0,634878 0,000105
impel 2,407946 0,000397
impelled 1,049822 0,000173
imperative 1,237874 0,000204
imperceptible 1,609438 0,000266
imperceptibly 1,469676 0,000243
imperfect 0,673345 0,000111
imperfectly 1,386294 0,000229
imperiling 3,912023 0,000646
imperious 1,237874 0,000204
impertinent 1,171183 0,000193
imperturbed 3,912023 0,000646
impervious 2,302585 0,000380
impetuosity 1,714798 0,000283
impetuous 1,021651 0,000169
impetuously 2,040221 0,000337
implicitly 1,832581 0,000302
implied 0,371064 0,000061
imploring 1,237874 0,000204
import 1,021651 0,000169
impose 0,941609 0,000155
imposed 0,210721 0,000035
imposing 0,843970 0,000139
impossible 0,094311 0,000016
impress 0,776529 0,000128
impressed 0,510826 0,000084
impressing 2,040221 0,000337
impression 0,210721 0,000035
impressions 0,891598 0,000147
impressive 1,237874 0,000204
impressively 1,966113 0,000324
imprint 1,966113 0,000324
impromptu 2,407946 0,000397
improved 0,562119 0,000093
improvement 0,673345 0,000111
improving 1,049822 0,000173
improvisation 2,813411 0,000464
imprudent 1,469676 0,000243
imps 2,120264 0,000350
impudence 1,272966 0,000210
impulse 0,462035 0,000076
impulses 1,237874 0,000204
impulsive 1,714798 0,000283
impulsively 2,407946 0,000397
inaccurate 0,510826 0,000084
inattention 1,714798 0,000283
inborn 2,995732 0,000494
incalculable 1,832581 0,000302
incessantly 0,916291 0,000151
inch 0,634878 0,000105
incident 0,527633 0,000087
incidental 0,446287 0,000074
incidents 0,693147 0,000114
incipiently 3,912023 0,000646
inclination 0,579818 0,000096
inclined 0,186330 0,000031
inclosed 2,040221 0,000337
include 0,274437 0,000045
included 0,162519 0,000027
includes 0,462035 0,000076
including 0,139262 0,000023
incoherence 2,407946 0,000397
incoherency 3,506558 0,000579
incomparable 1,714798 0,000283
incomplete 0,301105 0,000050
incomprehensible 1,108663 0,000183
inconsiderable 1,560648 0,000258
inconsolable 2,040221 0,000337
increased 0,248461 0,000041
increasing 0,127833 0,000021
incredibly 1,897120 0,000313
indecision 1,514128 0,000250
indefinitely 1,469676 0,000243
indemnify 0,527633 0,000087
indemnity 0,527633 0,000087
indenture 3,218876 0,000531
independence 0,843970 0,000139
independent 0,510826 0,000084
indescribable 1,108663 0,000183
indifference 0,527633 0,000087
indifferent 0,400478 0,000066
indifferently 1,049822 0,000173
indignant 0,820981 0,000135
indirect 0,446287 0,000074
indirectly 0,371064 0,000061
indiscriminately 2,040221 0,000337
indiscriminating 3,506558 0,000579
indisposed 2,120264 0,000350
individual 0,150823 0,000025
individuality 1,609438 0,000266
individuals 0,673345 0,000111
indoors 1,469676 0,000243
induce 0,634878 0,000105
induced 0,527633 0,000087
indulged 0,941609 0,000155
indulgence 0,798508 0,000132
indulgent 1,386294 0,000229
indulging 1,171183 0,000193
ineffectual 1,469676 0,000243
inestimable 1,897120 0,000313
inevitable 0,544727 0,000090
infant 0,673345 0,000111
infants 1,171183 0,000193
infatuation 1,714798 0,000283
infidelity 1,714798 0,000283
inflamed 1,203973 0,000199
influence 0,198451 0,000033
influences 0,994252 0,000164
inform 0,510826 0,000084
informed 0,371064 0,000061
infringement 0,544727 0,000090
infusing 2,659260 0,000439
infusion 2,525729 0,000417
ingenuous 1,897120 0,000313
ingredients 2,120264 0,000350
inhaled 2,302585 0,000380
injury 0,446287 0,000074
injustice 0,673345 0,000111
innocent 0,186330 0,000031
inoffensive 1,660731 0,000274
inquired 0,544727 0,000090
inquiry 0,634878 0,000105
inquisitive 1,078810 0,000178
inroads 2,207275 0,000364
insane 0,994252 0,000164
insects 1,309333 0,000216
insensibly 1,386294 0,000229
insidious 1,832581 0,000302
insignificant 0,891598 0,000147
insisted 0,400478 0,000066
insistent 2,407946 0,000397
insolent 0,941609 0,000155
inspect 1,347074 0,000222
inspecting 1,609438 0,000266
inspiration 0,867501 0,000143
inspired 0,510826 0,000084
inspiring 1,108663 0,000183
instability 2,525729 0,000417
installing 2,995732 0,000494
instance 0,150823 0,000025
instances 0,653926 0,000108
instant 0,210721 0,000035
instantly 0,356675 0,000059
insteps 3,912023 0,000646
instigation 1,966113 0,000324
instinct 0,430783 0,000071
instinctively 0,733969 0,000121
institutions 1,203973 0,000199
instructed 0,713350 0,000118
instructions 0,579818 0,000096
instrument 0,356675 0,000059
insulting 1,203973 0,000199
insure 1,609438 0,000266
insurmountable 1,714798 0,000283
intact 1,609438 0,000266
intangible 1,966113 0,000324
integrity 1,203973 0,000199
intellectual 0,235722 0,000039
intelligent 0,342490 0,000057
intend 0,494296 0,000082
intended 0,174353 0,000029
intending 0,733969 0,000121
intense 0,430783 0,000071
intensely 0,820981 0,000135
intensity 0,994252 0,000164
intent 0,527633 0,000087
intention 0,186330 0,000031
intentionally 1,660731 0,000274
intentions 0,494296 0,000082
intercourse 0,798508 0,000132
interfere 0,544727 0,000090
interfering 1,660731 0,000274
interior 0,673345 0,000111
interlude 2,813411 0,000464
internal 0,261365 0,000043
international 0,494296 0,000082
interpose 1,897120 0,000313
interpreted 0,274437 0,000045
interrupt 0,755023 0,000125
interrupted 0,301105 0,000050
interrupting 1,203973 0,000199
interruption 0,776529 0,000128
interruptions 1,714798 0,000283
intertwined 2,659260 0,000439
interval 0,579818 0,000096
intervals 0,510826 0,000084
intervening 1,347074 0,000222
interview 0,673345 0,000111
interwoven 1,897120 0,000313
intimacy 0,843970 0,000139
intimate 0,462035 0,000076
intimately 1,309333 0,000216
intimation 1,347074 0,000222
intoxicant 3,912023 0,000646
intoxicated 1,427116 0,000236
intoxication 1,309333 0,000216
introduced 0,356675 0,000059
introducing 1,108663 0,000183
intruding 2,120264 0,000350
intrusion 1,347074 0,000222
intuitively 2,659260 0,000439
inutility 3,912023 0,000646
invade 1,347074 0,000222
invaded 1,237874 0,000204
invalidity 0,527633 0,000087
invent 0,798508 0,000132
invented 0,597837 0,000099
invested 1,203973 0,000199
investigate 1,386294 0,000229
investigating 1,427116 0,000236
investigation 0,967584 0,000160
investment 1,771957 0,000292
invigorated 2,813411 0,000464
invigorating 2,120264 0,000350
invitation 0,579818 0,000096
invite 0,693147 0,000114
invited 0,415515 0,000069
inviting 0,891598 0,000147
inwardly 0,798508 0,000132
iota 2,813411 0,000464
ire 1,832581 0,000302
iron 0,198451 0,000033
irrelevantly 3,506558 0,000579
irresolute 1,427116 0,000236
irresponsibility 3,506558 0,000579
irritable 1,469676 0,000243
irritably 2,407946 0,000397
irritation 1,171183 0,000193
irs 0,562119 0,000093
island 0,400478 0,000066
islands 0,755023 0,000125
isle 1,427116 0,000236
isolde 3,506558 0,000579
issue 0,462035 0,000076
italian 0,653926 0,000108
iv 0,328504 0,000054
ix 0,494296 0,000082
jack 0,820981 0,000135
jacqueline 3,506558 0,000579
jaded 1,832581 0,000302
jagged 1,560648 0,000258
jalouse 3,912023 0,000646
james 0,673345 0,000111
janet 2,995732 0,000494
jarred 2,659260 0,000439
jars 1,832581 0,000302
jasper 2,302585 0,000380
jealous 0,446287 0,000074
jealousy 0,478036 0,000079
jeered 2,040221 0,000337
jelly 1,609438 0,000266
jessamine 2,995732 0,000494
jest 0,673345 0,000111
jockey 2,659260 0,000439
joe 1,832581 0,000302
joints 1,108663 0,000183
journalist 2,207275 0,000364
journey 0,198451 0,000033
journeys 1,139434 0,000188
jovial 1,609438 0,000266
joy 0,139262 0,000023
joyous 0,941609 0,000155
judge 0,116534 0,000019
judging 0,713350 0,000118
judgment 0,198451 0,000033
judicious 1,139434 0,000188
judith 2,120264 0,000350
jules 2,525729 0,000417
justice 0,162519 0,000027
justification 1,171183 0,000193
justify 0,693147 0,000114
kate 2,659260 0,000439
keel 1,386294 0,000229
keen 0,415515 0,000069
keenest 1,386294 0,000229
keenly 0,967584 0,000160
kentucky 2,407946 0,000397
kerchief 1,966113 0,000324
key 0,356675 0,000059
kick 0,653926 0,000108
kid 1,469676 0,000243
kill 0,127833 0,000021
killed 0,223144 0,000037
kilts 3,506558 0,000579
kindled 0,867501 0,000143
kindly 0,223144 0,000037
kindness 0,287682 0,000047
kiss 0,562119 0,000093
kissed 0,462035 0,000076
kisses 1,021651 0,000169
kissing 1,021651 0,000169
kitchen 0,597837 0,000099
kittenish 3,506558 0,000579
knee 0,462035 0,000076
knees 0,223144 0,000037
knelt 0,994252 0,000164
knife 0,356675 0,000059
knob 1,609438 0,000266
knock 0,616186 0,000102
knocked 0,510826 0,000084
knot 0,673345 0,000111
knotted 1,469676 0,000243
knowledge 0,061875 0,000010
labor 1,272966 0,000210
labored 1,660731 0,000274
laborious 1,171183 0,000193
lace 0,916291 0,000151
laces 2,120264 0,000350
lack 0,478036 0,000079
lacked 1,309333 0,000216
lacking 1,171183 0,000193
ladder 0,693147 0,000114
ladies 0,314711 0,000052
lady 0,248461 0,000041
laid 0,072571 0,000012
lain 0,843970 0,000139
lait 3,912023 0,000646
lake 0,210721 0,000035
lame 0,820981 0,000135
lamentable 1,469676 0,000243
lamenting 1,560648 0,000258
lamp 0,478036 0,000079
lamplight 2,120264 0,000350
lamps 0,733969 0,000121
land 0,072571 0,000012
landings 2,659260 0,000439
lane 0,798508 0,000132
lanes 1,203973 0,000199
language 0,072571 0,000012
languid 1,049822 0,000173
languishing 1,660731 0,000274
languor 1,560648 0,000258
languorous 2,659260 0,000439
lap 0,634878 0,000105
larder 2,207275 0,000364
lashing 1,832581 0,000302
late 0,094311 0,000016
lateen 2,995732 0,000494
latent 1,469676 0,000243
laugh 0,127833 0,000021
laughed 0,248461 0,000041
laughing 0,248461 0,000041
laughingly 1,714798 0,000283
laughs 0,994252 0,000164
laughter 0,274437 0,000045
laundry 2,207275 0,000364
laurel 1,609438 0,000266
laurels 1,771957 0,000292
lavender 2,207275 0,000364
law 0,030459 0,000005
lawn 1,237874 0,000204
laws 0,083382 0,000014
lawyers 1,237874 0,000204
lay 0,051293 0,000008
layette 3,912023 0,000646
laying 0,274437 0,000045
lazily 1,237874 0,000204
lazy 0,616186 0,000102
lead 0,083382 0,000014
leading 0,139262 0,000023
leaf 0,462035 0,000076
leafy 2,040221 0,000337
lean 0,579818 0,000096
leaned 0,634878 0,000105
leaning 0,301105 0,000050
leaps 1,386294 0,000229
learn 0,020203 0,000003
learned 0,105361 0,000017
leave 0,000000 0,000000
leaved 2,407946 0,000397
leaves 0,094311 0,000016
leaving 0,083382 0,000014
led 0,040822 0,000007
left 0,000000 0,000000
leg 0,478036 0,000079
legal 0,261365 0,000043
legally 0,342490 0,000057
legends 1,309333 0,000216
legitimate 1,139434 0,000188
legs 0,274437 0,000045
leisurely 1,108663 0,000183
lemon 1,832581 0,000302
lend 0,597837 0,000099
lending 1,609438 0,000266
lengthened 1,272966 0,000210
lenient 1,832581 0,000302
lent 0,798508 0,000132
les 1,514128 0,000250
lessen 1,171183 0,000193
lesson 0,400478 0,000066
lessons 0,579818 0,000096
letter 0,116534 0,000019
letterheads 3,912023 0,000646
letters 0,198451 0,000033
level 0,274437 0,000045
liability 0,462035 0,000076
liable 0,235722 0,000039
library 0,223144 0,000037
license 0,301105 0,000050
licensed 0,430783 0,000071
lid 0,820981 0,000135
lie 0,040822 0,000007
lied 1,171183 0,000193
lies 0,162519 0,000027
lieu 0,415515 0,000069
life -0,009950 -0,000002
lifelike 3,218876 0,000531
lifetime 0,867501 0,000143
lift 0,415515 0,000069
lifted 0,274437 0,000045
lifting 0,653926 0,000108
light 0,010050 0,000002
lighted 0,261365 0,000043
lighten 1,203973 0,000199
lightest 1,609438 0,000266
lighting 0,755023 0,000125
lightly 0,430783 0,000071
lights 0,301105 0,000050
likeness 0,693147 0,000114
lilac 2,207275 0,000364
limbs 0,274437 0,000045
limit 0,673345 0,000111
limitation 0,478036 0,000079
limited 0,261365 0,000043
limp 1,309333 0,000216
limps 2,995732 0,000494
linen 0,527633 0,000087
linger 0,843970 0,000139
lingered 1,049822 0,000173
lingering 0,755023 0,000125
link 0,994252 0,000164
linked 0,385662 0,000064
links 0,415515 0,000069
lip 0,673345 0,000111
lips 0,127833 0,000021
liqueur 2,659260 0,000439
liquid 0,891598 0,000147
liquor 0,820981 0,000135
list 0,400478 0,000066
listen 0,127833 0,000021
listened 0,274437 0,000045
listening 0,261365 0,000043
listless 1,427116 0,000236
listlessly 1,832581 0,000302
lit 0,653926 0,000108
literally 0,713350 0,000118
literary 0,287682 0,000047
live 0,010050 0,000002
lived 0,061875 0,000010
livelong 2,659260 0,000439
lively 0,400478 0,000066
lives 0,072571 0,000012
living 0,020203 0,000003
lizards 2,813411 0,000464
load 0,634878 0,000105
loaf 1,171183 0,000193
loath 1,427116 0,000236
located 0,400478 0,000066
locations 0,544727 0,000090
lock 0,385662 0,000064
locked 0,430783 0,000071
locket 2,207275 0,000364
locking 1,272966 0,000210
lodge 0,693147 0,000114
lodged 0,776529 0,000128
lodgers 1,897120 0,000313
lofty 0,494296 0,000082
log 0,941609 0,000155
logic 1,049822 0,000173
loitered 1,832581 0,000302
lonely 0,415515 0,000069
longing 0,653926 0,000108
loose 0,105361 0,000017
loosely 1,347074 0,000222
loosen 1,514128 0,000250
loosened 1,171183 0,000193
loosening 2,302585 0,000380
lore 1,832581 0,000302
lorgnette 3,218876 0,000531
lorgnettes 3,506558 0,000579
lose 0,094311 0,000016
losing 0,235722 0,000039
loss 0,094311 0,000016
lost 0,020203 0,000003
lot 0,061875 0,000010
louisiana 2,302585 0,000380
lounge 1,897120 0,000313
lounges 2,525729 0,000417
lovable 2,207275 0,000364
love 0,051293 0,000008
loved 0,198451 0,000033
lover 0,385662 0,000064
lovers 0,673345 0,000111
loves 0,562119 0,000093
loving 0,478036 0,000079
loyalty 1,237874 0,000204
luckily 1,203973 0,000199
lugger 3,506558 0,000579
lull 1,469676 0,000243
lullaby 2,120264 0,000350
lulling 2,407946 0,000397
lulls 2,659260 0,000439
lumps 1,897120 0,000313
lumpy 2,659260 0,000439
lunch 1,108663 0,000183
luncheon 1,427116 0,000236
lunching 2,207275 0,000364
luscious 2,207275 0,000364
luxuriant 1,427116 0,000236
luxurious 0,916291 0,000151
luxury 0,527633 0,000087
lying 0,061875 0,000010
machine 0,248461 0,000041
mackintosh 2,813411 0,000464
mad 0,261365 0,000043
madame 1,108663 0,000183
maddening 1,897120 0,000313
mademoiselle 1,966113 0,000324
madonna 2,040221 0,000337
mag 3,912023 0,000646
magazine 1,469676 0,000243
magazines 1,560648 0,000258
magician 1,714798 0,000283
magnet 2,040221 0,000337
magnetic 1,832581 0,000302
magnificent 0,328504 0,000054
magnolias 3,912023 0,000646
mahogany 1,609438 0,000266
maid 0,446287 0,000074
maids 0,967584 0,000160
mail 0,891598 0,000147
main 0,127833 0,000021
maintain 0,562119 0,000093
maintained 0,653926 0,000108
maintaining 0,235722 0,000039
majestic 1,108663 0,000183
majestically 1,560648 0,000258
majesty 0,544727 0,000090
mal 2,302585 0,000380
malicious 0,941609 0,000155
maliciously 1,771957 0,000292
mamma 1,237874 0,000204
mammy 2,813411 0,000464
manage 0,462035 0,000076
managed 0,342490 0,000057
management 0,843970 0,000139
manager 0,653926 0,000108
manages 2,302585 0,000380
mandolin 3,218876 0,000531
mandolins 3,912023 0,000646
maneuver 2,659260 0,000439
mania 1,347074 0,000222
manifestation 1,514128 0,000250
manifestly 1,469676 0,000243
manner 0,040822 0,000007
manners 0,274437 0,000045
mansion 0,867501 0,000143
mantel 1,832581 0,000302
mantelpiece 1,714798 0,000283
mantle 0,820981 0,000135
mantling 2,995732 0,000494
manufacture 1,309333 0,000216
marble 0,597837 0,000099
march 0,274437 0,000045
margaret 1,897120 0,000313
mark 0,127833 0,000021
marked 0,061875 0,000010
market 0,527633 0,000087
markets 1,714798 0,000283
marriage 0,314711 0,000052
marriages 1,203973 0,000199
married 0,248461 0,000041
marron 3,912023 0,000646
marry 0,430783 0,000071
marvel 1,021651 0,000169
marveled 2,525729 0,000417
marvelous 1,609438 0,000266
marvelously 2,302585 0,000380
marvels 1,514128 0,000250
masquerade 1,897120 0,000313
mass 0,301105 0,000050
massive 1,049822 0,000173
master 0,083382 0,000014
mastered 0,967584 0,000160
masterful 1,966113 0,000324
masts 1,272966 0,000210
match 0,385662 0,000064
matched 1,771957 0,000292
material 0,328504 0,000054
materials 0,733969 0,000121
matinee 3,912023 0,000646
matins 2,995732 0,000494
matronly 2,659260 0,000439
matted 1,514128 0,000250
matter 0,010050 0,000002
mattered 1,714798 0,000283
matters 0,139262 0,000023
matting 2,407946 0,000397
mattress 1,427116 0,000236
maximum 0,478036 0,000079
maze 1,609438 0,000266
mazes 1,966113 0,000324
meadow 0,994252 0,000164
meager 2,659260 0,000439
meal 0,301105 0,000050
meals 0,776529 0,000128
meaning 0,210721 0,000035
measured 0,579818 0,000096
meat 0,356675 0,000059
mechanical 0,843970 0,000139
mechanically 1,078810 0,000178
medicine 0,597837 0,000099
meditations 1,347074 0,000222
meditative 1,660731 0,000274
meditatively 2,525729 0,000417
medium 0,223144 0,000037
meet 0,010050 0,000002
meeting 0,186330 0,000031
melancholy 0,342490 0,000057
mellow 1,469676 0,000243
melodious 1,609438 0,000266
melt 1,049822 0,000173
melted 0,713350 0,000118
melting 0,941609 0,000155
memories 0,867501 0,000143
memory 0,174353 0,000029
menacing 1,272966 0,000210
mended 1,237874 0,000204
mending 1,427116 0,000236
mental 0,430783 0,000071
mentally 1,237874 0,000204
mention 0,223144 0,000037
mentioned 0,223144 0,000037
menu 2,813411 0,000464
mercantile 2,407946 0,000397
merchantability 0,994252 0,000164
mercy 0,223144 0,000037
mere 0,094311 0,000016
merest 1,660731 0,000274
merging 2,407946 0,000397
merry 0,634878 0,000105
meshes 1,660731 0,000274
mess 0,891598 0,000147
message 0,446287 0,000074
messmate 2,995732 0,000494
met 0,040822 0,000007
metals 1,427116 0,000236
method 0,094311 0,000016
methods 0,210721 0,000035
mets 3,912023 0,000646
mettle 2,302585 0,000380
mexican 2,040221 0,000337
mexicans 2,525729 0,000417
mexico 1,660731 0,000274
michael 0,400478 0,000066
midday 1,108663 0,000183
middle 0,030459 0,000005
midnight 0,328504 0,000054
midst 0,287682 0,000047
mild 0,510826 0,000084
mile 0,342490 0,000057
military 0,616186 0,000102
milk 0,446287 0,000074
mincing 1,966113 0,000324
mind 0,020203 0,000003
minded 0,400478 0,000066
mingled 0,462035 0,000076
miniatures 2,659260 0,000439
ministering 2,120264 0,000350
minor 0,733969 0,000121
minute 0,235722 0,000039
minutes 0,235722 0,000039
miracles 1,347074 0,000222
mirror 0,693147 0,000114
mirth 0,776529 0,000128
mis 1,609438 0,000266
misadventure 2,407946 0,000397
mischief 0,494296 0,000082
mischievous 1,078810 0,000178
mischievously 2,407946 0,000397
miserable 0,210721 0,000035
misery 0,301105 0,000050
misinterpreted 3,218876 0,000531
mislaid 2,207275 0,000364
mislead 1,771957 0,000292
misleading 2,207275 0,000364
misled 1,139434 0,000188
mission 0,210721 0,000035
mississippi 0,415515 0,000069
mist 0,544727 0,000090
mistake 0,223144 0,000037
mistaken 0,261365 0,000043
mistress 0,510826 0,000084
misty 1,309333 0,000216
misunderstanding 1,609438 0,000266
mite 1,714798 0,000283
mix 0,994252 0,000164
mixture 0,616186 0,000102
moan 1,139434 0,000188
moaned 1,386294 0,000229
mocking 0,994252 0,000164
model 0,634878 0,000105
modeling 2,995732 0,000494
modern 0,314711 0,000052
modest 0,371064 0,000061
modification 0,494296 0,000082
modified 0,385662 0,000064
moi 2,207275 0,000364
moisture 1,108663 0,000183
molded 2,659260 0,000439
mole 1,309333 0,000216
moment 0,010050 0,000002
moments 0,287682 0,000047
mon 1,714798 0,000283
monday 0,891598 0,000147
money 0,051293 0,000008
monotonous 1,078810 0,000178
monsieur 1,469676 0,000243
monster 0,634878 0,000105
monsters 0,941609 0,000155
month 0,174353 0,000029
months 0,094311 0,000016
mood 0,527633 0,000087
moods 1,237874 0,000204
moody 1,514128 0,000250
moon 0,287682 0,000047
moonlight 0,673345 0,000111
moonlit 1,832581 0,000302
moping 2,813411 0,000464
moral 0,301105 0,000050
morbid 1,469676 0,000243
morning 0,040822 0,000007
mornings 1,203973 0,000199
morrow 0,328504 0,000054
morsel 1,171183 0,000193
mortal 0,400478 0,000066
mortimer 2,995732 0,000494
mosquito 2,813411 0,000464
mosquitoes 2,040221 0,000337
moss 1,049822 0,000173
mother 0,072571 0,000012
motherless 2,525729 0,000417
mothers 0,733969 0,000121
motion 0,328504 0,000054
motioned 1,139434 0,000188
motionless 0,544727 0,000090
motive 0,597837 0,000099
motives 0,579818 0,000096
mount 0,494296 0,000082
mounted 0,446287 0,000074
mounting 0,843970 0,000139
mournful 0,941609 0,000155
mouth 0,105361 0,000017
mouths 0,462035 0,000076
movable 1,714798 0,000283
movement 0,328504 0,000054
movements 0,494296 0,000082
movers 2,813411 0,000464
muddled 1,897120 0,000313
muddy 0,916291 0,000151
muffled 1,139434 0,000188
mulatto 3,218876 0,000531
mulattoes 2,995732 0,000494
mulberry 2,120264 0,000350
mules 1,469676 0,000243
mullets 3,912023 0,000646
multitude 0,446287 0,000074
multitudinous 2,040221 0,000337
mumbling 1,714798 0,000283
munched 2,659260 0,000439
murky 1,771957 0,000292
murmur 0,494296 0,000082
murmured 0,673345 0,000111
murmuring 0,967584 0,000160
muscles 1,021651 0,000169
mused 1,714798 0,000283
music 0,198451 0,000033
musical 0,579818 0,000096
musicale 3,912023 0,000646
musicales 3,912023 0,000646
musician 1,386294 0,000229
musicians 1,660731 0,000274
musket 1,832581 0,000302
musky 2,813411 0,000464
muslin 1,386294 0,000229
muslins 2,207275 0,000364
mustache 2,040221 0,000337
mustard 1,714798 0,000283
mute 0,776529 0,000128
muttered 0,798508 0,000132
muzzle 1,309333 0,000216
myriad 2,207275 0,000364
myrtle 1,966113 0,000324
mystery 0,301105 0,000050
mystic 1,108663 0,000183
nagging 2,525729 0,000417
nailing 2,302585 0,000380
nails 0,616186 0,000102
naive 2,659260 0,000439
nake 3,912023 0,000646
naked 0,274437 0,000045
nameless 1,078810 0,000178
nape 1,771957 0,000292
napoleon 1,386294 0,000229
narcotic 2,302585 0,000380
narrow 0,105361 0,000017
narrowing 2,302585 0,000380
narrowly 1,272966 0,000210
native 0,328504 0,000054
natural 0,094311 0,000016
naturally 0,210721 0,000035
nature 0,094311 0,000016
naughty 1,714798 0,000283
nearer 0,400478 0,000066
nearness 1,771957 0,000292
neat 0,673345 0,000111
neatly 1,049822 0,000173
necessity 0,261365 0,000043
neck 0,186330 0,000031
ned 2,407946 0,000397
needle 0,798508 0,000132
needless 1,049822 0,000173
needlessly 2,207275 0,000364
needlework 1,966113 0,000324
neglect 0,494296 0,000082
neglected 0,400478 0,000066
negligence 0,415515 0,000069
negotiated 2,659260 0,000439
negro 1,171183 0,000193
negroes 1,386294 0,000229
neighbor 1,427116 0,000236
neighborhood 1,171183 0,000193
neighboring 1,386294 0,000229
neighbors 1,272966 0,000210
nerved 2,302585 0,000380
nervous 0,494296 0,000082
nervously 1,203973 0,000199
nested 2,995732 0,000494
nestled 1,897120 0,000313
nether 1,832581 0,000302
network 0,415515 0,000069
neutral 1,609438 0,000266
newcomer 1,897120 0,000313
newly 0,494296 0,000082
news 0,210721 0,000035
newsletter 0,562119 0,000093
newspaper 1,021651 0,000169
newspapers 0,820981 0,000135
nice 0,400478 0,000066
nicety 1,609438 0,000266
nick 1,386294 0,000229
night 0,010050 0,000002
nightfall 1,309333 0,000216
nightgown 2,813411 0,000464
nights 0,235722 0,000039
nineteen 1,108663 0,000183
nipping 2,525729 0,000417
noble 0,248461 0,000041
nodding 0,941609 0,000155
noise 0,139262 0,000023
noised 2,525729 0,000417
noiselessly 1,237874 0,000204
nom 2,659260 0,000439
noncommittal 3,912023 0,000646
nonplused 3,506558 0,000579
nonproprietary 0,562119 0,000093
nonsense 0,478036 0,000079
noon 0,430783 0,000071
north 0,083382 0,000014
nose 0,274437 0,000045
nostrils 0,891598 0,000147
note 0,127833 0,000021
notes 0,261365 0,000043
notice 0,030459 0,000005
noticed 0,328504 0,000054
noticing 0,941609 0,000155
notifies 0,527633 0,000087
notion 0,371064 0,000061
nougat 3,912023 0,000646
november 0,544727 0,000090
numb 1,771957 0,000292
numerous 0,235722 0,000039
nun 1,560648 0,000258
nurse 0,478036 0,000079
nursed 1,203973 0,000199
nurses 1,171183 0,000193
nutriment 2,302585 0,000380
oak 0,673345 0,000111
oaks 1,237874 0,000204
oar 1,237874 0,000204
oaths 0,891598 0,000147
obedience 0,494296 0,000082
obediently 1,469676 0,000243
object 0,127833 0,000021
objected 0,755023 0,000125
objecting 2,525729 0,000417
obligations 1,021651 0,000169
obliged 0,287682 0,000047
oblivious 1,771957 0,000292
obnoxious 1,514128 0,000250
obscure 0,544727 0,000090
obscurity 1,049822 0,000173
observant 1,309333 0,000216
observation 0,446287 0,000074
observe 0,235722 0,000039
observed 0,162519 0,000027
observer 1,021651 0,000169
observing 0,510826 0,000084
obsession 2,659260 0,000439
obsolete 0,446287 0,000074
obstacles 0,798508 0,000132
obstructed 1,714798 0,000283
obvious 0,415515 0,000069
occasion 0,105361 0,000017
occasional 0,510826 0,000084
occasionally 0,371064 0,000061
occasions 0,430783 0,000071
occupancy 2,995732 0,000494
occupation 0,494296 0,000082
occupied 0,235722 0,000039
occupy 0,634878 0,000105
occupying 1,171183 0,000193
occur 0,150823 0,000025
occurred 0,261365 0,000043
occurrence 0,843970 0,000139
ocean 0,430783 0,000071
october 0,653926 0,000108
odd 0,385662 0,000064
odor 1,560648 0,000258
odors 2,120264 0,000350
offended 0,616186 0,000102
offense 1,609438 0,000266
offensive 0,693147 0,000114
offer 0,162519 0,000027
offered 0,139262 0,000023
offering 0,400478 0,000066
offers 0,198451 0,000033
office 0,072571 0,000012
officer 0,478036 0,000079
offices 0,510826 0,000084
official 0,235722 0,000039
oftener 1,049822 0,000173
oleanders 3,912023 0,000646
omelet 3,218876 0,000531
ominous 1,171183 0,000193
online 0,510826 0,000084
openly 0,494296 0,000082
opera 1,203973 0,000199
opinion 0,139262 0,000023
opportunities 0,235722 0,000039
opportunity 0,061875 0,000010
opposition 0,494296 0,000082
oppression 0,916291 0,000151
orange 0,941609 0,000155
orchestra 1,609438 0,000266
ordinary 0,186330 0,000031
organism 1,832581 0,000302
organized 0,356675 0,000059
oriental 1,108663 0,000183
origin 0,544727 0,000090
original 0,105361 0,000017
originator 0,527633 0,000087
orleans 1,966113 0,000324
ornaments 0,843970 0,000139
oui 2,813411 0,000464
outburst 1,386294 0,000229
outbursts 2,040221 0,000337
outdated 0,562119 0,000093
outer 0,510826 0,000084
outfit 1,237874 0,000204
outing 2,525729 0,000417
outlines 1,108663 0,000183
outspoken 1,966113 0,000324
outward 0,579818 0,000096
overburdened 2,407946 0,000397
overcame 0,941609 0,000155
overcome 0,261365 0,000043
overestimating 3,506558 0,000579
overflowing 0,994252 0,000164
overhead 0,843970 0,000139
overpowered 1,049822 0,000173
overpowering 1,309333 0,000216
overshoes 2,995732 0,000494
overspread 1,347074 0,000222
overtake 0,755023 0,000125
overtaken 0,967584 0,000160
overtaking 1,660731 0,000274
overtook 1,108663 0,000183
overture 1,714798 0,000283
overturned 1,514128 0,000250
overwhelming 1,049822 0,000173
overwork 2,120264 0,000350
owed 0,139262 0,000023
owl 1,309333 0,000216
owls 1,832581 0,000302
owner 0,116534 0,000019
owners 0,891598 0,000147
ox 0,941609 0,000155
pace 0,328504 0,000054
paces 0,673345 0,000111
pacified 1,897120 0,000313
pacing 1,108663 0,000183
pack 0,597837 0,000099
packed 0,616186 0,000102
packers 3,218876 0,000531
packing 1,108663 0,000183
pad 1,897120 0,000313
padded 2,040221 0,000337
paddled 2,120264 0,000350
paddock 2,525729 0,000417
paid 0,061875 0,000010
pail 1,469676 0,000243
pain 0,174353 0,000029
pained 1,203973 0,000199
paint 0,693147 0,000114
painted 0,356675 0,000059
painter 1,021651 0,000169
painting 0,798508 0,000132
paintings 1,514128 0,000250
paints 1,660731 0,000274
pair 0,235722 0,000039
pairs 1,171183 0,000193
pale 0,198451 0,000033
paler 1,386294 0,000229
palette 2,302585 0,000380
pall 1,469676 0,000243
palm 0,494296 0,000082
palmetto 2,813411 0,000464
palms 0,820981 0,000135
palpitant 3,506558 0,000579
palpitating 1,832581 0,000302
pandemonium 2,407946 0,000397
pang 0,967584 0,000160
pans 1,309333 0,000216
panted 1,427116 0,000236
pantheon 2,525729 0,000417
panties 3,912023 0,000646
panting 0,597837 0,000099
papa 1,272966 0,000210
paper 0,083382 0,000014
papers 0,385662 0,000064
paperwork 0,562119 0,000093
par 1,386294 0,000229
paragraph 0,328504 0,000054
paragraphs 0,494296 0,000082
paralyzed 1,966113 0,000324
paraphernalia 3,218876 0,000531
parasol 2,207275 0,000364
parbleu 2,813411 0,000464
parcel 1,139434 0,000188
parched 1,203973 0,000199
pardon 0,301105 0,000050
paris 0,562119 0,000093
parish 0,916291 0,000151
parisian 1,609438 0,000266
parlor 1,714798 0,000283
parrot 1,771957 0,000292
partake 1,171183 0,000193
partaking 1,832581 0,000302
parterre 2,995732 0,000494
partially 0,967584 0,000160
particle 1,309333 0,000216
partly 0,301105 0,000050
party 0,061875 0,000010
pas 1,897120 0,000313
pass 0,040822 0,000007
passably 2,407946 0,000397
passage 0,139262 0,000023
passed 0,040822 0,000007
passing 0,094311 0,000016
passion 0,186330 0,000031
passionately 0,941609 0,000155
passions 0,478036 0,000079
pastime 1,347074 0,000222
pasture 1,203973 0,000199
pastured 3,218876 0,000531
patch 0,916291 0,000151
patching 2,659260 0,000439
pate 2,407946 0,000397
path 0,198451 0,000033
pathetic 1,108663 0,000183
pathos 1,309333 0,000216
pathway 1,714798 0,000283
patience 0,139262 0,000023
patient 0,274437 0,000045
patois 2,525729 0,000417
patted 1,108663 0,000183
patter 2,120264 0,000350
pattern 0,693147 0,000114
patterns 1,514128 0,000250
pauline 3,506558 0,000579
pauses 1,560648 0,000258
paved 1,108663 0,000183
pavement 0,843970 0,000139
pay 0,051293 0,000008
paying 0,116534 0,000019
payments 0,415515 0,000069
peace 0,094311 0,000016
peaceful 0,478036 0,000079
peacefully 1,108663 0,000183
peacock 1,771957 0,000292
peanuts 3,912023 0,000646
peasant 0,967584 0,000160
pecan 3,506558 0,000579
pecans 3,912023 0,000646
peculiar 0,223144 0,000037
peeped 1,049822 0,000173
peeping 1,139434 0,000188
peg 1,427116 0,000236
peignoir 3,912023 0,000646
pen 0,371064 0,000061
pencil 0,634878 0,000105
penetrate 0,867501 0,000143
penetrated 0,843970 0,000139
penetrating 0,967584 0,000160
penetration 1,347074 0,000222
pension 1,832581 0,000302
people 0,010050 0,000002
pepper 1,309333 0,000216
perambulated 3,912023 0,000646
perambulations 2,995732 0,000494
percale 3,912023 0,000646
perceive 0,356675 0,000059
perceived 0,400478 0,000066
perched 1,347074 0,000222
perfect 0,072571 0,000012
perfectly 0,162519 0,000027
perform 0,150823 0,000025
performances 0,314711 0,000052
performed 0,127833 0,000021
performing 0,261365 0,000043
perfume 1,139434 0,000188
perfumed 1,427116 0,000236
perfumes 1,714798 0,000283
perilous 0,798508 0,000132
period 0,274437 0,000045
periodic 0,544727 0,000090
periods 0,867501 0,000143
perish 0,733969 0,000121
perished 0,733969 0,000121
permanent 0,223144 0,000037
permission 0,150823 0,000025
permit 0,446287 0,000074
permitted 0,105361 0,000017
permitting 1,386294 0,000229
perpetual 0,478036 0,000079
persisted 0,713350 0,000118
persistence 1,771957 0,000292
persistently 1,560648 0,000258
person 0,010050 0,000002
personal 0,223144 0,000037
personalities 2,525729 0,000417
personality 0,967584 0,000160
personally 0,798508 0,000132
persons 0,210721 0,000035
pertaining 2,120264 0,000350
perturbed 1,560648 0,000258
pessimistic 2,995732 0,000494
petite 2,813411 0,000464
petticoats 2,040221 0,000337
phantom 1,078810 0,000178
phase 1,427116 0,000236
philippe 2,659260 0,000439
philomel 3,506558 0,000579
philosophic 1,203973 0,000199
photograph 1,771957 0,000292
photographs 1,660731 0,000274
phrase 0,174353 0,000029
physical 0,198451 0,000033
physician 0,693147 0,000114
physique 2,525729 0,000417
pianist 3,506558 0,000579
piano 1,139434 0,000188
picayunes 3,912023 0,000646
pick 0,415515 0,000069
picked 0,400478 0,000066
picking 0,634878 0,000105
picture 0,248461 0,000041
pictured 1,049822 0,000173
pictures 0,415515 0,000069
picturesque 0,755023 0,000125
piece 0,072571 0,000012
pieces 0,139262 0,000023
pied 2,995732 0,000494
piercing 0,843970 0,000139
pig 0,634878 0,000105
pigeon 1,386294 0,000229
pigs 1,108663 0,000183
pile 0,579818 0,000096
piled 0,713350 0,000118
pillar 0,916291 0,000151
pillars 0,867501 0,000143
pillow 0,776529 0,000128
pillows 1,139434 0,000188
pin 0,713350 0,000118
pinch 1,021651 0,000169
pinched 1,139434 0,000188
pines 1,469676 0,000243
pink 0,867501 0,000143
pinks 2,813411 0,000464
pinned 1,514128 0,000250
pins 1,272966 0,000210
piquant 2,813411 0,000464
piqued 1,832581 0,000302
pirate 1,560648 0,000258
pirogue 3,912023 0,000646
pistol 0,941609 0,000155
pitch 0,342490 0,000057
piteously 1,714798 0,000283
pitiful 0,798508 0,000132
pittance 2,302585 0,000380
pity 0,150823 0,000025
placard 2,407946 0,000397
plain 0,040822 0,000007
plainly 0,261365 0,000043
plaintive 1,560648 0,000258
plaited 1,771957 0,000292
plan 0,261365 0,000043
planks 1,078810 0,000178
planning 1,021651 0,000169
plans 0,371064 0,000061
plantation 1,469676 0,000243
plantations 1,771957 0,000292
planter 2,659260 0,000439
plants 0,527633 0,000087
plate 0,527633 0,000087
platters 2,525729 0,000417
play 0,072571 0,000012
played 0,198451 0,000033
player 1,139434 0,000188
players 1,108663 0,000183
playful 1,386294 0,000229
playing 0,186330 0,000031
pleaded 0,891598 0,000147
pleasant 0,162519 0,000027
pleasanter 1,108663 0,000183
pleasantly 0,820981 0,000135
pleasantry 1,469676 0,000243
pleased 0,150823 0,000025
pleasing 0,653926 0,000108
pleasurable 1,966113 0,000324
pleasure 0,051293 0,000008
plenty 0,235722 0,000039
plied 1,309333 0,000216
plot 0,867501 0,000143
plowed 2,302585 0,000380
plucked 0,776529 0,000128
plucking 1,386294 0,000229
plumb 2,120264 0,000350
plumed 1,832581 0,000302
plumes 1,309333 0,000216
plump 1,078810 0,000178
plunge 0,733969 0,000121
plunged 0,544727 0,000090
po 1,897120 0,000313
pocket 0,371064 0,000061
pockets 0,733969 0,000121
poet 0,597837 0,000099
poetry 0,693147 0,000114
poignancy 3,218876 0,000531
poignant 1,560648 0,000258
poise 1,966113 0,000324
poked 1,427116 0,000236
poking 1,469676 0,000243
polished 0,673345 0,000111
political 0,562119 0,000093
politics 0,713350 0,000118
pompano 3,912023 0,000646
pompously 2,207275 0,000364
ponderous 1,203973 0,000199
pool 0,798508 0,000132
pools 1,309333 0,000216
poor 0,030459 0,000005
popular 0,430783 0,000071
porch 0,941609 0,000155
pored 2,207275 0,000364
pores 2,525729 0,000417
portal 1,609438 0,000266
portals 1,966113 0,000324
porte 2,659260 0,000439
portend 2,525729 0,000417
portico 1,897120 0,000313
portioned 2,659260 0,000439
portions 0,891598 0,000147
portly 1,609438 0,000266
portrait 0,634878 0,000105
portraits 1,108663 0,000183
pose 1,427116 0,000236
posed 1,832581 0,000302
poses 2,302585 0,000380
posing 2,407946 0,000397
position 0,162519 0,000027
positively 0,776529 0,000128
possess 0,356675 0,000059
possessed 0,094311 0,000016
possesses 0,820981 0,000135
possessing 0,891598 0,000147
possession 0,083382 0,000014
possessions 0,776529 0,000128
possessor 1,139434 0,000188
possibilities 1,139434 0,000188
possibility 0,162519 0,000027
possum 2,995732 0,000494
post 0,248461 0,000041
posted 0,301105 0,000050
poster 2,659260 0,000439
postponed 1,427116 0,000236
postscript 1,771957 0,000292
pot 0,597837 0,000099
pots 0,994252 0,000164
pouch 1,660731 0,000274
pouches 2,407946 0,000397
poured 0,385662 0,000064
pouted 2,995732 0,000494
powder 0,755023 0,000125
power 0,030459 0,000005
powerful 0,223144 0,000037
powers 0,248461 0,000041
practical 0,494296 0,000082
practically 0,235722 0,000039
practice 0,162519 0,000027
practiced 1,560648 0,000258
prairie 2,120264 0,000350
praise 0,371064 0,000061
prayer 0,478036 0,000079
prayers 0,478036 0,000079
prearrangement 3,506558 0,000579
precincts 1,514128 0,000250
precious 0,162519 0,000027
precisely 0,510826 0,000084
precision 0,798508 0,000132
predicted 1,427116 0,000236
predominant 2,407946 0,000397
predominating 2,302585 0,000380
preferred 0,342490 0,000057
pregnant 1,272966 0,000210
prejudice 0,733969 0,000121
prejudices 1,021651 0,000169
preliminary 0,994252 0,000164
prelude 1,469676 0,000243
premeditation 2,525729 0,000417
preparations 0,616186 0,000102
prepare 0,162519 0,000027
prepared 0,105361 0,000017
preparing 0,415515 0,000069
preposterous 1,609438 0,000266
presbyterian 2,407946 0,000397
presbyterianism 3,912023 0,000646
presence 0,094311 0,000016
presently 0,385662 0,000064
preserve 0,150823 0,000025
presided 1,237874 0,000204
presidential 2,813411 0,000464
pressed 0,274437 0,000045
pressing 0,385662 0,000064
pressure 0,527633 0,000087
pretended 0,562119 0,000093
pretensions 1,203973 0,000199
pretentious 2,525729 0,000417
pretext 0,941609 0,000155
pretexts 2,207275 0,000364
prettier 1,272966 0,000210
prettiest 1,560648 0,000258
pretty 0,150823 0,000025
prevail 0,713350 0,000118
prevailed 0,673345 0,000111
prevailing 0,967584 0,000160
prevent 0,083382 0,000014
previous 0,094311 0,000016
prey 0,527633 0,000087
price 0,314711 0,000052
priced 2,659260 0,000439
priceless 1,897120 0,000313
pricking 1,966113 0,000324
priest 0,634878 0,000105
priests 1,021651 0,000169
princess 1,309333 0,000216
print 0,261365 0,000043
printed 0,174353 0,000029
prison 0,287682 0,000047
private 0,198451 0,000033
privately 1,171183 0,000193
privation 1,771957 0,000292
privilege 0,527633 0,000087
privileges 1,021651 0,000169
proceed 0,301105 0,000050
proceeded 0,274437 0,000045
process 0,400478 0,000066
processing 0,562119 0,000093
procession 0,733969 0,000121
procure 0,693147 0,000114
procured 0,733969 0,000121
produce 0,127833 0,000021
produced 0,105361 0,000017
production 0,314711 0,000052
professor 0,287682 0,000047
profitable 0,891598 0,000147
profiting 1,771957 0,000292
profits 0,314711 0,000052
profound 0,462035 0,000076
profusion 1,347074 0,000222
programme 1,609438 0,000266
progress 0,174353 0,000029
prohibition 0,430783 0,000071
project -0,009950 -0,000002
prolific 1,966113 0,000324
prominently 0,494296 0,000082
promise 0,116534 0,000019
promised 0,198451 0,000033
promises 0,510826 0,000084
promising 0,430783 0,000071
promoting 0,430783 0,000071
promotion 0,342490 0,000057
prompted 0,891598 0,000147
promptness 2,207275 0,000364
prone 1,078810 0,000178
pronounced 0,446287 0,000074
proofread 0,562119 0,000093
propensity 1,514128 0,000250
proper 0,061875 0,000010
properly 0,385662 0,000064
property 0,127833 0,000021
prophet 0,994252 0,000164
proportion 0,371064 0,000061
proposed 0,371064 0,000061
proprietary 0,562119 0,000093
proprietor 1,139434 0,000188
prospect 0,446287 0,000074
prospects 1,203973 0,000199
prosperous 0,891598 0,000147
prostrate 0,843970 0,000139
prostrating 2,302585 0,000380
protect 0,186330 0,000031
protected 0,415515 0,000069
protecting 1,309333 0,000216
protest 0,798508 0,000132
protested 0,867501 0,000143
protests 1,714798 0,000283
protruded 1,897120 0,000313
proudly 0,733969 0,000121
prove 0,174353 0,000029
proved 0,116534 0,000019
provide 0,162519 0,000027
providence 0,693147 0,000114
providing 0,261365 0,000043
provision 0,248461 0,000041
provisions 0,223144 0,000037
provoked 0,941609 0,000155
prowling 1,714798 0,000283
prudery 2,995732 0,000494
prunella 3,912023 0,000646
prying 1,560648 0,000258
psychologist 2,659260 0,000439
public 0,083382 0,000014
puff 1,347074 0,000222
puffed 1,272966 0,000210
puffs 1,832581 0,000302
pull 0,328504 0,000054
pulled 0,371064 0,000061
pulses 1,832581 0,000302
pungent 1,832581 0,000302
punished 0,544727 0,000090
punitive 0,562119 0,000093
purchase 0,527633 0,000087
purchasing 1,514128 0,000250
pure 0,150823 0,000025
purely 0,713350 0,000118
purpose 0,040822 0,000007
purposely 1,171183 0,000193
purse 0,616186 0,000102
pursue 0,510826 0,000084
pursued 0,328504 0,000054
pursuers 1,560648 0,000258
pursuing 0,494296 0,000082
pushed 0,400478 0,000066
pushing 0,755023 0,000125
puzzled 0,494296 0,000082
pyre 2,207275 0,000364
quadroon 3,506558 0,000579
quaffed 2,813411 0,000464
quaint 1,021651 0,000169
qualifies 3,506558 0,000579
quality 0,274437 0,000045
quantity 0,579818 0,000096
quarrel 0,328504 0,000054
quarreled 2,207275 0,000364
quarter 0,223144 0,000037
quarters 0,248461 0,000041
quaver 2,813411 0,000464
queenly 2,302585 0,000380
queens 1,660731 0,000274
queer 0,776529 0,000128
quest 0,776529 0,000128
question 0,051293 0,000008
questioned 0,673345 0,000111
questioner 1,832581 0,000302
questioning 0,798508 0,000132
questions 0,127833 0,000021
quick 0,139262 0,000023
quickened 1,203973 0,000199
quicker 0,867501 0,000143
quiet 0,116534 0,000019
quieted 1,309333 0,000216
quieter 1,660731 0,000274
quietly 0,261365 0,000043
quit 0,616186 0,000102
quitted 1,049822 0,000173
quitting 1,386294 0,000229
quivering 0,798508 0,000132
quizzical 2,995732 0,000494
race 0,198451 0,000033
races 0,713350 0,000118
racing 1,427116 0,000236
radiance 1,139434 0,000188
radiant 0,867501 0,000143
rail 0,798508 0,000132
railway 1,203973 0,000199
rain 0,223144 0,000037
rainy 0,967584 0,000160
raised 0,061875 0,000010
raisins 1,897120 0,000313
rallied 1,427116 0,000236
random 0,967584 0,000160
range 0,446287 0,000074
ranged 1,049822 0,000173
rank 0,287682 0,000047
ranks 0,616186 0,000102
rap 1,609438 0,000266
rapid 0,371064 0,000061
rapidity 0,820981 0,000135
rapped 1,514128 0,000250
rapt 1,469676 0,000243
rapture 0,967584 0,000160
rare 0,274437 0,000045
rarely 0,527633 0,000087
rash 0,891598 0,000147
rate 0,274437 0,000045
rattled 1,272966 0,000210
raved 1,714798 0,000283
ravishing 2,207275 0,000364
raw 0,713350 0,000118
ray 0,798508 0,000132
rays 0,776529 0,000128
reach 0,051293 0,000008
reached 0,127833 0,000021
reaching 0,083382 0,000014
read 0,020203 0,000003
readable 0,510826 0,000084
reader 0,342490 0,000057
reading 0,061875 0,000010
readjusting 3,506558 0,000579
ready 0,030459 0,000005
real 0,040822 0,000007
realities 1,347074 0,000222
reality 0,328504 0,000054
realization 1,609438 0,000266
realize 1,021651 0,000169
realized 0,843970 0,000139
realizes 2,407946 0,000397
realizing 1,832581 0,000302
realm 1,021651 0,000169
realms 1,514128 0,000250
rear 0,527633 0,000087
rearranged 2,813411 0,000464
reason 0,010050 0,000002
reasonable 0,116534 0,000019
reasoning 0,733969 0,000121
reasons 0,223144 0,000037
reassure 1,609438 0,000266
rebellion 0,967584 0,000160
rebuild 2,040221 0,000337
rebuke 1,049822 0,000173
recalled 0,634878 0,000105
recalling 1,108663 0,000183
recapitulated 3,218876 0,000531
receipt 0,314711 0,000052
receive 0,083382 0,000014
received 0,040822 0,000007
receiving 0,116534 0,000019
reception 0,693147 0,000114
receptive 2,813411 0,000464
recitation 2,207275 0,000364
recitations 2,995732 0,000494
reckless 1,049822 0,000173
reclaim 1,771957 0,000292
reclined 1,771957 0,000292
reclining 1,514128 0,000250
recognition 0,713350 0,000118
recognize 1,021651 0,000169
recognized 0,820981 0,000135
recollection 0,616186 0,000102
recollections 1,272966 0,000210
recommended 0,634878 0,000105
recommending 1,714798 0,000283
reconcile 0,967584 0,000160
reconciling 1,832581 0,000302
recovering 0,755023 0,000125
red 0,072571 0,000012
redistribute 0,544727 0,000090
redistributing 0,562119 0,000093
redistribution 0,562119 0,000093
redoubling 2,302585 0,000380
reduced 0,371064 0,000061
reed 1,427116 0,000236
reeds 1,386294 0,000229
reeled 1,714798 0,000283
reeling 1,514128 0,000250
reentered 2,813411 0,000464
references 0,430783 0,000071
reflected 0,371064 0,000061
reflection 0,356675 0,000059
reflects 1,832581 0,000302
refrain 0,776529 0,000128
refreshed 0,820981 0,000135
refreshing 1,139434 0,000188
refreshment 0,941609 0,000155
refuge 0,446287 0,000074
refund 0,562119 0,000093
refusal 0,843970 0,000139
refuse 0,371064 0,000061
refused 0,235722 0,000039
regain 1,108663 0,000183
regained 0,891598 0,000147
regal 1,897120 0,000313
regard 0,150823 0,000025
regarded 0,301105 0,000050
region 0,673345 0,000111
regions 0,891598 0,000147
registered 0,430783 0,000071
regret 0,385662 0,000064
regrets 1,108663 0,000183
regretted 0,843970 0,000139
regretting 1,609438 0,000266
regular 0,287682 0,000047
regulated 1,203973 0,000199
regulating 0,415515 0,000069
reiterated 1,560648 0,000258
rejoice 0,843970 0,000139
relate 0,562119 0,000093
relating 1,021651 0,000169
relations 0,287682 0,000047
relax 1,386294 0,000229
relaxation 1,771957 0,000292
release 0,210721 0,000035
relent 1,966113 0,000324
reliable 1,609438 0,000266
relic 1,272966 0,000210
relics 1,203973 0,000199
relief 0,198451 0,000033
relieving 1,386294 0,000229
religion 0,446287 0,000074
religious 0,446287 0,000074
religiously 1,560648 0,000258
relinquish 1,237874 0,000204
relish 1,021651 0,000169
remain 0,040822 0,000007
remainder 0,616186 0,000102
remained 0,116534 0,000019
remaining 0,094311 0,000016
remark 0,314711 0,000052
remarkably 0,733969 0,000121
remarked 0,415515 0,000069
remarks 0,462035 0,000076
remedies 0,415515 0,000069
remember 0,083382 0,000014
remembered 0,162519 0,000027
remembering 0,776529 0,000128
reminded 0,527633 0,000087
reminder 1,897120 0,000313
reminiscent 2,995732 0,000494
remittent 3,218876 0,000531
remnant 1,237874 0,000204
remodeling 3,912023 0,000646
remonstrance 1,347074 0,000222
remonstrate 2,040221 0,000337
remorse 0,755023 0,000125
remove 0,127833 0,000021
removed 0,061875 0,000010
removing 0,673345 0,000111
renamed 0,562119 0,000093
rendered 0,527633 0,000087
rendezvous 1,609438 0,000266
renewed 0,510826 0,000084
rent 0,597837 0,000099
repairing 1,347074 0,000222
repast 1,171183 0,000193
repeated 0,127833 0,000021
repeating 0,527633 0,000087
repelled 1,309333 0,000216
replace 0,342490 0,000057
replaced 0,820981 0,000135
replacement 0,562119 0,000093
replied 0,235722 0,000039
replies 0,994252 0,000164
reply 0,174353 0,000029
report 0,301105 0,000050
reported 0,162519 0,000027
reports 0,261365 0,000043
repose 0,544727 0,000090
representations 0,356675 0,000059
repression 2,525729 0,000417
reproach 0,371064 0,000061
reproached 1,203973 0,000199
reproachful 1,309333 0,000216
reproves 2,995732 0,000494
repulse 1,609438 0,000266
repulsed 1,347074 0,000222
repulsive 1,049822 0,000173
reputation 0,385662 0,000064
request 0,127833 0,000021
requested 0,843970 0,000139
require 0,127833 0,000021
required 0,083382 0,000014
requirements 0,415515 0,000069
requiring 1,108663 0,000183
resemblance 0,755023 0,000125
resembled 0,867501 0,000143
resembling 0,941609 0,000155
resented 1,203973 0,000199
resentment 0,820981 0,000135
reserve 0,478036 0,000079
residence 0,713350 0,000118
resignation 0,994252 0,000164
resigned 0,967584 0,000160
resistance 0,430783 0,000071
resistant 2,995732 0,000494
resisted 0,776529 0,000128
resolutely 1,108663 0,000183
resolve 0,713350 0,000118
resolved 0,342490 0,000057
resounding 1,609438 0,000266
resources 0,733969 0,000121
respect 0,094311 0,000016
respectable 0,430783 0,000071
respectful 0,755023 0,000125
respectfully 1,139434 0,000188
respects 0,527633 0,000087
resplendent 1,514128 0,000250
responded 0,916291 0,000151
response 0,916291 0,000151
responsibilities 1,832581 0,000302
responsibility 0,776529 0,000128
responsible 0,693147 0,000114
responsive 1,609438 0,000266
rest 0,010050 0,000002
restaurant 1,560648 0,000258
rested 0,314711 0,000052
restful 2,302585 0,000380
restfulness 3,912023 0,000646
resting 0,314711 0,000052
restless 0,478036 0,000079
restlessly 1,514128 0,000250
restored 0,385662 0,000064
restrain 0,673345 0,000111
restrictions 0,385662 0,000064
result 0,174353 0,000029
resume 0,776529 0,000128
resumed 0,415515 0,000069
retain 0,597837 0,000099
retained 0,527633 0,000087
retire 0,673345 0,000111
retired 0,342490 0,000057
retorted 1,139434 0,000188
retrace 1,832581 0,000302
retreat 0,494296 0,000082
retrospection 3,218876 0,000531
return 0,040822 0,000007
returned 0,061875 0,000010
returning 0,127833 0,000021
returns 0,235722 0,000039
reveal 0,616186 0,000102
revealed 0,415515 0,000069
revealing 1,108663 0,000183
revelation 0,820981 0,000135
reveling 3,218876 0,000531
revengeful 1,469676 0,000243
revenue 0,371064 0,000061
reverie 1,237874 0,000204
reverses 1,897120 0,000313
review 0,891598 0,000147
revived 0,820981 0,000135
reviving 1,427116 0,000236
revoir 2,407946 0,000397
revolt 1,203973 0,000199
revolving 1,309333 0,000216
rewarding 2,207275 0,000364
rhapsodic 3,506558 0,000579
rhine 1,609438 0,000266
rhythm 1,966113 0,000324
ribbon 1,237874 0,000204
ribbons 1,203973 0,000199
rich 0,139262 0,000023
richness 1,469676 0,000243
rid 0,223144 0,000037
ride 0,462035 0,000076
ridiculous 0,478036 0,000079
ridiculously 1,897120 0,000313
riding 0,562119 0,000093
rifle 1,514128 0,000250
rightly 0,430783 0,000071
rigid 0,820981 0,000135
ripe 0,820981 0,000135
ripple 1,560648 0,000258
rise 0,040822 0,000007
risen 0,342490 0,000057
rises 0,634878 0,000105
rising 0,116534 0,000019
river 0,174353 0,000029
riveted 1,560648 0,000258
road 0,150823 0,000025
roads 0,597837 0,000099
roadside 1,966113 0,000324
roamed 1,771957 0,000292
roar 0,597837 0,000099
roaring 0,713350 0,000118
roast 0,994252 0,000164
robbed 0,733969 0,000121
robert 1,078810 0,000178
robes 0,916291 0,000151
robust 0,994252 0,000164
rock 0,385662 0,000064
rockaway 3,506558 0,000579
rocker 3,218876 0,000531
rocking 1,347074 0,000222
rode 0,616186 0,000102
role 1,609438 0,000266
roll 0,415515 0,000069
rolled 0,356675 0,000059
rolling 0,415515 0,000069
romance 0,693147 0,000114
roof 0,223144 0,000037
roofed 1,560648 0,000258
rope 0,616186 0,000102
ropes 1,021651 0,000169
rose 0,094311 0,000016
roses 0,941609 0,000155
rough 0,186330 0,000031
roun 2,995732 0,000494
rounded 1,021651 0,000169
row 0,544727 0,000090
rows 0,733969 0,000121
royal 0,400478 0,000066
royalties 0,527633 0,000087
royalty 0,385662 0,000064
rubbed 0,544727 0,000090
rubber 1,609438 0,000266
rubbing 0,713350 0,000118
ruddy 0,994252 0,000164
rude 0,342490 0,000057
rudeness 1,203973 0,000199
ruffle 2,207275 0,000364
ruffles 2,525729 0,000417
rug 1,386294 0,000229
rugged 0,798508 0,000132
rugs 1,897120 0,000313
ruin 0,287682 0,000047
ruined 0,371064 0,000061
ruins 0,755023 0,000125
rule 0,198451 0,000033
rules 0,150823 0,000025
rumbled 2,302585 0,000380
rummaged 1,771957 0,000292
running 0,967584 0,000160
rush 0,287682 0,000047
rusty 1,078810 0,000178
ruthless 1,832581 0,000302
saber 2,302585 0,000380
sacrifice 0,328504 0,000054
sad 0,223144 0,000037
saddle 0,916291 0,000151
sadly 0,510826 0,000084
safe 0,116534 0,000019
safely 0,371064 0,000061
sage 0,916291 0,000151
sail 0,634878 0,000105
sailing 0,653926 0,000108
sailor 0,755023 0,000125
sails 0,798508 0,000132
sake 0,094311 0,000016
saliva 2,659260 0,000439
sally 1,309333 0,000216
salon 2,207275 0,000364
salt 0,116534 0,000019
salts 1,897120 0,000313
salve 2,302585 0,000380
samaritans 2,813411 0,000464
sanctified 1,560648 0,000258
sand 0,597837 0,000099
sandals 2,302585 0,000380
sanded 2,525729 0,000417
sands 1,171183 0,000193
sandy 1,049822 0,000173
sane 1,309333 0,000216
sang 0,415515 0,000069
sank 0,544727 0,000090
sapphires 2,525729 0,000417
sardonically 2,813411 0,000464
sat 0,083382 0,000014
satan 1,237874 0,000204
satin 1,469676 0,000243
satiny 3,218876 0,000531
satisfaction 0,186330 0,000031
satisfactorily 1,272966 0,000210
satisfactory 0,562119 0,000093
satisfied 0,105361 0,000017
satisfy 0,342490 0,000057
satisfying 1,171183 0,000193
saturday 0,843970 0,000139
saucer 1,609438 0,000266
saucy 1,897120 0,000313
savage 0,356675 0,000059
save 0,030459 0,000005
saved 0,274437 0,000045
saving 0,478036 0,000079
saviour 1,203973 0,000199
scalding 2,207275 0,000364
scale 0,446287 0,000074
scamp 2,120264 0,000350
scampered 2,302585 0,000380
scandal 0,891598 0,000147
scanned 1,560648 0,000258
scantling 2,995732 0,000494
scar 1,560648 0,000258
scarcely 0,301105 0,000050
scarf 1,427116 0,000236
scarfs 3,218876 0,000531
scatter 1,049822 0,000173
scattered 0,139262 0,000023
scene 0,198451 0,000033
scenes 0,494296 0,000082
scent 0,733969 0,000121
scented 1,203973 0,000199
scheme 0,634878 0,000105
school 0,174353 0,000029
scintillant 3,912023 0,000646
scissors 1,660731 0,000274
scolded 1,427116 0,000236
scolding 1,347074 0,000222
scoop 2,525729 0,000417
scorched 1,386294 0,000229
scoured 1,897120 0,000313
scowled 1,609438 0,000266
scramble 1,832581 0,000302
scrap 1,386294 0,000229
scraping 1,469676 0,000243
scraps 1,272966 0,000210
scratch 0,916291 0,000151
scratching 1,108663 0,000183
scrawl 1,966113 0,000324
scrawled 1,832581 0,000302
screamed 0,733969 0,000121
scribbled 1,771957 0,000292
scrub 1,771957 0,000292
scrupulously 1,660731 0,000274
sea 0,116534 0,000019
search 0,051293 0,000008
searching 0,415515 0,000069
searchingly 2,302585 0,000380
seashore 2,120264 0,000350
season 0,287682 0,000047
seasoned 1,609438 0,000266
seasons 0,673345 0,000111
seat 0,105361 0,000017
seated 0,223144 0,000037
seating 1,609438 0,000266
seats 0,562119 0,000093
seaward 2,302585 0,000380
secret 0,061875 0,000010
secretary 0,916291 0,000151
secrets 0,400478 0,000066
secure 0,072571 0,000012
secured 0,494296 0,000082
securely 0,916291 0,000151
securing 1,021651 0,000169
securities 2,040221 0,000337
security 0,544727 0,000090
seductive 1,771957 0,000292
seek 0,198451 0,000033
seeking 0,274437 0,000045
seeks 1,021651 0,000169
seemingly 0,967584 0,000160
seigneur 2,995732 0,000494
seized 0,235722 0,000039
seizing 0,693147 0,000114
seldom 0,301105 0,000050
select 0,867501 0,000143
selected 0,634878 0,000105
selecting 1,237874 0,000204
selection 1,139434 0,000188
selections 2,525729 0,000417
selfish 0,798508 0,000132
selfishness 0,843970 0,000139
sell 0,430783 0,000071
selling 0,820981 0,000135
semblance 1,049822 0,000173
sence 2,995732 0,000494
send 0,030459 0,000005
sending 0,083382 0,000014
sends 0,544727 0,000090
sensation 0,462035 0,000076
sensations 0,843970 0,000139
sense 0,051293 0,000008
senseless 0,867501 0,000143
sensitive 0,693147 0,000114
sensitively 2,813411 0,000464
sensuality 1,714798 0,000283
sensuous 2,302585 0,000380
sensuousness 3,218876 0,000531
sentence 0,127833 0,000021
sentiment 0,478036 0,000079
sentimental 1,139434 0,000188
sentimentally 2,659260 0,000439
separate 0,248461 0,000041
seriocomic 3,912023 0,000646
serpent 0,755023 0,000125
serpents 1,469676 0,000243
servant 0,186330 0,000031
servants 0,162519 0,000027
served 0,186330 0,000031
serves 0,776529 0,000128
service 0,072571 0,000012
services 0,494296 0,000082
serving 0,634878 0,000105
set 0,010050 0,000002
setting 0,186330 0,000031
settled 0,127833 0,000021
settling 0,755023 0,000125
severe 0,342490 0,000057
severity 0,798508 0,000132
sew 1,966113 0,000324
sewed 1,560648 0,000258
sewing 1,514128 0,000250
sex 0,562119 0,000093
sha 1,309333 0,000216
shabbiness 2,813411 0,000464
shabby 1,021651 0,000169
shade 0,274437 0,000045
shades 0,916291 0,000151
shadow 0,223144 0,000037
shadowed 2,040221 0,000337
shadows 0,494296 0,000082
shadowy 1,108663 0,000183
shaggy 1,049822 0,000173
shake 0,287682 0,000047
shaken 0,494296 0,000082
shakes 1,272966 0,000210
shaking 0,371064 0,000061
shallow 0,776529 0,000128
shame 0,223144 0,000037
shape 0,186330 0,000031
shaped 0,527633 0,000087
shapely 2,120264 0,000350
shapes 0,755023 0,000125
share 0,040822 0,000007
shared 0,139262 0,000023
sharing 0,248461 0,000041
sharp 0,162519 0,000027
sharply 0,510826 0,000084
sharpshooting 3,912023 0,000646
shatter 2,040221 0,000337
shattering 2,659260 0,000439
shaved 1,427116 0,000236
shawl 1,078810 0,000178
sheen 2,207275 0,000364
sheeny 3,218876 0,000531
sheets 0,544727 0,000090
shelter 0,342490 0,000057
shielded 2,302585 0,000380
shifted 1,139434 0,000188
shimmer 2,659260 0,000439
shines 0,994252 0,000164
shingle 1,897120 0,000313
shining 0,385662 0,000064
ships 0,653926 0,000108
shirt 0,653926 0,000108
shirting 3,912023 0,000646
shivering 0,755023 0,000125
shock 0,446287 0,000074
shocked 0,776529 0,000128
shocks 1,427116 0,000236
shod 1,203973 0,000199
shoe 0,776529 0,000128
shoes 0,430783 0,000071
shone 0,494296 0,000082
shook 0,235722 0,000039
shop 0,494296 0,000082
shopping 2,302585 0,000380
shore 0,342490 0,000057
shores 0,820981 0,000135
short 0,020203 0,000003
shortcomings 2,040221 0,000337
shot 0,223144 0,000037
shoulder 0,210721 0,000035
shoulders 0,174353 0,000029
shout 0,634878 0,000105
shouted 0,478036 0,000079
shouting 0,446287 0,000074
shoving 1,966113 0,000324
showered 1,714798 0,000283
showering 2,407946 0,000397
shreds 1,347074 0,000222
shrieked 1,171183 0,000193
shrieks 1,309333 0,000216
shrill 0,820981 0,000135
shrimps 3,218876 0,000531
shrug 1,609438 0,000266
shrugged 1,203973 0,000199
shuddered 0,867501 0,000143
shuffling 1,347074 0,000222
shut 0,072571 0,000012
shuts 1,714798 0,000283
shutters 1,108663 0,000183
shutting 0,941609 0,000155
shy 0,733969 0,000121
sick 0,150823 0,000025
sickens 2,407946 0,000397
sidewalks 3,218876 0,000531
sidewise 2,813411 0,000464
sidling 2,302585 0,000380
sigh 0,342490 0,000057
sighed 0,673345 0,000111
sighs 1,108663 0,000183
sight 0,051293 0,000008
sign 0,139262 0,000023
signaled 2,659260 0,000439
significance 1,021651 0,000169
silence 0,105361 0,000017
silent 0,051293 0,000008
silently 0,544727 0,000090
silk 0,478036 0,000079
silken 1,309333 0,000216
silky 2,040221 0,000337
sill 1,469676 0,000243
silver 0,210721 0,000035
simple 0,094311 0,000016
simplicity 0,527633 0,000087
simply 0,150823 0,000025
simultaneously 1,203973 0,000199
sin 0,430783 0,000071
sincerity 0,653926 0,000108
sing 0,415515 0,000069
singing 0,371064 0,000061
single 0,083382 0,000014
singly 1,139434 0,000188
sinister 1,108663 0,000183
sink 0,462035 0,000076
sinking 0,494296 0,000082
sins 0,798508 0,000132
sipped 1,771957 0,000292
sipping 2,040221 0,000337
sir 0,150823 0,000025
sister 0,356675 0,000059
sisterly 2,407946 0,000397
sisters 0,527633 0,000087
sit 0,061875 0,000010
sits 0,820981 0,000135
sitting 0,105361 0,000017
situated 0,733969 0,000121
situation 0,198451 0,000033
size 0,248461 0,000041
sizzle 3,218876 0,000531
sizzled 3,912023 0,000646
sketch 0,891598 0,000147
sketches 1,469676 0,000243
sketching 1,714798 0,000283
skilful 0,967584 0,000160
skill 0,301105 0,000050
skin 0,210721 0,000035
skirmishing 2,659260 0,000439
skirt 1,078810 0,000178
skirted 1,309333 0,000216
skirting 1,897120 0,000313
skirts 0,843970 0,000139
sky 0,210721 0,000035
slackened 1,203973 0,000199
slamming 2,302585 0,000380
slanting 1,427116 0,000236
slaps 2,207275 0,000364
slashing 2,207275 0,000364
slavery 0,798508 0,000132
slaves 0,634878 0,000105
sleek 1,427116 0,000236
sleep 0,072571 0,000012
sleeping 0,235722 0,000039
sleepless 1,049822 0,000173
sleeps 0,994252 0,000164
sleepy 0,713350 0,000118
sleeve 0,891598 0,000147
sleeves 0,843970 0,000139
slender 0,693147 0,000114
slept 0,223144 0,000037
slice 1,309333 0,000216
slices 1,771957 0,000292
slight 0,150823 0,000025
slightest 0,415515 0,000069
slim 1,139434 0,000188
slime 1,386294 0,000229
slimy 1,660731 0,000274
slip 0,462035 0,000076
slipped 0,494296 0,000082
slippered 2,525729 0,000417
slippers 1,021651 0,000169
slope 0,867501 0,000143
sloping 1,021651 0,000169
slow 0,139262 0,000023
slowly 0,150823 0,000025
sluggish 1,514128 0,000250
slumbering 1,386294 0,000229
slumbers 1,386294 0,000229
sly 0,713350 0,000118
smashed 1,309333 0,000216
smell 0,371064 0,000061
smelled 1,660731 0,000274
smelling 0,843970 0,000139
smile 0,274437 0,000045
smiled 0,356675 0,000059
smiles 0,693147 0,000114
smiling 0,301105 0,000050
smoke 0,314711 0,000052
smoked 0,867501 0,000143
smoking 0,462035 0,000076
smoldering 2,813411 0,000464
smooth 0,274437 0,000045
smoothed 1,021651 0,000169
smoothing 1,272966 0,000210
smoothly 1,021651 0,000169
smote 1,021651 0,000169
smouldered 2,659260 0,000439
smouldering 1,771957 0,000292
smudge 2,525729 0,000417
snack 2,813411 0,000464
snail 1,832581 0,000302
snakes 1,347074 0,000222
snapped 0,891598 0,000147
snappy 3,218876 0,000531
snatched 0,733969 0,000121
sneered 1,609438 0,000266
sniffled 3,506558 0,000579
snow 0,527633 0,000087
snub 2,040221 0,000337
snuggery 3,912023 0,000646
snuggled 2,995732 0,000494
soar 1,560648 0,000258
sobbed 1,078810 0,000178
sobbing 0,967584 0,000160
sobs 1,078810 0,000178
sociably 2,659260 0,000439
social 0,371064 0,000061
society 0,210721 0,000035
sofa 1,049822 0,000173
soft 0,210721 0,000035
softened 0,653926 0,000108
softening 1,514128 0,000250
softest 1,771957 0,000292
softly 0,400478 0,000066
softness 0,891598 0,000147
soiled 1,609438 0,000266
sojourn 1,386294 0,000229
sold 0,385662 0,000064
soldier 0,562119 0,000093
sole 0,342490 0,000057
solely 0,733969 0,000121
solemn 0,301105 0,000050
solicit 0,430783 0,000071
solicitation 0,510826 0,000084
solicitous 2,040221 0,000337
solicitously 2,659260 0,000439
solicitude 1,347074 0,000222
solid 0,274437 0,000045
solitary 0,462035 0,000076
solitude 0,510826 0,000084
solution 0,820981 0,000135
somber 2,120264 0,000350
sombre 1,171183 0,000193
someway 3,506558 0,000579
son 0,105361 0,000017
song 0,371064 0,000061
songs 0,544727 0,000090
songsters 2,995732 0,000494
sonorous 1,514128 0,000250
soot 1,609438 0,000266
soothed 1,203973 0,000199
soothing 0,798508 0,000132
soothingly 1,897120 0,000313
sort 0,105361 0,000017
sought 0,150823 0,000025
soul 0,105361 0,000017
soulful 3,912023 0,000646
souls 0,342490 0,000057
sound 0,020203 0,000003
sounded 0,371064 0,000061
sounding 0,634878 0,000105
soundly 1,021651 0,000169
sounds 0,223144 0,000037
soup 1,078810 0,000178
source 0,328504 0,000054
south 0,235722 0,000039
southern 0,579818 0,000096
space 0,116534 0,000019
span 1,386294 0,000229
spanish 0,733969 0,000121
spare 0,210721 0,000035
sparing 1,272966 0,000210
spark 0,776529 0,000128
sparkle 1,514128 0,000250
sparkled 1,237874 0,000204
sparkling 0,776529 0,000128
spasm 1,771957 0,000292
spasmodic 1,966113 0,000324
speak 0,051293 0,000008
speaking 0,072571 0,000012
speaks 0,371064 0,000061
special 0,083382 0,000014
specimen 0,891598 0,000147
specks 1,832581 0,000302
spectacle 0,544727 0,000090
spectacles 0,843970 0,000139
speculated 2,995732 0,000494
speculating 2,040221 0,000337
speculation 0,843970 0,000139
speculations 1,203973 0,000199
speech 0,198451 0,000033
speechless 0,916291 0,000151
speeding 1,660731 0,000274
spell 0,820981 0,000135
spend 0,328504 0,000054
spending 0,597837 0,000099
spent 0,105361 0,000017
sphere 0,733969 0,000121
spheres 1,832581 0,000302
spiced 2,813411 0,000464
spilled 1,660731 0,000274
spinal 2,659260 0,000439
spirit 0,051293 0,000008
spirits 0,198451 0,000033
spiritual 0,653926 0,000108
splash 1,309333 0,000216
splashed 1,347074 0,000222
splashing 1,560648 0,000258
splendid 0,400478 0,000066
splendor 1,714798 0,000283
spoiled 0,916291 0,000151
spoiling 1,514128 0,000250
spoke 0,116534 0,000019
spoken 0,150823 0,000025
spoon 1,171183 0,000193
sporadic 3,218876 0,000531
sporting 1,427116 0,000236
sports 1,049822 0,000173
spot 0,162519 0,000027
spotless 1,560648 0,000258
spots 0,562119 0,000093
sprang 0,400478 0,000066
spray 1,427116 0,000236
sprays 2,040221 0,000337
spread 0,061875 0,000010
spring 0,083382 0,000014
springing 0,733969 0,000121
springy 2,407946 0,000397
sprinkled 1,108663 0,000183
sprung 0,544727 0,000090
spun 0,941609 0,000155
spurs 1,386294 0,000229
sputtered 2,659260 0,000439
squander 2,407946 0,000397
square 0,235722 0,000039
squat 1,386294 0,000229
squatted 1,660731 0,000274
squinting 2,525729 0,000417
squirrel 2,120264 0,000350
stabbed 1,386294 0,000229
stabbing 1,966113 0,000324
stables 1,078810 0,000178
staff 0,274437 0,000045
stage 0,223144 0,000037
staggered 0,733969 0,000121
staggering 1,237874 0,000204
stained 0,653926 0,000108
stairs 0,430783 0,000071
stairway 1,897120 0,000313
staked 2,040221 0,000337
stakes 1,203973 0,000199
stalks 1,609438 0,000266
stall 1,714798 0,000283
stammered 1,108663 0,000183
stamped 0,693147 0,000114
stan 3,506558 0,000579
stand 0,000000 0,000000
standard 0,562119 0,000093
standing 0,030459 0,000005
stands 0,261365 0,000043
starched 2,302585 0,000380
stare 0,713350 0,000118
stared 0,597837 0,000099
stars 0,342490 0,000057
start -0,009950 -0,000002
started 0,150823 0,000025
starting 0,371064 0,000061
startled 0,415515 0,000069
startling 0,967584 0,000160
starts 0,941609 0,000155
starvation 1,386294 0,000229
stately 0,733969 0,000121
statements 0,430783 0,000071
statesman 1,203973 0,000199
statuesque 2,525729 0,000417
statuette 3,506558 0,000579
status 0,446287 0,000074
stay 0,083382 0,000014
stayed 0,415515 0,000069
staying 0,653926 0,000108
steadied 2,407946 0,000397
steadily 0,415515 0,000069
steady 0,356675 0,000059
stealing 0,653926 0,000108
stealthy 1,514128 0,000250
steamer 1,514128 0,000250
steamers 1,897120 0,000313
steaming 1,203973 0,000199
steep 0,579818 0,000096
step 0,083382 0,000014
stepladder 3,912023 0,000646
stepped 0,510826 0,000084
stepping 0,755023 0,000125
steps 0,094311 0,000016
stereotyped 2,407946 0,000397
stick 0,342490 0,000057
sticking 0,867501 0,000143
sticks 0,733969 0,000121
stiff 0,430783 0,000071
stiffness 1,660731 0,000274
stifling 1,469676 0,000243
stigma 2,407946 0,000397
stillness 0,891598 0,000147
sting 1,203973 0,000199
stinging 1,660731 0,000274
stir 0,400478 0,000066
stirred 0,446287 0,000074
stirring 0,510826 0,000084
stock 0,328504 0,000054
stockings 0,891598 0,000147
stocks 1,272966 0,000210
stole 0,494296 0,000082
stolen 0,430783 0,000071
stomach 0,693147 0,000114
stomachs 1,660731 0,000274
stone 0,116534 0,000019
stood 0,030459 0,000005
stool 0,733969 0,000121
stooped 0,776529 0,000128
store 0,385662 0,000064
stored 0,342490 0,000057
stories 0,328504 0,000054
story 0,051293 0,000008
storytelling 3,506558 0,000579
stout 0,579818 0,000096
stove 1,203973 0,000199
straight 0,105361 0,000017
straighten 1,714798 0,000283
straightened 1,347074 0,000222
strain 0,385662 0,000064
strained 0,776529 0,000128
strains 1,272966 0,000210
strands 2,040221 0,000337
strange 0,061875 0,000010
straw 0,356675 0,000059
stray 0,891598 0,000147
strayed 1,078810 0,000178
stream 0,210721 0,000035
streaming 0,798508 0,000132
streams 0,843970 0,000139
street 0,198451 0,000033
streets 0,274437 0,000045
strength 0,030459 0,000005
strenuous 1,514128 0,000250
stretch 0,446287 0,000074
stretched 0,274437 0,000045
stretching 0,733969 0,000121
strict 0,210721 0,000035
strictly 0,579818 0,000096
stride 1,237874 0,000204
strides 1,203973 0,000199
strike 0,210721 0,000035
strikes 0,544727 0,000090
striking 0,274437 0,000045
strikingly 1,714798 0,000283
strip 0,597837 0,000099
strips 1,309333 0,000216
strive 0,820981 0,000135
striving 0,755023 0,000125
strode 1,139434 0,000188
stroke 0,356675 0,000059
stroked 1,660731 0,000274
strokes 0,916291 0,000151
stroking 1,660731 0,000274
strolled 1,237874 0,000204
strolling 1,469676 0,000243
strolls 2,659260 0,000439
strong 0,030459 0,000005
stronger 0,287682 0,000047
strove 1,078810 0,000178
struck 0,083382 0,000014
structure 0,673345 0,000111
struggle 0,287682 0,000047
struggles 0,891598 0,000147
struggling 0,462035 0,000076
stub 2,525729 0,000417
stubble 1,609438 0,000266
stubborn 0,843970 0,000139
stuccoed 3,506558 0,000579
stuck 0,462035 0,000076
studied 0,446287 0,000074
studies 0,579818 0,000096
study 0,162519 0,000027
stuffed 1,171183 0,000193
stuffy 2,120264 0,000350
stumble 1,139434 0,000188
stumbled 0,891598 0,000147
stumbling 1,108663 0,000183
stunned 1,078810 0,000178
stunning 1,832581 0,000302
stupid 0,478036 0,000079
stupor 1,560648 0,000258
sturdy 1,171183 0,000193
stylish 2,120264 0,000350
subject 0,072571 0,000012
subjected 0,820981 0,000135
submission 0,776529 0,000128
submissively 2,120264 0,000350
submissiveness 2,659260 0,000439
submit 0,579818 0,000096
submitted 0,755023 0,000125
subscribe 0,494296 0,000082
subsequent 0,867501 0,000143
subservience 2,995732 0,000494
subsisted 1,832581 0,000302
substance 0,415515 0,000069
subterfuges 3,912023 0,000646
subtle 0,733969 0,000121
suburbs 1,609438 0,000266
succeed 0,328504 0,000054
succeeded 0,186330 0,000031
success 0,162519 0,000027
successes 1,272966 0,000210
successful 0,478036 0,000079
sudden 0,072571 0,000012
suddenly 0,040822 0,000007
suddenness 1,469676 0,000243
suds 2,525729 0,000417
suffer 0,127833 0,000021
suffered 0,210721 0,000035
suffering 0,248461 0,000041
sufferings 0,616186 0,000102
sufficient 0,139262 0,000023
suffused 1,714798 0,000283
sugar 0,776529 0,000128
suggestion 0,510826 0,000084
suggestions 0,891598 0,000147
suit 0,261365 0,000043
suitable 0,462035 0,000076
suitably 2,040221 0,000337
suited 0,597837 0,000099
sullen 0,798508 0,000132
sullenly 1,427116 0,000236
sum 0,356675 0,000059
summer 0,186330 0,000031
summers 1,966113 0,000324
summoned 0,733969 0,000121
summons 0,867501 0,000143
sumptuous 1,560648 0,000258
sun 0,072571 0,000012
sunday 0,494296 0,000082
sundry 1,386294 0,000229
sung 0,994252 0,000164
sunk 0,371064 0,000061
sunlight 0,843970 0,000139
sunny 0,867501 0,000143
sunshade 2,995732 0,000494
supercilious 2,120264 0,000350
superior 0,274437 0,000045
superstitious 1,108663 0,000183
supervision 1,771957 0,000292
supper 0,446287 0,000074
supple 1,171183 0,000193
supplication 1,203973 0,000199
supplied 0,478036 0,000079
supply 0,371064 0,000061
supplying 1,514128 0,000250
support 0,127833 0,000021
supported 0,415515 0,000069
supporting 0,653926 0,000108
suppose 0,072571 0,000012
supposed 0,174353 0,000029
surely 0,186330 0,000031
sureness 3,218876 0,000531
surf 2,040221 0,000337
surface 0,301105 0,000050
surprise 0,174353 0,000029
surprised 0,210721 0,000035
surprises 1,347074 0,000222
surrounded 0,223144 0,000037
surroundings 0,994252 0,000164
surveyed 1,139434 0,000188
surveying 1,108663 0,000183
survive 0,274437 0,000045
survived 1,021651 0,000169
susceptibility 2,407946 0,000397
susceptible 1,386294 0,000229
susie 3,506558 0,000579
suspect 0,342490 0,000057
suspected 0,328504 0,000054
suspended 0,634878 0,000105
suspense 0,776529 0,000128
suspicion 0,287682 0,000047
sustained 0,579818 0,000096
sustaining 1,660731 0,000274
swallowed 0,462035 0,000076
swam 1,108663 0,000183
swamp 0,342490 0,000057
sward 2,813411 0,000464
swarm 1,237874 0,000204
swayed 1,108663 0,000183
swaying 1,021651 0,000169
sweat 0,634878 0,000105
sweep 0,673345 0,000111
sweeping 0,820981 0,000135
sweet 0,174353 0,000029
sweetheart 1,897120 0,000313
swelled 0,776529 0,000128
swept 0,385662 0,000064
swift 0,415515 0,000069
swiftly 0,713350 0,000118
swim 0,755023 0,000125
swimmer 1,897120 0,000313
swimming 0,820981 0,000135
swing 0,693147 0,000114
swore 0,634878 0,000105
swum 2,525729 0,000417
swung 0,733969 0,000121
sycamore 3,218876 0,000531
syllable 0,994252 0,000164
symbols 1,469676 0,000243
symmetrical 1,897120 0,000313
sympathy 0,328504 0,000054
symphony 2,659260 0,000439
symptoms 0,776529 0,000128
synonymous 0,446287 0,000074
syrups 3,506558 0,000579
systematic 1,427116 0,000236
table 0,094311 0,000016
tables 0,415515 0,000069
tabouret 3,912023 0,000646
tacit 1,560648 0,000258
tact 1,309333 0,000216
tactless 3,218876 0,000531
taint 1,514128 0,000250
tale 0,287682 0,000047
talent 0,544727 0,000090
talk 0,083382 0,000014
talkative 1,514128 0,000250
talked 0,261365 0,000043
talking 0,150823 0,000025
tall 0,223144 0,000037
tallest 1,714798 0,000283
tamales 3,912023 0,000646
tan 1,609438 0,000266
tangle 1,514128 0,000250
tangled 1,108663 0,000183
taper 1,897120 0,000313
tapped 1,171183 0,000193
tardy 1,660731 0,000274
task 0,261365 0,000043
taste 0,174353 0,000029
tasted 0,544727 0,000090
tasteful 2,207275 0,000364
tastes 0,634878 0,000105
tasty 2,995732 0,000494
tattered 1,309333 0,000216
taut 2,207275 0,000364
tax 0,328504 0,000054
taxes 0,385662 0,000064
tea 0,579818 0,000096
teachings 1,560648 0,000258
tearing 0,673345 0,000111
tears 0,150823 0,000025
teens 2,302585 0,000380
teeth 0,198451 0,000033
temerity 1,966113 0,000324
temper 0,274437 0,000045
temperament 0,994252 0,000164
tempered 0,653926 0,000108
tempest 0,843970 0,000139
temple 0,527633 0,000087
temples 0,616186 0,000102
temporary 0,713350 0,000118
tempt 0,967584 0,000160
temptation 0,527633 0,000087
tempted 0,527633 0,000087
tempting 0,967584 0,000160
tender 0,314711 0,000052
tenderloin 3,912023 0,000646
tenderly 0,916291 0,000151
tenderness 0,616186 0,000102
tenfold 1,771957 0,000292
tenor 1,171183 0,000193
tent 0,994252 0,000164
tenth 0,776529 0,000128
term 0,371064 0,000061
terms 0,061875 0,000010
terre 2,813411 0,000464
terrible 0,186330 0,000031
terribly 0,733969 0,000121
terrifying 2,040221 0,000337
terror 0,198451 0,000033
terrors 0,843970 0,000139
texans 3,218876 0,000531
texture 1,272966 0,000210
thankful 0,843970 0,000139
theatre 0,820981 0,000135
theme 0,994252 0,000164
thereon 1,469676 0,000243
thimble 2,040221 0,000337
thinking 0,274437 0,000045
thorn 1,560648 0,000258
thoroughfares 2,207275 0,000364
thoughtful 0,693147 0,000114
thoughtfulness 2,120264 0,000350
thoughtlessness 1,832581 0,000302
thrash 2,040221 0,000337
thrashed 1,714798 0,000283
thrashing 1,609438 0,000266
thread 0,430783 0,000071
threaded 1,660731 0,000274
threatened 0,415515 0,000069
threatening 0,544727 0,000090
threshold 0,562119 0,000093
threw 0,116534 0,000019
thrilled 1,386294 0,000229
throat 0,261365 0,000043
throbbed 1,609438 0,000266
throne 0,798508 0,000132
throw 0,083382 0,000014
throwing 0,287682 0,000047
thrown 0,116534 0,000019
thrust 0,328504 0,000054
thursday 1,049822 0,000173
thwart 1,609438 0,000266
tiara 2,302585 0,000380
tied 0,261365 0,000043
tiens 3,506558 0,000579
tight 0,616186 0,000102
tightly 0,867501 0,000143
tights 2,813411 0,000464
tignon 3,912023 0,000646
tiles 1,560648 0,000258
time -0,009950 -0,000002
timely 1,514128 0,000250
times 0,010050 0,000002
tin 0,798508 0,000132
tinged 1,609438 0,000266
tinkering 2,525729 0,000417
tint 1,714798 0,000283
tints 1,560648 0,000258
tiny 0,820981 0,000135
tiptoes 2,813411 0,000464
tire 0,994252 0,000164
tired 0,198451 0,000033
tires 2,040221 0,000337
tiresome 1,078810 0,000178
tisane 3,912023 0,000646
title 0,116534 0,000019
tobacco 0,713350 0,000118
toddies 3,506558 0,000579
toddling 2,995732 0,000494
toddy 2,995732 0,000494
toes 0,755023 0,000125
toilet 1,469676 0,000243
tone 0,248461 0,000041
toned 1,771957 0,000292
tones 0,713350 0,000118
tongue 0,162519 0,000027
tonic 2,207275 0,000364
tool 1,021651 0,000169
tools 0,820981 0,000135
toothsome 3,218876 0,000531
topics 1,427116 0,000236
topmost 1,714798 0,000283
torch 1,021651 0,000169
tore 0,527633 0,000087
tormented 1,078810 0,000178
torn 0,248461 0,000041
torpid 2,207275 0,000364
torrent 0,941609 0,000155
torrid 2,207275 0,000364
tortuous 2,207275 0,000364
torture 0,579818 0,000096
tossed 0,673345 0,000111
tots 3,506558 0,000579
tottered 1,897120 0,000313
tottering 1,771957 0,000292
touch 0,083382 0,000014
touched 0,139262 0,000023
touching 0,301105 0,000050
tough 0,994252 0,000164
towels 2,040221 0,000337
towering 1,469676 0,000243
town 0,105361 0,000017
trace 0,371064 0,000061
track 0,510826 0,000084
trade 0,328504 0,000054
trademark 0,562119 0,000093
tradesmen 1,427116 0,000236
trading 1,237874 0,000204
tradition 0,891598 0,000147
traditions 1,139434 0,000188
tragedian 2,659260 0,000439
tragedy 0,798508 0,000132
trail 1,021651 0,000169
trailing 1,237874 0,000204
train 0,274437 0,000045
training 0,776529 0,000128
traits 1,469676 0,000243
tramp 1,171183 0,000193
tramping 1,514128 0,000250
trample 1,272966 0,000210
transcendently 3,506558 0,000579
transcribe 0,494296 0,000082
transcription 0,527633 0,000087
transformation 1,347074 0,000222
transformed 0,967584 0,000160
transported 1,108663 0,000183
travel 0,356675 0,000059
traversed 1,139434 0,000188
tray 1,309333 0,000216
treacherous 0,891598 0,000147
tread 0,562119 0,000093
treadle 3,218876 0,000531
treadmill 2,995732 0,000494
treasure 0,385662 0,000064
treasures 0,755023 0,000125
treat 0,287682 0,000047
treatment 0,127833 0,000021
treble 1,714798 0,000283
tree 0,235722 0,000039
trees 0,127833 0,000021
trellis 2,813411 0,000464
trembled 0,462035 0,000076
trembling 0,287682 0,000047
tremor 1,514128 0,000250
trial 0,314711 0,000052
trickled 1,832581 0,000302
tricks 0,579818 0,000096
trifle 0,579818 0,000096
trifles 0,994252 0,000164
trim 1,237874 0,000204
trimmed 1,237874 0,000204
trimming 1,897120 0,000313
trimmings 2,525729 0,000417
trip 0,713350 0,000118
tripping 1,560648 0,000258
triumphant 0,798508 0,000132
trivial 0,776529 0,000128
troop 1,078810 0,000178
trot 1,139434 0,000188
trots 3,218876 0,000531
trouble 0,051293 0,000008
troubled 0,287682 0,000047
troublesome 0,843970 0,000139
troubling 1,171183 0,000193
trousers 0,843970 0,000139
trudging 2,302585 0,000380
true 0,020203 0,000003
trumped 2,659260 0,000439
trumpet 0,916291 0,000151
trunk 0,755023 0,000125
trunks 0,941609 0,000155
trust 0,116534 0,000019
trusted 0,544727 0,000090
truth 0,030459 0,000005
tu 1,609438 0,000266
tub 1,386294 0,000229
tubs 1,966113 0,000324
tucking 2,407946 0,000397
tuesday 1,139434 0,000188
tuesdays 3,912023 0,000646
tulle 3,218876 0,000531
tumble 1,237874 0,000204
tumbling 0,967584 0,000160
tumult 0,820981 0,000135
tune 0,755023 0,000125
tuning 2,995732 0,000494
turbaned 2,813411 0,000464
turbulent 1,560648 0,000258
turf 1,347074 0,000222
turmoil 1,771957 0,000292
twined 1,514128 0,000250
twinkled 1,427116 0,000236
twins 1,714798 0,000283
twirled 2,995732 0,000494
twirling 2,525729 0,000417
twisted 0,562119 0,000093
twitch 1,832581 0,000302
type 0,446287 0,000074
types 0,385662 0,000064
ugly 0,415515 0,000069
ultimate 0,941609 0,000155
umbrella 1,347074 0,000222
unable 0,248461 0,000041
unacceptable 2,407946 0,000397
unaccountable 1,108663 0,000183
unaccustomed 1,771957 0,000292
unaffected 1,386294 0,000229
unaided 2,120264 0,000350
unamiable 2,525729 0,000417
unanointed 3,912023 0,000646
unapproachable 2,040221 0,000337
unattainable 1,609438 0,000266
unattractive 2,407946 0,000397
unavoidable 1,049822 0,000173
unaware 1,469676 0,000243
unbalanced 3,218876 0,000531
unbounded 1,309333 0,000216
unbroken 0,733969 0,000121
uncalled 2,995732 0,000494
uncanny 1,560648 0,000258
unceremoniously 1,966113 0,000324
uncertain 0,301105 0,000050
uncertainly 2,659260 0,000439
unchanged 0,994252 0,000164
unclasped 2,813411 0,000464
uncle 0,579818 0,000096
uncomfortable 0,798508 0,000132
uncommon 0,798508 0,000132
uncomprehending 3,218876 0,000531
unconciliated 3,912023 0,000646
unconscious 0,400478 0,000066
unconsciously 0,634878 0,000105
unconvincing 3,506558 0,000579
uncovered 1,108663 0,000183
undercurrents 3,506558 0,000579
undergoing 1,427116 0,000236
undergone 1,237874 0,000204
understand 0,030459 0,000005
understanding 0,223144 0,000037
understood 0,061875 0,000010
undertone 1,771957 0,000292
underwear 3,218876 0,000531
undignified 2,040221 0,000337
undiluted 2,659260 0,000439
undisturbed 1,049822 0,000173
undressed 1,386294 0,000229
undue 2,040221 0,000337
undulating 1,560648 0,000258
undusted 3,506558 0,000579
uneasy 0,544727 0,000090
unenforceability 0,562119 0,000093
unessential 3,218876 0,000531
uneven 1,427116 0,000236
uneventful 2,302585 0,000380
unexpected 0,430783 0,000071
unexpectedly 0,916291 0,000151
unfamiliar 1,386294 0,000229
unfastened 1,714798 0,000283
unfit 1,108663 0,000183
unflinching 2,525729 0,000417
unflinchingly 3,912023 0,000646
unfold 1,309333 0,000216
unfolded 1,237874 0,000204
unfolding 1,660731 0,000274
unfolds 2,659260 0,000439
unfortunate 0,314711 0,000052
unfriendly 1,660731 0,000274
unfulfilled 2,120264 0,000350
ungenerous 1,832581 0,000302
ungovernable 2,040221 0,000337
ungraceful 2,525729 0,000417
ungrateful 0,798508 0,000132
unguided 3,506558 0,000579
unhappy 0,400478 0,000066
unheard 0,994252 0,000164
unheeded 1,609438 0,000266
unheedingly 3,506558 0,000579
unhooking 3,912023 0,000646
uniform 0,210721 0,000035
uniforms 1,897120 0,000313
unimpressionable 3,218876 0,000531
uninterested 2,207275 0,000364
uninteresting 1,347074 0,000222
union 0,510826 0,000084
united 0,094311 0,000016
universally 0,967584 0,000160
universe 0,733969 0,000121
unjustly 1,108663 0,000183
unkind 1,386294 0,000229
unknown 0,105361 0,000017
unlatched 3,506558 0,000579
unlimited 1,078810 0,000178
unlink 0,562119 0,000093
unlocked 1,108663 0,000183
unlocking 1,771957 0,000292
unlooked 2,040221 0,000337
unmanageable 2,407946 0,000397
unmarried 1,347074 0,000222
unmistakable 1,171183 0,000193
unmolested 1,714798 0,000283
unmoved 0,916291 0,000151
unnatural 0,713350 0,000118
unnecessary 0,653926 0,000108
unnoticed 1,514128 0,000250
unnumbered 2,813411 0,000464
unoccupied 1,560648 0,000258
unpinning 3,912023 0,000646
unpleasant 0,562119 0,000093
unpleasantness 1,832581 0,000302
unpopular 2,302585 0,000380
unpresentable 3,506558 0,000579
unpretentious 2,813411 0,000464
unprofessional 2,995732 0,000494
unprotected 0,673345 0,000111
unqualified 2,120264 0,000350
unreal 1,514128 0,000250
unreality 2,525729 0,000417
unreasonable 0,967584 0,000160
unresponsive 3,506558 0,000579
unrest 2,040221 0,000337
unscrupulous 1,771957 0,000292
unsolicited 0,510826 0,000084
unsought 2,525729 0,000417
unspeakably 2,302585 0,000380
unsteady 1,469676 0,000243
unthinking 2,525729 0,000417
unthinkingly 2,659260 0,000439
untold 1,714798 0,000283
untouched 1,171183 0,000193
untrained 2,407946 0,000397
unusual 0,415515 0,000069
unusually 0,891598 0,000147
unwilling 0,653926 0,000108
unwise 1,469676 0,000243
unwomanly 3,506558 0,000579
unwonted 1,309333 0,000216
unworthy 0,673345 0,000111
upbraiding 2,207275 0,000364
updated 0,510826 0,000084
uplifted 1,560648 0,000258
upper 0,314711 0,000052
upset 0,776529 0,000128
upside 1,347074 0,000222
upstairs 0,891598 0,000147
upward 0,579818 0,000096
urged 0,356675 0,000059
urging 0,967584 0,000160
usage 0,891598 0,000147
useless 0,235722 0,000039
user 0,562119 0,000093
ushered 1,386294 0,000229
usual 0,139262 0,000023
ut 0,510826 0,000084
utilized 2,813411 0,000464
utmost 0,356675 0,000059
utter 0,248461 0,000041
utterances 2,207275 0,000364
uttered 0,430783 0,000071
uttering 0,994252 0,000164
utterly 0,371064 0,000061
vacant 0,693147 0,000114
vacantly 1,897120 0,000313
vacation 1,386294 0,000229
vague 0,579818 0,000096
vaguely 0,967584 0,000160
vain 0,116534 0,000019
valuable 0,371064 0,000061
valueless 2,525729 0,000417
vanilla 0,544727 0,000090
vanished 0,527633 0,000087
vanishing 1,427116 0,000236
variety 0,162519 0,000027
vase 1,560648 0,000258
vast 0,223144 0,000037
vastly 1,203973 0,000199
vegetable 1,237874 0,000204
vegetables 1,049822 0,000173
vehemently 1,386294 0,000229
vehicle 1,049822 0,000173
veil 0,544727 0,000090
veins 0,544727 0,000090
velvet 0,916291 0,000151
velvety 2,302585 0,000380
vender 3,912023 0,000646
venom 1,714798 0,000283
venture 0,342490 0,000057
ventured 0,478036 0,000079
ventures 1,660731 0,000274
venus 1,237874 0,000204
vera 2,659260 0,000439
veranda 2,525729 0,000417
veritable 1,560648 0,000258
verse 0,653926 0,000108
version 0,385662 0,000064
vertical 1,966113 0,000324
vespers 2,659260 0,000439
vessel 0,510826 0,000084
vest 1,609438 0,000266
vibrant 3,218876 0,000531
victor 1,049822 0,000173
view 0,105361 0,000017
viewed 0,261365 0,000043
viewing 0,415515 0,000069
vigor 1,347074 0,000222
vii 0,430783 0,000071
viii 0,446287 0,000074
vile 0,693147 0,000114
village 0,356675 0,000059
vine 1,049822 0,000173
vinegar 1,078810 0,000178
vines 1,237874 0,000204
vingt 3,218876 0,000531
violates 0,527633 0,000087
violence 0,248461 0,000041
violent 0,223144 0,000037
violets 1,832581 0,000302
violin 1,771957 0,000292
virgin 0,755023 0,000125
virtue 0,328504 0,000054
virus 0,527633 0,000087
visage 1,272966 0,000210
visible 0,235722 0,000039
vision 0,371064 0,000061
visions 0,733969 0,000121
visit 0,061875 0,000010
visited 0,328504 0,000054
visiting 0,713350 0,000118
visitor 0,713350 0,000118
visitors 0,653926 0,000108
visits 0,544727 0,000090
vital 0,693147 0,000114
vivacious 1,832581 0,000302
vivid 0,776529 0,000128
vividly 1,139434 0,000188
vixen 2,995732 0,000494
voice 0,020203 0,000003
voiced 1,714798 0,000283
voices 0,287682 0,000047
voicing 2,659260 0,000439
void 0,274437 0,000045
volition 1,771957 0,000292
volley 1,560648 0,000258
volubility 2,407946 0,000397
volumes 0,755023 0,000125
volunteer 0,478036 0,000079
volunteers 0,430783 0,000071
voluptuous 1,469676 0,000243
vouchsafe 1,771957 0,000292
vows 1,237874 0,000204
vultures 1,771957 0,000292
waco 3,912023 0,000646
waddled 3,218876 0,000531
waddling 2,995732 0,000494
wading 1,469676 0,000243
wagon 1,171183 0,000193
wailed 1,832581 0,000302
wailing 1,203973 0,000199
waist 0,713350 0,000118
waists 2,120264 0,000350
wait 0,094311 0,000016
waited 0,198451 0,000033
waiter 1,108663 0,000183
waiters 1,660731 0,000274
waiting 0,083382 0,000014
wake 0,462035 0,000076
wakeful 1,832581 0,000302
wakefulness 2,407946 0,000397
waking 0,562119 0,000093
walk 0,105361 0,000017
walked 0,210721 0,000035
walking 0,083382 0,000014
walks 0,162519 0,000027
wall 0,198451 0,000033
walls 0,139262 0,000023
waltz 2,207275 0,000364
wand 1,832581 0,000302
wander 0,579818 0,000096
wandered 0,494296 0,000082
wandering 0,274437 0,000045
waning 1,347074 0,000222
war 0,162519 0,000027
warbled 2,407946 0,000397
wares 1,832581 0,000302
warm 0,139262 0,000023
warmed 0,867501 0,000143
warming 1,469676 0,000243
warmly 0,798508 0,000132
warmth 0,579818 0,000096
warned 0,527633 0,000087
warning 0,248461 0,000041
warranties 0,562119 0,000093
warranty 0,544727 0,000090
wash 0,478036 0,000079
washed 0,494296 0,000082
washing 0,579818 0,000096
wasting 0,673345 0,000111
watch 0,094311 0,000016
watched 0,210721 0,000035
watching 0,210721 0,000035
water 0,051293 0,000008
waters 0,356675 0,000059
waved 0,755023 0,000125
wavelets 3,218876 0,000531
waves 0,478036 0,000079
waving 0,653926 0,000108
wax 0,597837 0,000099
waxen 1,514128 0,000250
wayside 1,714798 0,000283
weakening 1,469676 0,000243
weaklings 2,813411 0,000464
wealth 0,287682 0,000047
wear 0,274437 0,000045
wearing 0,415515 0,000069
weary 0,198451 0,000033
weather 0,248461 0,000041
weave 1,660731 0,000274
weaving 1,469676 0,000243
weazened 3,218876 0,000531
wedding 0,776529 0,000128
weeding 2,659260 0,000439
weeds 1,021651 0,000169
week 0,235722 0,000039
weekday 3,506558 0,000579
weeks 0,248461 0,000041
weep 0,755023 0,000125
weeping 0,544727 0,000090
weighed 0,430783 0,000071
weight 0,116534 0,000019
welfare 0,916291 0,000151
wept 0,597837 0,000099
west 0,083382 0,000014
western 0,616186 0,000102
wet 0,287682 0,000047
wharf 1,469676 0,000243
whatsoever 0,287682 0,000047
whiff 1,832581 0,000302
whimsical 1,560648 0,000258
whip 0,597837 0,000099
whipped 1,078810 0,000178
whirling 0,843970 0,000139
whisper 0,446287 0,000074
whispered 0,400478 0,000066
whispering 0,820981 0,000135
whispers 1,049822 0,000173
whistle 0,843970 0,000139
whistling 0,916291 0,000151
white 0,051293 0,000008
whiter 1,560648 0,000258
whithersoever 2,525729 0,000417
wholly 0,400478 0,000066
wicked 0,356675 0,000059
wicker 2,120264 0,000350
wide 0,061875 0,000010
widen 2,040221 0,000337
widespread 0,916291 0,000151
widest 0,446287 0,000074
widow 0,579818 0,000096
wife 0,094311 0,000016
wiggled 3,506558 0,000579
wild 0,051293 0,000008
wilderness 0,693147 0,000114
wiles 1,771957 0,000292
willingly 0,527633 0,000087
willingness 1,514128 0,000250
willow 1,469676 0,000243
willows 1,609438 0,000266
wind 0,105361 0,000017
window 0,274437 0,000045
windows 0,261365 0,000043
winds 0,494296 0,000082
wine 0,248461 0,000041
wines 1,309333 0,000216
wing 0,562119 0,000093
winging 2,995732 0,000494
wings 0,430783 0,000071
winked 1,272966 0,000210
winter 0,198451 0,000033
wipe 0,776529 0,000128
wiped 0,733969 0,000121
wiping 1,108663 0,000183
wiry 1,832581 0,000302
wisdom 0,287682 0,000047
wise 0,105361 0,000017
wiser 0,597837 0,000099
witchery 2,525729 0,000417
withdraw 0,597837 0,000099
withdrawn 0,616186 0,000102
withdrew 0,510826 0,000084
withholding 2,207275 0,000364
witness 0,198451 0,000033
witnessed 0,798508 0,000132
witticisms 2,302585 0,000380
wives 0,400478 0,000066
wizard 1,966113 0,000324
woman 0,061875 0,000010
womanly 1,560648 0,000258
women 0,094311 0,000016
wonderfully 0,510826 0,000084
wondrous 1,203973 0,000199
wood 0,116534 0,000019
wooden 0,415515 0,000069
woods 0,430783 0,000071
word 0,020203 0,000003
wordy 1,832581 0,000302
wore 0,274437 0,000045
workbasket 3,218876 0,000531
workmanship 1,272966 0,000210
workmen 0,916291 0,000151
worldly 0,820981 0,000135
worms 1,078810 0,000178
worn 0,223144 0,000037
worried 0,867501 0,000143
worse 0,083382 0,000014
worshiped 2,525729 0,000417
worships 2,120264 0,000350
worth 0,061875 0,000010
worthless 0,843970 0,000139
worthy 0,186330 0,000031
wound 0,274437 0,000045
wounded 0,274437 0,000045
wrap 1,237874 0,000204
wrapped 0,579818 0,000096
wrapper 1,897120 0,000313
wrapping 1,386294 0,000229
wrench 1,514128 0,000250
wriggling 1,771957 0,000292
wrist 0,967584 0,000160
wristbands 3,218876 0,000531
wristed 3,912023 0,000646
wrists 1,272966 0,000210
write 0,150823 0,000025
writes 0,597837 0,000099
writhe 2,040221 0,000337
writhed 1,386294 0,000229
writhing 1,203973 0,000199
writing 0,061875 0,000010
written 0,051293 0,000008
wrote 0,150823 0,000025
xi 0,597837 0,000099
xii 0,579818 0,000096
xiii 0,673345 0,000111
xiv 0,693147 0,000114
xix 0,867501 0,000143
xvi 0,776529 0,000128
xvii 0,843970 0,000139
xviii 0,891598 0,000147
xx 0,916291 0,000151
xxi 0,867501 0,000143
xxii 0,967584 0,000160
xxiii 0,967584 0,000160
xxiv 0,994252 0,000164
xxv 1,108663 0,000183
xxx 1,272966 0,000210
yair 3,912023 0,000646
yard 0,430783 0,000071
yards 0,400478 0,000066
yawned 1,272966 0,000210
yearnings 2,813411 0,000464
yellow 0,328504 0,000054
yellowish 1,897120 0,000313
yesterday 0,301105 0,000050
yield 0,342490 0,000057
yielded 0,510826 0,000084
yielding 0,653926 0,000108
york 0,916291 0,000151
youngster 1,514128 0,000250
youngsters 1,832581 0,000302
youth 0,150823 0,000025
youthful 0,673345 0,000111
