aback 1,660731 0,000411
abandonment 1,514128 0,000375
abide 0,287682 0,000071
abiding 1,309333 0,000324
ability 0,579818 0,000144
abjectly 2,659260 0,000658
abreast 1,203973 0,000298
absent 0,385662 0,000095
abundance 0,843970 0,000209
accents 1,272966 0,000315
accepted 0,139262 0,000034
accepting 0,287682 0,000071
accident 0,371064 0,000092
accommodated 1,469676 0,000364
accompanied 0,223144 0,000055
accomplished 0,385662 0,000095
account 0,010050 0,000002
accounted 0,891598 0,000221
accumulated 1,272966 0,000315
ached 1,560648 0,000386
achieve 1,078810 0,000267
achieved 0,867501 0,000215
acknowledged 0,597837 0,000148
acquaintance 0,301105 0,000075
acting 1,609438 0,000398
action 0,139262 0,000034
actions 0,356675 0,000088
active 0,127833 0,000032
acuteness 1,427116 0,000353
adaptability 3,218876 0,000797
adding 0,510826 0,000126
addition 0,116534 0,000029
additional 0,198451 0,000049
addressed 0,274437 0,000068
adjust 1,897120 0,000470
adjusting 1,714798 0,000424
adjustment 2,207275 0,000546
administered 1,139434 0,000282
administering 1,897120 0,000470
administration 1,427116 0,000353
admiration 0,342490 0,000085
adoration 1,171183 0,000290
adore 1,469676 0,000364
advance 0,223144 0,000055
advanced 0,274437 0,000068
advances 0,820981 0,000203
advantage 0,139262 0,000034
advent 1,514128 0,000375
adventure 0,510826 0,000126
adventures 0,562119 0,000139
adversary 0,994252 0,000246
advertised 1,609438 0,000398
advertising 2,302585 0,000570
advice 0,186330 0,000046
affair 0,301105 0,000075
affection 0,235722 0,000058
affirmative 1,203973 0,000298
affirmed 1,309333 0,000324
afford 0,301105 0,000075
afoot 1,660731 0,000411
afraid 0,105361 0,000026
afternoon 0,287682 0,000071
afterward 1,139434 0,000282
aged 0,198451 0,000049
agent 0,274437 0,000068
ages 0,261365 0,000065
agility 1,272966 0,000315
aglow 2,120264 0,000525
agonizing 1,832581 0,000454
agony 0,544727 0,000135
aid 0,287682 0,000071
aimlessly 1,897120 0,000470
air 0,061875 0,000015
aisles 2,525729 0,000625
akin 1,203973 0,000298
alaska 2,813411 0,000696
alaskan 3,912023 0,000968
alert 0,843970 0,000209
alertness 2,207275 0,000546
alice 2,207275 0,000546
alive 0,051293 0,000013
aloud 0,301105 0,000075
alpine 2,120264 0,000525
alter 0,544727 0,000135
amazingly 1,771957 0,000439
ambition 0,597837 0,000148
ambitious 0,891598 0,000221
ambuscade 2,040221 0,000505
amenities 2,525729 0,000625
ammunition 1,660731 0,000411
ancestor 1,560648 0,000386
ancestors 0,527633 0,000131
anchor 0,867501 0,000215
ancient 0,198451 0,000049
anger 0,328504 0,000081
angle 0,733969 0,000182
angry 0,174353 0,000043
animal 0,261365 0,000065
animals 0,494296 0,000122
animated 0,755023 0,000187
ankle 1,171183 0,000290
annoyed 0,733969 0,000182
answer 0,040822 0,000010
answered 0,072571 0,000018
answering 0,510826 0,000126
answers 0,415515 0,000103
antagonist 1,309333 0,000324
antagonists 1,966113 0,000487
antlers 2,995732 0,000742
anxious 0,261365 0,000065
apex 2,120264 0,000525
appalled 1,203973 0,000298
apparel 1,203973 0,000298
apparent 0,314711 0,000078
appealed 1,021651 0,000253
appealingly 2,525729 0,000625
appearance 0,083382 0,000021
appeasement 3,912023 0,000968
appeasingly 3,912023 0,000968
appetites 1,049822 0,000260
appointed 0,356675 0,000088
apprehension 0,616186 0,000153
apprehensions 1,078810 0,000267
apprehensively 2,207275 0,000546
approached 0,248461 0,000062
apt 0,579818 0,000144
arbors 2,659260 0,000658
arctic 2,040221 0,000505
arduous 1,714798 0,000424
aristocrat 2,302585 0,000570
arm 0,094311 0,000023
armed 0,385662 0,000095
arms 0,051293 0,000013
arouse 1,237874 0,000306
aroused 0,755023 0,000187
arranged 0,328504 0,000081
arrangement 0,462035 0,000114
array 0,314711 0,000078
arrested 0,733969 0,000182
arrive 0,314711 0,000078
arrived 0,150823 0,000037
arrow 0,653926 0,000162
arrows 1,021651 0,000253
art 0,139262 0,000034
artesian 3,912023 0,000968
article 0,673345 0,000167
articles 0,527633 0,000131
articulate 1,469676 0,000364
artist 0,634878 0,000157
ascended 0,713350 0,000177
ashamed 0,248461 0,000062
ashore 1,139434 0,000282
asleep 0,162519 0,000040
aspect 0,462035 0,000114
aspens 2,995732 0,000742
aspired 1,832581 0,000454
assailants 1,897120 0,000470
assailed 1,203973 0,000298
association 1,203973 0,000298
assortment 1,714798 0,000424
astonished 0,301105 0,000075
astonishment 0,301105 0,000075
asunder 1,108663 0,000274
ate 0,415515 0,000103
athletic 1,714798 0,000424
atmosphere 0,579818 0,000144
attached 0,127833 0,000032
attack 0,301105 0,000075
attacked 0,462035 0,000114
attacking 1,203973 0,000298
attempt 0,083382 0,000021
attempted 0,356675 0,000088
attempting 0,579818 0,000144
attended 0,342490 0,000085
attention 0,083382 0,000021
attitude 0,478036 0,000118
attracted 0,356675 0,000088
aurora 1,714798 0,000424
authority 0,261365 0,000065
avail 0,544727 0,000135
averaged 2,659260 0,000658
averred 2,407946 0,000596
avoided 0,371064 0,000092
awakening 1,108663 0,000274
awakenings 3,912023 0,000968
aware 0,223144 0,000055
awe 0,597837 0,000148
awed 1,560648 0,000386
awkward 0,544727 0,000135
awoke 0,446287 0,000110
axe 1,049822 0,000260
babel 1,771957 0,000439
backbone 1,966113 0,000487
bacon 0,994252 0,000246
bad 0,051293 0,000013
badly 0,446287 0,000110
bag 0,544727 0,000135
baggage 0,941609 0,000233
baggageman 3,912023 0,000968
bags 0,967584 0,000240
ball 0,356675 0,000088
band 0,430783 0,000107
bands 0,843970 0,000209
bank 0,261365 0,000065
banked 2,407946 0,000596
bar 0,527633 0,000131
barbarous 1,108663 0,000274
bare 0,162519 0,000040
barely 0,798508 0,000198
barge 1,897120 0,000470
bark 0,597837 0,000148
barked 1,714798 0,000424
barking 1,237874 0,000306
barracks 1,714798 0,000424
barred 0,916291 0,000227
barrelled 2,525729 0,000625
barrens 3,218876 0,000797
bars 0,653926 0,000162
basis 0,843970 0,000209
batches 2,659260 0,000658
bathed 0,798508 0,000198
battered 1,309333 0,000324
battering 1,832581 0,000454
battle 0,287682 0,000071
battles 0,916291 0,000227
bay 0,544727 0,000135
beach 1,049822 0,000260
beaches 2,525729 0,000625
bear 0,061875 0,000015
beardless 2,525729 0,000625
bearing 0,162519 0,000040
beast 0,342490 0,000085
beasts 0,430783 0,000107
beaten 0,400478 0,000099
beating 0,314711 0,000078
beautiful 0,083382 0,000021
beaver 1,771957 0,000439
beckon 2,302585 0,000570
bed 0,051293 0,000013
bedlam 2,525729 0,000625
beds 0,430783 0,000107
begged 0,462035 0,000114
belie 2,659260 0,000658
belief 0,198451 0,000049
belligerent 2,813411 0,000696
bells 0,597837 0,000148
belly 0,916291 0,000227
bellying 2,995732 0,000742
belong 0,235722 0,000058
belonged 0,314711 0,000078
belongings 1,714798 0,000424
belongs 0,415515 0,000103
belt 0,713350 0,000177
bench 0,616186 0,000153
benches 1,171183 0,000290
bend 0,510826 0,000126
bending 0,597837 0,000148
bends 1,609438 0,000398
beneath 0,198451 0,000049
bent 0,174353 0,000043
bernard 1,966113 0,000487
berry 1,966113 0,000487
beset 0,941609 0,000233
besetting 2,207275 0,000546
bespeak 2,302585 0,000570
bet 1,108663 0,000274
betrayed 0,494296 0,000122
bewildered 0,843970 0,000209
bickered 3,912023 0,000968
bickering 2,995732 0,000742
bid 0,400478 0,000099
bide 2,040221 0,000505
birch 1,714798 0,000424
bird 0,235722 0,000058
birds 0,301105 0,000075
bit 0,174353 0,000043
bite 0,798508 0,000198
bites 1,609438 0,000398
biting 0,713350 0,000177
bitten 1,272966 0,000315
bitter 0,235722 0,000058
bitterness 0,634878 0,000157
black 0,072571 0,000018
blade 0,755023 0,000187
blanked 3,506558 0,000868
blankets 1,171183 0,000290
blaze 0,941609 0,000233
blazed 1,203973 0,000298
blazing 0,916291 0,000227
bleak 1,386294 0,000343
bleeding 0,843970 0,000209
blew 0,494296 0,000122
blind 0,223144 0,000055
blinded 0,994252 0,000246
blinding 1,469676 0,000364
blinking 1,347074 0,000333
blizzards 3,506558 0,000868
blocked 1,609438 0,000398
blocking 2,525729 0,000625
blood 0,116534 0,000029
bloodhound 2,525729 0,000625
bloody 0,527633 0,000131
blow 0,139262 0,000034
blowing 0,510826 0,000126
blows 0,371064 0,000092
blue 0,174353 0,000043
bluff 1,514128 0,000375
blundered 1,897120 0,000470
blunderer 3,218876 0,000797
blundering 1,514128 0,000375
boast 0,430783 0,000107
boastful 1,897120 0,000470
boat 0,446287 0,000110
boats 0,820981 0,000203
boded 2,207275 0,000546
bodies 0,174353 0,000043
bodily 0,673345 0,000167
body 0,030459 0,000008
boldest 1,609438 0,000398
boldly 0,462035 0,000114
bologna 2,207275 0,000546
bolted 0,967584 0,000240
bombarded 2,995732 0,000742
bonanza 3,912023 0,000968
bone 0,527633 0,000131
bones 0,235722 0,000058
bony 1,469676 0,000364
book 0,061875 0,000015
boomed 1,966113 0,000487
booming 1,560648 0,000386
bore 0,150823 0,000037
borealis 2,995732 0,000742
bored 0,994252 0,000246
born 0,105361 0,000026
borne 0,261365 0,000065
boss 1,660731 0,000411
bough 1,203973 0,000298
boughs 1,078810 0,000267
bound 0,030459 0,000008
bounded 0,634878 0,000157
boundless 0,891598 0,000221
box 0,248461 0,000062
boxes 0,798508 0,000198
boy 0,139262 0,000034
boys 0,328504 0,000081
braced 1,609438 0,000398
bragged 2,525729 0,000625
brain 0,356675 0,000088
branching 2,207275 0,000546
brass 0,478036 0,000118
bravely 1,078810 0,000267
bravery 1,272966 0,000315
bravest 1,386294 0,000343
bread 0,248461 0,000062
break 0,083382 0,000021
breakable 3,506558 0,000868
breakfast 0,356675 0,000088
breaking 0,210721 0,000052
breaks 0,733969 0,000182
breast 0,210721 0,000052
breasted 2,302585 0,000570
breath 0,174353 0,000043
breathe 0,478036 0,000118
breathed 0,494296 0,000122
breathing 0,462035 0,000114
breathless 0,673345 0,000167
breaths 1,660731 0,000411
bred 0,478036 0,000118
breed 0,820981 0,000203
breeze 0,713350 0,000177
breezes 1,832581 0,000454
brewing 1,771957 0,000439
bribe 1,309333 0,000324
bridges 1,108663 0,000274
bright 0,116534 0,000029
bring 0,010050 0,000002
bringing 0,105361 0,000026
bristled 2,207275 0,000546
bristling 1,237874 0,000306
broad 0,139262 0,000034
broader 1,560648 0,000386
broke 0,116534 0,000029
broken 0,061875 0,000015
brooded 1,347074 0,000333
brooding 1,021651 0,000253
brooms 2,813411 0,000696
brother 0,127833 0,000032
brothers 0,356675 0,000088
brought 0,010050 0,000002
brown 0,274437 0,000068
browse 2,995732 0,000742
bruise 1,560648 0,000386
bruised 0,941609 0,000233
bruises 1,832581 0,000454
brumal 3,506558 0,000868
brutal 0,755023 0,000187
brutality 1,514128 0,000375
brutes 1,427116 0,000353
bubbled 2,659260 0,000658
bubbling 1,560648 0,000386
buck 1,514128 0,000375
bucked 3,912023 0,000968
buckled 2,120264 0,000525
buckles 1,966113 0,000487
budge 1,560648 0,000386
buds 1,714798 0,000424
build 0,446287 0,000110
building 0,223144 0,000055
built 0,150823 0,000037
bulging 1,771957 0,000439
bulk 0,843970 0,000209
bulked 3,912023 0,000968
bull 0,510826 0,000126
bulls 1,660731 0,000411
bully 1,469676 0,000364
bunched 2,659260 0,000658
bundle 0,755023 0,000187
bundled 2,659260 0,000658
bundles 1,427116 0,000353
buried 0,248461 0,000062
burned 0,400478 0,000099
burning 0,150823 0,000037
burst 0,287682 0,000071
bursting 0,713350 0,000177
burton 2,040221 0,000505
business 0,040822 0,000010
businesslike 2,407946 0,000596
busters 3,912023 0,000968
busy 0,223144 0,000055
butt 1,171183 0,000290
butter 0,820981 0,000203
cabin 0,916291 0,000227
cadences 3,506558 0,000868
cagelike 3,912023 0,000968
cajole 3,218876 0,000797
calamity 0,891598 0,000221
calculated 0,174353 0,000043
calculating 1,386294 0,000343
calf 1,078810 0,000267
callous 1,469676 0,000364
callowness 3,912023 0,000968
calm 0,301105 0,000075
calmly 0,510826 0,000126
calves 1,427116 0,000353
camp 0,597837 0,000148
camped 1,897120 0,000470
camping 2,407946 0,000596
camps 1,660731 0,000411
canada 1,897120 0,000470
canadian 2,525729 0,000625
candle 0,544727 0,000135
canvas 0,916291 0,000227
cap 0,462035 0,000114
capable 0,261365 0,000065
capacity 0,527633 0,000131
capital 0,328504 0,000081
capsized 2,995732 0,000742
captain 0,371064 0,000092
car 0,994252 0,000246
carcass 1,469676 0,000364
carcasses 1,832581 0,000454
card 0,223144 0,000055
care 0,000000 0,000000
cared 0,494296 0,000122
careful 0,174353 0,000043
carefully 0,139262 0,000034
caress 1,469676 0,000364
caressing 1,427116 0,000353
carnivorous 2,040221 0,000505
carried 0,030459 0,000008
carry 0,030459 0,000008
carrying 0,083382 0,000021
carted 2,659260 0,000658
cartridges 1,966113 0,000487
cash 1,021651 0,000253
cast 0,116534 0,000029
cat 0,562119 0,000139
catching 0,562119 0,000139
catlike 2,525729 0,000625
cattlemen 3,912023 0,000968
caught 0,162519 0,000040
caution 0,527633 0,000131
cautious 0,673345 0,000167
cautiously 0,867501 0,000215
cave 0,776529 0,000192
cayuses 3,912023 0,000968
ceased 0,235722 0,000058
celerity 1,897120 0,000470
cell 0,916291 0,000227
cement 2,525729 0,000625
centre 0,462035 0,000114
centring 3,218876 0,000797
centuries 0,544727 0,000135
certainty 0,342490 0,000085
certitude 2,813411 0,000696
cessation 1,386294 0,000343
chaff 1,469676 0,000364
chaffering 3,506558 0,000868
chafing 1,771957 0,000439
chain 0,415515 0,000103
challenging 2,120264 0,000525
champion 1,171183 0,000290
chance 0,083382 0,000021
chanced 0,843970 0,000209
chances 0,562119 0,000139
change 0,010050 0,000002
changed 0,051293 0,000013
changing 0,248461 0,000062
channel 0,798508 0,000198
chant 2,040221 0,000505
chaotic 2,040221 0,000505
chapter 0,342490 0,000085
characterized 1,660731 0,000411
charge 0,051293 0,000013
charged 0,328504 0,000081
charles 0,597837 0,000148
charlotte 1,897120 0,000470
chase 0,653926 0,000162
chasm 1,427116 0,000353
chattered 1,514128 0,000375
chattering 1,108663 0,000274
cheaper 1,714798 0,000424
check 0,174353 0,000043
checked 0,579818 0,000144
cheek 0,430783 0,000107
cheeks 0,415515 0,000103
cheer 0,562119 0,000139
cheerful 0,385662 0,000095
cheering 1,609438 0,000398
cheery 1,560648 0,000386
chemically 3,912023 0,000968
cherished 0,843970 0,000209
chest 0,371064 0,000092
chests 1,469676 0,000364
chew 1,771957 0,000439
chewed 1,966113 0,000487
chief 0,094311 0,000023
child 0,072571 0,000018
children 0,072571 0,000018
chill 0,733969 0,000182
chinese 1,139434 0,000282
chinked 2,813411 0,000696
chipmunks 3,912023 0,000968
chivalrous 1,560648 0,000386
chivalrously 3,506558 0,000868
choke 1,427116 0,000353
choked 0,755023 0,000187
choking 0,941609 0,000233
chook 3,218876 0,000797
chop 1,514128 0,000375
chopping 1,832581 0,000454
chops 2,302585 0,000570
chorus 1,021651 0,000253
chosen 0,186330 0,000046
chronic 1,966113 0,000487
chuckling 2,040221 0,000505
chunk 2,302585 0,000570
chunks 2,995732 0,000742
churned 3,218876 0,000797
churning 2,407946 0,000596
circle 0,223144 0,000055
circled 1,514128 0,000375
circles 0,733969 0,000182
circling 1,203973 0,000298
cities 0,616186 0,000153
citizens 0,916291 0,000227
city 0,051293 0,000013
civilization 1,347074 0,000333
civilized 1,237874 0,000306
civilizing 2,659260 0,000658
clad 0,597837 0,000148
claims 0,616186 0,000153
clamor 1,771957 0,000439
clannish 3,218876 0,000797
clara 2,207275 0,000546
clash 1,469676 0,000364
clashed 2,040221 0,000505
clasped 0,843970 0,000209
claws 1,078810 0,000267
clean 0,248461 0,000062
cleaned 1,139434 0,000282
cleanly 1,897120 0,000470
cleansed 1,714798 0,000424
clearing 1,469676 0,000364
clenching 2,040221 0,000505
clerks 1,309333 0,000324
clever 0,400478 0,000099
cliff 1,309333 0,000324
climbed 0,673345 0,000167
climes 2,207275 0,000546
clinching 3,506558 0,000868
cling 0,994252 0,000246
clinging 0,867501 0,000215
clip 2,302585 0,000570
clipped 2,120264 0,000525
clipping 2,995732 0,000742
close 0,051293 0,000013
closed 0,116534 0,000029
closely 0,223144 0,000055
closer 0,385662 0,000095
closing 0,446287 0,000110
clothes 0,127833 0,000032
cloud 0,301105 0,000075
club 0,713350 0,000177
clubbed 2,407946 0,000596
clubbing 3,506558 0,000868
clubs 1,272966 0,000315
clung 0,693147 0,000172
clutched 0,994252 0,000246
clutching 1,203973 0,000298
coals 1,108663 0,000274
coat 0,274437 0,000068
coated 1,609438 0,000398
coats 0,653926 0,000162
cock 0,843970 0,000209
code 1,309333 0,000324
coils 1,897120 0,000470
cold 0,040822 0,000010
colder 1,078810 0,000267
coldly 0,916291 0,000227
collar 0,713350 0,000177
collected 0,415515 0,000103
college 0,693147 0,000172
colored 1,171183 0,000290
colt 1,660731 0,000411
comb 1,139434 0,000282
combatants 1,660731 0,000411
combined 0,713350 0,000177
comfortable 0,261365 0,000065
comfortably 0,693147 0,000172
command 0,162519 0,000040
commanded 0,462035 0,000114
commence 0,941609 0,000233
commented 1,609438 0,000398
commingled 2,659260 0,000658
common 0,072571 0,000018
communicated 0,673345 0,000167
communion 1,427116 0,000353
compact 0,891598 0,000221
compactly 2,813411 0,000696
companies 1,139434 0,000282
companion 0,248461 0,000062
company 0,020203 0,000005
comparatively 0,634878 0,000157
compared 0,274437 0,000068
compass 0,673345 0,000167
compel 0,916291 0,000227
compelled 0,527633 0,000131
compellingly 3,912023 0,000968
complained 0,562119 0,000139
complete 0,150823 0,000037
completely 0,274437 0,000068
completeness 1,966113 0,000487
complied 1,309333 0,000324
comprehend 0,616186 0,000153
comprehension 1,203973 0,000298
comprehensively 2,995732 0,000742
compressed 0,342490 0,000085
computation 1,660731 0,000411
comrade 0,967584 0,000240
comradely 3,912023 0,000968
comrades 0,967584 0,000240
comradeship 2,525729 0,000625
concealed 0,415515 0,000103
concealment 1,108663 0,000274
concerned 0,287682 0,000071
conciliate 2,207275 0,000546
conciliated 2,995732 0,000742
conclusively 2,207275 0,000546
concrete 1,897120 0,000470
condition 0,094311 0,000023
conditions 0,342490 0,000085
conduct 0,198451 0,000049
confessed 0,579818 0,000144
confidence 0,139262 0,000034
confidently 1,049822 0,000260
confined 0,385662 0,000095
confines 1,386294 0,000343
confused 0,248461 0,000062
confusion 0,301105 0,000075
congested 2,659260 0,000658
conjuration 3,218876 0,000797
conscious 0,314711 0,000078
consideration 0,274437 0,000068
consignment 2,995732 0,000742
conspicuous 0,916291 0,000227
constant 0,051293 0,000013
constantly 0,371064 0,000092
consternation 1,021651 0,000253
consultation 0,994252 0,000246
contact 0,210721 0,000052
contagion 1,714798 0,000424
contemplate 0,994252 0,000246
contemplation 0,527633 0,000131
contend 0,891598 0,000221
contended 1,469676 0,000364
content 0,186330 0,000046
contents 0,094311 0,000023
continent 0,891598 0,000221
continual 0,693147 0,000172
continually 0,446287 0,000110
continued 0,072571 0,000018
continuous 0,867501 0,000215
contracted 0,755023 0,000187
contraption 3,506558 0,000868
contribution 1,771957 0,000439
control 0,314711 0,000078
convalescence 1,897120 0,000470
conversation 0,186330 0,000046
conveyance 1,427116 0,000353
convulsed 1,427116 0,000353
convulsive 1,272966 0,000315
cook 0,430783 0,000107
cooking 0,967584 0,000240
cooks 1,203973 0,000298
cool 0,314711 0,000078
coolly 1,021651 0,000253
copious 1,386294 0,000343
corner 0,127833 0,000032
cornered 1,832581 0,000454
cottages 1,560648 0,000386
count 0,248461 0,000062
counted 0,527633 0,000131
countered 2,995732 0,000742
countless 1,203973 0,000298
country 0,010050 0,000002
couple 0,287682 0,000071
courier 2,120264 0,000525
cousins 1,108663 0,000274
cover 0,261365 0,000065
covered 0,139262 0,000034
coverings 2,302585 0,000570
covert 1,609438 0,000398
coveted 1,171183 0,000290
cows 0,867501 0,000215
coy 2,995732 0,000742
crack 0,820981 0,000203
cracked 0,843970 0,000209
crackled 1,897120 0,000470
crackling 1,560648 0,000386
craftily 2,407946 0,000596
crashed 2,040221 0,000505
crashing 1,386294 0,000343
crate 2,813411 0,000696
craters 2,813411 0,000696
crates 2,659260 0,000658
crawl 1,049822 0,000260
crawled 0,891598 0,000221
crawling 0,941609 0,000233
crazed 1,966113 0,000487
creature 0,174353 0,000043
creatures 0,235722 0,000058
credit 0,094311 0,000023
creek 1,514128 0,000375
creep 0,820981 0,000203
creeping 0,634878 0,000157
crept 0,494296 0,000122
crest 0,941609 0,000233
crickets 2,813411 0,000696
crippled 1,469676 0,000364
crisp 1,309333 0,000324
cross 0,139262 0,000034
crossed 0,301105 0,000075
crosses 1,021651 0,000253
crossing 0,462035 0,000114
crouch 1,660731 0,000411
crouched 1,203973 0,000298
crouching 1,049822 0,000260
crowd 0,198451 0,000049
crowded 0,301105 0,000075
crowed 2,813411 0,000696
cruelly 0,820981 0,000203
crumb 1,966113 0,000487
crumpled 1,309333 0,000324
crunch 2,995732 0,000742
crunched 2,813411 0,000696
crushing 0,843970 0,000209
crushingly 3,912023 0,000968
cue 2,040221 0,000505
culprit 1,560648 0,000386
culprits 2,207275 0,000546
cunning 0,462035 0,000114
cunningly 1,560648 0,000386
cure 0,430783 0,000107
curiously 0,776529 0,000192
curled 0,941609 0,000233
curly 1,171183 0,000290
current 0,127833 0,000032
curse 0,510826 0,000126
cursed 0,510826 0,000126
curses 0,867501 0,000215
cursing 1,203973 0,000298
curved 1,171183 0,000290
curving 1,897120 0,000470
custom 0,210721 0,000052
customary 0,653926 0,000162
cut 0,040822 0,000010
cuts 0,820981 0,000203
cutting 0,415515 0,000103
dainty 0,798508 0,000198
dam 1,272966 0,000315
damnation 1,771957 0,000439
dams 2,659260 0,000658
dance 0,356675 0,000088
dancing 0,371064 0,000092
danger 0,116534 0,000029
dangerous 0,150823 0,000037
dark 0,051293 0,000013
darkness 0,186330 0,000046
darted 0,776529 0,000192
dash 0,673345 0,000167
dashed 0,616186 0,000153
dat 2,525729 0,000625
daughters 0,510826 0,000126
daunted 1,897120 0,000470
dave 3,218876 0,000797
dawn 0,478036 0,000118
dawson 3,218876 0,000797
day 0,000000 0,000000
daybreak 1,203973 0,000298
days 0,020203 0,000005
dazed 1,427116 0,000353
dead 0,072571 0,000018
deaf 0,634878 0,000157
deal 0,105361 0,000026
dealers 2,040221 0,000505
dealt 0,597837 0,000148
death 0,020203 0,000005
deathless 2,407946 0,000596
debts 0,867501 0,000215
decay 0,634878 0,000157
deceit 1,021651 0,000253
december 0,562119 0,000139
decided 0,186330 0,000046
decidedly 0,867501 0,000215
decivilization 3,912023 0,000968
deck 0,733969 0,000182
decks 1,660731 0,000411
deeds 0,527633 0,000131
deep 0,051293 0,000013
deeper 0,328504 0,000081
deeps 2,407946 0,000596
deer 0,867501 0,000215
deerhound 3,912023 0,000968
defence 0,597837 0,000148
defend 0,400478 0,000099
defended 0,653926 0,000162
defending 1,049822 0,000260
defiance 0,713350 0,000177
defiantly 1,609438 0,000398
defied 1,469676 0,000364
definite 0,755023 0,000187
deft 2,207275 0,000546
defying 1,966113 0,000487
dejected 1,021651 0,000253
delay 0,287682 0,000071
delayed 0,616186 0,000153
deliberately 0,693147 0,000172
deliberateness 3,912023 0,000968
delight 0,162519 0,000040
delights 0,820981 0,000203
deliver 0,494296 0,000122
deluged 2,525729 0,000625
demand 0,127833 0,000032
demanded 0,400478 0,000099
demanding 1,203973 0,000298
demesne 2,813411 0,000696
demon 1,139434 0,000282
demonstrative 1,897120 0,000470
den 0,843970 0,000209
denied 0,287682 0,000071
depart 0,400478 0,000099
departed 0,356675 0,000088
departs 1,832581 0,000454
departure 0,430783 0,000107
depending 1,309333 0,000324
deposited 1,021651 0,000253
deposits 2,995732 0,000742
depot 2,659260 0,000658
depths 0,446287 0,000110
descend 0,478036 0,000118
descended 0,400478 0,000099
descent 0,634878 0,000157
description 0,274437 0,000068
deserted 0,385662 0,000095
deserved 0,634878 0,000157
desire 0,072571 0,000018
desired 0,150823 0,000037
desires 0,478036 0,000118
desolated 2,207275 0,000546
despatches 2,302585 0,000570
desperate 0,328504 0,000081
desperately 0,843970 0,000209
desperation 0,867501 0,000215
despise 0,693147 0,000172
destined 0,494296 0,000122
destroy 0,127833 0,000032
destroyed 0,274437 0,000068
destroying 0,776529 0,000192
destruction 0,342490 0,000085
detection 1,427116 0,000353
determined 0,174353 0,000043
determining 1,237874 0,000306
detestable 1,203973 0,000298
developed 0,544727 0,000135
development 0,755023 0,000187
devil 0,356675 0,000088
devils 0,820981 0,000203
devotion 0,510826 0,000126
devoured 0,891598 0,000221
diabolically 2,813411 0,000696
dictate 1,203973 0,000298
dictating 2,207275 0,000546
die 0,105361 0,000026
died 0,061875 0,000015
diego 3,506558 0,000868
diet 1,078810 0,000267
difficult 0,116534 0,000029
dig 0,776529 0,000192
digging 1,108663 0,000274
dignified 0,755023 0,000187
dignity 0,314711 0,000078
dim 0,415515 0,000103
diminished 0,776529 0,000192
dimly 0,867501 0,000215
dimmed 1,560648 0,000386
din 1,203973 0,000298
dinner 0,198451 0,000049
directing 0,843970 0,000209
direction 0,083382 0,000021
directions 0,314711 0,000078
directness 2,040221 0,000505
dirt 0,544727 0,000135
dirty 0,544727 0,000135
dis 1,609438 0,000398
disappear 0,891598 0,000221
disappeared 0,356675 0,000088
disappearing 1,347074 0,000333
disaster 0,867501 0,000215
disburdened 2,995732 0,000742
discarded 1,309333 0,000324
discharged 0,820981 0,000203
discharging 1,714798 0,000424
discipline 0,653926 0,000162
disciplining 2,659260 0,000658
disclosed 0,867501 0,000215
discolored 3,218876 0,000797
discomfited 1,966113 0,000487
discomfiture 1,660731 0,000411
disconsolate 1,609438 0,000398
discover 0,083382 0,000021
discovered 0,051293 0,000013
discovery 0,371064 0,000092
disgust 0,446287 0,000110
dishes 0,755023 0,000187
dismay 0,776529 0,000192
disorder 0,579818 0,000144
displaced 1,560648 0,000386
displeasure 0,941609 0,000233
dispute 0,562119 0,000139
disrupted 3,218876 0,000797
distance 0,105361 0,000026
distant 0,162519 0,000040
distinct 0,301105 0,000075
distributed 0,248461 0,000062
divers 1,203973 0,000298
divide 0,616186 0,000153
divides 1,272966 0,000315
divined 1,203973 0,000298
docilely 3,912023 0,000968
doctor 0,446287 0,000110
dodge 1,660731 0,000411
dodged 1,660731 0,000411
dog 0,261365 0,000065
dogged 1,514128 0,000375
dogs 0,342490 0,000085
dollars 1,272966 0,000315
dolly 2,407946 0,000596
domesticated 2,302585 0,000570
dominant 1,660731 0,000411
dominion 0,994252 0,000246
doom 1,049822 0,000260
door 0,040822 0,000010
doors 0,105361 0,000026
dose 1,386294 0,000343
dot 2,040221 0,000505
doubled 0,653926 0,000162
doubling 1,714798 0,000424
doubt 0,040822 0,000010
downhill 2,120264 0,000525
downward 0,798508 0,000198
dozen 0,446287 0,000110
dozing 1,272966 0,000315
drag 0,579818 0,000144
dragged 0,462035 0,000114
dragging 0,673345 0,000167
draggled 2,525729 0,000625
drainage 2,995732 0,000742
drank 0,371064 0,000092
draped 1,660731 0,000411
draught 0,579818 0,000144
draw 0,105361 0,000026
drawing 0,139262 0,000034
drawn 0,094311 0,000023
dream 0,198451 0,000049
dreamed 0,562119 0,000139
dreamily 1,897120 0,000470
dreaming 0,562119 0,000139
dreams 0,274437 0,000068
dreary 0,713350 0,000177
drew 0,162519 0,000040
dried 0,462035 0,000114
drift 0,755023 0,000187
drifted 1,108663 0,000274
drifting 1,237874 0,000306
driftwood 2,995732 0,000742
drink 0,150823 0,000037
dripping 0,891598 0,000221
drive 0,186330 0,000046
driven 0,127833 0,000032
driver 0,867501 0,000215
drivers 1,514128 0,000375
drives 0,867501 0,000215
driveways 3,912023 0,000968
driving 0,371064 0,000092
drooped 1,347074 0,000333
drooping 1,021651 0,000253
drop 0,150823 0,000037
dropped 0,274437 0,000068
dropping 0,673345 0,000167
drove 0,248461 0,000062
drowned 0,616186 0,000153
drumming 2,659260 0,000658
druther 3,218876 0,000797
dry 0,127833 0,000032
dub 2,813411 0,000696
dubiously 2,659260 0,000658
dug 0,673345 0,000167
dull 0,174353 0,000043
dumped 2,302585 0,000570
duplicated 2,995732 0,000742
dust 0,174353 0,000043
duties 0,356675 0,000088
duty 0,083382 0,000021
dweller 2,302585 0,000570
dwelling 0,494296 0,000122
dwindled 1,771957 0,000439
dying 0,261365 0,000065
dynasty 2,407946 0,000596
eager 0,210721 0,000052
eagerly 0,385662 0,000095
eagerness 0,544727 0,000135
ear 0,139262 0,000034
eared 2,120264 0,000525
earned 0,693147 0,000172
earnest 0,261365 0,000065
ears 0,105361 0,000026
earth 0,051293 0,000013
ease 0,162519 0,000040
easier 0,385662 0,000095
easily 0,072571 0,000018
east 0,235722 0,000058
easy 0,040822 0,000010
eat 0,083382 0,000021
eatable 2,525729 0,000625
eaten 0,446287 0,000110
eater 1,897120 0,000470
eating 0,235722 0,000058
ebb 1,469676 0,000364
ebbed 2,813411 0,000696
economy 0,820981 0,000203
ecstasy 0,867501 0,000215
eddies 1,714798 0,000424
eddy 1,966113 0,000487
edge 0,210721 0,000052
eerie 2,995732 0,000742
effectually 1,203973 0,000298
effort 0,094311 0,000023
efforts 0,139262 0,000034
egotistical 2,407946 0,000596
eighteen 0,462035 0,000114
elbows 1,021651 0,000253
eldorado 3,506558 0,000868
electric 1,171183 0,000290
elimination 3,218876 0,000797
eloquent 0,820981 0,000203
eloquently 1,897120 0,000470
embrace 0,462035 0,000114
embracing 0,867501 0,000215
emptiness 1,609438 0,000398
enable 0,579818 0,000144
enabled 0,430783 0,000107
encountered 0,798508 0,000198
encourage 0,544727 0,000135
encouraged 0,527633 0,000131
encouragement 0,798508 0,000198
encouraging 0,798508 0,000198
endless 0,478036 0,000118
endured 0,673345 0,000167
enemy 0,174353 0,000043
enforce 1,386294 0,000343
enforcing 2,120264 0,000525
english 0,094311 0,000023
enormous 0,430783 0,000107
enormousness 3,506558 0,000868
enter 0,094311 0,000023
entered 0,051293 0,000013
enthusiastically 1,771957 0,000439
enticed 1,714798 0,000424
entreated 1,049822 0,000260
enveloped 1,272966 0,000315
enveloping 2,659260 0,000658
environment 1,514128 0,000375
equal 0,174353 0,000043
equally 0,223144 0,000055
equilibrium 1,966113 0,000487
ere 0,634878 0,000157
erect 0,597837 0,000148
errands 1,771957 0,000439
error 0,371064 0,000092
escape 0,094311 0,000023
escaped 0,235722 0,000058
escorted 1,139434 0,000282
especial 1,309333 0,000324
essential 0,597837 0,000148
estimation 1,171183 0,000290
eternal 0,415515 0,000103
eternity 0,693147 0,000172
evening 0,083382 0,000021
events 0,223144 0,000055
evidenced 2,995732 0,000742
evident 0,356675 0,000088
evil 0,162519 0,000040
evinced 1,660731 0,000411
examined 0,356675 0,000088
examining 0,446287 0,000110
excelled 1,347074 0,000333
excellent 0,150823 0,000037
exception 0,544727 0,000135
excess 0,653926 0,000162
excessive 0,597837 0,000148
exchanged 0,579818 0,000144
excited 0,248461 0,000062
excitedly 1,609438 0,000398
excitement 0,430783 0,000107
exclaim 1,171183 0,000290
exclamations 1,272966 0,000315
excrescence 2,813411 0,000696
exertion 0,967584 0,000240
exhausted 0,400478 0,000099
exhausting 1,609438 0,000398
exist 0,342490 0,000085
existence 0,162519 0,000040
expectant 1,427116 0,000353
expected 0,105361 0,000026
expecting 0,510826 0,000126
expediency 2,040221 0,000505
experience 0,083382 0,000021
experienced 0,356675 0,000088
experiment 0,733969 0,000182
exploit 1,237874 0,000306
express 0,127833 0,000032
expressed 0,274437 0,000068
expressing 0,713350 0,000177
expression 0,127833 0,000032
exquisite 0,673345 0,000167
external 0,562119 0,000139
extinct 1,108663 0,000274
extracted 1,203973 0,000298
extreme 0,235722 0,000058
extremity 0,867501 0,000215
exultantly 2,659260 0,000658
eye 0,030459 0,000008
eyed 0,597837 0,000148
eyes 0,010050 0,000002
fabled 2,302585 0,000570
faced 0,820981 0,000203
fading 0,967584 0,000240
fail 0,235722 0,000058
failed 0,198451 0,000049
failing 0,562119 0,000139
fails 0,891598 0,000221
faint 0,261365 0,000065
fainter 1,427116 0,000353
faintest 1,237874 0,000306
faintly 0,713350 0,000177
fair 0,051293 0,000013
faith 0,210721 0,000052
faithful 0,261365 0,000065
faithfully 0,755023 0,000187
faithfulness 2,040221 0,000505
fall 0,020203 0,000005
fallen 0,083382 0,000021
falling 0,083382 0,000021
fame 0,478036 0,000118
familiar 0,150823 0,000037
familiarity 0,891598 0,000221
family 0,072571 0,000018
famine 1,078810 0,000267
famished 1,272966 0,000315
fang 2,659260 0,000658
fanged 2,995732 0,000742
fangs 1,660731 0,000411
fanned 1,660731 0,000411
fare 0,733969 0,000182
fared 1,897120 0,000470
farthest 1,049822 0,000260
fashion 0,174353 0,000043
fashions 1,386294 0,000343
fast 0,061875 0,000015
fastened 0,616186 0,000153
faster 0,562119 0,000139
fastidiousness 2,659260 0,000658
fat 0,314711 0,000078
fatal 0,342490 0,000085
fateful 1,832581 0,000454
father 0,072571 0,000018
fathered 3,506558 0,000868
fathers 0,478036 0,000118
fatigue 0,616186 0,000153
fault 0,162519 0,000040
favor 1,021651 0,000253
favored 1,897120 0,000470
favorite 1,347074 0,000333
favors 1,966113 0,000487
fawned 2,302585 0,000570
fear 0,020203 0,000005
feared 0,235722 0,000058
fearful 0,400478 0,000099
fearfully 1,049822 0,000260
fearlessly 2,040221 0,000505
feasted 1,660731 0,000411
feat 1,386294 0,000343
feathered 2,040221 0,000505
feathers 0,673345 0,000167
feature 0,562119 0,000139
fed 0,371064 0,000092
feebly 0,843970 0,000209
feel 0,020203 0,000005
feeling 0,105361 0,000026
feelings 0,314711 0,000078
feet 0,061875 0,000015
feigned 1,139434 0,000282
fell 0,051293 0,000013
fellow 0,051293 0,000013
fellows 0,287682 0,000071
fellowship 1,237874 0,000306
ferine 3,912023 0,000968
ferocious 1,203973 0,000298
ferocity 1,237874 0,000306
ferry 1,514128 0,000375
fervently 1,427116 0,000353
fetching 1,660731 0,000411
fever 0,371064 0,000092
feverish 0,843970 0,000209
fibre 2,040221 0,000505
field 0,150823 0,000037
fiend 1,171183 0,000290
fierce 0,478036 0,000118
fiercely 0,776529 0,000192
fierceness 1,897120 0,000470
fiercer 1,469676 0,000364
fiercest 1,560648 0,000386
fight 0,162519 0,000040
fighter 2,040221 0,000505
fighters 2,207275 0,000546
fighting 0,342490 0,000085
fights 0,916291 0,000227
figure 0,072571 0,000018
file 0,235722 0,000058
filing 2,207275 0,000546
final 0,342490 0,000085
finally 0,150823 0,000037
fine 0,072571 0,000018
finely 1,171183 0,000290
fingers 0,235722 0,000058
finish 0,314711 0,000078
finished 0,162519 0,000040
finishing 0,843970 0,000209
firewood 1,897120 0,000470
fish 0,314711 0,000078
fished 2,040221 0,000505
fishing 0,755023 0,000187
fissures 2,995732 0,000742
fit 0,061875 0,000015
fits 0,634878 0,000157
fivescore 3,506558 0,000868
flag 0,891598 0,000221
flagged 2,207275 0,000546
flame 0,400478 0,000099
flames 0,616186 0,000153
flaming 0,820981 0,000203
flank 1,272966 0,000315
flanks 1,347074 0,000333
flap 1,560648 0,000386
flapped 1,714798 0,000424
flash 0,510826 0,000126
flashed 0,693147 0,000172
flashing 0,820981 0,000203
flat 0,248461 0,000062
flattened 1,714798 0,000424
flecked 1,897120 0,000470
fled 0,371064 0,000092
flee 1,171183 0,000290
fleeing 1,660731 0,000411
fleeting 1,171183 0,000290
flesh 0,210721 0,000052
flew 0,314711 0,000078
flickered 1,609438 0,000398
flies 0,579818 0,000144
flight 0,314711 0,000078
fling 0,967584 0,000240
flint 1,237874 0,000306
flirted 2,120264 0,000525
flitted 1,386294 0,000343
flitting 1,560648 0,000386
flood 0,544727 0,000135
flooded 1,427116 0,000353
floor 0,186330 0,000046
flounder 2,659260 0,000658
floundered 2,525729 0,000625
flour 1,078810 0,000267
flower 0,342490 0,000085
flowers 0,274437 0,000068
flowing 0,527633 0,000131
flows 0,941609 0,000233
flung 0,579818 0,000144
flush 0,941609 0,000233
fluttered 0,967584 0,000240
flying 0,235722 0,000058
foaming 1,386294 0,000343
foe 0,776529 0,000192
folds 0,755023 0,000187
follow 0,020203 0,000005
folly 0,301105 0,000075
food 0,127833 0,000032
fool 0,314711 0,000078
fooled 1,966113 0,000487
fools 0,616186 0,000153
foot 0,083382 0,000021
footed 1,049822 0,000260
footing 0,820981 0,000203
footsore 2,659260 0,000658
footsteps 0,478036 0,000118
forbear 1,469676 0,000364
forbiddingly 3,912023 0,000968
forbore 2,302585 0,000570
force 0,061875 0,000015
forced 0,139262 0,000034
fore 0,755023 0,000187
forebears 3,218876 0,000797
forecast 2,207275 0,000546
forego 1,660731 0,000411
foremost 0,673345 0,000167
forest 0,430783 0,000107
forewent 3,218876 0,000797
forged 1,347074 0,000333
forgetfulness 0,916291 0,000227
forgot 0,261365 0,000065
forgotten 0,162519 0,000040
forlorn 1,078810 0,000267
form 0,040822 0,000010
formed 0,210721 0,000052
formidable 0,673345 0,000167
forming 0,527633 0,000131
forms 0,248461 0,000062
fortune 0,186330 0,000046
fortunes 0,616186 0,000153
fought 0,371064 0,000092
foul 0,634878 0,000157
fountain 0,713350 0,000177
fountains 1,427116 0,000353
fourteen 0,616186 0,000153
fourth 0,186330 0,000046
fowl 1,108663 0,000274
fox 0,941609 0,000233
frame 0,235722 0,000058
francisco 2,120264 0,000525
frankly 0,798508 0,000198
frantically 1,386294 0,000343
fraught 1,514128 0,000375
freezing 1,347074 0,000333
freight 1,469676 0,000364
freighted 2,040221 0,000505
french 0,342490 0,000085
frenzy 0,867501 0,000215
frequently 0,287682 0,000071
fresh 0,105361 0,000026
fresher 1,469676 0,000364
friction 1,771957 0,000439
friendliness 1,560648 0,000386
friendly 0,261365 0,000065
friends 0,020203 0,000005
friendship 0,287682 0,000071
frighten 0,798508 0,000198
frightened 0,301105 0,000075
frightful 0,776529 0,000192
frightfully 1,560648 0,000386
fringed 1,309333 0,000324
frisco 3,218876 0,000797
frost 0,755023 0,000187
frosty 1,386294 0,000343
frothing 2,995732 0,000742
frowning 1,108663 0,000274
froze 1,714798 0,000424
frozen 0,733969 0,000182
frustrated 2,040221 0,000505
fund 1,272966 0,000315
fundamental 1,237874 0,000306
fungus 2,120264 0,000525
fur 0,994252 0,000246
furiously 0,755023 0,000187
furnished 0,328504 0,000081
furred 2,525729 0,000625
furry 2,207275 0,000546
fury 0,328504 0,000081
fuss 1,309333 0,000324
futile 1,469676 0,000364
futilely 3,912023 0,000968
future 0,105361 0,000026
gad 2,302585 0,000570
gain 0,174353 0,000043
gained 0,261365 0,000065
gaining 0,544727 0,000135
galvanized 3,218876 0,000797
gamblers 2,407946 0,000596
gambling 1,609438 0,000398
game 0,248461 0,000062
gamekeepers 3,506558 0,000868
games 0,693147 0,000172
gaping 0,994252 0,000246
gar 2,813411 0,000696
garbs 3,506558 0,000868
gardener 1,203973 0,000298
garments 0,597837 0,000148
gas 1,171183 0,000290
gashing 3,912023 0,000968
gasp 1,171183 0,000290
gasped 1,021651 0,000253
gasping 1,139434 0,000282
gathered 0,150823 0,000037
gaunt 1,139434 0,000282
gayety 2,813411 0,000696
gaze 0,544727 0,000135
gear 1,832581 0,000454
gee 2,659260 0,000658
generation 0,510826 0,000126
generations 0,198451 0,000049
generous 0,356675 0,000088
generously 1,139434 0,000282
genial 0,994252 0,000246
gentlemen 0,430783 0,000107
gentler 1,714798 0,000424
genuine 0,597837 0,000148
geological 2,525729 0,000625
ghost 0,544727 0,000135
ghostly 1,237874 0,000306
giant 0,634878 0,000157
giants 1,049822 0,000260
gif 3,506558 0,000868
gigantic 0,994252 0,000246
gingerly 2,407946 0,000596
glaciers 2,659260 0,000658
glad 0,072571 0,000018
gladdened 2,120264 0,000525
gladness 1,049822 0,000260
glamour 2,525729 0,000625
glance 0,248461 0,000062
glanced 0,653926 0,000162
glazed 1,660731 0,000411
gleaming 0,916291 0,000227
gleefully 2,040221 0,000505
gliding 1,139434 0,000282
glimmering 1,660731 0,000411
glimpses 1,021651 0,000253
glitter 1,386294 0,000343
gloomy 0,478036 0,000118
glorious 0,462035 0,000114
gloriously 1,427116 0,000353
gloss 1,609438 0,000398
glowed 1,108663 0,000274
gnats 2,302585 0,000570
goaded 1,897120 0,000470
god 0,094311 0,000023
gold 0,083382 0,000021
goose 0,941609 0,000233
gorge 1,714798 0,000424
government 0,494296 0,000122
grade 1,714798 0,000424
grades 1,897120 0,000470
grandsons 2,659260 0,000658
grape 1,272966 0,000315
grappled 1,966113 0,000487
grappling 1,832581 0,000454
grasp 0,385662 0,000095
grass 0,314711 0,000078
grasses 1,714798 0,000424
gratifying 1,272966 0,000315
grating 1,272966 0,000315
gravel 1,237874 0,000306
gravelled 3,912023 0,000968
gravely 0,693147 0,000172
graven 1,771957 0,000439
gray 0,733969 0,000182
greatly 0,210721 0,000052
greatness 0,693147 0,000172
green 0,105361 0,000026
greeting 0,798508 0,000198
grew 0,139262 0,000034
grief 0,356675 0,000088
grievance 1,347074 0,000333
grievously 1,714798 0,000424
grimly 1,108663 0,000274
grin 0,967584 0,000240
grinned 1,514128 0,000375
grinning 1,049822 0,000260
grip 0,916291 0,000227
gripped 1,469676 0,000364
grit 2,207275 0,000546
grittily 3,912023 0,000968
groaned 1,021651 0,000253
grooms 1,897120 0,000470
grooves 2,407946 0,000596
grope 1,832581 0,000454
groping 1,049822 0,000260
ground 0,030459 0,000008
grow 0,139262 0,000034
growers 3,218876 0,000797
growing 0,174353 0,000043
growl 1,309333 0,000324
growled 1,203973 0,000298
growling 1,427116 0,000353
growls 2,302585 0,000570
grown 0,116534 0,000029
grows 0,527633 0,000131
growth 0,462035 0,000114
grub 1,966113 0,000487
gruffly 1,897120 0,000470
grumbled 1,203973 0,000298
grumbling 1,427116 0,000353
grunted 1,560648 0,000386
grunting 2,207275 0,000546
guard 0,174353 0,000043
guarded 0,597837 0,000148
guardianship 1,832581 0,000454
guards 0,673345 0,000167
guided 0,462035 0,000114
guiding 0,867501 0,000215
guilty 0,356675 0,000088
gulped 1,897120 0,000470
gun 0,755023 0,000187
gust 1,386294 0,000343
habits 0,356675 0,000088
hailed 1,078810 0,000267
hair 0,094311 0,000023
haired 0,820981 0,000203
hairless 2,813411 0,000696
hairy 1,078810 0,000267
hal 2,813411 0,000696
halfway 1,386294 0,000343
halt 0,755023 0,000187
halted 0,843970 0,000209
hammered 2,040221 0,000505
hand 0,010050 0,000002
handed 0,274437 0,000068
handful 0,867501 0,000215
handicap 2,813411 0,000696
handkerchief 0,653926 0,000162
handle 0,415515 0,000103
hands 0,020203 0,000005
hang 0,400478 0,000099
hanging 0,261365 0,000065
hankering 2,407946 0,000596
hans 2,302585 0,000570
happened 0,094311 0,000023
happening 0,634878 0,000157
happiness 0,150823 0,000037
hard 0,040822 0,000010
hardened 0,820981 0,000203
harder 0,597837 0,000148
hardest 0,967584 0,000240
harked 3,506558 0,000868
harking 3,218876 0,000797
harm 0,210721 0,000052
harness 1,108663 0,000274
harnessed 1,309333 0,000324
harnesses 2,995732 0,000742
harnessing 2,659260 0,000658
harrying 2,995732 0,000742
harsh 0,510826 0,000126
haste 0,371064 0,000092
hastened 0,616186 0,000153
hatchet 1,966113 0,000487
hated 0,356675 0,000088
hatred 0,494296 0,000122
hats 0,941609 0,000233
hauled 1,171183 0,000290
hauling 1,660731 0,000411
haunches 1,714798 0,000424
haunted 0,579818 0,000144
haw 2,407946 0,000596
head 0,000000 0,000000
headed 0,510826 0,000126
heading 1,203973 0,000298
heads 0,094311 0,000023
healed 1,108663 0,000274
health 0,198451 0,000049
heaped 0,994252 0,000246
hear 0,010050 0,000002
heard 0,020203 0,000005
hearing 0,139262 0,000034
heart 0,010050 0,000002
heartbreaking 2,525729 0,000625
hearted 0,415515 0,000103
heartedly 2,659260 0,000658
hearts 0,261365 0,000065
heat 0,274437 0,000068
heaven 0,198451 0,000049
heavier 0,776529 0,000192
heavily 0,400478 0,000099
heavy 0,030459 0,000008
hedged 2,040221 0,000505
heed 0,693147 0,000172
heels 0,446287 0,000110
height 0,261365 0,000065
held 0,040822 0,000010
helper 1,832581 0,000454
helpers 2,207275 0,000546
helpless 0,328504 0,000081
helplessly 1,514128 0,000375
helplessness 1,386294 0,000343
heralded 2,407946 0,000596
herd 0,713350 0,000177
heredity 2,120264 0,000525
heroic 0,891598 0,000221
hesitate 0,616186 0,000153
hey 1,347074 0,000333
hidden 0,248461 0,000062
hide 0,287682 0,000071
hides 0,967584 0,000240
hiding 0,616186 0,000153
highly 0,261365 0,000065
hike 3,218876 0,000797
hill 0,248461 0,000062
hind 1,171183 0,000290
hinder 0,820981 0,000203
hint 0,462035 0,000114
hip 1,514128 0,000375
hips 1,714798 0,000424
history 0,186330 0,000046
hitch 1,714798 0,000424
hitching 2,659260 0,000658
hitting 1,386294 0,000343
ho 1,203973 0,000298
hoarse 0,867501 0,000215
hoisted 1,237874 0,000306
hold 0,020203 0,000005
holding 0,174353 0,000043
holds 0,342490 0,000085
hole 0,356675 0,000088
holes 0,562119 0,000139
homesick 2,407946 0,000596
honestly 0,843970 0,000209
honked 3,912023 0,000968
honored 1,427116 0,000353
hoofs 1,108663 0,000274
hope 0,010050 0,000002
hoped 0,210721 0,000052
hopeless 0,510826 0,000126
horns 0,867501 0,000215
horrible 0,356675 0,000088
horribly 0,916291 0,000227
horror 0,248461 0,000062
horse 0,162519 0,000040
horses 0,261365 0,000065
hostile 0,776529 0,000192
hot 0,116534 0,000029
hotel 0,820981 0,000203
hour 0,083382 0,000021
hours 0,094311 0,000023
house 0,020203 0,000005
housemaids 2,659260 0,000658
howl 1,021651 0,000253
howled 1,386294 0,000343
howling 0,755023 0,000187
hudson 1,832581 0,000454
huge 0,400478 0,000099
hum 0,891598 0,000221
humans 2,207275 0,000546
humor 1,272966 0,000315
hundredweight 2,525729 0,000625
hung 0,174353 0,000043
hunger 0,478036 0,000118
hungry 0,328504 0,000081
hunted 0,867501 0,000215
hunter 0,820981 0,000203
hunters 1,171183 0,000290
hunting 0,462035 0,000114
hunts 2,040221 0,000505
hurled 1,171183 0,000290
hurling 1,771957 0,000439
hurricane 1,560648 0,000386
hurried 0,356675 0,000088
hurriedly 0,891598 0,000221
hurry 0,328504 0,000081
hurt 0,198451 0,000049
hurting 1,309333 0,000324
husband 0,248461 0,000062
huskies 3,912023 0,000968
husky 1,560648 0,000386
hydrophoby 3,912023 0,000968
hysteria 2,813411 0,000696
ice 0,527633 0,000131
idea 0,105361 0,000026
ideal 0,843970 0,000209
idle 0,274437 0,000068
idols 1,714798 0,000424
ignominiously 2,525729 0,000625
iii 0,287682 0,000071
illumined 1,609438 0,000398
imagination 0,223144 0,000055
imagined 0,287682 0,000071
impact 2,207275 0,000546
impartial 1,237874 0,000306
impatience 0,634878 0,000157
impeachment 2,659260 0,000658
impede 2,207275 0,000546
impelled 1,049822 0,000260
impending 1,171183 0,000290
imperative 1,237874 0,000306
imperiously 1,966113 0,000487
imploringly 1,771957 0,000439
importuned 2,407946 0,000596
impossible 0,094311 0,000023
impress 0,776529 0,000192
imprisoned 1,021651 0,000253
impulse 0,462035 0,000114
impulses 1,237874 0,000306
inability 1,386294 0,000343
inarticulate 1,514128 0,000375
incarnate 1,832581 0,000454
incarnation 1,771957 0,000439
inch 0,634878 0,000157
inches 0,733969 0,000182
incident 0,527633 0,000131
incidentally 1,609438 0,000398
inclined 0,186330 0,000046
included 0,162519 0,000040
including 0,139262 0,000034
incoherent 1,469676 0,000364
incompetence 2,813411 0,000696
incomprehensible 1,108663 0,000274
inconceivably 2,407946 0,000596
increase 0,287682 0,000071
increased 0,248461 0,000062
incurious 3,218876 0,000797
indefinite 1,309333 0,000324
indeterminate 2,813411 0,000696
indian 0,597837 0,000148
indians 1,108663 0,000274
indigestible 3,506558 0,000868
indiscreet 1,609438 0,000398
indiscretion 1,469676 0,000364
indispensable 0,843970 0,000209
inevitable 0,544727 0,000135
inevitably 0,843970 0,000209
inexorable 1,347074 0,000333
infinitely 0,673345 0,000167
infinitesimal 2,207275 0,000546
inflammation 2,207275 0,000546
influence 0,198451 0,000049
infrequent 2,120264 0,000525
inherited 0,867501 0,000215
injured 0,579818 0,000144
inkling 1,427116 0,000353
innocuously 3,218876 0,000797
innutritious 3,912023 0,000968
inoffensive 1,660731 0,000411
insensible 0,843970 0,000209
inseparable 1,203973 0,000298
insides 3,912023 0,000968
insidious 1,832581 0,000454
insist 0,462035 0,000114
insisted 0,400478 0,000099
instance 0,150823 0,000037
instances 0,653926 0,000162
instant 0,210721 0,000052
instantaneous 1,427116 0,000353
instinct 0,430783 0,000107
instinctively 0,733969 0,000182
instincts 1,049822 0,000260
instruction 0,713350 0,000177
insubordination 2,813411 0,000696
insular 2,659260 0,000658
intelligence 0,301105 0,000075
intended 0,174353 0,000043
intense 0,430783 0,000107
intensely 0,820981 0,000203
intent 0,527633 0,000131
intention 0,186330 0,000046
intentions 0,494296 0,000122
intentness 2,407946 0,000596
interfere 0,544727 0,000135
interfered 1,108663 0,000274
interlacing 2,659260 0,000658
internal 0,261365 0,000065
interrupt 0,755023 0,000187
interval 0,579818 0,000144
intervals 0,510826 0,000126
intimacy 0,843970 0,000209
intimate 0,462035 0,000114
intimated 1,386294 0,000343
intolerable 0,673345 0,000167
introduction 0,400478 0,000099
introspective 2,659260 0,000658
invaded 1,237874 0,000306
invaders 1,966113 0,000487
invested 1,203973 0,000298
investigate 1,386294 0,000343
invitations 1,714798 0,000424
involuntarily 1,139434 0,000282
irish 1,347074 0,000333
iron 0,198451 0,000049
irresistible 0,653926 0,000162
irresolutely 2,407946 0,000596
irritability 1,897120 0,000470
irritable 1,469676 0,000364
irritating 1,272966 0,000315
island 0,400478 0,000099
issued 0,579818 0,000144
iv 0,328504 0,000081
jack 0,820981 0,000203
jaded 1,832581 0,000454
jagged 1,560648 0,000386
jam 1,609438 0,000398
jangling 2,813411 0,000696
japanese 1,660731 0,000411
jarring 2,120264 0,000525
jaw 0,820981 0,000203
jaws 0,733969 0,000182
jealousy 0,478036 0,000118
jerk 1,427116 0,000353
jerked 1,237874 0,000306
jerks 2,302585 0,000570
jim 1,966113 0,000487
jingling 1,427116 0,000353
jingo 2,995732 0,000742
job 0,673345 0,000167
joe 1,832581 0,000454
john 0,328504 0,000081
joint 0,673345 0,000167
jolted 1,897120 0,000470
journey 0,198451 0,000049
journeyers 3,912023 0,000968
joy 0,139262 0,000034
joyful 0,798508 0,000198
joyfully 1,272966 0,000315
jubilant 2,302585 0,000570
judge 0,116534 0,000029
judgment 0,198451 0,000049
jugular 3,218876 0,000797
juices 2,813411 0,000696
jump 0,733969 0,000182
justice 0,162519 0,000040
jutted 2,207275 0,000546
keel 1,386294 0,000343
keen 0,415515 0,000103
keenest 1,386294 0,000343
keenly 0,967584 0,000240
keeper 0,916291 0,000227
kennel 1,897120 0,000470
kennels 2,525729 0,000625
key 0,356675 0,000088
keyed 2,995732 0,000742
kick 0,653926 0,000162
kidnapped 2,407946 0,000596
kidnapper 3,912023 0,000968
kill 0,127833 0,000032
killed 0,223144 0,000055
killer 2,120264 0,000525
killing 0,597837 0,000148
kin 1,139434 0,000282
kindliness 2,040221 0,000505
kindly 0,223144 0,000055
kindred 0,994252 0,000246
king 0,223144 0,000055
kissed 0,462035 0,000114
kittens 2,207275 0,000546
klondike 3,912023 0,000968
knee 0,462035 0,000114
knees 0,223144 0,000055
knelt 0,994252 0,000246
knife 0,356675 0,000088
knitted 1,560648 0,000386
knock 0,616186 0,000153
knocked 0,510826 0,000126
knocking 0,798508 0,000198
knotting 2,813411 0,000696
knotty 1,966113 0,000487
knowledge 0,061875 0,000015
knuckled 2,995732 0,000742
knuckles 1,514128 0,000375
lacerated 2,525729 0,000625
lack 0,478036 0,000118
laid 0,072571 0,000018
lak 3,912023 0,000968
lake 0,210721 0,000052
lakes 1,237874 0,000306
land 0,072571 0,000018
landed 0,527633 0,000131
landing 0,562119 0,000139
lap 0,634878 0,000157
lapping 2,302585 0,000570
lapsed 1,560648 0,000386
largeness 1,897120 0,000470
las 2,407946 0,000596
lash 1,386294 0,000343
lashing 1,832581 0,000454
lashings 2,525729 0,000625
late 0,094311 0,000023
latent 1,469676 0,000364
laugh 0,127833 0,000032
laughed 0,248461 0,000062
laughing 0,248461 0,000062
launched 1,171183 0,000290
law 0,030459 0,000008
lawgiver 1,897120 0,000470
lawns 2,302585 0,000570
lay 0,051293 0,000013
lays 0,798508 0,000198
lazily 1,237874 0,000306
lazy 0,616186 0,000153
le 1,049822 0,000260
lead 0,083382 0,000021
leaden 1,237874 0,000306
leader 0,462035 0,000114
leaders 0,820981 0,000203
leadership 2,040221 0,000505
leading 0,139262 0,000034
leaf 0,462035 0,000114
lean 0,579818 0,000144
leap 0,562119 0,000139
leaped 0,713350 0,000177
leaping 0,713350 0,000177
learn 0,020203 0,000005
learned 0,105361 0,000026
learning 0,301105 0,000075
leashed 3,506558 0,000868
leather 0,544727 0,000135
leathery 2,995732 0,000742
leave 0,000000 0,000000
leaves 0,094311 0,000023
leaving 0,083382 0,000021
led 0,040822 0,000010
ledge 1,272966 0,000315
leeward 2,207275 0,000546
left 0,000000 0,000000
leg 0,478036 0,000118
legged 1,108663 0,000274
legion 1,469676 0,000364
legs 0,274437 0,000068
leks 3,912023 0,000968
lend 0,597837 0,000148
lesson 0,400478 0,000099
lessoned 3,912023 0,000968
letter 0,116534 0,000029
letters 0,198451 0,000049
level 0,274437 0,000068
levels 1,966113 0,000487
library 0,223144 0,000055
lick 1,203973 0,000298
licked 1,609438 0,000398
licking 1,272966 0,000315
lie 0,040822 0,000010
life -0,009950 -0,000002
lifeless 1,108663 0,000274
lifetime 0,867501 0,000215
lift 0,415515 0,000103
lifted 0,274437 0,000068
lifting 0,653926 0,000162
light 0,010050 0,000002
lightened 1,514128 0,000375
lighter 0,527633 0,000131
lighting 0,755023 0,000187
lightish 3,912023 0,000968
lightly 0,430783 0,000107
lightning 0,478036 0,000118
lights 0,301105 0,000075
limb 0,798508 0,000198
limitless 2,207275 0,000546
limp 1,309333 0,000324
limped 1,609438 0,000398
limping 1,771957 0,000439
limply 2,995732 0,000742
linger 0,843970 0,000209
lingered 1,049822 0,000260
lingering 0,755023 0,000187
linked 0,385662 0,000095
lionlike 3,218876 0,000797
lip 0,673345 0,000167
lips 0,127833 0,000032
listen 0,127833 0,000032
listened 0,274437 0,000068
listening 0,261365 0,000065
lit 0,653926 0,000162
literally 0,713350 0,000177
live 0,010050 0,000002
lived 0,061875 0,000015
lively 0,400478 0,000099
lives 0,072571 0,000018
living 0,020203 0,000005
load 0,634878 0,000157
loaded 0,616186 0,000153
loaf 1,171183 0,000290
loafing 2,995732 0,000742
loath 1,427116 0,000353
loathsome 1,078810 0,000267
locate 2,207275 0,000546
lock 0,385662 0,000095
locomotive 2,302585 0,000570
locomotives 2,659260 0,000658
lodge 0,693147 0,000172
log 0,941609 0,000233
logs 1,427116 0,000353
lolling 2,407946 0,000596
london 0,415515 0,000103
lonely 0,415515 0,000103
longing 0,653926 0,000162
longings 1,714798 0,000424
loom 1,897120 0,000470
loose 0,105361 0,000026
loosed 1,203973 0,000298
loosely 1,347074 0,000333
loosen 1,514128 0,000375
looted 3,506558 0,000868
lope 2,659260 0,000658
loped 3,506558 0,000868
lord 0,223144 0,000055
loser 2,207275 0,000546
loss 0,094311 0,000023
losses 1,386294 0,000343
lost 0,020203 0,000005
lot 0,061875 0,000015
lottery 1,897120 0,000470
louder 0,527633 0,000131
loudly 0,400478 0,000099
love 0,051293 0,000013
loved 0,198451 0,000049
lovingly 1,427116 0,000353
luck 0,446287 0,000110
lugged 2,407946 0,000596
lugubriously 3,506558 0,000868
lunge 2,302585 0,000570
lurched 2,040221 0,000505
lures 2,407946 0,000596
luring 2,525729 0,000625
luringly 3,912023 0,000968
lurking 1,049822 0,000260
lust 0,891598 0,000221
lusty 1,832581 0,000454
lying 0,061875 0,000015
machine 0,248461 0,000062
mad 0,261365 0,000065
madly 1,272966 0,000315
madness 0,597837 0,000148
magnetic 1,832581 0,000454
magnetism 2,659260 0,000658
magnificent 0,328504 0,000081
mail 0,891598 0,000221
main 0,127833 0,000032
maintaining 0,235722 0,000058
majority 0,597837 0,000148
malicious 0,941609 0,000233
malignant 1,139434 0,000282
malinger 3,912023 0,000968
malingerer 3,912023 0,000968
manage 0,462035 0,000114
managed 0,342490 0,000085
mandate 2,207275 0,000546
mane 1,609438 0,000398
mangled 1,660731 0,000411
manhood 0,776529 0,000192
manifested 1,021651 0,000253
manifestly 1,469676 0,000364
manila 3,506558 0,000868
mankind 0,478036 0,000118
manner 0,040822 0,000010
manuel 3,218876 0,000797
marauders 2,659260 0,000658
march 0,274437 0,000068
marched 0,891598 0,000221
marching 1,171183 0,000290
marked 0,061875 0,000015
marks 0,328504 0,000081
marsh 1,309333 0,000324
marvellous 0,891598 0,000221
mass 0,301105 0,000075
massive 1,049822 0,000260
master 0,083382 0,000021
mastered 0,967584 0,000240
masterful 1,966113 0,000487
masters 0,446287 0,000110
mastership 3,218876 0,000797
mastery 1,171183 0,000290
mastodon 2,813411 0,000696
match 0,385662 0,000095
matching 2,813411 0,000696
mates 1,309333 0,000324
matted 1,514128 0,000375
matter 0,010050 0,000002
matters 0,139262 0,000034
mayo 3,912023 0,000968
meal 0,301105 0,000075
meaning 0,210721 0,000052
measured 0,579818 0,000144
meat 0,356675 0,000088
meditated 1,347074 0,000333
meekly 1,469676 0,000364
meet 0,010050 0,000002
meeting 0,186330 0,000046
melancholy 0,342490 0,000085
mell 1,660731 0,000411
memorable 1,108663 0,000274
memories 0,867501 0,000215
memory 0,174353 0,000043
menace 1,347074 0,000333
menacing 1,272966 0,000315
menacingly 2,407946 0,000596
mend 0,967584 0,000240
mending 1,427116 0,000353
mentally 1,237874 0,000306
mercedes 3,506558 0,000868
merciless 1,427116 0,000353
mercilessly 2,302585 0,000570
mercy 0,223144 0,000055
mere 0,094311 0,000023
merrily 1,272966 0,000315
mess 0,891598 0,000221
message 0,446287 0,000110
messengers 1,386294 0,000343
met 0,040822 0,000010
metal 0,597837 0,000148
metallic 1,514128 0,000375
metamorphosed 2,525729 0,000625
method 0,094311 0,000023
mewed 3,506558 0,000868
mexican 2,040221 0,000505
mid 1,832581 0,000454
middle 0,030459 0,000008
midmost 2,813411 0,000696
midnight 0,328504 0,000081
midnights 3,912023 0,000968
midst 0,287682 0,000071
midway 1,514128 0,000375
mightily 1,469676 0,000364
mighty 0,328504 0,000081
migrating 2,659260 0,000658
mile 0,342490 0,000085
miles 0,223144 0,000055
miller 1,469676 0,000364
mind 0,020203 0,000005
miners 2,302585 0,000570
mining 1,832581 0,000454
ministrations 2,995732 0,000742
minor 0,733969 0,000182
minutes 0,235722 0,000058
miracle 0,755023 0,000187
miscalculated 2,659260 0,000658
misdeed 2,659260 0,000658
misdemeanors 3,218876 0,000797
miserable 0,210721 0,000052
misery 0,301105 0,000075
mistake 0,223144 0,000055
mistaken 0,261365 0,000065
misunderstandings 2,302585 0,000570
misunderstood 1,386294 0,000343
mite 1,714798 0,000424
mittened 3,218876 0,000797
mittens 2,407946 0,000596
moaned 1,386294 0,000343
moccasins 2,813411 0,000696
mode 0,634878 0,000157
moisture 1,108663 0,000274
mollie 3,912023 0,000968
moment 0,010050 0,000002
moments 0,287682 0,000071
momentum 2,525729 0,000625
money 0,051293 0,000013
mongrels 3,912023 0,000968
monosyllabic 2,995732 0,000742
monotonous 1,078810 0,000267
months 0,094311 0,000023
mood 0,527633 0,000131
moods 1,237874 0,000306
moon 0,287682 0,000071
moonlight 0,673345 0,000167
moose 3,218876 0,000797
mops 3,506558 0,000868
moral 0,301105 0,000075
morning 0,040822 0,000010
morose 1,469676 0,000364
mortal 0,400478 0,000099
mosquitoes 2,040221 0,000505
moss 1,049822 0,000260
mother 0,072571 0,000018
mothers 0,733969 0,000182
motion 0,328504 0,000081
motionless 0,544727 0,000135
mould 0,891598 0,000221
mountain 0,400478 0,000099
mountainous 1,560648 0,000386
mountains 0,400478 0,000099
mournful 0,941609 0,000233
mournfully 1,514128 0,000375
mourning 0,693147 0,000172
mouth 0,105361 0,000026
movement 0,328504 0,000081
movements 0,494296 0,000122
muck 2,525729 0,000625
mud 0,478036 0,000118
muddy 0,916291 0,000227
multiplied 1,309333 0,000324
multitudinous 2,040221 0,000505
murmur 0,494296 0,000122
murmured 0,673345 0,000167
murmurs 1,347074 0,000333
muscle 1,309333 0,000324
muscles 1,021651 0,000253
muses 1,660731 0,000411
mush 2,995732 0,000742
mushers 3,912023 0,000968
mushy 3,912023 0,000968
music 0,198451 0,000049
musing 1,272966 0,000315
mustache 2,040221 0,000505
mutiny 1,469676 0,000364
muzzle 1,309333 0,000324
mysterious 0,314711 0,000078
mysteriously 1,171183 0,000290
mystery 0,301105 0,000075
nagging 2,525729 0,000625
naked 0,274437 0,000068
nameless 1,078810 0,000267
narrow 0,105361 0,000026
narwhal 3,912023 0,000968
native 0,328504 0,000081
nature 0,094311 0,000023
natured 0,733969 0,000182
naturedly 1,897120 0,000470
necessaries 1,386294 0,000343
neck 0,186330 0,000046
needle 0,798508 0,000198
neighboring 1,386294 0,000343
nerve 0,867501 0,000215
nervous 0,494296 0,000122
nest 0,733969 0,000182
nests 1,386294 0,000343
newborn 2,659260 0,000658
newcomers 2,120264 0,000525
newfoundland 2,040221 0,000505
news 0,210721 0,000052
newspapers 0,820981 0,000203
nice 0,400478 0,000099
nig 3,912023 0,000968
night 0,010050 0,000002
nightmare 1,272966 0,000315
nights 0,235722 0,000058
nineteen 1,108663 0,000274
nip 1,714798 0,000424
nipped 1,966113 0,000487
noblest 1,021651 0,000253
nocturnal 1,272966 0,000315
nodded 0,634878 0,000157
nodding 0,941609 0,000233
noise 0,139262 0,000034
noiselessly 1,237874 0,000306
noises 0,967584 0,000240
nomadic 2,813411 0,000696
north 0,083382 0,000021
northland 3,912023 0,000968
northwest 2,302585 0,000570
nose 0,274437 0,000068
noses 1,021651 0,000253
nosing 2,995732 0,000742
nostrils 0,891598 0,000221
notches 2,659260 0,000658
note 0,127833 0,000032
notice 0,030459 0,000008
noticing 0,941609 0,000233
nudge 2,813411 0,000696
nuggets 3,506558 0,000868
numb 1,771957 0,000439
numerous 0,235722 0,000058
nursed 1,203973 0,000298
nursing 0,867501 0,000215
nutriment 2,302585 0,000570
oath 0,510826 0,000126
oaths 0,891598 0,000221
obdurate 1,771957 0,000439
obedience 0,494296 0,000122
obediently 1,469676 0,000364
obey 0,400478 0,000099
obeyed 0,579818 0,000144
obliterated 1,771957 0,000439
obscurely 1,832581 0,000454
obscureness 3,912023 0,000968
observed 0,162519 0,000040
occasion 0,105361 0,000026
occasional 0,510826 0,000126
occasions 0,430783 0,000107
occupants 1,469676 0,000364
occupied 0,235722 0,000058
odd 0,385662 0,000095
odds 1,108663 0,000274
offence 0,579818 0,000144
offending 1,309333 0,000324
offensive 0,693147 0,000172
offer 0,162519 0,000040
offered 0,139262 0,000034
offering 0,400478 0,000099
office 0,072571 0,000018
official 0,235722 0,000058
oftener 1,049822 0,000260
onlookers 2,525729 0,000625
onlooking 3,912023 0,000968
onset 1,469676 0,000364
openly 0,494296 0,000122
operating 1,771957 0,000439
opinions 0,527633 0,000131
opportunity 0,061875 0,000015
opposing 0,891598 0,000221
oppressed 0,693147 0,000172
orchard 1,609438 0,000398
orchards 2,659260 0,000658
ordained 1,108663 0,000274
orderly 0,941609 0,000233
ordinary 0,186330 0,000046
organizing 2,407946 0,000596
original 0,105361 0,000026
orthodox 1,386294 0,000343
ounce 1,609438 0,000398
outcome 1,714798 0,000424
outdistanced 3,218876 0,000797
outdoor 1,832581 0,000454
outer 0,510826 0,000126
outfit 1,237874 0,000306
outhouses 2,659260 0,000658
outlined 1,832581 0,000454
outlines 1,108663 0,000274
outlook 1,771957 0,000439
outrage 1,049822 0,000260
outreached 3,912023 0,000968
outsides 3,912023 0,000968
overfeeding 3,912023 0,000968
overhanging 1,514128 0,000375
overhauled 2,525729 0,000625
overhead 0,843970 0,000209
overloaded 2,813411 0,000696
overlooked 0,776529 0,000192
overpowering 1,309333 0,000324
overrunning 2,995732 0,000742
overspilling 3,912023 0,000968
overtake 0,755023 0,000187
overtaken 0,967584 0,000240
overthrow 1,203973 0,000298
overthrowing 2,525729 0,000625
overthrown 1,469676 0,000364
overture 1,714798 0,000424
overturning 2,040221 0,000505
owners 0,891598 0,000221
pace 0,328504 0,000081
pack 0,597837 0,000148
packed 0,616186 0,000153
packing 1,108663 0,000274
packs 1,966113 0,000487
paddocks 3,912023 0,000968
pads 2,407946 0,000596
paid 0,061875 0,000015
pain 0,174353 0,000043
painful 0,328504 0,000081
painfully 0,916291 0,000227
pains 0,301105 0,000075
painstakingly 2,995732 0,000742
pair 0,235722 0,000058
pale 0,198451 0,000049
paled 2,040221 0,000505
pall 1,469676 0,000364
palmated 3,506558 0,000868
palpitant 3,506558 0,000868
pampered 1,897120 0,000470
pan 0,967584 0,000240
pandemonium 2,407946 0,000596
pangs 1,078810 0,000267
panic 1,078810 0,000267
pans 1,309333 0,000324
panther 1,897120 0,000470
panting 0,597837 0,000148
paradox 1,660731 0,000411
parallel 0,891598 0,000221
parcels 1,560648 0,000386
parched 1,203973 0,000298
park 0,776529 0,000192
paroxysms 2,207275 0,000546
particle 1,309333 0,000324
partly 0,301105 0,000075
partners 0,994252 0,000246
partnership 1,514128 0,000375
partridges 1,897120 0,000470
party 0,061875 0,000015
pass 0,040822 0,000010
passage 0,139262 0,000034
passed 0,040822 0,000010
passes 0,415515 0,000103
passing 0,094311 0,000023
passion 0,186330 0,000046
passionate 0,634878 0,000157
passive 0,941609 0,000233
passiveness 3,506558 0,000868
pastures 1,832581 0,000454
patches 0,941609 0,000233
path 0,198451 0,000049
patience 0,139262 0,000034
patted 1,108663 0,000274
pause 0,371064 0,000092
paused 0,562119 0,000139
paws 1,237874 0,000306
pay 0,051293 0,000013
peace 0,094311 0,000023
peaks 1,514128 0,000375
peculiar 0,223144 0,000055
peculiarity 1,171183 0,000290
peculiarly 0,755023 0,000187
peer 1,386294 0,000343
peered 1,237874 0,000306
pell 1,560648 0,000386
pellets 3,218876 0,000797
pencil 0,634878 0,000157
penetrate 0,867501 0,000215
penetrated 0,843970 0,000209
pent 1,609438 0,000398
people 0,010050 0,000002
pepper 1,309333 0,000324
perambulating 2,659260 0,000658
perceived 0,400478 0,000099
perceiving 0,867501 0,000215
perceptibly 1,771957 0,000439
perches 2,995732 0,000742
peremptorily 1,660731 0,000411
perfect 0,072571 0,000018
performance 0,478036 0,000118
performed 0,127833 0,000032
peril 0,867501 0,000215
periods 0,867501 0,000215
permanent 0,223144 0,000055
permitted 0,105361 0,000026
permitting 1,386294 0,000343
perpendicular 1,386294 0,000343
perpetual 0,478036 0,000118
perplexed 0,755023 0,000187
persisted 0,713350 0,000177
persistent 1,347074 0,000333
personal 0,223144 0,000055
pertinacity 2,659260 0,000658
pervaded 1,660731 0,000411
pet 1,021651 0,000253
pete 2,813411 0,000696
petted 2,207275 0,000546
petty 0,776529 0,000192
phrase 0,174353 0,000043
physical 0,198451 0,000049
pick 0,415515 0,000103
picked 0,400478 0,000099
picking 0,634878 0,000157
piece 0,072571 0,000018
pieces 0,139262 0,000034
pike 1,514128 0,000375
pile 0,579818 0,000144
piled 0,713350 0,000177
pine 0,673345 0,000167
pines 1,469676 0,000364
pipe 0,494296 0,000122
pipes 0,776529 0,000192
pistol 0,941609 0,000233
pitch 0,342490 0,000085
pitched 0,820981 0,000203
pivoting 3,912023 0,000968
placer 3,506558 0,000868
plain 0,040822 0,000010
plainly 0,261365 0,000065
plaint 2,302585 0,000570
plant 0,579818 0,000144
play 0,072571 0,000018
played 0,198451 0,000049
playfully 2,040221 0,000505
playing 0,186330 0,000046
plays 0,634878 0,000157
pleaded 0,891598 0,000221
pleading 1,272966 0,000315
plenty 0,235722 0,000058
plethoric 2,995732 0,000742
plight 1,347074 0,000333
ploughed 1,660731 0,000411
pluck 0,967584 0,000240
plum 1,514128 0,000375
plunge 0,733969 0,000182
plunged 0,544727 0,000135
plunging 1,049822 0,000260
pointedly 2,207275 0,000546
pointers 2,813411 0,000696
poise 1,966113 0,000487
poised 1,469676 0,000364
poked 1,427116 0,000353
pole 0,597837 0,000148
poled 3,506558 0,000868
police 0,755023 0,000187
poling 3,912023 0,000968
politeness 0,798508 0,000198
political 0,562119 0,000139
pompous 1,514128 0,000375
pooh 1,514128 0,000375
pool 0,798508 0,000198
pools 1,309333 0,000324
poor 0,030459 0,000008
poorer 1,049822 0,000260
poplars 2,207275 0,000546
populous 1,386294 0,000343
porcupine 2,659260 0,000658
position 0,162519 0,000040
positive 0,597837 0,000148
possess 0,356675 0,000088
possessed 0,094311 0,000023
possession 0,083382 0,000021
possibility 0,162519 0,000040
potent 1,309333 0,000324
pouch 1,660731 0,000411
pound 0,776529 0,000192
pounded 1,897120 0,000470
pounding 1,771957 0,000439
pounds 0,494296 0,000122
pour 0,544727 0,000135
poured 0,385662 0,000095
powdery 2,407946 0,000596
power 0,030459 0,000008
powerfully 1,714798 0,000424
practically 0,235722 0,000058
practised 0,733969 0,000182
praise 0,371064 0,000092
prayed 0,673345 0,000167
preaching 1,347074 0,000333
precious 0,162519 0,000040
precipitate 1,660731 0,000411
preeminently 3,506558 0,000868
preferred 0,342490 0,000085
pregnant 1,272966 0,000315
prejudices 1,021651 0,000253
preliminary 0,994252 0,000246
prepared 0,105361 0,000026
preparing 0,415515 0,000103
prerogative 2,040221 0,000505
presence 0,094311 0,000023
presently 0,385662 0,000095
preserver 1,897120 0,000470
pressed 0,274437 0,000068
pressing 0,385662 0,000095
pretty 0,150823 0,000037
prevent 0,083382 0,000021
prevented 0,328504 0,000081
previous 0,094311 0,000023
prey 0,527633 0,000131
preyed 2,302585 0,000570
preying 2,525729 0,000625
price 0,314711 0,000078
pricked 1,203973 0,000298
pride 0,150823 0,000037
prided 2,120264 0,000525
primeval 1,897120 0,000470
primitive 0,941609 0,000233
primordial 2,813411 0,000696
principally 1,108663 0,000274
prints 1,560648 0,000386
private 0,198451 0,000049
privilege 0,527633 0,000131
proceeded 0,274437 0,000068
proceeding 0,510826 0,000126
proceeds 0,916291 0,000227
proclaimed 0,941609 0,000233
proclaiming 1,560648 0,000386
prodded 2,995732 0,000742
profit 0,248461 0,000062
progeny 1,897120 0,000470
progress 0,174353 0,000043
project -0,009950 -0,000002
projected 1,139434 0,000282
prolonged 0,597837 0,000148
promise 0,116534 0,000029
promises 0,510826 0,000126
prompt 0,776529 0,000192
prompting 1,966113 0,000487
prone 1,078810 0,000267
propelled 2,207275 0,000546
propeller 3,218876 0,000797
proper 0,061875 0,000015
property 0,127833 0,000032
proportion 0,371064 0,000092
proportions 0,776529 0,000192
prosper 1,469676 0,000364
prospered 1,714798 0,000424
prostrate 0,843970 0,000209
protect 0,186330 0,000046
protected 0,415515 0,000103
protection 0,314711 0,000078
protest 0,798508 0,000198
protested 0,867501 0,000215
protruded 1,897120 0,000470
protruding 1,560648 0,000386
proudly 0,733969 0,000182
proved 0,116534 0,000029
provocation 1,171183 0,000290
prowess 1,609438 0,000398
prowled 2,407946 0,000596
pry 1,832581 0,000454
ptarmigan 3,912023 0,000968
public 0,083382 0,000021
pug 2,813411 0,000696
puget 3,218876 0,000797
pull 0,328504 0,000081
pulled 0,371064 0,000092
pulling 0,634878 0,000157
pullman 3,912023 0,000968
pulse 0,891598 0,000221
pumping 2,302585 0,000570
punish 0,597837 0,000148
punished 0,544727 0,000135
punishment 0,301105 0,000075
puppet 2,302585 0,000570
puppyhood 3,912023 0,000968
purposed 1,832581 0,000454
purposely 1,171183 0,000290
pursued 0,328504 0,000081
pursuit 0,328504 0,000081
pushed 0,400478 0,000099
puzzled 0,494296 0,000122
quality 0,274437 0,000068
quarrel 0,328504 0,000081
quarrelled 1,560648 0,000386
quarrelling 1,386294 0,000343
quarry 1,427116 0,000353
quarter 0,223144 0,000055
quarters 0,248461 0,000062
quaver 2,813411 0,000696
queen 0,415515 0,000103
quest 0,776529 0,000192
quibble 2,659260 0,000658
quick 0,139262 0,000034
quickened 1,203973 0,000298
quickness 1,237874 0,000306
quiet 0,116534 0,000029
quietly 0,261365 0,000065
quivered 1,108663 0,000274
quivering 0,798508 0,000198
quoth 1,966113 0,000487
quoting 1,714798 0,000424
rabbit 1,171183 0,000290
race 0,198451 0,000049
raced 1,966113 0,000487
races 0,713350 0,000177
raft 2,207275 0,000546
rafted 3,506558 0,000868
rage 0,261365 0,000065
raged 1,272966 0,000315
ragged 0,776529 0,000192
raging 0,653926 0,000162
rail 0,798508 0,000198
railway 1,203973 0,000298
rain 0,223144 0,000055
raised 0,061875 0,000015
raisin 2,995732 0,000742
rake 1,660731 0,000411
ram 1,203973 0,000298
rambles 2,040221 0,000505
rampant 2,407946 0,000596
ramshackle 2,995732 0,000742
range 0,446287 0,000110
ranged 1,049822 0,000260
ranging 1,609438 0,000398
rapid 0,371064 0,000092
rapidity 0,820981 0,000203
rapids 2,525729 0,000625
rapped 1,514128 0,000375
rarely 0,527633 0,000131
rashness 1,771957 0,000439
ration 2,302585 0,000570
rattled 1,272966 0,000315
ravenous 1,514128 0,000375
raw 0,713350 0,000177
reach 0,051293 0,000013
reached 0,127833 0,000032
reaches 0,820981 0,000203
reaching 0,083382 0,000021
read 0,020203 0,000005
reading 0,061875 0,000015
ready 0,030459 0,000008
real 0,040822 0,000010
realities 1,347074 0,000333
reality 0,328504 0,000081
realized 0,843970 0,000209
realm 1,021651 0,000253
rear 0,527633 0,000131
reared 0,891598 0,000221
rearing 1,514128 0,000375
rearranging 2,813411 0,000696
reason 0,010050 0,000002
reasoned 0,994252 0,000246
reassured 1,272966 0,000315
rebel 1,078810 0,000267
rebels 1,272966 0,000315
rebound 2,525729 0,000625
recalled 0,634878 0,000157
receding 1,386294 0,000343
receive 0,083382 0,000021
received 0,040822 0,000010
receiving 0,116534 0,000029
recesses 1,386294 0,000343
recital 1,514128 0,000375
recognize 1,021651 0,000253
recognized 0,820981 0,000203
recollections 1,272966 0,000315
record 0,400478 0,000099
recover 0,356675 0,000088
recovered 0,385662 0,000095
recovery 0,616186 0,000153
recuperated 3,506558 0,000868
recuperation 2,995732 0,000742
recurrent 2,995732 0,000742
red 0,072571 0,000018
reeled 1,714798 0,000424
refreshed 0,820981 0,000203
refused 0,235722 0,000058
refusing 0,776529 0,000192
regained 0,891598 0,000221
registering 2,995732 0,000742
regular 0,287682 0,000071
regularity 1,021651 0,000253
regularly 0,616186 0,000153
reign 0,733969 0,000182
rejoin 1,560648 0,000386
rejoinder 1,897120 0,000470
relations 0,287682 0,000071
relax 1,386294 0,000343
relaxed 0,994252 0,000246
released 0,616186 0,000153
releasing 1,714798 0,000424
relevant 2,659260 0,000658
relief 0,198451 0,000049
reluctantly 0,941609 0,000233
remain 0,040822 0,000010
remainder 0,616186 0,000153
remained 0,116534 0,000029
remarkable 0,235722 0,000058
remarkably 0,733969 0,000182
remarked 0,415515 0,000103
remedy 0,693147 0,000172
remember 0,083382 0,000021
remembered 0,162519 0,000040
remnant 1,237874 0,000306
remnants 1,966113 0,000487
remonstrance 1,347074 0,000333
remotely 2,120264 0,000525
remoter 1,966113 0,000487
remotest 1,514128 0,000375
removed 0,061875 0,000015
rend 1,514128 0,000375
rending 1,386294 0,000343
rent 0,597837 0,000148
repeated 0,127833 0,000032
repeatedly 1,108663 0,000274
replaced 0,820981 0,000203
replied 0,235722 0,000058
replies 0,994252 0,000246
reply 0,174353 0,000043
repose 0,544727 0,000135
reproof 1,347074 0,000333
repugnance 1,386294 0,000343
reputation 0,385662 0,000095
required 0,083382 0,000021
requires 0,673345 0,000167
rescue 0,562119 0,000139
rescued 1,139434 0,000282
resent 1,427116 0,000353
resented 1,203973 0,000298
reserve 0,478036 0,000118
resided 1,237874 0,000306
resiliency 3,912023 0,000968
resist 0,430783 0,000107
resolutely 1,108663 0,000274
resolved 0,342490 0,000085
resounding 1,609438 0,000398
respect 0,094311 0,000023
respectful 0,755023 0,000187
responded 0,916291 0,000227
responding 1,897120 0,000470
response 0,916291 0,000227
rest 0,010050 0,000002
rested 0,314711 0,000078
resting 0,314711 0,000078
restlessly 1,514128 0,000375
restlessness 1,347074 0,000333
result 0,174353 0,000043
resumed 0,415515 0,000103
retained 0,527633 0,000131
retaliate 1,966113 0,000487
retaliated 2,659260 0,000658
retarded 1,832581 0,000454
retarding 2,813411 0,000696
retraced 1,897120 0,000470
retreated 0,916291 0,000227
retrogression 2,995732 0,000742
return 0,040822 0,000010
returned 0,061875 0,000015
returning 0,127833 0,000032
revelation 0,820981 0,000203
reverently 1,514128 0,000375
revolt 1,203973 0,000298
revolver 1,660731 0,000411
rewarded 0,713350 0,000177
rhythm 1,966113 0,000487
rib 2,040221 0,000505
ribbons 1,203973 0,000298
ribs 1,021651 0,000253
rid 0,223144 0,000055
riddled 2,407946 0,000596
ride 0,462035 0,000114
ridiculous 0,478036 0,000118
riding 0,562119 0,000139
rifle 1,514128 0,000375
rift 1,966113 0,000487
rigorous 1,560648 0,000386
rim 1,469676 0,000364
rink 3,218876 0,000797
riotously 3,506558 0,000868
ripe 0,820981 0,000203
ripped 1,386294 0,000343
ripping 2,302585 0,000570
rippling 1,560648 0,000386
rips 2,995732 0,000742
rise 0,040822 0,000010
rising 0,116534 0,000029
risk 0,371064 0,000092
risks 1,309333 0,000324
rival 0,597837 0,000148
river 0,174353 0,000043
rivers 0,713350 0,000177
road 0,150823 0,000037
roamed 1,771957 0,000439
roar 0,597837 0,000148
roared 0,673345 0,000167
roaring 0,713350 0,000177
rob 0,653926 0,000162
robbed 0,733969 0,000182
robbing 1,309333 0,000324
robe 0,941609 0,000233
robes 0,916291 0,000227
rock 0,385662 0,000095
rocking 1,347074 0,000333
rocks 0,446287 0,000110
rode 0,616186 0,000153
rolled 0,356675 0,000088
rolling 0,415515 0,000103
rolls 1,139434 0,000282
romance 0,693147 0,000172
romped 3,218876 0,000797
roof 0,223144 0,000055
roosted 2,995732 0,000742
rope 0,616186 0,000153
ropes 1,021651 0,000253
rose 0,094311 0,000023
rotted 1,832581 0,000454
rotten 0,941609 0,000233
rough 0,186330 0,000046
roughly 0,544727 0,000135
rounded 1,021651 0,000253
roundly 2,120264 0,000525
rouse 0,798508 0,000198
roused 0,653926 0,000162
routed 1,560648 0,000386
rove 1,966113 0,000487
roved 2,120264 0,000525
rows 0,733969 0,000182
royal 0,400478 0,000099
rubbed 0,544727 0,000135
ruction 3,912023 0,000968
rule 0,198451 0,000049
ruled 0,967584 0,000240
runners 1,660731 0,000411
running 0,967584 0,000240
rush 0,287682 0,000071
rushed 0,478036 0,000118
rushes 1,049822 0,000260
rushing 0,597837 0,000148
rustled 1,832581 0,000454
rut 2,525729 0,000625
ruthless 1,832581 0,000454
sack 0,891598 0,000221
sacked 2,040221 0,000505
sacks 1,560648 0,000386
sacrificed 0,733969 0,000182
sad 0,223144 0,000055
safe 0,116534 0,000029
safety 0,356675 0,000088
sagged 3,218876 0,000797
sakes 1,609438 0,000398
salient 2,302585 0,000570
salmon 1,660731 0,000411
saloon 1,514128 0,000375
salt 0,116534 0,000029
san 1,427116 0,000353
sang 0,415515 0,000103
sank 0,544727 0,000135
santa 1,771957 0,000439
sap 1,771957 0,000439
sapped 2,995732 0,000742
sat 0,083382 0,000021
sated 2,120264 0,000525
satisfaction 0,186330 0,000046
satisfied 0,105361 0,000026
sausage 1,966113 0,000487
savage 0,356675 0,000088
savagely 1,427116 0,000353
savageness 2,659260 0,000658
savagery 2,407946 0,000596
savages 0,994252 0,000246
save 0,030459 0,000008
saved 0,274437 0,000068
savor 2,302585 0,000570
scale 0,446287 0,000110
scaled 1,966113 0,000487
scales 1,049822 0,000260
scarlet 0,798508 0,000198
scarred 2,040221 0,000505
scarring 3,912023 0,000968
scatter 1,049822 0,000260
scattered 0,139262 0,000034
scattering 1,139434 0,000282
scene 0,198451 0,000049
scent 0,733969 0,000182
scented 1,203973 0,000298
scenting 2,407946 0,000596
scheme 0,634878 0,000157
scholar 0,798508 0,000198
schools 0,755023 0,000187
scorched 1,386294 0,000343
score 0,713350 0,000177
scored 2,207275 0,000546
scotch 1,309333 0,000324
scrambling 2,120264 0,000525
scraped 1,386294 0,000343
scratched 1,049822 0,000260
scream 0,693147 0,000172
screamed 0,733969 0,000182
screaming 0,916291 0,000227
scruff 2,659260 0,000658
scum 1,771957 0,000439
sea 0,116534 0,000029
search 0,051293 0,000013
searched 0,713350 0,000177
seasons 0,673345 0,000167
seattle 3,506558 0,000868
secrecy 0,820981 0,000203
secret 0,061875 0,000015
secretly 0,597837 0,000148
secure 0,072571 0,000018
secured 0,494296 0,000122
securely 0,916291 0,000227
seed 0,597837 0,000148
seek 0,198451 0,000049
seeking 0,274437 0,000068
seize 0,446287 0,000110
seized 0,235722 0,000058
select 0,867501 0,000215
selected 0,634878 0,000157
sensation 0,462035 0,000114
sensations 0,843970 0,000209
sense 0,051293 0,000013
sensed 2,659260 0,000658
senseless 0,867501 0,000215
sensitive 0,693147 0,000172
separate 0,248461 0,000062
separated 0,274437 0,000068
sequential 3,506558 0,000868
servants 0,162519 0,000040
served 0,186330 0,000046
set 0,010050 0,000002
setter 3,218876 0,000797
setting 0,186330 0,000046
settles 1,347074 0,000333
severe 0,342490 0,000085
severely 0,634878 0,000157
sex 0,562119 0,000139
shade 0,274437 0,000068
shades 0,916291 0,000227
shadow 0,223144 0,000055
shadows 0,494296 0,000122
shaggy 1,049822 0,000260
shake 0,287682 0,000071
shaken 0,494296 0,000122
shaking 0,371064 0,000092
shallow 0,776529 0,000192
shambled 3,218876 0,000797
shambling 2,659260 0,000658
shame 0,223144 0,000055
shape 0,186330 0,000046
share 0,040822 0,000010
sharp 0,162519 0,000040
sharply 0,510826 0,000126
sheen 2,207275 0,000546
sheep 0,371064 0,000092
sheepishly 2,207275 0,000546
sheer 0,843970 0,000209
sheet 0,446287 0,000110
shellfish 2,813411 0,000696
shelter 0,342490 0,000085
sheltered 0,820981 0,000203
sheltering 1,514128 0,000375
shepherd 0,941609 0,000233
shifted 1,139434 0,000282
shifting 0,891598 0,000221
shining 0,385662 0,000095
ship 0,314711 0,000078
shipping 1,309333 0,000324
shirked 2,813411 0,000696
shirks 2,995732 0,000742
shivered 0,941609 0,000233
shivering 0,755023 0,000187
shock 0,446287 0,000110
shoes 0,430783 0,000107
shone 0,494296 0,000122
shook 0,235722 0,000058
shoots 1,347074 0,000333
shore 0,342490 0,000085
shores 0,820981 0,000203
shoreward 3,506558 0,000868
shorn 1,560648 0,000386
short 0,020203 0,000005
shorter 0,579818 0,000144
shortly 0,462035 0,000114
shot 0,223144 0,000055
shoulder 0,210721 0,000052
shoulders 0,174353 0,000043
shout 0,634878 0,000157
shouted 0,478036 0,000118
shouting 0,446287 0,000110
shove 1,714798 0,000424
shreds 1,347074 0,000333
shrewd 1,021651 0,000253
shrewdly 1,714798 0,000424
shriek 1,078810 0,000267
shrieked 1,171183 0,000290
shrieking 1,347074 0,000333
shrill 0,820981 0,000203
shrouded 1,386294 0,000343
shrubs 1,347074 0,000333
shrugged 1,203973 0,000298
shunned 1,714798 0,000424
shutting 0,941609 0,000233
sick 0,150823 0,000037
sickly 0,891598 0,000221
sighing 1,021651 0,000253
sight 0,051293 0,000013
sights 0,755023 0,000187
sign 0,139262 0,000034
signed 0,843970 0,000209
signs 0,186330 0,000046
silence 0,105361 0,000026
silent 0,051293 0,000013
silk 0,478036 0,000118
silky 2,040221 0,000505
silly 0,400478 0,000099
silvery 1,203973 0,000298
simple 0,094311 0,000023
simply 0,150823 0,000037
simulated 2,525729 0,000625
simultaneous 1,660731 0,000411
sin 0,430783 0,000107
sinew 2,525729 0,000625
sing 0,415515 0,000103
singed 1,660731 0,000411
singing 0,371064 0,000092
single 0,083382 0,000021
sings 1,139434 0,000282
sink 0,462035 0,000114
sinking 0,494296 0,000122
sinks 1,108663 0,000274
sir 0,150823 0,000037
sister 0,356675 0,000088
sit 0,061875 0,000015
sitting 0,105361 0,000026
situation 0,198451 0,000049
sixteen 0,653926 0,000162
size 0,248461 0,000062
skeet 3,912023 0,000968
skeletons 1,832581 0,000454
skin 0,210721 0,000052
skins 1,021651 0,000253
skirted 1,309333 0,000324
skookum 3,912023 0,000968
skulking 1,966113 0,000487
sky 0,210721 0,000052
skyward 3,912023 0,000968
slack 1,309333 0,000324
slacked 2,813411 0,000696
slake 2,525729 0,000625
slammed 1,427116 0,000353
slanted 2,813411 0,000696
slapping 1,560648 0,000386
slash 2,525729 0,000625
slashed 1,832581 0,000454
slashing 2,207275 0,000546
slaver 2,995732 0,000742
slavered 3,506558 0,000868
slaying 1,714798 0,000424
sled 2,995732 0,000742
sledded 3,506558 0,000868
sleds 2,995732 0,000742
sleek 1,427116 0,000353
sleep 0,072571 0,000018
sleeping 0,235722 0,000058
sleepy 0,713350 0,000177
slender 0,693147 0,000172
slept 0,223144 0,000055
slice 1,309333 0,000324
slid 1,386294 0,000343
slight 0,150823 0,000037
slim 1,139434 0,000282
slipped 0,494296 0,000122
slippery 1,139434 0,000282
slipping 0,967584 0,000240
slipshod 2,813411 0,000696
slope 0,867501 0,000215
sloped 2,120264 0,000525
slouch 2,525729 0,000625
slovenly 2,040221 0,000505
slow 0,139262 0,000034
slower 1,347074 0,000333
slowly 0,150823 0,000037
sluice 2,659260 0,000658
slyly 1,832581 0,000454
smart 0,634878 0,000157
smashed 1,309333 0,000324
smashing 2,120264 0,000525
smell 0,371064 0,000092
smelled 1,660731 0,000411
smelling 0,843970 0,000209
smells 1,309333 0,000324
smiled 0,356675 0,000088
smiling 0,301105 0,000075
smothered 1,203973 0,000298
snags 3,218876 0,000797
snake 0,891598 0,000221
snap 1,078810 0,000267
snapped 0,891598 0,000221
snapping 1,514128 0,000375
snaps 2,659260 0,000658
snarl 2,207275 0,000546
snarled 2,040221 0,000505
snarling 1,714798 0,000424
sneered 1,609438 0,000398
sneering 1,609438 0,000398
sniffed 1,771957 0,000439
sniffing 1,897120 0,000470
sniffs 2,813411 0,000696
snort 1,771957 0,000439
snow 0,527633 0,000131
snowdrifts 3,912023 0,000968
snowed 2,659260 0,000658
snowfall 2,995732 0,000742
snows 1,660731 0,000411
snowshoe 3,912023 0,000968
snub 2,040221 0,000505
snubbed 2,659260 0,000658
snubbing 2,995732 0,000742
snug 1,171183 0,000290
soars 2,207275 0,000546
sobbed 1,078810 0,000267
sobbing 0,967584 0,000240
sobs 1,078810 0,000267
society 0,210721 0,000052
soft 0,210721 0,000052
softened 0,653926 0,000162
softer 1,171183 0,000290
softly 0,400478 0,000099
soil 0,494296 0,000122
sol 2,525729 0,000625
sold 0,385662 0,000095
soldier 0,562119 0,000139
solidarity 2,659260 0,000658
solidly 2,407946 0,000596
soliloquized 2,813411 0,000696
solitary 0,462035 0,000114
sombre 1,171183 0,000290
song 0,371064 0,000092
songs 0,544727 0,000135
sons 0,356675 0,000088
sore 0,616186 0,000153
sorely 1,049822 0,000260
sorrow 0,287682 0,000071
sort 0,105361 0,000026
sorts 0,356675 0,000088
sou 2,525729 0,000625
sought 0,150823 0,000037
sound 0,020203 0,000005
sounded 0,371064 0,000092
sounding 0,634878 0,000157
soundly 1,021651 0,000253
sounds 0,223144 0,000055
sour 1,049822 0,000260
sourer 3,912023 0,000968
south 0,235722 0,000058
southland 3,506558 0,000868
space 0,116534 0,000029
spaces 1,347074 0,000333
spacious 0,916291 0,000227
spark 0,776529 0,000192
sparks 1,139434 0,000282
spasmodically 2,995732 0,000742
spat 1,469676 0,000364
speak 0,051293 0,000013
spear 1,139434 0,000282
spears 1,560648 0,000386
special 0,083382 0,000021
sped 1,272966 0,000315
speech 0,198451 0,000049
speed 0,328504 0,000081
speedily 0,713350 0,000177
spent 0,105361 0,000026
spider 1,237874 0,000306
spik 3,912023 0,000968
spilling 2,407946 0,000596
spinning 1,021651 0,000253
spirit 0,051293 0,000013
spit 1,203973 0,000298
spite 0,139262 0,000034
spitz 3,912023 0,000968
splash 1,309333 0,000324
splashes 1,966113 0,000487
splay 3,506558 0,000868
splendid 0,400478 0,000099
splintering 2,813411 0,000696
split 0,798508 0,000198
spluttered 2,659260 0,000658
spoil 0,673345 0,000167
spoiled 0,916291 0,000227
spoke 0,116534 0,000029
spot 0,162519 0,000040
spouted 2,525729 0,000625
sprang 0,400478 0,000099
spray 1,427116 0,000353
sprayed 3,506558 0,000868
spread 0,061875 0,000015
spreading 0,446287 0,000110
spring 0,083382 0,000021
springiness 3,506558 0,000868
springs 0,634878 0,000157
springtime 2,659260 0,000658
spruce 2,120264 0,000525
sprung 0,544727 0,000135
spurred 1,714798 0,000424
spy 0,916291 0,000227
squabbling 2,813411 0,000696
squarehead 3,912023 0,000968
squarely 1,966113 0,000487
squatted 1,660731 0,000411
squaw 2,813411 0,000696
squirmed 2,995732 0,000742
squirrels 2,207275 0,000546
stable 0,579818 0,000144
stables 1,078810 0,000267
stage 0,223144 0,000055
stagger 1,469676 0,000364
staggered 0,733969 0,000182
staggering 1,237874 0,000306
staked 2,040221 0,000505
stalk 1,386294 0,000343
stalked 1,560648 0,000386
stamped 0,693147 0,000172
stand 0,000000 0,000000
standing 0,030459 0,000008
stands 0,261365 0,000065
standstill 1,714798 0,000424
star 0,544727 0,000135
stars 0,342490 0,000085
start -0,009950 -0,000002
started 0,150823 0,000037
starting 0,371064 0,000092
starts 0,941609 0,000233
starvation 1,386294 0,000343
starved 1,049822 0,000260
starves 3,912023 0,000968
starving 1,049822 0,000260
stately 0,733969 0,000182
station 0,356675 0,000088
statue 0,843970 0,000209
stay 0,083382 0,000021
staying 0,653926 0,000162
stead 1,139434 0,000282
steadily 0,415515 0,000103
steal 0,510826 0,000126
stealing 0,653926 0,000162
stealthily 1,560648 0,000386
steamer 1,514128 0,000375
steamship 2,407946 0,000596
steel 0,510826 0,000126
steep 0,579818 0,000144
steeped 1,660731 0,000411
steeply 2,525729 0,000625
step 0,083382 0,000021
stepped 0,510826 0,000126
steps 0,094311 0,000023
stern 0,478036 0,000118
stewart 2,659260 0,000658
stick 0,342490 0,000085
sticks 0,733969 0,000182
stiff 0,430783 0,000107
stiffened 1,386294 0,000343
stiffness 1,660731 0,000411
stinging 1,660731 0,000411
stir 0,400478 0,000099
stirred 0,446287 0,000110
stirring 0,510826 0,000126
stirrings 2,995732 0,000742
stole 0,494296 0,000122
stomach 0,693147 0,000172
stone 0,116534 0,000029
stood 0,030459 0,000008
stooped 0,776529 0,000192
stopover 3,912023 0,000968
stoppage 2,407946 0,000596
stoppages 2,813411 0,000696
store 0,385662 0,000095
stormed 1,771957 0,000439
story 0,051293 0,000013
stout 0,579818 0,000144
stoutest 1,966113 0,000487
stoutly 1,237874 0,000306
straight 0,105361 0,000026
strain 0,385662 0,000095
strained 0,776529 0,000192
straining 0,867501 0,000215
strange 0,061875 0,000015
strangely 0,579818 0,000144
stranger 0,139262 0,000034
strangers 0,356675 0,000088
strangle 1,771957 0,000439
strangling 1,897120 0,000470
strapped 1,966113 0,000487
straps 1,771957 0,000439
straw 0,356675 0,000088
strawberries 2,120264 0,000525
stray 0,891598 0,000221
stream 0,210721 0,000052
streamed 1,347074 0,000333
streaming 0,798508 0,000198
streamlet 2,525729 0,000625
streams 0,843970 0,000209
street 0,198451 0,000049
strength 0,030459 0,000008
stretch 0,446287 0,000110
stretched 0,274437 0,000068
stretches 1,309333 0,000324
stricken 0,653926 0,000162
strife 1,021651 0,000253
strike 0,210721 0,000052
striking 0,274437 0,000068
strings 0,843970 0,000209
stringy 2,659260 0,000658
stripped 0,776529 0,000192
strips 1,309333 0,000324
striving 0,755023 0,000187
strokes 0,916291 0,000227
stroll 1,347074 0,000333
strong 0,030459 0,000008
stronger 0,287682 0,000071
strove 1,078810 0,000267
struck 0,083382 0,000021
struggle 0,287682 0,000071
struggled 0,415515 0,000103
struggling 0,462035 0,000114
strung 1,386294 0,000343
strutting 2,120264 0,000525
studying 0,653926 0,000162
stuff 0,385662 0,000095
stumbled 0,891598 0,000221
stunned 1,078810 0,000267
stuttered 3,218876 0,000797
style 0,274437 0,000068
subdued 0,494296 0,000122
submerged 1,560648 0,000386
substitute 1,021651 0,000253
subtle 0,733969 0,000182
subtler 2,407946 0,000596
succeed 0,328504 0,000081
succeeded 0,186330 0,000046
successful 0,478036 0,000118
succession 0,510826 0,000126
suck 1,139434 0,000282
sudden 0,072571 0,000018
suddenly 0,040822 0,000010
suffer 0,127833 0,000032
suffered 0,210721 0,000052
suffering 0,248461 0,000062
sufficient 0,139262 0,000034
suffocating 1,966113 0,000487
sullen 0,798508 0,000198
sullenly 1,427116 0,000353
sum 0,356675 0,000088
summer 0,186330 0,000046
summers 1,966113 0,000487
summit 0,798508 0,000198
sun 0,072571 0,000018
sundays 1,309333 0,000324
sunland 3,912023 0,000968
sunshine 0,616186 0,000153
superfluous 0,867501 0,000215
superior 0,274437 0,000068
supper 0,446287 0,000110
supply 0,371064 0,000092
suppose 0,072571 0,000018
suppress 1,049822 0,000260
suppressed 0,673345 0,000167
suppressedly 3,912023 0,000968
supremacy 1,714798 0,000424
supreme 0,616186 0,000153
surcharged 2,659260 0,000658
surely 0,186330 0,000046
surface 0,301105 0,000075
surge 1,832581 0,000454
surged 2,302585 0,000570
surgeon 1,108663 0,000274
surging 1,609438 0,000398
surprise 0,174353 0,000043
surprised 0,210721 0,000052
surprising 0,544727 0,000135
surrounded 0,223144 0,000055
survey 0,755023 0,000187
surveyed 1,139434 0,000282
survive 0,274437 0,000068
survived 1,021651 0,000253
surviving 1,427116 0,000353
survivors 1,771957 0,000439
suspicious 0,579818 0,000144
swaggering 2,407946 0,000596
swam 1,108663 0,000274
swarming 1,171183 0,000290
swart 2,659260 0,000658
swarthy 1,660731 0,000411
swayed 1,108663 0,000274
swearing 0,994252 0,000246
sweater 2,995732 0,000742
sweating 1,966113 0,000487
sweep 0,673345 0,000167
sweeping 0,820981 0,000203
sweet 0,174353 0,000043
sweethearts 2,659260 0,000658
swelled 0,776529 0,000192
swelling 0,693147 0,000172
swept 0,385662 0,000095
swift 0,415515 0,000103
swiftly 0,713350 0,000177
swimmer 1,897120 0,000470
swimming 0,820981 0,000203
swing 0,693147 0,000172
swinging 0,798508 0,000198
swirl 2,407946 0,000596
swollen 0,867501 0,000215
swore 0,634878 0,000157
sworn 0,673345 0,000167
swung 0,733969 0,000182
sympathetically 1,897120 0,000470
tables 0,415515 0,000103
tagish 3,912023 0,000968
tail 0,462035 0,000114
tails 0,713350 0,000177
takers 2,995732 0,000742
takin 2,407946 0,000596
tale 0,287682 0,000071
talk 0,083382 0,000021
talked 0,261365 0,000065
talking 0,150823 0,000037
tall 0,223144 0,000055
tallow 1,514128 0,000375
tam 2,525729 0,000625
tamed 1,609438 0,000398
tangible 1,560648 0,000386
tangle 1,514128 0,000375
tangled 1,108663 0,000274
tank 1,966113 0,000487
target 1,514128 0,000375
task 0,261365 0,000065
taste 0,174353 0,000043
tasting 1,203973 0,000298
taught 0,248461 0,000062
taunted 2,407946 0,000596
taut 2,207275 0,000546
teach 0,248461 0,000062
teachers 0,776529 0,000192
teaching 0,462035 0,000114
team 1,139434 0,000282
teams 1,832581 0,000454
tearing 0,673345 0,000167
tears 0,150823 0,000037
teasing 1,897120 0,000470
teeth 0,198451 0,000049
temper 0,274437 0,000068
temperature 1,469676 0,000364
tempered 0,653926 0,000162
tempers 1,609438 0,000398
tend 0,733969 0,000182
tenderfoot 3,218876 0,000797
tendons 2,407946 0,000596
tense 1,609438 0,000398
tent 0,994252 0,000246
tents 1,171183 0,000290
terms 0,061875 0,000015
terrible 0,186330 0,000046
terribly 0,733969 0,000182
terriers 2,995732 0,000742
terrific 1,108663 0,000274
terrified 0,693147 0,000172
terrifying 2,040221 0,000505
terror 0,198451 0,000049
terse 2,120264 0,000525
testimony 0,579818 0,000144
thawed 2,120264 0,000525
thawing 2,407946 0,000596
theft 1,347074 0,000333
thenceforward 2,302585 0,000570
theory 0,478036 0,000118
thermometer 1,660731 0,000411
thicket 1,203973 0,000298
thief 0,653926 0,000162
thighs 1,514128 0,000375
thinking 0,274437 0,000068
thirst 0,527633 0,000131
thirsting 2,120264 0,000525
thirsty 0,843970 0,000209
thong 2,525729 0,000625
thoroughfare 2,040221 0,000505
thoughtless 1,108663 0,000274
thrash 2,040221 0,000505
thrashing 1,609438 0,000398
threading 2,120264 0,000525
threatened 0,415515 0,000103
threatening 0,544727 0,000135
threateningly 2,302585 0,000570
threw 0,116534 0,000029
thrice 0,755023 0,000187
thrill 0,867501 0,000215
thrilling 1,139434 0,000282
throat 0,261365 0,000065
throats 0,891598 0,000221
throbbed 1,609438 0,000398
throbbing 1,347074 0,000333
throttled 2,407946 0,000596
throw 0,083382 0,000021
throwing 0,287682 0,000071
thrown 0,116534 0,000029
thrust 0,328504 0,000081
thrusting 1,171183 0,000290
thumping 2,207275 0,000546
tidal 2,659260 0,000658
tide 0,653926 0,000162
tides 1,427116 0,000353
tie 0,510826 0,000126
tight 0,616186 0,000153
tightened 1,714798 0,000424
tightening 1,897120 0,000470
tightly 0,867501 0,000215
timber 0,867501 0,000215
time -0,009950 -0,000002
times 0,010050 0,000002
timid 0,544727 0,000135
tin 0,798508 0,000198
tinkled 2,040221 0,000505
tire 0,994252 0,000246
tired 0,198451 0,000049
tiredness 3,218876 0,000797
tireless 2,207275 0,000546
tissue 1,560648 0,000386
tissues 2,813411 0,000696
toes 0,755023 0,000187
toil 0,616186 0,000153
toiled 1,514128 0,000375
token 0,798508 0,000198
tokens 1,386294 0,000343
tolerated 1,469676 0,000364
toll 1,660731 0,000411
tom 1,049822 0,000260
ton 1,560648 0,000386
tone 0,248461 0,000062
tongue 0,162519 0,000040
tongues 0,634878 0,000157
tonic 2,207275 0,000546
tools 0,820981 0,000203
toothless 2,120264 0,000525
toots 3,506558 0,000868
topic 1,021651 0,000253
tore 0,527633 0,000131
torment 0,916291 0,000227
tormentor 2,207275 0,000546
tormentors 2,659260 0,000658
torn 0,248461 0,000062
tornado 2,659260 0,000658
tossed 0,673345 0,000167
total 0,597837 0,000148
tote 2,813411 0,000696
totem 3,506558 0,000868
tottered 1,897120 0,000470
touch 0,083382 0,000021
touched 0,139262 0,000034
touches 0,798508 0,000198
toughest 2,525729 0,000625
towed 2,120264 0,000525
town 0,105361 0,000026
trace 0,371064 0,000092
traces 0,673345 0,000167
track 0,510826 0,000126
trade 0,328504 0,000081
traded 1,714798 0,000424
tradition 0,891598 0,000221
tragedy 0,798508 0,000198
tragic 0,820981 0,000203
trail 1,021651 0,000253
trails 2,302585 0,000570
train 0,274437 0,000068
trained 0,544727 0,000135
trait 1,514128 0,000375
traits 1,469676 0,000364
tramping 1,514128 0,000375
trampled 0,843970 0,000209
transformation 1,347074 0,000333
transformed 0,967584 0,000240
transforming 2,120264 0,000525
transient 1,469676 0,000364
transportation 1,714798 0,000424
trap 0,653926 0,000162
traps 1,386294 0,000343
travail 1,966113 0,000487
travel 0,356675 0,000088
travelled 0,941609 0,000233
travellers 0,994252 0,000246
travelling 0,693147 0,000172
treacherous 0,891598 0,000221
treacherously 2,207275 0,000546
treachery 0,755023 0,000187
treasure 0,385662 0,000095
treated 0,261365 0,000065
treatment 0,127833 0,000032
tree 0,235722 0,000058
trees 0,127833 0,000032
treetops 2,525729 0,000625
trembled 0,462035 0,000114
trembling 0,287682 0,000071
tremendous 0,693147 0,000172
trespasser 3,506558 0,000868
tribesmen 3,506558 0,000868
trice 2,525729 0,000625
trick 0,510826 0,000126
tricked 1,832581 0,000454
trickle 1,897120 0,000470
trickling 1,609438 0,000398
tricks 0,579818 0,000144
trifle 0,579818 0,000144
trim 1,237874 0,000306
trip 0,713350 0,000177
tripped 1,469676 0,000364
triumph 0,274437 0,000068
triumphantly 0,941609 0,000233
trot 1,139434 0,000282
trotted 1,427116 0,000353
trouble 0,051293 0,000013
trouncing 3,506558 0,000868
trouser 2,040221 0,000505
truce 1,237874 0,000306
truck 1,609438 0,000398
trucked 3,912023 0,000968
true 0,020203 0,000005
trunk 0,755023 0,000187
trunks 0,941609 0,000233
trust 0,116534 0,000029
tubbing 3,912023 0,000968
tuckered 3,218876 0,000797
tuition 1,771957 0,000439
tumbled 0,867501 0,000215
tween 3,218876 0,000797
twilight 0,733969 0,000182
twist 1,021651 0,000253
twisted 0,562119 0,000139
twitching 1,469676 0,000364
type 0,446287 0,000110
ultimately 1,108663 0,000274
unable 0,248461 0,000062
unaffected 1,386294 0,000343
unafraid 3,506558 0,000868
unaltered 2,302585 0,000570
unapproachable 2,040221 0,000505
unaware 1,469676 0,000364
unbreakable 2,995732 0,000742
unbridled 2,207275 0,000546
unbroken 0,733969 0,000182
unbuilt 3,506558 0,000868
uncanny 1,560648 0,000386
uncharted 2,813411 0,000696
uncles 2,040221 0,000505
uncoiled 2,995732 0,000742
unconcern 2,120264 0,000525
unconscious 0,400478 0,000099
unconsciously 0,634878 0,000157
uncontent 3,912023 0,000968
uncouth 1,347074 0,000333
uncowed 3,912023 0,000968
underbrush 2,407946 0,000596
underfeeding 3,912023 0,000968
underfoot 2,207275 0,000546
undergrowth 2,302585 0,000570
underhand 2,407946 0,000596
understand 0,030459 0,000008
understanding 0,223144 0,000055
understood 0,061875 0,000015
undervalued 2,659260 0,000658
undesirable 2,207275 0,000546
undid 1,897120 0,000470
undreamed 3,506558 0,000868
unduly 1,966113 0,000487
unearthed 2,040221 0,000505
uneasily 1,347074 0,000333
unending 3,218876 0,000797
unendurable 1,966113 0,000487
unexpected 0,430783 0,000107
unfair 1,049822 0,000260
unfastened 1,714798 0,000424
unfed 3,912023 0,000968
unfinished 1,049822 0,000260
unheeded 1,609438 0,000398
unhesitatingly 1,660731 0,000411
unhitched 2,813411 0,000696
universal 0,478036 0,000118
unjust 0,693147 0,000172
unkempt 2,040221 0,000505
unknown 0,105361 0,000026
unloaded 3,218876 0,000797
unlucky 1,139434 0,000282
unmistakable 1,171183 0,000290
unmolested 1,714798 0,000424
unnumbered 2,813411 0,000696
unpacked 2,120264 0,000525
unpleasantly 1,832581 0,000454
unpursued 3,912023 0,000968
unresisting 2,302585 0,000570
unrest 2,040221 0,000505
unrested 3,912023 0,000968
unruly 1,609438 0,000398
unseen 0,616186 0,000153
unsuspected 1,609438 0,000398
unswerving 3,218876 0,000797
untold 1,714798 0,000424
untouched 1,171183 0,000290
untreated 3,912023 0,000968
unusually 0,891598 0,000221
unutterable 1,203973 0,000298
unuttered 2,995732 0,000742
unwashed 2,525729 0,000625
unwieldy 2,207275 0,000546
unwilling 0,653926 0,000162
unwillingly 1,171183 0,000290
unwittingly 1,660731 0,000411
unwonted 1,309333 0,000324
uppermost 1,237874 0,000306
upright 0,328504 0,000081
uproar 1,049822 0,000260
uproariously 2,813411 0,000696
upstanding 2,995732 0,000742
upward 0,579818 0,000144
urgent 0,798508 0,000198
usual 0,139262 0,000034
usurp 2,207275 0,000546
utensils 1,386294 0,000343
uttered 0,430783 0,000107
uttering 0,994252 0,000246
utterly 0,371064 0,000092
vague 0,579818 0,000144
vaguely 0,967584 0,000240
vain 0,116534 0,000029
vainly 0,634878 0,000157
vair 3,506558 0,000868
valley 0,616186 0,000153
valleys 1,108663 0,000274
valor 1,771957 0,000439
vanish 0,967584 0,000240
varying 0,755023 0,000187
vast 0,223144 0,000055
vastness 2,040221 0,000505
vaunt 2,120264 0,000525
veered 2,525729 0,000625
vegetable 1,237874 0,000306
veins 0,544727 0,000135
venom 1,714798 0,000424
ventured 0,478036 0,000118
veranda 2,525729 0,000625
vexation 0,867501 0,000215
vibrant 3,218876 0,000797
vicarious 2,813411 0,000696
vicious 0,653926 0,000162
victim 0,462035 0,000114
view 0,105361 0,000026
views 0,562119 0,000139
vigil 1,897120 0,000470
vigilant 1,560648 0,000386
vigils 2,525729 0,000625
vigor 1,347074 0,000333
vigorously 1,021651 0,000253
vii 0,430783 0,000107
vilely 2,120264 0,000525
village 0,356675 0,000088
vine 1,049822 0,000260
vines 1,237874 0,000306
violently 0,462035 0,000114
virgin 0,755023 0,000187
virility 2,659260 0,000658
virtue 0,328504 0,000081
visible 0,235722 0,000058
vision 0,371064 0,000092
visions 0,733969 0,000182
visitor 0,713350 0,000177
vital 0,693147 0,000172
vitality 1,309333 0,000324
voice 0,020203 0,000005
voiced 1,714798 0,000424
voices 0,287682 0,000071
void 0,274437 0,000068
volcanoes 2,525729 0,000625
voracious 2,040221 0,000505
wager 1,427116 0,000353
wages 0,916291 0,000227
wagged 2,040221 0,000505
wagon 1,171183 0,000290
wailing 1,203973 0,000298
waited 0,198451 0,000049
waiting 0,083382 0,000021
wake 0,462035 0,000114
wakens 2,525729 0,000625
waking 0,562119 0,000139
walk 0,105361 0,000026
walked 0,210721 0,000052
wall 0,198451 0,000049
walled 1,347074 0,000333
walls 0,139262 0,000034
wan 1,427116 0,000353
wandered 0,494296 0,000122
wandering 0,274437 0,000068
wantonness 1,514128 0,000375
war 0,162519 0,000040
warily 1,966113 0,000487
warm 0,139262 0,000034
warmed 0,867501 0,000215
warmer 0,994252 0,000246
warmly 0,798508 0,000198
warning 0,248461 0,000062
wary 1,203973 0,000298
wash 0,478036 0,000118
washed 0,494296 0,000122
washes 1,714798 0,000424
washing 0,579818 0,000144
waste 0,186330 0,000046
wasted 0,400478 0,000099
watch 0,094311 0,000023
watched 0,210721 0,000052
watchful 1,171183 0,000290
watching 0,210721 0,000052
water 0,051293 0,000013
watercourses 3,218876 0,000797
watering 1,347074 0,000333
waters 0,356675 0,000088
watershed 3,912023 0,000968
watery 1,272966 0,000315
wave 0,527633 0,000131
waves 0,478036 0,000118
waving 0,653926 0,000162
waxed 1,514128 0,000375
wayfarers 3,218876 0,000797
weak 0,116534 0,000029
weaker 0,634878 0,000157
weakly 1,347074 0,000333
weakness 0,261365 0,000065
wearing 0,415515 0,000103
weary 0,198451 0,000049
wearying 2,120264 0,000525
weather 0,248461 0,000062
weazened 3,218876 0,000797
wedges 2,659260 0,000658
week 0,235722 0,000058
weeks 0,248461 0,000062
weeping 0,544727 0,000135
weighed 0,430783 0,000107
weight 0,116534 0,000029
weird 1,309333 0,000324
welfare 0,916291 0,000227
wept 0,597837 0,000148
western 0,616186 0,000153
wet 0,287682 0,000071
whale 1,897120 0,000470
whaling 3,218876 0,000797
wheedlingly 3,912023 0,000968
wheel 0,446287 0,000110
wheeler 2,302585 0,000570
whereat 1,560648 0,000386
wherefore 1,139434 0,000282
whiff 1,832581 0,000454
whimpered 2,525729 0,000625
whimpering 1,966113 0,000487
whine 1,771957 0,000439
whined 2,302585 0,000570
whining 1,660731 0,000411
whip 0,597837 0,000148
whipped 1,078810 0,000267
whipping 1,660731 0,000411
whips 1,714798 0,000424
whipsawed 3,506558 0,000868
whirl 1,078810 0,000267
whirled 1,078810 0,000267
whirlwind 1,609438 0,000398
whisper 0,446287 0,000110
whispered 0,400478 0,000099
whistling 0,916291 0,000227
white 0,051293 0,000013
whiteness 1,139434 0,000282
whittled 2,995732 0,000742
whittling 3,218876 0,000797
whoa 2,813411 0,000696
whoop 1,966113 0,000487
whoso 2,207275 0,000546
wide 0,061875 0,000015
wielded 1,966113 0,000487
wife 0,094311 0,000023
wild 0,051293 0,000013
wilder 1,966113 0,000487
wilderness 0,693147 0,000172
wildfowl 3,218876 0,000797
wildly 0,776529 0,000192
wildness 1,514128 0,000375
wiliness 2,995732 0,000742
willow 1,469676 0,000364
willows 1,609438 0,000398
win 0,462035 0,000114
wind 0,105361 0,000026
winded 1,832581 0,000454
windows 0,261365 0,000065
winds 0,494296 0,000122
winking 1,309333 0,000324
winter 0,198451 0,000049
winters 1,514128 0,000375
wintry 1,386294 0,000343
wiped 0,733969 0,000182
wiping 1,108663 0,000274
wisdom 0,287682 0,000071
wise 0,105361 0,000026
wistfully 1,832581 0,000454
withheld 1,108663 0,000274
withstanding 2,207275 0,000546
witness 0,198451 0,000049
witnessed 0,798508 0,000198
wives 0,400478 0,000099
woe 0,755023 0,000187
wolf 0,867501 0,000215
wolfish 2,407946 0,000596
wolflike 3,912023 0,000968
wolves 1,049822 0,000260
woman 0,061875 0,000015
womanhood 1,771957 0,000439
womb 1,272966 0,000315
women 0,094311 0,000023
wonderful 0,162519 0,000040
wonted 1,832581 0,000454
wood 0,116534 0,000029
wooded 1,609438 0,000398
woodpeckers 3,218876 0,000797
woods 0,430783 0,000107
woody 1,832581 0,000454
word 0,020203 0,000005
wore 0,274437 0,000068
worker 1,427116 0,000353
wormed 2,407946 0,000596
worn 0,223144 0,000055
worried 0,867501 0,000215
worry 0,820981 0,000203
worrying 1,560648 0,000386
worse 0,083382 0,000021
worshipful 3,506558 0,000868
worst 0,186330 0,000046
worth 0,061875 0,000015
worthily 1,897120 0,000470
worthless 0,843970 0,000209
wot 2,040221 0,000505
wound 0,274437 0,000068
wounded 0,274437 0,000068
wounds 0,562119 0,000139
wraith 2,995732 0,000742
wrangled 3,218876 0,000797
wrap 1,237874 0,000306
wrapped 0,579818 0,000144
wrappings 2,525729 0,000625
wrath 0,634878 0,000157
wreckage 2,302585 0,000570
wrenched 1,427116 0,000353
wrenching 2,207275 0,000546
wrestled 1,897120 0,000470
wrestling 1,469676 0,000364
wretched 0,328504 0,000081
wriggled 1,966113 0,000487
wrinkled 1,021651 0,000253
writhed 1,386294 0,000343
writhing 1,203973 0,000298
written 0,051293 0,000013
wrong 0,083382 0,000021
wrote 0,150823 0,000037
yard 0,430783 0,000107
yards 0,400478 0,000099
yawn 1,309333 0,000324
yawned 1,272966 0,000315
yawning 1,237874 0,000306
yearning 1,609438 0,000398
yearnings 2,813411 0,000696
yellow 0,328504 0,000081
yelp 2,120264 0,000525
yelped 2,407946 0,000596
yelping 2,040221 0,000505
yelps 2,813411 0,000696
yep 3,506558 0,000868
youngster 1,514128 0,000375
youth 0,150823 0,000037
yukon 3,912023 0,000968
zeal 0,579818 0,000144
