abandon 0,544727 0,000063
abandoned 0,371064 0,000043
abash 2,813411 0,000328
abate 1,560648 0,000182
abated 1,427116 0,000166
abatement 2,120264 0,000247
abates 3,218876 0,000375
abating 2,407946 0,000280
abbey 1,609438 0,000187
abbot 2,207275 0,000257
abel 2,120264 0,000247
abhorred 1,560648 0,000182
abide 0,287682 0,000033
abides 2,207275 0,000257
abiding 1,309333 0,000152
ability 0,579818 0,000067
abject 1,049822 0,000122
abjectly 2,659260 0,000310
abjectness 3,218876 0,000375
abode 0,616186 0,000072
abodes 2,120264 0,000247
abominable 0,867501 0,000101
abortion 2,659260 0,000310
abortive 2,040221 0,000238
abraham 1,386294 0,000161
absalom 2,407946 0,000280
absent 0,385662 0,000045
absolute 0,400478 0,000047
absolve 2,120264 0,000247
absorb 1,514128 0,000176
abstain 1,309333 0,000152
abstinence 1,609438 0,000187
abstracted 1,309333 0,000152
abstruse 1,966113 0,000229
abundantly 1,272966 0,000148
abutment 3,506558 0,000408
abyss 1,049822 0,000122
accent 0,843970 0,000098
accents 1,272966 0,000148
accept 0,094311 0,000011
acceptable 0,967584 0,000113
acceptance 0,967584 0,000113
accepted 0,139262 0,000016
accepting 0,287682 0,000033
accepts 1,514128 0,000176
access 0,314711 0,000037
accessed 0,562119 0,000065
accessible 0,446287 0,000052
accident 0,371064 0,000043
acclaim 2,659260 0,000310
acclivity 3,218876 0,000375
accompanied 0,223144 0,000026
accomplice 1,660731 0,000193
accomplish 0,733969 0,000085
accord 0,597837 0,000070
accordant 2,995732 0,000349
accords 2,302585 0,000268
accost 2,040221 0,000238
accosted 1,386294 0,000161
account 0,010050 0,000001
accounting 1,832581 0,000213
accruing 3,218876 0,000375
accursed 1,108663 0,000129
accurst 3,506558 0,000408
accus 3,506558 0,000408
accuse 0,916291 0,000107
accuser 1,771957 0,000206
accusing 1,347074 0,000157
accustom 1,714798 0,000200
acheron 2,659260 0,000310
achilles 1,560648 0,000182
aching 1,309333 0,000152
acknowledging 1,386294 0,000161
acone 3,912023 0,000455
acorn 2,525729 0,000294
acorns 1,966113 0,000229
acquainted 0,385662 0,000045
acquiesce 1,609438 0,000187
acquirement 2,659260 0,000310
acquires 2,302585 0,000268
acquit 1,514128 0,000176
acquittance 3,506558 0,000408
acre 1,427116 0,000166
action 0,139262 0,000016
active 0,127833 0,000015
actual 0,174353 0,000020
acute 0,733969 0,000085
adam 0,941609 0,000110
adamant 2,120264 0,000247
add 0,198451 0,000023
adder 2,302585 0,000268
adders 2,995732 0,000349
adding 0,510826 0,000059
addition 0,116534 0,000014
additional 0,198451 0,000023
additions 0,371064 0,000043
address 0,116534 0,000014
addressed 0,274437 0,000032
addresses 0,385662 0,000045
addressing 0,579818 0,000067
addrest 3,218876 0,000375
adhering 1,832581 0,000213
adjudges 3,912023 0,000455
admiral 1,386294 0,000161
admiration 0,342490 0,000040
admire 0,527633 0,000061
admires 1,897120 0,000221
admiring 0,776529 0,000090
admits 1,021651 0,000119
admittance 1,427116 0,000166
admitted 0,301105 0,000035
admonish 2,120264 0,000247
ador 3,218876 0,000375
adore 1,469676 0,000171
adoring 2,040221 0,000238
adornment 2,040221 0,000238
adorns 2,525729 0,000294
adown 2,659260 0,000310
adriatic 2,407946 0,000280
adrift 1,660731 0,000193
adulterate 3,912023 0,000455
adulterer 2,407946 0,000280
adultery 1,832581 0,000213
adust 3,218876 0,000375
advance 0,223144 0,000026
advances 0,820981 0,000096
advancing 0,579818 0,000067
advantage 0,139262 0,000016
adversaries 1,469676 0,000171
adversary 0,994252 0,000116
adverse 1,514128 0,000176
advise 0,462035 0,000054
aegina 3,506558 0,000408
aeneas 3,218876 0,000375
aesop 2,813411 0,000328
afar 0,994252 0,000116
affect 0,478036 0,000056
affection 0,235722 0,000027
affectionate 0,616186 0,000072
affections 0,798508 0,000093
affinity 1,514128 0,000176
affirm 1,139434 0,000133
affirmation 2,302585 0,000268
affirming 1,966113 0,000229
affirms 2,040221 0,000238
affix 2,659260 0,000310
affixing 3,912023 0,000455
afflation 3,912023 0,000455
afflict 1,897120 0,000221
afflicted 0,693147 0,000081
affliction 0,867501 0,000101
afforded 0,616186 0,000072
affording 1,427116 0,000166
affords 1,139434 0,000133
affray 3,506558 0,000408
afresh 1,021651 0,000119
aft 1,771957 0,000206
aftergrowth 3,912023 0,000455
afterward 1,139434 0,000133
agape 2,659260 0,000310
age 0,051293 0,000006
aged 0,198451 0,000023
agency 1,203973 0,000140
agent 0,274437 0,000032
ages 0,261365 0,000030
aggravate 1,660731 0,000193
aggrieve 3,912023 0,000455
aghast 1,272966 0,000148
aglauros 3,506558 0,000408
agnus 2,995732 0,000349
agony 0,544727 0,000063
agree 0,116534 0,000014
agreed 0,116534 0,000014
agreeing 1,347074 0,000157
agreement 0,210721 0,000025
agrees 1,427116 0,000166
ague 1,660731 0,000193
aid 0,287682 0,000033
aidance 3,912023 0,000455
ails 1,660731 0,000193
aim 0,462035 0,000054
aiming 1,309333 0,000152
aims 1,171183 0,000136
air 0,061875 0,000007
airy 1,237874 0,000144
alabaster 2,040221 0,000238
alarm 0,356675 0,000042
alas 0,462035 0,000054
alba 2,659260 0,000310
albeit 2,207275 0,000257
albert 1,832581 0,000213
alberto 3,218876 0,000375
alchemy 3,218876 0,000375
alexander 1,108663 0,000129
alexandria 1,714798 0,000200
alichino 3,506558 0,000408
alienate 2,302585 0,000268
alienated 2,040221 0,000238
alight 1,386294 0,000161
alighting 1,832581 0,000213
alights 2,813411 0,000328
alike 0,287682 0,000033
aliment 2,659260 0,000310
alive 0,051293 0,000006
allay 1,609438 0,000187
alley 1,272966 0,000148
allotted 1,139434 0,000133
allotting 2,995732 0,000349
allowance 0,776529 0,000090
alloy 1,966113 0,000229
allurement 2,407946 0,000280
almighty 1,108663 0,000129
alms 1,309333 0,000152
aloft 0,916291 0,000107
aloof 1,309333 0,000152
aloud 0,301105 0,000035
alp 2,813411 0,000328
alpha 2,525729 0,000294
alpine 2,120264 0,000247
alter 0,544727 0,000063
alteration 0,314711 0,000037
alternate 0,328504 0,000038
alternately 1,021651 0,000119
alway 2,659260 0,000310
amain 2,525729 0,000294
amaze 1,832581 0,000213
amazed 0,634878 0,000074
amazement 0,446287 0,000052
amber 1,386294 0,000161
ambient 3,218876 0,000375
ambrosial 2,659260 0,000310
ambush 1,386294 0,000161
ambushment 3,218876 0,000375
amen 1,237874 0,000144
amendment 1,714798 0,000200
amends 1,108663 0,000129
amiss 0,820981 0,000096
amomum 3,506558 0,000408
amorous 1,386294 0,000161
amphion 2,813411 0,000328
ample 0,527633 0,000061
ampler 2,995732 0,000349
amplitude 2,525729 0,000294
amyclas 3,912023 0,000455
ananias 3,506558 0,000408
anastasius 3,218876 0,000375
ancestors 0,527633 0,000061
ancestress 3,506558 0,000408
anchises 2,813411 0,000328
anchor 0,867501 0,000101
ancient 0,198451 0,000023
andes 2,659260 0,000310
andrea 2,995732 0,000349
anew 0,867501 0,000101
angel 0,579818 0,000067
angelic 1,514128 0,000176
angelical 3,218876 0,000375
angelically 3,218876 0,000375
angelo 2,302585 0,000268
angels 0,776529 0,000090
anger 0,328504 0,000038
angrily 0,867501 0,000101
angry 0,174353 0,000020
anguish 0,579818 0,000067
animal 0,261365 0,000030
animals 0,494296 0,000058
animation 1,171183 0,000136
anna 1,832581 0,000213
annoy 1,309333 0,000152
annoyance 1,049822 0,000122
annual 1,171183 0,000136
anointed 1,660731 0,000193
anon 1,272966 0,000148
answer 0,040822 0,000005
answered 0,072571 0,000008
answering 0,510826 0,000059
answers 0,415515 0,000048
antaeus 2,813411 0,000328
ante 2,525729 0,000294
antenor 2,995732 0,000349
anthem 2,525729 0,000294
anthony 2,040221 0,000238
anticipative 3,506558 0,000408
antigone 2,813411 0,000328
antique 1,171183 0,000136
anvil 2,302585 0,000268
anxiety 0,287682 0,000033
anxious 0,261365 0,000030
aped 3,218876 0,000375
apennine 2,995732 0,000349
aperture 1,714798 0,000200
apertures 2,207275 0,000257
aphorisms 2,659260 0,000310
apollo 1,660731 0,000193
apostleship 3,218876 0,000375
apostolic 2,659260 0,000310
appall 3,912023 0,000455
apparel 1,203973 0,000140
appareling 3,912023 0,000455
apparent 0,314711 0,000037
appeal 0,342490 0,000040
appearance 0,083382 0,000010
appearances 0,693147 0,000081
appease 1,714798 0,000200
appellation 1,897120 0,000221
appertain 2,525729 0,000294
appetite 0,371064 0,000043
appetites 1,049822 0,000122
applausive 3,506558 0,000408
apple 0,616186 0,000072
appliance 3,218876 0,000375
applicable 0,400478 0,000047
applied 0,287682 0,000033
apply 0,162519 0,000019
appointed 0,356675 0,000042
appointment 0,693147 0,000081
appoints 2,813411 0,000328
apportions 3,912023 0,000455
apprehend 1,108663 0,000129
apprehending 1,966113 0,000229
apprehends 2,813411 0,000328
apprehension 0,616186 0,000072
approach 0,083382 0,000010
approaches 0,867501 0,000101
approaching 0,235722 0,000027
approval 0,798508 0,000093
approve 0,653926 0,000076
apt 0,579818 0,000067
aptly 2,040221 0,000238
apulian 3,912023 0,000455
aquarius 2,995732 0,000349
arab 1,514128 0,000176
arabian 1,309333 0,000152
arachne 2,995732 0,000349
arbiter 2,302585 0,000268
arbitrement 3,506558 0,000408
arboreta 3,912023 0,000455
arca 3,912023 0,000455
arch 0,820981 0,000096
archangel 2,040221 0,000238
archangels 2,302585 0,000268
archbishop 1,609438 0,000187
arched 1,171183 0,000136
arches 1,427116 0,000166
architect 1,309333 0,000152
archive 0,544727 0,000063
arctic 2,040221 0,000238
ardour 1,272966 0,000148
ardours 3,506558 0,000408
arduous 1,714798 0,000200
arethusa 2,659260 0,000310
argive 2,813411 0,000328
argo 2,525729 0,000294
argued 0,798508 0,000093
argument 0,371064 0,000043
arguments 0,562119 0,000065
argus 2,120264 0,000247
ariadne 2,659260 0,000310
arid 1,966113 0,000229
aries 2,995732 0,000349
aright 1,078810 0,000126
arius 3,506558 0,000408
ark 1,560648 0,000182
arles 2,995732 0,000349
arm 0,094311 0,000011
armed 0,385662 0,000045
armlets 3,218876 0,000375
armour 1,514128 0,000176
armpits 2,407946 0,000280
arms 0,051293 0,000006
army 0,371064 0,000043
array 0,314711 0,000037
arrive 0,314711 0,000037
arrived 0,150823 0,000018
arriving 0,634878 0,000074
arrogance 1,714798 0,000200
arrogant 1,347074 0,000157
arrogates 3,506558 0,000408
arrow 0,653926 0,000076
arrows 1,021651 0,000119
arrowy 2,995732 0,000349
arsenal 1,966113 0,000229
art 0,139262 0,000016
artful 1,171183 0,000136
artfully 1,832581 0,000213
arthur 1,660731 0,000193
articulate 1,469676 0,000171
articulation 2,302585 0,000268
artisan 2,120264 0,000247
artist 0,634878 0,000074
artless 1,897120 0,000221
arts 0,597837 0,000070
ascend 0,867501 0,000101
ascended 0,713350 0,000083
ascending 1,049822 0,000122
ascends 1,966113 0,000229
ascent 1,021651 0,000119
ascii 0,562119 0,000065
ashes 0,462035 0,000054
ashore 1,139434 0,000133
askance 1,660731 0,000193
aslant 2,407946 0,000280
asleep 0,162519 0,000019
aspect 0,462035 0,000054
aspects 1,514128 0,000176
asperges 3,506558 0,000408
aspirants 2,813411 0,000328
aspire 1,469676 0,000171
aspires 1,966113 0,000229
assail 1,609438 0,000187
assails 2,995732 0,000349
assay 3,506558 0,000408
assemblage 1,771957 0,000206
assemblages 2,995732 0,000349
assembled 0,510826 0,000059
assembly 0,891598 0,000104
assent 0,916291 0,000107
assign 1,386294 0,000161
assigns 2,120264 0,000247
assist 0,510826 0,000059
assistance 0,105361 0,000012
associate 1,021651 0,000119
associates 1,427116 0,000166
assort 3,506558 0,000408
assume 0,478036 0,000056
assumes 1,427116 0,000166
assuming 0,916291 0,000107
assumption 1,347074 0,000157
assurance 0,430783 0,000050
assure 0,385662 0,000045
assuredly 0,967584 0,000113
assyrians 2,302585 0,000268
astern 2,120264 0,000247
astounded 1,427116 0,000166
astray 1,078810 0,000126
asunder 1,108663 0,000129
athens 1,386294 0,000161
athwart 1,560648 0,000182
atmosphere 0,579818 0,000067
atomies 3,912023 0,000455
atropos 2,995732 0,000349
attached 0,127833 0,000015
attain 0,616186 0,000072
attemper 3,506558 0,000408
attempt 0,083382 0,000010
attend 0,301105 0,000035
attendant 0,733969 0,000085
attended 0,342490 0,000040
attention 0,083382 0,000010
attentive 0,713350 0,000083
attentively 0,755023 0,000088
attest 2,302585 0,000268
attested 1,427116 0,000166
attila 2,995732 0,000349
attire 1,203973 0,000140
attract 0,634878 0,000074
attracting 1,427116 0,000166
attracts 1,514128 0,000176
attribute 1,078810 0,000126
attributes 1,237874 0,000144
audible 0,916291 0,000107
audience 0,733969 0,000085
audit 3,506558 0,000408
aught 0,891598 0,000104
augment 1,714798 0,000200
augmented 1,386294 0,000161
augury 2,302585 0,000268
august 0,616186 0,000072
augustin 2,659260 0,000310
augustus 1,714798 0,000200
aurora 1,714798 0,000200
ausonian 2,995732 0,000349
austrian 1,832581 0,000213
authentical 3,912023 0,000455
author 0,116534 0,000014
authoritative 1,897120 0,000221
authority 0,261365 0,000030
autumnal 1,966113 0,000229
avail 0,544727 0,000063
avails 2,207275 0,000257
avarice 1,049822 0,000122
avaunt 3,218876 0,000375
ave 2,302585 0,000268
avenge 1,049822 0,000122
avenged 1,514128 0,000176
avenging 1,714798 0,000200
aventine 2,995732 0,000349
avenue 1,139434 0,000133
aver 2,302585 0,000268
averse 1,049822 0,000122
averted 1,139434 0,000133
avoid 0,174353 0,000020
avouch 3,506558 0,000408
avowal 1,771957 0,000206
await 0,776529 0,000090
awaits 1,237874 0,000144
awaken 0,891598 0,000104
awarded 1,897120 0,000221
aware 0,223144 0,000026
awe 0,597837 0,000070
awed 1,560648 0,000182
awes 3,912023 0,000455
awful 0,328504 0,000038
awhile 0,967584 0,000113
awoke 0,446287 0,000052
axe 1,049822 0,000122
axle 2,120264 0,000247
ay 1,108663 0,000129
aye 1,347074 0,000157
azure 1,514128 0,000176
babbler 3,218876 0,000375
babbling 2,040221 0,000238
babblings 3,506558 0,000408
babe 1,427116 0,000166
babes 1,609438 0,000187
babylonian 2,120264 0,000247
bacchus 1,714798 0,000200
bachelor 1,078810 0,000126
bad 0,051293 0,000006
bade 0,597837 0,000070
badly 0,446287 0,000052
baffle 2,525729 0,000294
bai 3,506558 0,000408
bait 1,078810 0,000126
baits 2,813411 0,000328
balance 0,544727 0,000063
balances 2,302585 0,000268
baldrick 3,912023 0,000455
bale 2,407946 0,000280
balearic 2,995732 0,000349
baleful 2,040221 0,000238
ballast 1,832581 0,000213
balmy 1,771957 0,000206
band 0,430783 0,000050
bandied 3,218876 0,000375
bands 0,843970 0,000098
bane 2,302585 0,000268
baneful 2,407946 0,000280
banish 1,347074 0,000157
banishment 1,427116 0,000166
bank 0,261365 0,000030
banks 0,494296 0,000058
banner 1,272966 0,000148
banners 1,560648 0,000182
banqueting 2,659260 0,000310
bantling 3,912023 0,000455
baptism 1,897120 0,000221
baptismal 3,218876 0,000375
baptist 2,207275 0,000257
baptistery 3,506558 0,000408
baptizing 2,995732 0,000349
bar 0,527633 0,000061
bard 2,040221 0,000238
bards 2,659260 0,000310
bare 0,162519 0,000019
barefoot 1,609438 0,000187
barefooted 1,714798 0,000200
bares 3,506558 0,000408
bargains 1,897120 0,000221
bari 3,218876 0,000375
bark 0,597837 0,000070
barking 1,237874 0,000144
barks 1,832581 0,000213
barn 1,309333 0,000152
baron 1,514128 0,000176
barr 3,218876 0,000375
barrier 1,078810 0,000126
barriers 1,171183 0,000136
bars 0,653926 0,000076
barterer 3,912023 0,000455
barterers 3,912023 0,000455
base 0,301105 0,000035
based 0,371064 0,000043
basely 1,966113 0,000229
bask 2,120264 0,000247
bastard 1,660731 0,000193
bastardized 3,912023 0,000455
bat 1,469676 0,000171
bate 2,995732 0,000349
bathes 2,813411 0,000328
bathing 1,272966 0,000148
battle 0,287682 0,000033
battlement 2,995732 0,000349
battlements 1,714798 0,000200
bays 1,966113 0,000229
beach 1,049822 0,000122
beacon 1,966113 0,000229
beak 1,427116 0,000166
beaks 2,207275 0,000257
beam 0,843970 0,000098
beaming 1,386294 0,000161
beams 0,994252 0,000116
beamy 3,506558 0,000408
bear 0,061875 0,000007
beard 0,579818 0,000067
bearded 1,108663 0,000129
bearer 1,203973 0,000140
bearing 0,162519 0,000019
bears 0,510826 0,000059
beast 0,342490 0,000040
beastly 1,897120 0,000221
beasts 0,430783 0,000050
beat 0,186330 0,000022
beaten 0,400478 0,000047
beating 0,314711 0,000037
beatitude 2,525729 0,000294
beatitudes 3,506558 0,000408
beatrice 2,525729 0,000294
beats 0,941609 0,000110
beauteous 1,832581 0,000213
beauties 0,820981 0,000096
beautiful 0,083382 0,000010
beauty 0,174353 0,000020
beaver 1,771957 0,000206
beck 2,207275 0,000257
beckon 2,302585 0,000268
becks 2,995732 0,000349
bed 0,051293 0,000006
bede 3,218876 0,000375
bedeck 3,912023 0,000455
bedew 2,995732 0,000349
bedward 3,506558 0,000408
bees 1,021651 0,000119
befall 0,967584 0,000113
befalls 2,302585 0,000268
befell 1,171183 0,000136
befits 2,407946 0,000280
befitted 2,659260 0,000310
befitting 1,771957 0,000206
befriend 1,832581 0,000213
befriending 3,218876 0,000375
beg 0,210721 0,000025
beggar 0,733969 0,000085
beggars 1,171183 0,000136
begging 0,713350 0,000083
begirds 3,912023 0,000455
begirt 2,659260 0,000310
begone 1,660731 0,000193
beguile 2,040221 0,000238
beguiled 1,714798 0,000200
behalf 0,713350 0,000083
beheld 0,510826 0,000059
behest 2,813411 0,000328
behold 0,342490 0,000040
beholder 2,120264 0,000247
beholding 1,021651 0,000119
beholds 2,040221 0,000238
behooved 3,218876 0,000375
behooveful 3,912023 0,000455
behooves 2,659260 0,000310
behoves 2,659260 0,000310
belated 1,514128 0,000176
belie 2,659260 0,000310
belief 0,198451 0,000023
believer 1,514128 0,000176
believeth 2,659260 0,000310
bell 0,400478 0,000047
bellies 2,040221 0,000238
bello 2,659260 0,000310
bellowing 1,832581 0,000213
bells 0,597837 0,000070
belly 0,916291 0,000107
bellying 2,995732 0,000349
beloved 0,415515 0,000048
belt 0,713350 0,000083
belzebub 3,912023 0,000455
benacus 3,912023 0,000455
bench 0,616186 0,000072
bend 0,510826 0,000059
bending 0,597837 0,000070
bends 1,609438 0,000187
beneath 0,198451 0,000023
benedict 3,506558 0,000408
benediction 1,771957 0,000206
beneficence 2,207275 0,000257
benevolent 1,021651 0,000119
benign 2,302585 0,000268
bent 0,174353 0,000020
bequeath 2,302585 0,000268
bereft 1,897120 0,000221
bernard 1,966113 0,000229
bertrand 3,218876 0,000375
beseech 1,049822 0,000122
beseem 2,995732 0,000349
beseems 3,218876 0,000375
beset 0,941609 0,000110
besets 3,506558 0,000408
beshrew 3,912023 0,000455
besotted 2,525729 0,000294
besought 1,309333 0,000152
bespake 3,506558 0,000408
bespoke 1,966113 0,000229
besprinkled 2,813411 0,000328
besteads 3,912023 0,000455
bestial 1,966113 0,000229
bestirring 2,995732 0,000349
bestirs 3,506558 0,000408
bestow 0,755023 0,000088
bestows 1,771957 0,000206
bestrides 3,218876 0,000375
bet 1,108663 0,000129
bethink 1,966113 0,000229
bethlehem 2,659260 0,000310
bethought 1,469676 0,000171
betide 2,659260 0,000310
betokening 2,813411 0,000328
betokens 2,813411 0,000328
betook 1,560648 0,000182
betray 0,527633 0,000061
betrays 2,040221 0,000238
betters 1,660731 0,000193
betwixt 1,514128 0,000176
beverage 2,040221 0,000238
bewail 1,832581 0,000213
bewails 3,506558 0,000408
beware 0,820981 0,000096
bewilder 2,659260 0,000310
bewray 3,218876 0,000375
bewraying 3,912023 0,000455
bewrays 3,912023 0,000455
bianco 3,912023 0,000455
bicker 3,506558 0,000408
bid 0,400478 0,000047
bidden 1,347074 0,000157
bidding 0,820981 0,000096
bide 2,040221 0,000238
bides 2,995732 0,000349
bids 1,237874 0,000144
bier 2,040221 0,000238
billow 2,525729 0,000294
billows 1,469676 0,000171
binary 0,562119 0,000065
bindi 3,912023 0,000455
binds 1,660731 0,000193
bird 0,235722 0,000027
birds 0,301105 0,000035
birth 0,301105 0,000035
bit 0,174353 0,000020
biting 0,713350 0,000083
bitten 1,272966 0,000148
bitter 0,235722 0,000027
bitterest 1,469676 0,000171
bitterly 0,579818 0,000067
bitterness 0,634878 0,000074
bituminous 3,218876 0,000375
black 0,072571 0,000008
blacker 1,660731 0,000193
blackness 1,237874 0,000144
blade 0,755023 0,000088
blades 1,347074 0,000157
blame 0,174353 0,000020
blameless 1,469676 0,000171
blanch 2,995732 0,000349
blandishments 3,218876 0,000375
blank 0,579818 0,000067
blasphemies 2,407946 0,000280
blaspheming 2,813411 0,000328
blasphemy 1,514128 0,000176
blast 0,693147 0,000081
blasts 1,609438 0,000187
blaze 0,941609 0,000110
blazing 0,916291 0,000107
blazon 2,995732 0,000349
bleak 1,386294 0,000161
blear 3,218876 0,000375
bleed 1,560648 0,000182
bleeding 0,843970 0,000098
blended 1,203973 0,000140
blending 1,897120 0,000221
bless 0,430783 0,000050
blessed 0,356675 0,000042
blessedness 1,966113 0,000229
blessing 0,446287 0,000052
blessings 1,171183 0,000136
blest 1,469676 0,000171
blew 0,494296 0,000058
blind 0,223144 0,000026
blinding 1,469676 0,000171
blindly 0,941609 0,000110
blindness 0,994252 0,000116
bliss 0,891598 0,000104
blissful 1,609438 0,000187
blithest 2,995732 0,000349
block 0,616186 0,000072
blood 0,116534 0,000014
bloody 0,527633 0,000061
bloodying 3,506558 0,000408
bloom 0,798508 0,000093
blooming 1,139434 0,000133
blooms 2,659260 0,000310
bloomy 3,506558 0,000408
blossom 1,139434 0,000133
blossoming 2,120264 0,000247
blossoms 1,049822 0,000122
blot 1,347074 0,000157
blotch 3,218876 0,000375
blow 0,139262 0,000016
blown 0,579818 0,000067
blows 0,371064 0,000043
blue 0,174353 0,000020
blunt 0,967584 0,000113
blunted 2,525729 0,000294
blur 1,966113 0,000229
blush 0,693147 0,000081
boar 1,514128 0,000176
board 0,314711 0,000037
boast 0,430783 0,000050
boasting 1,108663 0,000129
boasts 1,660731 0,000193
boat 0,446287 0,000052
boatman 2,302585 0,000268
bocca 3,218876 0,000375
bodies 0,174353 0,000020
boding 2,407946 0,000280
body 0,030459 0,000004
bohemian 2,040221 0,000238
boil 1,237874 0,000144
boiling 0,776529 0,000090
boils 1,714798 0,000200
bold 0,287682 0,000033
boldness 0,916291 0,000107
bologna 2,207275 0,000257
bolt 0,733969 0,000085
bolts 1,427116 0,000166
bond 0,673345 0,000078
bonds 0,798508 0,000093
bone 0,527633 0,000061
bones 0,235722 0,000027
boniface 2,659260 0,000310
bonnets 1,771957 0,000206
book 0,061875 0,000007
booming 1,560648 0,000182
boon 1,560648 0,000182
boor 2,659260 0,000310
boot 0,941609 0,000110
bootless 2,995732 0,000349
boots 0,510826 0,000059
booty 1,309333 0,000152
border 0,967584 0,000113
borders 0,994252 0,000116
bore 0,150823 0,000018
born 0,105361 0,000012
borne 0,261365 0,000030
boroughs 3,218876 0,000375
borrow 0,798508 0,000093
bosom 0,462035 0,000054
bosoms 1,714798 0,000200
bottomless 2,040221 0,000238
bough 1,203973 0,000140
boughs 1,078810 0,000126
bound 0,030459 0,000004
bounded 0,634878 0,000074
bounding 1,171183 0,000136
boundless 0,891598 0,000104
bounds 0,634878 0,000074
bounteous 2,120264 0,000247
bounty 1,386294 0,000161
bourn 3,218876 0,000375
bow 0,287682 0,000033
bowels 1,309333 0,000152
bower 1,714798 0,000200
bows 0,776529 0,000090
brabant 3,218876 0,000375
braced 1,609438 0,000187
braid 2,302585 0,000268
brain 0,356675 0,000042
brake 1,660731 0,000193
brakes 2,407946 0,000280
bramble 2,407946 0,000280
branch 0,385662 0,000045
branches 0,371064 0,000043
branchy 3,506558 0,000408
brand 1,203973 0,000140
branded 1,771957 0,000206
brass 0,478036 0,000056
brats 2,207275 0,000257
brave 0,415515 0,000048
braver 1,966113 0,000229
brazen 1,203973 0,000140
breach 0,274437 0,000032
bread 0,248461 0,000029
breadth 0,653926 0,000076
break 0,083382 0,000010
breaking 0,210721 0,000025
breaks 0,733969 0,000085
bream 2,813411 0,000328
breast 0,210721 0,000025
breasts 0,891598 0,000104
breath 0,174353 0,000020
breathe 0,478036 0,000056
breathes 1,469676 0,000171
breathing 0,462035 0,000054
breathless 0,673345 0,000078
bred 0,478036 0,000056
breeze 0,713350 0,000083
brescian 3,912023 0,000455
brethren 0,916291 0,000107
briareus 2,659260 0,000310
bridal 1,427116 0,000166
bride 0,820981 0,000096
bridegroom 1,237874 0,000144
bridge 0,494296 0,000058
bridges 1,108663 0,000129
bridle 1,021651 0,000119
briers 2,407946 0,000280
bright 0,116534 0,000014
brightening 1,469676 0,000171
brighter 0,776529 0,000090
brightly 0,994252 0,000116
brightness 0,634878 0,000074
brim 1,237874 0,000144
brimming 2,120264 0,000247
brine 2,040221 0,000238
bring 0,010050 0,000001
bringeth 2,525729 0,000294
brings 0,328504 0,000038
brink 1,139434 0,000133
briskly 0,967584 0,000113
broad 0,139262 0,000016
broader 1,560648 0,000182
broil 3,218876 0,000375
broke 0,116534 0,000014
broken 0,061875 0,000007
brood 1,108663 0,000129
brooded 1,347074 0,000157
broods 2,302585 0,000268
brook 1,139434 0,000133
brooklet 2,659260 0,000310
brooks 1,714798 0,000200
brosse 3,218876 0,000375
brothel 3,218876 0,000375
brother 0,127833 0,000015
brotherhood 1,660731 0,000193
brothers 0,356675 0,000042
brought 0,010050 0,000001
brow 0,544727 0,000063
brown 0,274437 0,000032
brows 0,755023 0,000088
bruges 2,995732 0,000349
bruise 1,560648 0,000182
bruising 3,506558 0,000408
bruit 3,506558 0,000408
bruited 3,218876 0,000375
brunt 2,407946 0,000280
brute 0,579818 0,000067
brutes 1,427116 0,000166
brutishness 2,813411 0,000328
brutus 1,966113 0,000229
bubble 1,560648 0,000182
bubbles 1,832581 0,000213
bubbling 1,560648 0,000182
bucklers 2,525729 0,000294
buckles 1,966113 0,000229
buds 1,714798 0,000200
build 0,446287 0,000052
builds 1,714798 0,000200
built 0,150823 0,000018
bulk 0,843970 0,000098
bulky 1,309333 0,000152
bull 0,510826 0,000059
bullets 1,347074 0,000157
buoy 2,120264 0,000247
buoyant 1,897120 0,000221
burden 0,223144 0,000026
burdens 1,309333 0,000152
burgeon 3,912023 0,000455
burial 0,994252 0,000116
buried 0,248461 0,000029
burly 1,609438 0,000187
burn 0,400478 0,000047
burning 0,150823 0,000018
burnish 3,506558 0,000408
burns 1,203973 0,000140
burnt 0,415515 0,000048
burst 0,287682 0,000033
bursting 0,713350 0,000083
bursts 1,386294 0,000161
burthen 2,302585 0,000268
bush 0,820981 0,000096
bushel 1,897120 0,000221
busied 1,203973 0,000140
business 0,040822 0,000005
buskin 3,218876 0,000375
bust 1,272966 0,000148
busy 0,223144 0,000026
buttress 2,995732 0,000349
buxomness 3,912023 0,000455
byway 3,218876 0,000375
cable 1,514128 0,000176
cables 2,120264 0,000247
caccia 3,506558 0,000408
cadence 1,714798 0,000200
cadmus 2,407946 0,000280
caesar 1,609438 0,000187
cain 1,660731 0,000193
caitiff 2,813411 0,000328
calchas 3,506558 0,000408
calculate 0,328504 0,000038
calculated 0,174353 0,000020
caldron 2,659260 0,000310
calendar 1,714798 0,000200
calends 2,995732 0,000349
calf 1,078810 0,000126
calliope 3,506558 0,000408
callisto 3,506558 0,000408
callous 1,469676 0,000171
calm 0,301105 0,000035
camilla 2,525729 0,000294
camp 0,597837 0,000070
campi 3,912023 0,000455
cancel 2,407946 0,000280
cancer 1,966113 0,000229
candle 0,544727 0,000063
canopy 1,609438 0,000187
canst 1,514128 0,000176
canto 2,407946 0,000280
cantos 2,995732 0,000349
canvas 0,916291 0,000107
capable 0,261365 0,000030
capricorn 3,218876 0,000375
caps 0,967584 0,000113
captain 0,371064 0,000043
captive 0,820981 0,000096
car 0,994252 0,000116
carats 3,218876 0,000375
card 0,223144 0,000026
cardinal 1,469676 0,000171
cardinals 2,302585 0,000268
care 0,000000 0,000000
career 0,478036 0,000056
careful 0,174353 0,000020
carefully 0,139262 0,000016
cares 0,634878 0,000074
carlino 3,506558 0,000408
carnage 1,771957 0,000206
carnal 1,714798 0,000200
carol 2,525729 0,000294
carols 2,995732 0,000349
carrara 3,218876 0,000375
carried 0,030459 0,000004
carries 0,755023 0,000088
carry 0,030459 0,000004
carrying 0,083382 0,000010
cart 0,755023 0,000088
cary 3,218876 0,000375
cassino 3,218876 0,000375
cassius 2,659260 0,000310
cast 0,116534 0,000014
casting 0,544727 0,000063
castle 0,776529 0,000090
castled 3,506558 0,000408
castles 1,347074 0,000157
casts 1,139434 0,000133
casual 1,078810 0,000126
cataract 2,040221 0,000238
catch 0,210721 0,000025
catholic 1,139434 0,000133
caught 0,162519 0,000019
caus 3,218876 0,000375
causeway 2,302585 0,000268
caution 0,527633 0,000061
cave 0,776529 0,000090
cavern 1,347074 0,000157
caverns 1,514128 0,000176
caves 1,203973 0,000140
cease 0,139262 0,000016
ceaseless 1,386294 0,000161
ceases 1,309333 0,000152
ceasing 1,078810 0,000126
celebrate 1,272966 0,000148
celestial 1,171183 0,000136
cell 0,916291 0,000107
cemetery 1,609438 0,000187
censure 1,108663 0,000129
centaur 2,207275 0,000257
centaurs 2,120264 0,000247
centered 1,897120 0,000221
central 0,733969 0,000085
centre 0,462035 0,000054
centuries 0,544727 0,000063
cephas 3,912023 0,000455
cerberus 2,659260 0,000310
certainty 0,342490 0,000040
certify 2,302585 0,000268
ceruse 3,506558 0,000408
chafe 2,525729 0,000294
chaff 1,469676 0,000171
chain 0,415515 0,000048
chains 0,562119 0,000065
chair 0,274437 0,000032
chairs 0,579818 0,000067
chalice 2,659260 0,000310
chamber 0,400478 0,000047
champ 2,995732 0,000349
champain 3,218876 0,000375
champions 1,832581 0,000213
chance 0,083382 0,000010
chances 0,562119 0,000065
chancing 2,207275 0,000257
chang 3,218876 0,000375
change 0,010050 0,000001
changed 0,051293 0,000006
changeful 2,659260 0,000310
changing 0,248461 0,000029
channel 0,798508 0,000093
chant 2,040221 0,000238
chanted 2,120264 0,000247
chanting 1,966113 0,000229
chants 2,995732 0,000349
chaos 1,078810 0,000126
chapel 1,139434 0,000133
character 0,061875 0,000007
characters 0,430783 0,000050
charge 0,051293 0,000006
charged 0,328504 0,000038
charges 0,223144 0,000026
chariot 1,237874 0,000144
charitable 0,287682 0,000033
charities 0,494296 0,000058
charity 0,494296 0,000058
charlemagne 2,207275 0,000257
charles 0,597837 0,000070
charm 0,544727 0,000063
charms 0,755023 0,000088
charon 2,525729 0,000294
chary 2,302585 0,000268
charybdis 2,659260 0,000310
chase 0,653926 0,000076
chases 2,995732 0,000349
chasm 1,427116 0,000166
chaste 1,203973 0,000140
chastely 2,813411 0,000328
chastisement 1,771957 0,000206
chastising 2,525729 0,000294
chattering 1,108663 0,000129
cheat 1,139434 0,000133
cheated 1,347074 0,000157
check 0,174353 0,000020
checkers 3,506558 0,000408
checks 0,478036 0,000056
cheek 0,430783 0,000050
cheeks 0,415515 0,000048
cheer 0,562119 0,000065
cheerful 0,385662 0,000045
cheerily 1,660731 0,000193
cheering 1,609438 0,000187
cheers 1,469676 0,000171
chequer 3,218876 0,000375
cherish 1,078810 0,000126
cherub 1,897120 0,000221
cherubic 3,506558 0,000408
cherubim 2,040221 0,000238
chest 0,371064 0,000043
chews 3,912023 0,000455
chide 2,207275 0,000257
chides 3,506558 0,000408
chiding 2,207275 0,000257
chief 0,094311 0,000011
chiefest 1,966113 0,000229
chiefs 1,660731 0,000193
child 0,072571 0,000008
childbed 3,912023 0,000455
childhood 0,527633 0,000061
childish 0,713350 0,000083
children 0,072571 0,000008
chill 0,733969 0,000085
chilling 1,832581 0,000213
chillness 3,218876 0,000375
chills 2,302585 0,000268
chime 1,832581 0,000213
chiming 2,525729 0,000294
chin 0,478036 0,000056
chins 2,040221 0,000238
chiron 2,659260 0,000310
chivalry 1,832581 0,000213
choak 3,912023 0,000455
choice 0,150823 0,000018
choicest 1,560648 0,000182
choir 1,386294 0,000161
choleric 2,207275 0,000257
choose 0,083382 0,000010
chooses 1,272966 0,000148
choral 2,525729 0,000294
chords 1,660731 0,000193
chose 0,301105 0,000035
chosen 0,186330 0,000022
christ 0,867501 0,000101
christian 0,430783 0,000050
christians 1,108663 0,000129
church 0,261365 0,000030
cions 3,912023 0,000455
circe 2,040221 0,000238
circle 0,223144 0,000026
circled 1,514128 0,000176
circles 0,733969 0,000085
circlet 2,995732 0,000349
circlets 3,218876 0,000375
circling 1,203973 0,000140
circuit 0,891598 0,000104
circuited 3,912023 0,000455
circuiting 3,912023 0,000455
circuitous 2,407946 0,000280
circuits 2,659260 0,000310
circular 1,078810 0,000126
circumambient 3,218876 0,000375
circumcision 2,207275 0,000257
circumference 1,469676 0,000171
circumscribe 2,659260 0,000310
circumstance 0,446287 0,000052
cirque 3,218876 0,000375
cistern 1,771957 0,000206
citadel 1,560648 0,000182
cities 0,616186 0,000072
citizen 0,843970 0,000098
citizens 0,916291 0,000107
city 0,051293 0,000006
civil 0,544727 0,000063
clad 0,597837 0,000070
claim 0,116534 0,000014
claims 0,616186 0,000072
clammy 1,897120 0,000221
clamour 1,771957 0,000206
clang 1,660731 0,000193
claps 2,407946 0,000280
clarity 3,218876 0,000375
clash 1,469676 0,000171
clashing 1,832581 0,000213
clasp 1,078810 0,000126
claw 1,609438 0,000187
clawing 2,207275 0,000257
claws 1,078810 0,000126
clay 0,494296 0,000058
clean 0,248461 0,000029
cleans 3,506558 0,000408
cleanse 1,514128 0,000176
cleansing 1,832581 0,000213
clearness 1,049822 0,000122
cleave 1,897120 0,000221
cleaved 2,813411 0,000328
cleaves 2,407946 0,000280
cleft 1,347074 0,000157
clement 2,120264 0,000247
clench 2,659260 0,000310
clenched 1,049822 0,000122
cleopatra 1,966113 0,000229
clerk 0,673345 0,000078
clerks 1,309333 0,000152
cliff 1,309333 0,000152
cliffs 1,272966 0,000148
climate 0,798508 0,000093
climb 0,693147 0,000081
climbed 0,673345 0,000078
climber 2,995732 0,000349
climbing 0,733969 0,000085
climbs 2,302585 0,000268
clime 2,040221 0,000238
clinging 0,867501 0,000101
clings 1,966113 0,000229
clio 3,506558 0,000408
clipt 3,218876 0,000375
cloak 0,562119 0,000065
cloaks 1,514128 0,000176
clock 0,527633 0,000061
cloister 2,040221 0,000238
cloisters 2,407946 0,000280
clos 3,218876 0,000375
close 0,051293 0,000006
closed 0,116534 0,000014
closely 0,223144 0,000026
closer 0,385662 0,000045
closes 1,469676 0,000171
closing 0,446287 0,000052
cloth 0,356675 0,000042
clothe 1,237874 0,000144
clothes 0,127833 0,000015
clothing 0,776529 0,000090
clotho 3,218876 0,000375
clotted 2,302585 0,000268
cloud 0,301105 0,000035
cloudless 1,514128 0,000176
clouds 0,342490 0,000040
cloudy 1,078810 0,000126
clown 1,966113 0,000229
clownish 3,218876 0,000375
clung 0,693147 0,000081
cluster 1,386294 0,000161
clustering 1,832581 0,000213
coagulating 3,506558 0,000408
coal 0,693147 0,000081
coan 3,218876 0,000375
coast 0,544727 0,000063
coasting 2,040221 0,000238
coasts 1,514128 0,000176
coat 0,274437 0,000032
cocytus 2,813411 0,000328
codes 0,510826 0,000059
coeval 3,218876 0,000375
coffer 2,207275 0,000257
coffers 2,120264 0,000247
coil 1,237874 0,000144
coin 0,916291 0,000107
coinage 2,525729 0,000294
coiner 2,525729 0,000294
coins 1,078810 0,000126
cold 0,040822 0,000005
colleague 1,714798 0,000200
collect 0,673345 0,000078
collected 0,415515 0,000048
collection 0,174353 0,000020
collects 1,897120 0,000221
college 0,693147 0,000081
cologne 2,407946 0,000280
color 1,021651 0,000119
colour 0,527633 0,000061
colouring 1,514128 0,000176
colours 0,713350 0,000083
column 0,755023 0,000088
columns 0,867501 0,000101
combat 0,891598 0,000104
combine 1,078810 0,000126
comedy 0,941609 0,000110
comely 1,237874 0,000144
comers 1,832581 0,000213
comet 2,040221 0,000238
cometh 1,897120 0,000221
comfort 0,150823 0,000018
comfortable 0,261365 0,000030
comforted 0,776529 0,000090
comfortless 2,207275 0,000257
comforts 0,967584 0,000113
command 0,162519 0,000019
commands 0,616186 0,000072
commend 1,347074 0,000157
commended 1,272966 0,000148
comment 0,673345 0,000078
commentary 1,660731 0,000193
commercial 0,274437 0,000032
commingled 2,659260 0,000310
commission 0,693147 0,000081
committed 0,150823 0,000018
common 0,072571 0,000008
communicated 0,673345 0,000078
communion 1,427116 0,000166
commuted 2,995732 0,000349
compact 0,891598 0,000104
compacted 2,813411 0,000328
companied 3,218876 0,000375
companion 0,248461 0,000029
companions 0,301105 0,000035
company 0,020203 0,000002
compar 3,506558 0,000408
compare 0,510826 0,000059
comparison 0,478036 0,000056
compartments 1,897120 0,000221
compass 0,673345 0,000078
compassing 2,525729 0,000294
compassion 0,820981 0,000096
compassionate 1,272966 0,000148
compensate 1,897120 0,000221
compensation 1,108663 0,000129
compilation 0,494296 0,000058
complacency 1,427116 0,000166
complain 0,446287 0,000052
complains 2,302585 0,000268
complete 0,150823 0,000018
completion 1,386294 0,000161
complex 1,139434 0,000133
compliance 0,342490 0,000040
complied 1,309333 0,000152
comply 0,342490 0,000040
complying 0,446287 0,000052
compos 3,218876 0,000375
composure 1,049822 0,000122
compounded 1,714798 0,000200
comprehends 2,207275 0,000257
compressed 0,342490 0,000040
comprises 2,207275 0,000257
compulsion 1,609438 0,000187
compunction 1,714798 0,000200
computes 3,218876 0,000375
comrade 0,967584 0,000113
concave 2,040221 0,000238
conceal 0,301105 0,000035
concealed 0,415515 0,000048
conceals 1,609438 0,000187
conceive 0,544727 0,000063
conceives 1,771957 0,000206
conceiving 1,272966 0,000148
concentrate 1,609438 0,000187
concept 0,544727 0,000063
conception 0,653926 0,000076
conclude 0,843970 0,000098
concluded 0,356675 0,000042
concluding 1,272966 0,000148
conclusion 0,235722 0,000027
concocted 2,207275 0,000257
concord 1,771957 0,000206
concupiscence 2,659260 0,000310
condemn 0,867501 0,000101
condemned 0,653926 0,000076
condemns 1,660731 0,000193
condenses 3,218876 0,000375
condescending 1,771957 0,000206
condition 0,094311 0,000011
conditions 0,342490 0,000040
conduct 0,198451 0,000023
conducted 0,415515 0,000048
conducting 1,108663 0,000129
conductor 1,108663 0,000129
conducts 1,897120 0,000221
cone 2,120264 0,000247
confederate 1,832581 0,000213
conference 1,272966 0,000148
conferring 1,771957 0,000206
confess 0,198451 0,000023
confesses 1,966113 0,000229
confession 0,579818 0,000067
confessionals 2,995732 0,000349
confessor 1,771957 0,000206
confidence 0,139262 0,000016
confine 0,755023 0,000088
confines 1,386294 0,000161
confining 1,897120 0,000221
confirm 0,755023 0,000088
confirmation 0,356675 0,000042
confirmed 0,174353 0,000020
conflagrant 3,506558 0,000408
conflict 0,693147 0,000081
conflicting 1,560648 0,000182
conform 1,427116 0,000166
conformity 1,514128 0,000176
conforms 2,995732 0,000349
confounded 0,693147 0,000081
confounds 2,302585 0,000268
confronted 1,021651 0,000119
confusion 0,301105 0,000035
congeal 2,659260 0,000310
congealment 3,912023 0,000455
congregate 2,302585 0,000268
conjoin 2,995732 0,000349
conjoining 3,506558 0,000408
conjointment 3,912023 0,000455
conjunction 1,272966 0,000148
conjures 2,995732 0,000349
conn 3,506558 0,000408
conquer 1,021651 0,000119
conquering 1,203973 0,000140
conquers 2,207275 0,000257
conquest 0,967584 0,000113
conrad 3,218876 0,000375
conscience 0,314711 0,000037
conscious 0,314711 0,000037
consciousness 0,371064 0,000043
consecrate 2,040221 0,000238
consent 0,328504 0,000038
consented 0,562119 0,000065
consenting 1,660731 0,000193
consents 1,966113 0,000229
consequential 0,478036 0,000056
considerable 0,105361 0,000012
consign 2,040221 0,000238
consist 0,867501 0,000101
consisting 0,916291 0,000107
consistory 2,659260 0,000310
consists 0,776529 0,000090
console 1,021651 0,000119
consonance 3,506558 0,000408
consonant 2,659260 0,000310
consort 1,514128 0,000176
consorted 2,407946 0,000280
constance 2,407946 0,000280
constancy 1,347074 0,000157
constant 0,051293 0,000006
constantine 1,897120 0,000221
constellation 2,407946 0,000280
constellations 2,302585 0,000268
constrain 1,832581 0,000213
constrained 0,843970 0,000098
constrains 2,659260 0,000310
constraint 1,272966 0,000148
construed 2,040221 0,000238
consult 0,579818 0,000067
consume 1,108663 0,000129
consumes 1,771957 0,000206
consummate 1,469676 0,000171
contact 0,210721 0,000025
contemning 2,995732 0,000349
contemplate 0,994252 0,000116
contemplating 1,139434 0,000133
contemplation 0,527633 0,000061
contemplative 1,714798 0,000200
contempt 0,446287 0,000052
contemptuous 1,049822 0,000122
contemptuously 1,237874 0,000144
contended 1,469676 0,000171
contending 1,309333 0,000152
content 0,186330 0,000022
contented 0,400478 0,000047
contentment 1,347074 0,000157
contest 1,021651 0,000119
continent 0,891598 0,000104
contingencies 2,207275 0,000257
contingency 2,525729 0,000294
contingent 1,714798 0,000200
continued 0,072571 0,000008
continues 0,941609 0,000110
continuing 0,755023 0,000088
continuous 0,867501 0,000101
contract 0,261365 0,000030
contradict 1,078810 0,000126
contradiction 0,967584 0,000113
contrary 0,198451 0,000023
contributions 0,430783 0,000050
contrivance 1,514128 0,000176
contrive 1,237874 0,000144
control 0,314711 0,000037
contumacy 2,813411 0,000328
convent 1,560648 0,000182
conventicle 2,995732 0,000349
converse 0,776529 0,000090
conversion 1,427116 0,000166
convert 0,385662 0,000045
converted 0,820981 0,000096
convey 0,544727 0,000063
conveys 1,897120 0,000221
convince 0,634878 0,000074
convoying 3,218876 0,000375
cook 0,430783 0,000050
cool 0,314711 0,000037
cooling 1,272966 0,000148
copartners 3,506558 0,000408
cope 1,272966 0,000148
copious 1,386294 0,000161
copying 0,494296 0,000058
copyright 0,415515 0,000048
coral 1,514128 0,000176
corbel 3,218876 0,000375
cord 0,916291 0,000107
corded 2,659260 0,000310
cordial 1,078810 0,000126
cords 1,139434 0,000133
cordwain 3,912023 0,000455
core 1,386294 0,000161
cornelia 2,995732 0,000349
corner 0,127833 0,000015
cornice 2,040221 0,000238
corollary 3,218876 0,000375
coronet 2,302585 0,000268
corporation 0,462035 0,000054
corporeal 1,966113 0,000229
corpse 0,693147 0,000081
correcting 1,560648 0,000182
correction 1,203973 0,000140
corrupt 0,274437 0,000032
corrupted 1,171183 0,000136
corrupter 2,995732 0,000349
corruptible 2,525729 0,000294
corruption 0,820981 0,000096
corsairs 2,659260 0,000310
corse 2,813411 0,000328
cost 0,105361 0,000012
costlier 3,912023 0,000455
costliest 2,995732 0,000349
costly 0,967584 0,000113
costs 0,287682 0,000033
couch 0,733969 0,000085
couches 1,714798 0,000200
cough 0,994252 0,000116
couldst 2,120264 0,000247
council 0,713350 0,000083
counsel 0,527633 0,000061
counseling 3,506558 0,000408
counsellor 1,427116 0,000166
counsels 1,237874 0,000144
count 0,248461 0,000029
counted 0,527633 0,000061
countenance 0,415515 0,000048
countenances 1,237874 0,000144
counter 0,843970 0,000098
counterfeit 1,309333 0,000152
counterfeited 2,813411 0,000328
counterpoise 2,407946 0,000280
counties 1,966113 0,000229
countless 1,203973 0,000140
countries 0,235722 0,000027
country 0,010050 0,000001
countryman 1,347074 0,000157
counts 1,237874 0,000144
county 0,941609 0,000110
couple 0,287682 0,000033
courage 0,150823 0,000018
courb 3,506558 0,000408
cours 3,912023 0,000455
court 0,127833 0,000015
courteous 0,967584 0,000113
courteously 1,609438 0,000187
courtesy 0,713350 0,000083
courtezan 2,995732 0,000349
courts 0,544727 0,000063
covenant 1,660731 0,000193
cover 0,261365 0,000030
covering 0,446287 0,000052
covers 0,820981 0,000096
covert 1,609438 0,000187
covertly 2,407946 0,000280
coverts 3,912023 0,000455
covet 1,714798 0,000200
coveted 1,171183 0,000136
coveting 2,659260 0,000310
covetous 1,771957 0,000206
cow 0,733969 0,000085
coward 0,994252 0,000116
cowardice 0,994252 0,000116
cowl 2,659260 0,000310
cowls 2,995732 0,000349
cows 0,867501 0,000101
cozenage 3,912023 0,000455
crabs 2,302585 0,000268
crack 0,820981 0,000096
cracks 1,609438 0,000187
cradle 1,108663 0,000129
cradled 2,813411 0,000328
cradles 2,659260 0,000310
craft 0,755023 0,000088
crag 2,207275 0,000257
craggy 1,714798 0,000200
crags 1,832581 0,000213
cramp 2,040221 0,000238
cramps 2,407946 0,000280
cranes 1,966113 0,000229
crash 0,776529 0,000090
crashing 1,386294 0,000161
crave 1,771957 0,000206
craves 2,813411 0,000328
craving 1,272966 0,000148
crawl 1,049822 0,000122
crawling 0,941609 0,000110
creak 1,560648 0,000182
create 0,597837 0,000070
created 0,116534 0,000014
creates 1,714798 0,000200
creating 0,342490 0,000040
creation 0,235722 0,000027
creative 1,771957 0,000206
creator 1,139434 0,000133
creature 0,174353 0,000020
creatures 0,235722 0,000027
credence 2,407946 0,000280
credit 0,094311 0,000011
credulous 1,832581 0,000213
creed 1,203973 0,000140
creeps 1,966113 0,000229
crept 0,494296 0,000058
cresset 3,912023 0,000455
cressets 3,218876 0,000375
crest 0,941609 0,000110
crete 2,302585 0,000268
crevice 1,832581 0,000213
crew 0,755023 0,000088
crime 0,314711 0,000037
crimes 0,653926 0,000076
crimson 0,941609 0,000110
critical 0,235722 0,000027
croaking 1,832581 0,000213
crook 1,771957 0,000206
crooked 0,755023 0,000088
crop 1,139434 0,000133
cross 0,139262 0,000016
crosses 1,021651 0,000119
crossing 0,462035 0,000054
croton 3,218876 0,000375
crouch 1,660731 0,000193
crouching 1,049822 0,000122
crowd 0,198451 0,000023
crowding 1,108663 0,000129
crown 0,314711 0,000037
crowned 0,867501 0,000101
crowning 1,272966 0,000148
crowns 1,386294 0,000161
crozier 3,506558 0,000408
crucified 1,714798 0,000200
crude 1,386294 0,000161
cruel 0,261365 0,000030
cruelly 0,820981 0,000096
cruelty 0,478036 0,000056
crumples 3,506558 0,000408
crush 0,967584 0,000113
crust 1,309333 0,000152
crying 1,560648 0,000182
crystal 1,049822 0,000122
cud 2,120264 0,000247
cull 2,659260 0,000310
culling 3,218876 0,000375
culture 1,171183 0,000136
cumber 3,218876 0,000375
cumbrous 1,897120 0,000221
cunningly 1,560648 0,000182
cup 0,385662 0,000045
cupid 1,832581 0,000213
cups 0,820981 0,000096
cur 1,514128 0,000176
curb 1,514128 0,000176
curd 3,912023 0,000455
cure 0,430783 0,000050
curio 3,218876 0,000375
curious 0,261365 0,000030
curl 1,272966 0,000148
current 0,127833 0,000015
currents 1,347074 0,000157
currying 3,912023 0,000455
curs 2,407946 0,000280
curse 0,510826 0,000059
cursed 0,510826 0,000059
curses 0,867501 0,000101
curst 3,218876 0,000375
curtain 0,616186 0,000072
curule 3,218876 0,000375
curving 1,897120 0,000221
custom 0,210721 0,000025
customs 0,713350 0,000083
cut 0,040822 0,000005
cuts 0,820981 0,000096
cutting 0,415515 0,000048
cynthia 2,813411 0,000328
cyprian 2,813411 0,000328
cyrus 1,832581 0,000213
cytherea 2,995732 0,000349
daedalus 2,995732 0,000349
daily 0,248461 0,000029
dainty 0,798508 0,000093
dalliance 2,995732 0,000349
dally 2,525729 0,000294
dam 1,272966 0,000148
damage 0,261365 0,000030
damaged 0,356675 0,000042
damages 0,400478 0,000047
dame 1,171183 0,000136
dames 1,897120 0,000221
damned 1,139434 0,000133
damsel 1,427116 0,000166
damsels 2,207275 0,000257
dance 0,356675 0,000042
dancing 0,371064 0,000043
dangling 1,139434 0,000133
daniel 1,427116 0,000166
dank 1,660731 0,000193
dante 1,514128 0,000176
danube 1,966113 0,000229
dar 2,525729 0,000294
daring 0,843970 0,000098
dark 0,051293 0,000006
darken 2,120264 0,000247
darkening 1,514128 0,000176
darkens 2,659260 0,000310
darkest 1,427116 0,000166
darkling 2,525729 0,000294
darkly 1,237874 0,000144
darkness 0,186330 0,000022
darksome 2,659260 0,000310
dart 1,347074 0,000157
darted 0,776529 0,000090
darting 1,021651 0,000119
darts 1,386294 0,000161
dash 0,673345 0,000078
dashes 1,660731 0,000193
dashing 1,078810 0,000126
data 0,494296 0,000058
daughter 0,261365 0,000030
daughters 0,510826 0,000059
david 0,597837 0,000070
dawn 0,478036 0,000056
dawning 1,469676 0,000171
dawns 2,207275 0,000257
day 0,000000 0,000000
daylight 0,446287 0,000052
days 0,020203 0,000002
dazzled 1,427116 0,000166
dazzling 0,941609 0,000110
dead 0,072571 0,000008
deadened 2,040221 0,000238
deadly 0,478036 0,000056
deaf 0,634878 0,000074
deafness 2,813411 0,000328
deal 0,105361 0,000012
deals 1,272966 0,000148
dealt 0,597837 0,000070
dearly 0,776529 0,000090
death 0,020203 0,000002
debate 1,347074 0,000157
debt 0,693147 0,000081
debts 0,867501 0,000101
decay 0,634878 0,000074
deceit 1,021651 0,000119
deceitful 1,347074 0,000157
deceitfulness 2,995732 0,000349
deceive 0,527633 0,000061
deceived 0,430783 0,000050
decency 1,171183 0,000136
decide 0,274437 0,000032
decides 1,609438 0,000187
deck 0,733969 0,000085
decks 1,660731 0,000193
declare 0,342490 0,000040
declares 1,049822 0,000122
declension 2,995732 0,000349
decline 0,673345 0,000078
declines 1,966113 0,000229
decree 1,108663 0,000129
decreed 1,347074 0,000157
decrees 1,272966 0,000148
decrepit 1,832581 0,000213
decretals 3,912023 0,000455
dedicate 1,897120 0,000221
deduced 1,832581 0,000213
deducing 2,813411 0,000328
deductible 0,562119 0,000065
deed 0,478036 0,000056
deeds 0,527633 0,000061
deem 1,237874 0,000144
deeming 2,040221 0,000238
deems 2,040221 0,000238
deep 0,051293 0,000006
deeper 0,328504 0,000038
deepest 0,673345 0,000078
deeply 0,261365 0,000030
deepness 3,218876 0,000375
deer 0,867501 0,000101
defeat 0,916291 0,000107
defect 0,328504 0,000038
defective 0,356675 0,000042
defects 0,301105 0,000035
defence 0,597837 0,000070
defend 0,400478 0,000047
defended 0,653926 0,000076
defends 1,966113 0,000229
defiance 0,713350 0,000083
defiled 1,469676 0,000171
deform 2,659260 0,000310
degenerate 1,469676 0,000171
degenerates 2,302585 0,000268
degree 0,198451 0,000023
degrees 0,446287 0,000052
dei 1,966113 0,000229
deign 1,609438 0,000187
deities 1,966113 0,000229
deity 1,237874 0,000144
delay 0,287682 0,000033
delays 1,469676 0,000171
deletions 0,562119 0,000065
delicate 0,301105 0,000035
delicious 0,713350 0,000083
delight 0,162519 0,000019
delightful 0,478036 0,000056
delights 0,820981 0,000096
deliver 0,494296 0,000058
deliverance 0,941609 0,000110
delude 2,040221 0,000238
deluge 1,609438 0,000187
delusion 1,078810 0,000126
delved 2,995732 0,000349
delves 3,912023 0,000455
demand 0,127833 0,000015
demanded 0,400478 0,000047
demands 0,673345 0,000078
demeanour 1,469676 0,000171
demon 1,139434 0,000133
demoniac 2,302585 0,000268
demons 1,609438 0,000187
demonstration 1,386294 0,000161
demophoon 3,912023 0,000455
den 0,843970 0,000098
denial 0,798508 0,000093
denied 0,287682 0,000033
denizen 3,506558 0,000408
denizens 1,966113 0,000229
denominates 3,912023 0,000455
denote 1,714798 0,000200
denoted 1,560648 0,000182
denotes 2,207275 0,000257
denoting 2,040221 0,000238
dens 1,514128 0,000176
dense 0,776529 0,000090
deny 0,301105 0,000035
denying 1,049822 0,000122
depart 0,400478 0,000047
departed 0,356675 0,000042
departing 1,108663 0,000129
departs 1,832581 0,000213
departure 0,430783 0,000050
depends 0,198451 0,000023
deplore 1,660731 0,000193
depress 2,407946 0,000280
deprest 3,506558 0,000408
deprivation 2,207275 0,000257
deprives 1,714798 0,000200
depth 0,494296 0,000058
depths 0,446287 0,000052
deriding 2,525729 0,000294
derision 1,108663 0,000129
deriv 3,218876 0,000375
derivable 2,995732 0,000349
derivative 0,510826 0,000059
derive 0,342490 0,000040
derived 0,248461 0,000029
derives 1,660731 0,000193
deriving 1,897120 0,000221
descend 0,478036 0,000056
descended 0,400478 0,000047
descending 0,579818 0,000067
descends 1,427116 0,000166
descent 0,634878 0,000074
descried 1,771957 0,000206
descry 1,966113 0,000229
descrying 2,995732 0,000349
desert 0,430783 0,000050
deserted 0,385662 0,000045
deserting 1,560648 0,000182
deserts 1,171183 0,000136
deservedly 2,120264 0,000247
deserves 0,776529 0,000090
deserving 0,891598 0,000104
design 0,400478 0,000047
desire 0,072571 0,000008
desired 0,150823 0,000018
desires 0,478036 0,000056
desiring 0,916291 0,000107
desist 1,660731 0,000193
desisted 1,966113 0,000229
desisting 2,813411 0,000328
desolate 0,820981 0,000096
desolated 2,207275 0,000257
despair 0,198451 0,000023
despairing 0,798508 0,000093
despiteful 3,912023 0,000455
despoil 2,525729 0,000294
despoils 3,506558 0,000408
destin 2,995732 0,000349
destiny 0,634878 0,000074
destitute 0,916291 0,000107
destroy 0,127833 0,000015
destruction 0,342490 0,000040
detach 0,446287 0,000052
detain 0,820981 0,000096
detains 2,995732 0,000349
detection 1,427116 0,000166
deter 1,897120 0,000221
determine 0,210721 0,000025
determines 1,714798 0,000200
detested 1,237874 0,000144
deus 2,659260 0,000310
devastation 2,040221 0,000238
device 0,755023 0,000088
devil 0,356675 0,000042
devise 1,427116 0,000166
devoted 0,301105 0,000035
devotion 0,510826 0,000059
devout 1,203973 0,000140
devoutly 1,386294 0,000161
dew 0,867501 0,000101
dews 1,771957 0,000206
dewy 1,660731 0,000193
dexter 3,218876 0,000375
diadem 2,040221 0,000238
diamond 0,941609 0,000110
dian 2,525729 0,000294
dice 1,514128 0,000176
dictates 1,469676 0,000171
dido 2,207275 0,000257
didst 1,660731 0,000193
die 0,105361 0,000012
died 0,061875 0,000007
dies 0,579818 0,000067
diet 1,078810 0,000126
difficult 0,116534 0,000014
difficulty 0,139262 0,000016
diffidence 1,514128 0,000176
digested 1,897120 0,000221
digestion 1,771957 0,000206
dignity 0,314711 0,000037
digression 1,609438 0,000187
dikes 2,995732 0,000349
dilapidated 1,660731 0,000193
dilated 1,660731 0,000193
dilates 3,912023 0,000455
diligence 1,237874 0,000144
diligent 1,469676 0,000171
dim 0,415515 0,000048
dimension 2,040221 0,000238
dimensions 0,967584 0,000113
diminish 0,994252 0,000116
diminishing 1,386294 0,000161
diminutive 1,609438 0,000187
dimness 2,120264 0,000247
din 1,203973 0,000140
dining 0,510826 0,000059
dint 1,660731 0,000193
diogenes 2,120264 0,000247
dione 3,506558 0,000408
dire 1,347074 0,000157
direct 0,083382 0,000010
directed 0,287682 0,000033
directing 0,843970 0,000098
directs 1,832581 0,000213
direr 3,912023 0,000455
dis 1,609438 0,000187
disaccustom 3,912023 0,000455
disagreement 1,897120 0,000221
disappear 0,891598 0,000104
disappearing 1,347074 0,000157
disappoint 1,469676 0,000171
disappointed 0,415515 0,000048
disastrous 1,108663 0,000129
discern 0,820981 0,000096
discernment 1,469676 0,000171
discerns 2,302585 0,000268
discharge 0,733969 0,000085
discipline 0,653926 0,000076
disclaim 0,510826 0,000059
disclaimer 0,562119 0,000065
disclaimers 0,562119 0,000065
disclose 1,272966 0,000148
discolour 3,506558 0,000408
discomfited 1,966113 0,000229
disconsolate 1,609438 0,000187
discontinue 0,544727 0,000063
discord 1,203973 0,000140
discordant 1,514128 0,000176
discourse 0,597837 0,000070
discourses 1,560648 0,000182
discoursing 1,897120 0,000221
discourteous 2,659260 0,000310
discover 0,083382 0,000010
discovered 0,051293 0,000006
discovers 1,560648 0,000182
discovery 0,371064 0,000043
discredit 1,897120 0,000221
discreet 0,843970 0,000098
discreetly 1,347074 0,000157
discretion 0,733969 0,000085
disdain 0,867501 0,000101
disdainful 1,714798 0,000200
disdains 2,302585 0,000268
disease 0,371064 0,000043
disengage 1,714798 0,000200
disentangle 2,407946 0,000280
disfranchise 3,912023 0,000455
disgrace 0,510826 0,000059
disguise 0,562119 0,000065
disgusted 0,820981 0,000096
disgustful 2,995732 0,000349
dishearten 3,218876 0,000375
disherited 3,912023 0,000455
disjoin 3,506558 0,000408
disk 0,446287 0,000052
dismal 0,843970 0,000098
dismantled 1,966113 0,000229
dismay 0,776529 0,000090
dismiss 1,108663 0,000129
dismisses 2,813411 0,000328
dismount 1,832581 0,000213
disobeying 2,302585 0,000268
disorder 0,579818 0,000067
disparted 3,506558 0,000408
disparting 3,912023 0,000455
disparts 3,912023 0,000455
dispatch 1,347074 0,000157
dispensation 2,207275 0,000257
dispensing 2,040221 0,000238
disperse 1,660731 0,000193
display 0,261365 0,000030
displayed 0,198451 0,000023
displaying 0,342490 0,000040
displays 1,386294 0,000161
displease 1,309333 0,000152
displeasing 1,771957 0,000206
disporting 3,218876 0,000375
dispose 0,994252 0,000116
disposed 0,385662 0,000045
disposes 2,302585 0,000268
disposing 1,469676 0,000171
dispositions 1,469676 0,000171
dispossess 2,120264 0,000247
dispraise 2,659260 0,000310
dispread 3,912023 0,000455
disputant 2,659260 0,000310
dispute 0,562119 0,000065
disputers 3,506558 0,000408
disrelish 3,218876 0,000375
dissentient 3,912023 0,000455
dissever 3,912023 0,000455
dissimilar 1,832581 0,000213
dissimulation 2,040221 0,000238
dissolution 1,469676 0,000171
dissolve 1,560648 0,000182
distaff 2,302585 0,000268
distain 3,506558 0,000408
distance 0,105361 0,000012
distances 1,171183 0,000136
distant 0,162519 0,000019
distends 3,218876 0,000375
distil 2,995732 0,000349
distill 2,813411 0,000328
distilling 2,813411 0,000328
distils 2,995732 0,000349
distinct 0,301105 0,000035
distinction 0,446287 0,000052
distinctions 1,078810 0,000126
distinctly 0,478036 0,000056
distinguish 0,356675 0,000042
distinguishing 1,078810 0,000126
distort 2,302585 0,000268
distorted 1,049822 0,000122
distortion 2,525729 0,000294
distract 1,309333 0,000152
distribute 0,400478 0,000047
distributed 0,248461 0,000029
distributing 0,446287 0,000052
distribution 0,430783 0,000050
distributor 0,562119 0,000065
distrust 0,891598 0,000104
distrusts 2,995732 0,000349
disturb 0,478036 0,000056
disturbed 0,356675 0,000042
disuse 2,120264 0,000247
ditties 2,995732 0,000349
diurnal 2,407946 0,000280
div 2,813411 0,000328
diver 2,302585 0,000268
divers 1,203973 0,000140
diverse 1,514128 0,000176
diversely 3,218876 0,000375
dives 2,120264 0,000247
divested 1,832581 0,000213
divide 0,616186 0,000072
divided 0,210721 0,000025
divides 1,272966 0,000148
dividing 0,673345 0,000078
divination 2,040221 0,000238
divine 0,430783 0,000050
diviner 2,525729 0,000294
diviners 2,659260 0,000310
diving 1,660731 0,000193
divinity 0,941609 0,000110
division 0,653926 0,000076
doat 3,218876 0,000375
docile 1,714798 0,000200
doctrine 0,733969 0,000085
dodder 3,912023 0,000455
doer 1,897120 0,000221
doeth 2,525729 0,000294
doff 3,218876 0,000375
dog 0,261365 0,000030
doggish 3,506558 0,000408
dogs 0,342490 0,000040
doings 0,967584 0,000113
dolcino 3,506558 0,000408
doled 2,995732 0,000349
doleful 1,427116 0,000166
doles 2,813411 0,000328
dolorous 2,407946 0,000280
dolour 3,506558 0,000408
dolphins 2,407946 0,000280
domain 0,328504 0,000038
dome 1,427116 0,000166
dominations 2,995732 0,000349
dominic 2,525729 0,000294
dominion 0,994252 0,000116
dominions 1,660731 0,000193
domitian 2,407946 0,000280
donate 0,562119 0,000065
donation 0,494296 0,000058
donations 0,494296 0,000058
donors 0,527633 0,000061
doom 1,049822 0,000122
dooms 2,995732 0,000349
door 0,040822 0,000005
doria 3,218876 0,000375
dost 1,237874 0,000144
dotage 2,407946 0,000280
dotards 2,813411 0,000328
doth 1,049822 0,000122
doting 2,659260 0,000310
double 0,186330 0,000022
doubled 0,653926 0,000076
doubly 1,049822 0,000122
doubt 0,040822 0,000005
doubted 0,478036 0,000056
doubtfully 1,660731 0,000193
doubting 1,049822 0,000122
doubtless 0,430783 0,000050
doubts 0,494296 0,000058
dove 1,078810 0,000126
doves 1,660731 0,000193
dower 2,659260 0,000310
downloading 0,562119 0,000065
downward 0,798508 0,000093
downy 2,120264 0,000247
dowry 1,714798 0,000200
draff 3,506558 0,000408
drag 0,579818 0,000067
dragon 1,108663 0,000129
drags 1,771957 0,000206
drains 2,040221 0,000238
dram 2,040221 0,000238
drama 1,203973 0,000140
drank 0,371064 0,000043
draught 0,579818 0,000067
drave 2,659260 0,000310
draw 0,105361 0,000012
drawing 0,139262 0,000016
drawn 0,094311 0,000011
draws 0,755023 0,000088
dread 0,371064 0,000043
dreaded 0,693147 0,000081
dreading 1,347074 0,000157
dream 0,198451 0,000023
dreaming 0,562119 0,000065
dreams 0,274437 0,000032
drear 2,525729 0,000294
dreary 0,713350 0,000083
dregs 1,714798 0,000200
drench 2,302585 0,000268
drenches 3,506558 0,000408
drew 0,162519 0,000019
dried 0,462035 0,000054
dries 2,659260 0,000310
drift 0,755023 0,000088
drifted 1,108663 0,000129
drink 0,150823 0,000018
drinks 0,967584 0,000113
dripping 0,891598 0,000104
drive 0,186330 0,000022
driven 0,127833 0,000015
drives 0,867501 0,000101
driving 0,371064 0,000043
droop 1,609438 0,000187
drooping 1,021651 0,000119
drop 0,150823 0,000018
drops 0,544727 0,000063
dropsied 3,912023 0,000455
dropsy 3,218876 0,000375
dropt 2,120264 0,000247
dross 2,120264 0,000247
drought 2,120264 0,000247
drove 0,248461 0,000029
drown 0,820981 0,000096
drug 1,514128 0,000176
drum 1,203973 0,000140
drunk 0,415515 0,000048
drunken 0,820981 0,000096
dry 0,127833 0,000015
duke 0,994252 0,000116
dulcet 3,218876 0,000375
dulcimer 3,506558 0,000408
dull 0,174353 0,000020
dullness 2,040221 0,000238
duly 0,843970 0,000098
dumb 0,562119 0,000065
dun 1,660731 0,000193
dungeon 1,427116 0,000166
dunnest 3,506558 0,000408
durance 2,813411 0,000328
dusk 0,941609 0,000110
dusky 1,021651 0,000119
dust 0,174353 0,000020
duteous 2,995732 0,000349
duties 0,356675 0,000042
duty 0,083382 0,000010
dwell 0,478036 0,000056
dwellers 1,469676 0,000171
dwelling 0,494296 0,000058
dwells 1,469676 0,000171
dwelt 0,713350 0,000083
dwindled 1,771957 0,000206
dwindling 2,659260 0,000310
dye 1,714798 0,000200
dyed 1,272966 0,000148
dyes 2,407946 0,000280
dying 0,261365 0,000030
dyke 2,995732 0,000349
eager 0,210721 0,000025
eagerly 0,385662 0,000045
eagerness 0,544727 0,000063
eagle 0,891598 0,000104
eagles 1,469676 0,000171
ear 0,139262 0,000016
earn 0,891598 0,000104
earnest 0,261365 0,000030
earnestly 0,415515 0,000048
ears 0,105361 0,000012
earth 0,051293 0,000006
earthly 0,673345 0,000078
earthquake 1,139434 0,000133
ease 0,162519 0,000019
easier 0,385662 0,000045
easiest 1,171183 0,000136
easily 0,072571 0,000008
easing 2,659260 0,000310
east 0,235722 0,000027
eastern 0,733969 0,000085
eastward 1,203973 0,000140
easy 0,040822 0,000005
eat 0,083382 0,000010
eaten 0,446287 0,000052
eating 0,235722 0,000027
eats 1,078810 0,000126
eaves 1,832581 0,000213
ebb 1,469676 0,000171
ebullient 3,218876 0,000375
echoed 0,798508 0,000093
echoes 1,272966 0,000148
echoing 1,660731 0,000193
eclipse 1,771957 0,000206
ecstasy 0,867501 0,000101
ecstatic 1,347074 0,000157
eddies 1,714798 0,000200
eddying 2,407946 0,000280
edge 0,210721 0,000025
edicts 2,207275 0,000257
edition 0,287682 0,000033
editions 0,385662 0,000045
educational 0,446287 0,000052
eel 1,966113 0,000229
eels 2,040221 0,000238
effectual 1,203973 0,000140
effectuate 3,506558 0,000408
effeminate 1,714798 0,000200
efficacy 1,966113 0,000229
effluence 2,813411 0,000328
effort 0,094311 0,000011
efforts 0,139262 0,000016
effulgence 2,407946 0,000280
egypt 0,891598 0,000104
eighth 0,798508 0,000093
eked 3,218876 0,000375
el 1,966113 0,000229
elated 1,469676 0,000171
eld 2,995732 0,000349
elder 0,478036 0,000056
elders 1,139434 0,000133
elect 0,328504 0,000038
elected 1,078810 0,000126
electra 2,995732 0,000349
electronic 0,544727 0,000063
electronically 0,544727 0,000063
element 0,510826 0,000059
elements 0,673345 0,000078
elephant 1,237874 0,000144
eli 2,995732 0,000349
elias 3,218876 0,000375
elijah 2,120264 0,000247
ells 3,506558 0,000408
eloquence 0,776529 0,000090
eloquent 0,820981 0,000096
elsa 3,218876 0,000375
elude 1,469676 0,000171
eludes 2,995732 0,000349
elysian 2,407946 0,000280
email 0,562119 0,000065
embalm 2,659260 0,000310
embankment 1,966113 0,000229
embark 1,560648 0,000182
embattled 2,207275 0,000257
embellish 2,407946 0,000280
embers 1,139434 0,000133
emblem 1,469676 0,000171
emblems 2,120264 0,000247
embolden 2,659260 0,000310
embosoms 3,912023 0,000455
embrace 0,462035 0,000054
embracing 0,867501 0,000101
embroidery 1,514128 0,000176
embryo 1,966113 0,000229
embryon 3,506558 0,000408
emerald 1,386294 0,000161
emeralds 2,407946 0,000280
emerge 1,386294 0,000161
emerging 1,609438 0,000187
eminence 1,272966 0,000148
eminent 0,967584 0,000113
emmets 3,218876 0,000375
emperor 0,994252 0,000116
empire 0,653926 0,000076
employ 0,510826 0,000059
employee 0,527633 0,000061
employees 0,544727 0,000063
employs 1,560648 0,000182
empower 2,813411 0,000328
empowers 3,912023 0,000455
empress 1,897120 0,000221
emprize 3,912023 0,000455
emptiness 1,609438 0,000187
empyreal 2,995732 0,000349
en 0,994252 0,000116
enact 2,120264 0,000247
enacted 1,386294 0,000161
enamel 2,302585 0,000268
enamour 3,218876 0,000375
enamours 3,912023 0,000455
enchanted 1,078810 0,000126
enchantment 1,272966 0,000148
enchantress 2,659260 0,000310
encircled 1,427116 0,000166
encircles 2,813411 0,000328
encircling 1,966113 0,000229
enclasping 3,912023 0,000455
enclasps 3,912023 0,000455
encompass 1,897120 0,000221
encompasses 3,218876 0,000375
encompassing 2,813411 0,000328
encounter 0,798508 0,000093
encrusting 3,506558 0,000408
encumber 2,302585 0,000268
endeavour 0,867501 0,000101
endless 0,478036 0,000056
endow 1,966113 0,000229
endowments 1,660731 0,000193
endows 3,218876 0,000375
endued 1,966113 0,000229
endurance 0,891598 0,000104
endure 0,342490 0,000040
endured 0,673345 0,000078
endures 2,040221 0,000238
enemies 0,314711 0,000037
enemy 0,174353 0,000020
energy 0,415515 0,000048
enfolded 2,407946 0,000280
enfolds 3,912023 0,000455
enforcement 2,525729 0,000294
engarland 3,912023 0,000455
engender 2,302585 0,000268
engenders 2,995732 0,000349
engine 1,021651 0,000119
engirt 3,912023 0,000455
england 0,385662 0,000045
english 0,094311 0,000011
enhance 1,771957 0,000206
enjoin 1,966113 0,000229
enjoins 2,813411 0,000328
enjoy 0,150823 0,000018
enjoyment 0,634878 0,000074
enlighten 1,203973 0,000140
enlightener 3,506558 0,000408
enliven 2,525729 0,000294
enlivens 3,506558 0,000408
enmity 1,237874 0,000144
ennobler 3,912023 0,000455
enormous 0,430783 0,000050
enraged 1,021651 0,000119
enring 3,912023 0,000455
enrol 3,218876 0,000375
enshrine 2,995732 0,000349
ensign 1,714798 0,000200
ensigns 2,120264 0,000247
ensky 3,912023 0,000455
ensue 1,469676 0,000171
ensued 0,994252 0,000116
ensues 2,302585 0,000268
ensuring 0,544727 0,000063
entangled 1,237874 0,000144
enter 0,094311 0,000011
entered 0,051293 0,000006
entering 0,356675 0,000042
enterprise 0,843970 0,000098
enterprising 1,609438 0,000187
enters 0,843970 0,000098
entertain 0,597837 0,000070
entire 0,274437 0,000032
entity 0,544727 0,000063
entrails 1,514128 0,000176
entrance 0,210721 0,000025
entreat 1,139434 0,000133
entreated 1,049822 0,000122
entreaties 1,203973 0,000140
entreating 1,660731 0,000193
entreaty 1,427116 0,000166
entwining 2,995732 0,000349
envelop 2,525729 0,000294
envious 1,309333 0,000152
environ 2,302585 0,000268
envy 0,527633 0,000061
envying 1,897120 0,000221
enwheel 3,912023 0,000455
enwheeling 3,912023 0,000455
enwheels 3,912023 0,000455
enwraps 3,912023 0,000455
ephialtes 2,813411 0,000328
epicycle 3,506558 0,000408
epirot 3,912023 0,000455
epistle 1,832581 0,000213
equal 0,174353 0,000020
equaling 3,218876 0,000375
equality 0,967584 0,000113
equally 0,223144 0,000026
equator 2,040221 0,000238
equipment 0,430783 0,000050
equivocating 3,506558 0,000408
eras 2,525729 0,000294
ere 0,634878 0,000074
erect 0,597837 0,000070
erecting 1,897120 0,000221
erelong 3,218876 0,000375
eremite 3,506558 0,000408
erewhile 2,995732 0,000349
err 1,108663 0,000129
errand 0,820981 0,000096
erring 1,714798 0,000200
erroneous 1,514128 0,000176
error 0,371064 0,000043
errors 0,248461 0,000029
errs 2,995732 0,000349
erst 2,525729 0,000294
erythraean 3,912023 0,000455
esau 2,207275 0,000257
escape 0,094311 0,000011
escaping 0,776529 0,000090
eschew 3,218876 0,000375
escort 1,021651 0,000119
escorted 1,139434 0,000133
escorting 1,966113 0,000229
especial 1,309333 0,000152
espied 1,966113 0,000229
espy 2,813411 0,000328
espying 3,218876 0,000375
essay 1,078810 0,000126
essence 0,693147 0,000081
essences 2,659260 0,000310
establish 0,713350 0,000083
estate 0,510826 0,000059
estates 1,237874 0,000144
esteem 0,494296 0,000058
esteems 2,525729 0,000294
esther 2,407946 0,000280
estimation 1,171183 0,000136
estrange 2,407946 0,000280
eternal 0,415515 0,000048
eternally 1,347074 0,000157
eternity 0,693147 0,000081
ether 1,832581 0,000213
ethereal 1,714798 0,000200
etherial 3,506558 0,000408
ethic 3,218876 0,000375
ethiop 3,218876 0,000375
ethiopia 2,302585 0,000268
euclid 2,207275 0,000257
euphrates 2,207275 0,000257
europa 2,995732 0,000349
europe 0,510826 0,000059
eurus 3,218876 0,000375
euryalus 2,995732 0,000349
evangelist 2,659260 0,000310
eve 0,673345 0,000078
evening 0,083382 0,000010
evenings 0,798508 0,000093
event 0,342490 0,000040
eventide 2,120264 0,000247
events 0,223144 0,000026
everlasting 0,891598 0,000104
evidence 0,261365 0,000030
evident 0,356675 0,000042
evil 0,162519 0,000019
evince 1,897120 0,000221
evolution 1,386294 0,000161
exact 0,287682 0,000033
exactness 1,514128 0,000176
exalt 1,714798 0,000200
exalted 0,673345 0,000078
exalts 3,218876 0,000375
examining 0,446287 0,000052
exceed 0,967584 0,000113
exceeding 0,916291 0,000107
exceeds 1,660731 0,000193
excel 1,309333 0,000152
excellence 1,049822 0,000122
excellent 0,150823 0,000018
excelling 2,407946 0,000280
excels 2,207275 0,000257
excess 0,653926 0,000076
excited 0,248461 0,000029
exclaim 1,171183 0,000136
exclaiming 1,139434 0,000133
excluded 0,967584 0,000113
exclusion 0,371064 0,000043
exclusive 1,203973 0,000140
excoriate 3,912023 0,000455
excrescent 3,912023 0,000455
exculpate 3,912023 0,000455
excusable 2,120264 0,000247
excuse 0,174353 0,000020
excuses 1,078810 0,000126
execrated 2,659260 0,000310
execute 0,941609 0,000110
execution 0,597837 0,000070
executioners 2,525729 0,000294
exemplar 3,218876 0,000375
exempt 0,371064 0,000043
exempted 1,771957 0,000206
exercise 0,287682 0,000033
exhalation 2,407946 0,000280
exhale 2,302585 0,000268
exhaling 2,813411 0,000328
exhausted 0,400478 0,000047
exhaustless 2,813411 0,000328
exhibit 0,967584 0,000113
exhibits 1,832581 0,000213
exile 0,891598 0,000104
exiles 1,609438 0,000187
exist 0,342490 0,000040
existences 2,302585 0,000268
existent 2,120264 0,000247
exists 0,235722 0,000027
expanded 1,427116 0,000166
expanding 1,832581 0,000213
expands 2,813411 0,000328
expanse 1,139434 0,000133
expansive 2,120264 0,000247
expansiveness 3,506558 0,000408
expatiates 3,218876 0,000375
expect 0,186330 0,000022
expectance 3,506558 0,000408
expectant 1,427116 0,000166
expectation 0,462035 0,000054
expected 0,105361 0,000012
expecting 0,510826 0,000059
expects 1,021651 0,000119
expend 0,462035 0,000054
expense 0,150823 0,000018
expenses 0,210721 0,000025
experience 0,083382 0,000010
expiate 2,040221 0,000238
expire 1,514128 0,000176
expires 2,525729 0,000294
expiring 1,714798 0,000200
explanation 0,139262 0,000016
explicitly 2,407946 0,000280
exploit 1,237874 0,000144
explore 1,078810 0,000126
exporting 0,510826 0,000059
expos 3,218876 0,000375
exposing 1,386294 0,000161
express 0,127833 0,000015
expressly 0,820981 0,000096
extant 1,832581 0,000213
extend 0,867501 0,000101
extended 0,446287 0,000052
extends 1,139434 0,000133
extent 0,083382 0,000010
external 0,562119 0,000065
extinct 1,108663 0,000129
extinguish 1,469676 0,000171
extol 2,207275 0,000257
extoll 3,218876 0,000375
extolling 2,525729 0,000294
extracts 1,309333 0,000152
extreme 0,235722 0,000027
extremity 0,867501 0,000101
extricate 1,660731 0,000193
exuberance 1,832581 0,000213
exult 2,120264 0,000247
exultation 1,203973 0,000140
exulting 1,771957 0,000206
exults 3,218876 0,000375
ey 3,506558 0,000408
eye 0,030459 0,000004
eyeballs 2,302585 0,000268
eyebrows 0,798508 0,000093
eyed 0,597837 0,000070
eyeing 1,714798 0,000200
eyeless 2,813411 0,000328
eyelids 0,916291 0,000107
eyes 0,010050 0,000001
eyesight 1,771957 0,000206
eying 2,659260 0,000310
ezekiel 2,207275 0,000257
fable 1,237874 0,000144
fabled 2,302585 0,000268
fables 1,771957 0,000206
fabling 3,506558 0,000408
fabric 1,427116 0,000166
fac 2,659260 0,000310
facility 0,356675 0,000042
factious 2,207275 0,000257
faculties 0,693147 0,000081
faculty 0,755023 0,000088
fade 1,237874 0,000144
faded 0,653926 0,000076
fades 2,040221 0,000238
fading 0,967584 0,000113
fail 0,235722 0,000027
failing 0,562119 0,000065
fails 0,891598 0,000104
failure 0,446287 0,000052
fain 0,967584 0,000113
faint 0,261365 0,000030
fainting 0,776529 0,000090
faintly 0,713350 0,000083
fair 0,051293 0,000006
fairer 1,272966 0,000148
fairness 1,771957 0,000206
faith 0,210721 0,000025
faithful 0,261365 0,000030
faithless 1,832581 0,000213
falchion 3,506558 0,000408
falcon 1,966113 0,000229
falconer 2,995732 0,000349
falcons 2,813411 0,000328
fall 0,020203 0,000002
fallen 0,083382 0,000010
falling 0,083382 0,000010
falls 0,328504 0,000038
false 0,210721 0,000025
falsehood 0,733969 0,000085
falsely 1,171183 0,000136
falsified 2,407946 0,000280
fam 3,218876 0,000375
fame 0,478036 0,000056
families 0,430783 0,000050
family 0,072571 0,000008
famine 1,078810 0,000126
famous 0,261365 0,000030
fan 0,916291 0,000107
fancied 0,579818 0,000067
fancy 0,198451 0,000023
fane 2,659260 0,000310
fang 2,659260 0,000310
fangs 1,660731 0,000193
fanning 1,832581 0,000213
fano 2,995732 0,000349
fantasy 2,040221 0,000238
fardel 3,506558 0,000408
fare 0,733969 0,000085
farewell 0,673345 0,000078
faring 2,120264 0,000247
farthest 1,049822 0,000122
fashion 0,174353 0,000020
fashions 1,386294 0,000161
fast 0,061875 0,000007
fasten 0,994252 0,000116
fastens 2,995732 0,000349
faster 0,562119 0,000065
fasting 1,078810 0,000126
fastness 2,659260 0,000310
fasts 2,040221 0,000238
fat 0,314711 0,000037
fatal 0,342490 0,000040
fate 0,174353 0,000020
fated 1,514128 0,000176
father 0,072571 0,000008
fathers 0,478036 0,000056
fathom 1,427116 0,000166
fatigue 0,616186 0,000072
fatten 1,966113 0,000229
fattens 3,506558 0,000408
fault 0,162519 0,000019
faulty 1,427116 0,000166
favour 0,579818 0,000067
favours 1,272966 0,000148
fays 3,506558 0,000408
fear 0,020203 0,000002
fearful 0,400478 0,000047
fearfully 1,049822 0,000122
fearfulness 2,525729 0,000294
fearing 0,673345 0,000078
fearless 1,309333 0,000152
fears 0,274437 0,000032
feast 0,544727 0,000063
feather 0,820981 0,000096
feathers 0,673345 0,000078
featly 3,912023 0,000455
feats 1,272966 0,000148
feature 0,562119 0,000065
features 0,328504 0,000038
fed 0,371064 0,000043
federal 0,527633 0,000061
fee 0,342490 0,000040
feeble 0,371064 0,000043
feeblest 2,813411 0,000328
feebly 0,843970 0,000098
feed 0,462035 0,000054
feeding 0,616186 0,000072
feeds 1,660731 0,000193
feel 0,020203 0,000002
feeling 0,105361 0,000012
feelingly 2,302585 0,000268
feels 0,446287 0,000052
fees 0,415515 0,000048
feet 0,061875 0,000007
feign 1,714798 0,000200
felix 2,207275 0,000257
fell 0,051293 0,000006
fellies 3,506558 0,000408
fellow 0,051293 0,000006
fellows 0,287682 0,000033
fellowship 1,237874 0,000144
felon 2,659260 0,000310
felony 2,407946 0,000280
female 0,385662 0,000045
feminine 1,049822 0,000122
fen 2,525729 0,000294
fenced 1,609438 0,000187
ferrara 3,218876 0,000375
ferried 2,995732 0,000349
ferruginous 3,912023 0,000455
fertile 1,021651 0,000119
fervency 2,995732 0,000349
fervent 1,021651 0,000119
fervid 2,659260 0,000310
fervour 1,609438 0,000187
festal 2,659260 0,000310
fester 2,995732 0,000349
festival 1,139434 0,000133
festive 1,514128 0,000176
festivity 2,302585 0,000268
fetid 2,302585 0,000268
fetter 2,120264 0,000247
fettering 3,912023 0,000455
fever 0,371064 0,000043
fibers 3,506558 0,000408
fibrous 2,813411 0,000328
fickle 1,660731 0,000193
fiction 0,891598 0,000104
field 0,150823 0,000018
fields 0,287682 0,000033
fiend 1,171183 0,000136
fiends 1,714798 0,000200
fierce 0,478036 0,000056
fiercely 0,776529 0,000090
fiercer 1,469676 0,000171
fiercest 1,560648 0,000182
fiery 0,713350 0,000083
fig 1,347074 0,000157
fight 0,162519 0,000019
figure 0,072571 0,000008
figures 0,248461 0,000029
figuring 2,813411 0,000328
filch 2,995732 0,000349
file 0,235722 0,000027
files 0,478036 0,000056
filippi 3,912023 0,000455
filippo 2,813411 0,000328
filter 2,995732 0,000349
filth 1,139434 0,000133
filthy 1,078810 0,000126
final 0,342490 0,000040
financial 0,415515 0,000048
fine 0,072571 0,000008
fineness 1,966113 0,000229
finest 0,494296 0,000058
finger 0,261365 0,000030
fingers 0,235722 0,000027
finish 0,314711 0,000037
finishing 0,843970 0,000098
finite 2,207275 0,000257
fir 1,514128 0,000176
firebrand 2,407946 0,000280
firm 0,274437 0,000032
firmament 1,660731 0,000193
firmer 1,469676 0,000171
firmly 0,342490 0,000040
firstling 2,813411 0,000328
fish 0,314711 0,000037
fisherman 1,427116 0,000166
fishes 0,967584 0,000113
fissure 2,407946 0,000280
fit 0,061875 0,000007
fitful 2,040221 0,000238
fitly 2,207275 0,000257
fitness 0,446287 0,000052
fitted 0,261365 0,000030
fitter 1,832581 0,000213
fitting 0,510826 0,000059
fixedly 1,427116 0,000166
fixt 3,506558 0,000408
flag 0,891598 0,000104
flagging 2,120264 0,000247
flakes 1,609438 0,000187
flam 3,506558 0,000408
flambeau 3,218876 0,000375
flame 0,400478 0,000047
flames 0,616186 0,000072
flaming 0,820981 0,000096
flamy 3,506558 0,000408
flank 1,272966 0,000148
flanks 1,347074 0,000157
flash 0,510826 0,000059
flashing 0,820981 0,000096
flat 0,248461 0,000029
flatter 0,713350 0,000083
flatteries 2,207275 0,000257
flattery 0,891598 0,000104
flavour 1,514128 0,000176
flavours 3,506558 0,000408
flaw 1,771957 0,000206
flax 2,120264 0,000247
flaxen 1,660731 0,000193
flay 1,966113 0,000229
flays 3,506558 0,000408
flecker 3,912023 0,000455
fled 0,371064 0,000043
fledge 3,506558 0,000408
flee 1,171183 0,000136
fleece 1,966113 0,000229
fleecy 2,040221 0,000238
fleeing 1,660731 0,000193
flees 2,525729 0,000294
fleet 0,776529 0,000090
fleeting 1,171183 0,000136
flemings 3,218876 0,000375
flesh 0,210721 0,000025
fleshly 2,040221 0,000238
flew 0,314711 0,000037
flexile 3,506558 0,000408
flexure 3,912023 0,000455
flies 0,579818 0,000067
flight 0,314711 0,000037
flights 1,237874 0,000144
fling 0,967584 0,000113
flint 1,237874 0,000144
flinty 2,207275 0,000257
flitted 1,386294 0,000161
flitting 1,560648 0,000182
float 0,967584 0,000113
floated 0,798508 0,000093
floating 0,597837 0,000070
floats 1,560648 0,000182
flock 0,653926 0,000076
flocks 1,108663 0,000129
flood 0,544727 0,000063
floods 1,386294 0,000161
floor 0,186330 0,000022
florence 1,609438 0,000187
florentine 2,302585 0,000268
florentines 2,995732 0,000349
florets 3,912023 0,000455
flounder 2,659260 0,000310
flourish 0,994252 0,000116
flow 0,462035 0,000054
flower 0,342490 0,000040
flowers 0,274437 0,000032
flowery 1,771957 0,000206
flowing 0,527633 0,000061
flows 0,941609 0,000110
fluctuate 2,659260 0,000310
fluent 2,120264 0,000247
fluid 1,272966 0,000148
flush 0,941609 0,000110
fly 0,210721 0,000025
flying 0,235722 0,000027
foam 0,967584 0,000113
foe 0,776529 0,000090
foes 1,139434 0,000133
fog 0,713350 0,000083
foil 1,771957 0,000206
foils 2,995732 0,000349
foison 3,912023 0,000455
fold 1,021651 0,000119
folds 0,755023 0,000088
foliage 0,916291 0,000107
folk 0,994252 0,000116
follow 0,020203 0,000002
follower 1,660731 0,000193
followers 0,755023 0,000088
followeth 2,525729 0,000294
folly 0,301105 0,000035
fond 0,287682 0,000033
fondly 1,309333 0,000152
fondness 1,386294 0,000161
font 2,040221 0,000238
food 0,127833 0,000015
fool 0,314711 0,000037
foolish 0,235722 0,000027
fools 0,616186 0,000072
foot 0,083382 0,000010
footed 1,049822 0,000122
footing 0,820981 0,000096
footsteps 0,478036 0,000056
foragers 3,506558 0,000408
forasmuch 2,302585 0,000268
forbad 2,995732 0,000349
forbade 1,078810 0,000126
forbid 0,579818 0,000067
forbidden 0,544727 0,000063
forbids 1,560648 0,000182
force 0,061875 0,000007
forceful 2,995732 0,000349
forceless 3,912023 0,000455
forces 0,462035 0,000054
forcible 1,609438 0,000187
forcibly 0,820981 0,000096
ford 1,771957 0,000206
fords 2,659260 0,000310
fore 0,755023 0,000088
forebode 3,912023 0,000455
forecast 2,207275 0,000257
forecasts 2,995732 0,000349
foredoom 3,506558 0,000408
forefathers 1,660731 0,000193
forefeet 3,506558 0,000408
forefoot 3,218876 0,000375
forehead 0,430783 0,000050
foreign 0,301105 0,000035
forelock 2,120264 0,000247
foremention 3,912023 0,000455
foremost 0,673345 0,000078
forerun 3,506558 0,000408
foresee 1,049822 0,000122
foresight 1,139434 0,000133
forespent 3,912023 0,000455
forest 0,430783 0,000050
forester 2,659260 0,000310
forests 0,891598 0,000104
foretaste 1,714798 0,000200
foretold 1,347074 0,000157
forewarn 2,659260 0,000310
forewarning 3,506558 0,000408
forfeit 1,660731 0,000193
forfeiture 2,525729 0,000294
forge 1,347074 0,000157
forgeful 3,912023 0,000455
forgers 2,995732 0,000349
forget 0,072571 0,000008
forgetful 1,347074 0,000157
forgetfulness 0,916291 0,000107
forgetive 3,912023 0,000455
forgets 1,203973 0,000140
forgive 0,356675 0,000042
forgiveness 0,916291 0,000107
forgives 2,813411 0,000328
forgiving 1,386294 0,000161
forgot 0,261365 0,000030
forgotten 0,162519 0,000019
fork 1,021651 0,000119
forked 1,714798 0,000200
forlorn 1,078810 0,000126
form 0,040822 0,000005
formal 0,673345 0,000078
format 0,562119 0,000065
formats 0,562119 0,000065
forms 0,248461 0,000029
forsook 1,560648 0,000182
forsooth 1,832581 0,000213
forthwith 1,108663 0,000129
fortress 1,049822 0,000122
fortresses 2,207275 0,000257
fortunate 0,415515 0,000048
fortune 0,186330 0,000022
fortunes 0,616186 0,000072
forum 2,207275 0,000257
foss 2,995732 0,000349
fosses 3,912023 0,000455
fought 0,371064 0,000043
foul 0,634878 0,000074
foulness 2,120264 0,000247
foundation 0,174353 0,000020
foundations 0,843970 0,000098
founder 1,108663 0,000129
fount 2,040221 0,000238
fountain 0,713350 0,000083
fourfold 2,659260 0,000310
fourth 0,186330 0,000022
fowl 1,108663 0,000129
fowler 3,218876 0,000375
fox 0,941609 0,000110
foxes 1,832581 0,000213
fragrance 1,171183 0,000136
fragrant 1,108663 0,000129
frail 0,967584 0,000113
fram 3,218876 0,000375
frame 0,235722 0,000027
frames 1,272966 0,000148
framing 1,897120 0,000221
france 0,544727 0,000063
francis 1,469676 0,000171
franco 2,813411 0,000328
frank 0,616186 0,000072
frankincense 2,207275 0,000257
frankly 0,798508 0,000093
fraud 1,078810 0,000126
fraudful 3,506558 0,000408
fraudulent 2,207275 0,000257
fraught 1,514128 0,000176
fray 1,427116 0,000166
frederic 2,407946 0,000280
frederick 1,272966 0,000148
freedom 0,223144 0,000026
freely 0,105361 0,000012
freight 1,469676 0,000171
freighted 2,040221 0,000238
frenchman 1,272966 0,000148
frenzied 1,660731 0,000193
frenzy 0,867501 0,000101
frequent 0,342490 0,000040
frequented 1,078810 0,000126
frequents 2,813411 0,000328
fresh 0,105361 0,000012
freshen 2,407946 0,000280
freshness 1,021651 0,000119
fret 1,272966 0,000148
friar 1,966113 0,000229
friars 2,302585 0,000268
friend 0,040822 0,000005
friendly 0,261365 0,000030
friends 0,020203 0,000002
friendship 0,287682 0,000033
frivolous 1,386294 0,000161
fro 0,494296 0,000058
frog 1,609438 0,000187
frogs 1,514128 0,000176
frore 3,506558 0,000408
frost 0,755023 0,000088
frosts 2,120264 0,000247
frosty 1,386294 0,000161
frown 1,078810 0,000126
frozen 0,733969 0,000085
fruit 0,274437 0,000032
fruitage 3,912023 0,000455
fruition 2,040221 0,000238
fruitlessly 2,407946 0,000280
fruits 0,446287 0,000052
frustrate 1,897120 0,000221
fuel 1,108663 0,000129
fulfil 1,049822 0,000122
fulfill 1,897120 0,000221
fulfillment 2,302585 0,000268
fulfils 2,407946 0,000280
fullest 3,912023 0,000455
fullness 1,966113 0,000229
fulminating 3,218876 0,000375
fulness 1,386294 0,000161
fume 2,207275 0,000257
fuming 2,407946 0,000280
functions 0,994252 0,000116
funeral 0,634878 0,000074
furies 1,897120 0,000221
furious 0,430783 0,000050
furiously 0,755023 0,000088
furiousness 3,912023 0,000455
furnace 1,021651 0,000119
furnish 0,579818 0,000067
furrow 1,609438 0,000187
furry 2,207275 0,000257
furtherance 2,120264 0,000247
fury 0,328504 0,000038
future 0,105361 0,000012
futurity 2,207275 0,000257
gabriel 1,966113 0,000229
gades 3,218876 0,000375
gadflies 3,218876 0,000375
gaia 3,218876 0,000375
gain 0,174353 0,000020
gainful 2,813411 0,000328
gaining 0,544727 0,000063
gains 0,916291 0,000107
gainsaying 3,218876 0,000375
gainst 2,302585 0,000268
gait 1,078810 0,000126
galaxy 2,995732 0,000349
gale 1,171183 0,000136
gall 1,469676 0,000171
gallant 0,867501 0,000101
galli 3,506558 0,000408
gallic 2,407946 0,000280
galling 1,832581 0,000213
gallop 0,994252 0,000116
game 0,248461 0,000029
gamesome 3,506558 0,000408
gan 3,218876 0,000375
ganges 1,771957 0,000206
ganymede 2,995732 0,000349
gap 0,994252 0,000116
gapes 3,506558 0,000408
gaping 0,994252 0,000116
garb 1,272966 0,000148
garbage 2,995732 0,000349
garden 0,198451 0,000023
garland 1,660731 0,000193
garlands 1,771957 0,000206
garmented 3,912023 0,000455
garments 0,597837 0,000070
garniture 3,912023 0,000455
garrison 1,347074 0,000157
gascon 2,995732 0,000349
gash 1,832581 0,000213
gashes 3,218876 0,000375
gasping 1,139434 0,000133
gat 3,218876 0,000375
gate 0,287682 0,000033
gates 0,446287 0,000052
gateway 1,309333 0,000152
gather 0,328504 0,000038
gathering 0,430783 0,000050
gathers 1,427116 0,000166
gaud 3,912023 0,000455
gaunt 1,139434 0,000133
gay 0,494296 0,000058
gayer 2,302585 0,000268
gaz 3,506558 0,000408
gaze 0,544727 0,000063
gazing 0,597837 0,000070
gem 1,832581 0,000213
gems 1,347074 0,000157
gender 2,525729 0,000294
generate 2,120264 0,000247
generated 1,660731 0,000193
generates 2,659260 0,000310
generating 2,995732 0,000349
generation 0,510826 0,000059
generations 0,198451 0,000023
generator 3,218876 0,000375
genial 0,994252 0,000116
genius 0,400478 0,000047
genoese 2,407946 0,000280
gentiles 2,040221 0,000238
gentle 0,274437 0,000032
gently 0,235722 0,000027
geomancer 3,912023 0,000455
geometric 3,912023 0,000455
germ 1,609438 0,000187
german 0,510826 0,000059
germania 3,218876 0,000375
germin 3,912023 0,000455
geryon 2,995732 0,000349
gesture 0,634878 0,000074
gestures 0,891598 0,000104
ghastly 0,867501 0,000101
ghent 2,525729 0,000294
ghost 0,544727 0,000063
ghosts 1,078810 0,000126
giant 0,634878 0,000074
giants 1,049822 0,000122
gibes 2,525729 0,000294
giddy 1,139434 0,000133
gideon 2,302585 0,000268
gift 0,261365 0,000030
gifted 1,049822 0,000122
gifts 0,527633 0,000061
gild 2,302585 0,000268
gilded 1,171183 0,000136
gin 1,514128 0,000176
gins 2,995732 0,000349
gird 1,966113 0,000229
girded 1,897120 0,000221
girding 3,506558 0,000408
girdle 1,272966 0,000148
girdled 2,407946 0,000280
girdles 2,120264 0,000247
girds 2,525729 0,000294
girl 0,235722 0,000027
girt 1,469676 0,000171
giveth 2,302585 0,000268
glad 0,072571 0,000008
gladden 2,525729 0,000294
gladdening 2,813411 0,000328
gladder 2,995732 0,000349
glade 1,832581 0,000213
gladly 0,544727 0,000063
gladness 1,049822 0,000122
gladsome 2,525729 0,000294
glance 0,248461 0,000029
glanced 0,653926 0,000076
glances 0,798508 0,000093
glancing 0,693147 0,000081
glar 3,506558 0,000408
glare 0,843970 0,000098
glares 3,218876 0,000375
glaring 0,967584 0,000113
glass 0,186330 0,000022
glaucus 2,813411 0,000328
glazed 1,660731 0,000193
gleam 0,693147 0,000081
gleaming 0,916291 0,000107
gleams 1,714798 0,000200
gleaner 3,506558 0,000408
glee 1,309333 0,000152
glen 2,407946 0,000280
glib 2,813411 0,000328
glide 1,309333 0,000152
glided 1,021651 0,000119
glides 2,407946 0,000280
gliding 1,139434 0,000133
glimmer 1,347074 0,000157
glimpse 0,544727 0,000063
glisteningly 3,912023 0,000455
glisters 3,506558 0,000408
glitter 1,386294 0,000161
glitterance 3,912023 0,000455
glittering 0,798508 0,000093
glitters 2,813411 0,000328
gloating 2,040221 0,000238
globe 0,891598 0,000104
gloom 0,579818 0,000067
gloomy 0,478036 0,000056
glories 1,386294 0,000161
glorious 0,462035 0,000054
gloriously 1,427116 0,000166
glory 0,342490 0,000040
glow 0,527633 0,000061
glowing 0,510826 0,000059
glows 1,897120 0,000221
glued 1,966113 0,000229
glut 2,659260 0,000310
glutinous 2,659260 0,000310
gluts 3,506558 0,000408
gluttonous 2,302585 0,000268
gluttons 2,813411 0,000328
gluttony 2,120264 0,000247
gnarl 3,506558 0,000408
gnarled 1,560648 0,000182
gnarling 3,506558 0,000408
gnash 2,525729 0,000294
gnat 2,995732 0,000349
gnats 2,302585 0,000268
gnaw 2,120264 0,000247
gnawing 1,386294 0,000161
gnaws 2,659260 0,000310
goad 2,207275 0,000257
goads 2,407946 0,000280
goal 0,867501 0,000101
goals 0,544727 0,000063
goat 1,021651 0,000119
goatherd 3,218876 0,000375
goats 1,347074 0,000157
god 0,094311 0,000011
goddess 1,171183 0,000136
godfrey 2,995732 0,000349
godhead 2,120264 0,000247
godless 1,966113 0,000229
gods 0,653926 0,000076
gold 0,083382 0,000010
golden 0,342490 0,000040
gomorrah 2,659260 0,000310
gonfalons 3,506558 0,000408
goodliest 2,407946 0,000280
goodly 1,272966 0,000148
goodness 0,328504 0,000038
goose 0,941609 0,000110
gore 1,560648 0,000182
gorge 1,714798 0,000200
gorgeous 1,171183 0,000136
gorgon 2,407946 0,000280
gory 2,407946 0,000280
goshawk 3,912023 0,000455
gospel 1,021651 0,000119
govern 0,342490 0,000040
governance 3,218876 0,000375
governments 1,469676 0,000171
governs 1,660731 0,000193
grace 0,235722 0,000027
graceful 0,494296 0,000058
graces 1,139434 0,000133
gracious 0,544727 0,000063
graciously 1,203973 0,000140
gradation 2,302585 0,000268
gradual 1,049822 0,000122
gradually 0,328504 0,000038
grafted 2,995732 0,000349
grain 0,597837 0,000070
grandchild 2,407946 0,000280
grandsire 2,659260 0,000310
grandson 1,427116 0,000166
grant 0,371064 0,000043
granted 0,150823 0,000018
granting 1,203973 0,000140
grape 1,272966 0,000148
grapple 1,771957 0,000206
grappled 1,966113 0,000229
grappling 1,832581 0,000213
grasp 0,385662 0,000045
grasping 0,891598 0,000104
grasps 2,120264 0,000247
grass 0,314711 0,000037
grassy 1,469676 0,000171
grate 1,171183 0,000136
grateful 0,446287 0,000052
gratefully 0,415515 0,000048
grates 2,813411 0,000328
gratia 2,813411 0,000328
grating 1,272966 0,000148
gratitude 0,478036 0,000056
gratuitous 2,302585 0,000268
gratulation 3,218876 0,000375
grav 3,912023 0,000455
grave 0,127833 0,000015
graven 1,771957 0,000206
graves 0,994252 0,000116
gray 0,733969 0,000085
greatness 0,693147 0,000081
grecian 1,427116 0,000166
greece 1,139434 0,000133
greed 1,609438 0,000187
greedily 1,078810 0,000126
greediness 2,207275 0,000257
greedy 1,021651 0,000119
greek 0,544727 0,000063
greeks 0,994252 0,000116
green 0,105361 0,000012
greenest 2,659260 0,000310
greenness 2,207275 0,000257
greensward 2,995732 0,000349
greet 0,994252 0,000116
greeting 0,798508 0,000093
gregory 1,139434 0,000133
grew 0,139262 0,000016
grey 0,562119 0,000065
greyhound 2,525729 0,000294
greyhounds 2,302585 0,000268
grief 0,356675 0,000042
grievance 1,347074 0,000157
grieve 0,916291 0,000107
grieves 1,966113 0,000229
grieving 1,386294 0,000161
grievous 0,967584 0,000113
grievously 1,714798 0,000200
grim 0,776529 0,000090
grin 0,967584 0,000113
grind 1,272966 0,000148
grinding 1,078810 0,000126
grinning 1,049822 0,000122
grins 2,120264 0,000247
gripe 2,525729 0,000294
griping 3,506558 0,000408
grisly 2,040221 0,000238
groan 0,891598 0,000104
groaning 0,916291 0,000107
groans 1,021651 0,000119
groin 2,407946 0,000280
groom 1,660731 0,000193
grooms 1,897120 0,000221
grope 1,832581 0,000213
gross 0,235722 0,000027
grosser 2,207275 0,000257
grossly 1,386294 0,000161
grot 3,218876 0,000375
grots 3,218876 0,000375
ground 0,030459 0,000004
grovel 2,813411 0,000328
grow 0,139262 0,000016
growing 0,174353 0,000020
grown 0,116534 0,000014
grows 0,527633 0,000061
growth 0,462035 0,000054
grudge 1,171183 0,000136
grudging 2,302585 0,000268
gryphon 3,506558 0,000408
guard 0,174353 0,000020
guarded 0,597837 0,000070
guardian 0,693147 0,000081
guards 0,673345 0,000078
guerdon 2,995732 0,000349
guess 0,314711 0,000037
guest 0,527633 0,000061
guidance 0,776529 0,000090
guide 0,261365 0,000030
guided 0,462035 0,000054
guides 1,108663 0,000129
guiding 0,867501 0,000101
guido 2,302585 0,000268
guile 1,514128 0,000176
guilt 0,544727 0,000063
guiltless 1,832581 0,000213
guilty 0,356675 0,000042
guise 1,560648 0,000182
gulf 0,755023 0,000088
gulfs 2,407946 0,000280
gullet 2,407946 0,000280
gulp 2,040221 0,000238
gurgle 2,407946 0,000280
gush 1,469676 0,000171
gushes 2,995732 0,000349
gushing 1,771957 0,000206
gust 1,386294 0,000161
gusty 2,302585 0,000268
gyres 3,912023 0,000455
ha 0,891598 0,000104
habited 2,659260 0,000310
habits 0,356675 0,000042
hack 1,714798 0,000200
hacks 2,525729 0,000294
hadst 1,714798 0,000200
haggard 1,021651 0,000119
hags 2,525729 0,000294
hah 2,659260 0,000310
hail 0,634878 0,000074
hair 0,094311 0,000011
hairs 0,916291 0,000107
hairy 1,078810 0,000126
hall 0,314711 0,000037
hallow 2,407946 0,000280
halo 1,832581 0,000213
halt 0,755023 0,000088
halted 0,843970 0,000098
halter 2,120264 0,000247
halts 2,120264 0,000247
hammers 1,966113 0,000229
hand 0,010050 0,000001
handling 1,203973 0,000140
handmaid 1,832581 0,000213
handmaids 2,207275 0,000257
hands 0,020203 0,000002
hang 0,400478 0,000047
hangs 0,941609 0,000110
hannibal 1,897120 0,000221
hap 2,040221 0,000238
hapless 1,714798 0,000200
haply 2,207275 0,000257
happen 0,150823 0,000018
happier 0,544727 0,000063
happiest 0,798508 0,000093
happily 0,478036 0,000056
happiness 0,150823 0,000018
happy 0,072571 0,000008
harbinger 2,813411 0,000328
harbour 1,078810 0,000126
hard 0,040822 0,000005
harden 1,427116 0,000166
harder 0,597837 0,000070
hardest 0,967584 0,000113
hardihood 1,771957 0,000206
hardily 3,218876 0,000375
hardness 1,203973 0,000140
hardy 0,994252 0,000116
harlot 1,660731 0,000193
harm 0,210721 0,000025
harmful 2,407946 0,000280
harmless 0,248461 0,000029
harmonious 1,171183 0,000136
harmony 0,579818 0,000067
harp 0,941609 0,000110
harper 2,120264 0,000247
harpies 2,407946 0,000280
harpings 3,506558 0,000408
harry 1,427116 0,000166
harsh 0,510826 0,000059
harsher 2,995732 0,000349
hart 0,462035 0,000054
harvest 0,755023 0,000088
hash 2,407946 0,000280
hast 0,891598 0,000104
haste 0,371064 0,000043
hasted 2,525729 0,000294
hasten 1,021651 0,000119
hastes 3,506558 0,000408
hastily 0,462035 0,000054
hasting 2,813411 0,000328
hasty 0,510826 0,000059
hat 0,478036 0,000056
hate 0,274437 0,000032
hateful 0,891598 0,000104
hath 2,040221 0,000238
hating 1,469676 0,000171
hatred 0,494296 0,000058
haughty 0,867501 0,000101
haunch 2,407946 0,000280
haunches 1,714798 0,000200
haunted 0,579818 0,000067
haunts 1,171183 0,000136
havoc 1,714798 0,000200
hawk 1,427116 0,000166
head 0,000000 0,000000
headed 0,510826 0,000059
headless 1,897120 0,000221
headlong 0,843970 0,000098
heads 0,094311 0,000011
heal 1,309333 0,000152
healer 2,659260 0,000310
health 0,198451 0,000023
heap 0,494296 0,000058
heaping 2,120264 0,000247
hear 0,010050 0,000001
heard 0,020203 0,000002
hearing 0,139262 0,000016
hearken 1,897120 0,000221
hears 0,673345 0,000078
heart 0,010050 0,000001
heartiness 2,525729 0,000294
hearts 0,261365 0,000030
hearty 0,653926 0,000076
heat 0,274437 0,000032
heathen 1,272966 0,000148
heats 2,302585 0,000268
heave 1,427116 0,000166
heaven 0,198451 0,000023
heavenly 0,843970 0,000098
heavens 0,430783 0,000050
heavier 0,776529 0,000090
heavily 0,400478 0,000047
heaving 0,994252 0,000116
heavy 0,030459 0,000004
hebrew 1,203973 0,000140
hebrews 1,832581 0,000213
hectic 1,966113 0,000229
hector 1,832581 0,000213
hecuba 2,525729 0,000294
heed 0,693147 0,000081
heedful 2,659260 0,000310
heedfully 3,506558 0,000408
heedless 1,272966 0,000148
heeds 2,813411 0,000328
heel 0,713350 0,000083
heels 0,446287 0,000052
heifer 2,120264 0,000247
height 0,261365 0,000030
heighten 2,302585 0,000268
heights 0,916291 0,000107
heir 0,653926 0,000076
heirs 1,203973 0,000140
held 0,040822 0,000005
helen 1,714798 0,000200
helicon 2,813411 0,000328
heliotrope 2,813411 0,000328
hellespont 2,207275 0,000257
hellish 1,966113 0,000229
helm 1,347074 0,000157
helpless 0,328504 0,000038
hem 1,469676 0,000171
hemisphere 2,040221 0,000238
hemispheres 2,525729 0,000294
hems 2,813411 0,000328
henceforth 0,867501 0,000101
herald 1,469676 0,000171
heralding 3,218876 0,000375
herb 1,309333 0,000152
herbs 1,108663 0,000129
hercules 1,272966 0,000148
herd 0,713350 0,000083
herds 1,237874 0,000144
heresy 1,514128 0,000176
heretic 2,207275 0,000257
heretofore 1,272966 0,000148
heritage 1,897120 0,000221
hermaphrodite 3,506558 0,000408
hermit 1,514128 0,000176
hesitating 1,021651 0,000119
hesperian 3,506558 0,000408
hidden 0,248461 0,000029
hide 0,287682 0,000033
hideous 0,527633 0,000061
hides 0,967584 0,000113
hierarchy 2,207275 0,000257
highly 0,261365 0,000030
highway 1,108663 0,000129
hill 0,248461 0,000029
hills 0,356675 0,000042
hilly 2,120264 0,000247
hilt 1,609438 0,000187
hind 1,171183 0,000136
hinder 0,820981 0,000096
hinders 1,897120 0,000221
hindrance 1,139434 0,000133
hinges 0,994252 0,000116
hip 1,514128 0,000176
hippocrates 2,407946 0,000280
hippolytus 2,813411 0,000328
hisses 2,207275 0,000257
hissing 1,237874 0,000144
historian 1,108663 0,000129
hitherto 0,385662 0,000045
hitherward 2,995732 0,000349
hits 2,040221 0,000238
hoar 1,609438 0,000187
hoarse 0,867501 0,000101
hoary 1,771957 0,000206
hoist 1,660731 0,000193
hold 0,020203 0,000002
holder 0,446287 0,000052
holding 0,174353 0,000020
holds 0,342490 0,000040
hole 0,356675 0,000042
holier 2,302585 0,000268
holiest 2,207275 0,000257
holiness 1,347074 0,000157
hollow 0,446287 0,000052
hollowness 2,659260 0,000310
holm 3,506558 0,000408
holocaust 3,218876 0,000375
holofernes 2,813411 0,000328
holy 0,385662 0,000045
homer 1,203973 0,000140
homeward 0,891598 0,000104
honesty 0,733969 0,000085
honey 0,755023 0,000088
honor 0,891598 0,000104
honour 0,510826 0,000059
honourable 0,941609 0,000110
honouring 2,040221 0,000238
honours 1,108663 0,000129
hood 1,386294 0,000161
hooded 2,407946 0,000280
hoods 2,525729 0,000294
hoof 1,560648 0,000182
hook 0,798508 0,000093
hooks 1,171183 0,000136
hoops 2,525729 0,000294
hop 1,469676 0,000171
hope 0,010050 0,000001
hopes 0,210721 0,000025
hoping 0,430783 0,000050
hordes 2,302585 0,000268
horizon 0,616186 0,000072
horn 0,776529 0,000090
horned 1,832581 0,000213
hornets 2,995732 0,000349
horns 0,867501 0,000101
horologe 3,912023 0,000455
horrible 0,356675 0,000042
horrid 0,713350 0,000083
horror 0,248461 0,000029
horse 0,162519 0,000019
horsemen 1,171183 0,000136
hosanna 2,813411 0,000328
hosannas 3,912023 0,000455
host 0,478036 0,000056
hosts 1,237874 0,000144
hot 0,116534 0,000014
hotter 2,302585 0,000268
hound 1,272966 0,000148
hounds 1,139434 0,000133
hour 0,083382 0,000010
hours 0,094311 0,000011
house 0,020203 0,000002
household 0,430783 0,000050
hover 1,897120 0,000221
hovers 1,966113 0,000229
howl 1,021651 0,000119
howling 0,755023 0,000088
hue 0,798508 0,000093
hues 1,771957 0,000206
huge 0,400478 0,000047
hugh 2,040221 0,000238
hull 1,514128 0,000176
hum 0,891598 0,000104
human 0,083382 0,000010
humble 0,301105 0,000035
humbled 1,171183 0,000136
humbleness 2,813411 0,000328
humblest 2,120264 0,000247
humbling 2,302585 0,000268
humbly 0,867501 0,000101
humility 0,867501 0,000101
hundredth 1,347074 0,000157
hung 0,174353 0,000020
hungary 2,302585 0,000268
hunger 0,478036 0,000056
hunt 0,544727 0,000063
hunter 0,820981 0,000096
hunting 0,462035 0,000054
hurl 1,469676 0,000171
hurls 2,659260 0,000310
hurried 0,356675 0,000042
hurrying 0,673345 0,000078
hurt 0,198451 0,000023
hurtling 2,525729 0,000294
husband 0,248461 0,000029
hush 0,776529 0,000090
hushing 2,207275 0,000257
hut 0,916291 0,000107
hydras 2,995732 0,000349
hymn 1,021651 0,000119
hymns 1,714798 0,000200
hyperion 3,218876 0,000375
hypocrites 2,813411 0,000328
hypsipyle 2,813411 0,000328
iberia 3,218876 0,000375
icarus 3,506558 0,000408
ice 0,527633 0,000061
icy 1,203973 0,000140
ida 2,040221 0,000238
idea 0,105361 0,000012
ideal 0,843970 0,000098
identification 0,527633 0,000061
identify 0,415515 0,000048
idle 0,274437 0,000032
idleness 0,755023 0,000088
idolater 3,218876 0,000375
ignoble 1,427116 0,000166
ignorance 0,287682 0,000033
ignorant 0,301105 0,000035
iii 0,287682 0,000033
ilion 2,813411 0,000328
ilium 2,659260 0,000310
illapse 3,912023 0,000455
illimitable 2,525729 0,000294
illume 3,912023 0,000455
illumes 3,912023 0,000455
illuminato 3,912023 0,000455
illustrated 1,021651 0,000119
illustrator 2,995732 0,000349
illustrious 1,021651 0,000119
image 0,371064 0,000043
imagery 2,302585 0,000268
images 0,867501 0,000101
imagination 0,223144 0,000026
imagine 0,139262 0,000016
imagined 0,287682 0,000033
imagining 0,941609 0,000110
imbosom 3,506558 0,000408
imbrown 3,912023 0,000455
imbrowns 3,912023 0,000455
imbued 1,660731 0,000193
imitative 2,525729 0,000294
immeasurable 1,560648 0,000182
immense 0,314711 0,000037
immortal 0,776529 0,000090
immortally 3,218876 0,000375
immovable 1,203973 0,000140
immovably 2,407946 0,000280
immutable 1,714798 0,000200
immutably 2,659260 0,000310
imp 1,832581 0,000213
impair 2,302585 0,000268
impairs 2,995732 0,000349
impalement 3,912023 0,000455
imparadise 3,912023 0,000455
impart 1,078810 0,000126
imparts 1,897120 0,000221
impassible 2,995732 0,000349
impassion 3,912023 0,000455
impassive 1,714798 0,000200
impatient 0,371064 0,000043
impatiently 0,634878 0,000074
impeded 1,771957 0,000206
impedes 3,218876 0,000375
impediment 1,714798 0,000200
impel 2,407946 0,000280
impels 2,659260 0,000310
impends 3,506558 0,000408
impenetrable 1,049822 0,000122
impenitent 2,813411 0,000328
imperfect 0,673345 0,000078
imperial 1,021651 0,000119
imperishable 1,966113 0,000229
impetuous 1,021651 0,000119
impiety 1,966113 0,000229
impious 1,714798 0,000200
implied 0,371064 0,000043
implies 1,386294 0,000161
implore 1,237874 0,000144
imploring 1,237874 0,000144
import 1,021651 0,000119
importing 2,207275 0,000257
imports 2,040221 0,000238
importuning 2,659260 0,000310
imposed 0,210721 0,000025
impostor 1,771957 0,000206
impostures 3,218876 0,000375
impotent 1,272966 0,000148
impregn 3,506558 0,000408
impregnate 3,218876 0,000375
impregnated 2,407946 0,000280
impregnates 3,218876 0,000375
impress 0,776529 0,000090
impression 0,210721 0,000025
imprest 3,912023 0,000455
imprint 1,966113 0,000229
imprinted 1,660731 0,000193
imprints 2,525729 0,000294
imprison 1,560648 0,000182
imprisonment 1,203973 0,000140
improving 1,049822 0,000122
impulse 0,462035 0,000054
impure 1,469676 0,000171
impute 1,897120 0,000221
imputed 1,609438 0,000187
inaccurate 0,510826 0,000059
inaction 1,966113 0,000229
inactive 1,897120 0,000221
incarnate 1,832581 0,000213
incense 1,049822 0,000122
incessant 0,941609 0,000110
incessantly 0,916291 0,000107
inch 0,634878 0,000074
incidental 0,446287 0,000052
incited 1,714798 0,000200
incitements 3,218876 0,000375
inclement 2,207275 0,000257
inclinations 1,309333 0,000152
incline 1,049822 0,000122
inclines 1,897120 0,000221
inclining 1,514128 0,000176
include 0,274437 0,000032
included 0,162519 0,000019
includes 0,462035 0,000054
including 0,139262 0,000016
incomplete 0,301105 0,000035
inconclusive 2,525729 0,000294
inconstant 2,120264 0,000247
incontinence 2,659260 0,000310
incontinent 2,995732 0,000349
increase 0,287682 0,000033
increases 1,237874 0,000144
increasing 0,127833 0,000015
increate 3,218876 0,000375
incredible 0,653926 0,000076
incumbent 1,714798 0,000200
incumber 3,912023 0,000455
incumbrance 2,407946 0,000280
incurs 3,218876 0,000375
indemnify 0,527633 0,000061
indemnity 0,527633 0,000061
independent 0,510826 0,000059
indian 0,597837 0,000070
indians 1,108663 0,000129
indifferent 0,400478 0,000047
indignant 0,820981 0,000096
indirect 0,446287 0,000052
indirectly 0,371064 0,000043
indiscernible 3,218876 0,000375
indistinct 1,139434 0,000133
indistinctly 1,897120 0,000221
indite 2,525729 0,000294
individual 0,150823 0,000018
indolence 1,309333 0,000152
induc 3,218876 0,000375
indued 3,506558 0,000408
indulge 0,820981 0,000096
indulgent 1,386294 0,000161
indurated 2,995732 0,000349
indus 2,813411 0,000328
inebriate 2,995732 0,000349
ineffable 1,771957 0,000206
inept 2,659260 0,000310
inequality 1,560648 0,000182
inexpressive 2,525729 0,000294
inextricable 2,525729 0,000294
infamy 1,203973 0,000140
infancy 0,916291 0,000107
infant 0,673345 0,000078
infantry 1,771957 0,000206
infants 1,171183 0,000136
infatuate 3,912023 0,000455
infecting 2,995732 0,000349
infer 1,139434 0,000133
inference 1,469676 0,000171
inferior 0,597837 0,000070
infernal 0,843970 0,000098
inferno 2,659260 0,000310
infinite 0,430783 0,000050
infinitude 2,659260 0,000310
infirm 1,714798 0,000200
infix 3,218876 0,000375
infixing 3,912023 0,000455
inflame 2,040221 0,000238
inflames 2,659260 0,000310
inflict 1,049822 0,000122
inflicted 0,798508 0,000093
inflicts 2,659260 0,000310
influence 0,198451 0,000023
influences 0,994252 0,000116
influencing 2,407946 0,000280
inform 0,510826 0,000059
informing 1,021651 0,000119
informs 1,514128 0,000176
infringement 0,544727 0,000063
infuriate 2,995732 0,000349
infuse 2,407946 0,000280
infuses 3,912023 0,000455
ingem 3,912023 0,000455
ingulfs 3,912023 0,000455
inhabit 1,203973 0,000140
inhabitants 0,446287 0,000052
inhabited 0,713350 0,000083
inhabiting 2,302585 0,000268
inhabits 2,813411 0,000328
inhale 1,897120 0,000221
inherent 1,560648 0,000182
inhospitable 1,714798 0,000200
injunction 1,347074 0,000157
injure 0,941609 0,000110
injuries 0,916291 0,000107
injuring 1,427116 0,000166
injury 0,446287 0,000052
ink 0,941609 0,000110
inky 1,966113 0,000229
inlay 3,218876 0,000375
inlays 3,912023 0,000455
inlet 2,040221 0,000238
inly 2,995732 0,000349
inmate 1,897120 0,000221
inmost 1,309333 0,000152
inn 0,713350 0,000083
innate 1,427116 0,000166
innermost 1,771957 0,000206
innocence 0,634878 0,000074
innocent 0,186330 0,000022
innocents 2,120264 0,000247
innumerable 0,634878 0,000074
innumerous 3,506558 0,000408
inordinate 1,771957 0,000206
inquire 0,494296 0,000058
inquiring 0,798508 0,000093
inquiry 0,634878 0,000074
inquisitive 1,078810 0,000126
insane 0,994252 0,000116
insatiate 1,966113 0,000229
inscription 1,272966 0,000148
insect 1,560648 0,000182
inserted 1,237874 0,000144
insolence 0,994252 0,000116
inspiration 0,867501 0,000101
inspirations 2,207275 0,000257
inspired 0,510826 0,000059
inspires 1,386294 0,000161
inspiriting 2,659260 0,000310
instance 0,150823 0,000018
instances 0,653926 0,000076
instant 0,210721 0,000025
instill 3,218876 0,000375
instinct 0,430783 0,000050
instruct 1,078810 0,000126
instructed 0,713350 0,000083
instructor 1,609438 0,000187
instructors 2,120264 0,000247
instrument 0,356675 0,000042
insubstantial 3,506558 0,000408
insult 0,673345 0,000078
insulting 1,203973 0,000140
intellect 0,693147 0,000081
intellectual 0,235722 0,000027
intelligence 0,301105 0,000035
intelligent 0,342490 0,000040
intelligential 3,506558 0,000408
intelligibly 2,813411 0,000328
intemperate 2,207275 0,000257
intend 0,494296 0,000058
intended 0,174353 0,000020
intends 1,347074 0,000157
intense 0,430783 0,000050
intensely 0,820981 0,000096
intenser 3,912023 0,000455
intensest 2,302585 0,000268
intent 0,527633 0,000061
intention 0,186330 0,000022
intently 0,891598 0,000104
intercepted 1,771957 0,000206
interchange 1,660731 0,000193
interchangeable 3,506558 0,000408
interchanging 2,659260 0,000310
interdict 2,407946 0,000280
intermingling 2,995732 0,000349
intermission 1,560648 0,000182
intermit 3,218876 0,000375
intermitted 2,995732 0,000349
intermittently 3,218876 0,000375
internal 0,261365 0,000030
international 0,494296 0,000058
interpose 1,897120 0,000221
interposition 2,040221 0,000238
interpret 1,139434 0,000133
interpreted 0,274437 0,000032
interpreting 1,832581 0,000213
interruption 0,776529 0,000090
interrupts 2,525729 0,000294
intersected 1,714798 0,000200
intertwin 3,912023 0,000455
intervals 0,510826 0,000059
intervein 3,912023 0,000455
intervenient 3,912023 0,000455
intervening 1,347074 0,000157
intimation 1,347074 0,000157
intimations 2,813411 0,000328
intricate 1,078810 0,000126
invalidity 0,527633 0,000061
inveigled 2,525729 0,000294
inventor 1,560648 0,000182
invert 2,813411 0,000328
inverted 2,120264 0,000247
invest 1,966113 0,000229
inveterate 1,560648 0,000182
invigorate 3,506558 0,000408
invisible 0,562119 0,000065
invited 0,415515 0,000048
invites 1,660731 0,000193
inviting 0,891598 0,000104
invocation 2,813411 0,000328
invoke 2,040221 0,000238
involuntary 1,021651 0,000119
involves 1,832581 0,000213
inwardly 0,798508 0,000093
inweaves 3,912023 0,000455
inwoven 3,506558 0,000408
inwreathe 3,912023 0,000455
iphigenia 3,506558 0,000408
ire 1,832581 0,000213
ireful 2,995732 0,000349
iris 2,120264 0,000247
irk 3,218876 0,000375
irks 2,995732 0,000349
iron 0,198451 0,000023
irradiate 2,995732 0,000349
irregular 0,733969 0,000085
irremovable 3,912023 0,000455
irs 0,562119 0,000065
isidore 3,218876 0,000375
isle 1,427116 0,000166
islet 2,407946 0,000280
israel 1,386294 0,000161
israelites 2,207275 0,000257
issue 0,462035 0,000054
issued 0,579818 0,000067
issues 1,427116 0,000166
issuing 1,078810 0,000126
italian 0,653926 0,000076
italy 0,820981 0,000096
iv 0,328504 0,000038
ivy 1,272966 0,000148
ix 0,494296 0,000058
jacob 1,427116 0,000166
jagged 1,560648 0,000182
james 0,673345 0,000078
january 0,693147 0,000081
janus 2,813411 0,000328
jar 1,386294 0,000161
jarring 2,120264 0,000247
jason 2,302585 0,000268
javelin 2,120264 0,000247
jaw 0,820981 0,000096
jaws 0,733969 0,000085
jealousy 0,478036 0,000056
jerkin 2,995732 0,000349
jerome 2,813411 0,000328
jerusalem 1,237874 0,000144
jest 0,673345 0,000078
jests 1,560648 0,000182
jesus 1,237874 0,000144
jetty 2,525729 0,000294
jew 1,171183 0,000136
jewel 1,237874 0,000144
jewels 0,820981 0,000096
jews 1,078810 0,000126
jibber 3,912023 0,000455
joachim 3,912023 0,000455
joanna 2,813411 0,000328
jocasta 3,506558 0,000408
jocund 2,659260 0,000310
john 0,328504 0,000038
joint 0,673345 0,000078
joints 1,108663 0,000129
jordan 1,966113 0,000229
joshua 2,040221 0,000238
journey 0,198451 0,000023
journeyed 2,207275 0,000257
journeying 2,207275 0,000257
journeys 1,139434 0,000133
jousts 2,995732 0,000349
jove 1,108663 0,000129
jovial 1,609438 0,000187
joy 0,139262 0,000016
joyance 3,912023 0,000455
joyful 0,798508 0,000093
joyfully 1,272966 0,000148
joyous 0,941609 0,000110
joyously 1,560648 0,000182
joys 0,916291 0,000107
juba 3,218876 0,000375
jubilee 2,120264 0,000247
judas 2,120264 0,000247
judge 0,116534 0,000014
judges 0,597837 0,000070
judgment 0,198451 0,000023
judgments 1,237874 0,000144
judicious 1,139434 0,000133
judith 2,120264 0,000247
juice 1,347074 0,000157
julia 2,120264 0,000247
julius 1,897120 0,000221
july 0,616186 0,000072
juncture 1,386294 0,000161
juno 1,897120 0,000221
juster 2,813411 0,000328
justice 0,162519 0,000019
justinian 2,659260 0,000310
justly 0,653926 0,000076
jutting 1,897120 0,000221
keel 1,386294 0,000161
keen 0,415515 0,000048
keener 1,469676 0,000171
keenest 1,386294 0,000161
keenly 0,967584 0,000113
keenness 2,302585 0,000268
keeper 0,916291 0,000107
keeping 1,078810 0,000126
ken 1,771957 0,000206
kenn 3,506558 0,000408
kens 3,506558 0,000408
key 0,356675 0,000042
keyhole 1,560648 0,000182
kick 0,653926 0,000076
kin 1,139434 0,000133
kindle 1,272966 0,000148
kindled 0,867501 0,000101
kindles 2,407946 0,000280
kindliest 3,218876 0,000375
kindling 1,714798 0,000200
kindly 0,223144 0,000026
kindness 0,287682 0,000033
kindred 0,994252 0,000116
kine 2,207275 0,000257
king 0,223144 0,000026
kingdom 0,494296 0,000058
kingly 2,040221 0,000238
kings 0,527633 0,000061
kinsman 1,609438 0,000187
kinswoman 2,525729 0,000294
kiss 0,562119 0,000065
kisses 1,021651 0,000119
kneels 2,995732 0,000349
knees 0,223144 0,000026
knight 1,309333 0,000152
knighthood 2,813411 0,000328
knights 1,309333 0,000152
knit 1,108663 0,000129
knits 2,813411 0,000328
knock 0,616186 0,000072
knot 0,673345 0,000078
knots 1,139434 0,000133
knotty 1,966113 0,000229
knoweth 2,120264 0,000247
knowledge 0,061875 0,000007
label 1,771957 0,000206
labor 1,272966 0,000148
labour 0,634878 0,000074
labourer 1,832581 0,000213
labouring 1,469676 0,000171
labours 0,994252 0,000116
lachesis 3,218876 0,000375
lack 0,478036 0,000056
lacking 1,171183 0,000136
ladder 0,693147 0,000081
laden 0,673345 0,000078
ladies 0,314711 0,000037
lading 2,525729 0,000294
lady 0,248461 0,000029
laertes 2,659260 0,000310
lagging 1,897120 0,000221
laid 0,072571 0,000008
lain 0,843970 0,000098
lair 1,560648 0,000182
lake 0,210721 0,000025
lamb 0,776529 0,000090
lambs 1,347074 0,000157
lamely 2,995732 0,000349
lament 1,203973 0,000140
lamentable 1,469676 0,000171
lamentation 1,560648 0,000182
lamentations 1,386294 0,000161
lamenting 1,560648 0,000182
laments 2,659260 0,000310
lamp 0,478036 0,000056
lamping 3,912023 0,000455
lamps 0,733969 0,000085
lance 1,469676 0,000171
lancelot 3,218876 0,000375
land 0,072571 0,000008
landed 0,527633 0,000061
lands 0,544727 0,000063
language 0,072571 0,000008
languages 0,967584 0,000113
languish 1,966113 0,000229
languishes 3,506558 0,000408
lantern 0,967584 0,000113
lap 0,634878 0,000074
lapse 0,994252 0,000116
larboard 2,407946 0,000280
largeness 1,897120 0,000221
largess 2,995732 0,000349
lark 1,609438 0,000187
lash 1,386294 0,000161
lashes 1,237874 0,000144
lasting 1,771957 0,000206
lastly 0,867501 0,000101
late 0,094311 0,000011
lateral 2,120264 0,000247
lateran 3,218876 0,000375
latian 3,506558 0,000408
latinus 2,995732 0,000349
latona 2,813411 0,000328
lattice 1,609438 0,000187
laugh 0,127833 0,000015
laughing 0,248461 0,000029
laughter 0,274437 0,000032
launch 1,427116 0,000166
laurel 1,609438 0,000187
laurence 3,218876 0,000375
lav 3,912023 0,000455
lave 2,302585 0,000268
laves 2,813411 0,000328
lavinia 2,659260 0,000310
lavish 1,386294 0,000161
lavishly 2,040221 0,000238
lavishment 3,912023 0,000455
law 0,030459 0,000004
lawful 1,078810 0,000126
lawgiver 1,897120 0,000221
laws 0,083382 0,000010
lax 2,525729 0,000294
lay 0,051293 0,000006
laying 0,274437 0,000032
layman 2,407946 0,000280
lays 0,798508 0,000093
lazar 3,218876 0,000375
laziness 1,714798 0,000200
lazy 0,616186 0,000072
lea 2,525729 0,000294
lead 0,083382 0,000010
leaded 2,659260 0,000310
leaden 1,237874 0,000144
leader 0,462035 0,000054
leaders 0,820981 0,000096
leading 0,139262 0,000016
leads 0,462035 0,000054
leaf 0,462035 0,000054
leaflets 3,218876 0,000375
leafy 2,040221 0,000238
league 0,916291 0,000107
leagued 2,302585 0,000268
leah 2,813411 0,000328
lean 0,579818 0,000067
leander 2,995732 0,000349
leaner 2,995732 0,000349
leaning 0,301105 0,000035
leanness 2,813411 0,000328
leans 1,966113 0,000229
leant 1,609438 0,000187
leap 0,562119 0,000065
leaping 0,713350 0,000083
leaps 1,386294 0,000161
learchus 3,506558 0,000408
learn 0,020203 0,000002
learner 2,659260 0,000310
learning 0,301105 0,000035
learns 1,108663 0,000129
learnt 0,713350 0,000083
leash 2,525729 0,000294
leathern 2,040221 0,000238
leave 0,000000 0,000000
leaves 0,094311 0,000011
leaving 0,083382 0,000010
led 0,040822 0,000005
leda 2,813411 0,000328
ledge 1,272966 0,000148
lees 2,302585 0,000268
left 0,000000 0,000000
leftward 3,912023 0,000455
legal 0,261365 0,000030
legally 0,342490 0,000040
legions 1,897120 0,000221
legs 0,274437 0,000032
leisure 0,579818 0,000067
leisurely 1,108663 0,000129
lemnian 3,506558 0,000408
lend 0,597837 0,000070
lends 1,609438 0,000187
lengthen 1,771957 0,000206
lengthwise 2,407946 0,000280
lent 0,798508 0,000093
leopard 2,302585 0,000268
leprosy 2,302585 0,000268
leprous 2,407946 0,000280
lessen 1,171183 0,000136
lesson 0,400478 0,000047
lessons 0,579818 0,000067
lethargy 1,714798 0,000200
lethe 2,407946 0,000280
letter 0,116534 0,000014
letters 0,198451 0,000023
level 0,274437 0,000032
leveret 2,659260 0,000310
levi 2,813411 0,000328
levy 2,120264 0,000247
liability 0,462035 0,000054
liable 0,235722 0,000027
liar 1,203973 0,000140
liberal 0,616186 0,000072
liberty 0,223144 0,000026
libra 2,995732 0,000349
library 0,223144 0,000026
licence 1,560648 0,000182
license 0,301105 0,000035
licensed 0,430783 0,000050
licking 1,272966 0,000148
licks 2,302585 0,000268
lid 0,820981 0,000096
lids 1,171183 0,000136
lie 0,040822 0,000005
lied 1,171183 0,000136
liege 3,218876 0,000375
lies 0,162519 0,000019
lieu 0,415515 0,000048
life -0,009950 -0,000001
lifetime 0,867501 0,000101
lift 0,415515 0,000048
lifted 0,274437 0,000032
lifting 0,653926 0,000076
lifts 1,139434 0,000133
light 0,010050 0,000001
lighted 0,261365 0,000030
lighten 1,203973 0,000140
lightening 2,040221 0,000238
lightens 2,302585 0,000268
lighter 0,527633 0,000061
lighting 0,755023 0,000088
lightly 0,430783 0,000050
lightning 0,478036 0,000056
lightnings 1,832581 0,000213
lights 0,301105 0,000035
likelier 3,218876 0,000375
likeness 0,693147 0,000081
liker 2,995732 0,000349
liking 1,049822 0,000122
lilied 3,912023 0,000455
lilies 1,609438 0,000187
lily 1,560648 0,000182
lim 3,912023 0,000455
limb 0,798508 0,000093
limbo 2,407946 0,000280
limbs 0,274437 0,000032
limit 0,673345 0,000078
limitation 0,478036 0,000056
limited 0,261365 0,000030
limits 0,494296 0,000058
limmer 3,912023 0,000455
limn 3,912023 0,000455
limped 1,609438 0,000187
limpid 1,897120 0,000221
lin 3,506558 0,000408
lineage 1,832581 0,000213
lineament 2,659260 0,000310
lineaments 2,207275 0,000257
linger 0,843970 0,000098
lingering 0,755023 0,000088
lingers 2,120264 0,000247
link 0,994252 0,000116
linked 0,385662 0,000045
links 0,415515 0,000048
linus 3,218876 0,000375
lion 0,713350 0,000083
lioness 2,120264 0,000247
lions 1,021651 0,000119
lip 0,673345 0,000078
lips 0,127833 0,000015
liquefaction 3,506558 0,000408
liquid 0,891598 0,000104
list 0,400478 0,000047
listed 2,040221 0,000238
listen 0,127833 0,000015
listens 1,386294 0,000161
lists 1,469676 0,000171
lit 0,653926 0,000076
litanies 3,218876 0,000375
literary 0,287682 0,000033
lithe 1,966113 0,000229
litter 0,994252 0,000116
littleness 2,659260 0,000310
liv 2,040221 0,000238
live 0,010050 0,000001
lived 0,061875 0,000007
livelier 1,771957 0,000206
liveliest 1,966113 0,000229
liveliness 1,966113 0,000229
livelong 2,659260 0,000310
lively 0,400478 0,000047
lives 0,072571 0,000008
livest 2,659260 0,000310
livid 1,171183 0,000136
living 0,020203 0,000002
lizard 1,714798 0,000200
lo 0,916291 0,000107
load 0,634878 0,000074
loath 1,427116 0,000166
loathes 2,659260 0,000310
loathsome 1,078810 0,000126
located 0,400478 0,000047
locations 0,544727 0,000063
lock 0,385662 0,000045
locks 0,733969 0,000085
locusts 1,714798 0,000200
lodge 0,693147 0,000081
lodges 1,609438 0,000187
lodgment 2,659260 0,000310
loftier 1,609438 0,000187
loftiest 1,771957 0,000206
lofty 0,494296 0,000058
logic 1,049822 0,000122
loins 1,660731 0,000193
loiter 1,966113 0,000229
loll 3,218876 0,000375
lombard 2,120264 0,000247
lonely 0,415515 0,000048
lonesome 2,120264 0,000247
longing 0,653926 0,000076
loom 1,897120 0,000221
loops 2,302585 0,000268
loos 3,912023 0,000455
loose 0,105361 0,000012
loosely 1,347074 0,000157
loosen 1,514128 0,000176
looses 3,218876 0,000375
lop 2,659260 0,000310
lord 0,223144 0,000026
lording 2,995732 0,000349
lordly 1,832581 0,000213
lords 0,843970 0,000098
lore 1,832581 0,000213
lose 0,094311 0,000011
losel 3,912023 0,000455
loses 0,916291 0,000107
losing 0,235722 0,000027
loss 0,094311 0,000011
lost 0,020203 0,000002
lot 0,061875 0,000007
loth 2,040221 0,000238
lots 0,733969 0,000085
loud 0,174353 0,000020
louder 0,527633 0,000061
loudly 0,400478 0,000047
louis 1,078810 0,000126
louring 3,506558 0,000408
love 0,051293 0,000006
loveliest 1,514128 0,000176
loveliness 1,469676 0,000171
lovely 0,494296 0,000058
loves 0,562119 0,000065
loving 0,478036 0,000056
lowlands 2,659260 0,000310
lowliness 2,659260 0,000310
lowly 1,897120 0,000221
lucan 2,995732 0,000349
lucent 2,995732 0,000349
lucia 2,813411 0,000328
lucid 1,386294 0,000161
lucifer 1,966113 0,000229
luckless 1,714798 0,000200
lucre 1,966113 0,000229
lucrece 3,912023 0,000455
lucretia 2,407946 0,000280
luke 1,897120 0,000221
lukewarm 2,302585 0,000268
lukewarmness 2,995732 0,000349
lull 1,469676 0,000171
lullaby 2,120264 0,000247
luminaries 2,813411 0,000328
luminary 2,813411 0,000328
luminous 1,078810 0,000126
lunar 2,525729 0,000294
lungs 0,916291 0,000107
lur 3,506558 0,000408
lure 1,609438 0,000187
lurk 1,714798 0,000200
luscious 2,207275 0,000257
lust 0,891598 0,000104
lustful 1,832581 0,000213
lustihood 3,912023 0,000455
lustre 1,171183 0,000136
lustres 2,995732 0,000349
lustrous 2,040221 0,000238
lute 2,040221 0,000238
luxuriousness 2,995732 0,000349
luxury 0,527633 0,000061
lying 0,061875 0,000007
lyre 1,660731 0,000193
maccabees 2,813411 0,000328
mace 2,525729 0,000294
macerated 3,218876 0,000375
machine 0,248461 0,000029
mad 0,261365 0,000030
madness 0,597837 0,000070
magic 0,673345 0,000078
magna 2,995732 0,000349
magnanimous 1,469676 0,000171
magnificent 0,328504 0,000038
magnitude 1,108663 0,000129
magus 2,813411 0,000328
maia 2,813411 0,000328
maid 0,446287 0,000052
maiden 0,820981 0,000096
maidens 1,347074 0,000157
maids 0,967584 0,000113
mail 0,891598 0,000104
maim 2,525729 0,000294
main 0,127833 0,000015
maintain 0,562119 0,000065
maintaining 0,235722 0,000027
maintains 1,427116 0,000166
majestic 1,108663 0,000129
majestically 1,560648 0,000182
majesty 0,544727 0,000063
maker 0,867501 0,000101
maladies 2,207275 0,000257
malady 1,427116 0,000166
male 0,597837 0,000070
malebolge 3,506558 0,000408
males 1,560648 0,000182
malice 0,776529 0,000090
malicious 0,941609 0,000110
maliciously 1,771957 0,000206
malignant 1,139434 0,000133
mallet 2,525729 0,000294
malta 2,525729 0,000294
manager 0,653926 0,000076
mangle 2,207275 0,000257
mangled 1,660731 0,000193
mangling 3,218876 0,000375
manifest 0,755023 0,000088
manifested 1,021651 0,000119
manifestly 1,469676 0,000171
manifold 1,386294 0,000161
mankind 0,478036 0,000056
manna 2,120264 0,000247
manner 0,040822 0,000005
manners 0,274437 0,000032
mansion 0,867501 0,000101
mantle 0,820981 0,000096
mantles 2,207275 0,000257
mantling 2,995732 0,000349
manto 3,218876 0,000375
mantua 2,525729 0,000294
mantuan 2,813411 0,000328
mar 1,514128 0,000176
marble 0,597837 0,000070
marbles 1,660731 0,000193
march 0,274437 0,000032
marcia 2,995732 0,000349
marco 2,659260 0,000310
maremma 3,218876 0,000375
margaret 1,897120 0,000221
margin 1,078810 0,000126
margins 2,120264 0,000247
maria 1,427116 0,000166
mariner 1,560648 0,000182
mariners 1,514128 0,000176
marish 3,218876 0,000375
mark 0,127833 0,000015
marked 0,061875 0,000007
marking 1,203973 0,000140
marks 0,328504 0,000038
marquis 1,609438 0,000187
marriage 0,314711 0,000037
marry 0,430783 0,000050
mars 1,427116 0,000166
marseilles 1,966113 0,000229
marsh 1,309333 0,000152
marshal 1,427116 0,000166
marshall 2,659260 0,000310
marshals 2,120264 0,000247
mart 2,302585 0,000268
martial 1,469676 0,000171
martin 1,427116 0,000166
martyrdom 1,897120 0,000221
martyrdoms 3,506558 0,000408
marvel 1,021651 0,000119
marvellous 0,891598 0,000104
marvelous 1,609438 0,000187
mary 0,693147 0,000081
mask 0,843970 0,000098
maskers 3,506558 0,000408
masonry 1,832581 0,000213
mass 0,301105 0,000035
massiest 3,912023 0,000455
massy 1,966113 0,000229
mast 1,386294 0,000161
master 0,083382 0,000010
mastery 1,171183 0,000136
mastiff 1,897120 0,000221
mastiffs 2,659260 0,000310
mate 0,867501 0,000101
matilda 2,659260 0,000310
matin 2,813411 0,000328
matted 1,514128 0,000176
matter 0,010050 0,000001
matters 0,139262 0,000016
matthias 3,218876 0,000375
mattock 2,207275 0,000257
mature 1,272966 0,000148
maturity 1,427116 0,000166
maul 3,218876 0,000375
maw 2,120264 0,000247
maximum 0,478036 0,000056
mayst 2,302585 0,000268
maze 1,609438 0,000187
mazes 1,966113 0,000229
mead 2,525729 0,000294
meagre 1,347074 0,000157
meal 0,301105 0,000035
meaning 0,210721 0,000025
meanly 1,514128 0,000176
meant 2,525729 0,000294
measure 0,301105 0,000035
measureless 2,659260 0,000310
measures 0,579818 0,000067
measuring 1,203973 0,000140
mechanic 1,771957 0,000206
meddle 1,078810 0,000126
medea 2,302585 0,000268
medicine 0,597837 0,000070
meditation 0,994252 0,000116
meditations 1,347074 0,000157
medium 0,223144 0,000026
medusa 2,407946 0,000280
meed 2,407946 0,000280
meek 1,272966 0,000148
meekly 1,469676 0,000171
meekness 1,714798 0,000200
meet 0,010050 0,000001
meeting 0,186330 0,000022
meets 0,713350 0,000083
megaera 3,218876 0,000375
melancholy 0,342490 0,000040
meleager 2,813411 0,000328
melodies 2,407946 0,000280
melody 1,427116 0,000166
melt 1,049822 0,000122
melted 0,713350 0,000083
melting 0,941609 0,000110
melts 2,120264 0,000247
membrane 2,407946 0,000280
memorial 1,272966 0,000148
memory 0,174353 0,000020
menacing 1,272966 0,000148
mend 0,967584 0,000113
mention 0,223144 0,000026
merchandize 3,506558 0,000408
merchantability 0,994252 0,000116
merciful 0,994252 0,000116
merciless 1,427116 0,000166
mercury 1,203973 0,000140
mercy 0,223144 0,000026
mere 0,094311 0,000011
merer 3,912023 0,000455
meridian 1,771957 0,000206
merit 0,544727 0,000063
merited 1,660731 0,000193
meriting 3,218876 0,000375
meritorious 1,771957 0,000206
merits 0,693147 0,000081
merlin 3,218876 0,000375
meshes 1,660731 0,000193
mess 0,891598 0,000104
messenger 0,634878 0,000074
messengers 1,386294 0,000161
messy 3,912023 0,000455
met 0,040822 0,000005
metal 0,597837 0,000070
metals 1,427116 0,000166
methinks 2,407946 0,000280
method 0,094311 0,000011
methods 0,210721 0,000025
methought 2,207275 0,000257
metre 2,525729 0,000294
metropolitan 1,714798 0,000200
mew 2,995732 0,000349
michael 0,400478 0,000047
michel 2,813411 0,000328
mickle 3,218876 0,000375
mid 1,832581 0,000213
midas 2,525729 0,000294
middle 0,030459 0,000004
midmost 2,813411 0,000328
midnight 0,328504 0,000038
midriff 3,218876 0,000375
midst 0,287682 0,000033
midway 1,514128 0,000176
mien 1,660731 0,000193
mightier 1,897120 0,000221
mightiest 1,966113 0,000229
mightily 1,469676 0,000171
mighty 0,328504 0,000038
milan 1,771957 0,000206
mild 0,510826 0,000059
milder 1,560648 0,000182
mile 0,342490 0,000040
miles 0,223144 0,000026
militant 2,302585 0,000268
milk 0,446287 0,000052
mimic 1,897120 0,000221
minarets 2,995732 0,000349
mincing 1,966113 0,000229
mind 0,020203 0,000002
minded 0,400478 0,000047
minds 0,235722 0,000027
minerva 1,832581 0,000213
mingle 1,237874 0,000144
mingled 0,462035 0,000054
mingling 1,139434 0,000133
minion 2,525729 0,000294
minister 0,616186 0,000072
ministering 2,120264 0,000247
ministers 0,776529 0,000090
ministries 3,912023 0,000455
ministry 1,660731 0,000193
minor 0,733969 0,000085
minos 2,525729 0,000294
minotaur 2,659260 0,000310
minstrel 1,966113 0,000229
mira 3,218876 0,000375
miracle 0,755023 0,000088
miracles 1,347074 0,000157
mire 1,049822 0,000122
mirror 0,693147 0,000081
mirrors 1,514128 0,000176
mirth 0,776529 0,000090
miry 2,525729 0,000294
mischance 1,771957 0,000206
mischief 0,494296 0,000058
mischievous 1,078810 0,000126
miscreate 3,912023 0,000455
misdeem 3,506558 0,000408
misdeeming 3,912023 0,000455
misdeems 3,912023 0,000455
misdoubt 3,218876 0,000375
miserable 0,210721 0,000025
miserably 1,108663 0,000129
miserere 2,813411 0,000328
miseries 0,967584 0,000113
misery 0,301105 0,000035
misgave 2,995732 0,000349
misguided 2,407946 0,000280
missile 1,897120 0,000221
mission 0,210721 0,000025
mississippi 0,415515 0,000048
misspent 3,218876 0,000375
mist 0,544727 0,000063
mists 1,139434 0,000133
misty 1,309333 0,000152
mitigate 2,207275 0,000257
mitigated 2,525729 0,000294
mitre 2,120264 0,000247
mix 0,994252 0,000116
mixing 1,272966 0,000148
mixture 0,616186 0,000072
mizen 2,995732 0,000349
moan 1,139434 0,000133
moans 1,660731 0,000193
moat 2,120264 0,000247
mock 0,755023 0,000088
mockery 0,941609 0,000110
mocks 2,525729 0,000294
mode 0,634878 0,000074
model 0,634878 0,000074
modena 3,506558 0,000408
modern 0,314711 0,000037
modes 1,347074 0,000157
modest 0,371064 0,000043
modester 3,912023 0,000455
modification 0,494296 0,000058
modified 0,385662 0,000045
modulate 3,912023 0,000455
mohammed 2,525729 0,000294
moiling 3,506558 0,000408
moist 0,843970 0,000098
moisten 2,995732 0,000349
moistness 3,506558 0,000408
moisture 1,108663 0,000129
mold 2,407946 0,000280
molded 2,659260 0,000310
molds 2,813411 0,000328
mole 1,309333 0,000152
moles 2,407946 0,000280
molten 1,560648 0,000182
moment 0,010050 0,000001
momentous 1,771957 0,000206
monarch 1,171183 0,000136
monarchs 1,771957 0,000206
monastery 1,832581 0,000213
money 0,051293 0,000006
mong 2,995732 0,000349
mongst 2,995732 0,000349
monks 1,469676 0,000171
monster 0,634878 0,000074
monsters 0,941609 0,000110
monstrous 0,400478 0,000047
month 0,174353 0,000020
months 0,094311 0,000011
monument 0,994252 0,000116
monuments 1,171183 0,000136
mood 0,527633 0,000061
moods 1,237874 0,000144
moody 1,514128 0,000176
moon 0,287682 0,000033
moons 1,609438 0,000187
moony 3,506558 0,000408
moor 1,514128 0,000176
moral 0,301105 0,000035
morally 1,171183 0,000136
mordecai 2,813411 0,000328
morn 1,609438 0,000187
morning 0,040822 0,000005
morocco 1,832581 0,000213
morsel 1,171183 0,000136
morsels 2,040221 0,000238
mortal 0,400478 0,000047
mortality 1,469676 0,000171
mortals 0,994252 0,000116
moses 1,139434 0,000133
motes 2,813411 0,000328
mother 0,072571 0,000008
mothers 0,733969 0,000085
motion 0,328504 0,000038
motionless 0,544727 0,000063
motions 1,139434 0,000133
motive 0,597837 0,000070
mould 0,891598 0,000104
mouldy 2,407946 0,000280
mound 1,514128 0,000176
mounds 1,897120 0,000221
mount 0,494296 0,000058
mountain 0,400478 0,000047
mountainous 1,560648 0,000182
mountains 0,400478 0,000047
mounted 0,446287 0,000052
mounting 0,843970 0,000098
mounts 1,560648 0,000182
mourn 1,171183 0,000136
mourner 1,714798 0,000200
mournful 0,941609 0,000110
mourning 0,693147 0,000081
mourns 2,302585 0,000268
mouse 0,941609 0,000110
mouth 0,105361 0,000012
mouths 0,462035 0,000054
moveless 3,218876 0,000375
movement 0,328504 0,000038
movements 0,494296 0,000058
mover 2,659260 0,000310
movers 2,813411 0,000328
moving 1,832581 0,000213
muddy 0,916291 0,000107
mulberry 2,120264 0,000247
mulciber 3,218876 0,000375
mule 1,347074 0,000157
multiform 2,995732 0,000349
multiplied 1,309333 0,000152
multiply 1,272966 0,000148
multitude 0,446287 0,000052
multitudes 1,203973 0,000140
multitudinous 2,040221 0,000238
munificence 2,995732 0,000349
murder 0,314711 0,000037
murkier 3,506558 0,000408
murky 1,771957 0,000206
murmur 0,494296 0,000058
murmuring 0,967584 0,000113
mus 2,407946 0,000280
muscadel 3,912023 0,000455
muse 1,609438 0,000187
muses 1,660731 0,000193
music 0,198451 0,000023
musical 0,579818 0,000067
musing 1,272966 0,000148
musings 2,659260 0,000310
muster 1,203973 0,000140
musty 1,832581 0,000213
mutable 2,659260 0,000310
mute 0,776529 0,000090
mutilate 2,995732 0,000349
mutilated 1,560648 0,000182
mutual 0,510826 0,000059
mutually 1,386294 0,000161
myrrh 2,207275 0,000257
myrtle 1,966113 0,000229
mysteries 0,579818 0,000067
mysterious 0,314711 0,000037
mystery 0,301105 0,000035
mystic 1,108663 0,000129
naiads 3,506558 0,000408
nail 0,843970 0,000098
nails 0,616186 0,000072
naked 0,274437 0,000032
nakedness 1,560648 0,000182
nam 2,525729 0,000294
naming 2,525729 0,000294
naples 1,272966 0,000148
narcissus 2,302585 0,000268
nard 3,218876 0,000375
narrow 0,105361 0,000012
narrower 1,386294 0,000161
narrowly 1,272966 0,000148
naso 3,912023 0,000455
natal 2,813411 0,000328
nathan 2,525729 0,000294
nathless 3,218876 0,000375
nation 0,579818 0,000067
nations 0,673345 0,000078
native 0,328504 0,000038
natives 1,203973 0,000140
nativity 2,040221 0,000238
natural 0,094311 0,000011
nature 0,094311 0,000011
natures 0,820981 0,000096
naught 1,347074 0,000157
navel 2,040221 0,000238
navies 2,659260 0,000310
nazareth 2,995732 0,000349
nearer 0,400478 0,000047
necessity 0,261365 0,000030
neck 0,186330 0,000022
necks 0,891598 0,000104
nectar 1,966113 0,000229
needle 0,798508 0,000093
needless 1,049822 0,000122
needy 1,660731 0,000193
neglect 0,494296 0,000058
neglected 0,400478 0,000047
neglectful 2,525729 0,000294
negligence 0,415515 0,000048
negro 1,171183 0,000136
neighbour 0,653926 0,000076
neighbourhood 0,776529 0,000090
neighbours 0,713350 0,000083
neptune 1,966113 0,000229
neri 3,218876 0,000375
nerve 0,867501 0,000101
nerveless 2,995732 0,000349
nerves 0,544727 0,000063
nervous 0,494296 0,000058
nessus 3,218876 0,000375
nest 0,733969 0,000085
nestles 3,912023 0,000455
nether 1,832581 0,000213
nethermost 2,659260 0,000310
network 0,415515 0,000048
newly 0,494296 0,000058
newness 2,407946 0,000280
news 0,210721 0,000025
newsletter 0,562119 0,000065
niccolo 3,218876 0,000375
nice 0,400478 0,000047
nicholas 1,771957 0,000206
niggard 2,813411 0,000328
nigh 0,843970 0,000098
night 0,010050 0,000001
nightfall 1,309333 0,000152
nightly 1,171183 0,000136
nights 0,235722 0,000027
nile 1,469676 0,000171
nimble 1,171183 0,000136
nimbler 3,506558 0,000408
nimblest 2,995732 0,000349
nimbly 1,714798 0,000200
nimrod 2,407946 0,000280
ninth 0,994252 0,000116
niobe 2,813411 0,000328
nisus 2,995732 0,000349
noah 1,514128 0,000176
nobility 0,755023 0,000088
noble 0,248461 0,000029
nobles 1,660731 0,000193
noblest 1,021651 0,000119
nodding 0,941609 0,000110
nodes 3,912023 0,000455
noise 0,139262 0,000016
noisome 2,207275 0,000257
nonage 3,506558 0,000408
nonproprietary 0,562119 0,000065
noon 0,430783 0,000050
noonday 1,660731 0,000193
noontide 2,525729 0,000294
noose 1,714798 0,000200
norman 1,966113 0,000229
north 0,083382 0,000010
northern 0,653926 0,000076
norway 2,120264 0,000247
nose 0,274437 0,000032
nostrils 0,891598 0,000104
notary 2,407946 0,000280
notch 2,207275 0,000257
note 0,127833 0,000015
notes 0,261365 0,000030
notice 0,030459 0,000004
notices 1,609438 0,000187
notifies 0,527633 0,000061
noting 1,714798 0,000200
nought 1,609438 0,000187
noun 2,120264 0,000247
nourish 1,386294 0,000161
nourishment 0,994252 0,000116
november 0,544727 0,000063
numb 1,771957 0,000206
numberless 2,040221 0,000238
numbing 2,813411 0,000328
numerous 0,235722 0,000027
nuptial 2,207275 0,000257
nurse 0,478036 0,000056
nurses 1,171183 0,000136
nutrition 2,813411 0,000328
nymph 2,040221 0,000238
nymphs 1,832581 0,000213
oak 0,673345 0,000078
oar 1,237874 0,000144
oars 1,203973 0,000140
oath 0,510826 0,000059
obdurate 1,771957 0,000206
obedience 0,494296 0,000058
obedient 0,544727 0,000063
obey 0,400478 0,000047
obeying 0,941609 0,000110
object 0,127833 0,000015
objects 0,356675 0,000042
oblation 2,525729 0,000294
oblique 2,040221 0,000238
oblivion 1,272966 0,000148
obnoxious 1,514128 0,000176
obscene 1,660731 0,000193
obscure 0,544727 0,000063
obscurest 2,995732 0,000349
obsequious 1,560648 0,000182
observance 1,514128 0,000176
observant 1,309333 0,000152
observe 0,235722 0,000027
observes 1,469676 0,000171
observing 0,510826 0,000059
obsolete 0,446287 0,000052
obstacle 0,891598 0,000104
obstinate 0,713350 0,000083
obstructed 1,714798 0,000200
obstruction 1,832581 0,000213
obstructs 3,218876 0,000375
obtuse 2,207275 0,000257
obvious 0,415515 0,000048
occasion 0,105361 0,000012
occupied 0,235722 0,000027
occupy 0,634878 0,000074
occur 0,150823 0,000018
ocean 0,430783 0,000050
octavius 2,995732 0,000349
october 0,653926 0,000076
odorous 2,302585 0,000268
odors 2,120264 0,000247
odour 1,309333 0,000152
odours 1,714798 0,000200
offence 0,579818 0,000067
offended 0,616186 0,000072
offending 1,309333 0,000152
offends 2,040221 0,000238
offensive 0,693147 0,000081
offer 0,162519 0,000019
offering 0,400478 0,000047
offers 0,198451 0,000023
office 0,072571 0,000008
offices 0,510826 0,000059
official 0,235722 0,000027
offspring 0,994252 0,000116
oft 1,347074 0,000157
oftentimes 1,832581 0,000213
ofttimes 2,995732 0,000349
oil 0,527633 0,000061
olive 0,994252 0,000116
olives 1,897120 0,000221
olympus 1,966113 0,000229
omega 2,995732 0,000349
omen 1,386294 0,000161
omnific 3,506558 0,000408
omnipotence 2,302585 0,000268
omnipotent 1,660731 0,000193
omnipresent 2,659260 0,000310
omniscience 2,995732 0,000349
online 0,510826 0,000059
onset 1,469676 0,000171
onward 1,108663 0,000129
onwards 2,120264 0,000247
oozy 2,995732 0,000349
op 2,659260 0,000310
opacous 3,506558 0,000408
ope 2,302585 0,000268
openly 0,494296 0,000058
operate 1,309333 0,000152
operation 0,693147 0,000081
operations 0,755023 0,000088
opes 2,995732 0,000349
opinion 0,139262 0,000016
opportunities 0,235722 0,000027
opportunity 0,061875 0,000007
oppose 0,733969 0,000085
opposed 0,653926 0,000076
opposing 0,891598 0,000104
opposition 0,494296 0,000058
oppress 1,771957 0,000206
oppression 0,916291 0,000107
oracular 2,659260 0,000310
orange 0,941609 0,000110
orb 1,897120 0,000221
orbit 2,120264 0,000247
orbits 2,407946 0,000280
orbs 2,040221 0,000238
ordain 2,302585 0,000268
ordains 1,897120 0,000221
ordinance 1,714798 0,000200
ordure 2,659260 0,000310
ore 1,832581 0,000213
orestes 2,659260 0,000310
organ 0,776529 0,000090
organic 1,832581 0,000213
organized 0,356675 0,000042
organs 1,171183 0,000136
orient 1,897120 0,000221
orifice 2,525729 0,000294
origin 0,544727 0,000063
original 0,105361 0,000012
originator 0,527633 0,000061
orison 2,813411 0,000328
orisons 2,525729 0,000294
orlando 2,995732 0,000349
ornament 0,755023 0,000088
ornaments 0,843970 0,000098
orpheus 2,120264 0,000247
otter 2,407946 0,000280
ounce 1,609438 0,000187
outcast 1,386294 0,000161
outcasts 2,120264 0,000247
outcries 2,407946 0,000280
outdated 0,562119 0,000065
outdone 1,966113 0,000229
outer 0,510826 0,000059
outermost 2,302585 0,000268
outgrew 2,813411 0,000328
outlet 1,514128 0,000176
outrage 1,049822 0,000122
outrageous 1,386294 0,000161
outright 1,309333 0,000152
outset 1,237874 0,000144
outshining 3,912023 0,000455
outslept 3,912023 0,000455
outspread 2,120264 0,000247
outstarting 3,912023 0,000455
outstretch 3,218876 0,000375
outstrip 1,966113 0,000229
outward 0,579818 0,000067
outwardly 1,309333 0,000152
outweighs 2,995732 0,000349
overbrow 3,912023 0,000455
overcame 0,941609 0,000110
overcasts 3,912023 0,000455
overcome 0,261365 0,000030
overflows 2,525729 0,000294
overhangs 2,659260 0,000310
overhead 0,843970 0,000098
overlaid 2,525729 0,000294
overpass 2,995732 0,000349
overpast 2,995732 0,000349
overpower 2,407946 0,000280
overspread 1,347074 0,000157
overtake 0,755023 0,000088
overtaking 1,660731 0,000193
overwhelm 1,609438 0,000187
ovid 2,407946 0,000280
ow 2,040221 0,000238
owe 0,494296 0,000058
owed 0,139262 0,000016
owes 1,139434 0,000133
owner 0,116534 0,000014
ox 0,941609 0,000110
oxen 1,427116 0,000166
pac 3,912023 0,000455
pace 0,328504 0,000038
paces 0,673345 0,000078
pack 0,597837 0,000070
paduan 3,506558 0,000408
paean 2,995732 0,000349
pagan 1,560648 0,000182
paganism 2,813411 0,000328
paid 0,061875 0,000007
pain 0,174353 0,000020
painful 0,328504 0,000038
pains 0,301105 0,000035
paint 0,693147 0,000081
painted 0,356675 0,000042
painter 1,021651 0,000119
painting 0,798508 0,000093
paints 1,660731 0,000193
pair 0,235722 0,000027
pairs 1,171183 0,000136
palace 0,510826 0,000059
palazzo 2,813411 0,000328
pale 0,198451 0,000023
palely 3,506558 0,000408
paleness 1,609438 0,000187
palermo 2,995732 0,000349
palfrey 3,912023 0,000455
pall 1,469676 0,000171
palladium 2,995732 0,000349
pallas 2,659260 0,000310
pallet 2,407946 0,000280
pallid 1,237874 0,000144
palm 0,494296 0,000058
palms 0,820981 0,000096
palpable 1,469676 0,000171
palsy 2,040221 0,000238
paltry 1,203973 0,000140
pamper 2,813411 0,000328
pang 0,967584 0,000113
pangs 1,078810 0,000126
pans 1,309333 0,000152
panther 1,897120 0,000221
panting 0,597837 0,000070
pap 2,525729 0,000294
papal 2,120264 0,000247
paper 0,083382 0,000010
paperwork 0,562119 0,000065
paradise 0,798508 0,000093
paragraph 0,328504 0,000038
paragraphs 0,494296 0,000058
parallel 0,891598 0,000104
paramour 2,525729 0,000294
parcel 1,139434 0,000133
parch 2,995732 0,000349
pardon 0,301105 0,000035
parent 0,713350 0,000083
parents 0,314711 0,000037
parhelion 3,912023 0,000455
paris 0,562119 0,000065
parish 0,916291 0,000107
parle 3,218876 0,000375
parley 1,609438 0,000187
parnassian 3,506558 0,000408
parnassus 2,659260 0,000310
parricide 1,966113 0,000229
partake 1,171183 0,000136
partakers 2,207275 0,000257
partakes 2,207275 0,000257
partaking 1,832581 0,000213
partial 0,733969 0,000085
participants 2,813411 0,000328
particle 1,309333 0,000152
partisan 1,966113 0,000229
partition 1,347074 0,000157
partner 0,673345 0,000078
partners 0,994252 0,000116
partook 1,560648 0,000182
party 0,061875 0,000007
pasiphae 2,995732 0,000349
pass 0,040822 0,000005
passage 0,139262 0,000016
passages 0,527633 0,000061
passed 0,040822 0,000005
passes 0,415515 0,000048
passing 0,094311 0,000011
passion 0,186330 0,000022
passions 0,478036 0,000056
passive 0,941609 0,000110
pastime 1,347074 0,000157
pastor 1,714798 0,000200
pastoral 1,966113 0,000229
pasture 1,203973 0,000140
pastures 1,832581 0,000213
paternal 1,171183 0,000136
paternoster 2,813411 0,000328
path 0,198451 0,000023
paths 0,755023 0,000088
pathway 1,714798 0,000200
patience 0,139262 0,000016
patient 0,274437 0,000032
patiently 0,733969 0,000085
patriarch 1,897120 0,000221
patron 0,867501 0,000101
pattern 0,693147 0,000081
patterns 1,514128 0,000176
paul 0,798508 0,000093
paunch 2,302585 0,000268
paupers 2,525729 0,000294
pause 0,371064 0,000043
pauses 1,560648 0,000182
pausing 1,078810 0,000126
pavement 0,843970 0,000098
pawn 1,966113 0,000229
pay 0,051293 0,000006
paying 0,116534 0,000014
payments 0,415515 0,000048
pays 0,994252 0,000116
peace 0,094311 0,000011
peaceful 0,478036 0,000056
peacemakers 2,995732 0,000349
peak 1,171183 0,000136
peal 1,309333 0,000152
pearl 1,139434 0,000133
pearls 1,078810 0,000126
peasant 0,967584 0,000113
peculating 3,912023 0,000455
peculiar 0,223144 0,000026
peel 1,966113 0,000229
peeling 2,040221 0,000238
peeps 2,995732 0,000349
peer 1,386294 0,000161
peering 0,891598 0,000104
peerless 2,995732 0,000349
peers 1,832581 0,000213
pegasean 3,506558 0,000408
peleus 2,407946 0,000280
pelican 2,813411 0,000328
pellucid 2,995732 0,000349
pelorus 3,218876 0,000375
pelting 2,525729 0,000294
pen 0,371064 0,000043
penal 1,714798 0,000200
penalty 1,049822 0,000122
pencil 0,634878 0,000074
pencils 2,207275 0,000257
pendent 2,302585 0,000268
penelope 2,659260 0,000310
penetrate 0,867501 0,000101
penitence 1,514128 0,000176
penitential 2,659260 0,000310
penmen 3,506558 0,000408
pennon 3,912023 0,000455
pennons 2,813411 0,000328
pensive 1,171183 0,000136
pent 1,609438 0,000187
people 0,010050 0,000001
peopled 1,514128 0,000176
pepper 1,309333 0,000152
perceive 0,356675 0,000042
perceives 1,714798 0,000200
perceiving 0,867501 0,000101
perceptible 1,171183 0,000136
perception 1,139434 0,000133
perch 1,347074 0,000157
perchance 1,386294 0,000161
perdition 1,832581 0,000213
perennial 1,966113 0,000229
perfect 0,072571 0,000008
perfected 1,272966 0,000148
perfection 0,478036 0,000056
perfectness 3,506558 0,000408
perfidy 2,525729 0,000294
perforated 2,659260 0,000310
perforce 1,609438 0,000187
perform 0,150823 0,000018
performance 0,478036 0,000056
performances 0,314711 0,000037
performed 0,127833 0,000015
performing 0,261365 0,000030
performs 1,660731 0,000193
peril 0,867501 0,000101
perilous 0,798508 0,000093
perils 1,203973 0,000140
period 0,274437 0,000032
periodic 0,544727 0,000063
perish 0,733969 0,000085
perishable 2,120264 0,000247
permanent 0,223144 0,000026
permission 0,150823 0,000018
permits 1,427116 0,000166
permitted 0,105361 0,000012
perpetual 0,478036 0,000056
perplex 2,040221 0,000238
perplexity 0,776529 0,000090
perseveres 3,506558 0,000408
persians 1,897120 0,000221
person 0,010050 0,000001
persons 0,210721 0,000025
persuade 0,446287 0,000052
persuades 2,813411 0,000328
persuasion 1,049822 0,000122
persuasive 1,714798 0,000200
pertains 2,813411 0,000328
perturb 3,218876 0,000375
perturbed 1,560648 0,000182
pervades 2,525729 0,000294
pervading 1,897120 0,000221
perverse 1,237874 0,000144
perversely 2,525729 0,000294
perverseness 2,040221 0,000238
perverted 1,347074 0,000157
pest 1,660731 0,000193
pestilent 2,525729 0,000294
petals 1,966113 0,000229
peter 0,820981 0,000096
petition 1,078810 0,000126
petty 0,776529 0,000090
phaeton 2,407946 0,000280
pharisees 2,995732 0,000349
phases 1,714798 0,000200
phial 2,525729 0,000294
philosophic 1,203973 0,000140
philosophy 0,597837 0,000070
phlegethon 3,506558 0,000408
phoebus 2,813411 0,000328
phoenix 2,407946 0,000280
phrase 0,174353 0,000020
phrygian 2,659260 0,000310
physical 0,198451 0,000023
pia 2,995732 0,000349
piecemeal 2,302585 0,000268
pier 1,514128 0,000176
pierce 0,916291 0,000107
pierced 0,693147 0,000081
pierces 2,302585 0,000268
piercing 0,843970 0,000098
pierian 3,912023 0,000455
piers 2,525729 0,000294
pigeons 1,560648 0,000182
pil 3,506558 0,000408
pilate 2,525729 0,000294
pile 0,579818 0,000067
piled 0,713350 0,000083
pilgrim 1,309333 0,000152
pilgrimage 1,609438 0,000187
pilgrims 1,714798 0,000200
pillage 1,966113 0,000229
pilot 1,139434 0,000133
pin 0,713350 0,000083
pincers 2,120264 0,000247
pinch 1,021651 0,000119
pine 0,673345 0,000078
pines 1,469676 0,000171
piney 3,506558 0,000408
pining 2,302585 0,000268
pinion 2,407946 0,000280
pinions 2,407946 0,000280
pinnace 2,813411 0,000328
pious 0,733969 0,000085
piously 1,966113 0,000229
pipe 0,494296 0,000058
pipes 0,776529 0,000090
pirates 1,427116 0,000166
pisa 2,407946 0,000280
pisan 3,218876 0,000375
pisces 2,995732 0,000349
pit 0,733969 0,000085
pitch 0,342490 0,000040
piteous 1,272966 0,000148
piteously 1,714798 0,000200
pitiful 0,798508 0,000093
pitifully 2,813411 0,000328
pitiless 1,347074 0,000157
pits 1,386294 0,000161
pity 0,150823 0,000018
pius 2,407946 0,000280
plagues 1,771957 0,000206
plain 0,040822 0,000005
plaining 3,506558 0,000408
plainly 0,261365 0,000030
plains 0,967584 0,000113
plaint 2,302585 0,000268
plaints 2,659260 0,000310
plan 0,261365 0,000030
planes 2,813411 0,000328
planet 1,272966 0,000148
planetary 3,218876 0,000375
planets 1,427116 0,000166
plank 1,049822 0,000122
plans 0,371064 0,000043
plant 0,579818 0,000067
planted 0,634878 0,000074
plants 0,527633 0,000061
plastic 2,207275 0,000257
plate 0,527633 0,000061
plato 1,237874 0,000144
plautus 2,813411 0,000328
play 0,072571 0,000008
plays 0,634878 0,000074
plea 1,139434 0,000133
plead 0,867501 0,000101
pleader 2,995732 0,000349
pleas 2,525729 0,000294
pleasant 0,162519 0,000019
pleased 0,150823 0,000018
pleasing 0,653926 0,000076
pleasure 0,051293 0,000006
pleasures 0,653926 0,000076
pledge 0,916291 0,000107
plena 3,506558 0,000408
plenitude 2,995732 0,000349
plenteous 2,407946 0,000280
plenteously 3,218876 0,000375
plenty 0,235722 0,000027
pliant 2,302585 0,000268
plied 1,309333 0,000152
plies 2,995732 0,000349
plight 1,347074 0,000157
plighted 2,207275 0,000257
plough 1,386294 0,000161
pluck 0,967584 0,000113
plucks 2,659260 0,000310
plum 1,514128 0,000176
plumage 1,771957 0,000206
plume 1,560648 0,000182
plumes 1,309333 0,000152
plumy 2,813411 0,000328
plunge 0,733969 0,000085
plunges 1,897120 0,000221
plutus 2,995732 0,000349
ply 1,966113 0,000229
plying 1,966113 0,000229
po 1,897120 0,000221
poem 0,967584 0,000113
poesy 2,407946 0,000280
poet 0,597837 0,000070
poignant 1,560648 0,000182
pois 3,506558 0,000408
poising 2,813411 0,000328
poison 0,446287 0,000052
poisonous 1,272966 0,000148
polar 1,966113 0,000229
pole 0,597837 0,000070
polenta 3,506558 0,000408
poles 1,078810 0,000126
polish 1,309333 0,000152
polluted 1,609438 0,000187
polyhymnia 3,912023 0,000455
pommel 2,407946 0,000280
pomp 1,021651 0,000119
pompeian 3,506558 0,000408
pompey 2,040221 0,000238
ponder 1,714798 0,000200
pondering 1,237874 0,000144
ponderous 1,203973 0,000140
ponders 3,218876 0,000375
pool 0,798508 0,000093
poop 2,302585 0,000268
poor 0,030459 0,000004
pope 0,941609 0,000110
popes 2,407946 0,000280
popular 0,430783 0,000050
por 2,813411 0,000328
pore 1,832581 0,000213
porphyry 2,302585 0,000268
port 0,579818 0,000067
portal 1,609438 0,000187
portals 1,966113 0,000229
portion 0,356675 0,000042
portly 1,609438 0,000187
portraiture 2,995732 0,000349
portray 2,659260 0,000310
portugal 2,120264 0,000247
possess 0,356675 0,000042
possessed 0,094311 0,000011
possesses 0,820981 0,000096
possession 0,083382 0,000010
possessions 0,776529 0,000090
possessors 2,302585 0,000268
possibility 0,162519 0,000019
post 0,248461 0,000029
posted 0,301105 0,000035
posture 1,021651 0,000119
potency 2,302585 0,000268
potent 1,309333 0,000152
potter 1,469676 0,000171
pouch 1,660731 0,000193
pounce 2,040221 0,000238
pour 0,544727 0,000063
pours 1,427116 0,000166
poverty 0,446287 0,000052
power 0,030459 0,000004
powerful 0,223144 0,000026
powers 0,248461 0,000029
practically 0,235722 0,000027
practice 0,162519 0,000019
prague 2,995732 0,000349
praise 0,371064 0,000043
praises 0,941609 0,000110
prank 2,525729 0,000294
pray 0,371064 0,000043
prayer 0,478036 0,000056
prayers 0,478036 0,000056
praying 0,798508 0,000093
prays 1,897120 0,000221
preach 1,049822 0,000122
preacher 1,203973 0,000140
precedent 1,771957 0,000206
precedes 1,609438 0,000187
preceding 0,755023 0,000088
preceptor 1,771957 0,000206
precinct 2,813411 0,000328
precious 0,162519 0,000019
precipice 1,203973 0,000140
precipitated 1,469676 0,000171
precipitous 1,897120 0,000221
precise 0,776529 0,000090
predecessor 1,427116 0,000166
predecessors 1,609438 0,000187
predestination 2,407946 0,000280
preeminence 2,813411 0,000328
preface 0,733969 0,000085
prefacing 3,912023 0,000455
prefer 0,385662 0,000045
prelude 1,469676 0,000171
preluding 3,506558 0,000408
preparation 0,579818 0,000067
prepare 0,162519 0,000019
prepares 2,040221 0,000238
preparing 0,415515 0,000048
presageful 3,912023 0,000455
prescribe 1,966113 0,000229
presence 0,094311 0,000011
preserve 0,150823 0,000018
preserves 1,108663 0,000129
preserving 1,171183 0,000136
press 0,274437 0,000032
presses 1,609438 0,000187
pressing 0,385662 0,000045
pressure 0,527633 0,000061
prest 3,218876 0,000375
presume 0,634878 0,000074
presuming 1,714798 0,000200
presumption 1,049822 0,000122
presumptuous 1,469676 0,000171
pretend 0,446287 0,000052
prevail 0,713350 0,000083
prevailing 0,967584 0,000113
prevails 1,427116 0,000166
prevenient 3,506558 0,000408
prevent 0,083382 0,000010
prevented 0,328504 0,000038
preventing 1,237874 0,000144
prevention 2,040221 0,000238
prevents 1,347074 0,000157
previous 0,094311 0,000011
prey 0,527633 0,000061
pricks 2,040221 0,000238
pride 0,150823 0,000018
priest 0,634878 0,000074
priesthood 1,897120 0,000221
primal 2,407946 0,000280
prime 0,713350 0,000083
primeval 1,897120 0,000221
primy 3,912023 0,000455
prince 0,462035 0,000054
princedoms 3,506558 0,000408
principle 0,430783 0,000050
principles 0,510826 0,000059
print 0,261365 0,000030
printed 0,174353 0,000020
priscian 3,218876 0,000375
prison 0,287682 0,000033
prisoner 0,385662 0,000045
privilege 0,527633 0,000061
privileges 1,021651 0,000119
prize 0,579818 0,000067
probe 2,207275 0,000257
proceed 0,301105 0,000035
proceeded 0,274437 0,000032
proceeding 0,510826 0,000059
proceeds 0,916291 0,000107
process 0,400478 0,000047
processing 0,562119 0,000065
proclaims 2,302585 0,000268
procure 0,693147 0,000081
prodigal 1,714798 0,000200
produce 0,127833 0,000015
produced 0,105361 0,000012
produces 0,916291 0,000107
producing 0,713350 0,000083
production 0,314711 0,000037
proem 2,995732 0,000349
profession 0,527633 0,000061
professor 0,287682 0,000033
proffer 2,407946 0,000280
proffers 3,218876 0,000375
profit 0,248461 0,000029
profitless 3,218876 0,000375
profits 0,314711 0,000037
profound 0,462035 0,000054
profoundest 1,714798 0,000200
profuse 1,609438 0,000187
progress 0,174353 0,000020
prohibition 0,430783 0,000050
project -0,009950 -0,000001
projecting 0,967584 0,000113
prolific 1,966113 0,000229
prominent 0,967584 0,000113
prominently 0,494296 0,000058
promise 0,116534 0,000014
promising 0,430783 0,000050
promoting 0,430783 0,000050
promotion 0,342490 0,000040
prompt 0,776529 0,000090
prompted 0,891598 0,000104
prompting 1,966113 0,000229
prompts 2,120264 0,000247
prone 1,078810 0,000126
prong 3,506558 0,000408
pronounced 0,446287 0,000052
proof 0,287682 0,000033
proofread 0,562119 0,000065
proofs 0,798508 0,000093
prop 1,560648 0,000182
propagate 2,407946 0,000280
propagated 2,120264 0,000247
propension 3,912023 0,000455
proper 0,061875 0,000007
properties 1,203973 0,000140
property 0,127833 0,000015
prophesied 1,609438 0,000187
prophet 0,994252 0,000116
prophetic 1,560648 0,000182
prophets 1,386294 0,000161
propitious 1,469676 0,000171
proportion 0,371064 0,000043
propose 0,527633 0,000061
proposition 0,916291 0,000107
proprietary 0,562119 0,000065
propriety 0,994252 0,000116
prose 1,021651 0,000119
prospect 0,446287 0,000052
prosper 1,469676 0,000171
prostitute 2,207275 0,000257
prostrate 0,843970 0,000098
prostration 2,040221 0,000238
protect 0,186330 0,000022
protected 0,415515 0,000048
protection 0,314711 0,000037
protruding 1,560648 0,000182
protuberant 2,813411 0,000328
prouder 1,966113 0,000229
proudly 0,733969 0,000085
prov 2,995732 0,000349
prove 0,174353 0,000020
provence 2,659260 0,000310
proves 0,776529 0,000090
provide 0,162519 0,000019
providence 0,693147 0,000081
providing 0,261365 0,000030
province 0,891598 0,000104
provinces 1,108663 0,000129
provision 0,248461 0,000029
provisions 0,223144 0,000026
provokes 2,407946 0,000280
provoking 1,078810 0,000126
prow 1,897120 0,000221
prowess 1,609438 0,000187
prudence 0,713350 0,000083
prune 2,813411 0,000328
pruriency 3,912023 0,000455
pry 1,832581 0,000213
psalmody 2,407946 0,000280
psalms 1,609438 0,000187
ptolemy 2,525729 0,000294
public 0,083382 0,000010
puddle 1,714798 0,000200
pudency 3,912023 0,000455
puissance 3,506558 0,000408
puissant 2,813411 0,000328
pulp 2,120264 0,000247
pulpit 1,203973 0,000140
pulse 0,891598 0,000104
punctual 1,309333 0,000152
punish 0,597837 0,000070
punishment 0,301105 0,000035
punitive 0,562119 0,000065
pupil 0,941609 0,000110
purchase 0,527633 0,000061
pure 0,150823 0,000018
purely 0,713350 0,000083
purer 1,660731 0,000193
purfled 3,912023 0,000455
purgatory 1,966113 0,000229
purge 1,897120 0,000221
purges 3,218876 0,000375
purging 2,995732 0,000349
purification 1,771957 0,000206
purified 1,309333 0,000152
purifying 1,897120 0,000221
purlieus 3,218876 0,000375
purple 0,616186 0,000072
purport 1,660731 0,000193
purpose 0,040822 0,000005
purse 0,616186 0,000072
pursue 0,510826 0,000059
pursued 0,328504 0,000038
pursues 1,660731 0,000193
pursuing 0,494296 0,000058
pursuit 0,328504 0,000038
purveyors 3,218876 0,000375
push 0,562119 0,000065
pushes 2,120264 0,000247
pygmalion 2,995732 0,000349
pyramus 2,995732 0,000349
pyrrhus 2,525729 0,000294
quadrant 2,525729 0,000294
quadrants 3,506558 0,000408
quaff 2,995732 0,000349
quaint 1,021651 0,000119
quaintest 3,506558 0,000408
quaintly 2,302585 0,000268
quake 2,813411 0,000328
quaking 1,832581 0,000213
quality 0,274437 0,000032
quarrel 0,328504 0,000038
quarry 1,427116 0,000166
quarter 0,223144 0,000026
quarterings 3,218876 0,000375
quaternion 3,506558 0,000408
quatre 3,218876 0,000375
queen 0,415515 0,000048
quell 2,040221 0,000238
quench 1,309333 0,000152
quest 0,776529 0,000090
question 0,051293 0,000006
questioner 1,832581 0,000213
questioning 0,798508 0,000093
questions 0,127833 0,000015
qui 1,469676 0,000171
quick 0,139262 0,000016
quicken 1,771957 0,000206
quickening 1,560648 0,000182
quicker 0,867501 0,000101
quiet 0,116534 0,000014
quintius 2,995732 0,000349
quire 2,407946 0,000280
quires 3,218876 0,000375
quit 0,616186 0,000072
quits 2,040221 0,000238
quitted 1,049822 0,000122
quitting 1,386294 0,000161
quiver 1,021651 0,000119
quivering 0,798508 0,000093
quivers 2,302585 0,000268
quoth 1,966113 0,000229
race 0,198451 0,000023
rachel 2,120264 0,000247
rack 1,237874 0,000144
radiance 1,139434 0,000133
radiant 0,867501 0,000101
rafters 1,714798 0,000200
rag 1,203973 0,000140
rage 0,261365 0,000030
rages 1,897120 0,000221
raiment 1,714798 0,000200
rain 0,223144 0,000026
rainbow 1,272966 0,000148
rained 1,139434 0,000133
rainy 0,967584 0,000113
rais 2,813411 0,000328
raise 0,174353 0,000020
raised 0,061875 0,000007
raising 0,274437 0,000032
ram 1,203973 0,000140
ramp 2,995732 0,000349
rampart 1,832581 0,000213
ramparts 1,897120 0,000221
rancour 2,659260 0,000310
random 0,967584 0,000113
rang 3,506558 0,000408
range 0,446287 0,000052
rank 0,287682 0,000033
rankle 2,659260 0,000310
rankling 2,995732 0,000349
rankness 3,506558 0,000408
ranks 0,616186 0,000072
ransom 1,386294 0,000161
rapacious 2,040221 0,000238
rapid 0,371064 0,000043
rapidly 0,371064 0,000043
rapine 1,966113 0,000229
rapt 1,469676 0,000171
rapture 0,967584 0,000113
rapturous 1,714798 0,000200
rapturously 1,832581 0,000213
rare 0,274437 0,000032
rarely 0,527633 0,000061
rarity 1,771957 0,000206
rash 0,891598 0,000104
rate 0,274437 0,000032
raven 1,514128 0,000176
ravenous 1,514128 0,000176
ravishment 3,506558 0,000408
ray 0,798508 0,000093
raymond 3,218876 0,000375
rays 0,776529 0,000090
razed 2,525729 0,000294
reach 0,051293 0,000006
reaches 0,820981 0,000096
reaching 0,083382 0,000010
read 0,020203 0,000002
readable 0,510826 0,000059
reader 0,342490 0,000040
readier 2,302585 0,000268
reading 0,061875 0,000007
reads 0,867501 0,000101
ready 0,030459 0,000004
real 0,040822 0,000005
reality 0,328504 0,000038
realm 1,021651 0,000119
realms 1,514128 0,000176
ream 3,912023 0,000455
reanimates 3,506558 0,000408
reap 1,049822 0,000122
reappoint 3,912023 0,000455
rear 0,527633 0,000061
rears 2,302585 0,000268
rearward 2,995732 0,000349
reascending 3,912023 0,000455
reason 0,010050 0,000001
reasonable 0,116534 0,000014
reasoners 2,813411 0,000328
reasoning 0,733969 0,000085
reasons 0,223144 0,000026
reaves 3,912023 0,000455
rebecca 2,525729 0,000294
rebel 1,078810 0,000126
rebellious 1,049822 0,000122
rebellow 3,506558 0,000408
rebuff 2,407946 0,000280
rebuke 1,049822 0,000122
rebuking 2,302585 0,000268
recall 0,478036 0,000056
recalls 1,609438 0,000187
recede 1,771957 0,000206
recedes 2,813411 0,000328
receipt 0,314711 0,000037
receive 0,083382 0,000010
received 0,040822 0,000005
receives 0,916291 0,000107
receiving 0,116534 0,000014
receptacle 2,207275 0,000257
recess 1,171183 0,000136
recesses 1,386294 0,000161
recipient 2,302585 0,000268
reck 2,995732 0,000349
reckless 1,049822 0,000122
reckon 0,693147 0,000081
reckoning 0,843970 0,000098
reckons 1,966113 0,000229
recks 3,218876 0,000375
reclaim 1,771957 0,000206
reclaiming 2,813411 0,000328
recognize 1,021651 0,000119
recoil 1,966113 0,000229
recoils 2,995732 0,000349
recollect 0,713350 0,000083
recompense 1,309333 0,000152
reconcile 0,967584 0,000113
record 0,400478 0,000047
recorded 0,733969 0,000085
recorder 2,659260 0,000310
records 0,798508 0,000093
recounting 1,832581 0,000213
recover 0,356675 0,000042
recovery 0,616186 0,000072
recreant 2,813411 0,000328
rectifies 3,506558 0,000408
red 0,072571 0,000008
redeem 1,021651 0,000119
redemption 1,272966 0,000148
redistribute 0,544727 0,000063
redistributing 0,562119 0,000065
redistribution 0,562119 0,000065
redolent 2,659260 0,000310
redoubled 1,609438 0,000187
redounding 3,506558 0,000408
redounds 3,218876 0,000375
redundant 2,302585 0,000268
reduplicate 3,912023 0,000455
reed 1,427116 0,000166
reeds 1,386294 0,000161
reeky 3,912023 0,000455
reel 1,427116 0,000166
reeling 1,514128 0,000176
reeves 3,912023 0,000455
refer 0,653926 0,000076
reference 0,562119 0,000065
references 0,430783 0,000050
refining 2,659260 0,000310
reflect 0,653926 0,000076
reflected 0,371064 0,000043
reflecting 0,755023 0,000088
reflective 2,040221 0,000238
reflects 1,832581 0,000213
reflex 2,525729 0,000294
refluent 3,218876 0,000375
refracted 3,218876 0,000375
refracting 3,912023 0,000455
refraction 2,813411 0,000328
refrain 0,776529 0,000090
refraining 2,659260 0,000310
refreshing 1,139434 0,000133
reft 3,218876 0,000375
refuge 0,446287 0,000052
refulgent 2,995732 0,000349
refund 0,562119 0,000065
refuse 0,371064 0,000043
regain 1,108663 0,000129
regal 1,897120 0,000221
regard 0,150823 0,000018
regenerate 2,659260 0,000310
regiment 1,078810 0,000126
regina 2,813411 0,000328
region 0,673345 0,000078
regions 0,891598 0,000104
register 1,237874 0,000144
registered 0,430783 0,000050
registry 2,813411 0,000328
regulating 0,415515 0,000048
rehears 3,912023 0,000455
rehearse 2,302585 0,000268
rehoboam 2,995732 0,000349
reign 0,733969 0,000085
reigns 1,347074 0,000157
rein 1,386294 0,000161
reins 1,049822 0,000122
reiterating 2,813411 0,000328
rejected 0,653926 0,000076
rejoice 0,843970 0,000098
rejoicing 0,967584 0,000113
rejoin 1,560648 0,000182
rekindling 2,813411 0,000328
relate 0,562119 0,000065
relates 1,309333 0,000152
release 0,210721 0,000025
relenting 2,525729 0,000294
relics 1,203973 0,000140
relief 0,198451 0,000023
religion 0,446287 0,000052
relinquishing 2,120264 0,000247
reliques 3,506558 0,000408
reluctance 1,049822 0,000122
relume 3,912023 0,000455
remain 0,040822 0,000005
remainder 0,616186 0,000072
remaining 0,094311 0,000011
remains 0,150823 0,000018
remark 0,314711 0,000037
remedies 0,415515 0,000048
remedy 0,693147 0,000081
remember 0,083382 0,000010
remembrance 0,733969 0,000085
remembrances 2,040221 0,000238
reminding 1,049822 0,000122
remiss 2,040221 0,000238
remorse 0,755023 0,000088
remorseful 2,525729 0,000294
remorseless 2,207275 0,000257
remote 0,544727 0,000063
remotely 2,120264 0,000247
remoter 1,966113 0,000229
remounting 2,995732 0,000349
remounts 3,506558 0,000408
removable 3,506558 0,000408
remove 0,127833 0,000015
removed 0,061875 0,000007
removes 1,832581 0,000213
removing 0,673345 0,000078
renamed 0,562119 0,000065
renascent 3,912023 0,000455
rend 1,514128 0,000176
render 0,371064 0,000043
renders 1,347074 0,000157
rending 1,386294 0,000161
rends 2,525729 0,000294
renew 0,776529 0,000090
renewal 1,514128 0,000176
renews 2,659260 0,000310
reno 2,995732 0,000349
renounce 1,237874 0,000144
renovated 2,659260 0,000310
renown 1,309333 0,000152
rent 0,597837 0,000070
repaid 1,309333 0,000152
repair 0,693147 0,000081
repairs 1,514128 0,000176
repass 2,995732 0,000349
repast 1,171183 0,000136
repay 0,891598 0,000104
repeated 0,127833 0,000015
repeating 0,527633 0,000061
repent 0,713350 0,000083
repentance 0,798508 0,000093
repentant 1,832581 0,000213
repenting 2,525729 0,000294
repents 2,407946 0,000280
repetition 0,843970 0,000098
repine 1,966113 0,000229
replace 0,342490 0,000040
replacement 0,562119 0,000065
replenish 1,714798 0,000200
replete 2,040221 0,000238
replied 0,235722 0,000027
reply 0,174353 0,000020
replying 1,272966 0,000148
report 0,301105 0,000035
reported 0,162519 0,000019
reports 0,261365 0,000030
repose 0,544727 0,000063
reposing 1,771957 0,000206
represent 0,494296 0,000058
representations 0,356675 0,000042
reproach 0,371064 0,000043
reproof 1,347074 0,000157
request 0,127833 0,000015
requesting 1,560648 0,000182
require 0,127833 0,000015
required 0,083382 0,000010
requirements 0,415515 0,000048
requires 0,673345 0,000078
requite 2,120264 0,000247
requited 2,207275 0,000257
rescue 0,562119 0,000065
resemblance 0,755023 0,000088
resemble 0,994252 0,000116
resembling 0,941609 0,000110
resentment 0,820981 0,000096
reserve 0,478036 0,000056
reserves 1,714798 0,000200
residence 0,713350 0,000083
resides 1,771957 0,000206
resign 1,203973 0,000140
resist 0,430783 0,000050
resistance 0,430783 0,000050
resistless 1,714798 0,000200
resolution 0,462035 0,000054
resolve 0,713350 0,000083
resolves 1,966113 0,000229
resort 0,891598 0,000104
resorted 1,272966 0,000148
resound 2,207275 0,000257
resounded 1,021651 0,000119
resounding 1,609438 0,000187
respect 0,094311 0,000011
respite 1,427116 0,000166
resplendence 3,506558 0,000408
resplendent 1,514128 0,000176
response 0,916291 0,000107
responsive 1,609438 0,000187
rest 0,010050 0,000001
rested 0,314711 0,000037
resting 0,314711 0,000037
restless 0,478036 0,000056
restore 0,653926 0,000076
restrain 0,673345 0,000078
restrains 2,659260 0,000310
restraint 0,733969 0,000085
restrictions 0,385662 0,000045
rests 0,673345 0,000078
resume 0,776529 0,000090
resumed 0,415515 0,000048
resuming 1,560648 0,000182
resurrection 1,347074 0,000157
retain 0,597837 0,000070
retains 1,514128 0,000176
retarded 1,832581 0,000213
retinue 1,714798 0,000200
retires 2,040221 0,000238
retiring 0,843970 0,000098
retrace 1,832581 0,000213
retractile 3,912023 0,000455
retreat 0,494296 0,000058
retreated 0,916291 0,000107
retreating 0,994252 0,000116
retribution 1,714798 0,000200
retrograde 1,897120 0,000221
return 0,040822 0,000005
returning 0,127833 0,000015
returns 0,235722 0,000027
reuniting 3,506558 0,000408
reveal 0,616186 0,000072
revealing 1,108663 0,000129
revelation 0,820981 0,000096
revelry 2,407946 0,000280
revenge 0,544727 0,000063
revenue 0,371064 0,000043
rever 3,912023 0,000455
reverence 0,634878 0,000074
reverent 1,771957 0,000206
reverential 1,897120 0,000221
revers 3,506558 0,000408
reversal 2,995732 0,000349
reverse 0,579818 0,000067
reverses 1,897120 0,000221
revert 1,897120 0,000221
reverted 1,609438 0,000187
reverting 2,302585 0,000268
review 0,891598 0,000104
revisit 2,120264 0,000247
revisited 3,218876 0,000375
revisits 3,506558 0,000408
revive 0,941609 0,000110
revives 2,207275 0,000257
reviving 1,427116 0,000166
revolution 0,713350 0,000083
revolving 1,309333 0,000152
reward 0,328504 0,000038
rhea 2,659260 0,000310
rhine 1,609438 0,000187
rhodope 3,506558 0,000408
rhymes 1,771957 0,000206
rialto 3,912023 0,000455
rib 2,040221 0,000238
ribbed 2,207275 0,000257
ribs 1,021651 0,000119
rich 0,139262 0,000016
richard 1,021651 0,000119
riches 0,798508 0,000093
richness 1,469676 0,000171
rid 0,223144 0,000026
riddle 1,203973 0,000140
ridge 0,994252 0,000116
rifled 2,040221 0,000238
rifted 3,218876 0,000375
righteous 1,203973 0,000140
rightfully 2,659260 0,000310
rightly 0,430783 0,000050
rightward 3,506558 0,000408
rigid 0,820981 0,000096
rill 2,207275 0,000257
rills 2,407946 0,000280
rim 1,469676 0,000171
rime 2,813411 0,000328
rind 2,302585 0,000268
rings 3,218876 0,000375
rip 1,609438 0,000187
ripe 0,820981 0,000096
ripen 1,714798 0,000200
rippling 1,560648 0,000182
rise 0,040822 0,000005
risen 0,342490 0,000040
rises 0,634878 0,000074
rising 0,116534 0,000014
rite 1,660731 0,000193
rites 1,272966 0,000148
riv 3,912023 0,000455
rivage 3,912023 0,000455
rival 0,597837 0,000070
riven 2,659260 0,000310
river 0,174353 0,000020
rives 3,912023 0,000455
riveted 1,560648 0,000182
riveting 3,912023 0,000455
rivulet 2,040221 0,000238
rivulets 2,040221 0,000238
road 0,150823 0,000018
roads 0,597837 0,000070
roam 1,560648 0,000182
roams 2,813411 0,000328
roar 0,597837 0,000070
roaring 0,713350 0,000083
rob 0,653926 0,000076
robber 0,891598 0,000104
robbers 1,078810 0,000126
robe 0,941609 0,000110
robert 1,078810 0,000126
robes 0,916291 0,000107
robs 2,207275 0,000257
robust 0,994252 0,000116
rock 0,385662 0,000045
rocks 0,446287 0,000052
rocky 1,049822 0,000122
rod 0,673345 0,000078
rode 0,616186 0,000072
rodolph 3,912023 0,000455
roll 0,415515 0,000048
rolling 0,415515 0,000048
rolls 1,139434 0,000133
roman 0,755023 0,000088
romans 1,272966 0,000148
rome 0,713350 0,000083
romeo 2,407946 0,000280
roof 0,223144 0,000026
rooks 2,407946 0,000280
root 0,385662 0,000045
rooted 0,994252 0,000116
roots 0,634878 0,000074
rose 0,094311 0,000011
roseate 3,506558 0,000408
roses 0,941609 0,000110
rote 2,813411 0,000328
rough 0,186330 0,000022
rous 3,506558 0,000408
rout 1,609438 0,000187
route 1,049822 0,000122
routed 1,560648 0,000182
rove 1,966113 0,000229
rovers 2,302585 0,000268
royal 0,400478 0,000047
royally 2,659260 0,000310
royalties 0,527633 0,000061
royalty 0,385662 0,000045
rubicon 3,218876 0,000375
rubies 2,302585 0,000268
ruby 2,040221 0,000238
ruddier 2,995732 0,000349
ruddiest 3,912023 0,000455
ruddy 0,994252 0,000116
rude 0,342490 0,000040
rudely 1,309333 0,000152
rudeness 1,203973 0,000140
rue 1,203973 0,000140
rued 3,506558 0,000408
rueful 2,120264 0,000247
ruffling 2,659260 0,000310
rugged 0,798508 0,000093
ruin 0,287682 0,000033
ruing 3,506558 0,000408
ruining 1,560648 0,000182
ruinous 1,386294 0,000161
rule 0,198451 0,000023
ruler 1,108663 0,000129
rules 0,150823 0,000018
ruling 1,171183 0,000136
ruminate 2,659260 0,000310
ruminated 2,813411 0,000328
ruminating 2,120264 0,000247
rumour 1,272966 0,000148
rundlet 3,912023 0,000455
running 0,967584 0,000113
rush 0,287682 0,000033
rushes 1,049822 0,000122
rushing 0,597837 0,000070
rustle 1,139434 0,000133
rustling 1,203973 0,000140
ruth 2,659260 0,000310
sabaoth 3,912023 0,000455
sabines 3,218876 0,000375
sable 1,560648 0,000182
sackcloth 2,407946 0,000280
sacks 1,560648 0,000182
sacred 0,415515 0,000048
sacrifice 0,328504 0,000038
sacristy 2,995732 0,000349
sad 0,223144 0,000026
saddens 2,659260 0,000310
sadder 1,609438 0,000187
saddle 0,916291 0,000107
sadness 0,820981 0,000096
safe 0,116534 0,000014
safely 0,371064 0,000043
safety 0,356675 0,000042
sagacity 1,139434 0,000133
sage 0,916291 0,000107
sages 1,386294 0,000161
sail 0,634878 0,000074
sailing 0,653926 0,000076
sails 0,798508 0,000093
saint 0,673345 0,000078
sainted 2,813411 0,000328
saintly 1,966113 0,000229
saints 1,049822 0,000122
saith 1,714798 0,000200
sake 0,094311 0,000011
sakes 1,609438 0,000187
sale 0,798508 0,000093
salem 2,407946 0,000280
sallying 2,995732 0,000349
salt 0,116534 0,000014
salutation 1,469676 0,000171
salute 0,967584 0,000113
salvation 0,798508 0,000093
salve 2,302585 0,000268
samaria 2,659260 0,000310
sample 1,560648 0,000182
samuel 1,237874 0,000144
san 1,427116 0,000166
sanction 1,309333 0,000152
sanctity 1,347074 0,000157
sanctuary 1,347074 0,000157
sanctus 3,912023 0,000455
sand 0,597837 0,000070
sands 1,171183 0,000136
sandy 1,049822 0,000122
sang 0,415515 0,000048
sank 0,544727 0,000063
sant 3,218876 0,000375
santa 1,771957 0,000206
sapience 3,218876 0,000375
sapient 2,995732 0,000349
sapling 2,525729 0,000294
sapphira 3,218876 0,000375
sapphire 1,966113 0,000229
saracens 2,813411 0,000328
sarah 2,040221 0,000238
sardinia 2,525729 0,000294
sardinian 3,218876 0,000375
sat 0,083382 0,000010
satan 1,237874 0,000144
sated 2,120264 0,000247
satiate 2,407946 0,000280
satiated 2,525729 0,000294
satiety 1,966113 0,000229
satire 1,660731 0,000193
satisfaction 0,186330 0,000022
satisfied 0,105361 0,000012
satisfy 0,342490 0,000040
saturate 3,218876 0,000375
saturn 1,832581 0,000213
saul 1,966113 0,000229
sav 3,218876 0,000375
savage 0,356675 0,000042
save 0,030459 0,000004
saves 1,347074 0,000157
saving 0,478036 0,000056
savour 1,771957 0,000206
sayst 3,218876 0,000375
scalded 2,302585 0,000268
scale 0,446287 0,000052
scales 1,049822 0,000122
scalp 2,407946 0,000280
scaly 2,207275 0,000257
scamper 2,407946 0,000280
scan 1,897120 0,000221
scandal 0,891598 0,000104
scant 1,609438 0,000187
scantiness 2,407946 0,000280
scantly 3,912023 0,000455
scanty 0,941609 0,000110
scap 3,506558 0,000408
scape 2,995732 0,000349
scaping 3,912023 0,000455
scar 1,560648 0,000182
scarce 0,693147 0,000081
scarcely 0,301105 0,000035
scare 1,427116 0,000166
scarlet 0,798508 0,000093
scars 1,771957 0,000206
scatter 1,049822 0,000122
scattered 0,139262 0,000016
scene 0,198451 0,000023
scenes 0,494296 0,000058
scent 0,733969 0,000085
scepter 2,813411 0,000328
schism 2,302585 0,000268
scholar 0,798508 0,000093
school 0,174353 0,000020
schools 0,755023 0,000088
science 0,446287 0,000052
scintillating 2,659260 0,000310
sclavonian 3,506558 0,000408
scoop 2,525729 0,000294
scope 1,139434 0,000133
scorching 1,771957 0,000206
score 0,713350 0,000083
scorn 0,562119 0,000065
scornfully 1,347074 0,000157
scorpion 2,302585 0,000268
scot 2,525729 0,000294
scourge 1,427116 0,000166
scourged 1,966113 0,000229
scouring 2,302585 0,000268
scours 3,218876 0,000375
scouts 1,897120 0,000221
scowl 1,897120 0,000221
scrap 1,386294 0,000161
screen 1,021651 0,000119
screening 2,525729 0,000294
scribe 2,120264 0,000247
scrip 2,659260 0,000310
scripture 1,386294 0,000161
scriptures 1,609438 0,000187
scroll 1,714798 0,000200
scudding 2,525729 0,000294
sculpture 2,040221 0,000238
scum 1,771957 0,000206
scurf 2,525729 0,000294
sea 0,116534 0,000014
seal 0,562119 0,000065
seals 1,347074 0,000157
search 0,051293 0,000006
searches 2,407946 0,000280
searching 0,415515 0,000048
season 0,287682 0,000033
seasons 0,673345 0,000078
seat 0,105361 0,000012
seated 0,223144 0,000026
seats 0,562119 0,000065
secret 0,061875 0,000007
secreted 1,966113 0,000229
secretly 0,597837 0,000070
secrets 0,400478 0,000047
sect 1,171183 0,000136
sects 1,966113 0,000229
secure 0,072571 0,000008
securer 2,995732 0,000349
security 0,544727 0,000063
seduce 1,714798 0,000200
seduces 3,506558 0,000408
seed 0,597837 0,000070
seeds 1,049822 0,000122
seek 0,198451 0,000023
seeking 0,274437 0,000032
seeks 1,021651 0,000119
seemly 2,302585 0,000268
seer 1,771957 0,000206
seething 1,966113 0,000229
segment 2,813411 0,000328
seine 2,207275 0,000257
seize 0,446287 0,000052
seized 0,235722 0,000027
seizes 1,771957 0,000206
seizing 0,693147 0,000081
seldom 0,301105 0,000035
selected 0,634878 0,000074
semblance 1,049822 0,000122
semblances 3,506558 0,000408
semicircle 1,771957 0,000206
semiramis 2,525729 0,000294
sempiternal 3,912023 0,000455
send 0,030459 0,000004
sending 0,083382 0,000010
sends 0,544727 0,000063
seneca 2,120264 0,000247
senior 1,386294 0,000161
sensations 0,843970 0,000098
sense 0,051293 0,000006
senseless 0,867501 0,000101
sensibly 1,139434 0,000133
sensual 1,203973 0,000140
sentence 0,127833 0,000015
separate 0,248461 0,000029
september 0,673345 0,000078
septentrion 3,218876 0,000375
sepulchre 1,771957 0,000206
sepulture 2,525729 0,000294
sequel 1,078810 0,000126
sequent 3,506558 0,000408
sequester 3,218876 0,000375
seraph 2,407946 0,000280
seraphic 2,995732 0,000349
seraphim 2,407946 0,000280
serene 0,916291 0,000107
serenely 1,386294 0,000161
serpent 0,755023 0,000088
serpents 1,469676 0,000171
serv 3,218876 0,000375
servant 0,186330 0,000022
servants 0,162519 0,000019
serve 0,174353 0,000020
service 0,072571 0,000008
servitude 1,272966 0,000148
set 0,010050 0,000001
sets 0,385662 0,000045
setting 0,186330 0,000022
settled 0,127833 0,000015
settles 1,347074 0,000157
settlings 3,912023 0,000455
seventh 0,562119 0,000065
sever 1,609438 0,000187
severe 0,342490 0,000040
severely 0,634878 0,000074
severer 2,407946 0,000280
severs 2,995732 0,000349
seville 2,659260 0,000310
sewer 2,659260 0,000310
sex 0,562119 0,000065
sextus 2,525729 0,000294
shade 0,274437 0,000032
shaded 0,891598 0,000104
shades 0,916291 0,000107
shadow 0,223144 0,000026
shadowing 2,525729 0,000294
shadows 0,494296 0,000058
shadowy 1,108663 0,000129
shady 0,994252 0,000116
shaft 0,916291 0,000107
shafts 1,309333 0,000152
shaggy 1,049822 0,000122
shake 0,287682 0,000033
shaken 0,494296 0,000058
shakes 1,272966 0,000148
shaking 0,371064 0,000043
shallow 0,776529 0,000090
shallows 2,207275 0,000257
shalt 1,171183 0,000136
sham 1,660731 0,000193
shame 0,223144 0,000026
shameful 0,916291 0,000107
shameless 1,427116 0,000166
shap 3,218876 0,000375
shape 0,186330 0,000022
shapeless 2,120264 0,000247
shapes 0,755023 0,000088
shaping 1,966113 0,000229
share 0,040822 0,000005
shared 0,139262 0,000016
sharer 2,302585 0,000268
shares 1,272966 0,000148
sharing 0,248461 0,000029
sharp 0,162519 0,000019
sharpen 1,660731 0,000193
shatter 2,040221 0,000238
shaven 1,514128 0,000176
shears 2,207275 0,000257
sheen 2,207275 0,000257
sheep 0,371064 0,000043
sheet 0,446287 0,000052
shelter 0,342490 0,000040
shelving 2,120264 0,000247
shepherd 0,941609 0,000110
shepherds 1,469676 0,000171
shew 2,207275 0,000257
shewn 2,659260 0,000310
shield 0,733969 0,000085
shielded 2,302585 0,000268
shift 0,843970 0,000098
shifted 1,139434 0,000133
shifting 0,891598 0,000104
shifts 1,714798 0,000200
shin 2,525729 0,000294
shine 0,616186 0,000072
shines 0,994252 0,000116
shining 0,385662 0,000045
ship 0,314711 0,000037
shiver 0,994252 0,000116
shivering 0,755023 0,000088
shock 0,446287 0,000052
shone 0,494296 0,000058
shook 0,235722 0,000027
shoot 0,494296 0,000058
shoots 1,347074 0,000157
shor 3,912023 0,000455
shore 0,342490 0,000040
shores 0,820981 0,000096
shorn 1,560648 0,000182
short 0,020203 0,000002
shorted 3,912023 0,000455
shorten 1,714798 0,000200
shorter 0,579818 0,000067
shortest 1,203973 0,000140
shortly 0,462035 0,000054
shot 0,223144 0,000026
shoulder 0,210721 0,000025
shoulders 0,174353 0,000020
shouldst 2,120264 0,000247
shout 0,634878 0,000074
shouted 0,478036 0,000056
shouting 0,446287 0,000052
shouts 0,843970 0,000098
shower 0,755023 0,000088
showering 2,407946 0,000280
showers 1,272966 0,000148
shrewd 1,021651 0,000119
shrieks 1,309333 0,000152
shrill 0,820981 0,000096
shrink 1,139434 0,000133
shrinking 1,171183 0,000136
shrinks 2,040221 0,000238
shrive 3,912023 0,000455
shrivel 3,218876 0,000375
shroud 1,469676 0,000171
shrouded 1,386294 0,000161
shrouding 3,506558 0,000408
shrouds 1,966113 0,000229
shrunk 1,514128 0,000176
shun 1,309333 0,000152
shut 0,072571 0,000008
shuts 1,714798 0,000200
shutting 0,941609 0,000110
shuttle 2,207275 0,000257
sicilian 1,897120 0,000221
sicily 1,714798 0,000200
sick 0,150823 0,000018
sickens 2,407946 0,000280
sicklies 3,912023 0,000455
siege 1,021651 0,000119
sienna 3,218876 0,000375
sift 2,659260 0,000310
sigh 0,342490 0,000040
sighing 1,021651 0,000119
sighs 1,108663 0,000129
sight 0,051293 0,000006
sighted 0,733969 0,000085
sightly 3,912023 0,000455
sights 0,755023 0,000088
sigil 3,912023 0,000455
sign 0,139262 0,000016
signa 3,218876 0,000375
signal 0,544727 0,000063
signals 1,427116 0,000166
signature 1,386294 0,000161
signet 1,966113 0,000229
signs 0,186330 0,000022
sile 3,506558 0,000408
silence 0,105361 0,000012
silenced 1,049822 0,000122
silent 0,051293 0,000006
silently 0,544727 0,000063
silk 0,478036 0,000056
silver 0,210721 0,000025
silvery 1,203973 0,000140
silvius 3,506558 0,000408
similitude 2,207275 0,000257
simon 1,771957 0,000206
simony 3,218876 0,000375
simple 0,094311 0,000011
sin 0,430783 0,000050
sinew 2,525729 0,000294
sinews 1,609438 0,000187
sinewy 2,120264 0,000247
sinful 1,309333 0,000152
sing 0,415515 0,000048
singed 1,660731 0,000193
singing 0,371064 0,000043
single 0,083382 0,000010
singled 2,407946 0,000280
singles 2,995732 0,000349
singly 1,139434 0,000133
sings 1,139434 0,000133
singularity 2,040221 0,000238
sinister 1,108663 0,000129
sink 0,462035 0,000054
sinking 0,494296 0,000058
sinks 1,108663 0,000129
sinless 2,302585 0,000268
sinner 0,994252 0,000116
sinners 1,347074 0,000157
sinning 1,832581 0,000213
sinon 2,995732 0,000349
sins 0,798508 0,000093
sion 2,302585 0,000268
sir 0,150823 0,000018
sire 1,832581 0,000213
siren 2,207275 0,000257
sirens 2,525729 0,000294
sires 2,525729 0,000294
sister 0,356675 0,000042
sisters 0,527633 0,000061
sit 0,061875 0,000007
sith 3,912023 0,000455
sithence 3,912023 0,000455
sits 0,820981 0,000096
sitting 0,105361 0,000012
situate 2,659260 0,000310
sixth 0,446287 0,000052
size 0,248461 0,000029
skies 0,967584 0,000113
skiey 3,912023 0,000455
skiff 1,832581 0,000213
skilful 0,967584 0,000113
skill 0,301105 0,000035
skilless 3,912023 0,000455
skillet 2,659260 0,000310
skillfully 2,207275 0,000257
skin 0,210721 0,000025
skirmishing 2,659260 0,000310
skirt 1,078810 0,000126
skirting 1,897120 0,000221
skull 0,891598 0,000104
sky 0,210721 0,000025
slack 1,309333 0,000152
slacken 1,714798 0,000200
slacker 3,506558 0,000408
slackness 2,659260 0,000310
slacks 3,912023 0,000455
slain 0,941609 0,000110
slake 2,525729 0,000294
slant 2,207275 0,000257
slants 3,912023 0,000455
slaughter 0,967584 0,000113
slaughterer 3,912023 0,000455
slave 0,494296 0,000058
slaves 0,634878 0,000074
slavish 1,771957 0,000206
slay 1,171183 0,000136
slayers 3,218876 0,000375
sleek 1,427116 0,000166
sleep 0,072571 0,000008
sleeping 0,235722 0,000027
sleeps 0,994252 0,000116
sleepy 0,713350 0,000083
sleety 3,218876 0,000375
slender 0,693147 0,000081
slept 0,223144 0,000026
slew 1,386294 0,000161
slight 0,150823 0,000018
slighted 1,386294 0,000161
slime 1,386294 0,000161
slimy 1,660731 0,000193
sling 1,560648 0,000182
slippery 1,139434 0,000133
slips 1,272966 0,000148
slivering 3,912023 0,000455
slop 2,407946 0,000280
slope 0,867501 0,000101
slopes 1,309333 0,000152
sloping 1,021651 0,000119
slow 0,139262 0,000016
slowest 2,813411 0,000328
slowly 0,150823 0,000018
slug 2,995732 0,000349
sluggishness 2,995732 0,000349
sluice 2,659260 0,000310
slumber 0,673345 0,000078
slumbers 1,386294 0,000161
slung 1,386294 0,000161
sluttish 3,912023 0,000455
smack 1,771957 0,000206
smear 2,302585 0,000268
smell 0,371064 0,000043
smells 1,309333 0,000152
smile 0,274437 0,000032
smiles 0,693147 0,000081
smiling 0,301105 0,000035
smirch 3,218876 0,000375
smit 2,995732 0,000349
smite 1,609438 0,000187
smites 2,302585 0,000268
smithy 2,813411 0,000328
smiting 1,832581 0,000213
smitten 1,171183 0,000136
smoke 0,314711 0,000037
smoking 0,462035 0,000054
smoky 1,560648 0,000182
smooth 0,274437 0,000032
smote 1,021651 0,000119
snake 0,891598 0,000104
snare 1,660731 0,000193
snarlers 3,912023 0,000455
snatch 1,049822 0,000122
snatches 1,514128 0,000176
snort 1,771957 0,000206
snout 1,966113 0,000229
snow 0,527633 0,000061
snows 1,660731 0,000193
snowy 1,272966 0,000148
soar 1,560648 0,000182
soaring 1,660731 0,000193
soars 2,207275 0,000257
sober 0,597837 0,000070
social 0,371064 0,000043
society 0,210721 0,000025
sock 2,525729 0,000294
socket 1,714798 0,000200
sockets 1,771957 0,000206
socrates 1,609438 0,000187
sodom 2,040221 0,000238
soft 0,210721 0,000025
softest 1,771957 0,000206
softly 0,400478 0,000047
soil 0,494296 0,000058
soiling 2,659260 0,000310
soils 2,302585 0,000268
sojourn 1,386294 0,000161
sojourning 2,407946 0,000280
sojourns 3,912023 0,000455
solace 1,609438 0,000187
solar 1,660731 0,000193
sold 0,385662 0,000045
soldan 3,218876 0,000375
soldiery 2,120264 0,000247
sole 0,342490 0,000040
solemn 0,301105 0,000035
soles 1,386294 0,000161
solicit 0,430783 0,000050
solicitation 0,510826 0,000059
soliciting 2,407946 0,000280
solid 0,274437 0,000032
solitary 0,462035 0,000054
solitude 0,510826 0,000059
solo 2,207275 0,000257
solon 2,525729 0,000294
solution 0,820981 0,000096
solv 3,506558 0,000408
solve 0,653926 0,000076
son 0,105361 0,000012
song 0,371064 0,000043
songs 0,544727 0,000063
songster 3,218876 0,000375
songsters 2,995732 0,000349
sonorous 1,514128 0,000176
sons 0,356675 0,000042
sooner 1,309333 0,000152
sooth 1,966113 0,000229
soothes 2,407946 0,000280
soothing 0,798508 0,000093
sop 2,995732 0,000349
sophist 2,525729 0,000294
sophistry 2,525729 0,000294
sorceress 2,525729 0,000294
sordello 3,506558 0,000408
sordid 1,139434 0,000133
sore 0,616186 0,000072
sorely 1,049822 0,000122
sorest 3,506558 0,000408
sorrow 0,287682 0,000033
sorrowful 1,021651 0,000119
sorrowing 1,560648 0,000182
sorrows 0,798508 0,000093
sort 0,105361 0,000012
sought 0,150823 0,000018
soul 0,105361 0,000012
souls 0,342490 0,000040
sound 0,020203 0,000002
sounded 0,371064 0,000043
sounding 0,634878 0,000074
sounds 0,223144 0,000026
source 0,328504 0,000038
south 0,235722 0,000027
sovereign 0,776529 0,000090
sovran 3,506558 0,000408
sow 1,078810 0,000126
sowing 1,514128 0,000176
sown 1,078810 0,000126
space 0,116534 0,000014
spacious 0,916291 0,000107
spain 0,994252 0,000116
spake 1,560648 0,000182
span 1,386294 0,000161
spangled 2,120264 0,000247
spangling 2,995732 0,000349
spaniard 1,832581 0,000213
spans 2,995732 0,000349
spar 2,407946 0,000280
spare 0,210721 0,000025
sparing 1,272966 0,000148
spark 0,776529 0,000090
sparkle 1,514128 0,000176
sparkles 1,832581 0,000213
sparkling 0,776529 0,000090
sparks 1,139434 0,000133
spawn 2,525729 0,000294
speak 0,051293 0,000006
speaking 0,072571 0,000008
speaks 0,371064 0,000043
spear 1,139434 0,000133
spears 1,560648 0,000182
special 0,083382 0,000010
specific 0,820981 0,000096
speck 1,108663 0,000129
speckled 1,560648 0,000182
spectacle 0,544727 0,000063
speculate 2,120264 0,000247
sped 1,272966 0,000148
speech 0,198451 0,000023
speechless 0,916291 0,000107
speed 0,328504 0,000038
speedier 2,525729 0,000294
speediest 2,525729 0,000294
speedily 0,713350 0,000083
speeding 1,660731 0,000193
speeds 2,302585 0,000268
speedy 0,941609 0,000110
spell 0,820981 0,000096
spelt 1,897120 0,000221
spends 1,427116 0,000166
spendthrift 2,525729 0,000294
spent 0,105361 0,000012
sphere 0,733969 0,000085
spheres 1,832581 0,000213
sphinx 1,966113 0,000229
spice 1,609438 0,000187
spider 1,237874 0,000144
spied 1,469676 0,000171
spies 1,347074 0,000157
spilt 1,386294 0,000161
spindle 1,966113 0,000229
spine 1,832581 0,000213
spinning 1,021651 0,000119
spins 2,995732 0,000349
spires 1,714798 0,000200
spirit 0,051293 0,000006
spiritless 1,832581 0,000213
spirits 0,198451 0,000023
spiritual 0,653926 0,000076
spiry 3,506558 0,000408
spite 0,139262 0,000016
spleen 1,714798 0,000200
splendent 3,912023 0,000455
splendid 0,400478 0,000047
splendor 1,714798 0,000200
splendour 1,237874 0,000144
splinter 2,040221 0,000238
splinters 1,897120 0,000221
split 0,798508 0,000093
spoil 0,673345 0,000078
spoils 0,994252 0,000116
spoke 0,116534 0,000014
spoken 0,150823 0,000018
spokes 2,040221 0,000238
sponge 1,309333 0,000152
sponsors 3,912023 0,000455
spontaneous 1,139434 0,000133
sport 0,597837 0,000070
sportive 2,040221 0,000238
sportively 2,995732 0,000349
spot 0,162519 0,000019
spots 0,562119 0,000065
spotted 0,994252 0,000116
spousals 3,912023 0,000455
spouse 1,660731 0,000193
spouting 2,302585 0,000268
sprang 0,400478 0,000047
sprawling 1,347074 0,000157
spray 1,427116 0,000166
sprays 2,040221 0,000238
spread 0,061875 0,000007
spreading 0,446287 0,000052
spreads 1,514128 0,000176
spring 0,083382 0,000010
springing 0,733969 0,000085
springs 0,634878 0,000074
springtide 3,506558 0,000408
sprinkle 1,966113 0,000229
sprinkled 1,108663 0,000129
sprite 2,525729 0,000294
sprouting 2,813411 0,000328
sprouts 2,525729 0,000294
sprung 0,544727 0,000063
spume 3,218876 0,000375
spun 0,941609 0,000110
spur 1,139434 0,000133
spurn 2,040221 0,000238
spurring 2,659260 0,000310
spurs 1,386294 0,000161
sputters 3,912023 0,000455
spy 0,916291 0,000107
squadron 1,714798 0,000200
squadrons 2,040221 0,000238
squared 2,040221 0,000238
squatted 1,660731 0,000193
stablish 2,995732 0,000349
stack 1,714798 0,000200
staff 0,274437 0,000032
stagger 1,469676 0,000171
staggering 1,237874 0,000144
stagnates 2,995732 0,000349
stagyrite 3,506558 0,000408
staid 1,237874 0,000144
stain 0,994252 0,000116
stainless 2,659260 0,000310
stains 1,347074 0,000157
stair 1,171183 0,000136
stairs 0,430783 0,000050
stake 0,693147 0,000081
stakes 1,203973 0,000140
stalk 1,386294 0,000161
stall 1,714798 0,000200
stammer 2,120264 0,000247
stammerer 3,506558 0,000408
stamp 0,693147 0,000081
stand 0,000000 0,000000
standard 0,562119 0,000065
standeth 2,525729 0,000294
standing 0,030459 0,000004
stands 0,261365 0,000030
stank 2,659260 0,000310
star 0,544727 0,000063
starboard 2,040221 0,000238
stares 1,897120 0,000221
staring 0,634878 0,000074
starlings 2,995732 0,000349
starr 2,995732 0,000349
starry 1,272966 0,000148
stars 0,342490 0,000040
start -0,009950 -0,000001
started 0,150823 0,000018
starting 0,371064 0,000043
starts 0,941609 0,000110
stated 3,506558 0,000408
stately 0,733969 0,000085
statements 0,430783 0,000050
station 0,356675 0,000042
stationed 1,237874 0,000144
stations 1,049822 0,000122
statues 1,203973 0,000140
stature 0,891598 0,000104
status 0,446287 0,000052
statute 1,714798 0,000200
statutes 2,040221 0,000238
stave 2,407946 0,000280
stay 0,083382 0,000010
stays 1,078810 0,000126
stead 1,139434 0,000133
steadfast 1,309333 0,000152
steadfastly 1,660731 0,000193
steady 0,356675 0,000042
steal 0,510826 0,000059
stealth 1,660731 0,000193
steam 0,820981 0,000096
steams 2,813411 0,000328
steed 1,832581 0,000213
steeds 1,897120 0,000221
steel 0,510826 0,000059
steep 0,579818 0,000067
steeper 2,659260 0,000310
steepness 2,813411 0,000328
steer 1,237874 0,000144
steersman 2,525729 0,000294
stem 0,916291 0,000107
stemming 2,995732 0,000349
stems 1,832581 0,000213
stench 1,660731 0,000193
step 0,083382 0,000010
stepdame 3,506558 0,000408
stepping 0,755023 0,000088
steps 0,094311 0,000011
sterile 2,207275 0,000257
stern 0,478036 0,000056
sticking 0,867501 0,000101
stiff 0,430783 0,000050
stiffen 2,525729 0,000294
stifled 1,272966 0,000148
stillness 0,891598 0,000104
sting 1,203973 0,000140
stings 1,832581 0,000213
stint 2,040221 0,000238
stir 0,400478 0,000047
stirring 0,510826 0,000059
stirs 1,560648 0,000182
stock 0,328504 0,000038
stocks 1,272966 0,000148
stole 0,494296 0,000058
stoles 3,912023 0,000455
stone 0,116534 0,000014
stones 0,301105 0,000035
stony 0,994252 0,000116
stood 0,030459 0,000004
stool 0,733969 0,000085
stools 1,714798 0,000200
stoop 1,049822 0,000122
stooping 0,867501 0,000101
stoops 2,525729 0,000294
stor 3,218876 0,000375
store 0,385662 0,000045
stored 0,342490 0,000040
storied 2,207275 0,000257
stork 2,302585 0,000268
storm 0,342490 0,000040
storms 0,798508 0,000093
stormy 0,776529 0,000090
story 0,051293 0,000006
stout 0,579818 0,000067
stoutest 1,966113 0,000229
stoutly 1,237874 0,000144
stove 1,203973 0,000140
stow 2,207275 0,000257
stragglers 1,714798 0,000200
straight 0,105361 0,000012
straighten 1,714798 0,000200
straighter 2,302585 0,000268
straightness 2,995732 0,000349
straightway 1,347074 0,000157
strain 0,385662 0,000045
strained 0,776529 0,000090
straining 0,867501 0,000101
strains 1,272966 0,000148
strait 1,049822 0,000122
straiten 2,995732 0,000349
straitens 3,912023 0,000455
straits 1,427116 0,000166
strand 1,237874 0,000144
strange 0,061875 0,000007
stranger 0,139262 0,000016
strangers 0,356675 0,000042
stratagem 1,609438 0,000187
straw 0,356675 0,000042
stray 0,891598 0,000104
strays 2,813411 0,000328
streak 1,203973 0,000140
streaky 3,506558 0,000408
stream 0,210721 0,000025
streaming 0,798508 0,000093
streamlet 2,525729 0,000294
streams 0,843970 0,000098
street 0,198451 0,000023
streets 0,274437 0,000032
strength 0,030459 0,000004
strengthen 0,916291 0,000107
strengthens 2,302585 0,000268
stretch 0,446287 0,000052
stretched 0,274437 0,000032
stretches 1,309333 0,000152
stretching 0,733969 0,000085
strewn 1,139434 0,000133
strews 3,218876 0,000375
stricken 0,653926 0,000076
strict 0,210721 0,000025
strictly 0,579818 0,000067
stride 1,237874 0,000144
strides 1,203973 0,000140
strife 1,021651 0,000119
strifes 2,995732 0,000349
strike 0,210721 0,000025
strikes 0,544727 0,000063
striking 0,274437 0,000032
string 0,634878 0,000074
strings 0,843970 0,000098
strip 0,597837 0,000070
stripe 2,407946 0,000280
stripling 2,302585 0,000268
strips 1,309333 0,000152
stript 2,407946 0,000280
strive 0,820981 0,000096
strives 1,771957 0,000206
striving 0,755023 0,000088
strode 1,139434 0,000133
stroke 0,356675 0,000042
strong 0,030459 0,000004
stronger 0,287682 0,000033
strove 1,078810 0,000126
struck 0,083382 0,000010
structure 0,673345 0,000078
struggle 0,287682 0,000033
struggled 0,415515 0,000048
struggles 0,891598 0,000104
struggling 0,462035 0,000054
strung 1,386294 0,000161
stubborn 0,843970 0,000098
stubbornness 2,120264 0,000247
stuck 0,462035 0,000054
studded 1,427116 0,000166
study 0,162519 0,000019
stuff 0,385662 0,000045
stumble 1,139434 0,000133
stumps 1,832581 0,000213
stung 1,139434 0,000133
stuns 3,912023 0,000455
stupendous 1,514128 0,000176
sturdy 1,171183 0,000136
stye 3,218876 0,000375
stygian 2,525729 0,000294
style 0,274437 0,000032
styx 1,966113 0,000229
subdue 1,171183 0,000136
subdued 0,494296 0,000058
subject 0,072571 0,000008
subjected 0,820981 0,000096
subjoin 3,506558 0,000408
sublime 0,994252 0,000116
sublimest 3,218876 0,000375
subliming 3,912023 0,000455
sublunar 3,506558 0,000408
submissive 1,427116 0,000166
subscribe 0,494296 0,000058
subsiding 1,897120 0,000221
substance 0,415515 0,000048
substances 1,560648 0,000182
substantial 0,755023 0,000088
subterfuge 2,302585 0,000268
subtle 0,733969 0,000085
subtlest 2,302585 0,000268
subtlety 1,469676 0,000171
subtly 2,207275 0,000257
suburban 1,771957 0,000206
succeed 0,328504 0,000038
succeeded 0,186330 0,000022
succeeds 1,203973 0,000140
succession 0,510826 0,000059
successive 0,891598 0,000104
successively 1,347074 0,000157
successor 1,078810 0,000126
successors 1,427116 0,000166
succour 1,714798 0,000200
succours 3,506558 0,000408
sudden 0,072571 0,000008
suddenly 0,040822 0,000005
sue 1,714798 0,000200
sued 2,040221 0,000238
suffer 0,127833 0,000015
suffering 0,248461 0,000029
sufferings 0,616186 0,000072
suffers 1,139434 0,000133
suffice 0,673345 0,000078
sufficiency 1,966113 0,000229
sufficient 0,139262 0,000016
suit 0,261365 0,000030
suited 0,597837 0,000070
suitor 1,514128 0,000176
suits 0,776529 0,000090
sullen 0,798508 0,000093
sullied 2,813411 0,000328
sultry 1,897120 0,000221
sum 0,356675 0,000042
summer 0,186330 0,000022
summit 0,798508 0,000093
summits 1,714798 0,000200
summon 0,967584 0,000113
summoning 1,609438 0,000187
sun 0,072571 0,000008
sunbeam 2,207275 0,000257
sunder 2,813411 0,000328
sung 0,994252 0,000116
sunk 0,371064 0,000043
sunken 1,309333 0,000152
sunlight 0,843970 0,000098
suns 1,560648 0,000182
sunshine 0,616186 0,000072
superfluous 0,867501 0,000101
superflux 3,912023 0,000455
superintendence 1,832581 0,000213
supernal 2,525729 0,000294
supine 2,207275 0,000257
supper 0,446287 0,000052
supplanted 2,302585 0,000268
suppliant 1,897120 0,000221
supplication 1,203973 0,000140
supplications 2,120264 0,000247
supplied 0,478036 0,000056
supplies 0,891598 0,000104
supply 0,371064 0,000043
support 0,127833 0,000015
supported 0,415515 0,000048
suppos 3,506558 0,000408
suppose 0,072571 0,000008
supreme 0,616186 0,000072
supremest 2,995732 0,000349
surcease 2,813411 0,000328
surely 0,186330 0,000022
surety 2,207275 0,000257
surface 0,301105 0,000035
surfeit 2,813411 0,000328
surge 1,832581 0,000213
surlily 2,813411 0,000328
surmount 1,714798 0,000200
surname 1,832581 0,000213
surpass 1,469676 0,000171
surpasses 2,040221 0,000238
surpassing 1,660731 0,000193
surprise 0,174353 0,000020
surround 1,139434 0,000133
surrounded 0,223144 0,000026
surrounds 1,514128 0,000176
survey 0,755023 0,000088
surveys 2,659260 0,000310
survive 0,274437 0,000032
survives 2,207275 0,000257
susceptible 1,386294 0,000161
suspected 0,328504 0,000038
suspend 1,660731 0,000193
suspended 0,634878 0,000074
suspends 2,995732 0,000349
suspense 0,776529 0,000090
suspicion 0,287682 0,000033
sustain 0,916291 0,000107
swaddling 1,966113 0,000229
swage 3,506558 0,000408
swain 2,302585 0,000268
swallow 0,616186 0,000072
swamp 0,342490 0,000040
swan 1,309333 0,000152
sward 2,813411 0,000328
swarm 1,237874 0,000144
swarming 1,171183 0,000136
swarms 1,897120 0,000221
swart 2,659260 0,000310
swath 3,218876 0,000375
swathing 2,995732 0,000349
swaths 3,218876 0,000375
sway 1,078810 0,000126
swaying 1,021651 0,000119
sways 2,302585 0,000268
swear 0,494296 0,000058
sweep 0,673345 0,000078
sweeps 1,514128 0,000176
sweet 0,174353 0,000020
sweeter 1,108663 0,000129
sweetest 0,941609 0,000110
sweetly 1,049822 0,000122
sweetness 0,673345 0,000078
sweets 1,386294 0,000161
swell 0,653926 0,000076
swelling 0,693147 0,000081
swells 1,609438 0,000187
swept 0,385662 0,000045
swerves 3,506558 0,000408
swerving 2,525729 0,000294
swift 0,415515 0,000048
swifter 1,966113 0,000229
swiftest 1,832581 0,000213
swiftly 0,713350 0,000083
swiftness 1,309333 0,000152
swill 2,813411 0,000328
swimming 0,820981 0,000096
swine 1,347074 0,000157
swinging 0,798508 0,000093
swivels 3,506558 0,000408
swoln 2,995732 0,000349
sword 0,462035 0,000054
swords 0,994252 0,000116
sworn 0,673345 0,000078
sybil 2,659260 0,000310
syllable 0,994252 0,000116
syllables 1,237874 0,000144
sylvan 2,207275 0,000257
sylvester 2,995732 0,000349
symphony 2,659260 0,000310
synod 2,207275 0,000257
synonymous 0,446287 0,000052
syrinx 3,218876 0,000375
tabernacle 1,966113 0,000229
table 0,094311 0,000011
tables 0,415515 0,000048
tablet 1,897120 0,000221
tabor 3,218876 0,000375
tabors 3,912023 0,000455
tack 1,560648 0,000182
tad 2,995732 0,000349
tail 0,462035 0,000054
tailor 1,386294 0,000161
taint 1,514128 0,000176
taints 3,506558 0,000408
taketh 2,302585 0,000268
tale 0,287682 0,000033
talent 0,544727 0,000063
talents 0,798508 0,000093
tales 0,579818 0,000067
talk 0,083382 0,000010
talking 0,150823 0,000018
tall 0,223144 0,000026
tallied 2,995732 0,000349
talon 3,912023 0,000455
talons 1,660731 0,000193
tam 2,525729 0,000294
taming 2,040221 0,000238
tangled 1,108663 0,000129
taper 1,897120 0,000221
tapering 2,525729 0,000294
tapers 2,040221 0,000238
tar 1,609438 0,000187
tardier 3,506558 0,000408
tardiest 3,912023 0,000455
tardily 2,995732 0,000349
tardiness 2,659260 0,000310
tardy 1,660731 0,000193
tares 2,659260 0,000310
tarpeian 2,995732 0,000349
tarquin 2,659260 0,000310
tarriest 3,912023 0,000455
tarry 1,714798 0,000200
tarrying 2,813411 0,000328
tartars 2,659260 0,000310
task 0,261365 0,000030
taste 0,174353 0,000020
tasted 0,544727 0,000063
tasteful 2,207275 0,000257
tastes 0,634878 0,000074
taught 0,248461 0,000029
taunt 2,302585 0,000268
taurus 2,525729 0,000294
tavern 1,171183 0,000136
tax 0,328504 0,000038
taxes 0,385662 0,000045
te 1,609438 0,000187
teach 0,248461 0,000029
teacher 0,527633 0,000061
teachers 0,776529 0,000090
teaching 0,462035 0,000054
tear 0,371064 0,000043
tearful 1,514128 0,000176
tearing 0,673345 0,000078
tears 0,150823 0,000018
tee 3,218876 0,000375
teem 2,525729 0,000294
teemed 2,995732 0,000349
teeming 1,660731 0,000193
teems 2,407946 0,000280
teeth 0,198451 0,000023
teian 3,218876 0,000375
tellus 2,995732 0,000349
temper 0,274437 0,000032
temperance 1,560648 0,000182
temperate 1,078810 0,000126
temperature 1,469676 0,000171
tempering 2,995732 0,000349
tempers 1,609438 0,000187
tempest 0,843970 0,000098
temple 0,527633 0,000061
temples 0,616186 0,000072
temporal 1,714798 0,000200
tempted 0,527633 0,000061
tempting 0,967584 0,000113
tempts 1,966113 0,000229
tenacious 1,714798 0,000200
tenantless 3,218876 0,000375
tend 0,733969 0,000085
tended 0,916291 0,000107
tendency 0,634878 0,000074
tender 0,314711 0,000037
tenderly 0,916291 0,000107
tending 0,994252 0,000116
tenement 1,832581 0,000213
tenor 1,171183 0,000136
tenour 2,995732 0,000349
tent 0,994252 0,000116
tenth 0,776529 0,000090
tenting 3,912023 0,000455
terence 2,659260 0,000310
term 0,371064 0,000043
terms 0,061875 0,000007
terrestrial 1,427116 0,000166
terrible 0,186330 0,000022
terribly 0,733969 0,000085
terrified 0,693147 0,000081
territory 1,272966 0,000148
terror 0,198451 0,000023
testament 1,108663 0,000129
testified 1,386294 0,000161
testify 1,347074 0,000157
testimony 0,579818 0,000067
tetchy 3,912023 0,000455
tetter 3,912023 0,000455
texture 1,272966 0,000148
thais 3,506558 0,000408
thames 1,660731 0,000193
thaumantian 3,912023 0,000455
thaw 1,660731 0,000193
theban 2,207275 0,000257
thee 0,597837 0,000070
theft 1,347074 0,000157
theme 0,994252 0,000116
themis 2,659260 0,000310
thenceforth 1,560648 0,000182
thenceforward 2,302585 0,000268
thereat 2,207275 0,000257
thereon 1,469676 0,000171
therewith 1,560648 0,000182
theseus 1,966113 0,000229
thicket 1,203973 0,000140
thickets 1,514128 0,000176
thickly 1,108663 0,000129
thickness 1,427116 0,000166
thief 0,653926 0,000076
thigh 1,347074 0,000157
thighs 1,514128 0,000176
thine 1,139434 0,000133
thirst 0,527633 0,000061
thirsting 2,120264 0,000247
thirsty 0,843970 0,000098
thisbe 3,218876 0,000375
thither 0,579818 0,000067
thitherward 2,525729 0,000294
tho 2,207275 0,000257
thomas 0,891598 0,000104
thong 2,525729 0,000294
thorn 1,560648 0,000182
thorns 1,309333 0,000152
thoughtful 0,693147 0,000081
thoughtfully 0,994252 0,000116
thoughtfulness 2,120264 0,000247
thousandth 1,897120 0,000221
thrall 2,659260 0,000310
thralldom 3,912023 0,000455
thread 0,430783 0,000050
threaded 1,660731 0,000193
threat 1,021651 0,000119
threaten 0,916291 0,000107
threatens 1,469676 0,000171
threefold 2,120264 0,000247
threescore 2,120264 0,000247
thresh 2,525729 0,000294
threshold 0,562119 0,000065
threw 0,116534 0,000014
thrice 0,755023 0,000088
thrift 1,966113 0,000229
thriftier 3,912023 0,000455
thrill 0,867501 0,000101
thrilling 1,139434 0,000133
thrills 1,966113 0,000229
thrive 1,660731 0,000193
thriven 2,813411 0,000328
thrives 2,407946 0,000280
thro 2,407946 0,000280
throat 0,261365 0,000030
throats 0,891598 0,000104
throes 1,714798 0,000200
throne 0,798508 0,000093
thrones 1,771957 0,000206
throng 1,078810 0,000126
thronged 1,771957 0,000206
thronging 2,120264 0,000247
throw 0,083382 0,000010
thrown 0,116534 0,000014
throws 0,916291 0,000107
thrust 0,328504 0,000038
thrusting 1,171183 0,000136
thunder 0,462035 0,000054
thunderbolt 1,609438 0,000187
thwart 1,609438 0,000187
thwarting 2,659260 0,000310
thwarts 2,659260 0,000310
thy 0,634878 0,000074
thyself 1,272966 0,000148
tide 0,653926 0,000076
tidings 1,139434 0,000133
tied 0,261365 0,000030
tighten 2,407946 0,000280
tigris 2,120264 0,000247
tilted 1,609438 0,000187
tilth 3,506558 0,000408
tilting 2,207275 0,000257
timaeus 2,659260 0,000310
time -0,009950 -0,000001
timeless 3,218876 0,000375
timely 1,514128 0,000176
times 0,010050 0,000001
timid 0,544727 0,000063
tinct 3,218876 0,000375
ting 2,813411 0,000328
tinkling 1,609438 0,000187
tint 1,714798 0,000200
tints 1,560648 0,000182
tire 0,994252 0,000116
tired 0,198451 0,000023
tires 2,040221 0,000238
tiresias 2,659260 0,000310
tisiphone 3,506558 0,000408
tithonus 2,813411 0,000328
title 0,116534 0,000014
titles 1,021651 0,000119
titus 2,040221 0,000238
tobias 2,525729 0,000294
toil 0,616186 0,000072
toiling 1,514128 0,000176
toils 1,237874 0,000144
token 0,798508 0,000093
tokens 1,386294 0,000161
tomb 0,916291 0,000107
tombs 1,427116 0,000166
tomorrow 0,755023 0,000088
tone 0,248461 0,000029
tongue 0,162519 0,000019
tongues 0,634878 0,000074
tooth 1,049822 0,000122
topaz 2,525729 0,000294
topmost 1,714798 0,000200
toppled 2,995732 0,000349
torch 1,021651 0,000119
torches 1,171183 0,000136
tore 0,527633 0,000061
torment 0,916291 0,000107
tormented 1,078810 0,000126
tormenting 1,427116 0,000166
torments 1,237874 0,000144
torn 0,248461 0,000029
torpid 2,207275 0,000257
torrent 0,941609 0,000110
torrid 2,207275 0,000257
torture 0,579818 0,000067
tortures 1,309333 0,000152
touch 0,083382 0,000010
touches 0,798508 0,000093
touching 0,301105 0,000035
tour 0,941609 0,000110
tournaments 3,218876 0,000375
tourneying 3,912023 0,000455
tours 2,040221 0,000238
tower 0,527633 0,000061
towers 0,967584 0,000113
town 0,105361 0,000012
towns 0,527633 0,000061
trac 3,912023 0,000455
trace 0,371064 0,000043
traces 0,673345 0,000078
track 0,510826 0,000059
tract 1,386294 0,000161
trade 0,328504 0,000038
trademark 0,562119 0,000065
trades 1,237874 0,000144
traffic 1,171183 0,000136
traffics 3,506558 0,000408
tragic 0,820981 0,000096
trail 1,021651 0,000119
trailing 1,237874 0,000144
train 0,274437 0,000032
traitor 1,237874 0,000144
trample 1,272966 0,000148
trance 1,469676 0,000171
tranquility 2,120264 0,000247
tranquillity 1,049822 0,000122
transcend 2,813411 0,000328
transcendent 1,897120 0,000221
transcends 2,407946 0,000280
transcribe 0,494296 0,000058
transcription 0,527633 0,000061
transfix 2,525729 0,000294
transform 1,469676 0,000171
transgress 1,832581 0,000213
transgressing 2,407946 0,000280
transgression 1,832581 0,000213
transhuman 3,912023 0,000455
transient 1,469676 0,000171
transit 1,966113 0,000229
translated 0,798508 0,000093
translator 1,347074 0,000157
translucent 2,302585 0,000268
transmitted 1,272966 0,000148
transmitting 2,525729 0,000294
transmuted 2,525729 0,000294
transmuting 2,995732 0,000349
transparency 2,207275 0,000257
transparent 1,021651 0,000119
transpicuous 3,506558 0,000408
transport 1,108663 0,000129
transported 1,108663 0,000129
transporting 1,897120 0,000221
transverse 2,407946 0,000280
travel 0,356675 0,000042
travelling 0,693147 0,000081
traverse 1,560648 0,000182
traverses 2,813411 0,000328
treachery 0,755023 0,000088
tread 0,562119 0,000065
treading 1,203973 0,000140
treads 2,659260 0,000310
treason 1,514128 0,000176
treasure 0,385662 0,000045
treasures 0,755023 0,000088
treat 0,287682 0,000033
treatment 0,127833 0,000015
tree 0,235722 0,000027
trees 0,127833 0,000015
tremble 0,713350 0,000083
trembled 0,462035 0,000054
trembles 1,514128 0,000176
trembling 0,287682 0,000033
tremulous 1,347074 0,000157
trenches 1,832581 0,000213
tresses 1,560648 0,000182
trial 0,314711 0,000037
triangle 1,560648 0,000182
tribe 0,941609 0,000110
tribes 1,108663 0,000129
trick 0,510826 0,000059
trickled 1,832581 0,000213
trickles 2,813411 0,000328
trilling 2,813411 0,000328
trinal 3,506558 0,000408
trine 3,218876 0,000375
tripartite 3,218876 0,000375
triple 1,714798 0,000200
tristan 2,995732 0,000349
triumph 0,274437 0,000032
triumphal 2,040221 0,000238
triumphant 0,798508 0,000093
triumphs 1,347074 0,000157
triunal 3,912023 0,000455
triune 3,506558 0,000408
trivia 3,912023 0,000455
trod 0,733969 0,000085
trodden 1,237874 0,000144
trojan 1,897120 0,000221
trojans 2,407946 0,000280
troop 1,078810 0,000126
troops 0,941609 0,000110
trophy 1,714798 0,000200
trotting 1,514128 0,000176
trouble 0,051293 0,000006
troubled 0,287682 0,000033
troubles 0,478036 0,000056
troy 1,609438 0,000187
truce 1,237874 0,000144
truck 1,609438 0,000187
true 0,020203 0,000002
trump 1,771957 0,000206
trumpet 0,916291 0,000107
trumpets 1,660731 0,000193
trunk 0,755023 0,000088
trust 0,116534 0,000014
trusted 0,544727 0,000063
trusting 0,867501 0,000101
trusty 1,514128 0,000176
truth 0,030459 0,000004
tu 1,609438 0,000187
tua 2,813411 0,000328
tube 1,386294 0,000161
tuft 1,771957 0,000206
tumbling 0,967584 0,000113
tumours 2,995732 0,000349
tumult 0,820981 0,000096
tumultuous 1,171183 0,000136
tun 2,407946 0,000280
tuneful 2,525729 0,000294
turbid 2,207275 0,000257
turf 1,347074 0,000157
turks 1,514128 0,000176
turret 1,966113 0,000229
turreted 3,218876 0,000375
turrets 2,407946 0,000280
tuscan 2,120264 0,000247
tuscany 2,302585 0,000268
tusk 2,659260 0,000310
tusks 2,207275 0,000257
tutor 1,171183 0,000136
tutoring 3,912023 0,000455
twain 1,660731 0,000193
tween 3,218876 0,000375
twentieth 1,108663 0,000129
twere 3,218876 0,000375
twig 1,660731 0,000193
twilight 0,733969 0,000085
twin 1,469676 0,000171
twinkling 1,021651 0,000119
twins 1,714798 0,000200
twirls 3,912023 0,000455
twisted 0,562119 0,000065
twisting 1,049822 0,000122
twitches 3,218876 0,000375
twixt 2,813411 0,000328
twofold 1,966113 0,000229
tydeus 2,813411 0,000328
types 0,385662 0,000045
typhon 2,995732 0,000349
tyrannous 2,995732 0,000349
tyranny 1,203973 0,000140
tyrant 0,891598 0,000104
tyrants 1,514128 0,000176
ugly 0,415515 0,000048
ulysses 1,832581 0,000213
umber 2,525729 0,000294
umbrage 2,995732 0,000349
umbrageous 3,218876 0,000375
umpire 2,659260 0,000310
unable 0,248461 0,000029
unaccomplishable 3,912023 0,000455
unalterable 1,309333 0,000152
unambiguous 3,506558 0,000408
unapt 3,912023 0,000455
unarm 3,218876 0,000375
unavailing 1,469676 0,000171
unawares 1,237874 0,000144
unbar 3,506558 0,000408
unbidden 2,407946 0,000280
unbind 2,813411 0,000328
unblushing 3,218876 0,000375
unbodied 3,218876 0,000375
unborn 2,040221 0,000238
unbosoms 3,506558 0,000408
unbounded 1,309333 0,000152
unbroken 0,733969 0,000085
uncapable 3,218876 0,000375
unceasing 1,609438 0,000187
unceasingly 1,609438 0,000187
uncertain 0,301105 0,000035
uncle 0,579818 0,000067
unclosed 2,407946 0,000280
unclosing 3,506558 0,000408
uncloud 3,506558 0,000408
unconditional 2,207275 0,000257
unconscious 0,400478 0,000047
unconstrued 3,912023 0,000455
uncontrollable 1,347074 0,000157
uncouth 1,347074 0,000157
uncrippled 3,912023 0,000455
unctuous 2,659260 0,000310
undaunted 1,771957 0,000206
undecaying 3,506558 0,000408
undeceive 2,040221 0,000238
undergo 1,139434 0,000133
understand 0,030459 0,000004
understanding 0,223144 0,000026
understood 0,061875 0,000007
undertook 1,203973 0,000140
undismay 3,506558 0,000408
undistinguish 3,506558 0,000408
undone 0,994252 0,000116
undulating 1,560648 0,000182
unearthly 1,560648 0,000182
unenforceability 0,562119 0,000065
unenvying 3,912023 0,000455
unequal 0,843970 0,000098
unerring 1,966113 0,000229
unescorted 3,218876 0,000375
unfathomable 1,771957 0,000206
unfelt 2,995732 0,000349
unfetter 3,912023 0,000455
unfinish 2,813411 0,000328
unfold 1,309333 0,000152
unfolded 1,237874 0,000144
unfolds 2,659260 0,000310
unfruitful 2,525729 0,000294
ungrateful 0,798508 0,000093
unholy 1,469676 0,000171
uniform 0,210721 0,000025
unimpeded 3,218876 0,000375
uninterrupted 1,309333 0,000152
union 0,510826 0,000059
unit 2,040221 0,000238
unite 1,078810 0,000126
united 0,094311 0,000011
unites 1,832581 0,000213
unity 1,108663 0,000129
universal 0,478036 0,000056
universe 0,733969 0,000085
unjust 0,693147 0,000081
unkindly 2,207275 0,000257
unknown 0,105361 0,000012
unlimited 1,078810 0,000126
unlink 0,562119 0,000065
unlock 1,966113 0,000229
unlocks 2,407946 0,000280
unloosen 3,912023 0,000455
unlustrous 3,912023 0,000455
unmanageable 2,407946 0,000280
unmans 3,218876 0,000375
unmantled 3,912023 0,000455
unmercifully 2,659260 0,000310
unmingled 2,813411 0,000328
unmix 3,218876 0,000375
unmoving 2,995732 0,000349
unnumber 3,218876 0,000375
unobservant 2,813411 0,000328
unobstructed 2,659260 0,000310
unpeopled 2,813411 0,000328
unpitying 2,813411 0,000328
unpleasant 0,562119 0,000065
unprotected 0,673345 0,000078
unravel 2,207275 0,000257
unreal 1,514128 0,000176
unripe 2,659260 0,000310
unsaid 2,207275 0,000257
unsanction 3,912023 0,000455
unsated 3,218876 0,000375
unseal 3,218876 0,000375
unseemly 1,560648 0,000182
unseen 0,616186 0,000072
unshaken 1,609438 0,000187
unsightly 2,525729 0,000294
unsolicited 0,510826 0,000059
unsought 2,525729 0,000294
unsound 2,207275 0,000257
unstaid 3,912023 0,000455
unsteady 1,469676 0,000171
unsubstantial 2,207275 0,000257
unswervingly 3,912023 0,000455
untied 1,609438 0,000187
untimely 1,347074 0,000157
untold 1,714798 0,000200
untoward 1,897120 0,000221
untried 1,966113 0,000229
untrod 3,218876 0,000375
untrodden 2,525729 0,000294
unusual 0,415515 0,000048
unutterable 1,203973 0,000140
unveil 2,207275 0,000257
unwares 3,506558 0,000408
unwarp 3,912023 0,000455
unwearied 1,714798 0,000200
unweeting 3,506558 0,000408
unwelcome 1,469676 0,000171
unwet 3,912023 0,000455
unwillingly 1,171183 0,000136
unwise 1,469676 0,000171
unwonted 1,309333 0,000152
unwound 2,120264 0,000247
unyielding 2,525729 0,000294
updated 0,510826 0,000059
upheld 1,560648 0,000182
upholds 2,995732 0,000349
uplifted 1,560648 0,000182
uplifting 3,506558 0,000408
upper 0,314711 0,000037
uppermost 1,237874 0,000144
upraise 3,218876 0,000375
uprearing 3,912023 0,000455
upright 0,328504 0,000038
uprisen 3,218876 0,000375
uprising 2,207275 0,000257
uprose 2,525729 0,000294
upsoaring 3,912023 0,000455
upsprang 3,912023 0,000455
upstart 2,407946 0,000280
upsteam 3,912023 0,000455
upturn 3,506558 0,000408
upward 0,579818 0,000067
urania 3,218876 0,000375
urban 2,659260 0,000310
urge 0,967584 0,000113
urgent 0,798508 0,000093
urges 1,609438 0,000187
urging 0,967584 0,000113
urn 1,832581 0,000213
usage 0,891598 0,000104
user 0,562119 0,000065
usher 1,660731 0,000193
usurer 2,302585 0,000268
usurping 2,407946 0,000280
usurps 3,912023 0,000455
usury 2,207275 0,000257
ut 0,510826 0,000059
utmost 0,356675 0,000042
utter 0,248461 0,000029
utterance 0,941609 0,000110
uttered 0,430783 0,000050
uttering 0,994252 0,000116
vacancy 1,347074 0,000157
vacant 0,693147 0,000081
vacuity 3,218876 0,000375
vain 0,116534 0,000014
vainer 3,218876 0,000375
vainly 0,634878 0,000074
vale 1,347074 0,000157
valiant 1,309333 0,000152
valley 0,616186 0,000072
valleys 1,108663 0,000129
valorous 2,525729 0,000294
valour 1,560648 0,000182
van 1,078810 0,000126
vanilla 0,544727 0,000063
vanish 0,967584 0,000113
vanishes 1,660731 0,000193
vanishing 1,427116 0,000166
vanity 0,415515 0,000048
vanquish 2,120264 0,000247
vanquishes 3,218876 0,000375
vanquishing 2,659260 0,000310
vantage 2,120264 0,000247
vantages 3,912023 0,000455
vapour 1,514128 0,000176
vapours 1,897120 0,000221
var 3,218876 0,000375
variable 1,897120 0,000221
variance 1,560648 0,000182
variegated 1,897120 0,000221
varies 1,832581 0,000213
variety 0,162519 0,000019
variously 1,427116 0,000166
varying 0,755023 0,000088
vase 1,560648 0,000182
vast 0,223144 0,000026
vatican 2,659260 0,000310
vault 1,237874 0,000144
vaulted 1,469676 0,000171
vaulting 2,813411 0,000328
vaults 1,560648 0,000182
vaunt 2,120264 0,000247
vaward 3,912023 0,000455
veer 2,659260 0,000310
vegetable 1,237874 0,000144
vehemence 1,108663 0,000129
vehement 1,427116 0,000166
veil 0,544727 0,000063
veils 1,714798 0,000200
vein 1,078810 0,000126
veins 0,544727 0,000063
velour 3,506558 0,000408
venerable 0,843970 0,000098
venetians 2,659260 0,000310
vengeance 0,579818 0,000067
vengeful 2,302585 0,000268
venice 1,427116 0,000166
venom 1,714798 0,000200
venomous 1,966113 0,000229
vent 0,916291 0,000107
ventilate 3,218876 0,000375
ventricle 3,912023 0,000455
vents 2,659260 0,000310
venture 0,342490 0,000040
ventures 1,660731 0,000193
venus 1,237874 0,000144
verb 1,897120 0,000221
verdant 1,897120 0,000221
verde 2,995732 0,000349
verdure 1,469676 0,000171
verdurous 3,506558 0,000408
verge 0,967584 0,000113
verily 1,139434 0,000133
vermeil 3,506558 0,000408
vermilion 2,040221 0,000238
vernal 2,659260 0,000310
verona 2,659260 0,000310
veronese 2,813411 0,000328
veronica 2,995732 0,000349
vers 2,525729 0,000294
versatile 3,218876 0,000375
verse 0,653926 0,000076
version 0,385662 0,000045
vesper 2,525729 0,000294
vespertine 3,912023 0,000455
vessel 0,510826 0,000059
vessels 0,713350 0,000083
vest 1,609438 0,000187
vested 1,966113 0,000229
vestige 1,386294 0,000161
vestment 2,813411 0,000328
vests 2,525729 0,000294
vesture 2,525729 0,000294
vex 1,427116 0,000166
viand 3,506558 0,000408
viands 1,771957 0,000206
vibrate 2,207275 0,000257
vibrates 2,659260 0,000310
vibrating 1,897120 0,000221
vicar 1,832581 0,000213
vicars 2,995732 0,000349
vice 0,527633 0,000061
vicegerent 3,218876 0,000375
vices 0,867501 0,000101
vicinage 3,506558 0,000408
vicious 0,653926 0,000076
vicissitude 2,525729 0,000294
victim 0,462035 0,000054
victor 1,049822 0,000122
victorious 1,108663 0,000129
victory 0,371064 0,000043
vied 1,966113 0,000229
view 0,105361 0,000012
viewed 0,261365 0,000030
viewing 0,415515 0,000048
views 0,562119 0,000065
vigilant 1,560648 0,000182
vigils 2,525729 0,000294
vigorous 0,544727 0,000063
vigour 0,843970 0,000098
vii 0,430783 0,000050
viii 0,446287 0,000052
vile 0,693147 0,000081
vilely 2,120264 0,000247
village 0,356675 0,000042
villager 2,659260 0,000310
vine 1,049822 0,000122
vinegar 1,078810 0,000126
vineyard 1,714798 0,000200
vineyards 1,560648 0,000182
violates 0,527633 0,000061
violence 0,248461 0,000029
violent 0,223144 0,000026
violet 1,427116 0,000166
viper 2,120264 0,000247
virgil 1,609438 0,000187
virgin 0,755023 0,000088
virgins 1,897120 0,000221
virtually 1,897120 0,000221
virtue 0,328504 0,000038
virtues 0,597837 0,000070
virtuous 0,653926 0,000076
virus 0,527633 0,000061
visage 1,272966 0,000148
visages 2,995732 0,000349
visible 0,235722 0,000027
visibly 0,916291 0,000107
vision 0,371064 0,000043
visit 0,061875 0,000007
visitants 3,218876 0,000375
visitation 1,771957 0,000206
visited 0,328504 0,000038
visiting 0,713350 0,000083
visits 0,544727 0,000063
visive 3,912023 0,000455
visual 2,407946 0,000280
vital 0,693147 0,000081
vitiate 3,218876 0,000375
vivifies 3,912023 0,000455
vizards 3,912023 0,000455
vizors 3,912023 0,000455
vocal 1,469676 0,000171
voice 0,020203 0,000002
voices 0,287682 0,000033
void 0,274437 0,000032
volition 1,771957 0,000206
volley 1,560648 0,000182
voluble 2,407946 0,000280
volume 0,494296 0,000058
volumes 0,755023 0,000088
volunteer 0,478036 0,000056
volunteers 0,430783 0,000050
vouchsafe 1,771957 0,000206
vouchsafed 1,660731 0,000193
vouchsafes 3,218876 0,000375
vow 1,078810 0,000126
vows 1,237874 0,000144
voyage 0,653926 0,000076
voyaging 2,525729 0,000294
vulgar 0,634878 0,000074
wade 1,966113 0,000229
wading 1,469676 0,000171
wafted 1,771957 0,000206
wafting 2,659260 0,000310
wafts 2,813411 0,000328
wag 1,771957 0,000206
wages 0,916291 0,000107
wagging 2,120264 0,000247
waging 2,525729 0,000294
wail 1,309333 0,000152
wailing 1,203973 0,000140
wails 2,525729 0,000294
wain 2,207275 0,000257
wait 0,094311 0,000011
waited 0,198451 0,000023
waiting 0,083382 0,000010
waits 1,139434 0,000133
wake 0,462035 0,000054
wakeful 1,832581 0,000213
waken 1,714798 0,000200
wakening 2,813411 0,000328
wakens 2,525729 0,000294
waking 0,562119 0,000065
walk 0,105361 0,000012
walking 0,083382 0,000010
walks 0,162519 0,000019
wall 0,198451 0,000023
wallow 2,302585 0,000268
walls 0,139262 0,000016
wan 1,427116 0,000166
wand 1,832581 0,000213
wander 0,579818 0,000067
wanderers 2,040221 0,000238
wanders 1,897120 0,000221
wane 1,714798 0,000200
waning 1,347074 0,000157
wanton 1,049822 0,000122
wantonness 1,514128 0,000176
wantons 3,506558 0,000408
war 0,162519 0,000019
warbled 2,407946 0,000280
warbling 2,407946 0,000280
ward 0,916291 0,000107
wards 1,714798 0,000200
ware 1,660731 0,000193
warfare 1,272966 0,000148
warier 3,506558 0,000408
warm 0,139262 0,000016
warmer 0,994252 0,000116
warms 2,040221 0,000238
warmth 0,579818 0,000067
warn 0,579818 0,000067
warning 0,248461 0,000029
warp 1,966113 0,000229
warping 2,813411 0,000328
warrant 0,713350 0,000083
warrantable 3,912023 0,000455
warranties 0,562119 0,000065
warranty 0,544727 0,000063
warring 1,832581 0,000213
warrior 1,427116 0,000166
wary 1,203973 0,000140
wash 0,478036 0,000056
wasp 2,407946 0,000280
wasps 2,407946 0,000280
wast 2,120264 0,000247
waste 0,186330 0,000022
wasted 0,400478 0,000047
wastes 1,897120 0,000221
wasting 0,673345 0,000078
watch 0,094311 0,000011
watches 0,798508 0,000093
watching 0,210721 0,000025
water 0,051293 0,000006
waters 0,356675 0,000042
watery 1,272966 0,000148
wave 0,527633 0,000061
wavering 1,078810 0,000126
waves 0,478036 0,000056
waving 0,653926 0,000076
wavy 2,120264 0,000247
wax 0,597837 0,000070
waxing 2,120264 0,000247
wayward 1,897120 0,000221
weak 0,116534 0,000014
weaker 0,634878 0,000074
weakness 0,261365 0,000030
weal 1,771957 0,000206
wealth 0,287682 0,000033
wealthy 0,673345 0,000078
weapon 0,634878 0,000074
weapons 0,693147 0,000081
wear 0,274437 0,000032
wearied 0,820981 0,000096
weariness 0,755023 0,000088
wearisome 1,139434 0,000133
wears 0,891598 0,000104
weary 0,198451 0,000023
weave 1,660731 0,000193
weaves 2,995732 0,000349
weaving 1,469676 0,000171
wedding 0,776529 0,000090
wedlock 1,897120 0,000221
weeds 1,021651 0,000119
ween 2,995732 0,000349
weep 0,755023 0,000088
weeping 0,544727 0,000063
weeps 1,771957 0,000206
weetless 3,912023 0,000455
weets 3,912023 0,000455
weigh 0,579818 0,000067
weighs 1,272966 0,000148
weight 0,116534 0,000014
weights 1,469676 0,000171
weighty 1,347074 0,000157
welfare 0,916291 0,000107
welkin 2,995732 0,000349
wend 3,506558 0,000408
wends 3,506558 0,000408
wept 0,597837 0,000070
wert 2,525729 0,000294
west 0,083382 0,000010
western 0,616186 0,000072
whale 1,897120 0,000221
whatsoever 0,287682 0,000033
wheel 0,446287 0,000052
wheeling 1,514128 0,000176
wheels 0,616186 0,000072
whelm 2,995732 0,000349
whelming 2,995732 0,000349
whelps 2,302585 0,000268
whenas 3,506558 0,000408
whereabout 2,813411 0,000328
whereat 1,560648 0,000182
wherefore 1,139434 0,000133
whereof 1,237874 0,000144
whereon 1,309333 0,000152
wheresoever 2,207275 0,000257
whereto 2,525729 0,000294
whereunto 2,525729 0,000294
wherewith 1,514128 0,000176
whilom 3,506558 0,000408
whirl 1,078810 0,000126
whirling 0,843970 0,000098
whirls 2,040221 0,000238
whirlwind 1,609438 0,000187
whisper 0,446287 0,000052
whispers 1,049822 0,000122
whistle 0,843970 0,000098
whit 1,171183 0,000136
white 0,051293 0,000006
whitely 3,506558 0,000408
whiten 2,525729 0,000294
whiteness 1,139434 0,000133
whiter 1,560648 0,000182
wholly 0,400478 0,000047
whore 2,813411 0,000328
whoredom 3,218876 0,000375
whoso 2,207275 0,000257
whosoever 1,714798 0,000200
wicked 0,356675 0,000042
wide 0,061875 0,000007
widen 2,040221 0,000238
wider 0,755023 0,000088
widespread 0,916291 0,000107
widest 0,446287 0,000052
widow 0,579818 0,000067
wielded 1,966113 0,000229
wife 0,094311 0,000011
wight 2,659260 0,000310
wild 0,051293 0,000006
wilder 1,966113 0,000229
wilderness 0,693147 0,000081
wilding 3,912023 0,000455
wildly 0,776529 0,000090
wildness 1,514128 0,000176
wilds 2,040221 0,000238
wile 2,659260 0,000310
wiles 1,771957 0,000206
william 0,798508 0,000093
willingly 0,527633 0,000061
wills 2,995732 0,000349
wilt 2,040221 0,000238
wimple 3,506558 0,000408
wimpled 3,506558 0,000408
win 0,462035 0,000054
wince 2,120264 0,000247
wind 0,105361 0,000012
winding 0,634878 0,000074
windmill 2,407946 0,000280
winds 0,494296 0,000058
wine 0,248461 0,000029
wing 0,562119 0,000065
winged 1,272966 0,000148
winging 2,995732 0,000349
wings 0,430783 0,000050
wink 1,078810 0,000126
winks 2,659260 0,000310
winnow 3,218876 0,000375
winnowing 2,813411 0,000328
wins 1,514128 0,000176
winter 0,198451 0,000023
winters 1,514128 0,000176
wintry 1,386294 0,000161
wipe 0,776529 0,000090
wire 1,049822 0,000122
wisdom 0,287682 0,000033
wise 0,105361 0,000012
wisely 0,653926 0,000076
wiser 0,597837 0,000070
wisest 0,733969 0,000085
wist 2,995732 0,000349
wistfully 1,832581 0,000213
wit 0,328504 0,000038
witch 1,514128 0,000176
witchcraft 1,714798 0,000200
witcheries 3,218876 0,000375
witching 3,218876 0,000375
withal 1,347074 0,000157
withdrawn 0,616186 0,000072
withdrew 0,510826 0,000059
wither 1,897120 0,000221
withers 2,407946 0,000280
withheld 1,108663 0,000129
withholds 2,995732 0,000349
withstood 1,560648 0,000182
witless 3,218876 0,000375
witness 0,198451 0,000023
woe 0,755023 0,000088
woeful 2,302585 0,000268
woefully 2,813411 0,000328
woes 1,272966 0,000148
wolf 0,867501 0,000101
wolves 1,049822 0,000122
woman 0,061875 0,000007
womb 1,272966 0,000148
women 0,094311 0,000011
wonderful 0,162519 0,000019
wondrous 1,203973 0,000140
wondrously 2,207275 0,000257
wonted 1,832581 0,000213
woo 2,120264 0,000247
wood 0,116534 0,000014
woods 0,430783 0,000050
woody 1,832581 0,000213
woos 3,506558 0,000408
word 0,020203 0,000002
wore 0,274437 0,000032
workman 1,078810 0,000126
worldly 0,820981 0,000096
worm 0,843970 0,000098
worms 1,078810 0,000126
wormwood 1,966113 0,000229
worn 0,223144 0,000026
worried 0,867501 0,000101
worry 0,820981 0,000096
worse 0,083382 0,000010
worship 0,544727 0,000063
worships 2,120264 0,000247
worst 0,186330 0,000022
worth 0,061875 0,000007
worthier 1,966113 0,000229
worthies 2,207275 0,000257
worthiest 2,207275 0,000257
worthily 1,897120 0,000221
worthless 0,843970 0,000098
worthy 0,186330 0,000022
wot 2,040221 0,000238
wouldst 1,832581 0,000213
wound 0,274437 0,000032
wounded 0,274437 0,000032
wounds 0,562119 0,000065
wove 2,120264 0,000247
woven 1,108663 0,000129
wrangling 2,207275 0,000257
wraps 2,302585 0,000268
wrapt 1,714798 0,000200
wrath 0,634878 0,000074
wrathful 2,120264 0,000247
wreak 2,302585 0,000268
wreakful 3,912023 0,000455
wreath 1,272966 0,000148
wreathed 2,120264 0,000247
wrench 1,514128 0,000176
wrest 1,832581 0,000213
wrestler 2,407946 0,000280
wretch 0,733969 0,000085
wretched 0,328504 0,000038
wretches 1,237874 0,000144
wring 1,427116 0,000166
wrings 2,813411 0,000328
writ 1,427116 0,000166
write 0,150823 0,000018
writer 0,415515 0,000048
writes 0,597837 0,000070
writh 3,506558 0,000408
writhe 2,040221 0,000238
writhen 3,912023 0,000455
writhing 1,203973 0,000140
writing 0,061875 0,000007
written 0,051293 0,000006
wrong 0,083382 0,000010
wrongfully 2,407946 0,000280
wrongfulness 3,912023 0,000455
wrongs 1,078810 0,000126
wrote 0,150823 0,000018
wrung 1,021651 0,000119
xi 0,597837 0,000070
xii 0,579818 0,000067
xiii 0,673345 0,000078
xiv 0,693147 0,000081
xix 0,867501 0,000101
xvi 0,776529 0,000090
xvii 0,843970 0,000098
xviii 0,891598 0,000104
xx 0,916291 0,000107
xxi 0,867501 0,000101
xxii 0,967584 0,000113
xxiii 0,967584 0,000113
xxiv 0,994252 0,000116
xxv 1,108663 0,000129
xxx 1,272966 0,000148
yards 0,400478 0,000047
yarn 1,714798 0,000200
yawn 1,309333 0,000152
yawns 2,120264 0,000247
yclept 3,506558 0,000408
yea 1,897120 0,000221
yearn 2,207275 0,000257
yearned 1,966113 0,000229
yelling 1,514128 0,000176
yellow 0,328504 0,000038
yester 2,995732 0,000349
yesterday 0,301105 0,000035
yesternight 2,525729 0,000294
yield 0,342490 0,000040
yielding 0,653926 0,000076
yields 1,469676 0,000171
yok 3,912023 0,000455
yoke 1,049822 0,000122
yoked 2,302585 0,000268
yon 2,120264 0,000247
yonder 0,843970 0,000098
yore 1,897120 0,000221
youth 0,150823 0,000018
youthful 0,673345 0,000078
zeal 0,579818 0,000067
zealous 1,049822 0,000122
zealously 2,120264 0,000247
zenith 1,469676 0,000171
zodiac 2,525729 0,000294
zone 1,771957 0,000206
