abandon 0,544727 0,000058
abatement 2,120264 0,000225
abbreviation 2,407946 0,000256
abed 2,207275 0,000235
aberdeen 2,995732 0,000319
abide 0,287682 0,000031
abiding 1,309333 0,000139
abject 1,049822 0,000112
ablest 2,120264 0,000225
abode 0,616186 0,000066
abolishing 2,302585 0,000245
abomination 1,966113 0,000209
aborted 3,912023 0,000416
abrupt 0,994252 0,000106
absalom 2,407946 0,000256
absconded 3,218876 0,000342
absence 0,274437 0,000029
absolute 0,400478 0,000043
absolutely 0,287682 0,000031
absorb 1,514128 0,000161
abstract 1,049822 0,000112
absurd 0,430783 0,000046
absurdity 1,203973 0,000128
abundant 0,867501 0,000092
abundantly 1,272966 0,000135
abune 3,912023 0,000416
abuse 0,673345 0,000072
abused 0,843970 0,000090
academic 1,897120 0,000202
academically 3,912023 0,000416
academy 1,347074 0,000143
accent 0,843970 0,000090
accept 0,094311 0,000010
acceptable 0,967584 0,000103
acceptably 3,218876 0,000342
acceptance 0,967584 0,000103
acceptation 2,302585 0,000245
accepted 0,139262 0,000015
accepting 0,287682 0,000031
accepts 1,514128 0,000161
access 0,314711 0,000033
accessed 0,562119 0,000060
accessible 0,446287 0,000047
accident 0,371064 0,000039
accidents 0,820981 0,000087
accommodation 1,237874 0,000132
accompanied 0,223144 0,000024
accomplished 0,385662 0,000041
accomplishments 1,660731 0,000177
accordant 2,995732 0,000319
account 0,010050 0,000001
accounts 0,597837 0,000064
accurate 0,941609 0,000100
accused 0,616186 0,000066
accusing 1,347074 0,000143
accustomed 0,287682 0,000031
aches 1,966113 0,000209
aching 1,309333 0,000139
achingly 3,912023 0,000416
acidulated 3,506558 0,000373
acknowledge 0,527633 0,000056
aconite 3,912023 0,000416
acorn 2,525729 0,000269
acquaintance 0,301105 0,000032
acquainted 0,385662 0,000041
acquire 0,776529 0,000083
acquired 0,462035 0,000049
acquirements 1,897120 0,000202
acquiring 1,203973 0,000128
acquisition 1,309333 0,000139
acquit 1,514128 0,000161
action 0,139262 0,000015
actions 0,356675 0,000038
active 0,127833 0,000014
actively 1,560648 0,000166
activities 1,771957 0,000188
activity 0,446287 0,000047
acton 3,506558 0,000373
actor 0,941609 0,000100
acts 1,966113 0,000209
actual 0,174353 0,000019
acute 0,733969 0,000078
adam 0,941609 0,000100
add 0,198451 0,000021
adding 0,510826 0,000054
addition 0,116534 0,000012
additional 0,198451 0,000021
additions 0,371064 0,000039
address 0,116534 0,000012
addressed 0,274437 0,000029
addresses 0,385662 0,000041
adds 0,798508 0,000085
adequate 1,309333 0,000139
adequately 2,120264 0,000225
adherence 2,040221 0,000217
adieu 1,237874 0,000132
adjacent 1,469676 0,000156
adjective 2,207275 0,000235
administer 1,771957 0,000188
administered 1,139434 0,000121
admirable 0,527633 0,000056
admirably 1,203973 0,000128
admiral 1,386294 0,000147
admirals 2,525729 0,000269
admiration 0,342490 0,000036
admire 0,527633 0,000056
admired 0,579818 0,000062
admirer 1,347074 0,000143
admiring 0,776529 0,000083
admit 0,235722 0,000025
admits 1,021651 0,000109
admitted 0,301105 0,000032
admitting 1,078810 0,000115
adopt 0,733969 0,000078
adorable 2,040221 0,000217
adorably 3,912023 0,000416
adore 1,469676 0,000156
adored 1,139434 0,000121
adorn 1,347074 0,000143
adroit 2,120264 0,000225
adulterous 2,525729 0,000269
adumbrated 3,912023 0,000416
advance 0,223144 0,000024
advanced 0,274437 0,000029
advantage 0,139262 0,000015
advantageous 1,237874 0,000132
advantages 0,579818 0,000062
adventure 0,510826 0,000054
adventurer 1,832581 0,000195
adventurers 1,560648 0,000166
adventures 0,562119 0,000060
advertised 1,609438 0,000171
advertisement 1,660731 0,000177
advertisements 2,207275 0,000235
advice 0,186330 0,000020
advise 0,462035 0,000049
advised 0,616186 0,000066
adviser 1,966113 0,000209
advising 1,237874 0,000132
advocate 1,139434 0,000121
advocates 1,660731 0,000177
aerial 2,207275 0,000235
afar 0,994252 0,000106
affair 0,301105 0,000032
affairs 0,235722 0,000025
affect 0,478036 0,000051
affectation 1,108663 0,000118
affection 0,235722 0,000025
affectionate 0,616186 0,000066
affectionately 1,237874 0,000132
affections 0,798508 0,000085
affirmation 2,302585 0,000245
affirmations 2,813411 0,000299
affirmative 1,203973 0,000128
afford 0,301105 0,000032
afforded 0,616186 0,000066
afield 2,525729 0,000269
afloat 1,966113 0,000209
afore 1,609438 0,000171
aforesaid 1,469676 0,000156
afraid 0,105361 0,000011
afresh 1,021651 0,000109
africa 0,967584 0,000103
aft 1,771957 0,000188
afternoon 0,287682 0,000031
afternoons 1,771957 0,000188
agamemnon 2,302585 0,000245
age 0,051293 0,000005
aged 0,198451 0,000021
agent 0,274437 0,000029
ages 0,261365 0,000028
aggrandisement 3,912023 0,000416
aggressor 2,525729 0,000269
aghast 1,272966 0,000135
agile 1,427116 0,000152
agit 3,218876 0,000342
agitations 2,659260 0,000283
agony 0,544727 0,000058
agree 0,116534 0,000012
agreeable 0,462035 0,000049
agreeably 1,171183 0,000125
agreed 0,116534 0,000012
agreement 0,210721 0,000022
agrees 1,427116 0,000152
ague 1,660731 0,000177
ahint 3,506558 0,000373
aid 0,287682 0,000031
aided 0,916291 0,000097
ailing 1,832581 0,000195
ailments 2,407946 0,000256
ails 1,660731 0,000177
aim 0,462035 0,000049
aims 1,171183 0,000125
ain 2,525729 0,000269
air 0,061875 0,000007
airily 2,120264 0,000225
airs 1,078810 0,000115
airy 1,237874 0,000132
ak 1,347074 0,000143
alabama 2,525729 0,000269
alan 2,659260 0,000283
alane 3,912023 0,000416
alarm 0,356675 0,000038
alarmed 0,478036 0,000051
alarming 0,867501 0,000092
alarms 1,771957 0,000188
alas 0,462035 0,000049
alaska 2,813411 0,000299
album 2,207275 0,000235
alehouse 2,995732 0,000319
alert 0,843970 0,000090
alexander 1,108663 0,000118
alfred 1,897120 0,000202
alia 3,506558 0,000373
alias 2,207275 0,000235
alienation 2,659260 0,000283
alight 1,386294 0,000147
alike 0,287682 0,000031
alison 3,912023 0,000416
alive 0,051293 0,000005
alkali 2,525729 0,000269
allan 2,813411 0,000299
allegorical 1,966113 0,000209
alley 1,272966 0,000135
allotted 1,139434 0,000121
allowance 0,776529 0,000083
alluded 1,139434 0,000121
allured 1,771957 0,000188
allusion 0,843970 0,000090
allusions 1,427116 0,000152
ally 1,078810 0,000115
almighty 1,108663 0,000118
aloes 2,813411 0,000299
aloud 0,301105 0,000032
alpine 2,120264 0,000225
alps 1,560648 0,000166
altar 0,820981 0,000087
alteration 0,314711 0,000033
altered 0,510826 0,000054
alternate 0,328504 0,000035
alternating 2,120264 0,000225
alternation 2,525729 0,000269
altitudes 3,218876 0,000342
alto 2,813411 0,000299
altogether 0,198451 0,000021
amassed 1,966113 0,000209
amateur 1,386294 0,000147
ambiguous 1,771957 0,000188
ambitions 1,609438 0,000171
ambitious 0,891598 0,000095
amelia 2,659260 0,000283
amen 1,237874 0,000132
amenities 2,525729 0,000269
america 0,579818 0,000062
american 0,733969 0,000078
americans 1,237874 0,000132
amiable 0,755023 0,000080
amicus 3,912023 0,000416
amiss 0,820981 0,000087
ample 0,527633 0,000056
amply 0,967584 0,000103
amuse 0,798508 0,000085
amused 0,562119 0,000060
amusement 0,544727 0,000058
amusements 1,139434 0,000121
amusing 0,693147 0,000074
analyse 1,832581 0,000195
analytic 2,995732 0,000319
ancestors 0,527633 0,000056
anchor 0,867501 0,000092
anchored 1,560648 0,000166
anchors 2,040221 0,000217
ancient 0,198451 0,000021
ancientest 3,506558 0,000373
andrew 1,469676 0,000156
ane 3,912023 0,000416
anecdote 1,660731 0,000177
anecdotes 1,427116 0,000152
angel 0,579818 0,000062
angelic 1,514128 0,000161
angelo 2,302585 0,000245
angels 0,776529 0,000083
anger 0,328504 0,000035
angle 0,733969 0,000078
anglo 2,302585 0,000245
angora 3,506558 0,000373
angry 0,174353 0,000019
animal 0,261365 0,000028
animated 0,755023 0,000080
animation 1,171183 0,000125
ankle 1,171183 0,000125
ankles 1,347074 0,000143
annals 1,660731 0,000177
anne 1,560648 0,000166
annexed 1,469676 0,000156
announcement 1,139434 0,000121
annoyance 1,049822 0,000112
annoyed 0,733969 0,000078
annoying 1,469676 0,000156
annual 1,171183 0,000125
annually 1,771957 0,000188
annum 2,040221 0,000217
anon 1,272966 0,000135
answer 0,040822 0,000004
answered 0,072571 0,000008
answering 0,510826 0,000054
anthony 2,040221 0,000217
anticipated 0,755023 0,000080
anticipation 0,843970 0,000090
antidote 1,832581 0,000195
antinomies 3,506558 0,000373
antiphonies 3,912023 0,000416
antiquary 2,995732 0,000319
antiquity 1,078810 0,000115
antiseptic 3,506558 0,000373
ants 1,660731 0,000177
antwerp 2,207275 0,000235
anvil 2,302585 0,000245
anxieties 1,203973 0,000128
anxiety 0,287682 0,000031
anxious 0,261365 0,000028
ape 1,514128 0,000161
aphasia 3,912023 0,000416
aphorism 2,995732 0,000319
apollo 1,660731 0,000177
apologise 2,120264 0,000225
apology 0,713350 0,000076
apostle 1,832581 0,000195
apostolic 2,659260 0,000283
apostrophe 2,302585 0,000245
apotheosis 2,407946 0,000256
apparent 0,314711 0,000033
apparition 0,994252 0,000106
appeal 0,342490 0,000036
appealingly 2,525729 0,000269
appeals 0,916291 0,000097
appearance 0,083382 0,000009
appetite 0,371064 0,000039
applauded 1,427116 0,000152
apple 0,616186 0,000066
apples 0,916291 0,000097
applicable 0,400478 0,000043
application 0,733969 0,000078
applied 0,287682 0,000031
apply 0,162519 0,000017
appoint 1,347074 0,000143
appointment 0,693147 0,000074
apposite 3,506558 0,000373
apprehended 1,272966 0,000135
apprehension 0,616186 0,000066
approach 0,083382 0,000009
approaches 0,867501 0,000092
approaching 0,235722 0,000025
appropriateness 2,995732 0,000319
approval 0,798508 0,000085
approved 0,693147 0,000074
approves 1,966113 0,000209
april 0,798508 0,000085
apt 0,579818 0,000062
aptly 2,040221 0,000217
arab 1,514128 0,000161
arabian 1,309333 0,000139
arabians 2,659260 0,000283
arabs 1,714798 0,000182
arbiter 2,302585 0,000245
arbour 2,207275 0,000235
arbours 3,218876 0,000342
arc 1,832581 0,000195
arcadia 2,813411 0,000299
arcadian 2,813411 0,000299
arcady 3,506558 0,000373
archangel 2,040221 0,000217
archer 1,897120 0,000202
arches 1,427116 0,000152
architect 1,309333 0,000139
architecture 1,108663 0,000118
archive 0,544727 0,000058
archway 2,302585 0,000245
ardent 0,941609 0,000100
ardour 1,272966 0,000135
argue 0,597837 0,000064
argued 0,798508 0,000085
argues 1,714798 0,000182
argument 0,371064 0,000039
arguments 0,562119 0,000060
aria 2,813411 0,000299
arid 1,966113 0,000209
ariel 2,813411 0,000299
aright 1,078810 0,000115
aristo 3,912023 0,000416
arizona 2,813411 0,000299
arm 0,094311 0,000010
armada 2,302585 0,000245
armed 0,385662 0,000041
armour 1,514128 0,000161
arms 0,051293 0,000005
arnold 2,302585 0,000245
aroma 2,525729 0,000269
aromatic 1,771957 0,000188
arrange 0,579818 0,000062
arranged 0,328504 0,000035
arrangement 0,462035 0,000049
arrangements 0,634878 0,000068
arranging 0,820981 0,000087
arrant 2,407946 0,000256
array 0,314711 0,000033
arrival 0,356675 0,000038
arrive 0,314711 0,000033
arrived 0,150823 0,000016
arriving 0,634878 0,000068
arrogate 2,407946 0,000256
arrow 0,653926 0,000070
arrows 1,021651 0,000109
art 0,139262 0,000015
artful 1,171183 0,000125
arthur 1,660731 0,000177
article 0,673345 0,000072
articles 0,527633 0,000056
articulated 2,207275 0,000235
artifice 1,514128 0,000161
artificial 0,616186 0,000066
artillery 1,386294 0,000147
artisan 2,120264 0,000225
artist 0,634878 0,000068
artistic 1,049822 0,000112
artistically 2,207275 0,000235
artists 1,139434 0,000121
arts 0,597837 0,000064
ascii 0,562119 0,000060
ashamed 0,248461 0,000026
asher 3,218876 0,000342
ashore 1,139434 0,000121
asleep 0,162519 0,000017
aspect 0,462035 0,000049
aspects 1,514128 0,000161
aspiration 2,120264 0,000225
aspirations 1,108663 0,000118
aspires 1,966113 0,000209
ass 0,941609 0,000100
assault 0,916291 0,000097
assert 0,820981 0,000087
assistance 0,105361 0,000011
assistant 0,994252 0,000106
association 1,203973 0,000128
assorted 2,207275 0,000235
assortment 1,714798 0,000182
assurance 0,430783 0,000046
assure 0,385662 0,000041
assuredly 0,967584 0,000103
astonished 0,301105 0,000032
astonishing 0,653926 0,000070
astonishment 0,301105 0,000032
astounding 1,660731 0,000177
ate 0,415515 0,000044
atheist 1,966113 0,000209
athwart 1,560648 0,000166
atlantic 1,171183 0,000125
atmosphere 0,579818 0,000062
atrabilious 3,218876 0,000342
atrocious 1,427116 0,000152
attach 0,967584 0,000103
attached 0,127833 0,000014
attaching 1,514128 0,000161
attachment 0,941609 0,000100
attack 0,301105 0,000032
attacked 0,462035 0,000049
attacking 1,203973 0,000128
attacks 0,867501 0,000092
attain 0,616186 0,000066
attains 1,966113 0,000209
attempt 0,083382 0,000009
attempted 0,356675 0,000038
attempts 0,478036 0,000051
attend 0,301105 0,000032
attended 0,342490 0,000036
attends 1,560648 0,000166
attention 0,083382 0,000009
attentions 1,049822 0,000112
attentive 0,713350 0,000076
attenuated 2,407946 0,000256
attests 2,995732 0,000319
attic 1,309333 0,000139
attired 1,427116 0,000152
attitude 0,478036 0,000051
attitudes 1,771957 0,000188
attorney 1,609438 0,000171
attracted 0,356675 0,000038
attraction 0,798508 0,000085
attractively 3,218876 0,000342
attracts 1,514128 0,000161
attribute 1,078810 0,000115
attributed 0,867501 0,000092
audible 0,916291 0,000097
audience 0,733969 0,000078
aught 0,891598 0,000095
augment 1,714798 0,000182
augured 3,218876 0,000342
august 0,616186 0,000066
augustin 2,659260 0,000283
augustine 1,966113 0,000209
auld 3,218876 0,000342
aunt 0,843970 0,000090
aurore 3,912023 0,000416
austere 1,171183 0,000125
austerity 2,120264 0,000225
austin 2,207275 0,000235
autem 3,218876 0,000342
author 0,116534 0,000012
authorising 3,912023 0,000416
authorities 0,843970 0,000090
authority 0,261365 0,000028
authors 0,941609 0,000100
authorship 2,302585 0,000245
autobiographical 3,218876 0,000342
autobiography 2,407946 0,000256
automatically 2,659260 0,000283
autumn 0,653926 0,000070
autumnal 1,966113 0,000209
ava 2,995732 0,000319
avail 0,544727 0,000058
avails 2,207275 0,000235
avast 2,995732 0,000319
avatars 3,506558 0,000373
avenues 1,427116 0,000152
average 0,820981 0,000087
aversion 0,941609 0,000100
aviary 3,218876 0,000342
avocation 2,995732 0,000319
avoid 0,174353 0,000019
avowed 1,386294 0,000147
awa 3,912023 0,000416
await 0,776529 0,000083
awaits 1,237874 0,000132
awake 0,356675 0,000038
awaken 0,891598 0,000095
awakened 0,673345 0,000072
awakening 1,108663 0,000118
aware 0,223144 0,000024
awful 0,328504 0,000035
awhile 0,967584 0,000103
awkward 0,544727 0,000058
awoke 0,446287 0,000047
axe 1,049822 0,000112
axles 2,659260 0,000283
ay 1,108663 0,000118
aye 1,347074 0,000143
ayont 3,912023 0,000416
babble 1,832581 0,000195
babbled 2,525729 0,000269
babe 1,427116 0,000152
baby 0,673345 0,000072
babylon 1,771957 0,000188
backbiting 3,912023 0,000416
background 0,867501 0,000092
backside 2,302585 0,000245
backslidden 3,912023 0,000416
bacon 0,994252 0,000106
bad 0,051293 0,000005
badge 1,660731 0,000177
badly 0,446287 0,000047
baffled 1,171183 0,000125
bag 0,544727 0,000058
bagful 3,506558 0,000373
baggage 0,941609 0,000100
bagman 3,912023 0,000416
bagmen 3,912023 0,000416
bain 3,912023 0,000416
bairn 3,218876 0,000342
baith 3,912023 0,000416
baker 1,237874 0,000132
balance 0,544727 0,000058
balanced 1,021651 0,000109
balcony 1,514128 0,000161
bald 0,994252 0,000106
ball 0,356675 0,000038
ballroom 2,407946 0,000256
balm 1,609438 0,000171
balsam 2,659260 0,000283
balzacian 3,912023 0,000416
band 0,430783 0,000046
bandusia 3,912023 0,000416
bang 1,469676 0,000156
banish 1,347074 0,000143
bank 0,261365 0,000028
bankrupt 2,120264 0,000225
bankruptcy 2,525729 0,000269
banks 0,494296 0,000053
banlieue 3,506558 0,000373
banner 1,272966 0,000135
bannock 3,912023 0,000416
baptized 1,832581 0,000195
bar 0,527633 0,000056
barbiton 3,912023 0,000416
bard 2,040221 0,000217
bare 0,162519 0,000017
bargain 0,597837 0,000064
bargains 1,897120 0,000202
bark 0,597837 0,000064
barnabas 3,506558 0,000373
baron 1,514128 0,000161
baronet 1,966113 0,000209
barrel 0,843970 0,000090
barren 0,713350 0,000076
barrenness 2,813411 0,000299
bars 0,653926 0,000070
base 0,301105 0,000032
based 0,371064 0,000039
baseless 2,813411 0,000299
baseness 1,469676 0,000156
basin 0,941609 0,000100
basis 0,843970 0,000090
basket 0,673345 0,000072
basking 2,120264 0,000225
bass 1,347074 0,000143
batches 2,659260 0,000283
bath 0,562119 0,000060
bathe 1,272966 0,000135
bathing 1,272966 0,000135
baths 1,427116 0,000152
batten 2,659260 0,000283
battle 0,287682 0,000031
bauble 3,218876 0,000342
bavarian 3,506558 0,000373
bawled 2,120264 0,000225
baxter 2,525729 0,000269
bay 0,544727 0,000058
bays 1,966113 0,000209
bazaar 2,120264 0,000225
beach 1,049822 0,000112
beam 0,843970 0,000090
beams 0,994252 0,000106
beanstalk 3,506558 0,000373
bear 0,061875 0,000007
beard 0,579818 0,000062
bearded 1,108663 0,000118
beards 1,771957 0,000188
bearers 1,309333 0,000139
bearing 0,162519 0,000017
bears 0,510826 0,000054
beast 0,342490 0,000036
beastly 1,897120 0,000202
beasts 0,430783 0,000046
beat 0,186330 0,000020
beaten 0,400478 0,000043
beating 0,314711 0,000033
beatitude 2,525729 0,000269
beauties 0,820981 0,000087
beautiful 0,083382 0,000009
beautifully 0,867501 0,000092
beauty 0,174353 0,000019
beckett 3,912023 0,000416
bed 0,051293 0,000005
bedevilled 3,218876 0,000342
bedlamite 3,506558 0,000373
bedmaker 3,912023 0,000416
bedpost 2,659260 0,000283
bedroom 0,798508 0,000085
bedrooms 1,897120 0,000202
beds 0,430783 0,000046
bedtime 1,966113 0,000209
beech 1,966113 0,000209
beeches 3,506558 0,000373
beef 0,916291 0,000097
beefsteak 2,995732 0,000319
beer 0,941609 0,000100
beethoven 2,207275 0,000235
befall 0,967584 0,000103
befallen 1,078810 0,000115
beg 0,210721 0,000022
begad 3,506558 0,000373
beggar 0,733969 0,000078
beggared 3,506558 0,000373
beggary 2,120264 0,000225
begged 0,462035 0,000049
beginner 2,302585 0,000245
begot 2,207275 0,000235
begs 1,832581 0,000195
behave 0,713350 0,000076
behaved 0,798508 0,000085
beheld 0,510826 0,000054
behold 0,342490 0,000036
bein 2,207275 0,000235
belabour 3,218876 0,000342
belated 1,514128 0,000161
belaud 3,912023 0,000416
belial 2,659260 0,000283
belief 0,198451 0,000021
beliefs 1,609438 0,000171
bell 0,400478 0,000043
belles 2,525729 0,000269
bellies 2,040221 0,000217
bellows 1,771957 0,000188
bells 0,597837 0,000064
belly 0,916291 0,000097
belong 0,235722 0,000025
belongs 0,415515 0,000044
beloved 0,415515 0,000044
belt 0,713350 0,000076
belvedere 2,995732 0,000319
ben 1,609438 0,000171
bench 0,616186 0,000066
bend 0,510826 0,000054
beneath 0,198451 0,000021
beneficent 1,386294 0,000147
beneficial 1,272966 0,000135
benefits 1,171183 0,000125
benevolent 1,021651 0,000109
benignity 2,407946 0,000256
benjamin 1,714798 0,000182
bennet 3,506558 0,000373
bent 0,174353 0,000019
berceau 3,912023 0,000416
bereaved 1,966113 0,000209
bereavement 2,302585 0,000245
bereavements 3,506558 0,000373
berry 1,966113 0,000209
beseech 1,049822 0,000112
besieged 1,560648 0,000166
besotted 2,525729 0,000269
bestial 1,966113 0,000209
bethought 1,469676 0,000156
betrayed 0,494296 0,000053
betterment 3,506558 0,000373
betters 1,660731 0,000177
beulah 3,506558 0,000373
bevel 3,506558 0,000373
beware 0,820981 0,000087
bewildered 0,843970 0,000090
bewildering 1,714798 0,000182
bible 0,776529 0,000083
bicker 3,506558 0,000373
bicycler 3,912023 0,000416
bid 0,400478 0,000043
bidding 0,820981 0,000087
bids 1,237874 0,000132
biennial 3,912023 0,000416
bile 2,120264 0,000225
billows 1,469676 0,000156
bimini 3,912023 0,000416
binary 0,562119 0,000060
binders 3,218876 0,000342
biographers 3,912023 0,000416
biography 1,469676 0,000156
bird 0,235722 0,000025
birds 0,301105 0,000032
birth 0,301105 0,000032
birthday 1,108663 0,000118
birthmark 3,506558 0,000373
birthright 2,040221 0,000217
biscuits 1,771957 0,000188
bismarck 3,912023 0,000416
bit 0,174353 0,000019
bitch 2,207275 0,000235
bite 0,798508 0,000085
biting 0,713350 0,000076
bits 0,843970 0,000090
bitten 1,272966 0,000135
bitter 0,235722 0,000025
bitterly 0,579818 0,000062
bitterness 0,634878 0,000068
bittie 3,912023 0,000416
blabbing 3,218876 0,000342
black 0,072571 0,000008
blackbeard 2,995732 0,000319
blackbird 2,659260 0,000283
blackbirds 2,995732 0,000319
blackening 2,659260 0,000283
blacker 1,660731 0,000177
blackest 1,514128 0,000161
blackguards 2,525729 0,000269
blackhearted 3,506558 0,000373
blackie 3,218876 0,000342
blacking 2,659260 0,000283
blackness 1,237874 0,000132
blacks 1,427116 0,000152
blacksmith 1,427116 0,000152
blackwood 3,218876 0,000342
blade 0,755023 0,000080
blades 1,347074 0,000143
blae 3,912023 0,000416
blame 0,174353 0,000019
blameable 2,995732 0,000319
blamed 0,941609 0,000100
blanc 1,832581 0,000195
blanche 2,407946 0,000256
blanches 3,912023 0,000416
bland 2,040221 0,000217
blandly 1,897120 0,000202
blank 0,579818 0,000062
blankets 1,171183 0,000125
blanks 2,207275 0,000235
blasphemy 1,514128 0,000161
blast 0,693147 0,000074
blasts 1,609438 0,000171
blaw 3,912023 0,000416
bleak 1,386294 0,000147
bleakest 3,506558 0,000373
bleat 2,813411 0,000299
bleating 1,832581 0,000195
bleeding 0,843970 0,000090
blended 1,203973 0,000128
bless 0,430783 0,000046
blessed 0,356675 0,000038
blessing 0,446287 0,000047
blessings 1,171183 0,000125
blew 0,494296 0,000053
blight 1,771957 0,000188
blighting 2,995732 0,000319
blind 0,223144 0,000024
blinded 0,994252 0,000106
blinder 3,218876 0,000342
blindness 0,994252 0,000106
blink 2,040221 0,000217
blinking 1,347074 0,000143
bliss 0,891598 0,000095
blistered 2,207275 0,000235
blithe 2,407946 0,000256
block 0,616186 0,000066
blocks 1,272966 0,000135
blood 0,116534 0,000012
blooded 1,560648 0,000166
bloodstain 3,506558 0,000373
bloody 0,527633 0,000056
bloom 0,798508 0,000085
blooming 1,139434 0,000121
bloomsbury 2,659260 0,000283
blossom 1,139434 0,000121
blotted 1,272966 0,000135
blotting 1,832581 0,000195
blow 0,139262 0,000015
blowing 0,510826 0,000054
blown 0,579818 0,000062
blows 0,371064 0,000039
blue 0,174353 0,000019
blurred 1,771957 0,000188
blush 0,693147 0,000074
blushes 1,660731 0,000177
blustering 2,120264 0,000225
board 0,314711 0,000033
boarders 2,407946 0,000256
boarding 1,272966 0,000135
boards 0,776529 0,000083
boast 0,430783 0,000046
boasting 1,108663 0,000118
boat 0,446287 0,000047
boatmanship 3,912023 0,000416
boatmen 2,407946 0,000256
boats 0,820981 0,000087
bob 1,660731 0,000177
bobo 3,912023 0,000416
bodied 1,897120 0,000202
bodies 0,174353 0,000019
bodily 0,673345 0,000072
body 0,030459 0,000003
bog 1,714798 0,000182
bogue 3,912023 0,000416
bohemia 2,120264 0,000225
bohemian 2,040221 0,000217
boiled 0,798508 0,000085
boiler 1,660731 0,000177
boilers 2,120264 0,000225
boiling 0,776529 0,000083
bois 2,659260 0,000283
bold 0,287682 0,000031
bolder 1,203973 0,000128
boldly 0,462035 0,000049
bolt 0,733969 0,000078
bolus 2,995732 0,000319
bombay 2,407946 0,000256
bon 1,660731 0,000177
bond 0,673345 0,000072
bonds 0,798508 0,000085
bone 0,527633 0,000056
boned 2,407946 0,000256
bones 0,235722 0,000025
bonfire 2,207275 0,000235
bonne 2,302585 0,000245
bonny 2,659260 0,000283
book 0,061875 0,000007
booked 2,525729 0,000269
books 0,139262 0,000015
booksellers 2,407946 0,000256
boot 0,941609 0,000100
booted 1,897120 0,000202
booths 2,040221 0,000217
boots 0,510826 0,000054
booty 1,309333 0,000139
bordering 1,427116 0,000152
borders 0,994252 0,000106
bore 0,150823 0,000016
bored 0,994252 0,000106
boredom 2,813411 0,000299
born 0,105361 0,000011
borne 0,261365 0,000028
borrow 0,798508 0,000085
borrowed 0,616186 0,000066
borrowing 1,469676 0,000156
borrows 2,659260 0,000283
bosh 2,813411 0,000299
boss 1,660731 0,000177
boswell 2,813411 0,000299
bother 0,916291 0,000097
bothered 1,514128 0,000161
bothering 1,771957 0,000188
bothers 2,302585 0,000245
bottle 0,562119 0,000060
bottleful 3,912023 0,000416
bottles 0,798508 0,000085
bough 1,203973 0,000128
boughs 1,078810 0,000115
boulder 2,659260 0,000283
boulders 2,407946 0,000256
boulevard 2,207275 0,000235
bound 0,030459 0,000003
bounds 0,634878 0,000068
bountiful 1,771957 0,000188
bouquet 1,897120 0,000202
bouquiniste 3,912023 0,000416
bourgeois 2,207275 0,000235
bow 0,287682 0,000031
bowed 0,371064 0,000039
bower 1,714798 0,000182
bowl 0,843970 0,000090
bowled 2,525729 0,000269
bowling 1,966113 0,000209
box 0,248461 0,000026
boxed 1,771957 0,000188
boxes 0,798508 0,000085
boy 0,139262 0,000015
boyhood 1,237874 0,000132
boyish 1,347074 0,000143
boys 0,328504 0,000035
braces 1,609438 0,000171
bracken 2,995732 0,000319
brag 1,832581 0,000195
braggadocios 3,912023 0,000416
braid 2,302585 0,000245
brain 0,356675 0,000038
brains 0,776529 0,000083
brambles 2,120264 0,000225
bran 2,120264 0,000225
branch 0,385662 0,000041
branches 0,371064 0,000039
brandy 0,941609 0,000100
brash 3,506558 0,000373
brass 0,478036 0,000051
brat 2,407946 0,000256
brave 0,415515 0,000044
braved 2,120264 0,000225
bravely 1,078810 0,000115
bravo 1,832581 0,000195
brawling 2,302585 0,000245
bray 2,659260 0,000283
breach 0,274437 0,000029
bread 0,248461 0,000026
break 0,083382 0,000009
breakdown 3,218876 0,000342
breakers 1,714798 0,000182
breakfast 0,356675 0,000038
breaking 0,210721 0,000022
breaks 0,733969 0,000078
breakwater 3,218876 0,000342
breast 0,210721 0,000022
breasted 2,302585 0,000245
breath 0,174353 0,000019
breathe 0,478036 0,000051
breathed 0,494296 0,000053
breathes 1,469676 0,000156
breathing 0,462035 0,000049
breathless 0,673345 0,000072
bred 0,478036 0,000051
breeched 3,506558 0,000373
breezy 2,407946 0,000256
bret 3,506558 0,000373
brethren 0,916291 0,000097
brevity 1,560648 0,000166
brick 0,713350 0,000076
bricks 1,203973 0,000128
bride 0,820981 0,000087
bridegroom 1,237874 0,000132
bridesmaid 3,506558 0,000373
bridge 0,494296 0,000053
bridges 1,108663 0,000118
bright 0,116534 0,000012
brighter 0,776529 0,000083
brightness 0,634878 0,000068
brilliance 1,832581 0,000195
brilliancy 1,609438 0,000171
brilliant 0,430783 0,000046
brine 2,040221 0,000217
bring 0,010050 0,000001
bringing 0,105361 0,000011
brings 0,328504 0,000035
brink 1,139434 0,000121
brisk 1,021651 0,000109
britain 1,427116 0,000152
british 0,843970 0,000090
broad 0,139262 0,000015
brocades 2,659260 0,000283
broke 0,116534 0,000012
broken 0,061875 0,000007
brokers 2,813411 0,000299
bronchial 3,506558 0,000373
bronchitis 3,912023 0,000416
brooded 1,347074 0,000143
brook 1,139434 0,000121
brooklet 2,659260 0,000283
brooks 1,714798 0,000182
brother 0,127833 0,000014
brothers 0,356675 0,000038
brougham 2,525729 0,000269
brought 0,010050 0,000001
brown 0,274437 0,000029
bruise 1,560648 0,000166
bruit 3,506558 0,000373
brush 0,755023 0,000080
brushes 1,660731 0,000177
brussels 2,659260 0,000283
brutal 0,755023 0,000080
brutally 2,040221 0,000217
brute 0,579818 0,000062
brutish 2,040221 0,000217
bubbling 1,560648 0,000166
buccaneer 3,506558 0,000373
buccaneering 3,506558 0,000373
buccaneers 2,813411 0,000299
buck 1,514128 0,000161
buckling 2,995732 0,000319
bucolics 3,912023 0,000416
budded 2,659260 0,000283
budge 1,560648 0,000166
budget 2,207275 0,000235
buffeted 2,525729 0,000269
buglers 3,218876 0,000342
bugles 3,506558 0,000373
builder 1,514128 0,000161
building 0,223144 0,000024
buildings 0,713350 0,000076
built 0,150823 0,000016
bulk 0,843970 0,000090
bull 0,510826 0,000054
bulletins 2,813411 0,000299
bullets 1,347074 0,000143
bully 1,469676 0,000156
bunch 0,994252 0,000106
bunker 2,525729 0,000269
bunyan 2,302585 0,000245
burden 0,223144 0,000024
burgess 2,813411 0,000299
burglary 2,120264 0,000225
buried 0,248461 0,000026
burly 1,609438 0,000171
burn 0,400478 0,000043
burned 0,400478 0,000043
burner 3,218876 0,000342
burning 0,150823 0,000016
burns 1,203973 0,000128
burnt 0,415515 0,000044
burst 0,287682 0,000031
bursts 1,386294 0,000147
burt 3,506558 0,000373
burthen 2,302585 0,000245
burthens 3,218876 0,000342
burton 2,040221 0,000217
bury 0,776529 0,000083
bush 0,820981 0,000087
bushel 1,897120 0,000202
business 0,040822 0,000004
bust 1,272966 0,000135
busted 2,302585 0,000245
bustle 0,994252 0,000106
bustling 1,386294 0,000147
busy 0,223144 0,000024
butcher 0,941609 0,000100
butchered 2,302585 0,000245
butchery 2,207275 0,000235
butter 0,820981 0,000087
butterflies 1,609438 0,000171
butterfly 1,427116 0,000152
button 1,049822 0,000112
buttoned 1,309333 0,000139
buttons 1,108663 0,000118
buyers 2,120264 0,000225
bye 0,776529 0,000083
bypaths 3,506558 0,000373
byre 3,912023 0,000416
byron 1,660731 0,000177
cab 1,272966 0,000135
cabin 0,916291 0,000097
cabins 1,660731 0,000177
cache 3,506558 0,000373
cackle 2,995732 0,000319
cacolet 3,912023 0,000416
cadence 1,714798 0,000182
cads 3,912023 0,000416
cage 1,237874 0,000132
caged 1,832581 0,000195
cairns 2,995732 0,000319
cake 0,941609 0,000100
caked 2,995732 0,000319
calamity 0,891598 0,000095
calculate 0,328504 0,000035
calculated 0,174353 0,000019
calculation 1,139434 0,000121
calcutta 2,040221 0,000217
california 1,897120 0,000202
californian 2,659260 0,000283
callousness 2,995732 0,000319
calm 0,301105 0,000032
calvin 2,813411 0,000299
camarade 3,912023 0,000416
cambridge 1,469676 0,000156
camel 1,609438 0,000171
camp 0,597837 0,000064
campagne 3,506558 0,000373
campaign 1,021651 0,000109
campbell 2,207275 0,000235
camping 2,407946 0,000256
canal 1,309333 0,000139
canaries 2,813411 0,000299
cancellarius 3,912023 0,000416
cancer 1,966113 0,000209
cancerous 3,912023 0,000416
candidly 1,771957 0,000188
candle 0,544727 0,000058
candles 0,755023 0,000080
candlestick 1,771957 0,000188
canker 2,813411 0,000299
cannon 0,941609 0,000100
canny 3,218876 0,000342
canoe 1,660731 0,000177
canoes 2,302585 0,000245
canon 1,966113 0,000209
canons 2,120264 0,000225
canvas 0,916291 0,000097
canyon 3,218876 0,000342
cap 0,462035 0,000049
capable 0,261365 0,000028
capacity 0,527633 0,000056
cape 0,967584 0,000103
capital 0,328504 0,000035
capitally 2,407946 0,000256
capitals 1,714798 0,000182
capping 3,218876 0,000342
capricious 1,386294 0,000147
capstan 2,659260 0,000283
captain 0,371064 0,000039
captious 2,207275 0,000235
captivating 2,120264 0,000225
captors 2,659260 0,000283
capture 0,820981 0,000087
captured 0,916291 0,000097
car 0,994252 0,000106
carcase 2,040221 0,000217
card 0,223144 0,000024
cards 0,634878 0,000068
care 0,000000 0,000000
cared 0,494296 0,000053
career 0,478036 0,000051
careers 2,659260 0,000283
careful 0,174353 0,000019
carefully 0,139262 0,000015
careless 0,494296 0,000053
carelessness 1,021651 0,000109
cares 0,634878 0,000068
cargo 1,272966 0,000135
caricature 1,660731 0,000177
caring 1,049822 0,000112
carmel 2,813411 0,000299
carnage 1,771957 0,000188
carnation 2,659260 0,000283
carol 2,525729 0,000269
carpenter 1,108663 0,000118
carpentry 2,659260 0,000283
carpers 3,912023 0,000416
carpet 0,653926 0,000070
carriage 0,446287 0,000047
carriages 0,820981 0,000087
carrick 3,506558 0,000373
carried 0,030459 0,000003
carries 0,755023 0,000080
carry 0,030459 0,000003
cars 1,660731 0,000177
carson 2,995732 0,000319
cart 0,755023 0,000080
carte 2,407946 0,000256
carve 2,120264 0,000225
carves 3,912023 0,000416
cash 1,021651 0,000109
cassandra 2,525729 0,000269
cast 0,116534 0,000012
caste 1,609438 0,000171
castle 0,776529 0,000083
casts 1,139434 0,000121
casually 1,386294 0,000147
casuistry 2,659260 0,000283
cat 0,562119 0,000060
catamaran 3,912023 0,000416
catarrhal 3,912023 0,000416
catch 0,210721 0,000022
catches 1,660731 0,000177
catching 0,562119 0,000060
catchwords 3,506558 0,000373
catechism 1,966113 0,000209
cater 3,912023 0,000416
cathedral 1,272966 0,000135
catholics 1,897120 0,000202
catlike 2,525729 0,000269
cats 1,108663 0,000118
cattle 0,544727 0,000058
caucus 3,506558 0,000373
caught 0,162519 0,000017
cauld 3,912023 0,000416
cauldron 2,120264 0,000225
cavalier 1,771957 0,000188
cavalierly 3,506558 0,000373
cavalry 1,469676 0,000156
cave 0,776529 0,000083
cavern 1,347074 0,000143
caves 1,203973 0,000128
cavil 2,813411 0,000299
cawing 3,218876 0,000342
ce 1,832581 0,000195
cease 0,139262 0,000015
ceased 0,235722 0,000025
cecilia 3,506558 0,000373
cellarage 3,912023 0,000416
cellars 1,469676 0,000156
censor 2,659260 0,000283
cent 1,139434 0,000121
centenary 3,912023 0,000416
cents 1,832581 0,000195
centuries 0,544727 0,000058
century 0,494296 0,000053
cerebellum 3,506558 0,000373
certainty 0,342490 0,000036
cesspools 2,995732 0,000319
cest 3,912023 0,000416
chain 0,415515 0,000044
chair 0,274437 0,000029
chairs 0,579818 0,000062
chalet 3,912023 0,000416
chalk 1,272966 0,000135
chamber 0,400478 0,000043
chambers 0,733969 0,000078
champ 2,995732 0,000319
champagne 1,469676 0,000156
champion 1,171183 0,000125
chance 0,083382 0,000009
chancellor 2,120264 0,000225
chances 0,562119 0,000060
change 0,010050 0,000001
changed 0,051293 0,000005
changing 0,248461 0,000026
chant 2,040221 0,000217
chanticleer 2,995732 0,000319
chaotic 2,040221 0,000217
chap 1,021651 0,000109
chapel 1,139434 0,000121
chapter 0,342490 0,000036
chapters 1,469676 0,000156
character 0,061875 0,000007
characteristic 0,597837 0,000064
characteristics 0,798508 0,000085
characters 0,430783 0,000046
charge 0,051293 0,000005
charged 0,328504 0,000035
charges 0,223144 0,000024
charging 1,347074 0,000143
chariot 1,237874 0,000132
charitable 0,287682 0,000031
charities 0,494296 0,000053
charity 0,494296 0,000053
charles 0,597837 0,000064
charlotte 1,897120 0,000202
charm 0,544727 0,000058
charmed 0,941609 0,000100
charming 0,527633 0,000056
charmingly 1,660731 0,000177
charon 2,525729 0,000269
chart 1,771957 0,000188
chary 2,302585 0,000245
chasms 2,207275 0,000235
chat 1,203973 0,000128
chattering 1,108663 0,000118
chatty 2,407946 0,000256
chaunt 3,506558 0,000373
chaunting 3,506558 0,000373
cheap 0,673345 0,000072
cheaper 1,714798 0,000182
cheapest 1,897120 0,000202
cheaply 1,966113 0,000209
cheapness 2,302585 0,000245
check 0,174353 0,000019
checked 0,579818 0,000062
checks 0,478036 0,000051
cheeks 0,415515 0,000044
cheer 0,562119 0,000060
cheered 0,994252 0,000106
cheerful 0,385662 0,000041
cheerfully 0,820981 0,000087
cheerfulness 0,867501 0,000092
cheerily 1,660731 0,000177
cheery 1,560648 0,000166
cheese 0,967584 0,000103
cheeses 2,525729 0,000269
chemist 1,714798 0,000182
chemists 2,659260 0,000283
cheque 1,966113 0,000209
chere 3,218876 0,000342
cherished 0,843970 0,000090
cherry 1,660731 0,000177
cheshire 3,218876 0,000342
chess 1,660731 0,000177
chest 0,371064 0,000039
chester 2,407946 0,000256
chestnut 1,386294 0,000147
chevalier 2,525729 0,000269
chez 2,659260 0,000283
chic 3,218876 0,000342
chicago 2,120264 0,000225
chicken 1,139434 0,000121
chief 0,094311 0,000010
chiefly 0,527633 0,000056
child 0,072571 0,000008
childhood 0,527633 0,000056
childish 0,713350 0,000076
childlike 1,771957 0,000188
children 0,072571 0,000008
chill 0,733969 0,000078
chilled 1,139434 0,000121
chilly 1,237874 0,000132
chiming 2,525729 0,000269
chimney 0,798508 0,000085
chinese 1,139434 0,000121
chitter 3,912023 0,000416
chivalrous 1,560648 0,000166
chock 3,506558 0,000373
choice 0,150823 0,000016
choices 3,218876 0,000342
choir 1,386294 0,000147
choke 1,427116 0,000152
choked 0,755023 0,000080
chokes 2,659260 0,000283
choose 0,083382 0,000009
choosing 0,867501 0,000092
choristers 2,813411 0,000299
chorus 1,021651 0,000109
choruses 2,525729 0,000269
chose 0,301105 0,000032
chosen 0,186330 0,000020
christ 0,867501 0,000092
christendom 1,660731 0,000177
christian 0,430783 0,000046
christians 1,108663 0,000118
christlike 3,506558 0,000373
christmas 0,891598 0,000095
christopher 1,897120 0,000202
chronic 1,966113 0,000209
chronological 2,120264 0,000225
chuckle 1,714798 0,000182
chuckled 1,237874 0,000132
chuckling 2,040221 0,000217
church 0,261365 0,000028
churchill 2,813411 0,000299
churchyard 1,560648 0,000166
cicadae 3,912023 0,000416
cigar 1,139434 0,000121
cigarette 1,514128 0,000161
cigarettes 1,714798 0,000182
cigars 1,347074 0,000143
cipher 1,832581 0,000195
circle 0,223144 0,000024
circular 1,078810 0,000115
circulating 1,771957 0,000188
circumstance 0,446287 0,000047
circumstances 0,162519 0,000017
cis 3,912023 0,000416
citations 2,995732 0,000319
cities 0,616186 0,000066
citizen 0,843970 0,000090
citizens 0,916291 0,000097
city 0,051293 0,000005
civic 2,407946 0,000256
civil 0,544727 0,000058
civilisation 2,040221 0,000217
clad 0,597837 0,000064
claim 0,116534 0,000012
claims 0,616186 0,000066
clamour 1,771957 0,000188
clap 1,469676 0,000156
clara 2,207275 0,000235
clarendon 2,995732 0,000319
claret 1,771957 0,000188
clarify 3,912023 0,000416
clarissa 3,218876 0,000342
clark 2,302585 0,000245
clash 1,469676 0,000156
class 0,314711 0,000033
classed 1,897120 0,000202
classes 0,653926 0,000070
classical 1,237874 0,000132
classics 1,966113 0,000209
claus 2,813411 0,000299
clauses 2,995732 0,000319
clay 0,494296 0,000053
clean 0,248461 0,000026
cleaning 1,049822 0,000112
cleanliness 1,237874 0,000132
clearness 1,049822 0,000112
clergyman 1,108663 0,000118
clergymen 2,302585 0,000245
clerk 0,673345 0,000072
clever 0,400478 0,000043
cleverness 1,609438 0,000171
cliff 1,309333 0,000139
cliffs 1,272966 0,000135
cliffy 3,218876 0,000342
climate 0,798508 0,000085
climber 2,995732 0,000319
climbing 0,733969 0,000078
clime 2,040221 0,000217
clink 2,207275 0,000235
clinton 2,995732 0,000319
cloak 0,562119 0,000060
cloaked 2,407946 0,000256
cloaks 1,514128 0,000161
clocks 1,609438 0,000171
clodhopper 3,506558 0,000373
cloister 2,040221 0,000217
cloistered 2,659260 0,000283
close 0,051293 0,000005
closed 0,116534 0,000012
closer 0,385662 0,000041
closes 1,469676 0,000156
closing 0,446287 0,000047
cloth 0,356675 0,000038
clothed 0,673345 0,000072
clothes 0,127833 0,000014
clothing 0,776529 0,000083
cloud 0,301105 0,000032
clouded 1,237874 0,000132
cloudless 1,514128 0,000161
clouds 0,342490 0,000036
cloudy 1,078810 0,000115
clough 3,218876 0,000342
cloying 3,506558 0,000373
club 0,713350 0,000076
clubman 3,912023 0,000416
clue 1,078810 0,000115
clumps 1,771957 0,000188
clumsy 0,994252 0,000106
coach 0,843970 0,000090
coal 0,693147 0,000074
coals 1,108663 0,000118
coarse 0,478036 0,000051
coast 0,544727 0,000058
coasted 2,813411 0,000299
coastguardsman 3,912023 0,000416
coat 0,274437 0,000029
coats 0,653926 0,000070
coburg 3,506558 0,000373
cock 0,843970 0,000090
cockcrow 2,813411 0,000299
cocked 1,237874 0,000132
cockshot 3,912023 0,000416
cod 1,897120 0,000202
codes 0,510826 0,000054
coffee 0,562119 0,000060
coffin 1,021651 0,000109
coggie 3,912023 0,000416
coherent 1,897120 0,000202
coign 3,912023 0,000416
coil 1,237874 0,000132
coiled 1,832581 0,000195
coin 0,916291 0,000097
coincidence 1,171183 0,000125
coins 1,078810 0,000115
cold 0,040822 0,000004
colder 1,078810 0,000115
cole 3,218876 0,000342
colin 3,218876 0,000342
collaborators 3,912023 0,000416
collapse 1,771957 0,000188
collect 0,673345 0,000072
collected 0,415515 0,000044
collection 0,174353 0,000019
college 0,693147 0,000074
collins 2,040221 0,000217
colonel 0,967584 0,000103
colonnade 2,659260 0,000283
colony 1,347074 0,000143
colossal 1,560648 0,000166
colossus 2,813411 0,000299
colour 0,527633 0,000056
coloured 0,693147 0,000074
colours 0,713350 0,000076
column 0,755023 0,000080
columns 0,867501 0,000092
combat 0,891598 0,000095
combination 0,693147 0,000074
combine 1,078810 0,000115
combined 0,713350 0,000076
comble 3,912023 0,000416
comedies 2,302585 0,000245
comedy 0,941609 0,000100
comely 1,237874 0,000132
comfort 0,150823 0,000016
comfortable 0,261365 0,000028
comfortably 0,693147 0,000074
comforted 0,776529 0,000083
comforts 0,967584 0,000103
comic 1,203973 0,000128
comicality 3,506558 0,000373
command 0,162519 0,000017
commanders 1,832581 0,000195
commanding 0,755023 0,000080
commandment 1,832581 0,000195
commandments 1,897120 0,000202
commands 0,616186 0,000066
comme 2,302585 0,000245
commence 0,941609 0,000100
commendable 2,120264 0,000225
comment 0,673345 0,000072
commentaries 2,040221 0,000217
comments 1,469676 0,000156
commercial 0,274437 0,000029
comminate 3,912023 0,000416
commission 0,693147 0,000074
commissioners 2,120264 0,000225
commit 0,527633 0,000056
committed 0,150823 0,000016
committee 1,309333 0,000139
common 0,072571 0,000008
commoner 2,302585 0,000245
commonplace 1,237874 0,000132
commonwealth 1,832581 0,000195
commotion 1,078810 0,000115
communicate 0,820981 0,000087
communicated 0,673345 0,000072
communicative 1,514128 0,000161
communism 2,813411 0,000299
communist 3,218876 0,000342
communities 1,714798 0,000182
community 0,616186 0,000066
companies 1,139434 0,000121
companion 0,248461 0,000026
companions 0,301105 0,000032
company 0,020203 0,000002
comparable 2,040221 0,000217
comparatively 0,634878 0,000068
compare 0,510826 0,000054
compared 0,274437 0,000029
compares 1,660731 0,000177
comparing 0,867501 0,000092
comparison 0,478036 0,000051
compartment 2,040221 0,000217
compass 0,673345 0,000072
compatriots 2,813411 0,000299
compelling 1,560648 0,000166
compensation 1,108663 0,000118
compensations 2,813411 0,000299
competent 1,139434 0,000121
compilation 0,494296 0,000053
complain 0,446287 0,000047
complained 0,562119 0,000060
complaining 0,891598 0,000095
complaint 0,616186 0,000066
complaints 0,916291 0,000097
complete 0,150823 0,000016
completed 0,446287 0,000047
completely 0,274437 0,000029
completest 2,659260 0,000283
completion 1,386294 0,000147
compliance 0,342490 0,000036
complicated 0,798508 0,000085
complication 2,302585 0,000245
complications 2,207275 0,000235
compliment 0,673345 0,000072
complimentary 1,897120 0,000202
complimented 1,609438 0,000171
compliments 0,916291 0,000097
comply 0,342490 0,000036
complying 0,446287 0,000047
compose 0,916291 0,000097
composed 0,328504 0,000035
composition 0,820981 0,000087
composure 1,049822 0,000112
compounded 1,714798 0,000182
comprehending 1,560648 0,000166
comprehensible 1,832581 0,000195
compressed 0,342490 0,000036
compromise 1,347074 0,000143
compromises 2,813411 0,000299
compunctious 3,506558 0,000373
conceit 1,021651 0,000109
conceive 0,544727 0,000058
conceived 0,462035 0,000049
conceiving 1,272966 0,000135
concept 0,544727 0,000058
conception 0,653926 0,000070
concern 0,430783 0,000046
concerned 0,287682 0,000031
concert 1,139434 0,000121
conclude 0,843970 0,000090
conclusion 0,235722 0,000025
conclusively 2,207275 0,000235
concur 2,302585 0,000245
condemn 0,867501 0,000092
condemned 0,653926 0,000070
condemning 1,427116 0,000152
condescend 1,469676 0,000156
condition 0,094311 0,000010
conditions 0,342490 0,000036
conduct 0,198451 0,000021
conducted 0,415515 0,000044
conductor 1,108663 0,000118
conducts 1,897120 0,000202
confabulation 3,218876 0,000342
confess 0,198451 0,000021
confession 0,579818 0,000062
confessions 1,714798 0,000182
confidant 1,832581 0,000195
confidence 0,139262 0,000015
confidences 1,514128 0,000161
confined 0,385662 0,000041
confirmation 0,356675 0,000038
confirmed 0,174353 0,000019
conflict 0,693147 0,000074
conflicts 2,040221 0,000217
conform 1,427116 0,000152
conformity 1,514128 0,000161
confound 0,733969 0,000078
confrontation 3,506558 0,000373
confused 0,248461 0,000026
confusion 0,301105 0,000032
congested 2,659260 0,000283
congratulate 1,078810 0,000115
congregation 1,309333 0,000139
congreve 2,813411 0,000299
congruity 3,218876 0,000342
conjunct 3,912023 0,000416
conjunction 1,272966 0,000135
connected 0,415515 0,000044
connection 0,462035 0,000049
connections 1,237874 0,000132
conquer 1,021651 0,000109
conrad 3,218876 0,000342
conscience 0,314711 0,000033
conscientious 1,272966 0,000135
conscientiousness 2,525729 0,000269
conscious 0,314711 0,000033
consciously 1,469676 0,000156
consciousness 0,371064 0,000039
consecrated 1,309333 0,000139
consecration 2,207275 0,000235
consent 0,328504 0,000035
consented 0,562119 0,000060
consenting 1,660731 0,000177
consequence 0,328504 0,000035
consequences 0,371064 0,000039
consequent 1,203973 0,000128
consequential 0,478036 0,000051
conservatism 2,813411 0,000299
considerable 0,105361 0,000011
consideration 0,274437 0,000029
consist 0,867501 0,000092
consistently 1,832581 0,000195
consisting 0,916291 0,000097
consists 0,776529 0,000083
consolation 0,713350 0,000076
consolatory 2,207275 0,000235
console 1,021651 0,000109
consoled 1,108663 0,000118
conspicuous 0,916291 0,000097
conspicuously 1,771957 0,000188
conspiracy 1,171183 0,000125
constable 1,427116 0,000152
constant 0,051293 0,000005
constellation 2,407946 0,000256
consternation 1,021651 0,000109
constituted 1,049822 0,000112
constitutional 1,469676 0,000156
constrained 0,843970 0,000090
constructed 0,867501 0,000092
constructing 1,714798 0,000182
construction 0,755023 0,000080
constructive 2,813411 0,000299
consult 0,579818 0,000062
consulted 0,673345 0,000072
consulting 0,891598 0,000095
consummate 1,469676 0,000156
consummation 1,966113 0,000209
consumption 1,171183 0,000125
contact 0,210721 0,000022
contemplation 0,527633 0,000056
contemporaries 1,272966 0,000135
contemporary 1,272966 0,000135
contempt 0,446287 0,000047
contend 0,891598 0,000095
content 0,186330 0,000020
contented 0,400478 0,000043
contention 1,309333 0,000139
contents 0,094311 0,000010
contest 1,021651 0,000109
context 2,207275 0,000235
continent 0,891598 0,000095
continual 0,693147 0,000074
continually 0,446287 0,000047
continuance 1,237874 0,000132
continuation 1,347074 0,000143
continue 0,261365 0,000028
continued 0,072571 0,000008
continues 0,941609 0,000100
continuity 2,040221 0,000217
continuous 0,867501 0,000092
continuously 1,469676 0,000156
contra 2,207275 0,000235
contract 0,261365 0,000028
contracts 1,660731 0,000177
contrary 0,198451 0,000021
contrast 0,494296 0,000053
contrasted 1,171183 0,000125
contrasts 1,966113 0,000209
contretemps 3,506558 0,000373
contribute 1,049822 0,000112
contribution 1,771957 0,000188
contributions 0,430783 0,000046
contributor 2,659260 0,000283
contrite 2,120264 0,000225
contrition 2,120264 0,000225
contrivable 3,912023 0,000416
contrivance 1,514128 0,000161
contrivances 1,897120 0,000202
contrived 0,713350 0,000076
controversialist 3,912023 0,000416
controversy 1,514128 0,000161
convalescence 1,897120 0,000202
convalescent 2,302585 0,000245
convenience 0,755023 0,000080
conveniently 1,203973 0,000128
convention 1,832581 0,000195
conventional 1,347074 0,000143
conversation 0,186330 0,000020
converse 0,776529 0,000083
conversed 1,203973 0,000128
convert 0,385662 0,000041
converted 0,820981 0,000087
convey 0,544727 0,000058
conveyance 1,427116 0,000152
convict 1,272966 0,000135
convicted 1,469676 0,000156
conviction 0,462035 0,000049
convicts 2,207275 0,000235
convinced 0,287682 0,000031
convoked 3,218876 0,000342
cook 0,430783 0,000046
cookery 1,660731 0,000177
cool 0,314711 0,000033
cooling 1,272966 0,000135
coopered 3,912023 0,000416
cope 1,272966 0,000135
copious 1,386294 0,000147
copper 0,798508 0,000085
copybook 3,506558 0,000373
copying 0,494296 0,000053
copyright 0,415515 0,000044
coral 1,514128 0,000161
coram 2,995732 0,000319
cord 0,916291 0,000097
cordially 1,237874 0,000132
corinna 3,218876 0,000342
corinthian 2,659260 0,000283
corkscrews 3,506558 0,000373
corn 0,579818 0,000062
corner 0,127833 0,000014
corners 0,430783 0,000046
cornices 2,525729 0,000269
corniche 3,912023 0,000416
cornwall 2,525729 0,000269
coronation 2,302585 0,000245
corporation 0,462035 0,000049
corpore 3,506558 0,000373
corpse 0,693147 0,000074
correct 0,385662 0,000041
corrected 0,733969 0,000078
correction 1,203973 0,000128
corrections 1,897120 0,000202
correctly 0,843970 0,000090
correctness 1,832581 0,000195
correspond 1,272966 0,000135
correspondence 0,820981 0,000087
correspondent 1,272966 0,000135
correspondents 2,302585 0,000245
corrupt 0,274437 0,000029
corrupting 2,207275 0,000235
cortez 2,813411 0,000299
coruscations 3,506558 0,000373
cosmo 3,912023 0,000416
cost 0,105361 0,000011
costing 2,207275 0,000235
costive 3,506558 0,000373
costly 0,967584 0,000103
costs 0,287682 0,000031
cosy 2,302585 0,000245
cotta 3,506558 0,000373
cottage 0,798508 0,000085
couch 0,733969 0,000078
cough 0,994252 0,000106
coughed 1,469676 0,000156
council 0,713350 0,000076
counsel 0,527633 0,000056
count 0,248461 0,000026
countenance 0,415515 0,000044
countenances 1,237874 0,000132
counter 0,843970 0,000090
counterpane 2,207275 0,000235
countess 1,771957 0,000188
counting 0,693147 0,000074
countries 0,235722 0,000025
country 0,010050 0,000001
countryman 1,347074 0,000143
countrymen 1,108663 0,000118
countryside 1,832581 0,000195
county 0,941609 0,000100
coup 2,302585 0,000245
couple 0,287682 0,000031
couplet 2,525729 0,000269
courage 0,150823 0,000016
courageous 1,171183 0,000125
coursers 2,407946 0,000256
court 0,127833 0,000014
courteous 0,967584 0,000103
courtesies 2,659260 0,000283
courtesy 0,713350 0,000076
courtly 1,832581 0,000195
courts 0,544727 0,000058
cousin 0,755023 0,000080
cousinhood 3,506558 0,000373
cove 1,832581 0,000195
cover 0,261365 0,000028
covered 0,139262 0,000015
covering 0,446287 0,000047
cowardice 0,994252 0,000106
cowardliness 3,218876 0,000342
cowardly 0,994252 0,000106
cowering 1,832581 0,000195
cowls 2,995732 0,000319
cox 3,218876 0,000342
crack 0,820981 0,000087
cracked 0,843970 0,000090
crackled 1,897120 0,000202
crackling 1,560648 0,000166
cracks 1,609438 0,000171
craft 0,755023 0,000080
craftsmanlike 3,912023 0,000416
craftsmen 2,525729 0,000269
craggy 1,714798 0,000182
crags 1,832581 0,000195
cram 2,207275 0,000235
cramp 2,040221 0,000217
cramped 1,427116 0,000152
crane 2,120264 0,000225
crank 2,525729 0,000269
crannies 2,407946 0,000256
crash 0,776529 0,000083
cravings 2,120264 0,000225
crawled 0,891598 0,000095
crawlers 3,506558 0,000373
crayfish 3,506558 0,000373
craziest 3,912023 0,000416
crazy 0,916291 0,000097
cream 1,171183 0,000125
create 0,597837 0,000064
created 0,116534 0,000012
creating 0,342490 0,000036
creation 0,235722 0,000025
creative 1,771957 0,000188
creator 1,139434 0,000121
creature 0,174353 0,000019
creatures 0,235722 0,000025
credit 0,094311 0,000010
creditable 1,897120 0,000202
creditor 1,714798 0,000182
creditors 1,609438 0,000171
creed 1,203973 0,000128
creek 1,514128 0,000161
creep 0,820981 0,000087
cress 3,218876 0,000342
crew 0,755023 0,000080
crib 2,407946 0,000256
crick 2,995732 0,000319
cricket 1,609438 0,000171
crime 0,314711 0,000033
crimean 2,659260 0,000283
criminal 0,693147 0,000074
crimson 0,941609 0,000100
cripple 1,560648 0,000166
cripples 2,407946 0,000256
crippling 2,525729 0,000269
crisis 0,891598 0,000095
criterion 2,302585 0,000245
critic 1,347074 0,000143
critical 0,235722 0,000025
criticise 1,897120 0,000202
criticised 1,897120 0,000202
criticism 0,867501 0,000092
criticisms 1,771957 0,000188
critics 1,347074 0,000143
crockery 1,714798 0,000182
croker 3,912023 0,000416
crookback 3,912023 0,000416
crops 1,660731 0,000177
cross 0,139262 0,000015
crossed 0,301105 0,000032
crosses 1,021651 0,000109
crossing 0,462035 0,000049
crouching 1,049822 0,000112
crowd 0,198451 0,000021
crowded 0,301105 0,000032
crowds 1,021651 0,000109
crowing 2,120264 0,000225
crown 0,314711 0,000033
crowned 0,867501 0,000092
crowning 1,272966 0,000135
crows 1,609438 0,000171
crucifixions 3,218876 0,000342
cruciform 3,912023 0,000416
crude 1,386294 0,000147
cruel 0,261365 0,000028
cruelly 0,820981 0,000087
cruelty 0,478036 0,000051
cruise 1,966113 0,000209
cruising 2,207275 0,000235
crumbled 1,560648 0,000166
crushed 0,544727 0,000058
crushes 2,302585 0,000245
crushing 0,843970 0,000090
crusts 2,407946 0,000256
crutch 2,207275 0,000235
crypts 3,912023 0,000416
crystal 1,049822 0,000112
crystalline 2,525729 0,000269
crystallisation 3,506558 0,000373
cuckoo 2,302585 0,000245
cuffs 1,609438 0,000171
culprit 1,560648 0,000166
cultivate 1,171183 0,000125
cultivated 0,693147 0,000074
cultivator 2,659260 0,000283
cum 1,966113 0,000209
cumberland 1,966113 0,000209
cup 0,385662 0,000041
cupboard 1,139434 0,000121
cupboards 2,207275 0,000235
cupping 3,218876 0,000342
cups 0,820981 0,000087
cur 1,514128 0,000161
cure 0,430783 0,000046
cured 0,733969 0,000078
curer 3,912023 0,000416
curers 3,218876 0,000342
curiosity 0,223144 0,000024
curious 0,261365 0,000028
curiously 0,776529 0,000083
curled 0,941609 0,000100
curling 1,203973 0,000128
curmudgeon 3,506558 0,000373
currants 2,525729 0,000269
current 0,127833 0,000014
curry 2,813411 0,000299
curse 0,510826 0,000054
curtain 0,616186 0,000066
curtains 0,579818 0,000062
cushion 1,347074 0,000143
custom 0,210721 0,000022
customary 0,653926 0,000070
customers 1,386294 0,000147
customs 0,713350 0,000076
cut 0,040822 0,000004
cuts 0,820981 0,000087
cutting 0,415515 0,000044
cybele 2,659260 0,000283
cynical 1,560648 0,000166
cynicism 2,407946 0,000256
da 1,514128 0,000161
dae 3,506558 0,000373
daff 3,912023 0,000416
dagon 2,813411 0,000299
daidle 3,912023 0,000416
daily 0,248461 0,000026
daisies 1,897120 0,000202
dally 2,525729 0,000269
dam 1,272966 0,000135
damage 0,261365 0,000028
damaged 0,356675 0,000038
damages 0,400478 0,000043
dame 1,171183 0,000125
damme 2,995732 0,000319
damn 1,309333 0,000139
damnable 2,040221 0,000217
damned 1,139434 0,000121
damnedest 3,912023 0,000416
damp 0,415515 0,000044
damped 2,525729 0,000269
dance 0,356675 0,000038
danced 0,653926 0,000070
dancing 0,371064 0,000039
dandles 3,912023 0,000416
danger 0,116534 0,000012
dangerous 0,150823 0,000016
dangles 3,506558 0,000373
daniel 1,427116 0,000152
dank 1,660731 0,000177
dankest 3,912023 0,000416
dante 1,514128 0,000161
daresay 1,714798 0,000182
darg 3,506558 0,000373
darien 2,995732 0,000319
daring 0,843970 0,000090
daringly 2,995732 0,000319
dark 0,051293 0,000005
darker 0,916291 0,000097
darkly 1,237874 0,000132
darkness 0,186330 0,000020
darling 0,916291 0,000097
darwin 2,207275 0,000235
das 2,407946 0,000256
dash 0,673345 0,000072
data 0,494296 0,000053
daubed 1,771957 0,000188
daubs 3,218876 0,000342
daughter 0,261365 0,000028
daughters 0,510826 0,000054
daunt 2,995732 0,000319
david 0,597837 0,000064
dawn 0,478036 0,000051
day 0,000000 0,000000
daybreak 1,203973 0,000128
daylight 0,446287 0,000047
days 0,020203 0,000002
deacon 1,897120 0,000202
dead 0,072571 0,000008
deadly 0,478036 0,000051
deal 0,105361 0,000011
dealings 1,237874 0,000132
deals 1,272966 0,000135
dean 2,207275 0,000235
dearest 1,560648 0,000166
dearly 0,776529 0,000083
dearth 1,966113 0,000209
death 0,020203 0,000002
deathbed 2,120264 0,000225
deaths 1,139434 0,000121
debar 3,218876 0,000342
debase 3,218876 0,000342
debatable 2,995732 0,000319
debate 1,347074 0,000143
debauch 2,407946 0,000256
debauches 3,506558 0,000373
debt 0,693147 0,000074
debts 0,867501 0,000092
debug 3,912023 0,000416
decay 0,634878 0,000068
deceased 1,078810 0,000115
deceive 0,527633 0,000056
deceived 0,430783 0,000046
december 0,562119 0,000060
decency 1,171183 0,000125
decent 0,693147 0,000074
decently 1,309333 0,000139
deception 0,994252 0,000106
deceptive 2,040221 0,000217
decide 0,274437 0,000029
decided 0,186330 0,000020
decidedly 0,867501 0,000092
decipher 2,040221 0,000217
decisive 0,867501 0,000092
deck 0,733969 0,000078
declaration 0,994252 0,000106
declare 0,342490 0,000036
declared 0,210721 0,000022
declares 1,049822 0,000112
decline 0,673345 0,000072
declined 0,776529 0,000083
declines 1,966113 0,000209
decorate 2,040221 0,000217
decoration 1,771957 0,000188
decrepit 1,832581 0,000195
dedicate 1,897120 0,000202
dedicated 1,108663 0,000118
dedication 1,832581 0,000195
deductible 0,562119 0,000060
deep 0,051293 0,000005
deeper 0,328504 0,000035
deepest 0,673345 0,000072
deeply 0,261365 0,000028
deer 0,867501 0,000092
default 1,966113 0,000209
defeat 0,916291 0,000097
defect 0,328504 0,000035
defective 0,356675 0,000038
defects 0,301105 0,000032
defence 0,597837 0,000064
defend 0,400478 0,000043
defensive 1,560648 0,000166
deferred 1,386294 0,000147
defiant 1,469676 0,000156
defies 2,207275 0,000235
defile 1,609438 0,000171
definite 0,755023 0,000080
definition 1,272966 0,000135
definitive 2,995732 0,000319
deflects 3,912023 0,000416
deft 2,207275 0,000235
defunct 2,407946 0,000256
defy 1,139434 0,000121
degradation 1,108663 0,000118
degree 0,198451 0,000021
degrees 0,446287 0,000047
deified 2,659260 0,000283
deigned 1,560648 0,000166
deil 3,506558 0,000373
deity 1,237874 0,000132
delaware 3,218876 0,000342
delay 0,287682 0,000031
delayed 0,616186 0,000066
delaying 1,771957 0,000188
delectable 2,120264 0,000225
delete 3,912023 0,000416
deleted 3,218876 0,000342
deletions 0,562119 0,000060
delhi 2,813411 0,000299
deliberate 0,755023 0,000080
deliberation 1,171183 0,000125
delicate 0,301105 0,000032
delicious 0,713350 0,000076
delight 0,162519 0,000017
delighted 0,287682 0,000031
delightful 0,478036 0,000051
delightfully 1,560648 0,000166
delighting 1,771957 0,000188
delights 0,820981 0,000087
delineation 2,525729 0,000269
delirious 1,386294 0,000147
delivered 0,342490 0,000036
delivery 0,994252 0,000106
demain 3,218876 0,000342
demand 0,127833 0,000014
demands 0,673345 0,000072
demi 2,040221 0,000217
demoiselle 3,218876 0,000342
demoniac 2,302585 0,000245
demonstrative 1,897120 0,000202
den 0,843970 0,000090
denouement 3,218876 0,000342
dentist 2,525729 0,000269
deny 0,301105 0,000032
denying 1,049822 0,000112
departed 0,356675 0,000038
department 0,941609 0,000100
departure 0,430783 0,000046
depend 0,371064 0,000039
dependence 1,309333 0,000139
depending 1,309333 0,000139
depends 0,198451 0,000021
deplored 1,771957 0,000188
deploring 3,218876 0,000342
deposit 1,427116 0,000152
deposited 1,021651 0,000109
depravity 1,560648 0,000166
depreciated 2,407946 0,000256
depreciation 2,659260 0,000283
depressed 0,916291 0,000097
depresses 2,995732 0,000319
depressing 1,427116 0,000152
depression 0,967584 0,000103
deprivations 3,218876 0,000342
depth 0,494296 0,000053
der 1,832581 0,000195
deracinate 3,912023 0,000416
deray 3,912023 0,000416
dere 2,995732 0,000319
derelict 2,995732 0,000319
derivative 0,510826 0,000054
derive 0,342490 0,000036
derived 0,248461 0,000026
des 1,427116 0,000152
descending 0,579818 0,000062
descends 1,427116 0,000152
description 0,274437 0,000029
descriptions 1,108663 0,000118
descriptive 1,771957 0,000188
desert 0,430783 0,000046
deserted 0,385662 0,000041
desertion 1,514128 0,000161
deserts 1,171183 0,000125
deserve 0,430783 0,000046
deserved 0,634878 0,000068
deserves 0,776529 0,000083
desideratum 2,995732 0,000319
design 0,400478 0,000043
designs 0,733969 0,000078
desirable 0,733969 0,000078
desire 0,072571 0,000008
desired 0,150823 0,000016
desires 0,478036 0,000051
desiring 0,916291 0,000097
desk 0,891598 0,000095
desolate 0,820981 0,000087
desolation 0,941609 0,000100
despair 0,198451 0,000021
despairing 0,798508 0,000085
despatches 2,302585 0,000245
desperate 0,328504 0,000035
desperately 0,843970 0,000090
despised 0,562119 0,000060
despondency 1,560648 0,000166
desponding 1,832581 0,000195
despotic 1,897120 0,000202
destination 1,078810 0,000115
destined 0,494296 0,000053
destiny 0,634878 0,000068
destroy 0,127833 0,000014
destroyed 0,274437 0,000029
destroying 0,776529 0,000083
detach 0,446287 0,000047
detachment 1,386294 0,000147
detailed 1,469676 0,000156
detained 0,867501 0,000092
detective 1,660731 0,000177
detention 1,897120 0,000202
determine 0,210721 0,000022
determined 0,174353 0,000019
detestable 1,203973 0,000128
deuce 1,560648 0,000166
deux 2,659260 0,000283
devastating 2,995732 0,000319
developed 0,544727 0,000058
developing 1,386294 0,000147
development 0,755023 0,000080
device 0,755023 0,000080
devices 1,272966 0,000135
devil 0,356675 0,000038
devilish 1,237874 0,000132
devils 0,820981 0,000087
devoid 1,309333 0,000139
devon 2,995732 0,000319
devote 0,755023 0,000080
devoted 0,301105 0,000032
devotees 2,525729 0,000269
devotion 0,510826 0,000054
devour 0,994252 0,000106
devout 1,203973 0,000128
devoutly 1,386294 0,000147
dew 0,867501 0,000092
dews 1,771957 0,000188
diagnostic 3,506558 0,000373
dial 2,040221 0,000217
dialect 1,347074 0,000143
dialogue 1,203973 0,000128
dials 2,995732 0,000319
diamond 0,941609 0,000100
diary 1,560648 0,000166
diavolo 3,912023 0,000416
dice 1,514128 0,000161
dick 1,771957 0,000188
dickens 1,560648 0,000166
dictated 1,272966 0,000135
dictionaries 2,207275 0,000235
dictionary 1,514128 0,000161
didactic 2,302585 0,000245
die 0,105361 0,000011
died 0,061875 0,000007
dies 0,579818 0,000062
difference 0,198451 0,000021
differentiate 2,995732 0,000319
differentiated 2,995732 0,000319
difficult 0,116534 0,000012
difficulties 0,385662 0,000041
difficulty 0,139262 0,000015
diffused 1,469676 0,000156
diffusing 2,659260 0,000283
dig 0,776529 0,000083
digest 1,660731 0,000177
dignified 0,755023 0,000080
dignitaries 2,207275 0,000235
dignity 0,314711 0,000033
digression 1,609438 0,000171
dilemmas 3,218876 0,000342
dilettante 2,659260 0,000283
dilettanti 2,813411 0,000299
diligent 1,469676 0,000156
diligently 1,203973 0,000128
diluted 2,525729 0,000269
dim 0,415515 0,000044
dimensions 0,967584 0,000103
dimly 0,867501 0,000092
dimples 2,302585 0,000245
dine 0,673345 0,000072
dined 0,967584 0,000103
dining 0,510826 0,000054
dinner 0,198451 0,000021
dip 1,139434 0,000121
dire 1,347074 0,000143
direct 0,083382 0,000009
direction 0,083382 0,000009
directions 0,314711 0,000033
directness 2,040221 0,000217
director 0,798508 0,000085
dirk 3,218876 0,000342
dirt 0,544727 0,000058
dirty 0,544727 0,000058
dis 1,609438 0,000171
disabilities 2,995732 0,000319
disadvantage 0,994252 0,000106
disagree 1,966113 0,000209
disappear 0,891598 0,000095
disappeared 0,356675 0,000038
disappears 1,469676 0,000156
disappointed 0,415515 0,000044
disappointment 0,462035 0,000049
disappointments 1,609438 0,000171
disarmament 3,506558 0,000373
disbelieve 2,207275 0,000235
disbelieved 2,120264 0,000225
discard 2,407946 0,000256
discarded 1,309333 0,000139
discharge 0,733969 0,000078
discipline 0,653926 0,000070
disclaim 0,510826 0,000054
disclaimer 0,562119 0,000060
disclaimers 0,562119 0,000060
disclosure 1,966113 0,000209
discoloured 1,897120 0,000202
discomfited 1,966113 0,000209
discomfort 1,237874 0,000132
discomfortable 3,912023 0,000416
discomposes 3,912023 0,000416
disconcerts 3,506558 0,000373
discontented 1,078810 0,000115
discontinue 0,544727 0,000058
discountenanced 3,506558 0,000373
discountenancing 3,506558 0,000373
discourage 1,427116 0,000152
discourse 0,597837 0,000064
discoursed 1,966113 0,000209
discourses 1,560648 0,000166
discover 0,083382 0,000009
discovered 0,051293 0,000005
discovering 0,733969 0,000078
discovery 0,371064 0,000039
discredit 1,897120 0,000202
discretion 0,733969 0,000078
discuss 0,673345 0,000072
discussions 1,309333 0,000139
disease 0,371064 0,000039
diseased 1,237874 0,000132
disembowelled 2,525729 0,000269
disenchantment 2,995732 0,000319
disengaged 1,171183 0,000125
disgrace 0,510826 0,000054
disgracefully 2,407946 0,000256
disguise 0,562119 0,000060
disgust 0,446287 0,000047
disgusted 0,820981 0,000087
disgusting 1,272966 0,000135
dish 0,755023 0,000080
disheartened 1,897120 0,000202
dishonest 1,560648 0,000166
dishonour 1,660731 0,000177
dishonourably 3,912023 0,000416
disinherited 2,525729 0,000269
disk 0,446287 0,000047
dislike 0,616186 0,000066
dislimn 3,912023 0,000416
dislodge 2,302585 0,000245
dislodged 2,207275 0,000235
dismal 0,843970 0,000090
dismally 1,771957 0,000188
dismay 0,776529 0,000083
dismissed 0,597837 0,000064
disorder 0,579818 0,000062
dispassionate 2,120264 0,000225
dispatch 1,347074 0,000143
dispenses 2,525729 0,000269
dispirited 1,771957 0,000188
displaced 1,560648 0,000166
display 0,261365 0,000028
displayed 0,198451 0,000021
displaying 0,342490 0,000036
displays 1,386294 0,000147
disposable 3,912023 0,000416
disposal 0,916291 0,000097
dispose 0,994252 0,000106
disposed 0,385662 0,000041
dispraise 2,659260 0,000283
disproportionate 1,832581 0,000195
disputatious 2,659260 0,000283
disquiet 1,560648 0,000166
disquieting 2,120264 0,000225
disregard 1,021651 0,000109
disregarded 1,427116 0,000152
disruption 3,506558 0,000373
dissatisfaction 1,609438 0,000171
dissatisfied 1,021651 0,000109
dissected 2,525729 0,000269
dissembled 2,302585 0,000245
dissenting 2,207275 0,000235
dissipated 1,078810 0,000115
distance 0,105361 0,000011
distances 1,171183 0,000125
distant 0,162519 0,000017
distinct 0,301105 0,000032
distinction 0,446287 0,000047
distinctly 0,478036 0,000051
distinctness 1,469676 0,000156
distinguish 0,356675 0,000038
distinguished 0,301105 0,000032
distinguishing 1,078810 0,000115
distract 1,309333 0,000139
distraction 1,139434 0,000121
distress 0,274437 0,000029
distressed 0,673345 0,000072
distresses 1,660731 0,000177
distressing 1,108663 0,000118
distribute 0,400478 0,000043
distributed 0,248461 0,000026
distributing 0,446287 0,000047
distribution 0,430783 0,000046
distributor 0,562119 0,000060
disturbance 0,798508 0,000085
disturbed 0,356675 0,000038
disused 2,407946 0,000256
ditch 1,108663 0,000118
ditto 2,525729 0,000269
divan 2,302585 0,000245
divers 1,203973 0,000128
diverse 1,514128 0,000161
diversified 2,040221 0,000217
diversion 1,078810 0,000115
divert 1,139434 0,000121
diverted 0,941609 0,000100
divest 2,302585 0,000245
divested 1,832581 0,000195
divide 0,616186 0,000066
divine 0,430783 0,000046
divined 1,203973 0,000128
divines 2,813411 0,000299
divinity 0,941609 0,000100
division 0,653926 0,000070
divorce 1,714798 0,000182
dobson 2,995732 0,000319
doctor 0,446287 0,000047
doctors 0,916291 0,000097
doctrine 0,733969 0,000078
document 1,309333 0,000139
documents 1,272966 0,000135
dod 3,506558 0,000373
doeth 2,525729 0,000269
dog 0,261365 0,000028
dogberry 3,912023 0,000416
doggerel 3,218876 0,000342
dogmatic 2,302585 0,000245
dogmatical 2,813411 0,000299
dogs 0,342490 0,000036
doings 0,967584 0,000103
doll 1,560648 0,000166
dollars 1,272966 0,000135
dolly 2,407946 0,000256
dolorous 2,407946 0,000256
domain 0,328504 0,000035
domed 2,813411 0,000299
domestic 0,527633 0,000056
dominant 1,660731 0,000177
dominate 2,207275 0,000235
dominion 0,994252 0,000106
dominoes 2,995732 0,000319
donate 0,562119 0,000060
donation 0,494296 0,000053
donations 0,494296 0,000053
donkey 1,832581 0,000195
donors 0,527633 0,000056
donovan 3,506558 0,000373
dook 3,506558 0,000373
doom 1,049822 0,000112
doomed 0,941609 0,000100
door 0,040822 0,000004
doors 0,105361 0,000011
dora 3,506558 0,000373
dorado 2,659260 0,000283
dos 3,506558 0,000373
doses 2,120264 0,000225
dotes 2,813411 0,000299
doth 1,049822 0,000112
dotted 1,347074 0,000143
dotting 3,218876 0,000342
double 0,186330 0,000020
doubled 0,653926 0,000070
doubles 1,966113 0,000209
doubly 1,049822 0,000112
doubt 0,040822 0,000004
doubtfully 1,660731 0,000177
doubtless 0,430783 0,000046
doubts 0,494296 0,000053
doughty 2,995732 0,000319
douglas 2,302585 0,000245
douse 3,506558 0,000373
dove 1,078810 0,000115
dover 1,897120 0,000202
doves 1,660731 0,000177
dowie 3,506558 0,000373
downloading 0,562119 0,000060
downstairs 1,049822 0,000112
dozen 0,446287 0,000047
draft 1,660731 0,000177
drafted 2,813411 0,000299
drafting 3,506558 0,000373
drag 0,579818 0,000062
dragged 0,462035 0,000049
dragoons 2,302585 0,000245
drake 2,995732 0,000319
dram 2,040221 0,000217
drama 1,203973 0,000128
dramatic 1,078810 0,000115
dramatis 3,218876 0,000342
dramatise 3,912023 0,000416
drank 0,371064 0,000039
draped 1,660731 0,000177
draught 0,579818 0,000062
draughtsman 3,218876 0,000342
draw 0,105361 0,000011
drawerful 3,912023 0,000416
drawing 0,139262 0,000015
drawings 1,609438 0,000171
drawn 0,094311 0,000010
draws 0,755023 0,000080
dread 0,371064 0,000039
dreaded 0,693147 0,000074
dreadful 0,342490 0,000036
dreadfully 1,021651 0,000109
dream 0,198451 0,000021
dreamed 0,562119 0,000060
dreaming 0,562119 0,000060
dreams 0,274437 0,000029
dreary 0,713350 0,000076
drenched 1,309333 0,000139
dress 0,186330 0,000020
dressed 0,261365 0,000028
dressing 0,527633 0,000056
dressy 3,218876 0,000342
drew 0,162519 0,000017
dried 0,462035 0,000049
drift 0,755023 0,000080
drill 1,897120 0,000202
drink 0,150823 0,000016
drinking 0,371064 0,000039
drinks 0,967584 0,000103
dripping 0,891598 0,000095
drips 3,218876 0,000342
drive 0,186330 0,000020
driven 0,127833 0,000014
drives 0,867501 0,000092
driving 0,371064 0,000039
drollery 3,218876 0,000342
drop 0,150823 0,000016
dropped 0,274437 0,000029
dropping 0,673345 0,000072
droppings 2,995732 0,000319
drops 0,544727 0,000058
drove 0,248461 0,000026
drown 0,820981 0,000087
drowned 0,616186 0,000066
drugs 1,609438 0,000171
drum 1,203973 0,000128
drumming 2,659260 0,000283
drums 1,514128 0,000161
drunk 0,415515 0,000044
drunken 0,820981 0,000087
dry 0,127833 0,000014
du 1,347074 0,000143
dubious 1,660731 0,000177
duchess 1,660731 0,000177
ducking 2,407946 0,000256
ductile 3,506558 0,000373
duffer 3,912023 0,000416
dug 0,673345 0,000072
duke 0,994252 0,000106
dull 0,174353 0,000019
dullard 3,912023 0,000416
dulness 1,832581 0,000195
duly 0,843970 0,000090
dumas 2,659260 0,000283
dumb 0,562119 0,000060
dumps 2,659260 0,000283
duncan 2,302585 0,000245
dung 1,469676 0,000156
dunged 3,912023 0,000416
duns 2,995732 0,000319
duped 2,302585 0,000245
duplicate 1,897120 0,000202
durable 1,714798 0,000182
durably 3,218876 0,000342
duration 1,078810 0,000115
dust 0,174353 0,000019
dusting 2,040221 0,000217
dutch 1,139434 0,000121
dutchman 1,966113 0,000209
duties 0,356675 0,000038
dutra 3,912023 0,000416
duty 0,083382 0,000009
dwarfs 1,966113 0,000209
dwell 0,478036 0,000051
dweller 2,302585 0,000245
dwellers 1,469676 0,000156
dwells 1,469676 0,000156
dwindle 2,995732 0,000319
dwindled 1,771957 0,000188
dwindles 3,218876 0,000342
dying 0,261365 0,000028
dynamiter 3,912023 0,000416
eager 0,210721 0,000022
eagerly 0,385662 0,000041
eagerness 0,544727 0,000058
eagle 0,891598 0,000095
ear 0,139262 0,000015
earned 0,693147 0,000074
earnest 0,261365 0,000028
earnestly 0,415515 0,000044
earning 1,609438 0,000171
earnings 2,040221 0,000217
ears 0,105361 0,000011
earth 0,051293 0,000005
earthiest 3,912023 0,000416
earthly 0,673345 0,000072
ease 0,162519 0,000017
easier 0,385662 0,000041
easiest 1,171183 0,000125
easily 0,072571 0,000008
easiness 2,525729 0,000269
east 0,235722 0,000025
easter 1,714798 0,000182
easterly 1,966113 0,000209
eastward 1,203973 0,000128
easy 0,040822 0,000004
eat 0,083382 0,000009
eaten 0,446287 0,000047
eating 0,235722 0,000025
eaves 1,832581 0,000195
eavesdropping 2,813411 0,000299
ebenezer 2,813411 0,000299
ebullient 3,218876 0,000342
eccentric 0,916291 0,000097
eccentricities 1,966113 0,000209
echo 0,713350 0,000076
echoes 1,272966 0,000135
echoing 1,660731 0,000177
eclipse 1,771957 0,000188
eclogues 3,506558 0,000373
economical 1,514128 0,000161
economics 2,659260 0,000283
economy 0,820981 0,000087
ecstasy 0,867501 0,000092
ecstatic 1,347074 0,000143
eddies 1,714798 0,000182
eden 1,771957 0,000188
edgar 2,207275 0,000235
edge 0,210721 0,000022
edifice 1,660731 0,000177
edifices 1,832581 0,000195
edility 3,912023 0,000416
edinburgh 2,040221 0,000217
edited 1,966113 0,000209
edition 0,287682 0,000031
editions 0,385662 0,000041
editor 1,108663 0,000118
editorial 2,525729 0,000269
editors 2,407946 0,000256
edmund 2,525729 0,000269
educates 3,218876 0,000342
education 0,446287 0,000047
educational 0,446287 0,000047
edward 1,049822 0,000112
efface 1,771957 0,000188
effective 0,967584 0,000103
effectual 1,203973 0,000128
effeminacy 2,207275 0,000235
effeminate 1,714798 0,000182
efficaciously 3,506558 0,000373
efficient 1,309333 0,000139
effort 0,094311 0,000010
efforts 0,139262 0,000015
egg 1,108663 0,000118
eggs 0,776529 0,000083
egoism 2,302585 0,000245
egoist 2,659260 0,000283
egoistic 3,218876 0,000342
egotism 1,832581 0,000195
eheu 3,218876 0,000342
eighteen 0,462035 0,000049
eighteenth 1,203973 0,000128
eighth 0,798508 0,000085
ejaculated 1,609438 0,000171
el 1,966113 0,000209
elastic 1,386294 0,000147
elate 2,407946 0,000256
elbow 0,527633 0,000056
elder 0,478036 0,000051
eldest 0,867501 0,000092
eldorado 3,506558 0,000373
elect 0,328504 0,000035
elected 1,078810 0,000115
electing 2,525729 0,000269
election 1,309333 0,000139
elector 2,659260 0,000283
electors 2,813411 0,000299
electronic 0,544727 0,000058
electronically 0,544727 0,000058
elegance 0,994252 0,000106
elegant 0,634878 0,000068
elegiacs 3,912023 0,000416
elegy 2,525729 0,000269
elements 0,673345 0,000072
elephant 1,237874 0,000132
elephantine 3,218876 0,000342
elevation 0,843970 0,000090
eliot 2,407946 0,000256
elizabethan 2,407946 0,000256
elliot 3,218876 0,000342
eloquence 0,776529 0,000083
eloquent 0,820981 0,000087
elucidate 2,407946 0,000256
email 0,562119 0,000060
emanating 2,813411 0,000299
embarkation 2,302585 0,000245
embarking 2,407946 0,000256
embers 1,139434 0,000121
emblem 1,469676 0,000156
emblematic 3,912023 0,000416
emblems 2,120264 0,000225
embody 2,813411 0,000299
embowered 3,218876 0,000342
embrace 0,462035 0,000049
embraced 0,562119 0,000060
embraces 1,049822 0,000112
embracing 0,867501 0,000092
embroidery 1,514128 0,000161
emigrant 2,302585 0,000245
emigrants 2,407946 0,000256
emigration 2,040221 0,000217
eminently 1,469676 0,000156
emit 2,407946 0,000256
emotion 0,494296 0,000053
emotional 1,171183 0,000125
emphasis 0,891598 0,000095
emphasise 2,659260 0,000283
emphatic 1,427116 0,000152
emphatically 1,203973 0,000128
employed 0,415515 0,000044
employee 0,527633 0,000056
employees 0,544727 0,000058
employment 0,579818 0,000062
empyrean 2,659260 0,000283
en 0,994252 0,000106
enable 0,579818 0,000062
enables 1,237874 0,000132
enchanted 1,078810 0,000115
enchanting 1,714798 0,000182
enchantment 1,272966 0,000135
enclose 1,771957 0,000188
enclosed 0,916291 0,000097
enclosures 2,207275 0,000235
encoding 0,653926 0,000070
encore 2,525729 0,000269
encouragement 0,798508 0,000085
encourages 1,771957 0,000188
encouraging 0,798508 0,000085
endear 2,525729 0,000269
endeavouring 1,078810 0,000115
endless 0,478036 0,000051
endowed 0,820981 0,000087
endurance 0,891598 0,000095
endure 0,342490 0,000036
enemies 0,314711 0,000033
enemy 0,174353 0,000019
energetic 1,078810 0,000115
energies 1,108663 0,000118
energy 0,415515 0,000044
enfin 3,506558 0,000373
enfranchised 2,659260 0,000283
engaged 0,198451 0,000021
engagements 1,203973 0,000128
engaging 0,967584 0,000103
engine 1,021651 0,000109
engineer 1,469676 0,000156
engineering 1,966113 0,000209
engineers 1,660731 0,000177
engines 1,078810 0,000115
england 0,385662 0,000041
englander 2,995732 0,000319
english 0,094311 0,000010
englishman 0,916291 0,000097
englishmen 1,347074 0,000143
engrained 3,218876 0,000342
engraving 2,302585 0,000245
enjoy 0,150823 0,000016
enjoyed 0,415515 0,000044
enjoying 0,579818 0,000062
enjoyment 0,634878 0,000068
enmity 1,237874 0,000132
ennui 1,832581 0,000195
enormous 0,430783 0,000046
enrich 1,609438 0,000171
ensconce 3,506558 0,000373
enscrolled 3,912023 0,000416
enshrined 2,813411 0,000299
ensuring 0,544727 0,000058
enter 0,094311 0,000010
entered 0,051293 0,000005
enterprise 0,843970 0,000090
enterprises 1,609438 0,000171
enters 0,843970 0,000090
entertain 0,597837 0,000064
entertained 0,616186 0,000066
entertainers 3,506558 0,000373
entertaining 0,941609 0,000100
entertainment 0,820981 0,000087
enthusiasm 0,653926 0,000070
entire 0,274437 0,000029
entitle 1,832581 0,000195
entity 0,544727 0,000058
entomologists 3,218876 0,000342
entrance 0,210721 0,000022
entry 0,820981 0,000087
enunciate 3,912023 0,000416
envelope 1,427116 0,000152
enviable 2,040221 0,000217
envied 1,021651 0,000109
environed 2,525729 0,000269
envy 0,527633 0,000056
ephemerally 3,912023 0,000416
epic 2,040221 0,000217
epiphany 3,218876 0,000342
episode 1,108663 0,000118
epistolary 3,912023 0,000416
epitaph 1,966113 0,000209
epithet 1,560648 0,000166
epithets 2,302585 0,000245
epitome 2,120264 0,000225
epoch 1,347074 0,000143
equably 3,218876 0,000342
equal 0,174353 0,000019
equalitarian 3,912023 0,000416
equality 0,967584 0,000103
equally 0,223144 0,000024
equals 1,049822 0,000112
equanimity 1,660731 0,000177
equinoctial 2,525729 0,000269
equipment 0,430783 0,000046
equipped 1,049822 0,000112
ere 0,634878 0,000068
erected 0,843970 0,000090
ernest 2,302585 0,000245
error 0,371064 0,000039
errors 0,248461 0,000026
erudite 2,659260 0,000283
eruption 2,040221 0,000217
escape 0,094311 0,000010
escaped 0,235722 0,000025
eschews 3,912023 0,000416
especial 1,309333 0,000139
essay 1,078810 0,000115
essayism 3,912023 0,000416
essayist 3,218876 0,000342
essays 1,771957 0,000188
essence 0,693147 0,000074
essential 0,597837 0,000064
essentially 1,347074 0,000143
essentials 2,207275 0,000235
essex 2,302585 0,000245
est 1,309333 0,000139
established 0,301105 0,000032
estate 0,510826 0,000054
estates 1,237874 0,000132
esteem 0,494296 0,000053
esther 2,407946 0,000256
etcher 3,218876 0,000342
etching 2,995732 0,000319
etchings 2,813411 0,000299
eternal 0,415515 0,000044
eternally 1,347074 0,000143
eternity 0,693147 0,000074
ethereal 1,714798 0,000182
ethereally 3,912023 0,000416
ethical 2,120264 0,000225
etiquette 1,560648 0,000166
eton 2,302585 0,000245
euchre 3,912023 0,000416
euclid 2,207275 0,000235
europe 0,510826 0,000054
evan 3,506558 0,000373
evanishes 3,912023 0,000416
evasion 1,897120 0,000202
eve 0,673345 0,000072
evening 0,083382 0,000009
evenings 0,798508 0,000085
eventful 1,897120 0,000202
events 0,223144 0,000024
evergreen 1,966113 0,000209
evictions 3,506558 0,000373
evidence 0,261365 0,000028
evident 0,356675 0,000038
evidently 0,371064 0,000039
evil 0,162519 0,000017
evildoer 3,506558 0,000373
evolution 1,386294 0,000147
exact 0,287682 0,000031
exactitude 2,302585 0,000245
exaggerate 1,469676 0,000156
exaggerated 0,843970 0,000090
exaltation 1,714798 0,000182
examination 0,385662 0,000041
examined 0,356675 0,000038
exanimation 3,912023 0,000416
exceed 0,967584 0,000103
exceeding 0,916291 0,000097
exceedingly 0,462035 0,000049
excel 1,309333 0,000139
excelled 1,347074 0,000143
excellence 1,049822 0,000112
excellences 1,966113 0,000209
excellent 0,150823 0,000016
excellently 1,609438 0,000171
exceptionally 1,897120 0,000202
exceptions 1,139434 0,000121
excess 0,653926 0,000070
excessive 0,597837 0,000064
excise 2,813411 0,000299
excised 3,912023 0,000416
excitability 3,506558 0,000373
excitant 3,912023 0,000416
excited 0,248461 0,000026
excitement 0,430783 0,000046
exclamatory 3,218876 0,000342
excluding 1,897120 0,000202
exclusion 0,371064 0,000039
excruciating 2,120264 0,000225
excursion 1,171183 0,000125
excursions 1,469676 0,000156
excusable 2,120264 0,000225
excuse 0,174353 0,000019
excuses 1,078810 0,000115
execute 0,941609 0,000100
executed 0,733969 0,000078
execution 0,597837 0,000064
executioners 2,525729 0,000269
executive 1,171183 0,000125
exempt 0,371064 0,000039
exercise 0,287682 0,000031
exercised 0,867501 0,000092
exercises 0,891598 0,000095
exhausted 0,400478 0,000043
exhausting 1,609438 0,000171
exhausts 3,218876 0,000342
exhibit 0,967584 0,000103
exhibited 0,891598 0,000095
exhibition 1,139434 0,000121
exhibits 1,832581 0,000195
exhilaration 2,659260 0,000283
exile 0,891598 0,000095
exist 0,342490 0,000036
existed 0,510826 0,000054
existence 0,162519 0,000017
exists 0,235722 0,000025
expand 1,771957 0,000188
expansive 2,120264 0,000225
expect 0,186330 0,000020
expectations 0,916291 0,000097
expected 0,105361 0,000011
expects 1,021651 0,000109
expedient 0,967584 0,000103
expedite 2,302585 0,000245
expedition 0,776529 0,000083
expend 0,462035 0,000049
expense 0,150823 0,000016
expenses 0,210721 0,000022
expensive 0,843970 0,000090
experience 0,083382 0,000009
experiences 0,755023 0,000080
experiment 0,733969 0,000078
experimentalist 3,506558 0,000373
experiments 0,967584 0,000103
expire 1,514128 0,000161
expired 1,347074 0,000143
expires 2,525729 0,000269
expiring 1,714798 0,000182
explain 0,186330 0,000020
explained 0,248461 0,000026
explaining 0,733969 0,000078
explanation 0,139262 0,000015
explicit 1,347074 0,000143
explode 2,207275 0,000235
exploits 1,309333 0,000139
exploration 2,407946 0,000256
explosions 2,207275 0,000235
explosives 2,995732 0,000319
exporting 0,510826 0,000054
exposed 0,301105 0,000032
exposition 1,714798 0,000182
express 0,127833 0,000014
expressed 0,274437 0,000029
expresses 1,139434 0,000121
expression 0,127833 0,000014
expressive 0,733969 0,000078
expressiveness 3,912023 0,000416
expurgated 3,218876 0,000342
exquisite 0,673345 0,000072
extant 1,832581 0,000195
extend 0,867501 0,000092
extended 0,446287 0,000047
extending 0,820981 0,000087
extends 1,139434 0,000121
extension 1,427116 0,000152
extent 0,083382 0,000009
external 0,562119 0,000060
externality 3,912023 0,000416
extinct 1,108663 0,000118
extinguished 0,693147 0,000074
extra 0,843970 0,000090
extracted 1,203973 0,000128
extraction 2,120264 0,000225
extracts 1,309333 0,000139
extraordinary 0,371064 0,000039
extravagant 0,916291 0,000097
extreme 0,235722 0,000025
extremely 0,385662 0,000041
extremes 1,171183 0,000125
extremis 3,912023 0,000416
extremity 0,867501 0,000092
exuberantly 3,506558 0,000373
exuded 3,218876 0,000342
eye 0,030459 0,000003
eyed 0,597837 0,000064
eyes 0,010050 0,000001
fable 1,237874 0,000132
fables 1,771957 0,000188
fac 2,659260 0,000283
faced 0,820981 0,000087
facile 2,207275 0,000235
facilities 2,040221 0,000217
facility 0,356675 0,000038
facto 2,659260 0,000283
factory 1,514128 0,000161
faculties 0,693147 0,000074
faculty 0,755023 0,000080
fad 2,995732 0,000319
fades 2,040221 0,000217
fage 3,912023 0,000416
fagged 2,207275 0,000235
fail 0,235722 0,000025
failed 0,198451 0,000021
failings 2,120264 0,000225
fails 0,891598 0,000095
failure 0,446287 0,000047
failures 1,514128 0,000161
fain 0,967584 0,000103
faint 0,261365 0,000028
faintly 0,713350 0,000076
fair 0,051293 0,000005
fairbanks 1,386294 0,000147
fairy 1,078810 0,000115
fairyland 2,659260 0,000283
faith 0,210721 0,000022
faithful 0,261365 0,000028
faithfully 0,755023 0,000080
fall 0,020203 0,000002
fallen 0,083382 0,000009
fallible 2,813411 0,000299
falling 0,083382 0,000009
falls 0,328504 0,000035
false 0,210721 0,000022
falsehood 0,733969 0,000078
falsehoods 2,120264 0,000225
falsifies 3,506558 0,000373
fame 0,478036 0,000051
familiar 0,150823 0,000016
familiarity 0,891598 0,000095
familiars 2,525729 0,000269
family 0,072571 0,000008
famine 1,078810 0,000115
famous 0,261365 0,000028
famously 2,659260 0,000283
fan 0,916291 0,000097
fanatical 2,207275 0,000235
fancies 0,733969 0,000078
fancifully 2,995732 0,000319
fancy 0,198451 0,000021
fangled 2,207275 0,000235
fangs 1,660731 0,000177
fanny 2,302585 0,000245
fantastic 0,798508 0,000085
fantastically 2,302585 0,000245
fantasy 2,040221 0,000217
farceur 3,506558 0,000373
fardel 3,506558 0,000373
fare 0,733969 0,000078
faring 2,120264 0,000225
farm 0,798508 0,000085
farmers 0,994252 0,000106
farrant 3,912023 0,000416
fashed 3,912023 0,000416
fashion 0,174353 0,000019
fashionably 2,813411 0,000299
fashions 1,386294 0,000147
fast 0,061875 0,000007
fastest 2,040221 0,000217
fastidious 1,514128 0,000161
fat 0,314711 0,000033
fatal 0,342490 0,000036
fatally 1,714798 0,000182
fate 0,174353 0,000019
father 0,072571 0,000008
fatherly 1,966113 0,000209
fathers 0,478036 0,000051
fathoms 2,120264 0,000225
fatigue 0,616186 0,000066
fatness 2,207275 0,000235
fault 0,162519 0,000017
faults 0,693147 0,000074
faust 2,659260 0,000283
faut 2,207275 0,000235
faux 2,813411 0,000299
favour 0,579818 0,000062
favourable 0,776529 0,000083
favourite 0,653926 0,000070
fear 0,020203 0,000002
feared 0,235722 0,000025
fearful 0,400478 0,000043
fearing 0,673345 0,000072
fears 0,274437 0,000029
feast 0,544727 0,000058
feasted 1,660731 0,000177
feather 0,820981 0,000087
feathers 0,673345 0,000072
feature 0,562119 0,000060
features 0,328504 0,000035
february 0,820981 0,000087
feck 3,912023 0,000416
fed 0,371064 0,000039
federal 0,527633 0,000056
fee 0,342490 0,000036
feeble 0,371064 0,000039
feebleness 1,832581 0,000195
feel 0,020203 0,000002
feeling 0,105361 0,000011
feelings 0,314711 0,000033
feels 0,446287 0,000047
fees 0,415515 0,000044
feet 0,061875 0,000007
felicity 1,309333 0,000139
fell 0,051293 0,000005
fellow 0,051293 0,000005
fellows 0,287682 0,000031
fellowship 1,237874 0,000132
female 0,385662 0,000041
ferocity 1,237874 0,000132
ferrier 3,218876 0,000342
ferry 1,514128 0,000161
fervent 1,021651 0,000109
fervour 1,609438 0,000171
fetch 0,616186 0,000066
fetched 0,941609 0,000100
fetish 2,995732 0,000319
fetter 2,120264 0,000225
feudal 2,040221 0,000217
fever 0,371064 0,000039
fevered 2,525729 0,000269
feverish 0,843970 0,000090
fiascos 3,912023 0,000416
fiat 2,995732 0,000319
fibres 2,040221 0,000217
fiction 0,891598 0,000095
fictitious 1,560648 0,000166
fiddle 1,771957 0,000188
fiddles 2,525729 0,000269
fie 2,040221 0,000217
field 0,150823 0,000016
fielding 2,407946 0,000256
fields 0,287682 0,000031
fiend 1,171183 0,000125
fife 3,218876 0,000342
fifes 2,995732 0,000319
fifteenth 1,237874 0,000132
fig 1,347074 0,000143
fight 0,162519 0,000017
fighting 0,342490 0,000036
figurative 2,120264 0,000225
figure 0,072571 0,000008
figures 0,248461 0,000026
filaments 2,659260 0,000283
file 0,235722 0,000025
files 0,478036 0,000051
filet 3,912023 0,000416
filibuster 3,912023 0,000416
filings 3,506558 0,000373
fille 3,506558 0,000373
fils 2,995732 0,000319
filthy 1,078810 0,000115
final 0,342490 0,000036
finally 0,150823 0,000016
finances 1,897120 0,000202
financial 0,415515 0,000044
finding 1,309333 0,000139
fine 0,072571 0,000008
finely 1,171183 0,000125
fineness 1,966113 0,000209
finest 0,494296 0,000053
finger 0,261365 0,000028
fingers 0,235722 0,000025
finish 0,314711 0,000033
finished 0,162519 0,000017
finn 2,813411 0,000299
fir 1,514128 0,000161
fireside 1,714798 0,000182
firework 3,218876 0,000342
firing 1,660731 0,000177
firm 0,274437 0,000029
firs 2,302585 0,000245
firth 3,912023 0,000416
fish 0,314711 0,000033
fisherman 1,427116 0,000152
fishers 2,207275 0,000235
fishery 2,659260 0,000283
fishes 0,967584 0,000103
fishing 0,755023 0,000080
fishy 2,659260 0,000283
fist 0,713350 0,000076
fit 0,061875 0,000007
fitful 2,040221 0,000217
fitfully 1,966113 0,000209
fitness 0,446287 0,000047
fits 0,634878 0,000068
fitted 0,261365 0,000028
fitter 1,832581 0,000195
fitting 0,510826 0,000054
fivepence 3,506558 0,000373
fiver 2,813411 0,000299
fixture 2,407946 0,000256
flag 0,891598 0,000095
flagrant 2,302585 0,000245
flair 3,506558 0,000373
flame 0,400478 0,000043
flames 0,616186 0,000066
flaming 0,820981 0,000087
flanders 2,207275 0,000235
flapping 1,309333 0,000139
flared 1,832581 0,000195
flaring 1,514128 0,000161
flash 0,510826 0,000054
flashes 1,078810 0,000115
flat 0,248461 0,000026
flats 1,897120 0,000202
flatter 0,713350 0,000076
flattered 0,843970 0,000090
flattering 0,798508 0,000085
flatters 2,302585 0,000245
flattery 0,891598 0,000095
flaubert 2,995732 0,000319
flavour 1,514128 0,000161
flaw 1,771957 0,000188
flaws 2,525729 0,000269
fleas 2,659260 0,000283
fled 0,371064 0,000039
fledged 2,040221 0,000217
flee 1,171183 0,000125
fleering 3,912023 0,000416
fleets 1,966113 0,000209
flesh 0,210721 0,000022
fleshly 2,040221 0,000217
fleury 3,218876 0,000342
flew 0,314711 0,000033
fliest 3,506558 0,000373
flight 0,314711 0,000033
flights 1,237874 0,000132
flighty 2,207275 0,000235
flint 1,237874 0,000132
float 0,967584 0,000103
floats 1,560648 0,000166
flood 0,544727 0,000058
flooded 1,427116 0,000152
floodgates 3,506558 0,000373
floor 0,186330 0,000020
floored 2,995732 0,000319
flora 2,407946 0,000256
floundering 1,660731 0,000177
flourish 0,994252 0,000106
flourishes 1,771957 0,000188
flourishing 1,021651 0,000109
flouting 3,912023 0,000416
flow 0,462035 0,000049
flower 0,342490 0,000036
flowering 1,966113 0,000209
flowers 0,274437 0,000029
flows 0,941609 0,000100
fluid 1,272966 0,000135
flurried 1,966113 0,000209
flurries 2,813411 0,000299
flush 0,941609 0,000100
flushed 0,713350 0,000076
flute 1,714798 0,000182
flutes 1,966113 0,000209
flutter 1,171183 0,000125
fluttered 0,967584 0,000103
fly 0,210721 0,000022
flying 0,235722 0,000025
foam 0,967584 0,000103
fodder 2,659260 0,000283
fog 0,713350 0,000076
fogs 2,040221 0,000217
foisted 3,506558 0,000373
foliage 0,916291 0,000097
folk 0,994252 0,000106
folks 0,941609 0,000100
follow 0,020203 0,000002
folly 0,301105 0,000032
fond 0,287682 0,000031
fondness 1,386294 0,000147
food 0,127833 0,000014
foods 2,659260 0,000283
fool 0,314711 0,000033
foolery 2,407946 0,000256
fooling 1,966113 0,000209
foolish 0,235722 0,000025
foolishly 1,139434 0,000121
foolscap 2,813411 0,000299
foot 0,083382 0,000009
football 2,040221 0,000217
footfalls 2,525729 0,000269
footing 0,820981 0,000087
footnote 2,407946 0,000256
footnotes 1,609438 0,000171
footpath 1,897120 0,000202
foots 3,506558 0,000373
forbids 1,560648 0,000166
forbye 3,506558 0,000373
force 0,061875 0,000007
forced 0,139262 0,000015
forces 0,462035 0,000049
forcible 1,609438 0,000171
forcing 0,693147 0,000074
fore 0,755023 0,000080
forefathers 1,660731 0,000177
foregoing 1,714798 0,000182
foreground 1,660731 0,000177
foreheads 1,832581 0,000195
foreign 0,301105 0,000032
foreigner 1,272966 0,000135
foremost 0,673345 0,000072
forenoon 1,347074 0,000143
forenoons 3,506558 0,000373
foresee 1,049822 0,000112
foreseen 1,021651 0,000109
foresight 1,139434 0,000121
forest 0,430783 0,000046
forests 0,891598 0,000095
forfeited 1,660731 0,000177
forge 1,347074 0,000143
forget 0,072571 0,000008
forgetful 1,347074 0,000143
forgive 0,356675 0,000038
forgiven 0,941609 0,000100
forgiveness 0,916291 0,000097
forgiving 1,386294 0,000147
forgot 0,261365 0,000028
forgotten 0,162519 0,000017
form 0,040822 0,000004
formally 1,386294 0,000147
format 0,562119 0,000060
formats 0,562119 0,000060
formed 0,210721 0,000022
formes 3,506558 0,000373
formidable 0,673345 0,000072
forms 0,248461 0,000026
forpet 3,912023 0,000416
forrit 3,912023 0,000416
forswear 3,912023 0,000416
fort 1,171183 0,000125
forte 1,897120 0,000202
fortescue 3,218876 0,000342
forthcoming 2,120264 0,000225
forthright 3,912023 0,000416
forthwith 1,108663 0,000118
fortnight 0,941609 0,000100
fortunate 0,415515 0,000044
fortunately 0,579818 0,000062
fortune 0,186330 0,000020
fortunes 0,616186 0,000066
foster 1,171183 0,000125
fought 0,371064 0,000039
foul 0,634878 0,000068
foundation 0,174353 0,000019
foundations 0,843970 0,000090
fountain 0,713350 0,000076
fourteen 0,616186 0,000066
fourth 0,186330 0,000020
fox 0,941609 0,000100
fra 2,659260 0,000283
frae 3,506558 0,000373
fragment 1,108663 0,000118
frail 0,967584 0,000103
frailties 2,659260 0,000283
frailty 2,302585 0,000245
frame 0,235722 0,000025
framed 0,916291 0,000097
framework 1,609438 0,000171
franc 3,218876 0,000342
france 0,544727 0,000058
franchise 3,218876 0,000342
francis 1,469676 0,000156
francisco 2,120264 0,000225
francs 2,302585 0,000245
frank 0,616186 0,000066
frankfurt 3,506558 0,000373
franklin 2,040221 0,000217
frankly 0,798508 0,000085
frantic 0,820981 0,000087
freak 1,771957 0,000188
freakish 3,218876 0,000342
freaks 2,207275 0,000235
frederick 1,272966 0,000135
freedom 0,223144 0,000024
freely 0,105361 0,000011
freeman 1,897120 0,000202
freen 3,912023 0,000416
freend 3,912023 0,000416
freeze 1,560648 0,000166
freight 1,469676 0,000156
french 0,342490 0,000036
frenchman 1,272966 0,000135
frenzy 0,867501 0,000092
frequent 0,342490 0,000036
fresh 0,105361 0,000011
freshen 2,407946 0,000256
freshly 1,347074 0,000143
freshness 1,021651 0,000109
fret 1,272966 0,000135
fretful 2,207275 0,000235
fretting 1,427116 0,000152
friday 0,967584 0,000103
friend 0,040822 0,000004
friendly 0,261365 0,000028
friends 0,020203 0,000002
friendship 0,287682 0,000031
friendships 1,514128 0,000161
fright 0,653926 0,000070
frightened 0,301105 0,000032
frightens 2,120264 0,000225
frightfully 1,560648 0,000166
fringes 2,302585 0,000245
frivolity 1,771957 0,000188
fro 0,494296 0,000053
frock 1,049822 0,000112
frog 1,609438 0,000171
frogs 1,514128 0,000161
frolic 1,966113 0,000209
frond 3,506558 0,000373
frontier 1,347074 0,000143
frontiers 1,714798 0,000182
frontiersmen 3,506558 0,000373
frontispiece 1,714798 0,000182
frost 0,755023 0,000080
frosts 2,120264 0,000225
frosty 1,386294 0,000147
froth 1,771957 0,000188
frozen 0,733969 0,000078
frugal 1,609438 0,000171
fruit 0,274437 0,000029
fruiterer 3,218876 0,000342
fruitful 1,171183 0,000125
fruitier 3,912023 0,000416
fruitlessly 2,407946 0,000256
fruits 0,446287 0,000047
fry 2,120264 0,000225
fulfilling 1,514128 0,000161
fulness 1,386294 0,000147
fulsomely 3,912023 0,000416
fumbling 1,609438 0,000171
fume 2,207275 0,000235
fun 0,798508 0,000085
fundamental 1,237874 0,000132
fundamentally 2,813411 0,000299
funds 1,427116 0,000152
funnily 3,506558 0,000373
funny 1,021651 0,000109
fur 0,994252 0,000106
furious 0,430783 0,000046
furiously 0,755023 0,000080
furlough 2,659260 0,000283
furnace 1,021651 0,000109
furnished 0,328504 0,000035
furniture 0,415515 0,000044
furtherance 2,120264 0,000225
furtive 1,714798 0,000182
fury 0,328504 0,000035
furze 2,525729 0,000269
fusion 2,525729 0,000269
fussy 2,659260 0,000283
future 0,105361 0,000011
fy 3,506558 0,000373
gadarene 3,912023 0,000416
gaelic 3,218876 0,000342
gaiety 1,272966 0,000135
gaily 1,078810 0,000115
gain 0,174353 0,000019
gained 0,261365 0,000028
gaining 0,544727 0,000058
gains 0,916291 0,000097
gale 1,171183 0,000125
gallant 0,867501 0,000092
gallantly 1,309333 0,000139
gallery 0,798508 0,000085
gallic 2,407946 0,000256
galling 1,832581 0,000195
gallop 0,994252 0,000106
galloping 1,309333 0,000139
galloway 3,218876 0,000342
gallows 1,386294 0,000147
galvanised 2,995732 0,000319
gambling 1,609438 0,000171
game 0,248461 0,000026
games 0,693147 0,000074
gang 1,237874 0,000132
gap 0,994252 0,000106
gaping 0,994252 0,000106
gaps 1,560648 0,000166
garcons 3,506558 0,000373
gard 3,506558 0,000373
garden 0,198451 0,000021
gardener 1,203973 0,000128
gardeners 1,771957 0,000188
gardens 0,510826 0,000054
gargantua 3,506558 0,000373
gargantuan 3,506558 0,000373
garibaldian 3,912023 0,000416
garment 0,755023 0,000080
garments 0,597837 0,000064
garnishes 3,912023 0,000416
garrisons 2,302585 0,000245
garter 2,120264 0,000225
gas 1,171183 0,000125
gaslight 2,995732 0,000319
gasps 2,040221 0,000217
gastric 3,218876 0,000342
gate 0,287682 0,000031
gates 0,446287 0,000047
gather 0,328504 0,000035
gathered 0,150823 0,000016
gauge 2,302585 0,000245
gaunt 1,139434 0,000121
gay 0,494296 0,000053
gayest 2,207275 0,000235
gazette 1,609438 0,000171
geld 3,506558 0,000373
gem 1,832581 0,000195
generation 0,510826 0,000054
generations 0,198451 0,000021
generosity 0,820981 0,000087
generous 0,356675 0,000038
genial 0,994252 0,000106
genius 0,400478 0,000043
gent 2,407946 0,000256
gentle 0,274437 0,000029
gentleman 0,301105 0,000032
gentlemanly 1,771957 0,000188
gentlemen 0,430783 0,000046
gently 0,235722 0,000025
genuine 0,597837 0,000064
geordie 3,506558 0,000373
george 0,616186 0,000066
georgia 2,120264 0,000225
germain 2,407946 0,000256
german 0,510826 0,000054
germany 1,049822 0,000112
gestated 3,912023 0,000416
gesture 0,634878 0,000068
gestures 0,891598 0,000095
ghaist 3,912023 0,000416
ghastly 0,867501 0,000092
ghost 0,544727 0,000058
ghostly 1,237874 0,000132
giant 0,634878 0,000068
gibbet 2,120264 0,000225
gie 3,506558 0,000373
gied 3,912023 0,000416
gien 3,912023 0,000416
gift 0,261365 0,000028
gifted 1,049822 0,000112
gifts 0,527633 0,000056
gigantic 0,994252 0,000106
gilder 3,218876 0,000342
gilled 3,912023 0,000416
gilt 1,469676 0,000156
gin 1,514128 0,000161
gingerbread 1,897120 0,000202
gingerly 2,407946 0,000256
gipsies 2,120264 0,000225
gipsy 2,302585 0,000245
gird 1,966113 0,000209
girl 0,235722 0,000025
girls 0,400478 0,000043
girn 3,506558 0,000373
gist 2,813411 0,000299
giveth 2,302585 0,000245
glad 0,072571 0,000008
glade 1,832581 0,000195
gladly 0,544727 0,000058
gladness 1,049822 0,000112
gladstone 2,813411 0,000299
glance 0,248461 0,000026
glancing 0,693147 0,000074
glare 0,843970 0,000090
glaring 0,967584 0,000103
glasgow 2,207275 0,000235
glass 0,186330 0,000020
glasses 0,713350 0,000076
gleam 0,693147 0,000074
gleaming 0,916291 0,000097
glee 1,309333 0,000139
glen 2,407946 0,000256
glibness 3,912023 0,000416
glimmer 1,347074 0,000143
glimmering 1,660731 0,000177
glimpse 0,544727 0,000058
glimpses 1,021651 0,000109
globe 0,891598 0,000095
gloom 0,579818 0,000062
gloomier 2,995732 0,000319
gloomy 0,478036 0,000051
glorification 2,813411 0,000299
glorified 1,609438 0,000171
glorious 0,462035 0,000049
glory 0,342490 0,000036
gloucester 2,525729 0,000269
glove 1,427116 0,000152
gloves 0,693147 0,000074
glow 0,527633 0,000056
glowing 0,510826 0,000054
gnash 2,525729 0,000269
gnawn 3,912023 0,000416
goad 2,207275 0,000235
goals 0,544727 0,000058
goat 1,021651 0,000109
god 0,094311 0,000010
goddesses 1,966113 0,000209
godly 2,207275 0,000235
gods 0,653926 0,000070
godsend 2,407946 0,000256
goethe 2,302585 0,000245
gold 0,083382 0,000009
golden 0,342490 0,000036
golly 3,506558 0,000373
golosh 3,912023 0,000416
gong 2,302585 0,000245
goodly 1,272966 0,000135
goodness 0,328504 0,000035
goodwill 1,660731 0,000177
goon 3,912023 0,000416
goose 0,941609 0,000100
gordon 2,120264 0,000225
gorge 1,714798 0,000182
gorgeous 1,171183 0,000125
gosh 3,218876 0,000342
gospel 1,021651 0,000109
gospels 2,407946 0,000256
gossamer 2,207275 0,000235
gossip 1,108663 0,000118
gossiping 1,897120 0,000202
gout 1,966113 0,000209
govern 0,342490 0,000036
governesses 2,302585 0,000245
government 0,494296 0,000053
gown 0,693147 0,000074
grace 0,235722 0,000025
graceful 0,494296 0,000053
graces 1,139434 0,000121
gradual 1,049822 0,000112
gradually 0,328504 0,000035
graduated 2,040221 0,000217
graham 2,659260 0,000283
grain 0,597837 0,000064
grammar 1,203973 0,000128
grand 0,342490 0,000036
grande 1,897120 0,000202
grander 2,407946 0,000256
grandeur 0,994252 0,000106
grandfather 0,776529 0,000083
grandson 1,427116 0,000152
grandsons 2,659260 0,000283
grange 2,407946 0,000256
granite 1,347074 0,000143
grant 0,371064 0,000039
granted 0,150823 0,000016
grape 1,272966 0,000135
grasping 0,891598 0,000095
grass 0,314711 0,000033
grateful 0,446287 0,000047
gratefully 0,415515 0,000044
gratifying 1,272966 0,000135
gratitude 0,478036 0,000051
grave 0,127833 0,000014
gravely 0,693147 0,000074
graves 0,994252 0,000106
gravestone 2,995732 0,000319
graveyards 3,218876 0,000342
gravity 0,713350 0,000076
gray 0,733969 0,000078
greatcoat 2,302585 0,000245
greatly 0,210721 0,000022
greatness 0,693147 0,000074
greece 1,139434 0,000121
greed 1,609438 0,000171
greedy 1,021651 0,000109
greek 0,544727 0,000058
green 0,105361 0,000011
greenhouses 3,506558 0,000373
greenness 2,207275 0,000235
greens 2,120264 0,000225
greet 0,994252 0,000106
greeting 0,798508 0,000085
gregory 1,139434 0,000121
grenades 2,995732 0,000319
grew 0,139262 0,000015
grey 0,562119 0,000060
grief 0,356675 0,000038
grim 0,776529 0,000083
grimace 1,714798 0,000182
grime 2,659260 0,000283
grimly 1,108663 0,000118
grind 1,272966 0,000135
grinding 1,078810 0,000115
gripped 1,469676 0,000156
grocer 1,897120 0,000202
groceress 3,912023 0,000416
grog 2,302585 0,000245
grope 1,832581 0,000195
gros 2,995732 0,000319
gross 0,235722 0,000025
grossly 1,386294 0,000147
grotesque 1,078810 0,000115
ground 0,030459 0,000003
grounds 0,446287 0,000047
groundy 3,912023 0,000416
grouse 2,407946 0,000256
grove 0,994252 0,000106
grovelling 1,771957 0,000188
groves 1,272966 0,000135
grow 0,139262 0,000015
growing 0,174353 0,000019
grown 0,116534 0,000012
grows 0,527633 0,000056
growth 0,462035 0,000049
growths 2,207275 0,000235
grudge 1,171183 0,000125
grumble 1,714798 0,000182
grundyism 3,912023 0,000416
guard 0,174353 0,000019
guardian 0,693147 0,000074
gudgeons 3,506558 0,000373
guerre 2,659260 0,000283
guess 0,314711 0,000033
guest 0,527633 0,000056
guests 0,446287 0,000047
guid 3,506558 0,000373
guide 0,261365 0,000028
guides 1,108663 0,000118
guiding 0,867501 0,000092
guilt 0,544727 0,000058
guilty 0,356675 0,000038
guinea 1,237874 0,000132
guineas 1,427116 0,000152
guitar 2,040221 0,000217
gules 2,995732 0,000319
gulf 0,755023 0,000080
gullet 2,407946 0,000256
gullies 2,302585 0,000245
gulls 2,525729 0,000269
gulping 2,659260 0,000283
gum 1,832581 0,000195
gummy 2,995732 0,000319
gun 0,755023 0,000080
guns 0,843970 0,000090
gush 1,469676 0,000156
gushes 2,995732 0,000319
gust 1,386294 0,000147
gusto 2,120264 0,000225
gusts 1,660731 0,000177
gusty 2,302585 0,000245
guts 2,995732 0,000319
gutter 1,560648 0,000166
guttle 3,912023 0,000416
guttler 3,912023 0,000416
guy 2,120264 0,000225
guys 3,218876 0,000342
gymnasium 1,966113 0,000209
gymnastic 1,897120 0,000202
ha 0,891598 0,000095
habakkuk 3,218876 0,000342
habit 0,223144 0,000024
habitable 1,966113 0,000209
habitation 1,139434 0,000121
habits 0,356675 0,000038
habitual 0,916291 0,000097
habitually 1,469676 0,000156
hackneyed 2,525729 0,000269
hacks 2,525729 0,000269
hades 2,659260 0,000283
hae 3,506558 0,000373
hag 1,897120 0,000202
hail 0,634878 0,000068
hailed 1,078810 0,000115
hailing 1,966113 0,000209
hair 0,094311 0,000010
haired 0,820981 0,000087
hairs 0,916291 0,000097
hairy 1,078810 0,000115
halberts 3,912023 0,000416
hale 1,771957 0,000188
hales 3,506558 0,000373
halfpenny 2,302585 0,000245
halfway 1,386294 0,000147
hall 0,314711 0,000033
hallelujah 2,995732 0,000319
hallowed 1,897120 0,000202
halls 1,309333 0,000139
halt 0,755023 0,000080
halting 1,309333 0,000139
halts 2,120264 0,000225
ham 1,237874 0,000132
hamlet 1,139434 0,000121
hammering 1,714798 0,000182
hams 2,207275 0,000235
hand 0,010050 0,000001
handbook 3,506558 0,000373
handed 0,274437 0,000029
handful 0,867501 0,000092
handfuls 1,609438 0,000171
handicapped 2,813411 0,000299
handicapper 3,912023 0,000416
handicraft 2,407946 0,000256
handing 1,309333 0,000139
handiwork 1,966113 0,000209
handkerchief 0,653926 0,000070
handkerchiefs 1,660731 0,000177
handle 0,415515 0,000044
handled 0,916291 0,000097
handles 1,560648 0,000166
handling 1,203973 0,000128
handmaid 1,832581 0,000195
hands 0,020203 0,000002
handsome 0,328504 0,000035
handsomely 1,139434 0,000121
handwriting 1,237874 0,000132
handy 0,994252 0,000106
hang 0,400478 0,000043
hanger 2,659260 0,000283
hanging 0,261365 0,000028
hangs 0,941609 0,000100
hankering 2,407946 0,000256
hants 3,912023 0,000416
happen 0,150823 0,000016
happened 0,094311 0,000010
happier 0,544727 0,000058
happiest 0,798508 0,000085
happily 0,478036 0,000051
happiness 0,150823 0,000016
happy 0,072571 0,000008
harbour 1,078810 0,000115
hard 0,040822 0,000004
hardened 0,820981 0,000087
harder 0,597837 0,000064
hardest 0,967584 0,000103
hardier 2,995732 0,000319
hardy 0,994252 0,000106
hare 1,203973 0,000128
hark 1,237874 0,000132
harled 3,912023 0,000416
harm 0,210721 0,000022
harmful 2,407946 0,000256
harmless 0,248461 0,000026
harmony 0,579818 0,000062
harp 0,941609 0,000100
harried 2,995732 0,000319
harriers 3,506558 0,000373
harrison 2,813411 0,000299
harry 1,427116 0,000152
harsh 0,510826 0,000054
hart 0,462035 0,000049
harvest 0,755023 0,000080
hash 2,407946 0,000256
hast 0,891598 0,000095
haste 0,371064 0,000039
hasten 1,021651 0,000109
hastily 0,462035 0,000049
hasty 0,510826 0,000054
hat 0,478036 0,000051
hatchet 1,966113 0,000209
hate 0,274437 0,000029
hated 0,356675 0,000038
hateful 0,891598 0,000095
hater 2,525729 0,000269
hates 1,237874 0,000132
hats 0,941609 0,000100
haul 1,609438 0,000171
hauling 1,660731 0,000177
haunt 1,049822 0,000112
haunted 0,579818 0,000062
haunting 1,469676 0,000156
havoc 1,714798 0,000182
haw 2,407946 0,000256
hawk 1,427116 0,000152
hawser 2,525729 0,000269
hawthorn 2,659260 0,000283
hawthorne 2,995732 0,000319
head 0,000000 0,000000
headachy 3,912023 0,000416
headed 0,510826 0,000054
heading 1,203973 0,000128
headless 1,897120 0,000202
headlong 0,843970 0,000090
headquarters 1,660731 0,000177
heads 0,094311 0,000010
heal 1,309333 0,000139
health 0,198451 0,000021
healthfully 2,813411 0,000299
healthy 0,356675 0,000038
heap 0,494296 0,000053
heaped 0,994252 0,000106
heaps 0,733969 0,000078
hear 0,010050 0,000001
heard 0,020203 0,000002
hearer 1,609438 0,000171
hearing 0,139262 0,000015
hearkened 2,659260 0,000283
hears 0,673345 0,000072
heart 0,010050 0,000001
heartbreaking 2,525729 0,000269
hearted 0,415515 0,000044
heartfelt 2,120264 0,000225
heartily 0,597837 0,000064
hearts 0,261365 0,000028
heartsome 3,912023 0,000416
hearty 0,653926 0,000070
heat 0,274437 0,000029
heath 1,560648 0,000166
heathen 1,272966 0,000135
heather 2,207275 0,000235
heave 1,427116 0,000152
heaven 0,198451 0,000021
heavenly 0,843970 0,000090
heavens 0,430783 0,000046
heavier 0,776529 0,000083
heavily 0,400478 0,000043
heavy 0,030459 0,000003
hebetude 3,912023 0,000416
hebrew 1,203973 0,000128
hedgerows 3,506558 0,000373
heel 0,713350 0,000076
heels 0,446287 0,000047
height 0,261365 0,000028
heightened 1,469676 0,000156
heights 0,916291 0,000097
held 0,040822 0,000004
helena 2,120264 0,000225
hellish 1,966113 0,000209
hellishly 3,912023 0,000416
helpless 0,328504 0,000035
helplessly 1,514128 0,000161
hemispheres 2,525729 0,000269
hemmed 1,560648 0,000166
henrietta 2,995732 0,000319
henry 0,713350 0,000076
herb 1,309333 0,000139
herbert 2,525729 0,000269
hercules 1,272966 0,000135
herd 0,713350 0,000076
hereabouts 2,040221 0,000217
hereaway 3,912023 0,000416
hereditary 1,108663 0,000118
heresiarch 3,506558 0,000373
heretofore 1,272966 0,000135
herewith 2,207275 0,000235
heriot 3,912023 0,000416
hermit 1,514128 0,000161
hero 0,544727 0,000058
heroes 0,713350 0,000076
heroic 0,891598 0,000095
heroine 1,660731 0,000177
heroines 2,207275 0,000235
herr 2,525729 0,000269
herring 2,407946 0,000256
hesitate 0,616186 0,000066
hesitation 0,616186 0,000066
hester 2,995732 0,000319
hexameters 3,218876 0,000342
hey 1,347074 0,000143
hic 2,659260 0,000283
hidden 0,248461 0,000026
hide 0,287682 0,000031
hideous 0,527633 0,000056
hiding 0,616186 0,000066
highland 2,120264 0,000225
highlander 2,813411 0,000299
highlanders 2,659260 0,000283
highlands 2,302585 0,000245
highly 0,261365 0,000028
highway 1,108663 0,000118
highwayman 2,525729 0,000269
highwaymen 2,659260 0,000283
highways 1,660731 0,000177
hill 0,248461 0,000026
hillo 2,995732 0,000319
hillock 2,302585 0,000245
hills 0,356675 0,000038
hillside 1,469676 0,000156
hilltop 2,813411 0,000299
hilltops 3,218876 0,000342
hinder 0,820981 0,000087
hindmost 2,120264 0,000225
hinge 2,207275 0,000235
hint 0,462035 0,000049
hips 1,714798 0,000182
hire 1,203973 0,000128
hispaniola 2,813411 0,000299
hiss 1,347074 0,000143
hist 2,120264 0,000225
historic 1,832581 0,000195
historical 0,843970 0,000090
history 0,186330 0,000020
hit 0,356675 0,000038
hitch 1,714798 0,000182
hitherto 0,385662 0,000041
ho 1,203973 0,000128
hoar 1,609438 0,000171
hoarfrost 3,218876 0,000342
hoast 3,218876 0,000342
hoc 2,302585 0,000245
hocks 3,912023 0,000416
hoggishly 3,912023 0,000416
hold 0,020203 0,000002
holder 0,446287 0,000047
holding 0,174353 0,000019
holds 0,342490 0,000036
hole 0,356675 0,000038
holes 0,562119 0,000060
holiday 0,798508 0,000085
holidays 1,272966 0,000135
holland 1,514128 0,000161
hollow 0,446287 0,000047
holly 2,302585 0,000245
holy 0,385662 0,000041
homeliness 3,506558 0,000373
homely 1,272966 0,000135
homes 2,813411 0,000299
homeward 0,891598 0,000095
honest 0,235722 0,000025
honestly 0,843970 0,000090
honesty 0,733969 0,000078
honeydew 3,912023 0,000416
honour 0,510826 0,000054
honourable 0,941609 0,000100
honoured 0,916291 0,000097
honouring 2,040221 0,000217
hoo 2,995732 0,000319
hoofs 1,108663 0,000118
hope 0,010050 0,000001
hoped 0,210721 0,000022
hopeful 0,916291 0,000097
hopeless 0,510826 0,000054
hopes 0,210721 0,000022
hoping 0,430783 0,000046
horace 1,514128 0,000161
horatian 3,506558 0,000373
horatio 3,218876 0,000342
horde 2,207275 0,000235
horizon 0,616186 0,000066
horn 0,776529 0,000083
hornpipes 3,912023 0,000416
horrible 0,356675 0,000038
horribly 0,916291 0,000097
horrid 0,713350 0,000076
horridly 3,506558 0,000373
horror 0,248461 0,000026
horrors 0,693147 0,000074
horse 0,162519 0,000017
horseman 1,386294 0,000147
horseplay 3,218876 0,000342
horses 0,261365 0,000028
hospital 0,916291 0,000097
hostelries 3,506558 0,000373
hostess 1,347074 0,000143
hot 0,116534 0,000012
hotel 0,820981 0,000087
hotels 1,897120 0,000202
hound 1,272966 0,000135
hour 0,083382 0,000009
hours 0,094311 0,000010
house 0,020203 0,000002
houseful 2,813411 0,000299
household 0,430783 0,000046
householder 2,995732 0,000319
householders 3,218876 0,000342
housemaid 1,660731 0,000177
houses 0,139262 0,000015
hovered 1,203973 0,000128
hovering 1,171183 0,000125
howard 2,659260 0,000283
howe 3,218876 0,000342
howl 1,021651 0,000109
howled 1,386294 0,000147
howling 0,755023 0,000080
huckleberry 2,995732 0,000319
hucksters 2,995732 0,000319
hue 0,798508 0,000085
huge 0,400478 0,000043
hugely 2,407946 0,000256
hugh 2,040221 0,000217
hugo 1,966113 0,000209
huguenots 2,995732 0,000319
hulk 2,407946 0,000256
hulking 2,995732 0,000319
hum 0,891598 0,000095
human 0,083382 0,000009
humane 1,203973 0,000128
humanity 0,494296 0,000053
humanly 2,813411 0,000299
humans 2,207275 0,000235
humble 0,301105 0,000032
humbug 1,660731 0,000177
hume 2,207275 0,000235
humility 0,867501 0,000092
humorous 1,427116 0,000152
humour 0,733969 0,000078
humoured 1,609438 0,000171
humourist 3,218876 0,000342
hundredth 1,347074 0,000143
hundredweight 2,525729 0,000269
hung 0,174353 0,000019
hunger 0,478036 0,000051
hunt 0,544727 0,000058
hunted 0,867501 0,000092
hunter 0,820981 0,000087
hunting 0,462035 0,000049
hurly 3,218876 0,000342
hurrah 1,386294 0,000147
hurried 0,356675 0,000038
hurriedly 0,891598 0,000095
hurry 0,328504 0,000035
hurt 0,198451 0,000021
hurts 1,139434 0,000121
husband 0,248461 0,000026
husbandman 2,120264 0,000225
hush 0,776529 0,000083
husks 2,525729 0,000269
husky 1,560648 0,000166
hyacinth 2,525729 0,000269
hyde 1,897120 0,000202
hydropathic 3,912023 0,000416
hygienics 3,912023 0,000416
hyke 3,506558 0,000373
hymn 1,021651 0,000109
hymns 1,714798 0,000182
hypochondria 2,659260 0,000283
hypothesis 1,272966 0,000135
hypothetically 2,813411 0,000299
hysterical 1,469676 0,000156
hysterics 1,714798 0,000182
ic 3,912023 0,000416
ice 0,527633 0,000056
iced 2,995732 0,000319
ich 2,659260 0,000283
icy 1,203973 0,000128
idea 0,105361 0,000011
ideal 0,843970 0,000090
idealism 2,302585 0,000245
idealist 2,525729 0,000269
ideals 1,609438 0,000171
ideas 0,314711 0,000033
idem 2,813411 0,000299
identical 0,994252 0,000106
identification 0,527633 0,000056
identify 0,415515 0,000044
identifying 2,659260 0,000283
ides 3,506558 0,000373
idiom 2,407946 0,000256
idiot 0,941609 0,000100
idiotic 1,347074 0,000143
idle 0,274437 0,000029
idleness 0,755023 0,000080
idlers 2,302585 0,000245
idling 1,832581 0,000195
idyllic 3,218876 0,000342
ignoble 1,427116 0,000152
ignorance 0,287682 0,000031
ignorant 0,301105 0,000032
iii 0,287682 0,000031
ile 2,995732 0,000319
iliad 1,966113 0,000209
illegal 1,660731 0,000177
illegitimate 1,966113 0,000209
illness 0,616186 0,000066
illuminated 1,108663 0,000118
illuminating 1,966113 0,000209
illusion 1,049822 0,000112
illusions 1,660731 0,000177
illustrate 1,139434 0,000121
illustrated 1,021651 0,000109
illustration 1,139434 0,000121
illustrations 1,108663 0,000118
image 0,371064 0,000039
imaginary 0,755023 0,000080
imagination 0,223144 0,000024
imaginative 1,609438 0,000171
imagine 0,139262 0,000015
imagined 0,287682 0,000031
imagines 1,966113 0,000209
imbecility 1,609438 0,000171
imbrues 3,912023 0,000416
imitate 0,891598 0,000095
imitating 1,427116 0,000152
imitation 0,693147 0,000074
imitative 2,525729 0,000269
imitativeness 3,912023 0,000416
immature 2,525729 0,000269
immemorial 1,714798 0,000182
immense 0,314711 0,000033
immensely 1,171183 0,000125
immersed 1,469676 0,000156
immoral 1,660731 0,000177
immorality 1,966113 0,000209
immortal 0,776529 0,000083
immortalised 2,995732 0,000319
immortality 1,171183 0,000125
immovably 2,407946 0,000256
imp 1,832581 0,000195
imparting 1,714798 0,000182
impatient 0,371064 0,000039
impediment 1,714798 0,000182
imperfect 0,673345 0,000072
imperfections 1,771957 0,000188
imperishable 1,966113 0,000209
impersonation 2,995732 0,000319
impiety 1,966113 0,000209
implement 2,407946 0,000256
implied 0,371064 0,000039
implies 1,386294 0,000147
imply 1,078810 0,000115
import 1,021651 0,000109
imported 1,714798 0,000182
importing 2,207275 0,000235
importunate 1,609438 0,000171
impose 0,941609 0,000100
imposed 0,210721 0,000022
imposing 0,843970 0,000090
impossibility 1,021651 0,000109
impossible 0,094311 0,000010
impost 2,995732 0,000319
impotence 1,832581 0,000195
impotent 1,272966 0,000135
impoverishment 2,995732 0,000319
impracticable 1,237874 0,000132
impress 0,776529 0,000083
impressed 0,510826 0,000054
impression 0,210721 0,000022
impressionable 2,525729 0,000269
impressions 0,891598 0,000095
imprisonment 1,203973 0,000128
improbabilities 2,995732 0,000319
impromptu 2,407946 0,000256
improve 0,733969 0,000078
improved 0,562119 0,000060
improvement 0,673345 0,000072
improves 2,120264 0,000225
improvisations 3,506558 0,000373
imps 2,120264 0,000225
impulse 0,462035 0,000049
impulses 1,237874 0,000132
imputed 1,609438 0,000171
inaccessible 1,427116 0,000152
inaccurate 0,510826 0,000054
inaction 1,966113 0,000209
inanimate 1,272966 0,000135
inapt 3,912023 0,000416
inarticulate 1,514128 0,000161
inartistic 2,813411 0,000299
inbred 2,659260 0,000283
incapable 0,562119 0,000060
incapacity 1,714798 0,000182
incarceration 2,995732 0,000319
incarnadine 3,912023 0,000416
incarnate 1,832581 0,000195
incentive 2,407946 0,000256
incessantly 0,916291 0,000097
inches 0,733969 0,000078
incident 0,527633 0,000056
incidental 0,446287 0,000047
incidents 0,693147 0,000074
incision 2,525729 0,000269
incisively 3,506558 0,000373
inclination 0,579818 0,000062
inclined 0,186330 0,000020
inclose 2,995732 0,000319
inclosure 2,813411 0,000299
include 0,274437 0,000029
included 0,162519 0,000017
includes 0,462035 0,000049
including 0,139262 0,000015
inclusive 2,207275 0,000235
income 0,798508 0,000085
incommunicable 2,813411 0,000299
incomparable 1,714798 0,000182
incomparably 2,120264 0,000225
incompetent 2,040221 0,000217
incomplete 0,301105 0,000032
incompleteness 3,218876 0,000342
incomprehensible 1,108663 0,000118
inconceivable 1,078810 0,000115
inconceivably 2,407946 0,000256
incongruous 1,771957 0,000188
inconvenience 1,078810 0,000115
incorrect 1,832581 0,000195
increase 0,287682 0,000031
increases 1,237874 0,000132
increasing 0,127833 0,000014
incredible 0,653926 0,000070
incredibly 1,897120 0,000202
incubus 3,506558 0,000373
incult 3,912023 0,000416
incumbrance 2,407946 0,000256
incur 1,386294 0,000147
incurable 1,386294 0,000147
indefatigable 1,771957 0,000188
indefinable 2,120264 0,000225
indelibly 2,659260 0,000283
indelicate 2,407946 0,000256
indemnify 0,527633 0,000056
indemnity 0,527633 0,000056
independent 0,510826 0,000054
indescribably 1,771957 0,000188
india 0,843970 0,000090
indian 0,597837 0,000064
indiana 2,813411 0,000299
indians 1,108663 0,000118
indies 1,309333 0,000139
indifference 0,527633 0,000056
indifferent 0,400478 0,000043
indigestion 2,207275 0,000235
indignantly 1,203973 0,000128
indignation 0,510826 0,000054
indirect 0,446287 0,000047
indirectly 0,371064 0,000039
indistinguishable 2,525729 0,000269
individual 0,150823 0,000016
individually 1,609438 0,000171
indoors 1,469676 0,000156
indulge 0,820981 0,000087
indulged 0,941609 0,000100
industry 0,867501 0,000092
ineffable 1,771957 0,000188
ineffaceable 2,659260 0,000283
ineffective 2,995732 0,000319
inefficiency 2,995732 0,000319
inefficient 2,525729 0,000269
inelegant 2,525729 0,000269
inequalities 2,659260 0,000283
ineradicable 2,813411 0,000299
inert 1,714798 0,000182
inevitable 0,544727 0,000058
inexhaustible 1,237874 0,000132
inexpensive 2,995732 0,000319
inexperienced 1,203973 0,000128
inexpressibly 1,897120 0,000202
inexpressive 2,525729 0,000269
infallible 1,108663 0,000118
infamous 1,049822 0,000112
infancy 0,916291 0,000097
infant 0,673345 0,000072
inferior 0,597837 0,000064
inferiority 1,609438 0,000171
infernal 0,843970 0,000090
infidel 2,120264 0,000225
infinite 0,430783 0,000046
infinitely 0,673345 0,000072
infinitesimal 2,207275 0,000235
infinitum 2,659260 0,000283
infinity 1,897120 0,000202
infirm 1,714798 0,000182
infirmary 2,302585 0,000245
infirmities 1,966113 0,000209
inflamed 1,203973 0,000128
inflexible 1,771957 0,000188
inflict 1,049822 0,000112
inflicted 0,798508 0,000085
influence 0,198451 0,000021
influenza 3,218876 0,000342
inform 0,510826 0,000054
informal 2,813411 0,000299
informant 2,207275 0,000235
informed 0,371064 0,000039
infringement 0,544727 0,000058
infuriates 3,912023 0,000416
ingenious 0,693147 0,000074
ingrain 3,912023 0,000416
ingrate 2,813411 0,000299
ingratitude 1,171183 0,000125
inhabit 1,203973 0,000128
inhabitant 1,560648 0,000166
inhabitants 0,446287 0,000047
inhabited 0,713350 0,000076
inherent 1,560648 0,000166
inherited 0,867501 0,000092
inhuman 1,108663 0,000118
inimitable 1,966113 0,000209
iniquity 1,609438 0,000171
initials 1,771957 0,000188
injudicious 2,040221 0,000217
injure 0,941609 0,000100
injury 0,446287 0,000047
injustice 0,673345 0,000072
injustices 2,659260 0,000283
ink 0,941609 0,000100
inky 1,966113 0,000209
inland 1,469676 0,000156
inn 0,713350 0,000076
innocence 0,634878 0,000068
innocent 0,186330 0,000020
innocents 2,120264 0,000225
innocuously 3,218876 0,000342
innovator 3,506558 0,000373
inns 1,897120 0,000202
innumerable 0,634878 0,000068
inoffensive 1,660731 0,000177
inquire 0,494296 0,000053
inroad 2,525729 0,000269
insane 0,994252 0,000106
insanely 2,407946 0,000256
insatiable 1,427116 0,000152
inscription 1,272966 0,000135
inscriptions 1,966113 0,000209
insect 1,560648 0,000166
insecticide 3,912023 0,000416
insecure 2,207275 0,000235
insensible 0,843970 0,000090
inseparably 1,966113 0,000209
insidious 1,832581 0,000195
insidiously 2,995732 0,000319
insight 1,171183 0,000125
insincere 2,207275 0,000235
insist 0,462035 0,000049
insists 1,347074 0,000143
insoluble 2,407946 0,000256
insomnia 3,912023 0,000416
inspiration 0,867501 0,000092
inspirations 2,207275 0,000235
inspire 0,941609 0,000100
inspired 0,510826 0,000054
inspiring 1,108663 0,000118
inspirit 3,506558 0,000373
inspiriting 2,659260 0,000283
instal 3,506558 0,000373
installed 1,832581 0,000195
instance 0,150823 0,000016
instant 0,210721 0,000022
instanter 3,912023 0,000416
instantly 0,356675 0,000038
instinct 0,430783 0,000046
instinctive 1,203973 0,000128
instincts 1,049822 0,000112
institute 2,040221 0,000217
institution 0,820981 0,000087
instruction 0,713350 0,000076
instructions 0,579818 0,000062
instructive 1,469676 0,000156
instrument 0,356675 0,000038
instruments 0,527633 0,000056
insufferably 2,407946 0,000256
insufficient 1,386294 0,000147
insult 0,673345 0,000072
insured 1,832581 0,000195
intangible 1,966113 0,000209
intellect 0,693147 0,000074
intellectual 0,235722 0,000025
intellectually 2,207275 0,000235
intelligence 0,301105 0,000032
intelligent 0,342490 0,000036
intelligible 1,021651 0,000109
intended 0,174353 0,000019
intense 0,430783 0,000046
intensity 0,994252 0,000106
intention 0,186330 0,000020
intents 2,659260 0,000283
inter 1,714798 0,000182
intercostal 3,912023 0,000416
intercourse 0,798508 0,000085
interfere 0,544727 0,000058
interludes 2,995732 0,000319
interminable 1,237874 0,000132
internal 0,261365 0,000028
internally 1,897120 0,000202
international 0,494296 0,000053
interpretation 1,078810 0,000115
interpreted 0,274437 0,000029
interred 2,120264 0,000225
interrupt 0,755023 0,000080
interrupted 0,301105 0,000032
interruption 0,776529 0,000083
interruptions 1,714798 0,000182
interspersed 1,897120 0,000202
interval 0,579818 0,000062
intervals 0,510826 0,000054
intervenes 2,407946 0,000256
interview 0,673345 0,000072
intimacy 0,843970 0,000090
intimate 0,462035 0,000049
intimately 1,309333 0,000139
intimates 2,302585 0,000245
intimation 1,347074 0,000143
intolerant 2,040221 0,000217
intricate 1,078810 0,000115
intrigues 1,714798 0,000182
intriguing 2,407946 0,000256
introduce 0,562119 0,000060
introduced 0,356675 0,000038
introduction 0,400478 0,000043
introductions 2,407946 0,000256
introductory 1,771957 0,000188
intrude 1,427116 0,000152
intrusion 1,347074 0,000143
intuition 1,714798 0,000182
invading 1,660731 0,000177
invalid 1,139434 0,000121
invalidity 0,527633 0,000056
invalids 2,302585 0,000245
invaluable 1,386294 0,000147
invariably 0,798508 0,000085
invent 0,798508 0,000085
invented 0,597837 0,000064
inventing 1,832581 0,000195
inventiveness 2,813411 0,000299
inventor 1,560648 0,000166
inventory 2,207275 0,000235
inventorying 3,912023 0,000416
inverse 2,407946 0,000256
investment 1,771957 0,000188
invigorating 2,120264 0,000225
invincible 1,427116 0,000152
inviolable 2,040221 0,000217
invisible 0,562119 0,000060
invitation 0,579818 0,000062
invite 0,693147 0,000074
inviting 0,891598 0,000095
involved 0,579818 0,000062
inwardly 0,798508 0,000085
inwardness 3,912023 0,000416
iota 2,813411 0,000299
ireland 1,514128 0,000161
irish 1,347074 0,000143
irks 2,995732 0,000319
iron 0,198451 0,000021
irons 1,347074 0,000143
irony 1,386294 0,000147
irregular 0,733969 0,000078
irreparable 1,832581 0,000195
irresistible 0,653926 0,000070
irresistibly 1,203973 0,000128
irresponsible 1,832581 0,000195
irresponsibly 3,506558 0,000373
irreverent 2,302585 0,000245
irritability 1,897120 0,000202
irritate 1,832581 0,000195
irritated 1,078810 0,000115
irritates 2,659260 0,000283
irritating 1,272966 0,000135
irritation 1,171183 0,000125
irs 0,562119 0,000060
irving 2,659260 0,000283
isabella 2,207275 0,000235
isaiah 2,207275 0,000235
island 0,400478 0,000043
islands 0,755023 0,000080
isle 1,427116 0,000152
isles 1,560648 0,000166
ism 3,506558 0,000373
iso 1,897120 0,000202
israel 1,386294 0,000147
issue 0,462035 0,000049
issued 0,579818 0,000062
ist 2,813411 0,000299
italian 0,653926 0,000070
italians 1,514128 0,000161
italic 2,995732 0,000319
italics 2,813411 0,000299
italy 0,820981 0,000087
itch 1,966113 0,000209
ither 3,506558 0,000373
iv 0,328504 0,000035
ix 0,494296 0,000053
jack 0,820981 0,000087
jacket 0,798508 0,000085
jacob 1,427116 0,000152
jacques 2,407946 0,000256
jai 3,506558 0,000373
jail 1,427116 0,000152
james 0,673345 0,000072
janet 2,995732 0,000319
january 0,693147 0,000074
janus 2,813411 0,000299
jape 3,912023 0,000416
jar 1,386294 0,000147
jaunt 2,525729 0,000269
jealous 0,446287 0,000047
jealousy 0,478036 0,000051
jean 1,966113 0,000209
jekyll 3,218876 0,000342
jelly 1,609438 0,000171
jenkin 3,218876 0,000342
jerk 1,427116 0,000152
jerry 2,995732 0,000319
jerusalem 1,237874 0,000132
jest 0,673345 0,000072
jester 2,525729 0,000269
jesting 1,427116 0,000152
jests 1,560648 0,000166
jesuit 2,207275 0,000235
jet 1,427116 0,000152
jetties 3,218876 0,000342
jetty 2,525729 0,000269
jeux 3,912023 0,000416
jewellery 2,302585 0,000245
jews 1,078810 0,000115
jimmy 2,207275 0,000235
jing 3,506558 0,000373
jingles 3,912023 0,000416
jingling 1,427116 0,000152
joan 2,407946 0,000256
job 0,673345 0,000072
jobs 1,560648 0,000166
john 0,328504 0,000035
johnnie 3,506558 0,000373
johnson 1,514128 0,000161
joint 0,673345 0,000072
jointed 2,407946 0,000256
joints 1,108663 0,000118
joke 0,494296 0,000053
joker 2,407946 0,000256
jokes 1,078810 0,000115
joking 0,994252 0,000106
jollity 2,813411 0,000299
jolly 0,994252 0,000106
jones 1,309333 0,000139
jonquils 3,506558 0,000373
jordan 1,966113 0,000209
joseph 0,994252 0,000106
jostling 2,040221 0,000217
jot 2,207275 0,000235
jotted 2,813411 0,000299
jour 2,525729 0,000269
journal 0,941609 0,000100
journalist 2,207275 0,000235
journals 1,966113 0,000209
journey 0,198451 0,000021
jove 1,108663 0,000118
joy 0,139262 0,000015
joyful 0,798508 0,000085
joyfully 1,272966 0,000135
joyous 0,941609 0,000100
juan 2,120264 0,000225
judge 0,116534 0,000012
judged 0,430783 0,000046
judgment 0,198451 0,000021
judicious 1,139434 0,000121
jug 1,386294 0,000147
juggle 3,218876 0,000342
jules 2,525729 0,000269
july 0,616186 0,000066
jump 0,733969 0,000078
jumping 0,798508 0,000085
juncture 1,386294 0,000147
june 0,527633 0,000056
juniper 2,407946 0,000256
jurisdictions 2,813411 0,000299
justice 0,162519 0,000017
justifiable 2,040221 0,000217
justified 0,693147 0,000074
justify 0,693147 0,000074
justly 0,653926 0,000070
kant 2,407946 0,000256
katharine 3,218876 0,000342
keats 2,659260 0,000283
keeler 3,912023 0,000416
keen 0,415515 0,000044
keenly 0,967584 0,000103
keepsake 2,525729 0,000269
ken 1,771957 0,000188
kent 1,897120 0,000202
kettle 1,272966 0,000135
key 0,356675 0,000038
khan 2,813411 0,000299
kick 0,653926 0,000070
kicked 0,843970 0,000090
kid 1,469676 0,000156
kids 1,832581 0,000195
kill 0,127833 0,000014
killed 0,223144 0,000024
kills 1,139434 0,000121
kin 1,139434 0,000121
kindling 1,714798 0,000182
kindly 0,223144 0,000024
kindness 0,287682 0,000031
kindnesses 2,207275 0,000235
kindred 0,994252 0,000106
kine 2,207275 0,000235
king 0,223144 0,000024
kingdom 0,494296 0,000053
kingdoms 1,108663 0,000118
kings 0,527633 0,000056
kingston 2,407946 0,000256
kirk 2,995732 0,000319
kirkyard 3,218876 0,000342
kiss 0,562119 0,000060
kissed 0,462035 0,000049
kisses 1,021651 0,000109
kitchen 0,597837 0,000064
kites 2,813411 0,000299
knack 1,832581 0,000195
knee 0,462035 0,000049
kneed 2,813411 0,000299
knees 0,223144 0,000024
knell 2,407946 0,000256
knife 0,356675 0,000038
knit 1,108663 0,000118
knives 0,916291 0,000097
knock 0,616186 0,000066
knocked 0,510826 0,000054
knocking 0,798508 0,000085
knotless 3,912023 0,000416
knowledge 0,061875 0,000007
knox 3,218876 0,000342
kreuzer 3,912023 0,000416
laborious 1,171183 0,000125
labour 0,634878 0,000068
laboured 1,427116 0,000152
labourer 1,832581 0,000195
labours 0,994252 0,000106
lack 0,478036 0,000051
lacy 3,218876 0,000342
lad 0,713350 0,000076
lade 3,218876 0,000342
laden 0,673345 0,000072
ladies 0,314711 0,000033
lads 1,139434 0,000121
lady 0,248461 0,000026
ladyship 1,966113 0,000209
lagoon 2,995732 0,000319
lagunes 3,912023 0,000416
laid 0,072571 0,000008
lain 0,843970 0,000090
laity 3,218876 0,000342
lake 0,210721 0,000022
lamb 0,776529 0,000083
lame 0,820981 0,000087
lament 1,203973 0,000128
lamentable 1,469676 0,000156
lamia 3,912023 0,000416
lamp 0,478036 0,000051
lamplit 3,218876 0,000342
lamps 0,733969 0,000078
lance 1,469676 0,000156
land 0,072571 0,000008
landing 0,562119 0,000060
landlady 1,514128 0,000161
landlord 0,941609 0,000100
lands 0,544727 0,000058
landscape 0,867501 0,000092
landscapes 1,771957 0,000188
lane 0,798508 0,000085
lanely 3,912023 0,000416
lang 2,813411 0,000299
language 0,072571 0,000008
languages 0,967584 0,000103
languid 1,049822 0,000112
languor 1,560648 0,000166
lantern 0,967584 0,000103
larks 2,525729 0,000269
las 2,407946 0,000256
lashing 1,832581 0,000195
lass 2,207275 0,000235
lasses 2,813411 0,000299
lassitude 1,897120 0,000202
lastly 0,867501 0,000092
late 0,094311 0,000010
latent 1,469676 0,000156
latin 0,653926 0,000070
latinity 3,218876 0,000342
laudanum 2,407946 0,000256
laudation 3,506558 0,000373
laugh 0,127833 0,000014
laughable 1,897120 0,000202
laughed 0,248461 0,000026
laughing 0,248461 0,000026
laughingly 1,714798 0,000182
laughter 0,274437 0,000029
launched 1,171183 0,000125
laurence 3,218876 0,000342
laus 3,912023 0,000416
law 0,030459 0,000003
laws 0,083382 0,000009
lawyer 0,798508 0,000085
lawyers 1,237874 0,000132
laxity 2,659260 0,000283
lay 0,051293 0,000005
laying 0,274437 0,000029
lays 0,798508 0,000085
laziness 1,714798 0,000182
lazy 0,616186 0,000066
le 1,049822 0,000112
lead 0,083382 0,000009
leaden 1,237874 0,000132
leader 0,462035 0,000049
leading 0,139262 0,000015
leads 0,462035 0,000049
leaf 0,462035 0,000049
leafless 2,040221 0,000217
leak 1,714798 0,000182
lean 0,579818 0,000062
leaning 0,301105 0,000032
leant 1,609438 0,000171
leaped 0,713350 0,000076
leaping 0,713350 0,000076
leaps 1,386294 0,000147
leapt 1,560648 0,000166
lear 2,302585 0,000245
learn 0,020203 0,000002
learned 0,105361 0,000011
learnedly 2,813411 0,000299
learning 0,301105 0,000032
learns 1,108663 0,000118
lease 1,897120 0,000202
leave 0,000000 0,000000
leaves 0,094311 0,000010
leaving 0,083382 0,000009
lecture 1,049822 0,000112
lectures 1,108663 0,000118
lecturing 2,207275 0,000235
led 0,040822 0,000004
lee 1,347074 0,000143
lees 2,302585 0,000245
leeward 2,207275 0,000235
left 0,000000 0,000000
leg 0,478036 0,000051
legal 0,261365 0,000028
legally 0,342490 0,000036
legend 1,049822 0,000112
legged 1,108663 0,000118
legible 1,966113 0,000209
legitimate 1,139434 0,000121
legitimately 2,407946 0,000256
legs 0,274437 0,000029
leisure 0,579818 0,000062
leisurely 1,108663 0,000118
leith 3,218876 0,000342
lemon 1,832581 0,000195
lend 0,597837 0,000064
lengthened 1,272966 0,000135
lenient 1,832581 0,000195
lenity 3,218876 0,000342
lent 0,798508 0,000085
leonine 2,525729 0,000269
lepers 2,525729 0,000269
les 1,514128 0,000161
leslie 2,813411 0,000299
lessen 1,171183 0,000125
lesson 0,400478 0,000043
lessons 0,579818 0,000062
lethargy 1,714798 0,000182
letter 0,116534 0,000012
letterpress 3,218876 0,000342
letters 0,198451 0,000021
leve 3,912023 0,000416
level 0,274437 0,000029
leven 2,995732 0,000319
lewd 2,407946 0,000256
lewis 1,897120 0,000202
liability 0,462035 0,000049
liable 0,235722 0,000025
liberal 0,616186 0,000066
liberally 1,347074 0,000143
liberating 2,525729 0,000269
liberty 0,223144 0,000024
libraries 1,897120 0,000202
library 0,223144 0,000024
lice 1,966113 0,000209
license 0,301105 0,000032
licensed 0,430783 0,000046
licentious 2,120264 0,000225
licentiously 3,218876 0,000342
licht 3,912023 0,000416
lick 1,203973 0,000128
licking 1,272966 0,000135
licks 2,302585 0,000245
lid 0,820981 0,000087
lie 0,040822 0,000004
lied 1,171183 0,000125
lieder 3,912023 0,000416
lies 0,162519 0,000017
lieu 0,415515 0,000044
life -0,009950 -0,000001
lifelong 2,040221 0,000217
lifetime 0,867501 0,000092
lift 0,415515 0,000044
lifted 0,274437 0,000029
lifting 0,653926 0,000070
lifts 1,139434 0,000121
light 0,010050 0,000001
lighted 0,261365 0,000028
lighten 1,203973 0,000128
lighter 0,527633 0,000056
lighthouse 2,120264 0,000225
lightness 1,897120 0,000202
lightning 0,478036 0,000051
lights 0,301105 0,000032
likable 3,506558 0,000373
liker 2,995732 0,000319
lilacs 3,218876 0,000342
lilies 1,609438 0,000171
lily 1,560648 0,000166
limes 2,302585 0,000245
limitation 0,478036 0,000051
limitations 1,660731 0,000177
limited 0,261365 0,000028
limits 0,494296 0,000053
limosa 3,912023 0,000416
limpness 3,912023 0,000416
lineament 2,659260 0,000283
ling 3,506558 0,000373
linger 0,843970 0,000090
lingers 2,120264 0,000225
linguist 2,813411 0,000299
link 0,994252 0,000106
linked 0,385662 0,000041
links 0,415515 0,000044
lion 0,713350 0,000076
lions 1,021651 0,000109
lip 0,673345 0,000072
lips 0,127833 0,000014
liquid 0,891598 0,000095
liquidation 2,995732 0,000319
list 0,400478 0,000043
listen 0,127833 0,000014
listener 1,139434 0,000121
listening 0,261365 0,000028
lit 0,653926 0,000070
literary 0,287682 0,000031
literature 0,673345 0,000072
litres 3,506558 0,000373
litten 3,912023 0,000416
live 0,010050 0,000001
lived 0,061875 0,000007
livelier 1,771957 0,000188
lively 0,400478 0,000043
liver 1,203973 0,000128
lives 0,072571 0,000008
livid 1,171183 0,000125
living 0,020203 0,000002
livingly 3,506558 0,000373
livres 2,659260 0,000283
lloyd 2,525729 0,000269
lo 0,916291 0,000097
loaded 0,616186 0,000066
loaf 1,171183 0,000125
loan 1,560648 0,000166
loathe 1,897120 0,000202
loathes 2,659260 0,000283
loathing 1,427116 0,000152
loathsome 1,078810 0,000115
lobster 2,040221 0,000217
local 0,713350 0,000076
located 0,400478 0,000043
locations 0,544727 0,000058
loch 2,995732 0,000319
lockers 2,659260 0,000283
locks 0,733969 0,000078
lodge 0,693147 0,000074
lodging 0,776529 0,000083
lodgings 1,078810 0,000115
logan 2,813411 0,000299
logic 1,049822 0,000112
logical 1,021651 0,000109
logomachy 3,912023 0,000416
london 0,415515 0,000044
londres 3,912023 0,000416
lone 1,514128 0,000161
lonely 0,415515 0,000044
longing 0,653926 0,000070
longingly 2,525729 0,000269
longueurs 3,506558 0,000373
lood 3,912023 0,000416
lookout 1,514128 0,000161
loops 2,302585 0,000245
loose 0,105361 0,000011
lope 2,659260 0,000283
loquaciously 3,506558 0,000373
loquitur 3,506558 0,000373
lord 0,223144 0,000024
lore 1,832581 0,000195
lose 0,094311 0,000010
losh 3,912023 0,000416
loss 0,094311 0,000010
lost 0,020203 0,000002
lot 0,061875 0,000007
lots 0,733969 0,000078
lotte 3,506558 0,000373
lotus 1,897120 0,000202
loud 0,174353 0,000019
louder 0,527633 0,000056
loudlier 3,912023 0,000416
loudly 0,400478 0,000043
louis 1,078810 0,000115
lout 2,995732 0,000319
lovable 2,207275 0,000235
love 0,051293 0,000005
loved 0,198451 0,000021
loveless 2,813411 0,000299
lovelier 2,302585 0,000245
loveliest 1,514128 0,000161
lovely 0,494296 0,000053
lover 0,385662 0,000041
lovers 0,673345 0,000072
loves 0,562119 0,000060
loving 0,478036 0,000051
lowland 3,506558 0,000373
loyal 1,203973 0,000128
loyalty 1,237874 0,000132
lubberly 2,813411 0,000299
lucia 2,813411 0,000299
lucidity 2,659260 0,000283
lucifer 1,966113 0,000209
luck 0,446287 0,000047
luckily 1,203973 0,000128
lucky 0,527633 0,000056
lucre 1,966113 0,000209
lud 3,218876 0,000342
ludicrous 1,386294 0,000147
lug 2,207275 0,000235
lumber 1,514128 0,000161
luminous 1,078810 0,000115
lunatic 1,386294 0,000147
lunch 1,108663 0,000118
lunched 2,407946 0,000256
luncheon 1,427116 0,000152
lung 2,525729 0,000269
lungs 0,916291 0,000097
lunted 3,912023 0,000416
lures 2,407946 0,000256
lurk 1,714798 0,000182
lust 0,891598 0,000095
lustful 1,832581 0,000195
lustre 1,171183 0,000125
lusts 1,897120 0,000202
luxurious 0,916291 0,000097
luxury 0,527633 0,000056
lyart 3,912023 0,000416
lying 0,061875 0,000007
lynch 2,659260 0,000283
lyre 1,660731 0,000177
lyric 2,120264 0,000225
lyrical 2,407946 0,000256
macaroons 3,506558 0,000373
macbeth 2,407946 0,000256
maccaroni 3,912023 0,000416
macduff 3,506558 0,000373
macerated 3,218876 0,000342
machine 0,248461 0,000026
machinery 1,049822 0,000112
mackerel 2,995732 0,000319
mad 0,261365 0,000028
madam 0,967584 0,000103
madame 1,108663 0,000118
madcap 2,995732 0,000319
maddest 2,659260 0,000283
madman 1,078810 0,000115
madonna 2,040221 0,000217
madonnas 3,218876 0,000342
magazine 1,469676 0,000156
magazines 1,560648 0,000166
magician 1,714798 0,000182
magistrates 1,347074 0,000143
magnetic 1,832581 0,000195
magnificent 0,328504 0,000035
magnified 1,309333 0,000139
magnitude 1,108663 0,000118
mahomet 1,660731 0,000177
maid 0,446287 0,000047
mail 0,891598 0,000095
mailing 3,912023 0,000416
maimed 1,609438 0,000171
main 0,127833 0,000014
maintaining 0,235722 0,000025
mair 3,912023 0,000416
maist 3,506558 0,000373
majority 0,597837 0,000064
mal 2,302585 0,000245
malays 2,525729 0,000269
malicious 0,941609 0,000100
mall 2,040221 0,000217
malt 2,525729 0,000269
mamma 1,237874 0,000132
mammy 2,813411 0,000299
manacled 2,813411 0,000299
manage 0,462035 0,000049
managed 0,342490 0,000036
manager 0,653926 0,000070
mandarins 2,525729 0,000269
manfully 1,771957 0,000188
mangle 2,207275 0,000235
mangling 3,218876 0,000342
mangold 3,506558 0,000373
manhattan 3,506558 0,000373
manhood 0,776529 0,000083
mania 1,347074 0,000143
mankind 0,478036 0,000051
manlier 2,659260 0,000283
manliness 2,407946 0,000256
manly 0,820981 0,000087
mann 2,813411 0,000299
manner 0,040822 0,000004
mannered 1,609438 0,000171
mannering 3,912023 0,000416
manners 0,274437 0,000029
manse 3,506558 0,000373
mansion 0,867501 0,000092
manual 1,660731 0,000177
manuscript 1,021651 0,000109
manuscripts 2,120264 0,000225
map 1,108663 0,000118
maps 1,660731 0,000177
marble 0,597837 0,000064
marbles 1,660731 0,000177
marcel 3,506558 0,000373
march 0,274437 0,000029
marched 0,891598 0,000095
margaret 1,897120 0,000202
margin 1,078810 0,000115
marie 2,120264 0,000225
marigolds 3,912023 0,000416
marine 1,427116 0,000152
mariner 1,560648 0,000166
marion 2,813411 0,000299
mark 0,127833 0,000014
marked 0,061875 0,000007
market 0,527633 0,000056
marks 0,328504 0,000035
marquis 1,609438 0,000171
marred 1,771957 0,000188
marriage 0,314711 0,000033
married 0,248461 0,000026
marrow 1,386294 0,000147
marry 0,430783 0,000046
marseille 3,912023 0,000416
marseilles 1,966113 0,000209
martha 2,040221 0,000217
martial 1,469676 0,000156
martin 1,427116 0,000152
martyr 1,309333 0,000139
marvel 1,021651 0,000109
marvelling 2,120264 0,000225
marvellous 0,891598 0,000095
marvels 1,514128 0,000161
mary 0,693147 0,000074
masqueraders 3,506558 0,000373
mass 0,301105 0,000032
masses 0,776529 0,000083
master 0,083382 0,000009
mastered 0,967584 0,000103
masterfulness 3,506558 0,000373
masterpiece 1,609438 0,000171
masterpieces 1,966113 0,000209
masters 0,446287 0,000047
mastery 1,171183 0,000125
mastodon 2,813411 0,000299
match 0,385662 0,000041
matches 1,049822 0,000112
material 0,328504 0,000035
materially 1,771957 0,000188
materials 0,733969 0,000078
maternal 1,272966 0,000135
matter 0,010050 0,000001
matters 0,139262 0,000015
mature 1,272966 0,000135
maud 3,218876 0,000342
maudlin 2,525729 0,000269
maun 3,912023 0,000416
maurice 2,659260 0,000283
mavis 3,506558 0,000373
maxim 1,347074 0,000143
maxims 1,427116 0,000152
maximum 0,478036 0,000051
maximus 2,659260 0,000283
maze 1,609438 0,000171
meadow 0,994252 0,000106
meadows 1,139434 0,000121
meal 0,301105 0,000032
meals 0,776529 0,000083
meaning 0,210721 0,000022
meaningless 1,966113 0,000209
meanly 1,514128 0,000161
meanness 1,237874 0,000132
measure 0,301105 0,000032
measured 0,579818 0,000062
meat 0,356675 0,000038
mechanic 1,771957 0,000188
medea 2,302585 0,000245
media 2,207275 0,000235
medicine 0,597837 0,000064
medicines 1,427116 0,000152
meditate 1,347074 0,000143
meditates 2,813411 0,000299
meditating 1,347074 0,000143
meditative 1,660731 0,000177
mediterranean 1,609438 0,000171
medium 0,223144 0,000024
medley 2,120264 0,000225
meerschaum 2,659260 0,000283
meet 0,010050 0,000001
mein 2,813411 0,000299
melancholy 0,342490 0,000036
melbourne 2,659260 0,000283
mellower 3,912023 0,000416
melodious 1,609438 0,000171
melody 1,427116 0,000152
melon 2,207275 0,000235
melted 0,713350 0,000076
mem 2,659260 0,000283
memoir 2,407946 0,000256
memoirs 1,347074 0,000143
memorandum 1,966113 0,000209
memorial 1,272966 0,000135
memories 0,867501 0,000092
memory 0,174353 0,000019
menacing 1,272966 0,000135
mend 0,967584 0,000103
menial 1,832581 0,000195
mental 0,430783 0,000046
mention 0,223144 0,000024
mentioned 0,223144 0,000024
menu 2,813411 0,000299
merchantability 0,994252 0,000106
merchants 0,798508 0,000085
mercies 1,897120 0,000202
mercifully 2,120264 0,000225
mere 0,094311 0,000010
merest 1,660731 0,000177
merit 0,544727 0,000058
merits 0,693147 0,000074
merriest 2,813411 0,000299
merrily 1,272966 0,000135
merry 0,634878 0,000068
merton 3,506558 0,000373
mess 0,891598 0,000095
message 0,446287 0,000047
messieurs 2,659260 0,000283
met 0,040822 0,000004
metaphors 2,407946 0,000256
metaphysics 1,514128 0,000161
method 0,094311 0,000010
methodic 3,506558 0,000373
methodically 2,120264 0,000225
methods 0,210721 0,000022
metrical 2,525729 0,000269
mexican 2,040221 0,000217
mezzo 3,218876 0,000342
mi 2,302585 0,000245
michael 0,400478 0,000043
micht 3,912023 0,000416
mid 1,832581 0,000195
middle 0,030459 0,000003
midnight 0,328504 0,000035
midst 0,287682 0,000031
mighty 0,328504 0,000035
mild 0,510826 0,000054
milder 1,560648 0,000166
mildly 1,171183 0,000125
mile 0,342490 0,000036
miles 0,223144 0,000024
milestone 2,813411 0,000299
military 0,616186 0,000066
milk 0,446287 0,000047
miller 1,469676 0,000156
milton 1,609438 0,000171
minauderie 3,912023 0,000416
mincing 1,966113 0,000209
mind 0,020203 0,000002
minded 0,400478 0,000043
minding 1,771957 0,000188
minds 0,235722 0,000025
miniature 1,237874 0,000132
minim 3,912023 0,000416
minimis 3,912023 0,000416
mining 1,832581 0,000195
minion 2,525729 0,000269
minister 0,616186 0,000066
ministers 0,776529 0,000083
minnie 3,506558 0,000373
minor 0,733969 0,000078
minted 3,506558 0,000373
minute 0,235722 0,000025
minutes 0,235722 0,000025
mir 3,912023 0,000416
miracle 0,755023 0,000080
mire 1,049822 0,000112
mirk 3,506558 0,000373
mirth 0,776529 0,000083
miry 2,525729 0,000269
mis 1,609438 0,000171
misanthrope 2,302585 0,000245
misapprehended 3,506558 0,000373
misbegotten 3,218876 0,000342
miscall 3,506558 0,000373
miscarries 3,912023 0,000416
miscellanies 3,506558 0,000373
mischief 0,494296 0,000053
misconduct 2,040221 0,000217
misdirected 2,813411 0,000299
miser 1,714798 0,000182
miserable 0,210721 0,000022
miserably 1,108663 0,000118
miseries 0,967584 0,000103
misery 0,301105 0,000032
misgives 3,218876 0,000342
mislaid 2,207275 0,000235
misled 1,139434 0,000121
mismanage 3,912023 0,000416
mismanaged 2,995732 0,000319
mismanagement 2,407946 0,000256
misprints 3,218876 0,000342
misquote 3,912023 0,000416
missile 1,897120 0,000202
mission 0,210721 0,000022
mississippi 0,415515 0,000044
missouri 2,120264 0,000225
misspell 3,912023 0,000416
mist 0,544727 0,000058
mistake 0,223144 0,000024
mistaken 0,261365 0,000028
mistook 1,660731 0,000177
mistral 3,912023 0,000416
mistress 0,510826 0,000054
mistrust 1,309333 0,000139
misunderstand 2,040221 0,000217
misunderstanding 1,609438 0,000171
misunderstandings 2,302585 0,000245
mix 0,994252 0,000106
mixed 0,385662 0,000041
mizzled 3,912023 0,000416
mock 0,755023 0,000080
mode 0,634878 0,000068
model 0,634878 0,000068
models 1,832581 0,000195
moderate 0,653926 0,000070
moderation 1,108663 0,000118
modern 0,314711 0,000033
modes 1,347074 0,000143
modest 0,371064 0,000039
modestly 1,139434 0,000121
modicum 2,302585 0,000245
modification 0,494296 0,000053
modified 0,385662 0,000041
moi 2,207275 0,000235
moistened 1,832581 0,000195
moll 3,218876 0,000342
mollified 2,407946 0,000256
moment 0,010050 0,000001
momentous 1,771957 0,000188
moments 0,287682 0,000031
mon 1,714798 0,000182
monarch 1,171183 0,000125
monday 0,891598 0,000095
money 0,051293 0,000005
monks 1,469676 0,000156
monody 3,218876 0,000342
monotonous 1,078810 0,000115
monotony 1,660731 0,000177
monseigneur 2,995732 0,000319
monster 0,634878 0,000068
monstrous 0,400478 0,000043
mont 2,120264 0,000225
monte 2,302585 0,000245
monterey 3,506558 0,000373
month 0,174353 0,000019
months 0,094311 0,000010
monument 0,994252 0,000106
monuments 1,171183 0,000125
mony 3,506558 0,000373
moo 3,218876 0,000342
mood 0,527633 0,000056
moods 1,237874 0,000132
mools 3,506558 0,000373
moon 0,287682 0,000031
moonlight 0,673345 0,000072
moonlit 1,832581 0,000195
moonstone 3,506558 0,000373
moor 1,514128 0,000161
moorland 2,813411 0,000299
moorlands 2,995732 0,000319
moral 0,301105 0,000032
moralise 3,506558 0,000373
moralist 1,966113 0,000209
moralists 2,040221 0,000217
morality 0,867501 0,000092
morally 1,171183 0,000125
morals 1,237874 0,000132
morbid 1,469676 0,000156
morel 3,218876 0,000342
morgue 2,813411 0,000299
morn 1,609438 0,000171
morning 0,040822 0,000004
morose 1,469676 0,000156
morphine 3,506558 0,000373
morris 1,966113 0,000209
morrow 0,328504 0,000035
mortal 0,400478 0,000043
mortality 1,469676 0,000156
mortar 1,309333 0,000139
mortification 1,049822 0,000112
mortified 1,272966 0,000135
mortify 2,302585 0,000245
mortifying 1,771957 0,000188
morts 3,218876 0,000342
moses 1,139434 0,000121
mossy 1,714798 0,000182
mother 0,072571 0,000008
mothers 0,733969 0,000078
motion 0,328504 0,000035
motioned 1,139434 0,000121
motives 0,579818 0,000062
motto 1,386294 0,000147
mottoes 2,813411 0,000299
mould 0,891598 0,000095
moulded 1,832581 0,000195
mouldy 2,407946 0,000256
mount 0,494296 0,000053
mountain 0,400478 0,000043
mountainous 1,560648 0,000166
mountains 0,400478 0,000043
mounts 1,560648 0,000166
mourn 1,171183 0,000125
mouse 0,941609 0,000100
mousetrap 3,218876 0,000342
moustache 1,609438 0,000171
mouth 0,105361 0,000011
mouthful 1,347074 0,000143
mouths 0,462035 0,000049
movement 0,328504 0,000035
movements 0,494296 0,000053
mucker 3,912023 0,000416
muckle 3,506558 0,000373
mud 0,478036 0,000051
muddled 1,897120 0,000202
muff 2,040221 0,000217
mull 2,995732 0,000319
multiple 2,813411 0,000299
multiplication 1,897120 0,000202
multiplying 1,966113 0,000209
multitude 0,446287 0,000047
multitudes 1,203973 0,000128
multitudinous 2,040221 0,000217
mumbled 1,514128 0,000161
mump 3,912023 0,000416
municipal 2,040221 0,000217
murder 0,314711 0,000033
murdered 0,733969 0,000078
murderous 1,078810 0,000115
murders 1,309333 0,000139
murphy 2,659260 0,000283
murra 3,912023 0,000416
muscovite 3,218876 0,000342
muse 1,609438 0,000171
muses 1,660731 0,000177
music 0,198451 0,000021
musical 0,579818 0,000062
musingly 2,207275 0,000235
mustard 1,714798 0,000182
mutilate 2,995732 0,000319
mutiny 1,469676 0,000156
muttons 3,912023 0,000416
muzzle 1,309333 0,000139
myriad 2,207275 0,000235
mysteries 0,579818 0,000062
mysterious 0,314711 0,000033
mystery 0,301105 0,000032
mystifications 3,218876 0,000342
myth 1,966113 0,000209
mythical 2,659260 0,000283
mythology 1,897120 0,000202
nae 3,912023 0,000416
naebody 3,912023 0,000416
nail 0,843970 0,000090
nails 0,616186 0,000066
naked 0,274437 0,000029
nameless 1,078810 0,000115
nancy 2,659260 0,000283
napa 3,912023 0,000416
napier 3,912023 0,000416
napoleon 1,386294 0,000147
narcotic 2,302585 0,000245
narrating 2,302585 0,000245
narrative 0,616186 0,000066
narrator 2,040221 0,000217
narrow 0,105361 0,000011
narwhals 3,912023 0,000416
nary 2,813411 0,000299
nastiness 2,120264 0,000225
nasty 1,171183 0,000125
nation 0,579818 0,000062
national 0,755023 0,000080
nations 0,673345 0,000072
native 0,328504 0,000035
natty 3,506558 0,000373
natural 0,094311 0,000010
naturally 0,210721 0,000022
nature 0,094311 0,000010
natures 0,820981 0,000087
nautical 1,832581 0,000195
navigation 1,272966 0,000135
navigator 2,407946 0,000256
navvies 3,506558 0,000373
navy 1,272966 0,000135
nearer 0,400478 0,000043
neat 0,673345 0,000072
neatness 1,514128 0,000161
nebraska 2,813411 0,000299
nebulae 3,912023 0,000416
necessities 1,203973 0,000128
necessity 0,261365 0,000028
neck 0,186330 0,000020
neckcloth 2,525729 0,000269
needful 1,108663 0,000118
needle 0,798508 0,000085
needles 1,427116 0,000152
needy 1,660731 0,000177
negative 0,967584 0,000103
negatives 2,813411 0,000299
neglect 0,494296 0,000053
neglected 0,400478 0,000043
neglectful 2,525729 0,000269
negligence 0,415515 0,000044
negro 1,171183 0,000125
neighbour 0,653926 0,000070
neighbourhood 0,776529 0,000083
neighbouring 0,891598 0,000095
neighbours 0,713350 0,000076
nell 2,659260 0,000283
nelly 2,813411 0,000299
nelson 2,302585 0,000245
nemesis 2,525729 0,000269
nerve 0,867501 0,000092
nerves 0,544727 0,000058
nervous 0,494296 0,000053
nest 0,733969 0,000078
nestling 2,302585 0,000245
nesty 3,912023 0,000416
nettles 2,040221 0,000217
network 0,415515 0,000044
newfoundland 2,040221 0,000217
newly 0,494296 0,000053
news 0,210721 0,000022
newsletter 0,562119 0,000060
newspapers 0,820981 0,000087
nib 3,506558 0,000373
nice 0,400478 0,000043
nicely 1,021651 0,000109
nicest 1,966113 0,000209
nicht 3,218876 0,000342
nickname 1,897120 0,000202
niece 1,309333 0,000139
nigel 3,506558 0,000373
niggardly 2,040221 0,000217
nigh 0,843970 0,000090
night 0,010050 0,000001
nightfall 1,309333 0,000139
nightingales 2,407946 0,000256
nightly 1,171183 0,000125
nightmare 1,272966 0,000135
nights 0,235722 0,000025
nil 2,120264 0,000225
nimbus 3,506558 0,000373
nimrod 2,407946 0,000256
ninepence 2,659260 0,000283
nineteenth 1,171183 0,000125
ninth 0,994252 0,000106
noble 0,248461 0,000026
nobler 1,171183 0,000125
nobly 1,309333 0,000139
nocturnal 1,272966 0,000135
nod 0,798508 0,000085
nodded 0,634878 0,000068
noise 0,139262 0,000015
noisy 0,776529 0,000083
noll 3,506558 0,000373
nom 2,659260 0,000283
nomenclature 2,525729 0,000269
nondescript 2,407946 0,000256
nonproprietary 0,562119 0,000060
nonsense 0,478036 0,000051
noo 3,506558 0,000373
noon 0,430783 0,000046
norma 3,912023 0,000416
normal 1,237874 0,000132
norse 3,506558 0,000373
north 0,083382 0,000009
norther 3,506558 0,000373
northerly 2,813411 0,000299
northern 0,653926 0,000070
norway 2,120264 0,000225
norwegian 2,659260 0,000283
nose 0,274437 0,000029
nosed 1,560648 0,000166
noster 3,218876 0,000342
notably 2,120264 0,000225
notary 2,407946 0,000256
note 0,127833 0,000014
notedly 3,912023 0,000416
notes 0,261365 0,000028
notice 0,030459 0,000003
noticed 0,328504 0,000035
notifies 0,527633 0,000056
notion 0,371064 0,000039
notoriety 1,897120 0,000202
notorious 1,049822 0,000112
notre 2,120264 0,000225
nought 1,609438 0,000171
nourish 1,386294 0,000147
nourished 1,660731 0,000177
nous 1,966113 0,000209
novelette 3,912023 0,000416
novelist 2,040221 0,000217
novelists 2,407946 0,000256
novelty 0,916291 0,000097
november 0,544727 0,000058
nowadays 1,139434 0,000121
nuisances 2,407946 0,000256
nullity 3,506558 0,000373
numerous 0,235722 0,000025
nurse 0,478036 0,000051
nursed 1,203973 0,000128
nursery 1,347074 0,000143
nursing 0,867501 0,000092
nuts 1,049822 0,000112
nutshell 2,525729 0,000269
oak 0,673345 0,000072
oakland 3,218876 0,000342
oakwood 3,506558 0,000373
oath 0,510826 0,000054
oaths 0,891598 0,000095
obedience 0,494296 0,000053
obedient 0,544727 0,000058
obey 0,400478 0,000043
obeyed 0,579818 0,000062
object 0,127833 0,000014
objected 0,755023 0,000080
objection 0,616186 0,000066
objects 0,356675 0,000038
obligations 1,021651 0,000109
oblige 0,967584 0,000103
obliged 0,287682 0,000031
obliging 1,078810 0,000115
obliterates 3,912023 0,000416
obscure 0,544727 0,000058
obscurities 2,207275 0,000235
observation 0,446287 0,000047
observations 0,867501 0,000092
observe 0,235722 0,000025
observed 0,162519 0,000017
observing 0,510826 0,000054
obsession 2,659260 0,000283
obsolete 0,446287 0,000047
obstacles 0,798508 0,000085
obtrusive 2,302585 0,000245
obtrusively 3,506558 0,000373
obvious 0,415515 0,000044
occasion 0,105361 0,000011
occasional 0,510826 0,000054
occasionally 0,371064 0,000039
occupant 1,771957 0,000188
occupation 0,494296 0,000053
occupations 1,078810 0,000115
occupied 0,235722 0,000025
occupies 1,560648 0,000166
occur 0,150823 0,000016
occurred 0,261365 0,000028
occurs 1,049822 0,000112
ocean 0,430783 0,000046
oceans 1,966113 0,000209
octavo 2,813411 0,000299
october 0,653926 0,000070
octosyllabic 3,912023 0,000416
odal 3,912023 0,000416
odd 0,385662 0,000041
oddest 2,302585 0,000245
odds 1,108663 0,000118
ode 2,120264 0,000225
odes 2,659260 0,000283
odic 3,912023 0,000416
odour 1,309333 0,000139
odyssey 2,302585 0,000245
offence 0,579818 0,000062
offended 0,616186 0,000066
offensive 0,693147 0,000074
offer 0,162519 0,000017
offered 0,139262 0,000015
offering 0,400478 0,000043
offers 0,198451 0,000021
office 0,072571 0,000008
officer 0,478036 0,000051
offices 0,510826 0,000054
official 0,235722 0,000025
offspring 0,994252 0,000106
oftener 1,049822 0,000112
ohio 2,407946 0,000256
oil 0,527633 0,000056
oiled 1,897120 0,000202
oily 1,771957 0,000188
olden 1,966113 0,000209
oldish 2,995732 0,000319
oleum 3,912023 0,000416
olive 0,994252 0,000106
olives 1,897120 0,000202
olivier 3,912023 0,000416
olympian 2,120264 0,000225
omar 2,525729 0,000269
omen 1,386294 0,000147
omission 1,514128 0,000161
omit 1,021651 0,000109
omnibus 2,302585 0,000245
omnibuses 2,407946 0,000256
omnipotent 1,660731 0,000177
ondoyant 3,912023 0,000416
oneself 1,386294 0,000147
onions 1,609438 0,000171
online 0,510826 0,000054
onslaught 2,040221 0,000217
onwards 2,120264 0,000225
ony 3,218876 0,000342
oot 3,912023 0,000416
openness 2,040221 0,000217
opera 1,203973 0,000128
operations 0,755023 0,000080
opinion 0,139262 0,000015
opinions 0,527633 0,000056
opium 1,609438 0,000171
opportunities 0,235722 0,000025
opportunity 0,061875 0,000007
opposed 0,653926 0,000070
opposition 0,494296 0,000053
optimism 2,302585 0,000245
opulently 3,912023 0,000416
opuscule 3,912023 0,000416
oracle 1,469676 0,000156
orange 0,941609 0,000100
oratory 1,966113 0,000209
orchards 2,659260 0,000283
orchestra 1,609438 0,000171
orchestration 3,912023 0,000416
orderly 0,941609 0,000100
ordinarily 1,469676 0,000156
ordinary 0,186330 0,000020
organ 0,776529 0,000083
organised 2,040221 0,000217
organized 0,356675 0,000038
oriental 1,108663 0,000118
origin 0,544727 0,000058
original 0,105361 0,000011
originality 1,514128 0,000161
originally 0,673345 0,000072
originals 2,207275 0,000235
originator 0,527633 0,000056
orleans 1,966113 0,000209
ornament 0,755023 0,000080
ornamental 1,386294 0,000147
orphan 0,891598 0,000095
orthodox 1,386294 0,000147
orthography 2,407946 0,000256
ortolans 2,995732 0,000319
ossianic 3,912023 0,000416
ostend 3,218876 0,000342
ostensible 2,207275 0,000235
otherwhere 3,218876 0,000342
otto 3,912023 0,000416
ounce 1,609438 0,000171
outdated 0,562119 0,000060
outfit 1,237874 0,000132
outing 2,525729 0,000269
outlandish 1,966113 0,000209
outlay 2,407946 0,000256
outline 0,994252 0,000106
outlined 1,832581 0,000195
outlines 1,108663 0,000118
outlive 2,040221 0,000217
outlook 1,771957 0,000188
outspoken 1,966113 0,000209
outspokenness 3,912023 0,000416
outspread 2,120264 0,000225
overborne 2,525729 0,000269
overcome 0,261365 0,000028
overdone 2,207275 0,000235
overdrive 3,218876 0,000342
overgrown 1,660731 0,000177
overhaul 2,813411 0,000299
overhauling 2,659260 0,000283
overhead 0,843970 0,000090
overjoyed 1,771957 0,000188
overlies 3,912023 0,000416
overlooking 1,514128 0,000161
overpowered 1,049822 0,000112
overstepping 3,218876 0,000342
overstrained 2,207275 0,000235
overt 2,995732 0,000319
overtake 0,755023 0,000080
overture 1,714798 0,000182
overwhelmed 0,891598 0,000095
overwhelming 1,049822 0,000112
overwork 2,120264 0,000225
overworked 2,813411 0,000299
owe 0,494296 0,000053
owed 0,139262 0,000015
ower 3,218876 0,000342
owner 0,116534 0,000012
ox 0,941609 0,000100
oxford 1,272966 0,000135
pace 0,328504 0,000035
pacific 1,560648 0,000166
pacify 1,660731 0,000177
pacifying 2,995732 0,000319
pacing 1,108663 0,000118
pack 0,597837 0,000064
packed 0,616186 0,000066
packet 1,309333 0,000139
paddle 2,040221 0,000217
paddles 2,207275 0,000235
paddock 2,525729 0,000269
padre 3,218876 0,000342
pagan 1,560648 0,000166
paid 0,061875 0,000007
pain 0,174353 0,000019
pained 1,203973 0,000128
painful 0,328504 0,000035
painfully 0,916291 0,000097
pains 0,301105 0,000032
paint 0,693147 0,000074
painted 0,356675 0,000038
painter 1,021651 0,000109
painters 1,347074 0,000143
painting 0,798508 0,000085
pair 0,235722 0,000025
palace 0,510826 0,000054
palais 2,659260 0,000283
palatial 3,506558 0,000373
pale 0,198451 0,000021
pall 1,469676 0,000156
pallid 1,237874 0,000132
palm 0,494296 0,000053
palms 0,820981 0,000087
palmy 2,995732 0,000319
paltry 1,203973 0,000128
pampered 1,897120 0,000202
pan 0,967584 0,000103
pang 0,967584 0,000103
panic 1,078810 0,000115
pans 1,309333 0,000139
panting 0,597837 0,000064
papa 1,272966 0,000135
paper 0,083382 0,000009
papers 0,385662 0,000041
paperwork 0,562119 0,000060
par 1,386294 0,000147
parable 1,714798 0,000182
parables 2,525729 0,000269
paraded 1,897120 0,000202
paradise 0,798508 0,000085
paragraph 0,328504 0,000035
paragraphs 0,494296 0,000053
paralysing 2,813411 0,000299
parc 3,506558 0,000373
parchments 3,218876 0,000342
pardon 0,301105 0,000032
pardy 3,912023 0,000416
parent 0,713350 0,000076
parentage 1,832581 0,000195
parental 1,514128 0,000161
parenthesis 2,407946 0,000256
parents 0,314711 0,000033
pariah 3,218876 0,000342
paris 0,562119 0,000060
parish 0,916291 0,000097
park 0,776529 0,000083
parle 3,218876 0,000342
parliament 1,049822 0,000112
parlour 1,469676 0,000156
parlours 2,525729 0,000269
parlous 3,912023 0,000416
parochial 2,813411 0,000299
parody 2,302585 0,000245
parrot 1,771957 0,000188
parrots 2,302585 0,000245
pars 2,995732 0,000319
parsimony 2,120264 0,000225
parson 1,514128 0,000161
parsons 2,525729 0,000269
partial 0,733969 0,000078
partiality 1,427116 0,000152
partially 0,967584 0,000103
parties 0,371064 0,000039
partisan 1,966113 0,000209
partly 0,301105 0,000032
partnership 1,514128 0,000161
partridge 2,040221 0,000217
partridges 1,897120 0,000202
party 0,061875 0,000007
pas 1,897120 0,000202
pascal 2,525729 0,000269
pass 0,040822 0,000004
passage 0,139262 0,000015
passages 0,527633 0,000056
passed 0,040822 0,000004
passers 1,386294 0,000147
passes 0,415515 0,000044
passing 0,094311 0,000010
passion 0,186330 0,000020
passionless 2,407946 0,000256
passions 0,478036 0,000051
passive 0,941609 0,000100
pastimes 2,040221 0,000217
pat 1,386294 0,000147
patch 0,916291 0,000097
patches 0,941609 0,000100
patching 2,659260 0,000283
patent 1,078810 0,000115
patently 3,912023 0,000416
pater 2,659260 0,000283
paternal 1,171183 0,000125
paternally 3,218876 0,000342
path 0,198451 0,000021
pathetic 1,108663 0,000118
pathetically 1,897120 0,000202
paths 0,755023 0,000080
pathways 2,659260 0,000283
patience 0,139262 0,000015
patient 0,274437 0,000029
patiently 0,733969 0,000078
patois 2,525729 0,000269
patrick 2,120264 0,000225
patriotic 1,469676 0,000156
patronage 1,272966 0,000135
pattern 0,693147 0,000074
paul 0,798508 0,000085
paupers 2,525729 0,000269
pause 0,371064 0,000039
pauses 1,560648 0,000166
pausing 1,078810 0,000115
pavement 0,843970 0,000090
paven 3,506558 0,000373
pavilion 1,771957 0,000188
pavillon 3,912023 0,000416
pawed 3,218876 0,000342
pawn 1,966113 0,000209
pay 0,051293 0,000005
paying 0,116534 0,000012
payments 0,415515 0,000044
pays 0,994252 0,000106
pea 2,207275 0,000235
peace 0,094311 0,000010
peaceful 0,478036 0,000051
peacefully 1,108663 0,000118
peach 1,897120 0,000202
pealing 2,813411 0,000299
peas 1,714798 0,000182
peasant 0,967584 0,000103
peasantry 2,120264 0,000225
pebbles 1,427116 0,000152
peculiar 0,223144 0,000024
peculiarly 0,755023 0,000080
pecuniary 1,386294 0,000147
pedantic 1,660731 0,000177
pedantry 2,407946 0,000256
peddling 2,995732 0,000319
pedestrian 2,407946 0,000256
peebles 3,912023 0,000416
peel 1,966113 0,000209
peeps 2,995732 0,000319
peevish 1,771957 0,000188
peevishness 3,218876 0,000342
pegasus 3,218876 0,000342
pellets 3,218876 0,000342
pen 0,371064 0,000039
pence 1,560648 0,000166
pencil 0,634878 0,000068
pending 2,302585 0,000245
penetrating 0,967584 0,000103
penetration 1,347074 0,000143
penitence 1,514128 0,000161
penniless 1,714798 0,000182
pennsylvania 2,302585 0,000245
penny 0,755023 0,000080
pennyworth 2,525729 0,000269
pens 1,347074 0,000143
penseroso 3,506558 0,000373
penury 2,120264 0,000225
people 0,010050 0,000001
peopled 1,514128 0,000161
perambulations 2,995732 0,000319
perceive 0,356675 0,000038
perceived 0,400478 0,000043
perceiver 3,912023 0,000416
perceptibly 1,771957 0,000188
perception 1,139434 0,000121
perchance 1,386294 0,000147
perdues 3,912023 0,000416
perennial 1,966113 0,000209
perfect 0,072571 0,000008
perfection 0,478036 0,000051
perfectly 0,162519 0,000017
perform 0,150823 0,000016
performance 0,478036 0,000051
performances 0,314711 0,000033
performed 0,127833 0,000014
performers 2,120264 0,000225
performing 0,261365 0,000028
perfume 1,139434 0,000121
perilous 0,798508 0,000085
period 0,274437 0,000029
periodic 0,544727 0,000058
periods 0,867501 0,000092
perish 0,733969 0,000078
perishable 2,120264 0,000225
perished 0,733969 0,000078
perks 3,912023 0,000416
permanent 0,223144 0,000024
permission 0,150823 0,000016
permitted 0,105361 0,000011
perpend 3,506558 0,000373
perpendicular 1,386294 0,000147
perpetual 0,478036 0,000051
perpetuate 2,302585 0,000245
perpetuation 2,995732 0,000319
persecution 1,237874 0,000132
perseverance 1,108663 0,000118
persevere 1,714798 0,000182
persistent 1,347074 0,000143
persists 2,120264 0,000225
person 0,010050 0,000001
personages 1,469676 0,000156
personal 0,223144 0,000024
personalities 2,525729 0,000269
personality 0,967584 0,000103
personally 0,798508 0,000085
persons 0,210721 0,000022
perspicuous 2,407946 0,000256
perspired 2,813411 0,000299
perspiring 2,407946 0,000256
persuade 0,446287 0,000047
persuaded 0,527633 0,000056
perturbation 1,897120 0,000202
perturbed 1,560648 0,000166
peruke 3,506558 0,000373
perusal 1,309333 0,000139
pessimism 2,659260 0,000283
pessimist 2,302585 0,000245
pessimists 3,506558 0,000373
pestilence 1,469676 0,000156
pet 1,021651 0,000109
peter 0,820981 0,000087
petit 2,407946 0,000256
petty 0,776529 0,000083
pew 2,120264 0,000225
phantom 1,078810 0,000115
pharmacies 3,506558 0,000373
phenomena 1,272966 0,000135
philistine 2,407946 0,000256
philosophers 0,994252 0,000106
philosophical 1,049822 0,000112
philosophy 0,597837 0,000064
phlebotomy 3,912023 0,000416
photograph 1,771957 0,000188
photographs 1,660731 0,000177
photos 3,912023 0,000416
phrase 0,174353 0,000019
phrases 0,820981 0,000087
phthisical 3,506558 0,000373
physical 0,198451 0,000021
physician 0,693147 0,000074
physicians 1,272966 0,000135
piano 1,139434 0,000121
pick 0,415515 0,000044
picked 0,400478 0,000043
picking 0,634878 0,000068
pickles 2,302585 0,000245
pickwickian 3,912023 0,000416
picnic 2,040221 0,000217
picture 0,248461 0,000026
pictures 0,415515 0,000044
picturesque 0,755023 0,000080
piece 0,072571 0,000008
pieces 0,139262 0,000015
pier 1,514128 0,000161
piercing 0,843970 0,000090
pierhead 3,506558 0,000373
pies 1,966113 0,000209
piety 1,078810 0,000115
pig 0,634878 0,000068
pigmy 2,407946 0,000256
pile 0,579818 0,000062
piles 1,049822 0,000112
pilgrim 1,309333 0,000139
pillar 0,916291 0,000097
pillared 2,525729 0,000269
pillow 0,776529 0,000083
pilot 1,139434 0,000121
pimple 3,218876 0,000342
pin 0,713350 0,000076
pinas 3,506558 0,000373
pinch 1,021651 0,000109
pinched 1,139434 0,000121
pinching 1,966113 0,000209
pine 0,673345 0,000072
pines 1,469676 0,000156
pinewood 3,912023 0,000416
pinewoods 3,912023 0,000416
pink 0,867501 0,000092
pious 0,733969 0,000078
piously 1,966113 0,000209
pipe 0,494296 0,000053
pipes 0,776529 0,000083
piping 1,832581 0,000195
pipings 3,218876 0,000342
piracy 2,302585 0,000245
pirate 1,560648 0,000166
pirates 1,427116 0,000152
pisgah 2,813411 0,000299
pistol 0,941609 0,000100
pit 0,733969 0,000078
pitch 0,342490 0,000036
pitched 0,820981 0,000087
pitchers 2,407946 0,000256
pith 2,525729 0,000269
pitiable 1,347074 0,000143
pitiful 0,798508 0,000085
pitting 3,218876 0,000342
pity 0,150823 0,000016
pitying 1,272966 0,000135
placid 1,203973 0,000128
plague 0,755023 0,000080
plaguey 3,506558 0,000373
plaid 2,207275 0,000235
plain 0,040822 0,000004
plainly 0,261365 0,000028
plains 0,967584 0,000103
plaint 2,302585 0,000245
plaintive 1,560648 0,000166
plan 0,261365 0,000028
plane 1,309333 0,000139
planet 1,272966 0,000135
planks 1,078810 0,000115
planned 0,916291 0,000097
plans 0,371064 0,000039
plant 0,579818 0,000062
planted 0,634878 0,000068
planting 1,560648 0,000166
plants 0,527633 0,000056
plash 2,813411 0,000299
plastic 2,207275 0,000235
plates 0,653926 0,000070
platform 0,891598 0,000095
platoon 2,813411 0,000299
plaudits 3,218876 0,000342
play 0,072571 0,000008
played 0,198451 0,000021
playing 0,186330 0,000020
playmates 2,407946 0,000256
plays 0,634878 0,000068
plead 0,867501 0,000092
pleasant 0,162519 0,000017
pleasantest 1,609438 0,000171
pleasantly 0,820981 0,000087
pleasantry 1,469676 0,000156
pleased 0,150823 0,000016
pleasurable 1,966113 0,000209
pleasure 0,051293 0,000005
pleasures 0,653926 0,000070
plebeian 2,040221 0,000217
pledged 1,108663 0,000118
plenty 0,235722 0,000025
pleurisy 2,995732 0,000319
pleuritic 3,912023 0,000416
plot 0,867501 0,000092
plots 1,771957 0,000188
ploughboy 3,218876 0,000342
plover 2,995732 0,000319
pluck 0,967584 0,000103
plucked 0,776529 0,000083
plucky 2,207275 0,000235
plug 2,040221 0,000217
plum 1,514128 0,000161
plume 1,560648 0,000166
plumed 1,832581 0,000195
plunge 0,733969 0,000078
plunged 0,544727 0,000058
plurality 2,120264 0,000225
plymouth 2,407946 0,000256
po 1,897120 0,000202
pock 2,995732 0,000319
pocket 0,371064 0,000039
poe 2,525729 0,000269
poem 0,967584 0,000103
poems 1,237874 0,000132
poesy 2,407946 0,000256
poet 0,597837 0,000064
poetic 1,347074 0,000143
poetical 1,514128 0,000161
poetically 2,525729 0,000269
poetry 0,693147 0,000074
poets 0,916291 0,000097
poignant 1,560648 0,000166
poised 1,469676 0,000156
poisons 2,120264 0,000225
pole 0,597837 0,000064
poles 1,078810 0,000115
police 0,755023 0,000080
policeman 1,386294 0,000147
polish 1,309333 0,000139
polished 0,673345 0,000072
polite 0,693147 0,000074
political 0,562119 0,000060
politics 0,713350 0,000076
pollock 3,218876 0,000342
polyglot 3,506558 0,000373
polysyllables 3,218876 0,000342
pomp 1,021651 0,000109
pooh 1,514128 0,000161
poohed 3,506558 0,000373
pool 0,798508 0,000085
pools 1,309333 0,000139
poor 0,030459 0,000003
poorer 1,049822 0,000112
pope 0,941609 0,000100
poplar 1,660731 0,000177
poplars 2,207275 0,000235
poppy 2,659260 0,000283
popular 0,430783 0,000046
popularly 1,966113 0,000209
population 0,941609 0,000100
populous 1,386294 0,000147
porridge 2,040221 0,000217
port 0,579818 0,000062
portal 1,609438 0,000171
portentously 2,995732 0,000319
portfolio 2,120264 0,000225
portly 1,609438 0,000171
portmanteau 2,207275 0,000235
portrait 0,634878 0,000068
portraits 1,108663 0,000118
portraiture 2,995732 0,000319
pose 1,427116 0,000152
position 0,162519 0,000017
positively 0,776529 0,000083
possess 0,356675 0,000038
possessed 0,094311 0,000010
possesses 0,820981 0,000087
possession 0,083382 0,000009
possessions 0,776529 0,000083
posset 2,813411 0,000299
possibilities 1,139434 0,000121
possibility 0,162519 0,000017
post 0,248461 0,000026
postage 3,218876 0,000342
postal 2,659260 0,000283
posted 0,301105 0,000032
poster 2,659260 0,000283
posteriors 2,813411 0,000299
posterity 1,139434 0,000121
posthumous 2,659260 0,000283
postie 3,912023 0,000416
postillion 2,813411 0,000299
postman 2,207275 0,000235
postmark 2,659260 0,000283
postponed 1,427116 0,000152
postulate 3,218876 0,000342
pot 0,597837 0,000064
potently 3,218876 0,000342
pots 0,994252 0,000106
potsherds 3,218876 0,000342
potted 3,218876 0,000342
potter 1,469676 0,000156
pottery 2,525729 0,000269
pound 0,776529 0,000083
pounds 0,494296 0,000053
pour 0,544727 0,000058
pouring 0,693147 0,000074
pours 1,427116 0,000152
poverty 0,446287 0,000047
powder 0,755023 0,000080
power 0,030459 0,000003
powerful 0,223144 0,000024
powerfully 1,714798 0,000182
powers 0,248461 0,000026
practicability 2,659260 0,000283
practical 0,494296 0,000053
practically 0,235722 0,000025
practice 0,162519 0,000017
practise 0,967584 0,000103
practiser 3,912023 0,000416
practising 1,386294 0,000147
prairie 2,120264 0,000225
praise 0,371064 0,000039
praised 0,653926 0,000070
praiser 3,218876 0,000342
pranks 1,897120 0,000202
prate 2,302585 0,000245
pray 0,371064 0,000039
prayer 0,478036 0,000051
prayers 0,478036 0,000051
preach 1,049822 0,000112
preached 1,237874 0,000132
preacher 1,203973 0,000128
preaching 1,347074 0,000143
preceded 0,653926 0,000070
precedence 1,966113 0,000209
precedent 1,771957 0,000188
precept 1,609438 0,000171
preciosity 3,912023 0,000416
precious 0,162519 0,000017
precipitate 1,660731 0,000177
precise 0,776529 0,000083
precisely 0,510826 0,000054
precision 0,798508 0,000085
predestined 2,207275 0,000235
predicaments 2,813411 0,000299
predicted 1,427116 0,000152
predominant 2,407946 0,000256
preface 0,733969 0,000078
prefer 0,385662 0,000041
preference 0,867501 0,000092
preferred 0,342490 0,000036
preferring 1,078810 0,000115
prefers 1,514128 0,000161
pregnancy 2,120264 0,000225
pregnant 1,272966 0,000135
prejudice 0,733969 0,000078
prelected 3,912023 0,000416
preliminary 0,994252 0,000106
premature 1,203973 0,000128
prentice 2,813411 0,000299
preparation 0,579818 0,000062
preparatory 1,309333 0,000139
prepare 0,162519 0,000017
prepared 0,105361 0,000011
preparing 0,415515 0,000044
prerequisite 3,506558 0,000373
presence 0,094311 0,000010
presences 3,506558 0,000373
presentment 2,407946 0,000256
preserve 0,150823 0,000016
preserved 0,415515 0,000044
preserves 1,108663 0,000118
press 0,274437 0,000029
presses 1,609438 0,000171
pressure 0,527633 0,000056
presume 0,634878 0,000068
pretend 0,446287 0,000047
pretension 1,897120 0,000202
pretentious 2,525729 0,000269
pretext 0,941609 0,000100
prettiest 1,560648 0,000166
prettily 1,469676 0,000156
pretty 0,150823 0,000016
prevailed 0,673345 0,000072
prevails 1,427116 0,000152
prevent 0,083382 0,000009
prevented 0,328504 0,000035
previous 0,094311 0,000010
prey 0,527633 0,000056
price 0,314711 0,000033
prick 1,660731 0,000177
pricked 1,203973 0,000128
pride 0,150823 0,000016
prigs 3,506558 0,000373
prim 2,040221 0,000217
prime 0,713350 0,000076
primer 2,659260 0,000283
primitive 0,941609 0,000100
prince 0,462035 0,000049
princely 1,714798 0,000182
princes 0,843970 0,000090
princess 1,309333 0,000139
princesses 2,040221 0,000217
principal 0,287682 0,000031
principally 1,108663 0,000118
principle 0,430783 0,000046
principles 0,510826 0,000054
print 0,261365 0,000028
printed 0,174353 0,000019
printer 1,897120 0,000202
printers 2,207275 0,000235
printing 1,469676 0,000156
prints 1,560648 0,000166
prior 1,237874 0,000132
priscilla 3,218876 0,000342
prism 2,995732 0,000319
prison 0,287682 0,000031
prisoner 0,385662 0,000041
privacies 3,218876 0,000342
privacy 1,832581 0,000195
private 0,198451 0,000021
privilege 0,527633 0,000056
privileged 1,347074 0,000143
prix 3,506558 0,000373
pro 2,040221 0,000217
probability 0,776529 0,000083
probable 0,494296 0,000053
proceeded 0,274437 0,000029
proceeding 0,510826 0,000054
process 0,400478 0,000043
processing 0,562119 0,000060
procession 0,733969 0,000078
proclamations 2,525729 0,000269
procrastination 2,995732 0,000319
procuration 3,912023 0,000416
procure 0,693147 0,000074
procured 0,733969 0,000078
prodigal 1,714798 0,000182
prodigious 1,021651 0,000109
prodigy 1,771957 0,000188
produce 0,127833 0,000014
produced 0,105361 0,000011
produces 0,916291 0,000097
production 0,314711 0,000033
productions 1,427116 0,000152
profane 1,203973 0,000128
profanely 2,813411 0,000299
profess 1,203973 0,000128
profession 0,527633 0,000056
professional 0,820981 0,000087
professor 0,287682 0,000031
professorate 3,912023 0,000416
professoriate 3,912023 0,000416
professors 1,386294 0,000147
profit 0,248461 0,000026
profitable 0,891598 0,000095
profits 0,314711 0,000033
profound 0,462035 0,000049
profoundly 0,994252 0,000106
progress 0,174353 0,000019
progressed 1,966113 0,000209
progresses 2,813411 0,000299
prohibition 0,430783 0,000046
prohibitory 3,218876 0,000342
project -0,009950 -0,000001
projected 1,139434 0,000121
prologue 2,407946 0,000256
prolonged 0,597837 0,000064
promenade 2,040221 0,000217
prometheus 2,302585 0,000245
prominence 1,771957 0,000188
prominently 0,494296 0,000053
promise 0,116534 0,000012
promised 0,198451 0,000021
promises 0,510826 0,000054
promising 0,430783 0,000046
promontory 1,609438 0,000171
promoting 0,430783 0,000046
promotion 0,342490 0,000036
prompt 0,776529 0,000083
prompted 0,891598 0,000095
promptitude 2,120264 0,000225
prone 1,078810 0,000115
pronounced 0,446287 0,000047
proof 0,287682 0,000031
proofread 0,562119 0,000060
proofs 0,798508 0,000085
prop 1,560648 0,000166
propagation 2,040221 0,000217
proper 0,061875 0,000007
properly 0,385662 0,000041
property 0,127833 0,000014
prophecy 1,078810 0,000115
prophet 0,994252 0,000106
prophets 1,386294 0,000147
proportion 0,371064 0,000039
proportionate 1,771957 0,000188
proportionately 2,407946 0,000256
proportions 0,776529 0,000083
proposal 0,733969 0,000078
propose 0,527633 0,000056
proposed 0,371064 0,000039
proposes 1,514128 0,000161
proposition 0,916291 0,000097
propped 1,347074 0,000143
proprietary 0,562119 0,000060
proprieties 2,207275 0,000235
proprietor 1,139434 0,000121
proprietors 1,514128 0,000161
propriety 0,994252 0,000106
proprium 3,218876 0,000342
prosaic 2,407946 0,000256
prose 1,021651 0,000109
proser 3,912023 0,000416
prospect 0,446287 0,000047
prospects 1,203973 0,000128
prosper 1,469676 0,000156
prosperity 0,820981 0,000087
prosperous 0,891598 0,000095
prostitutes 3,218876 0,000342
prostrate 0,843970 0,000090
prostrating 2,302585 0,000245
prostration 2,040221 0,000217
protect 0,186330 0,000020
protected 0,415515 0,000044
protested 0,867501 0,000092
protuberant 2,813411 0,000299
proudly 0,733969 0,000078
prove 0,174353 0,000019
proved 0,116534 0,000012
proves 0,776529 0,000083
provide 0,162519 0,000017
providence 0,693147 0,000074
providing 0,261365 0,000028
provision 0,248461 0,000026
provisions 0,223144 0,000024
provoke 0,891598 0,000095
provost 2,407946 0,000256
prowess 1,609438 0,000171
proxy 2,120264 0,000225
prudential 2,407946 0,000256
prudhomme 3,506558 0,000373
prying 1,560648 0,000166
psychological 1,660731 0,000177
psychology 1,897120 0,000202
public 0,083382 0,000009
publication 1,171183 0,000125
publicly 0,994252 0,000106
publish 1,203973 0,000128
published 0,579818 0,000062
publisher 1,514128 0,000161
publishers 1,771957 0,000188
publishing 1,771957 0,000188
puck 2,813411 0,000299
pudding 1,386294 0,000147
puddling 3,506558 0,000373
puff 1,347074 0,000143
pugnacious 2,659260 0,000283
pull 0,328504 0,000035
pulled 0,371064 0,000039
pulling 0,634878 0,000068
pulse 0,891598 0,000095
pump 1,469676 0,000156
pun 2,407946 0,000256
punishment 0,301105 0,000032
punishments 1,609438 0,000171
punitive 0,562119 0,000060
punkah 3,912023 0,000416
puppets 2,120264 0,000225
puppies 2,120264 0,000225
puppy 1,660731 0,000177
purchased 0,798508 0,000085
pure 0,150823 0,000016
purely 0,713350 0,000076
purer 1,660731 0,000177
purged 1,771957 0,000188
purity 0,776529 0,000083
purling 3,218876 0,000342
purple 0,616186 0,000066
purport 1,660731 0,000177
purpose 0,040822 0,000004
purposeless 2,120264 0,000225
purposely 1,171183 0,000125
purposes 0,478036 0,000051
purse 0,616186 0,000066
purser 2,813411 0,000299
pursue 0,510826 0,000054
pursued 0,328504 0,000035
pursuit 0,328504 0,000035
push 0,562119 0,000060
pushed 0,400478 0,000043
pushes 2,120264 0,000225
pushing 0,755023 0,000080
putrefaction 2,407946 0,000256
putridity 3,912023 0,000416
puy 3,506558 0,000373
puzzled 0,494296 0,000053
puzzles 1,771957 0,000188
qu 3,218876 0,000342
qua 2,659260 0,000283
quack 2,120264 0,000225
quail 2,207275 0,000235
quaint 1,021651 0,000109
quakes 3,912023 0,000416
quaking 1,832581 0,000195
qualifications 1,560648 0,000166
qualified 0,967584 0,000103
qualifying 2,407946 0,000256
qualities 0,446287 0,000047
quality 0,274437 0,000029
quant 3,506558 0,000373
quantities 1,139434 0,000121
quantity 0,579818 0,000062
quarrel 0,328504 0,000035
quarry 1,427116 0,000152
quarrying 3,506558 0,000373
quarter 0,223144 0,000024
quarterly 2,207275 0,000235
quarters 0,248461 0,000026
quarto 2,120264 0,000225
quays 2,525729 0,000269
queen 0,415515 0,000044
queer 0,776529 0,000083
queried 2,407946 0,000256
queries 2,207275 0,000235
query 2,302585 0,000245
quest 0,776529 0,000083
question 0,051293 0,000005
questionable 1,714798 0,000182
questioned 0,673345 0,000072
questionings 2,525729 0,000269
questions 0,127833 0,000014
qui 1,469676 0,000156
quick 0,139262 0,000015
quicker 0,867501 0,000092
quickness 1,237874 0,000132
quid 1,966113 0,000209
quiet 0,116534 0,000012
quietly 0,261365 0,000028
quire 2,407946 0,000256
quirk 3,506558 0,000373
quit 0,616186 0,000066
quits 2,040221 0,000217
quod 2,207275 0,000235
quorum 2,813411 0,000299
quotation 1,897120 0,000202
quote 1,272966 0,000135
quoted 1,021651 0,000109
rabbit 1,171183 0,000125
rabid 2,659260 0,000283
race 0,198451 0,000021
races 0,713350 0,000076
radiant 0,867501 0,000092
radiates 3,506558 0,000373
radically 2,659260 0,000283
radicals 2,995732 0,000319
rage 0,261365 0,000028
ragged 0,776529 0,000083
raggedness 3,506558 0,000373
raging 0,653926 0,000070
rags 0,916291 0,000097
rail 0,798508 0,000085
rails 1,309333 0,000139
railway 1,203973 0,000128
raiment 1,714798 0,000182
rain 0,223144 0,000024
rained 1,139434 0,000121
raining 1,660731 0,000177
rains 0,967584 0,000103
raise 0,174353 0,000019
raised 0,061875 0,000007
raising 0,274437 0,000029
raked 1,897120 0,000202
ranche 3,912023 0,000416
rancheros 3,912023 0,000416
random 0,967584 0,000103
range 0,446287 0,000047
rank 0,287682 0,000031
ranking 3,218876 0,000342
rankled 2,525729 0,000269
ranting 3,218876 0,000342
rapacity 2,407946 0,000256
rape 2,207275 0,000235
rapid 0,371064 0,000039
rapidly 0,371064 0,000039
rare 0,274437 0,000029
rarely 0,527633 0,000056
rarest 1,897120 0,000202
rascal 0,967584 0,000103
rascals 1,560648 0,000166
rase 2,995732 0,000319
rash 0,891598 0,000095
rate 0,274437 0,000029
ratio 2,525729 0,000269
rattle 0,891598 0,000095
ravening 3,218876 0,000342
raw 0,713350 0,000076
rax 3,912023 0,000416
ray 0,798508 0,000085
reach 0,051293 0,000005
reached 0,127833 0,000014
reaches 0,820981 0,000087
reaching 0,083382 0,000009
read 0,020203 0,000002
readable 0,510826 0,000054
reader 0,342490 0,000036
readers 0,776529 0,000083
readier 2,302585 0,000245
readiest 1,966113 0,000209
readiness 0,634878 0,000068
reading 0,061875 0,000007
reads 0,867501 0,000092
ready 0,030459 0,000003
real 0,040822 0,000004
reales 3,506558 0,000373
realise 1,347074 0,000143
realised 1,309333 0,000139
realism 2,120264 0,000225
realist 2,813411 0,000299
realistic 2,302585 0,000245
reality 0,328504 0,000035
realms 1,514128 0,000161
rearranged 2,813411 0,000299
reason 0,010050 0,000001
reasonable 0,116534 0,000012
reasons 0,223144 0,000024
reassure 1,609438 0,000171
reassured 1,272966 0,000135
rebel 1,078810 0,000115
rebellion 0,967584 0,000103
rebuilding 2,525729 0,000269
recall 0,478036 0,000051
recalling 1,108663 0,000118
recapitulate 2,525729 0,000269
recast 3,218876 0,000342
receipt 0,314711 0,000033
receive 0,083382 0,000009
received 0,040822 0,000004
receiver 1,966113 0,000209
receives 0,916291 0,000097
receiving 0,116534 0,000012
receptivity 3,218876 0,000342
reciprocate 2,813411 0,000299
recitation 2,207275 0,000235
recitative 2,995732 0,000319
recited 1,771957 0,000188
reckon 0,693147 0,000074
reckoning 0,843970 0,000090
reckons 1,966113 0,000209
recline 2,525729 0,000269
recognise 1,049822 0,000112
recognised 0,891598 0,000095
recognition 0,713350 0,000076
recollect 0,713350 0,000076
recollection 0,616186 0,000066
recollections 1,272966 0,000135
recommend 0,755023 0,000080
recommendation 1,309333 0,000139
recommending 1,714798 0,000182
recompense 1,309333 0,000139
reconcile 0,967584 0,000103
reconciled 0,891598 0,000095
reconciliation 1,049822 0,000112
reconciling 1,832581 0,000195
recondite 2,813411 0,000299
reconsider 2,407946 0,000256
record 0,400478 0,000043
recorded 0,733969 0,000078
recourse 1,171183 0,000125
recover 0,356675 0,000038
recovered 0,385662 0,000041
recovering 0,755023 0,000080
recovery 0,616186 0,000066
rector 2,120264 0,000225
rectory 2,659260 0,000283
recumbent 2,659260 0,000283
recur 2,040221 0,000217
recurring 1,347074 0,000143
red 0,072571 0,000008
redacts 3,912023 0,000416
redd 3,506558 0,000373
redeem 1,021651 0,000109
redistribute 0,544727 0,000058
redistributing 0,562119 0,000060
redistribution 0,562119 0,000060
reduce 0,916291 0,000097
reduced 0,371064 0,000039
reduction 1,514128 0,000161
reed 1,427116 0,000152
reeds 1,386294 0,000147
reek 2,407946 0,000256
refection 2,813411 0,000299
refer 0,653926 0,000070
reference 0,562119 0,000060
references 0,430783 0,000046
referred 0,616186 0,000066
referring 0,967584 0,000103
refers 1,203973 0,000128
refined 0,798508 0,000085
reflection 0,356675 0,000038
refrain 0,776529 0,000083
refresh 1,272966 0,000135
refreshed 0,820981 0,000087
refreshment 0,941609 0,000100
refund 0,562119 0,000060
refusal 0,843970 0,000090
refuse 0,371064 0,000039
refused 0,235722 0,000025
regard 0,150823 0,000016
regarded 0,301105 0,000032
regiment 1,078810 0,000115
region 0,673345 0,000072
regions 0,891598 0,000095
registered 0,430783 0,000046
registrations 3,912023 0,000416
regret 0,385662 0,000041
regrets 1,108663 0,000118
regretted 0,843970 0,000090
regular 0,287682 0,000031
regulates 2,302585 0,000245
regulating 0,415515 0,000044
reh 3,912023 0,000416
rehabilitated 3,912023 0,000416
rehearsals 2,813411 0,000299
rehearsed 2,659260 0,000283
reid 2,995732 0,000319
rein 1,386294 0,000147
reins 1,049822 0,000112
reinstatement 3,506558 0,000373
rejected 0,653926 0,000070
rejection 1,609438 0,000171
rejoice 0,843970 0,000090
rejoiced 0,776529 0,000083
rejoicing 0,967584 0,000103
rejoinder 1,897120 0,000202
rejuvenate 3,912023 0,000416
relapse 1,386294 0,000147
relapses 2,120264 0,000225
relate 0,562119 0,000060
relates 1,309333 0,000139
relation 0,446287 0,000047
relations 0,287682 0,000031
relative 0,693147 0,000074
relatives 0,941609 0,000100
relax 1,386294 0,000147
release 0,210721 0,000022
relic 1,272966 0,000135
relief 0,198451 0,000021
relieved 0,478036 0,000051
religion 0,446287 0,000047
religions 1,347074 0,000143
religious 0,446287 0,000047
religiously 1,560648 0,000166
relinquish 1,237874 0,000132
relish 1,021651 0,000109
remain 0,040822 0,000004
remainder 0,616186 0,000066
remained 0,116534 0,000012
remaining 0,094311 0,000010
remains 0,150823 0,000016
remark 0,314711 0,000033
remarkable 0,235722 0,000025
remarked 0,415515 0,000044
remarking 1,427116 0,000152
remarks 0,462035 0,000049
rembrandt 2,525729 0,000269
remedied 2,040221 0,000217
remedies 0,415515 0,000044
remedy 0,693147 0,000074
remember 0,083382 0,000009
remembered 0,162519 0,000017
remembering 0,776529 0,000083
remembers 1,237874 0,000132
remembrance 0,733969 0,000078
remind 0,755023 0,000080
reminded 0,527633 0,000056
reminding 1,049822 0,000112
reminiscence 1,897120 0,000202
remnant 1,237874 0,000132
remorse 0,755023 0,000080
remorses 3,506558 0,000373
remote 0,544727 0,000058
remove 0,127833 0,000014
removed 0,061875 0,000007
removes 1,832581 0,000195
remuneration 2,995732 0,000319
renaissance 2,302585 0,000245
renamed 0,562119 0,000060
render 0,371064 0,000039
rendered 0,527633 0,000056
renew 0,776529 0,000083
renewed 0,510826 0,000054
renown 1,309333 0,000139
rent 0,597837 0,000064
rentier 3,912023 0,000416
renunciation 2,207275 0,000235
reopen 2,995732 0,000319
reparation 1,832581 0,000195
reparatory 3,912023 0,000416
repeat 0,328504 0,000035
repeated 0,127833 0,000014
repeatedly 1,108663 0,000118
repels 2,813411 0,000299
repent 0,713350 0,000076
repentance 0,798508 0,000085
replace 0,342490 0,000036
replacement 0,562119 0,000060
replete 2,040221 0,000217
replicas 3,506558 0,000373
replied 0,235722 0,000025
reply 0,174353 0,000019
report 0,301105 0,000032
reported 0,162519 0,000017
reporter 2,407946 0,000256
reports 0,261365 0,000028
repose 0,544727 0,000058
represent 0,494296 0,000053
representation 1,021651 0,000109
representations 0,356675 0,000038
represented 0,462035 0,000049
represents 1,021651 0,000109
reprint 2,407946 0,000256
reproach 0,371064 0,000039
reproaches 1,049822 0,000112
reproachfully 1,714798 0,000182
reproduce 1,514128 0,000161
reptile 1,771957 0,000188
republication 3,218876 0,000342
republished 2,407946 0,000256
repudiate 2,407946 0,000256
repudiating 2,995732 0,000319
repudiation 2,995732 0,000319
repugnance 1,386294 0,000147
repulsive 1,049822 0,000112
reputation 0,385662 0,000041
request 0,127833 0,000014
requests 1,469676 0,000156
require 0,127833 0,000014
required 0,083382 0,000009
requirements 0,415515 0,000044
requires 0,673345 0,000072
requiring 1,108663 0,000118
resent 1,427116 0,000152
reservation 1,832581 0,000195
reserve 0,478036 0,000051
residence 0,713350 0,000076
resident 1,427116 0,000152
resign 1,203973 0,000128
resignation 0,994252 0,000106
resigning 2,207275 0,000235
resist 0,430783 0,000046
resistance 0,430783 0,000046
resolve 0,713350 0,000076
resolved 0,342490 0,000036
resounds 2,302585 0,000245
resource 1,078810 0,000115
respect 0,094311 0,000010
respectability 1,427116 0,000152
respectable 0,430783 0,000046
respected 0,673345 0,000072
respectful 0,755023 0,000080
respectfully 1,139434 0,000121
respiration 2,040221 0,000217
respite 1,427116 0,000152
resplendent 1,514128 0,000161
respond 1,386294 0,000147
responded 0,916291 0,000097
response 0,916291 0,000097
responsibilities 1,832581 0,000195
responsibility 0,776529 0,000083
rest 0,010050 0,000001
restaurant 1,560648 0,000166
resting 0,314711 0,000033
restless 0,478036 0,000051
restoration 1,309333 0,000139
restorative 2,302585 0,000245
restraint 0,733969 0,000078
restraints 2,525729 0,000269
restrictions 0,385662 0,000041
rests 0,673345 0,000072
result 0,174353 0,000019
resume 0,776529 0,000083
resumed 0,415515 0,000044
retains 1,514128 0,000161
retentive 2,302585 0,000245
reticence 2,040221 0,000217
retired 0,342490 0,000036
retiring 0,843970 0,000090
retract 1,897120 0,000202
retreat 0,494296 0,000053
retrim 3,912023 0,000416
retrospect 2,525729 0,000269
return 0,040822 0,000004
returned 0,061875 0,000007
returning 0,127833 0,000014
returns 0,235722 0,000025
reveal 0,616186 0,000066
revel 1,714798 0,000182
revelation 0,820981 0,000087
revenge 0,544727 0,000058
revenges 2,407946 0,000256
revenue 0,371064 0,000039
reverend 1,272966 0,000135
reverse 0,579818 0,000062
review 0,891598 0,000095
reviewer 3,218876 0,000342
reviewers 2,813411 0,000299
reviewing 1,832581 0,000195
reviews 1,832581 0,000195
revisal 3,912023 0,000416
revise 3,218876 0,000342
revisers 3,912023 0,000416
revision 2,407946 0,000256
revive 0,941609 0,000100
revoir 2,407946 0,000256
revolted 1,560648 0,000166
revolution 0,713350 0,000076
revolver 1,660731 0,000177
revulsion 1,660731 0,000177
reward 0,328504 0,000035
rewarded 0,713350 0,000076
rewrite 3,218876 0,000342
rewriting 3,218876 0,000342
rhapsodical 3,912023 0,000416
rhapsody 2,813411 0,000299
rheumatic 2,659260 0,000283
rheumatism 2,302585 0,000245
rhyme 1,609438 0,000171
rhymes 1,771957 0,000188
rhyming 2,813411 0,000299
rhythm 1,966113 0,000209
rice 1,469676 0,000156
rich 0,139262 0,000015
richard 1,021651 0,000109
richly 0,891598 0,000095
richness 1,469676 0,000156
richt 3,912023 0,000416
rickety 1,660731 0,000177
rid 0,223144 0,000024
ridden 1,309333 0,000139
riddle 1,203973 0,000128
riddled 2,407946 0,000256
rider 1,078810 0,000115
rides 1,560648 0,000166
ridges 1,469676 0,000156
riding 0,562119 0,000060
rig 2,040221 0,000217
rigged 1,609438 0,000171
righteous 1,203973 0,000128
rightly 0,430783 0,000046
rigid 0,820981 0,000087
rigidity 1,966113 0,000209
rigour 1,897120 0,000202
rimes 3,218876 0,000342
rink 3,218876 0,000342
rioting 2,120264 0,000225
riots 2,407946 0,000256
ripe 0,820981 0,000087
ripen 1,714798 0,000182
ripening 1,832581 0,000195
riper 2,302585 0,000245
rippled 1,966113 0,000209
rise 0,040822 0,000004
risen 0,342490 0,000036
rising 0,116534 0,000012
risk 0,371064 0,000039
rites 1,272966 0,000135
rival 0,597837 0,000064
rivals 1,427116 0,000152
river 0,174353 0,000019
rivers 0,713350 0,000076
riverside 2,525729 0,000269
riveted 1,560648 0,000166
riviera 3,218876 0,000342
road 0,150823 0,000016
roads 0,597837 0,000064
roadway 2,120264 0,000225
roar 0,597837 0,000064
roaring 0,713350 0,000076
roast 0,994252 0,000106
rob 0,653926 0,000070
robert 1,078810 0,000115
roberts 2,659260 0,000283
robes 0,916291 0,000097
robinet 3,912023 0,000416
robins 3,506558 0,000373
robinson 1,660731 0,000177
robust 0,994252 0,000106
rocambole 3,912023 0,000416
rock 0,385662 0,000041
rockery 3,912023 0,000416
rocks 0,446287 0,000047
rocky 1,049822 0,000112
rod 0,673345 0,000072
rodriguez 3,506558 0,000373
rogue 1,272966 0,000135
rogues 1,660731 0,000177
roll 0,415515 0,000044
rolled 0,356675 0,000038
roller 2,407946 0,000256
rolling 0,415515 0,000044
rolls 1,139434 0,000121
roman 0,755023 0,000080
romance 0,693147 0,000074
romances 1,714798 0,000182
romancing 3,218876 0,000342
romantic 0,891598 0,000095
romantically 2,995732 0,000319
rome 0,713350 0,000076
rondeaux 3,912023 0,000416
roof 0,223144 0,000024
roofs 0,994252 0,000106
roomful 3,506558 0,000373
roost 2,207275 0,000235
root 0,385662 0,000041
ropes 1,021651 0,000109
roquelaure 3,506558 0,000373
rose 0,094311 0,000010
rosemary 2,995732 0,000319
roses 0,941609 0,000100
ross 2,302585 0,000245
rosy 1,078810 0,000115
rot 1,203973 0,000128
rotten 0,941609 0,000100
rough 0,186330 0,000020
rougher 2,207275 0,000235
roughest 2,120264 0,000225
roughing 3,218876 0,000342
roundabout 1,771957 0,000188
route 1,049822 0,000112
rover 2,525729 0,000269
row 0,544727 0,000058
roy 2,659260 0,000283
royal 0,400478 0,000043
royalties 0,527633 0,000056
royalty 0,385662 0,000041
rubbish 1,108663 0,000118
rubbishing 3,912023 0,000416
rubens 2,302585 0,000245
rubs 2,302585 0,000245
rude 0,342490 0,000036
rudeness 1,203973 0,000128
rudiments 1,660731 0,000177
rue 1,203973 0,000128
rufus 2,525729 0,000269
rugged 0,798508 0,000085
ruin 0,287682 0,000031
ruined 0,371064 0,000039
ruinous 1,386294 0,000147
ruins 0,755023 0,000080
rule 0,198451 0,000021
ruled 0,967584 0,000103
rules 0,150823 0,000016
ruling 1,171183 0,000125
rum 1,309333 0,000139
rural 1,771957 0,000188
rush 0,287682 0,000031
rushes 1,049822 0,000112
russet 1,966113 0,000209
russian 1,347074 0,000143
russians 2,040221 0,000217
rust 1,272966 0,000135
rustic 1,108663 0,000118
rustle 1,139434 0,000121
rusty 1,078810 0,000115
sable 1,560648 0,000166
sack 0,891598 0,000095
sacred 0,415515 0,000044
sacrifice 0,328504 0,000035
sad 0,223144 0,000024
saddle 0,916291 0,000097
sadly 0,510826 0,000054
sadness 0,820981 0,000087
sae 3,506558 0,000373
safe 0,116534 0,000012
safely 0,371064 0,000039
safety 0,356675 0,000038
sagacious 1,660731 0,000177
sagacity 1,139434 0,000121
sage 0,916291 0,000097
sahara 2,525729 0,000269
sail 0,634878 0,000068
sailed 0,820981 0,000087
sailing 0,653926 0,000070
sailor 0,755023 0,000080
sails 0,798508 0,000085
saint 0,673345 0,000072
sake 0,094311 0,000010
salad 1,832581 0,000195
salary 1,309333 0,000139
sale 0,798508 0,000085
sales 1,966113 0,000209
saliency 3,912023 0,000416
salient 2,302585 0,000245
salinas 3,506558 0,000373
sally 1,309333 0,000139
salmon 1,660731 0,000177
salon 2,207275 0,000235
saloon 1,514128 0,000161
salt 0,116534 0,000012
salute 0,967584 0,000103
salvation 0,798508 0,000085
salve 2,302585 0,000245
sam 1,771957 0,000188
samoan 3,912023 0,000416
samovar 2,813411 0,000299
samuel 1,237874 0,000132
san 1,427116 0,000152
sanatorium 3,506558 0,000373
sanctified 1,560648 0,000166
sand 0,597837 0,000064
sandbag 3,912023 0,000416
sands 1,171183 0,000125
sane 1,309333 0,000139
sang 0,415515 0,000044
sanitary 2,040221 0,000217
sanity 1,832581 0,000195
sank 0,544727 0,000058
santa 1,771957 0,000188
sapphire 1,966113 0,000209
sara 3,506558 0,000373
sat 0,083382 0,000009
satan 1,237874 0,000132
satiric 3,912023 0,000416
satirical 1,660731 0,000177
satisfaction 0,186330 0,000020
satisfied 0,105361 0,000011
satisfies 2,040221 0,000217
saturday 0,843970 0,000090
sausage 1,966113 0,000209
sauve 3,912023 0,000416
savage 0,356675 0,000038
save 0,030459 0,000003
saved 0,274437 0,000029
savile 3,506558 0,000373
saving 0,478036 0,000051
savour 1,771957 0,000188
savoury 1,832581 0,000195
sawyer 2,525729 0,000269
saxon 1,660731 0,000177
scald 3,506558 0,000373
scalded 2,302585 0,000245
scale 0,446287 0,000047
scalp 2,407946 0,000256
scandalous 1,237874 0,000132
scandals 2,120264 0,000225
scantiest 3,218876 0,000342
scanty 0,941609 0,000100
scar 1,560648 0,000166
scarce 0,693147 0,000074
scarcely 0,301105 0,000032
scared 0,941609 0,000100
scarlet 0,798508 0,000085
scattered 0,139262 0,000015
scattering 1,139434 0,000121
scenario 3,912023 0,000416
scene 0,198451 0,000021
scenery 1,237874 0,000132
scenes 0,494296 0,000053
scent 0,733969 0,000078
scented 1,203973 0,000128
scents 1,771957 0,000188
sceptic 2,040221 0,000217
scheme 0,634878 0,000068
schemes 0,994252 0,000106
schiller 2,207275 0,000235
schnapps 2,813411 0,000299
scholarly 2,407946 0,000256
scholarship 2,659260 0,000283
school 0,174353 0,000019
schoolboy 1,560648 0,000166
schooling 1,897120 0,000202
schools 0,755023 0,000080
schooner 2,207275 0,000235
science 0,446287 0,000047
scoffer 2,995732 0,000319
scoffingly 3,218876 0,000342
scone 3,912023 0,000416
scope 1,139434 0,000121
score 0,713350 0,000076
scored 2,207275 0,000235
scorn 0,562119 0,000060
scorners 3,218876 0,000342
scot 2,525729 0,000269
scotch 1,309333 0,000139
scotchman 2,813411 0,000299
scotchmen 2,995732 0,000319
scotland 1,347074 0,000143
scots 2,207275 0,000235
scotsmen 3,506558 0,000373
scott 1,560648 0,000166
scottish 2,525729 0,000269
scratch 0,916291 0,000097
scratched 1,049822 0,000112
scrawl 1,966113 0,000209
screechy 3,506558 0,000373
screens 2,525729 0,000269
scribbled 1,771957 0,000188
scribe 2,120264 0,000225
scriptorium 3,912023 0,000416
scrivener 2,995732 0,000319
scroll 1,714798 0,000182
scrolled 3,506558 0,000373
scruple 1,272966 0,000135
scrupulous 1,139434 0,000121
scrupulousness 3,506558 0,000373
sculduddery 3,912023 0,000416
sculptors 2,525729 0,000269
scurrying 2,302585 0,000245
scuttle 1,832581 0,000195
sea 0,116534 0,000012
seaboard 2,407946 0,000256
seafaring 2,302585 0,000245
seagull 3,506558 0,000373
seal 0,562119 0,000060
sealed 0,820981 0,000087
sealskin 2,995732 0,000319
seaman 1,514128 0,000161
seamanship 2,995732 0,000319
seamen 1,609438 0,000171
search 0,051293 0,000005
searching 0,415515 0,000044
seared 2,207275 0,000235
seas 0,916291 0,000097
season 0,287682 0,000031
seasoned 1,609438 0,000171
seasons 0,673345 0,000072
seat 0,105361 0,000011
seated 0,223144 0,000024
seats 0,562119 0,000060
secondary 1,347074 0,000143
seconder 3,912023 0,000416
secrecy 0,820981 0,000087
secret 0,061875 0,000007
secretary 0,916291 0,000097
secretive 2,525729 0,000269
secrets 0,400478 0,000043
sectional 3,218876 0,000342
secular 1,966113 0,000209
secure 0,072571 0,000008
sed 2,525729 0,000269
sedans 3,912023 0,000416
sedately 2,813411 0,000299
sederunt 3,912023 0,000416
sedge 2,995732 0,000319
seducer 2,525729 0,000269
sedulous 2,813411 0,000299
seed 0,597837 0,000064
seedy 2,813411 0,000299
seek 0,198451 0,000021
seeking 0,274437 0,000029
seeks 1,021651 0,000109
seemingly 0,967584 0,000103
seine 2,207275 0,000235
seizing 0,693147 0,000074
sel 3,506558 0,000373
seldom 0,301105 0,000032
selected 0,634878 0,000068
selection 1,139434 0,000121
selfish 0,798508 0,000085
selfsame 2,207275 0,000235
sell 0,430783 0,000046
sellar 3,218876 0,000342
sells 1,714798 0,000182
semiramis 2,525729 0,000269
send 0,030459 0,000003
sending 0,083382 0,000009
sends 0,544727 0,000058
sense 0,051293 0,000005
sensibility 1,427116 0,000152
sensitive 0,693147 0,000074
sentence 0,127833 0,000014
sentences 0,820981 0,000087
sentiment 0,478036 0,000051
sentimental 1,139434 0,000121
sentimentalist 3,218876 0,000342
sentiments 0,820981 0,000087
separate 0,248461 0,000026
separately 1,108663 0,000118
separation 0,776529 0,000083
separations 2,659260 0,000283
sepoy 2,995732 0,000319
september 0,673345 0,000072
sequel 1,078810 0,000115
sequence 1,560648 0,000166
sequestered 2,407946 0,000256
seraphina 3,912023 0,000416
serenity 1,203973 0,000128
serial 2,995732 0,000319
series 0,494296 0,000053
serjeant 2,995732 0,000319
sermon 1,021651 0,000109
sermons 1,386294 0,000147
serpent 0,755023 0,000080
servant 0,186330 0,000020
servants 0,162519 0,000017
serve 0,174353 0,000019
served 0,186330 0,000020
serves 0,776529 0,000083
service 0,072571 0,000008
services 0,494296 0,000053
servilities 3,912023 0,000416
session 1,832581 0,000195
set 0,010050 0,000001
sets 0,385662 0,000041
setting 0,186330 0,000020
settle 0,356675 0,000038
settled 0,127833 0,000014
seventeen 0,693147 0,000074
seventh 0,562119 0,000060
sevenths 3,506558 0,000373
severe 0,342490 0,000036
severest 1,560648 0,000166
sewed 1,560648 0,000166
sewers 2,813411 0,000299
sex 0,562119 0,000060
sexes 1,049822 0,000112
sexlessness 3,912023 0,000416
sexton 2,525729 0,000269
sha 1,309333 0,000139
shabbily 2,995732 0,000319
shade 0,274437 0,000029
shaded 0,891598 0,000095
shadow 0,223144 0,000024
shadows 0,494296 0,000053
shady 0,994252 0,000106
shake 0,287682 0,000031
shaken 0,494296 0,000053
shakes 1,272966 0,000135
shakespeare 1,171183 0,000125
shakespearean 3,912023 0,000416
shakespearian 3,218876 0,000342
shaking 0,371064 0,000039
shaky 2,207275 0,000235
shallows 2,207275 0,000235
shally 3,912023 0,000416
shalt 1,171183 0,000125
sham 1,660731 0,000177
shame 0,223144 0,000024
shamed 2,302585 0,000245
shams 2,995732 0,000319
shandy 3,506558 0,000373
shanty 2,525729 0,000269
shape 0,186330 0,000020
shapeliness 3,912023 0,000416
shapely 2,120264 0,000225
shapes 0,755023 0,000080
share 0,040822 0,000004
shared 0,139262 0,000015
sharing 0,248461 0,000026
sharp 0,162519 0,000017
sharpened 1,049822 0,000112
sharpness 1,660731 0,000177
shave 1,171183 0,000125
shaved 1,427116 0,000152
shawled 3,506558 0,000373
shawls 2,120264 0,000225
sheaf 2,207275 0,000235
sheath 1,347074 0,000143
sheep 0,371064 0,000039
sheer 0,843970 0,000090
sheet 0,446287 0,000047
sheets 0,544727 0,000058
shelf 0,891598 0,000095
shelley 2,302585 0,000245
shelter 0,342490 0,000036
sheltered 0,820981 0,000087
shelved 2,995732 0,000319
shelves 1,171183 0,000125
shepherd 0,941609 0,000100
shied 2,302585 0,000245
shifting 0,891598 0,000095
shilling 1,203973 0,000128
shillings 1,171183 0,000125
shilly 3,506558 0,000373
shine 0,616186 0,000066
shines 0,994252 0,000106
shingle 1,897120 0,000202
shining 0,385662 0,000041
shiningly 3,218876 0,000342
shiny 1,714798 0,000182
ship 0,314711 0,000033
ships 0,653926 0,000070
shirk 2,407946 0,000256
shirks 2,995732 0,000319
shirt 0,653926 0,000070
shirts 1,272966 0,000135
shivering 0,755023 0,000080
shiveringly 3,218876 0,000342
shivers 1,832581 0,000195
shocking 1,139434 0,000121
shoddy 3,218876 0,000342
shoes 0,430783 0,000046
shook 0,235722 0,000025
shoot 0,494296 0,000053
shooting 0,634878 0,000068
shoots 1,347074 0,000143
shop 0,494296 0,000053
shops 0,843970 0,000090
shore 0,342490 0,000036
shores 0,820981 0,000087
shorn 1,560648 0,000166
short 0,020203 0,000002
shorten 1,714798 0,000182
shorter 0,579818 0,000062
shortest 1,203973 0,000128
shot 0,223144 0,000024
shoulder 0,210721 0,000022
shouldered 1,309333 0,000139
shoulders 0,174353 0,000019
shouting 0,446287 0,000047
shove 1,714798 0,000182
shower 0,755023 0,000080
showers 1,272966 0,000135
showy 1,966113 0,000209
shrewd 1,021651 0,000109
shrieked 1,171183 0,000125
shrieking 1,347074 0,000143
shrift 3,218876 0,000342
shrill 0,820981 0,000087
shrillest 2,995732 0,000319
shrine 1,309333 0,000139
shrink 1,139434 0,000121
shrinking 1,171183 0,000125
shrinks 2,040221 0,000217
shrubbery 1,897120 0,000202
shrug 1,609438 0,000171
shuddering 1,171183 0,000125
shudders 2,407946 0,000256
shuffling 1,347074 0,000143
shut 0,072571 0,000008
shuts 1,714798 0,000182
shy 0,733969 0,000078
siamese 2,995732 0,000319
sibilant 2,813411 0,000299
sic 2,120264 0,000225
sich 2,120264 0,000225
sick 0,150823 0,000016
sickbed 3,506558 0,000373
sickened 2,120264 0,000225
sickening 1,309333 0,000139
sickens 2,407946 0,000256
sicker 2,813411 0,000299
sickish 3,218876 0,000342
sickly 0,891598 0,000095
sickness 0,478036 0,000051
sickroom 3,218876 0,000342
sided 1,714798 0,000182
sideways 1,139434 0,000121
sidney 2,525729 0,000269
sie 3,912023 0,000416
sierra 2,525729 0,000269
siesta 2,659260 0,000283
sifting 2,813411 0,000299
sigh 0,342490 0,000036
sighingly 3,912023 0,000416
sight 0,051293 0,000005
sign 0,139262 0,000015
signal 0,544727 0,000058
signalled 2,302585 0,000245
signalling 2,813411 0,000299
signature 1,386294 0,000147
signet 1,966113 0,000209
significance 1,021651 0,000109
signs 0,186330 0,000020
silence 0,105361 0,000011
silenced 1,049822 0,000112
silences 2,407946 0,000256
silent 0,051293 0,000005
silently 0,544727 0,000058
silk 0,478036 0,000051
sill 1,469676 0,000156
sillily 3,506558 0,000373
silly 0,400478 0,000043
siloam 3,912023 0,000416
silver 0,210721 0,000022
simeon 2,525729 0,000269
simile 1,560648 0,000166
simp 3,912023 0,000416
simpering 2,407946 0,000256
simple 0,094311 0,000010
simplicity 0,527633 0,000056
simplification 3,218876 0,000342
simply 0,150823 0,000016
simpson 2,995732 0,000319
simson 3,912023 0,000416
sin 0,430783 0,000046
sincerely 0,867501 0,000092
sincerity 0,653926 0,000070
sine 2,407946 0,000256
sing 0,415515 0,000044
singer 1,386294 0,000147
singing 0,371064 0,000039
single 0,083382 0,000009
singleton 3,218876 0,000342
sings 1,139434 0,000121
singular 0,430783 0,000046
singularly 0,843970 0,000090
sinister 1,108663 0,000118
sink 0,462035 0,000049
sinking 0,494296 0,000053
sinned 1,347074 0,000143
sinner 0,994252 0,000106
sinners 1,347074 0,000143
sinon 2,995732 0,000319
sins 0,798508 0,000085
sip 2,040221 0,000217
sir 0,150823 0,000016
sire 1,832581 0,000195
sister 0,356675 0,000038
sisters 0,527633 0,000056
sit 0,061875 0,000007
sits 0,820981 0,000087
sitter 2,407946 0,000256
sitting 0,105361 0,000011
sittings 2,525729 0,000269
situation 0,198451 0,000021
situations 1,469676 0,000156
sixpence 1,469676 0,000156
sixpenny 2,813411 0,000299
sixteen 0,653926 0,000070
sixteenth 1,203973 0,000128
sixth 0,446287 0,000047
size 0,248461 0,000026
skate 3,218876 0,000342
skated 2,995732 0,000319
skaters 2,995732 0,000319
skating 2,207275 0,000235
skeins 3,218876 0,000342
skeleton 1,021651 0,000109
sketch 0,891598 0,000095
skies 0,967584 0,000103
skiff 1,832581 0,000195
skill 0,301105 0,000032
skimming 2,120264 0,000225
skin 0,210721 0,000022
skinking 3,912023 0,000416
skinned 1,609438 0,000171
skipper 1,966113 0,000209
skipping 1,832581 0,000195
skirmishes 1,966113 0,000209
skirt 1,078810 0,000115
skirts 0,843970 0,000090
skit 3,912023 0,000416
sky 0,210721 0,000022
skye 3,912023 0,000416
slack 1,309333 0,000139
slacken 1,714798 0,000182
slackness 2,659260 0,000283
slade 3,506558 0,000373
slain 0,941609 0,000100
slang 1,832581 0,000195
slanged 3,912023 0,000416
slap 1,660731 0,000177
slashing 2,207275 0,000235
slate 1,427116 0,000152
slates 2,813411 0,000299
slaveys 3,912023 0,000416
slay 1,171183 0,000125
sleep 0,072571 0,000008
sleeping 0,235722 0,000025
sleeps 0,994252 0,000106
sleepy 0,713350 0,000076
sleeted 3,912023 0,000416
sleeves 0,843970 0,000090
sleigh 2,407946 0,000256
slender 0,693147 0,000074
slept 0,223144 0,000024
slew 1,386294 0,000147
slice 1,309333 0,000139
slight 0,150823 0,000016
slighted 1,386294 0,000147
slimy 1,660731 0,000177
sling 1,560648 0,000166
slinking 1,966113 0,000209
slip 0,462035 0,000049
slipped 0,494296 0,000053
slippered 2,525729 0,000269
slipping 0,967584 0,000103
slips 1,272966 0,000135
sloop 2,525729 0,000269
sloops 3,506558 0,000373
slope 0,867501 0,000092
slouch 2,525729 0,000269
sloughs 2,995732 0,000319
slovenly 2,040221 0,000217
slow 0,139262 0,000015
slowly 0,150823 0,000016
slowness 1,514128 0,000161
sluggish 1,514128 0,000161
slumber 0,673345 0,000072
slung 1,386294 0,000147
slush 2,407946 0,000256
slushes 3,912023 0,000416
sly 0,713350 0,000076
smack 1,771957 0,000188
smacks 2,407946 0,000256
smallpox 2,659260 0,000283
smart 0,634878 0,000068
smash 1,609438 0,000171
smell 0,371064 0,000039
smells 1,309333 0,000139
smelt 1,139434 0,000121
smile 0,274437 0,000029
smiled 0,356675 0,000038
smiles 0,693147 0,000074
smiling 0,301105 0,000032
smilingly 1,832581 0,000195
smite 1,609438 0,000171
smites 2,302585 0,000245
smith 0,891598 0,000095
smiting 1,832581 0,000195
smoke 0,314711 0,000033
smokes 1,966113 0,000209
smoking 0,462035 0,000049
smoky 1,560648 0,000166
smooth 0,274437 0,000029
smoothly 1,021651 0,000109
smothered 1,203973 0,000128
smothers 3,218876 0,000342
snails 2,525729 0,000269
snake 0,891598 0,000095
snap 1,078810 0,000115
snapped 0,891598 0,000095
snatch 1,049822 0,000112
snatcher 3,506558 0,000373
snatchers 3,912023 0,000416
snatches 1,514128 0,000161
snaw 3,506558 0,000373
snaws 3,912023 0,000416
sneaking 1,609438 0,000171
sneer 1,203973 0,000128
sneeze 1,660731 0,000177
snell 3,912023 0,000416
snobbery 3,506558 0,000373
snout 1,966113 0,000209
snouting 3,912023 0,000416
snow 0,527633 0,000056
snows 1,660731 0,000177
snowy 1,272966 0,000135
snuffling 2,995732 0,000319
soaked 1,272966 0,000135
soaks 3,218876 0,000342
soap 1,347074 0,000143
sob 1,049822 0,000112
sober 0,597837 0,000064
sobriety 1,771957 0,000188
sobs 1,078810 0,000115
sociable 1,309333 0,000139
social 0,371064 0,000039
socialism 2,525729 0,000269
society 0,210721 0,000022
socks 1,714798 0,000182
soda 2,120264 0,000225
sodden 1,714798 0,000182
sofa 1,049822 0,000112
soft 0,210721 0,000022
softly 0,400478 0,000043
soil 0,494296 0,000053
sold 0,385662 0,000041
soldier 0,562119 0,000060
soldiery 2,120264 0,000225
solely 0,733969 0,000078
solemn 0,301105 0,000032
solemnity 0,891598 0,000095
solemnly 0,579818 0,000062
solicit 0,430783 0,000046
solicitation 0,510826 0,000054
solicitations 2,120264 0,000225
solid 0,274437 0,000029
solitary 0,462035 0,000049
solitude 0,510826 0,000054
solo 2,207275 0,000235
solomon 1,203973 0,000128
solve 0,653926 0,000070
solved 0,867501 0,000092
solvent 3,218876 0,000342
somnolence 3,218876 0,000342
somnolent 2,813411 0,000299
son 0,105361 0,000011
sonata 2,995732 0,000319
song 0,371064 0,000039
songs 0,544727 0,000058
sonnet 2,659260 0,000283
sonnets 2,525729 0,000269
sons 0,356675 0,000038
sophocles 2,207275 0,000235
sordid 1,139434 0,000121
sordidly 3,218876 0,000342
sore 0,616186 0,000066
sorely 1,049822 0,000112
sorrow 0,287682 0,000031
sorrowed 2,995732 0,000319
sorrows 0,798508 0,000085
sort 0,105361 0,000011
sorties 3,218876 0,000342
sorts 0,356675 0,000038
sought 0,150823 0,000016
soul 0,105361 0,000011
sound 0,020203 0,000002
sounded 0,371064 0,000039
sounder 2,659260 0,000283
sounding 0,634878 0,000068
soundings 2,207275 0,000235
soundly 1,021651 0,000109
sounds 0,223144 0,000024
soup 1,078810 0,000115
sour 1,049822 0,000112
source 0,328504 0,000035
sources 0,843970 0,000090
sours 3,506558 0,000373
sous 2,207275 0,000235
south 0,235722 0,000025
southerly 2,302585 0,000245
southern 0,579818 0,000062
space 0,116534 0,000012
spaces 1,347074 0,000143
spacing 3,912023 0,000416
spain 0,994252 0,000106
spales 3,912023 0,000416
spaniards 1,514128 0,000161
spanish 0,733969 0,000078
spanking 3,506558 0,000373
spare 0,210721 0,000022
spared 0,544727 0,000058
spark 0,776529 0,000083
sparkle 1,514128 0,000161
sparkling 0,776529 0,000083
sparrows 1,832581 0,000195
sparsely 2,407946 0,000256
spate 3,506558 0,000373
speak 0,051293 0,000005
speaker 0,713350 0,000076
speaking 0,072571 0,000008
speaks 0,371064 0,000039
spec 2,995732 0,000319
special 0,083382 0,000009
specially 0,820981 0,000087
species 0,634878 0,000068
specific 0,820981 0,000087
specimen 0,891598 0,000095
specious 1,966113 0,000209
speck 1,108663 0,000118
spectacle 0,544727 0,000058
spectacled 3,506558 0,000373
spectator 0,820981 0,000087
spectral 1,897120 0,000202
spectre 1,560648 0,000166
speculation 0,843970 0,000090
speculations 1,203973 0,000128
speech 0,198451 0,000021
speechless 0,916291 0,000097
speed 0,328504 0,000035
spell 0,820981 0,000087
spelling 1,237874 0,000132
spencer 1,897120 0,000202
spend 0,328504 0,000035
spent 0,105361 0,000011
spew 3,912023 0,000416
spews 3,506558 0,000373
sphere 0,733969 0,000078
spice 1,609438 0,000171
spires 1,714798 0,000182
spirit 0,051293 0,000005
spirited 0,713350 0,000076
spirits 0,198451 0,000021
spiritual 0,653926 0,000070
spiritually 2,120264 0,000225
spit 1,203973 0,000128
spital 3,912023 0,000416
spite 0,139262 0,000015
splash 1,309333 0,000139
splendid 0,400478 0,000043
splendidly 1,171183 0,000125
split 0,798508 0,000085
splitting 1,514128 0,000161
spoiled 0,916291 0,000097
spoils 0,994252 0,000106
spoilt 1,560648 0,000166
spoke 0,116534 0,000012
spoken 0,150823 0,000016
sponge 1,309333 0,000139
spontaneous 1,139434 0,000121
spontaneously 1,609438 0,000171
spoon 1,171183 0,000125
spoonful 1,897120 0,000202
sport 0,597837 0,000064
sportive 2,040221 0,000217
sports 1,049822 0,000112
spot 0,162519 0,000017
spotless 1,560648 0,000166
spots 0,562119 0,000060
spotted 0,994252 0,000106
sprang 0,400478 0,000043
sprawl 3,218876 0,000342
sprawled 2,120264 0,000225
sprawling 1,347074 0,000143
spray 1,427116 0,000152
spread 0,061875 0,000007
spreading 0,446287 0,000047
spree 2,525729 0,000269
sprig 2,525729 0,000269
spring 0,083382 0,000009
springs 0,634878 0,000068
springtime 2,659260 0,000283
sprinkled 1,108663 0,000118
sprite 2,525729 0,000269
spun 0,941609 0,000100
spurn 2,040221 0,000217
spurred 1,714798 0,000182
spy 0,916291 0,000097
spying 1,714798 0,000182
squabble 2,407946 0,000256
squadron 1,714798 0,000182
squall 1,832581 0,000195
squalls 2,040221 0,000217
squandered 2,040221 0,000217
square 0,235722 0,000025
squat 1,386294 0,000147
squatters 3,218876 0,000342
squaw 2,813411 0,000299
squire 1,427116 0,000152
ss 3,218876 0,000342
stable 0,579818 0,000062
stack 1,714798 0,000182
staff 0,274437 0,000029
stage 0,223144 0,000024
staging 3,912023 0,000416
stagnate 2,659260 0,000283
stagnation 2,120264 0,000225
staid 1,237874 0,000132
stained 0,653926 0,000070
stair 1,171183 0,000125
staircase 0,867501 0,000092
stairs 0,430783 0,000046
stakes 1,203973 0,000128
stale 1,309333 0,000139
stalest 3,912023 0,000416
stamp 0,693147 0,000074
stamps 2,525729 0,000269
stand 0,000000 0,000000
standard 0,562119 0,000060
standing 0,030459 0,000003
stands 0,261365 0,000028
standstill 1,714798 0,000182
stane 3,912023 0,000416
stanza 2,813411 0,000299
stanzas 2,120264 0,000225
star 0,544727 0,000058
starboard 2,040221 0,000217
stare 0,713350 0,000076
starlight 1,897120 0,000202
stars 0,342490 0,000036
start -0,009950 -0,000001
started 0,150823 0,000016
starting 0,371064 0,000039
startle 1,514128 0,000161
startles 2,525729 0,000269
startling 0,967584 0,000103
startlingly 2,407946 0,000256
starts 0,941609 0,000100
starvation 1,386294 0,000147
starve 0,994252 0,000106
starved 1,049822 0,000112
stately 0,733969 0,000078
statement 0,544727 0,000058
statements 0,430783 0,000046
statesman 1,203973 0,000128
station 0,356675 0,000038
stationary 1,427116 0,000152
statistical 2,995732 0,000319
statuary 2,407946 0,000256
statue 0,843970 0,000090
statues 1,203973 0,000128
statures 3,506558 0,000373
status 0,446287 0,000047
staunch 1,966113 0,000209
staves 1,966113 0,000209
stay 0,083382 0,000009
stayed 0,415515 0,000044
staying 0,653926 0,000070
steadier 2,120264 0,000225
steadily 0,415515 0,000044
steading 3,912023 0,000416
steady 0,356675 0,000038
steak 2,120264 0,000225
steal 0,510826 0,000054
stealing 0,653926 0,000070
steam 0,820981 0,000087
steamer 1,514128 0,000161
steamers 1,897120 0,000202
steams 2,813411 0,000299
steep 0,579818 0,000062
steeped 1,660731 0,000177
steerage 2,995732 0,000319
steering 1,386294 0,000147
stein 3,506558 0,000373
step 0,083382 0,000009
stepfather 3,506558 0,000373
stephen 1,966113 0,000209
stepped 0,510826 0,000054
steps 0,094311 0,000010
stepson 3,218876 0,000342
sterling 1,560648 0,000166
stern 0,478036 0,000051
sternest 2,525729 0,000269
sternmost 3,912023 0,000416
sternness 1,714798 0,000182
stevensoniana 3,912023 0,000416
steward 1,171183 0,000125
stewart 2,659260 0,000283
stick 0,342490 0,000036
sticking 0,867501 0,000092
sticks 0,733969 0,000078
stiff 0,430783 0,000046
stiffness 1,660731 0,000177
stifled 1,272966 0,000135
stimulating 1,714798 0,000182
sting 1,203973 0,000128
stint 2,040221 0,000217
stir 0,400478 0,000043
stirring 0,510826 0,000054
stitch 1,897120 0,000202
stobs 3,912023 0,000416
stock 0,328504 0,000035
stocked 1,832581 0,000195
stocks 1,272966 0,000135
stockton 3,218876 0,000342
stoical 2,120264 0,000225
stolen 0,430783 0,000046
stolid 1,660731 0,000177
stolidly 2,120264 0,000225
stomach 0,693147 0,000074
stone 0,116534 0,000012
stones 0,301105 0,000032
stood 0,030459 0,000003
stool 0,733969 0,000078
stools 1,714798 0,000182
stoop 1,049822 0,000112
store 0,385662 0,000041
stored 0,342490 0,000036
stores 0,820981 0,000087
stories 0,328504 0,000035
storing 1,966113 0,000209
storm 0,342490 0,000036
storms 0,798508 0,000085
stormy 0,776529 0,000083
story 0,051293 0,000005
stow 2,207275 0,000235
straight 0,105361 0,000011
straighten 1,714798 0,000182
strain 0,385662 0,000041
strained 0,776529 0,000083
straining 0,867501 0,000092
strains 1,272966 0,000135
strait 1,049822 0,000112
straits 1,427116 0,000152
stranded 1,771957 0,000188
strange 0,061875 0,000007
strangely 0,579818 0,000062
strangeness 1,386294 0,000147
stranger 0,139262 0,000015
strangers 0,356675 0,000038
strangest 1,021651 0,000109
strap 1,771957 0,000188
strategical 3,506558 0,000373
straw 0,356675 0,000038
strayed 1,078810 0,000115
stream 0,210721 0,000022
streaming 0,798508 0,000085
streams 0,843970 0,000090
street 0,198451 0,000021
streets 0,274437 0,000029
strength 0,030459 0,000003
strengthen 0,916291 0,000097
strengthened 0,820981 0,000087
strengthens 2,302585 0,000245
stress 0,891598 0,000095
stretch 0,446287 0,000047
stricken 0,653926 0,000070
strict 0,210721 0,000022
strictly 0,579818 0,000062
strike 0,210721 0,000022
strikes 0,544727 0,000058
striking 0,274437 0,000029
string 0,634878 0,000068
strip 0,597837 0,000064
striped 1,560648 0,000166
stripped 0,776529 0,000083
stroll 1,347074 0,000143
strolling 1,469676 0,000156
strong 0,030459 0,000003
stronger 0,287682 0,000031
struck 0,083382 0,000009
structure 0,673345 0,000072
struggle 0,287682 0,000031
struggling 0,462035 0,000049
strumpet 2,659260 0,000283
strung 1,386294 0,000147
strutting 2,120264 0,000225
stucco 3,506558 0,000373
stuck 0,462035 0,000049
student 0,673345 0,000072
studied 0,446287 0,000047
studies 0,579818 0,000062
studio 1,966113 0,000209
studs 2,207275 0,000235
study 0,162519 0,000017
studying 0,653926 0,000070
stuff 0,385662 0,000041
stumbling 1,108663 0,000118
stump 1,309333 0,000139
stumping 2,995732 0,000319
stupid 0,478036 0,000051
stupidity 0,916291 0,000097
stupor 1,560648 0,000166
sturdy 1,171183 0,000125
stygian 2,525729 0,000269
style 0,274437 0,000029
styled 1,514128 0,000161
styles 2,407946 0,000256
stylistic 3,912023 0,000416
styx 1,966113 0,000209
subject 0,072571 0,000008
subjects 0,356675 0,000038
submerged 1,560648 0,000166
submission 0,776529 0,000083
subscribe 0,494296 0,000053
subsequently 1,469676 0,000156
substance 0,415515 0,000044
substantial 0,755023 0,000080
substantive 2,659260 0,000283
substitute 1,021651 0,000109
substitutes 2,207275 0,000235
substituting 1,897120 0,000202
subterfuge 2,302585 0,000245
suburb 1,469676 0,000156
suburban 1,771957 0,000188
succeed 0,328504 0,000035
succeeded 0,186330 0,000020
success 0,162519 0,000017
successes 1,272966 0,000135
successful 0,478036 0,000051
succession 0,510826 0,000054
successions 2,407946 0,000256
successor 1,078810 0,000115
sucked 1,171183 0,000125
sudden 0,072571 0,000008
suddenly 0,040822 0,000004
suddenness 1,469676 0,000156
suffer 0,127833 0,000014
suffered 0,210721 0,000022
suffering 0,248461 0,000026
sufferings 0,616186 0,000066
suffice 0,673345 0,000072
sufficed 1,272966 0,000135
sufficiency 1,966113 0,000209
sufficient 0,139262 0,000015
suffolk 3,506558 0,000373
suffused 1,714798 0,000182
sugar 0,776529 0,000083
suggestions 0,891598 0,000095
suggestive 1,237874 0,000132
suicidally 3,506558 0,000373
suicide 1,049822 0,000112
suit 0,261365 0,000028
suitable 0,462035 0,000049
suits 0,776529 0,000083
sulky 1,514128 0,000161
sullen 0,798508 0,000085
sully 2,407946 0,000256
sulphur 1,609438 0,000171
sum 0,356675 0,000038
summer 0,186330 0,000020
summers 1,966113 0,000209
summit 0,798508 0,000085
summits 1,714798 0,000182
summon 0,967584 0,000103
summoned 0,733969 0,000078
sums 1,021651 0,000109
sun 0,072571 0,000008
sunburst 3,506558 0,000373
sunday 0,494296 0,000053
sundown 1,897120 0,000202
sundry 1,386294 0,000147
sunflowers 2,995732 0,000319
sung 0,994252 0,000106
sunk 0,371064 0,000039
sunken 1,309333 0,000139
sunlight 0,843970 0,000090
sunlit 2,407946 0,000256
sunny 0,867501 0,000092
sunrise 0,891598 0,000095
suns 1,560648 0,000166
sunset 0,843970 0,000090
sunshine 0,616186 0,000066
sunshiny 2,813411 0,000299
superannuated 2,525729 0,000269
superb 1,203973 0,000128
superciliously 2,407946 0,000256
superfluously 2,995732 0,000319
superhuman 1,714798 0,000182
superior 0,274437 0,000029
superiority 0,693147 0,000074
supernatural 1,272966 0,000135
superseded 1,897120 0,000202
superstitions 1,427116 0,000152
supervising 2,995732 0,000319
supper 0,446287 0,000047
supplied 0,478036 0,000051
supply 0,371064 0,000039
support 0,127833 0,000014
supportable 3,218876 0,000342
supported 0,415515 0,000044
supporting 0,653926 0,000070
suppose 0,072571 0,000008
supposed 0,174353 0,000019
supposing 0,478036 0,000051
suppress 1,049822 0,000112
suppressed 0,673345 0,000072
suppressing 1,427116 0,000152
suppressions 3,506558 0,000373
supreme 0,616186 0,000066
supremely 1,609438 0,000171
sur 2,040221 0,000217
surely 0,186330 0,000020
surf 2,040221 0,000217
surname 1,832581 0,000195
surpassed 1,203973 0,000128
surplice 2,407946 0,000256
surplus 1,771957 0,000188
surprise 0,174353 0,000019
surprised 0,210721 0,000022
surprises 1,347074 0,000143
surprising 0,544727 0,000058
surprisingly 1,966113 0,000209
surrendered 1,427116 0,000152
surround 1,139434 0,000121
surroundings 0,994252 0,000106
survival 2,207275 0,000235
survive 0,274437 0,000029
susanna 3,912023 0,000416
suspect 0,342490 0,000036
suspected 0,328504 0,000035
suspended 0,634878 0,000068
suspense 0,776529 0,000083
suspicion 0,287682 0,000031
suspicious 0,579818 0,000062
sustained 0,579818 0,000062
swallow 0,616186 0,000066
swamp 0,342490 0,000036
swan 1,309333 0,000139
swans 2,407946 0,000256
swarm 1,237874 0,000132
swayed 1,108663 0,000118
swaying 1,021651 0,000109
swear 0,494296 0,000053
swears 2,120264 0,000225
sweated 1,966113 0,000209
sweats 2,995732 0,000319
sweeping 0,820981 0,000087
sweepingly 3,912023 0,000416
sweet 0,174353 0,000019
sweeter 1,108663 0,000118
sweetness 0,673345 0,000072
swell 0,653926 0,000070
swells 1,609438 0,000171
swept 0,385662 0,000041
swift 0,415515 0,000044
swifter 1,966113 0,000209
swiftest 1,832581 0,000195
swim 0,755023 0,000080
swimming 0,820981 0,000087
swing 0,693147 0,000074
swinging 0,798508 0,000085
swings 2,302585 0,000245
swish 1,897120 0,000202
switches 2,407946 0,000256
switzerland 1,714798 0,000182
swivel 2,813411 0,000299
swollen 0,867501 0,000092
swooping 2,525729 0,000269
sword 0,462035 0,000049
swords 0,994252 0,000106
swore 0,634878 0,000068
sworn 0,673345 0,000072
sybarite 3,218876 0,000342
syllabub 3,506558 0,000373
sylvan 2,207275 0,000235
symbols 1,469676 0,000156
sympathetic 1,021651 0,000109
sympathies 1,469676 0,000156
sympathy 0,328504 0,000035
symptoms 0,776529 0,000083
syne 3,506558 0,000373
synonymous 0,446287 0,000047
syntax 3,506558 0,000373
tabernacle 1,966113 0,000209
table 0,094311 0,000010
tableaux 2,995732 0,000319
tablecloth 2,207275 0,000235
tables 0,415515 0,000044
tacitly 2,302585 0,000245
tack 1,560648 0,000166
tackle 1,469676 0,000156
tackled 2,040221 0,000217
tact 1,309333 0,000139
tae 3,912023 0,000416
tahiti 3,218876 0,000342
tailing 2,995732 0,000319
tails 0,713350 0,000076
tait 3,506558 0,000373
tale 0,287682 0,000031
talents 0,798508 0,000085
tales 0,579818 0,000062
talk 0,083382 0,000009
talked 0,261365 0,000028
talkers 2,207275 0,000235
talking 0,150823 0,000016
talks 0,733969 0,000078
tall 0,223144 0,000024
tame 1,139434 0,000121
tamer 2,813411 0,000299
tan 1,609438 0,000171
tandem 3,218876 0,000342
tangle 1,514128 0,000161
tangled 1,108663 0,000118
taproom 3,912023 0,000416
tar 1,609438 0,000171
tarantella 3,506558 0,000373
target 1,514128 0,000161
task 0,261365 0,000028
taste 0,174353 0,000019
tasted 0,544727 0,000058
tasteful 2,207275 0,000235
tastes 0,634878 0,000068
tauchnitz 3,912023 0,000416
taught 0,248461 0,000026
tax 0,328504 0,000035
taxes 0,385662 0,000041
tay 2,995732 0,000319
te 1,609438 0,000171
tea 0,579818 0,000062
teach 0,248461 0,000026
teacher 0,527633 0,000056
teachers 0,776529 0,000083
teaching 0,462035 0,000049
tear 0,371064 0,000039
tears 0,150823 0,000016
technical 1,660731 0,000177
technically 2,813411 0,000299
technique 2,659260 0,000283
tedious 0,755023 0,000080
tedium 2,302585 0,000245
teeth 0,198451 0,000021
teetotaller 3,506558 0,000373
telegraph 1,309333 0,000139
telegraphed 2,040221 0,000217
teller 1,832581 0,000195
telling 1,560648 0,000166
temerity 1,966113 0,000209
temper 0,274437 0,000029
temperament 0,994252 0,000106
temperate 1,078810 0,000115
tempered 0,653926 0,000070
tempest 0,843970 0,000090
tempests 1,714798 0,000182
temple 0,527633 0,000056
temples 0,616186 0,000066
temporal 1,714798 0,000182
temptation 0,527633 0,000056
tempted 0,527633 0,000056
tenacity 1,609438 0,000171
tenants 1,469676 0,000156
tend 0,733969 0,000078
tended 0,916291 0,000097
tendency 0,634878 0,000068
tender 0,314711 0,000033
tenderly 0,916291 0,000097
tenderness 0,616186 0,000066
tending 0,994252 0,000106
tenement 1,832581 0,000195
tennyson 2,659260 0,000283
tenor 1,171183 0,000125
tenpence 3,506558 0,000373
tentation 3,912023 0,000416
tepid 2,525729 0,000269
term 0,371064 0,000039
termagant 3,912023 0,000416
termination 1,309333 0,000139
terminus 2,407946 0,000256
terms 0,061875 0,000007
terra 2,207275 0,000235
terrace 1,347074 0,000143
terrible 0,186330 0,000020
terribly 0,733969 0,000078
terrier 2,040221 0,000217
terror 0,198451 0,000021
terrors 0,843970 0,000090
testify 1,347074 0,000143
testimonial 2,813411 0,000299
testimony 0,579818 0,000062
teutons 3,912023 0,000416
texture 1,272966 0,000135
thankfully 2,040221 0,000217
thanksgivings 2,813411 0,000299
thaw 1,660731 0,000177
thaws 2,995732 0,000319
theatre 0,820981 0,000087
thee 0,597837 0,000064
thenceforth 1,560648 0,000166
thenceforward 2,302585 0,000245
theologian 2,302585 0,000245
theological 1,714798 0,000182
theologically 3,912023 0,000416
theologies 3,912023 0,000416
theology 1,427116 0,000152
theories 0,967584 0,000103
theory 0,478036 0,000051
thereanent 3,506558 0,000373
therewith 1,560648 0,000166
thesis 2,407946 0,000256
thicken 2,302585 0,000245
thickets 1,514128 0,000161
thickish 3,912023 0,000416
thickness 1,427116 0,000152
thicknesses 3,218876 0,000342
thief 0,653926 0,000070
thieves 0,994252 0,000106
thinking 0,274437 0,000029
thinness 2,207275 0,000235
thirlage 3,912023 0,000416
thirst 0,527633 0,000056
thirteen 0,579818 0,000062
thirtieth 1,714798 0,000182
thither 0,579818 0,000062
tho 2,207275 0,000235
thomas 0,891598 0,000095
thon 3,506558 0,000373
thorn 1,560648 0,000166
thorny 2,407946 0,000256
thoughtful 0,693147 0,000074
thoughtlessly 2,525729 0,000269
thousandfold 2,407946 0,000256
thrashed 1,714798 0,000182
thrawn 3,506558 0,000373
thread 0,430783 0,000046
threatened 0,415515 0,000044
threatening 0,544727 0,000058
threepence 2,525729 0,000269
threshold 0,562119 0,000060
threw 0,116534 0,000012
thrill 0,867501 0,000092
thrilled 1,386294 0,000147
thrills 1,966113 0,000209
throat 0,261365 0,000028
thronged 1,771957 0,000188
throw 0,083382 0,000009
throwing 0,287682 0,000031
thrown 0,116534 0,000012
throws 0,916291 0,000097
thrust 0,328504 0,000035
thunder 0,462035 0,000049
thunderbolt 1,609438 0,000171
thunderclap 2,813411 0,000299
thundercloud 2,995732 0,000319
thundered 1,469676 0,000156
thundering 1,237874 0,000132
thunders 1,714798 0,000182
thunderstorm 2,040221 0,000217
thursday 1,049822 0,000112
thwart 1,609438 0,000171
thy 0,634878 0,000068
thyme 2,995732 0,000319
tic 3,506558 0,000373
ticket 1,347074 0,000143
tiddy 3,912023 0,000416
tide 0,653926 0,000070
tie 0,510826 0,000054
tied 0,261365 0,000028
tighten 2,407946 0,000256
tightly 0,867501 0,000092
tiles 1,560648 0,000166
tilt 2,040221 0,000217
timber 0,867501 0,000092
time -0,009950 -0,000001
times 0,010050 0,000001
timid 0,544727 0,000058
timidly 1,171183 0,000125
timon 2,995732 0,000319
tin 0,798508 0,000085
tingle 2,207275 0,000235
tingling 1,660731 0,000177
tinker 2,302585 0,000245
tinsel 2,407946 0,000256
tint 1,714798 0,000182
tints 1,560648 0,000166
tiptoes 2,813411 0,000299
tired 0,198451 0,000021
tiresome 1,078810 0,000115
title 0,116534 0,000012
tittle 2,659260 0,000283
toads 2,407946 0,000256
toast 1,309333 0,000139
tobacco 0,713350 0,000076
tobogganed 3,912023 0,000416
toddy 2,995732 0,000319
toes 0,755023 0,000080
toilet 1,469676 0,000156
toilette 2,120264 0,000225
toils 1,237874 0,000132
token 0,798508 0,000085
tol 3,218876 0,000342
tolerable 0,994252 0,000106
toleration 1,966113 0,000209
tom 1,049822 0,000112
tomb 0,916291 0,000097
tombstone 2,302585 0,000245
tombstones 2,207275 0,000235
tommy 2,813411 0,000299
ton 1,560648 0,000166
tone 0,248461 0,000026
tongue 0,162519 0,000017
tongues 0,634878 0,000068
tonic 2,207275 0,000235
tonics 3,506558 0,000373
tons 1,386294 0,000147
tonsorial 3,912023 0,000416
tools 0,820981 0,000087
toon 3,506558 0,000373
tooth 1,049822 0,000112
toothache 2,040221 0,000217
toothless 2,120264 0,000225
topic 1,021651 0,000109
torches 1,171183 0,000125
tore 0,527633 0,000056
torn 0,248461 0,000026
torpedoes 2,995732 0,000319
torpor 2,207275 0,000235
torrent 0,941609 0,000100
torrents 1,347074 0,000143
torso 2,525729 0,000269
torture 0,579818 0,000062
torturing 1,469676 0,000156
toss 1,049822 0,000112
tossed 0,673345 0,000072
tosses 2,302585 0,000245
total 0,597837 0,000064
tottered 1,897120 0,000202
tottering 1,771957 0,000188
touch 0,083382 0,000009
touched 0,139262 0,000015
touches 0,798508 0,000085
touching 0,301105 0,000032
touchingly 2,525729 0,000269
touchwood 3,912023 0,000416
touchy 2,813411 0,000299
tough 0,994252 0,000106
tour 0,941609 0,000100
tours 2,040221 0,000217
tout 1,832581 0,000195
tower 0,527633 0,000056
towers 0,967584 0,000103
town 0,105361 0,000011
towns 0,527633 0,000056
townsman 2,120264 0,000225
toy 1,049822 0,000112
trace 0,371064 0,000039
track 0,510826 0,000054
tracts 1,427116 0,000152
trade 0,328504 0,000035
trademark 0,562119 0,000060
trades 1,237874 0,000132
tradesman 1,714798 0,000182
traditions 1,139434 0,000121
traffic 1,171183 0,000125
tragedies 1,560648 0,000166
tragedy 0,798508 0,000085
tragic 0,820981 0,000087
tragically 2,302585 0,000245
trailed 1,609438 0,000171
train 0,274437 0,000029
trained 0,544727 0,000058
traits 1,469676 0,000156
tramp 1,171183 0,000125
tramps 1,966113 0,000209
trank 3,912023 0,000416
transcribe 0,494296 0,000053
transcribed 2,120264 0,000225
transcription 0,527633 0,000056
transcriptions 3,912023 0,000416
transformation 1,347074 0,000143
transgressed 1,966113 0,000209
transition 1,347074 0,000143
transitorily 3,912023 0,000416
translate 1,427116 0,000152
translated 0,798508 0,000085
translating 1,897120 0,000202
translation 0,891598 0,000095
translations 1,609438 0,000171
trap 0,653926 0,000070
trappers 3,506558 0,000373
travel 0,356675 0,000038
travelled 0,941609 0,000100
traveller 1,021651 0,000109
travellers 0,994252 0,000106
travelling 0,693147 0,000074
travels 0,755023 0,000080
travestied 3,506558 0,000373
treacherous 0,891598 0,000095
tread 0,562119 0,000060
treasure 0,385662 0,000041
treat 0,287682 0,000031
treated 0,261365 0,000028
treating 0,967584 0,000103
treatise 1,386294 0,000147
treatment 0,127833 0,000014
treaty 1,427116 0,000152
treble 1,714798 0,000182
tree 0,235722 0,000025
trees 0,127833 0,000014
trellises 3,218876 0,000342
tremble 0,713350 0,000076
trembles 1,514128 0,000161
trembling 0,287682 0,000031
tremendous 0,693147 0,000074
trenchant 2,407946 0,000256
trends 3,506558 0,000373
trespass 1,832581 0,000195
trial 0,314711 0,000033
trials 0,941609 0,000100
triangular 1,832581 0,000195
tribe 0,941609 0,000100
tribune 2,040221 0,000217
trick 0,510826 0,000054
tricked 1,832581 0,000195
tricky 2,407946 0,000256
trifle 0,579818 0,000062
trifler 2,813411 0,000299
triflers 3,506558 0,000373
trifles 0,994252 0,000106
trifling 0,653926 0,000070
trills 2,995732 0,000319
trim 1,237874 0,000132
trinity 1,660731 0,000177
trip 0,713350 0,000076
tripping 1,560648 0,000166
triste 3,506558 0,000373
tristram 3,218876 0,000342
trite 2,302585 0,000245
triturate 3,912023 0,000416
triumph 0,274437 0,000029
triumphant 0,798508 0,000085
triumphantly 0,941609 0,000100
triumphs 1,347074 0,000143
trivial 0,776529 0,000083
triviality 2,659260 0,000283
trochaic 3,506558 0,000373
troilus 2,995732 0,000319
troll 3,506558 0,000373
troop 1,078810 0,000115
trooper 2,659260 0,000283
troops 0,941609 0,000100
tropical 1,560648 0,000166
trot 1,139434 0,000121
trouble 0,051293 0,000005
troubled 0,287682 0,000031
troubles 0,478036 0,000051
trough 1,427116 0,000152
trousers 0,843970 0,000090
troy 1,609438 0,000171
truant 2,302585 0,000245
truantry 3,506558 0,000373
trucidation 3,912023 0,000416
truck 1,609438 0,000171
truculent 2,659260 0,000283
truculently 3,506558 0,000373
trudged 2,302585 0,000245
true 0,020203 0,000002
truest 1,203973 0,000128
truism 2,813411 0,000299
trumpet 0,916291 0,000097
trumpeting 3,912023 0,000416
trumpets 1,660731 0,000177
trunk 0,755023 0,000080
truss 2,813411 0,000299
trust 0,116534 0,000012
trusted 0,544727 0,000058
trusting 0,867501 0,000092
trusty 1,514128 0,000161
truth 0,030459 0,000003
truthfully 2,302585 0,000245
tu 1,609438 0,000171
tub 1,386294 0,000147
tubs 1,966113 0,000209
tuesday 1,139434 0,000121
tug 1,347074 0,000143
tugging 1,514128 0,000161
tumble 1,237874 0,000132
tumbledown 3,506558 0,000373
tumbles 2,407946 0,000256
tumbling 0,967584 0,000103
tumult 0,820981 0,000087
tumultuous 1,171183 0,000125
tune 0,755023 0,000080
tuneless 3,218876 0,000342
turbulent 1,560648 0,000166
turf 1,347074 0,000143
turk 1,560648 0,000166
turkey 1,078810 0,000115
turret 1,966113 0,000209
tush 3,218876 0,000342
tushed 3,912023 0,000416
tusher 3,912023 0,000416
tushery 3,912023 0,000416
tushes 3,912023 0,000416
tutor 1,171183 0,000125
tutors 2,120264 0,000225
twa 3,506558 0,000373
twaddle 2,995732 0,000319
twain 1,660731 0,000177
tweed 2,120264 0,000225
twelfth 1,237874 0,000132
twelvemonth 2,040221 0,000217
twiddle 3,912023 0,000416
twig 1,660731 0,000177
twin 1,469676 0,000156
twinge 2,407946 0,000256
twinges 2,995732 0,000319
twinkled 1,427116 0,000152
twinkling 1,021651 0,000109
twisting 1,049822 0,000112
twittering 2,525729 0,000269
type 0,446287 0,000047
types 0,385662 0,000041
typographical 2,995732 0,000319
tyrannicide 3,506558 0,000373
tyrannies 2,659260 0,000283
ugh 1,771957 0,000188
ugliest 2,207275 0,000235
ugliness 1,660731 0,000177
ugly 0,415515 0,000044
ulster 2,659260 0,000283
ulterior 2,525729 0,000269
ultimately 1,108663 0,000118
ulysses 1,832581 0,000195
umbrella 1,347074 0,000143
unabated 2,040221 0,000217
unable 0,248461 0,000026
unaltered 2,302585 0,000245
unanimity 2,302585 0,000245
unanswerable 1,771957 0,000188
unattended 1,897120 0,000202
unavailing 1,469676 0,000156
unbelief 1,771957 0,000188
unbombastic 3,912023 0,000416
unbosoms 3,506558 0,000373
uncertain 0,301105 0,000032
uncharitable 2,659260 0,000283
unchristian 2,659260 0,000283
uncle 0,579818 0,000062
unco 3,912023 0,000416
uncomfortable 0,798508 0,000085
uncommercial 3,506558 0,000373
uncommon 0,798508 0,000085
unconscious 0,400478 0,000043
unconsciously 0,634878 0,000068
unconsciousness 1,771957 0,000188
unconstitutional 2,995732 0,000319
unconventional 2,813411 0,000299
uncourtliness 3,912023 0,000416
undated 3,506558 0,000373
undecaying 3,506558 0,000373
undecipherable 3,506558 0,000373
undeniable 1,897120 0,000202
undergoing 1,427116 0,000152
underlying 2,207275 0,000235
undermined 2,407946 0,000256
underrate 3,218876 0,000342
understand 0,030459 0,000003
understanding 0,223144 0,000024
understood 0,061875 0,000007
undertaken 1,021651 0,000109
undertaking 0,713350 0,000076
underwood 2,407946 0,000256
undeserving 2,302585 0,000245
undeveloped 1,771957 0,000188
undigested 2,995732 0,000319
undignified 2,040221 0,000217
undiscovered 1,714798 0,000182
undone 0,994252 0,000106
undramatic 3,912023 0,000416
undreamt 3,912023 0,000416
unduly 1,966113 0,000209
undying 2,525729 0,000269
unearthed 2,040221 0,000217
uneasy 0,544727 0,000058
unenforceability 0,562119 0,000060
unexpected 0,430783 0,000046
unexpressed 2,659260 0,000283
unfair 1,049822 0,000112
unfamiliarity 3,506558 0,000373
unfeignedly 3,218876 0,000342
unfinished 1,049822 0,000112
unfit 1,108663 0,000118
unfortunate 0,314711 0,000033
unfound 3,506558 0,000373
ungarnered 3,912023 0,000416
ungenerous 1,832581 0,000195
ungentle 2,659260 0,000283
ungrateful 0,798508 0,000085
unhappily 1,660731 0,000177
unhappiness 1,560648 0,000166
unhappy 0,400478 0,000043
unhealthy 1,309333 0,000139
unhelp 3,506558 0,000373
unhesitatingly 1,660731 0,000177
unhuman 3,506558 0,000373
uniform 0,210721 0,000022
unimpaired 2,207275 0,000235
unimportant 1,386294 0,000147
uninspiring 3,912023 0,000416
uninteresting 1,347074 0,000143
unintermitting 3,912023 0,000416
union 0,510826 0,000054
unions 2,207275 0,000235
united 0,094311 0,000010
unities 3,218876 0,000342
universal 0,478036 0,000051
universe 0,733969 0,000078
unjust 0,693147 0,000074
unjustly 1,108663 0,000118
unkind 1,386294 0,000147
unkindly 2,207275 0,000235
unkindness 1,660731 0,000177
unknown 0,105361 0,000011
unlimited 1,078810 0,000115
unlink 0,562119 0,000060
unlocking 1,771957 0,000188
unmanly 2,207275 0,000235
unmarried 1,347074 0,000143
unmindful 1,966113 0,000209
unmoral 3,506558 0,000373
unnatural 0,713350 0,000076
unpaid 2,120264 0,000225
unpardonable 1,771957 0,000188
unpardonably 2,995732 0,000319
unperceived 1,832581 0,000195
unplanned 3,912023 0,000416
unpleasant 0,562119 0,000060
unpleasantly 1,832581 0,000195
unpleasantness 1,832581 0,000195
unpoetical 2,995732 0,000319
unpolished 2,407946 0,000256
unprotected 0,673345 0,000072
unpublished 2,659260 0,000283
unquestionable 1,714798 0,000182
unquestionably 1,427116 0,000152
unready 3,506558 0,000373
unreal 1,514128 0,000161
unrealised 3,506558 0,000373
unrefracted 3,912023 0,000416
unregardful 3,912023 0,000416
unregenerate 3,506558 0,000373
unreligious 3,506558 0,000373
unremembered 3,506558 0,000373
unresisting 2,302585 0,000245
unrevealed 3,506558 0,000373
unrolling 2,659260 0,000283
unruly 1,609438 0,000171
unsatisfactory 1,609438 0,000171
unsavoury 2,659260 0,000283
unseen 0,616186 0,000066
unselected 3,912023 0,000416
unselfish 1,609438 0,000171
unselfishness 2,659260 0,000283
unshaken 1,609438 0,000171
unsolicited 0,510826 0,000054
unspeakable 0,994252 0,000106
unspoken 1,771957 0,000188
unstudied 2,995732 0,000319
unsuccessful 0,994252 0,000106
unsuitable 1,609438 0,000171
unsurpassed 2,995732 0,000319
unsympathetic 2,813411 0,000299
untenable 2,207275 0,000235
unthankful 2,995732 0,000319
untold 1,714798 0,000182
untrodden 2,525729 0,000269
untrue 1,309333 0,000139
unusual 0,415515 0,000044
unusually 0,891598 0,000095
unutterable 1,203973 0,000128
unvarnished 3,218876 0,000342
unvarying 2,207275 0,000235
unvocal 3,912023 0,000416
unweary 3,912023 0,000416
unwell 1,771957 0,000188
unwholesome 1,771957 0,000188
unwillingly 1,171183 0,000125
unwillingness 1,832581 0,000195
unwonted 1,309333 0,000139
unworthy 0,673345 0,000072
unwritten 1,966113 0,000209
updated 0,510826 0,000054
uphill 2,040221 0,000217
upholding 2,659260 0,000283
upo 3,506558 0,000373
uppermost 1,237874 0,000132
upright 0,328504 0,000035
uprooted 2,525729 0,000269
upset 0,776529 0,000083
urban 2,659260 0,000283
urbane 2,659260 0,000283
urbanity 2,302585 0,000245
usages 1,897120 0,000202
useless 0,235722 0,000025
uselessly 2,302585 0,000245
user 0,562119 0,000060
usual 0,139262 0,000015
ut 0,510826 0,000054
utah 3,506558 0,000373
utility 1,427116 0,000152
utmost 0,356675 0,000038
utter 0,248461 0,000026
utterance 0,941609 0,000100
utterances 2,207275 0,000235
utterly 0,371064 0,000039
utters 1,897120 0,000202
vacancy 1,347074 0,000143
vacant 0,693147 0,000074
vacillating 2,207275 0,000235
vacuity 3,218876 0,000342
vague 0,579818 0,000062
vaguely 0,967584 0,000103
vain 0,116534 0,000012
vainly 0,634878 0,000068
val 2,813411 0,000299
vale 1,347074 0,000143
valet 1,560648 0,000166
validity 2,813411 0,000299
valley 0,616186 0,000066
valleys 1,108663 0,000118
valuable 0,371064 0,000039
vance 3,912023 0,000416
vane 2,659260 0,000283
vanilla 0,544727 0,000058
vanities 1,609438 0,000171
vanity 0,415515 0,000044
vantage 2,120264 0,000225
vapid 2,995732 0,000319
vapour 1,514128 0,000161
var 3,218876 0,000342
variance 1,560648 0,000166
variegated 1,897120 0,000202
varies 1,832581 0,000195
varieties 1,171183 0,000125
variety 0,162519 0,000017
vary 1,108663 0,000118
vase 1,560648 0,000166
vast 0,223144 0,000024
vastly 1,203973 0,000128
vault 1,237874 0,000132
vaulted 1,469676 0,000156
veal 1,771957 0,000188
vehemence 1,108663 0,000118
veiled 1,272966 0,000135
vein 1,078810 0,000115
velvet 0,916291 0,000097
velveteen 3,218876 0,000342
venal 2,659260 0,000283
vendetta 3,912023 0,000416
vendors 2,659260 0,000283
venerable 0,843970 0,000090
venetian 1,560648 0,000166
vengeance 0,579818 0,000062
venom 1,714798 0,000182
ventilated 2,525729 0,000269
venture 0,342490 0,000036
ventured 0,478036 0,000051
venue 3,506558 0,000373
venus 1,237874 0,000132
veracious 2,407946 0,000256
veracities 3,912023 0,000416
verbum 2,995732 0,000319
verge 0,967584 0,000103
verger 3,912023 0,000416
verges 3,218876 0,000342
verily 1,139434 0,000121
verisimilitude 2,995732 0,000319
veritable 1,560648 0,000166
verity 2,407946 0,000256
vernacular 2,525729 0,000269
vernon 2,525729 0,000269
verse 0,653926 0,000070
verses 0,941609 0,000100
versifications 3,912023 0,000416
version 0,385662 0,000041
verve 3,218876 0,000342
vessel 0,510826 0,000054
vessels 0,713350 0,000076
vexation 0,867501 0,000092
vexed 0,733969 0,000078
viable 3,912023 0,000416
viaduct 3,506558 0,000373
vibrating 1,897120 0,000202
vice 0,527633 0,000056
vices 0,867501 0,000092
vicious 0,653926 0,000070
vicissitude 2,525729 0,000269
victor 1,049822 0,000112
victoria 1,966113 0,000209
victory 0,371064 0,000039
vide 2,995732 0,000319
view 0,105361 0,000011
viewed 0,261365 0,000028
viewing 0,415515 0,000044
views 0,562119 0,000060
vigorously 1,021651 0,000109
vii 0,430783 0,000046
viii 0,446287 0,000047
vile 0,693147 0,000074
vilely 2,120264 0,000225
vili 3,912023 0,000416
villa 1,514128 0,000161
village 0,356675 0,000038
villainous 1,609438 0,000171
villas 2,120264 0,000225
vineyard 1,714798 0,000182
viol 2,302585 0,000245
violated 1,427116 0,000152
violates 0,527633 0,000056
violent 0,223144 0,000024
violet 1,427116 0,000152
violin 1,771957 0,000188
virgil 1,609438 0,000171
virgin 0,755023 0,000080
virtue 0,328504 0,000035
virtues 0,597837 0,000064
virtuous 0,653926 0,000070
virus 0,527633 0,000056
visaged 3,218876 0,000342
visible 0,235722 0,000025
vision 0,371064 0,000039
visit 0,061875 0,000007
visitant 2,995732 0,000319
visitation 1,771957 0,000188
visited 0,328504 0,000035
visitor 0,713350 0,000076
visitors 0,653926 0,000070
visits 0,544727 0,000058
vital 0,693147 0,000074
vitality 1,309333 0,000139
vivacity 1,237874 0,000132
vivers 3,912023 0,000416
vivid 0,776529 0,000083
vividly 1,139434 0,000121
vividness 2,120264 0,000225
vivifying 3,218876 0,000342
vocabularies 3,506558 0,000373
vocal 1,469676 0,000156
vocative 3,912023 0,000416
vogue 1,609438 0,000171
voice 0,020203 0,000002
voices 0,287682 0,000031
void 0,274437 0,000029
volcano 1,714798 0,000182
voltaire 1,897120 0,000202
volume 0,494296 0,000053
volumes 0,755023 0,000080
voluminous 2,207275 0,000235
voluntary 0,843970 0,000090
volunteer 0,478036 0,000051
volunteers 0,430783 0,000046
voluptuary 2,813411 0,000299
vomitable 3,912023 0,000416
von 1,771957 0,000188
vote 1,078810 0,000115
votes 1,514128 0,000161
vow 1,078810 0,000115
voyage 0,653926 0,000070
voyager 2,995732 0,000319
voyages 1,427116 0,000152
vulgar 0,634878 0,000068
vulgarest 3,506558 0,000373
vulgarised 3,506558 0,000373
wad 2,525729 0,000269
wade 1,966113 0,000209
wading 1,469676 0,000156
wages 0,916291 0,000097
wagged 2,040221 0,000217
waggon 1,897120 0,000202
waifs 2,813411 0,000299
wailing 1,203973 0,000128
wails 2,525729 0,000269
waist 0,713350 0,000076
waistcoat 1,021651 0,000109
wait 0,094311 0,000010
waited 0,198451 0,000021
waiter 1,108663 0,000118
waiters 1,660731 0,000177
waiting 0,083382 0,000009
waits 1,139434 0,000121
wake 0,462035 0,000049
waken 1,714798 0,000182
wakenings 3,912023 0,000416
wakens 2,525729 0,000269
waking 0,562119 0,000060
wale 3,912023 0,000416
wales 1,660731 0,000177
walk 0,105361 0,000011
walked 0,210721 0,000022
walker 1,897120 0,000202
walking 0,083382 0,000009
walks 0,162519 0,000017
wall 0,198451 0,000021
wallflower 3,218876 0,000342
wallow 2,302585 0,000245
wallowing 2,120264 0,000225
walls 0,139262 0,000015
walt 3,218876 0,000342
walter 1,966113 0,000209
wame 3,912023 0,000416
wander 0,579818 0,000062
wandered 0,494296 0,000053
wanderers 2,040221 0,000217
wandering 0,274437 0,000029
wanderings 1,237874 0,000132
wanton 1,049822 0,000112
wantonly 1,660731 0,000177
war 0,162519 0,000017
ward 0,916291 0,000097
warden 2,120264 0,000225
warily 1,966113 0,000209
wark 3,218876 0,000342
warm 0,139262 0,000015
warmer 0,994252 0,000106
warmest 1,660731 0,000177
warmly 0,798508 0,000085
warmth 0,579818 0,000062
warn 0,579818 0,000062
warning 0,248461 0,000026
warrant 0,713350 0,000076
warranted 1,609438 0,000171
warranties 0,562119 0,000060
warranty 0,544727 0,000058
warren 2,659260 0,000283
warship 3,506558 0,000373
wash 0,478036 0,000051
washed 0,494296 0,000053
washerwoman 2,407946 0,000256
washington 1,609438 0,000171
waste 0,186330 0,000020
wasted 0,400478 0,000043
wastepaper 3,506558 0,000373
watch 0,094311 0,000010
watched 0,210721 0,000022
watches 0,798508 0,000085
watchful 1,171183 0,000125
watching 0,210721 0,000022
water 0,051293 0,000005
waterloo 1,609438 0,000171
waters 0,356675 0,000038
waur 3,912023 0,000416
wave 0,527633 0,000056
waves 0,478036 0,000051
waving 0,653926 0,000070
wax 0,597837 0,000064
wayside 1,714798 0,000182
weak 0,116534 0,000012
weaker 0,634878 0,000068
weakest 1,427116 0,000152
weakness 0,261365 0,000028
wealth 0,287682 0,000031
wealthier 2,407946 0,000256
wealthy 0,673345 0,000072
wean 2,659260 0,000283
wear 0,274437 0,000029
weariness 0,755023 0,000080
wearisome 1,139434 0,000121
wears 0,891598 0,000095
weary 0,198451 0,000021
wearying 2,120264 0,000225
weasel 2,407946 0,000256
weather 0,248461 0,000026
webster 2,407946 0,000256
wedding 0,776529 0,000083
wednesday 1,139434 0,000121
wee 2,040221 0,000217
weed 1,386294 0,000147
weedy 2,525729 0,000269
week 0,235722 0,000025
weekly 1,203973 0,000128
weeks 0,248461 0,000026
weel 3,506558 0,000373
weep 0,755023 0,000080
weeping 0,544727 0,000058
weeps 1,771957 0,000188
weet 3,912023 0,000416
weigh 0,579818 0,000062
weighed 0,430783 0,000046
weighs 1,272966 0,000135
weight 0,116534 0,000012
weights 1,469676 0,000156
weir 3,218876 0,000342
weird 1,309333 0,000139
welkin 2,995732 0,000319
wellington 2,120264 0,000225
welt 2,995732 0,000319
welter 2,995732 0,000319
wensleydale 3,912023 0,000416
werther 3,218876 0,000342
west 0,083382 0,000009
wet 0,287682 0,000031
wha 3,218876 0,000342
whack 2,659260 0,000283
whatsoever 0,287682 0,000031
whaur 3,912023 0,000416
wheel 0,446287 0,000047
wheels 0,616186 0,000066
wheen 3,912023 0,000416
whereof 1,237874 0,000132
wherewith 1,514128 0,000161
whiff 1,832581 0,000195
whiffed 3,506558 0,000373
whilk 3,506558 0,000373
whine 1,771957 0,000188
whiners 3,912023 0,000416
whining 1,660731 0,000177
whip 0,597837 0,000064
whipcord 2,995732 0,000319
whipped 1,078810 0,000115
whirled 1,078810 0,000115
whirligig 3,912023 0,000416
whisky 2,302585 0,000245
whisper 0,446287 0,000047
whistle 0,843970 0,000090
whistler 2,813411 0,000299
whistlers 3,506558 0,000373
whistles 1,560648 0,000166
whistling 0,916291 0,000097
white 0,051293 0,000005
whiteness 1,139434 0,000121
whitman 3,218876 0,000342
wholesome 0,867501 0,000092
wholly 0,400478 0,000043
whoreson 3,912023 0,000416
wi 2,302585 0,000245
wick 1,897120 0,000202
wicked 0,356675 0,000038
wickedness 0,916291 0,000097
wide 0,061875 0,000007
widening 1,714798 0,000182
widens 2,207275 0,000235
wider 0,755023 0,000080
widespread 0,916291 0,000097
widest 0,446287 0,000047
widowed 1,832581 0,000195
wife 0,094311 0,000010
wig 1,309333 0,000139
wigs 2,120264 0,000225
wild 0,051293 0,000005
wilderness 0,693147 0,000074
wiled 3,506558 0,000373
wilfully 1,609438 0,000171
wiliness 2,995732 0,000319
william 0,798508 0,000085
williams 1,966113 0,000209
willie 2,813411 0,000299
willingly 0,527633 0,000056
willow 1,469676 0,000156
willows 1,609438 0,000171
wilson 1,771957 0,000188
wind 0,105361 0,000011
winded 1,832581 0,000195
winding 0,634878 0,000068
windmill 2,407946 0,000256
window 0,274437 0,000029
windows 0,261365 0,000028
winds 0,494296 0,000053
windward 2,207275 0,000235
windy 1,469676 0,000156
wine 0,248461 0,000026
wines 1,309333 0,000139
wing 0,562119 0,000060
winged 1,272966 0,000135
wings 0,430783 0,000046
winking 1,309333 0,000139
winter 0,198451 0,000021
winters 1,514128 0,000161
wintry 1,386294 0,000147
wipe 0,776529 0,000083
wiped 0,733969 0,000078
wires 1,469676 0,000156
wisdom 0,287682 0,000031
wise 0,105361 0,000011
wisely 0,653926 0,000070
wiser 0,597837 0,000064
wisher 2,525729 0,000269
wit 0,328504 0,000035
witching 3,218876 0,000342
withal 1,347074 0,000143
withdraw 0,597837 0,000064
withered 0,843970 0,000090
withering 1,714798 0,000182
withheld 1,108663 0,000118
witness 0,198451 0,000021
wits 0,713350 0,000076
witty 1,171183 0,000125
wives 0,400478 0,000043
woebegone 3,506558 0,000373
woes 1,272966 0,000135
woke 0,820981 0,000087
wolverine 3,912023 0,000416
wolves 1,049822 0,000112
woman 0,061875 0,000007
womanly 1,560648 0,000166
women 0,094311 0,000010
wonderful 0,162519 0,000017
wonderfully 0,510826 0,000054
woo 2,120264 0,000225
wood 0,116534 0,000012
wooded 1,609438 0,000171
wooden 0,415515 0,000044
woodpeckers 3,218876 0,000342
woods 0,430783 0,000046
worcestershire 3,912023 0,000416
word 0,020203 0,000002
wore 0,274437 0,000029
workman 1,078810 0,000115
workmanlike 2,813411 0,000299
workmanship 1,272966 0,000135
worldly 0,820981 0,000087
worm 0,843970 0,000090
worms 1,078810 0,000115
worn 0,223144 0,000024
worried 0,867501 0,000092
worry 0,820981 0,000087
worse 0,083382 0,000009
worship 0,544727 0,000058
worst 0,186330 0,000020
worsted 1,832581 0,000195
worth 0,061875 0,000007
worthies 2,207275 0,000235
worthily 1,897120 0,000202
worthy 0,186330 0,000020
wound 0,274437 0,000029
wounds 0,562119 0,000060
woven 1,108663 0,000118
wrangle 2,525729 0,000269
wrapped 0,579818 0,000062
wrappers 2,040221 0,000217
wreck 0,941609 0,000100
wrecked 1,272966 0,000135
wrecks 2,040221 0,000217
wrench 1,514128 0,000161
wrestler 2,407946 0,000256
wretched 0,328504 0,000035
wretchedness 1,139434 0,000121
wring 1,427116 0,000152
wrinkle 2,040221 0,000217
writ 1,427116 0,000152
write 0,150823 0,000016
writer 0,415515 0,000044
writers 0,867501 0,000092
writes 0,597837 0,000064
writhing 1,203973 0,000128
writing 0,061875 0,000007
writings 0,994252 0,000106
written 0,051293 0,000005
wrong 0,083382 0,000009
wrongly 1,966113 0,000209
wrote 0,150823 0,000016
wull 3,912023 0,000416
wurzel 3,912023 0,000416
xii 0,579818 0,000062
xmas 3,912023 0,000416
xxi 0,867501 0,000092
xxx 1,272966 0,000135
yachts 2,995732 0,000319
yard 0,430783 0,000046
yards 0,400478 0,000043
yaw 2,813411 0,000299
yawn 1,309333 0,000139
yawning 1,237874 0,000132
yearningly 3,506558 0,000373
yellow 0,328504 0,000035
yer 2,040221 0,000217
yesterday 0,301105 0,000032
yesterdays 3,506558 0,000373
yield 0,342490 0,000036
yo 2,407946 0,000256
yodel 3,912023 0,000416
yodels 3,912023 0,000416
yon 2,120264 0,000225
yore 1,897120 0,000202
york 0,916291 0,000097
youth 0,150823 0,000016
youthful 0,673345 0,000072
yule 3,506558 0,000373
zeal 0,579818 0,000062
zealand 2,120264 0,000225
zest 1,832581 0,000195
zeus 2,659260 0,000283
