aback 1,660731 0,000174
abandoned 0,371064 0,000039
abased 2,813411 0,000295
abashed 1,560648 0,000164
abbey 1,609438 0,000169
abear 3,912023 0,000410
abel 2,120264 0,000222
aberdeen 2,995732 0,000314
aberration 2,525729 0,000265
abet 2,813411 0,000295
abeyance 2,659260 0,000279
abhorrence 1,560648 0,000164
abhorrent 2,120264 0,000222
abhorring 2,659260 0,000279
abide 0,287682 0,000030
abided 2,813411 0,000295
abilities 1,139434 0,000119
ability 0,579818 0,000061
abject 1,049822 0,000110
ablutions 2,040221 0,000214
aboard 1,237874 0,000130
abode 0,616186 0,000065
abominate 2,813411 0,000295
abraham 1,386294 0,000145
abreast 1,203973 0,000126
abrupt 0,994252 0,000104
abruptness 2,302585 0,000241
absence 0,274437 0,000029
absent 0,385662 0,000040
absolute 0,400478 0,000042
absolutely 0,287682 0,000030
absolve 2,120264 0,000222
absorbed 0,634878 0,000067
abstinence 1,609438 0,000169
abstraction 1,609438 0,000169
abstracts 2,995732 0,000314
absurd 0,430783 0,000045
absurdest 3,912023 0,000410
absurdly 1,427116 0,000150
abundance 0,843970 0,000089
abundantly 1,272966 0,000133
abyss 1,049822 0,000110
accept 0,094311 0,000010
acceptable 0,967584 0,000101
acceptance 0,967584 0,000101
accepted 0,139262 0,000015
access 0,314711 0,000033
accessories 2,207275 0,000231
accessory 1,714798 0,000180
accident 0,371064 0,000039
accidental 0,755023 0,000079
accidentally 0,820981 0,000086
accidents 0,820981 0,000086
accommodated 1,469676 0,000154
accommodation 1,237874 0,000130
accompanied 0,223144 0,000023
accompany 0,562119 0,000059
accompanying 0,820981 0,000086
accomplished 0,385662 0,000040
accord 0,597837 0,000063
accosted 1,386294 0,000145
accoucheur 3,218876 0,000338
account 0,010050 0,000001
accountant 2,525729 0,000265
accounted 0,891598 0,000093
accounting 1,832581 0,000192
accounts 0,597837 0,000063
accredited 2,995732 0,000314
accumulated 1,272966 0,000133
accumulating 1,714798 0,000180
accumulative 3,912023 0,000410
accuracy 1,108663 0,000116
accurate 0,941609 0,000099
accurately 1,049822 0,000110
accusatory 3,218876 0,000338
accuse 0,916291 0,000096
accused 0,616186 0,000065
accuses 2,207275 0,000231
accusing 1,347074 0,000141
accustomed 0,287682 0,000030
ache 1,309333 0,000137
achieved 0,867501 0,000091
achievement 1,560648 0,000164
aching 1,309333 0,000137
acid 2,120264 0,000222
acknowledge 0,527633 0,000055
acknowledged 0,597837 0,000063
acknowledging 1,386294 0,000145
acknowledgment 1,347074 0,000141
acquaintance 0,301105 0,000032
acquaintances 1,021651 0,000107
acquainted 0,385662 0,000040
acquiesced 1,469676 0,000154
acquiescence 1,427116 0,000150
acquire 0,776529 0,000081
acquired 0,462035 0,000048
acquirements 1,897120 0,000199
acquisition 1,309333 0,000137
acquit 1,514128 0,000159
acquittal 2,302585 0,000241
acquitted 1,347074 0,000141
action 0,139262 0,000015
actions 0,356675 0,000037
active 0,127833 0,000013
actively 1,560648 0,000164
actor 0,941609 0,000099
actual 0,174353 0,000018
acute 0,733969 0,000077
acuteness 1,427116 0,000150
adamantine 2,407946 0,000253
adapt 1,514128 0,000159
adapted 0,798508 0,000084
add 0,198451 0,000021
addition 0,116534 0,000012
additional 0,198451 0,000021
addle 3,506558 0,000368
address 0,116534 0,000012
addressed 0,274437 0,000029
addressing 0,579818 0,000061
adepts 2,995732 0,000314
adequately 2,120264 0,000222
adhered 1,609438 0,000169
adjacent 1,469676 0,000154
adjective 2,207275 0,000231
adjoined 2,525729 0,000265
adjoining 0,843970 0,000089
adjourned 1,771957 0,000186
adjuncts 3,912023 0,000410
adjuration 2,995732 0,000314
adjured 2,659260 0,000279
administered 1,139434 0,000119
administering 1,897120 0,000199
administration 1,427116 0,000150
administrative 2,302585 0,000241
admirable 0,527633 0,000055
admiralty 2,407946 0,000253
admiration 0,342490 0,000036
admire 0,527633 0,000055
admired 0,579818 0,000061
admirer 1,347074 0,000141
admirers 1,272966 0,000133
admires 1,897120 0,000199
admiring 0,776529 0,000081
admission 0,713350 0,000075
admissions 2,407946 0,000253
admit 0,235722 0,000025
admitted 0,301105 0,000032
admitting 1,078810 0,000113
admonished 1,714798 0,000180
adopt 0,733969 0,000077
adoption 1,771957 0,000186
adoration 1,171183 0,000123
adore 1,469676 0,000154
adored 1,139434 0,000119
adoring 2,040221 0,000214
adrift 1,660731 0,000174
advance 0,223144 0,000023
advanced 0,274437 0,000029
advancement 1,203973 0,000126
advancing 0,579818 0,000061
advantage 0,139262 0,000015
advantages 0,579818 0,000061
adventure 0,510826 0,000054
adventurers 1,560648 0,000164
adventures 0,562119 0,000059
adversary 0,994252 0,000104
adverted 3,506558 0,000368
advertise 1,714798 0,000180
advice 0,186330 0,000020
advisable 1,309333 0,000137
advise 0,462035 0,000048
advised 0,616186 0,000065
advisedly 2,525729 0,000265
adviser 1,966113 0,000206
advisers 2,302585 0,000241
afar 0,994252 0,000104
affability 1,897120 0,000199
affable 1,514128 0,000159
affair 0,301105 0,000032
affairs 0,235722 0,000025
affection 0,235722 0,000025
affectionate 0,616186 0,000065
affectionately 1,237874 0,000130
affianced 2,525729 0,000265
affinity 1,514128 0,000159
affirmative 1,203973 0,000126
afflicted 0,693147 0,000073
affliction 0,867501 0,000091
affluent 2,525729 0,000265
afford 0,301105 0,000032
afforded 0,616186 0,000065
affront 1,386294 0,000145
afire 2,407946 0,000253
afoot 1,660731 0,000174
afore 1,609438 0,000169
aforehand 3,912023 0,000410
aforesaid 1,469676 0,000154
afraid 0,105361 0,000011
afresh 1,021651 0,000107
african 1,427116 0,000150
afternoon 0,287682 0,000030
afternoons 1,771957 0,000186
age 0,051293 0,000005
aged 0,198451 0,000021
agen 2,813411 0,000295
agency 1,203973 0,000126
agent 0,274437 0,000029
aggravated 1,771957 0,000186
aggravating 2,120264 0,000222
aggravation 1,966113 0,000206
aghast 1,272966 0,000133
agitated 0,693147 0,000073
agitation 0,713350 0,000075
agonies 1,427116 0,000150
agonizing 1,832581 0,000192
agony 0,544727 0,000057
agree 0,116534 0,000012
agreeable 0,462035 0,000048
agreeably 1,171183 0,000123
agreed 0,116534 0,000012
agreeing 1,347074 0,000141
agreement 0,210721 0,000022
ague 1,660731 0,000174
aguish 3,218876 0,000338
aha 1,771957 0,000186
ahoy 2,995732 0,000314
aid 0,287682 0,000030
aided 0,916291 0,000096
aids 1,609438 0,000169
aim 0,462035 0,000048
aiming 1,309333 0,000137
air 0,061875 0,000006
airiest 3,218876 0,000338
airing 2,207275 0,000231
airless 3,506558 0,000368
airy 1,237874 0,000130
ajar 1,514128 0,000159
akimbo 2,302585 0,000241
alarm 0,356675 0,000037
alarmed 0,478036 0,000050
alarming 0,867501 0,000091
alarmingly 2,302585 0,000241
alder 2,525729 0,000265
ale 1,660731 0,000174
alehouses 3,218876 0,000338
alexander 1,108663 0,000116
alick 3,912023 0,000410
alienate 2,302585 0,000241
alight 1,386294 0,000145
alighted 1,139434 0,000119
alighting 1,832581 0,000192
alive 0,051293 0,000005
alleviated 2,407946 0,000253
alley 1,272966 0,000133
allied 1,272966 0,000133
allies 1,203973 0,000126
allotted 1,139434 0,000119
allowance 0,776529 0,000081
alloy 1,966113 0,000206
alluded 1,139434 0,000119
alluding 1,771957 0,000186
allusion 0,843970 0,000089
ally 1,078810 0,000113
almanac 2,525729 0,000265
almighty 1,108663 0,000116
aloud 0,301105 0,000032
alphabet 1,609438 0,000169
altar 0,820981 0,000086
alteration 0,314711 0,000033
alterations 1,108663 0,000116
altercation 2,302585 0,000241
altered 0,510826 0,000054
altering 1,514128 0,000159
alternate 0,328504 0,000034
alternately 1,021651 0,000107
altogether 0,198451 0,000021
amalgamation 2,659260 0,000279
amateur 1,386294 0,000145
amazed 0,634878 0,000067
amazement 0,446287 0,000047
amazing 0,941609 0,000099
ambled 2,995732 0,000314
ambush 1,386294 0,000145
amelia 2,659260 0,000279
amen 1,237874 0,000130
amenities 2,525729 0,000265
amens 3,912023 0,000410
america 0,579818 0,000061
amiable 0,755023 0,000079
amiably 2,302585 0,000241
amiss 0,820981 0,000086
amphibious 2,813411 0,000295
ample 0,527633 0,000055
amply 0,967584 0,000101
amused 0,562119 0,000059
amusement 0,544727 0,000057
analysis 1,347074 0,000141
anatomy 1,966113 0,000206
ancestor 1,560648 0,000164
ancestral 2,040221 0,000214
anchor 0,867501 0,000091
anchors 2,040221 0,000214
anchovy 3,506558 0,000368
ancient 0,198451 0,000021
anew 0,867501 0,000091
angel 0,579818 0,000061
anger 0,328504 0,000034
angle 0,733969 0,000077
angrily 0,867501 0,000091
angry 0,174353 0,000018
animal 0,261365 0,000027
animals 0,494296 0,000052
animate 1,660731 0,000174
animated 0,755023 0,000079
animosity 1,560648 0,000164
ankle 1,171183 0,000123
ankles 1,347074 0,000141
anne 1,560648 0,000164
announcement 1,139434 0,000119
annoyances 2,207275 0,000231
annoyed 0,733969 0,000077
annual 1,171183 0,000123
annuals 3,218876 0,000338
annum 2,040221 0,000214
anonymous 1,714798 0,000180
answer 0,040822 0,000004
answered 0,072571 0,000008
answering 0,510826 0,000054
answers 0,415515 0,000044
antecedents 2,120264 0,000222
antechamber 2,120264 0,000222
anticipate 1,237874 0,000130
anticipated 0,755023 0,000079
anticipation 0,843970 0,000089
anticipations 1,609438 0,000169
antipodes 2,525729 0,000265
antony 2,207275 0,000231
antwerp 2,207275 0,000231
anvil 2,302585 0,000241
anxieties 1,203973 0,000126
anxiety 0,287682 0,000030
anxious 0,261365 0,000027
anxiously 0,693147 0,000073
anywise 3,506558 0,000368
apartment 0,693147 0,000073
apartments 0,994252 0,000104
apiece 1,309333 0,000137
apologetic 2,525729 0,000265
apologetically 2,040221 0,000214
apologised 2,207275 0,000231
apology 0,713350 0,000075
apoplectic 2,207275 0,000231
apostrophe 2,302585 0,000241
apostrophising 3,218876 0,000338
apothecary 1,714798 0,000180
appalled 1,203973 0,000126
appalling 1,237874 0,000130
apparent 0,314711 0,000033
apparition 0,994252 0,000104
appeal 0,342490 0,000036
appealing 1,171183 0,000123
appeals 0,916291 0,000096
appearance 0,083382 0,000009
appearances 0,693147 0,000073
appeased 1,272966 0,000133
appendages 2,407946 0,000253
appertaining 2,525729 0,000265
appetite 0,371064 0,000039
applaud 1,966113 0,000206
apples 0,916291 0,000096
appliances 2,207275 0,000231
application 0,733969 0,000077
applied 0,287682 0,000030
applies 1,171183 0,000123
apply 0,162519 0,000017
applying 1,108663 0,000116
appointed 0,356675 0,000037
appointment 0,693147 0,000073
apportioned 2,407946 0,000253
appraised 3,218876 0,000338
appreciative 2,207275 0,000231
apprehend 1,108663 0,000116
apprehension 0,616186 0,000065
apprentice 1,660731 0,000174
apprenticed 2,525729 0,000265
apprenticeship 2,120264 0,000222
apprised 1,966113 0,000206
approach 0,083382 0,000009
approached 0,248461 0,000026
approaches 0,867501 0,000091
approaching 0,235722 0,000025
approbation 1,203973 0,000126
approval 0,798508 0,000084
approve 0,653926 0,000069
approved 0,693147 0,000073
approving 1,427116 0,000150
april 0,798508 0,000084
apron 1,386294 0,000145
aprons 1,897120 0,000199
arabian 1,309333 0,000137
arbitrary 1,309333 0,000137
arbour 2,207275 0,000231
arch 0,820981 0,000086
archbishop 1,609438 0,000169
arches 1,427116 0,000150
architect 1,309333 0,000137
architecture 1,108663 0,000116
archly 2,813411 0,000295
archway 2,302585 0,000241
arena 2,407946 0,000253
argue 0,597837 0,000063
argued 0,798508 0,000084
arguing 1,139434 0,000119
argument 0,371064 0,000039
argumentation 3,218876 0,000338
argumentative 1,832581 0,000192
arguments 0,562119 0,000059
argus 2,120264 0,000222
arid 1,966113 0,000206
aristocratic 1,309333 0,000137
arithmetic 1,203973 0,000126
ark 1,560648 0,000164
arm 0,094311 0,000010
arms 0,051293 0,000005
aroused 0,755023 0,000079
arrange 0,579818 0,000061
arranged 0,328504 0,000034
arrangement 0,462035 0,000048
arrangements 0,634878 0,000067
arranging 0,820981 0,000086
array 0,314711 0,000033
arraying 3,218876 0,000338
arrest 0,941609 0,000099
arrested 0,733969 0,000077
arrival 0,356675 0,000037
arrive 0,314711 0,000033
arrived 0,150823 0,000016
arriving 0,634878 0,000067
arrogance 1,714798 0,000180
arrow 0,653926 0,000069
art 0,139262 0,000015
arter 2,659260 0,000279
artful 1,171183 0,000123
artfully 1,832581 0,000192
arthur 1,660731 0,000174
article 0,673345 0,000071
articled 3,506558 0,000368
articles 0,527633 0,000055
artificer 2,207275 0,000231
artifices 2,040221 0,000214
artificial 0,616186 0,000065
artlessness 3,218876 0,000338
arts 0,597837 0,000063
ascend 0,867501 0,000091
ascended 0,713350 0,000075
ascent 1,021651 0,000107
ascertain 0,798508 0,000084
ascertained 1,021651 0,000107
ascertaining 1,469676 0,000154
ashamed 0,248461 0,000026
ashes 0,462035 0,000048
ashore 1,139434 0,000119
ashy 2,525729 0,000265
aslant 2,407946 0,000253
asleep 0,162519 0,000017
asmear 3,912023 0,000410
aspect 0,462035 0,000048
aspiration 2,120264 0,000222
aspirations 1,108663 0,000116
aspiring 1,771957 0,000186
ass 0,941609 0,000099
assailant 1,469676 0,000154
assailed 1,203973 0,000126
assembled 0,510826 0,000054
assembly 0,891598 0,000093
assent 0,916291 0,000096
assented 1,108663 0,000116
assenting 2,302585 0,000241
asserting 1,386294 0,000145
asses 1,660731 0,000174
asseverates 3,912023 0,000410
assiduity 1,966113 0,000206
assign 1,386294 0,000145
assigned 0,733969 0,000077
assist 0,510826 0,000054
assistance 0,105361 0,000011
assistant 0,994252 0,000104
assisted 0,634878 0,000067
assisting 1,078810 0,000113
associate 1,021651 0,000107
associates 1,427116 0,000150
association 1,203973 0,000126
associations 1,139434 0,000119
assort 3,506558 0,000368
assume 0,478036 0,000050
assumed 0,385662 0,000040
assuming 0,916291 0,000096
assumption 1,347074 0,000141
assurance 0,430783 0,000045
assure 0,385662 0,000040
assured 0,301105 0,000032
assuredly 0,967584 0,000101
astern 2,120264 0,000222
astir 1,966113 0,000206
astonished 0,301105 0,000032
astonishing 0,653926 0,000069
astonishment 0,301105 0,000032
astounded 1,427116 0,000150
astride 1,514128 0,000159
asunder 1,108663 0,000116
ate 0,415515 0,000044
athens 1,386294 0,000145
athletic 1,714798 0,000180
athwart 1,560648 0,000164
atmosphere 0,579818 0,000061
atop 2,659260 0,000279
attached 0,127833 0,000013
attaching 1,514128 0,000159
attachment 0,941609 0,000099
attack 0,301105 0,000032
attacked 0,462035 0,000048
attempt 0,083382 0,000009
attempted 0,356675 0,000037
attempting 0,579818 0,000061
attempts 0,478036 0,000050
attend 0,301105 0,000032
attendance 0,798508 0,000084
attendant 0,733969 0,000077
attendants 1,108663 0,000116
attended 0,342490 0,000036
attending 0,713350 0,000075
attends 1,560648 0,000164
attention 0,083382 0,000009
attentions 1,049822 0,000110
attentive 0,713350 0,000075
attentively 0,755023 0,000079
attested 1,427116 0,000150
attic 1,309333 0,000137
attire 1,203973 0,000126
attired 1,427116 0,000150
attitude 0,478036 0,000050
attract 0,634878 0,000067
attracted 0,356675 0,000037
attracting 1,427116 0,000150
attractions 1,309333 0,000137
attractive 0,820981 0,000086
attributed 0,867501 0,000091
attributes 1,237874 0,000130
auction 1,832581 0,000192
auctioneer 2,525729 0,000265
audacious 1,309333 0,000137
audible 0,916291 0,000096
audibly 1,560648 0,000164
audience 0,733969 0,000077
augmented 1,386294 0,000145
augur 2,207275 0,000231
aunt 0,843970 0,000089
auspicious 1,966113 0,000206
australia 2,040221 0,000214
authorities 0,843970 0,000089
authority 0,261365 0,000027
avail 0,544727 0,000057
avarice 1,049822 0,000110
avaricious 1,771957 0,000186
avenge 1,049822 0,000110
avenger 1,609438 0,000169
avenging 1,714798 0,000180
avenue 1,139434 0,000119
average 0,820981 0,000086
averse 1,049822 0,000110
aversion 0,941609 0,000099
averted 1,139434 0,000119
avoid 0,174353 0,000018
avoidable 2,995732 0,000314
avoidance 2,040221 0,000214
avoided 0,371064 0,000039
avoiding 1,021651 0,000107
avoids 1,897120 0,000199
avowal 1,771957 0,000186
awaited 0,733969 0,000077
awaiting 0,693147 0,000073
awaits 1,237874 0,000130
awake 0,356675 0,000037
awaken 0,891598 0,000093
awakened 0,673345 0,000071
aware 0,223144 0,000023
awe 0,597837 0,000063
awful 0,328504 0,000034
awkward 0,544727 0,000057
awkwardly 1,272966 0,000133
awoke 0,446287 0,000047
axe 1,049822 0,000110
ay 1,108663 0,000116
babies 1,514128 0,000159
baby 0,673345 0,000071
babyhood 3,218876 0,000338
bachelor 1,078810 0,000113
backer 3,506558 0,000368
background 0,867501 0,000091
bacon 0,994252 0,000104
bad 0,051293 0,000005
badge 1,660731 0,000174
badger 2,813411 0,000295
badgered 3,912023 0,000410
badgering 3,912023 0,000410
badly 0,446287 0,000047
baffle 2,525729 0,000265
baffled 1,171183 0,000123
bag 0,544727 0,000057
bagatelle 3,218876 0,000338
bags 0,967584 0,000101
bailey 2,407946 0,000253
baited 2,813411 0,000295
baiting 3,218876 0,000338
baize 2,407946 0,000253
bake 1,897120 0,000199
baker 1,237874 0,000130
baking 1,832581 0,000192
balance 0,544727 0,000057
bald 0,994252 0,000104
ball 0,356675 0,000037
ballast 1,832581 0,000192
balloon 1,897120 0,000199
balls 0,798508 0,000084
band 0,430783 0,000045
bandage 1,427116 0,000150
bandaged 1,832581 0,000192
bandages 1,771957 0,000186
bandboxes 3,506558 0,000368
bang 1,469676 0,000154
banging 2,120264 0,000222
banish 1,347074 0,000141
bank 0,261365 0,000027
banked 2,407946 0,000253
banker 1,309333 0,000137
banking 2,302585 0,000241
banks 0,494296 0,000052
banners 1,560648 0,000164
banns 3,506558 0,000368
banquet 1,272966 0,000133
bar 0,527633 0,000055
barbarously 2,659260 0,000279
barbed 2,120264 0,000222
bard 2,040221 0,000214
bare 0,162519 0,000017
barefoot 1,609438 0,000169
barely 0,798508 0,000084
bargain 0,597837 0,000063
barge 1,897120 0,000199
bargemen 3,506558 0,000368
barges 2,302585 0,000241
baring 2,302585 0,000241
barley 1,609438 0,000169
barn 1,309333 0,000137
barnard 3,218876 0,000338
barns 2,207275 0,000231
baronet 1,966113 0,000206
baronetcies 3,912023 0,000410
baronetcy 3,218876 0,000338
barrack 2,407946 0,000253
barred 0,916291 0,000096
barrel 0,843970 0,000089
barricaded 2,525729 0,000265
barrier 1,078810 0,000113
barrow 1,897120 0,000199
barrows 2,302585 0,000241
bars 0,653926 0,000069
bartholomew 2,040221 0,000214
base 0,301105 0,000032
based 0,371064 0,000039
basely 1,966113 0,000206
basement 1,966113 0,000206
basest 2,040221 0,000214
bashful 1,609438 0,000169
basin 0,941609 0,000099
basket 0,673345 0,000071
baskets 1,203973 0,000126
bass 1,347074 0,000141
bathe 1,272966 0,000133
battered 1,309333 0,000137
battery 1,560648 0,000164
battle 0,287682 0,000030
battlements 1,714798 0,000180
bawling 2,207275 0,000231
bay 0,544727 0,000057
bazaar 2,120264 0,000222
beach 1,049822 0,000110
beacon 1,966113 0,000206
beadle 2,525729 0,000265
beam 0,843970 0,000089
beamed 1,514128 0,000159
beaming 1,386294 0,000145
beans 1,560648 0,000164
bear 0,061875 0,000006
beard 0,579818 0,000061
bearer 1,203973 0,000126
bearers 1,309333 0,000137
bearing 0,162519 0,000017
bearings 1,427116 0,000150
bears 0,510826 0,000054
beast 0,342490 0,000036
beastly 1,897120 0,000199
beasts 0,430783 0,000045
beat 0,186330 0,000020
beaten 0,400478 0,000042
beating 0,314711 0,000033
beats 0,941609 0,000099
beauties 0,820981 0,000086
beautiful 0,083382 0,000009
beautifully 0,867501 0,000091
beauty 0,174353 0,000018
beaver 1,771957 0,000186
beckoned 1,272966 0,000133
bed 0,051293 0,000005
bedchamber 1,897120 0,000199
bedded 2,659260 0,000279
bedding 1,771957 0,000186
bedevilled 3,218876 0,000338
bedridden 3,218876 0,000338
bedroom 0,798508 0,000084
bedrooms 1,897120 0,000199
beds 0,430783 0,000045
bedside 1,171183 0,000123
bedstead 1,347074 0,000141
bedtime 1,966113 0,000206
bee 1,078810 0,000113
beef 0,916291 0,000096
beer 0,941609 0,000099
beetles 2,407946 0,000253
befall 0,967584 0,000101
befallen 1,078810 0,000113
beg 0,210721 0,000022
beggar 0,733969 0,000077
beggared 3,506558 0,000368
begged 0,462035 0,000048
begging 0,713350 0,000075
beguile 2,040221 0,000214
beguiled 1,714798 0,000180
behalf 0,713350 0,000075
behave 0,713350 0,000075
behaviour 0,941609 0,000099
beheaded 1,897120 0,000199
beheld 0,510826 0,000054
behold 0,342490 0,000036
beholden 2,995732 0,000314
behoof 2,995732 0,000314
beknown 3,912023 0,000410
belief 0,198451 0,000021
belinda 3,218876 0,000338
bell 0,400478 0,000042
bellowed 2,207275 0,000231
bellows 1,771957 0,000186
bells 0,597837 0,000063
belong 0,235722 0,000025
belonged 0,314711 0,000033
belonging 0,527633 0,000055
belongings 1,714798 0,000180
belongs 0,415515 0,000044
belt 0,713350 0,000075
bemoan 2,995732 0,000314
bench 0,616186 0,000065
bend 0,510826 0,000054
bending 0,597837 0,000063
beneath 0,198451 0,000021
benefactor 1,171183 0,000123
benefactress 2,407946 0,000253
beneficent 1,386294 0,000145
beneficial 1,272966 0,000133
benefits 1,171183 0,000123
benevolent 1,021651 0,000107
bent 0,174353 0,000018
bereaved 1,966113 0,000206
bereavements 3,506558 0,000368
bereft 1,897120 0,000199
beseeching 1,609438 0,000169
beseem 2,995732 0,000314
beset 0,941609 0,000099
besetting 2,207275 0,000231
besieged 1,560648 0,000164
besought 1,309333 0,000137
bestirring 2,995732 0,000314
bestow 0,755023 0,000079
bestowed 0,562119 0,000059
bestowing 1,771957 0,000186
bet 1,108663 0,000116
bethinking 2,659260 0,000279
bethought 1,469676 0,000154
betimes 1,771957 0,000186
betook 1,560648 0,000164
betray 0,527633 0,000055
betrayed 0,494296 0,000052
betrothed 1,660731 0,000174
betsy 2,813411 0,000295
betted 2,813411 0,000295
betters 1,660731 0,000174
betwixt 1,514128 0,000159
bewildered 0,843970 0,000089
bib 2,813411 0,000295
bibles 2,207275 0,000231
bidding 0,820981 0,000086
biddy 3,506558 0,000368
bide 2,040221 0,000214
bijou 2,995732 0,000314
bile 2,120264 0,000222
bilious 1,966113 0,000206
billeted 3,218876 0,000338
billingsgate 3,506558 0,000368
binding 0,891598 0,000093
biography 1,469676 0,000154
birch 1,714798 0,000180
bird 0,235722 0,000025
birds 0,301105 0,000032
birth 0,301105 0,000032
birthday 1,108663 0,000116
biscuit 1,514128 0,000159
biscuits 1,771957 0,000186
bit 0,174353 0,000018
bite 0,798508 0,000084
bites 1,609438 0,000169
biting 0,713350 0,000075
bits 0,843970 0,000089
bitter 0,235722 0,000025
bitterly 0,579818 0,000061
black 0,072571 0,000008
blackened 1,386294 0,000145
blackest 1,514128 0,000159
blackfriars 3,218876 0,000338
blacking 2,659260 0,000279
blacks 1,427116 0,000150
blacksmith 1,427116 0,000150
blade 0,755023 0,000079
blades 1,347074 0,000141
blame 0,174353 0,000018
blandly 1,897120 0,000199
blank 0,579818 0,000061
blankets 1,171183 0,000123
blankness 2,813411 0,000295
blast 0,693147 0,000073
blasts 1,609438 0,000169
blatant 3,218876 0,000338
blaze 0,941609 0,000099
blazes 1,832581 0,000192
blazing 0,916291 0,000096
bleak 1,386294 0,000145
bleeding 0,843970 0,000089
bless 0,430783 0,000045
blessed 0,356675 0,000037
blessedly 3,218876 0,000338
blessing 0,446287 0,000047
blew 0,494296 0,000052
blight 1,771957 0,000186
blighted 1,771957 0,000186
blind 0,223144 0,000023
blinded 0,994252 0,000104
blinding 1,469676 0,000154
blindly 0,941609 0,000099
blindness 0,994252 0,000104
bliss 0,891598 0,000093
blistered 2,207275 0,000231
blithe 2,407946 0,000253
bloated 1,660731 0,000174
block 0,616186 0,000065
blocked 1,609438 0,000169
blockhead 1,897120 0,000199
blood 0,116534 0,000012
bloodhound 2,525729 0,000265
bloodshot 1,897120 0,000199
bloodstained 2,813411 0,000295
bloodthirsty 2,302585 0,000241
bloody 0,527633 0,000055
bloom 0,798508 0,000084
blot 1,347074 0,000141
blotches 2,120264 0,000222
blotchy 3,506558 0,000368
blotting 1,832581 0,000192
blow 0,139262 0,000015
blowing 0,510826 0,000054
blown 0,579818 0,000061
blows 0,371064 0,000039
blubbered 2,813411 0,000295
bludgeon 2,659260 0,000279
blue 0,174353 0,000018
blundered 1,897120 0,000199
blundering 1,514128 0,000159
blunt 0,967584 0,000101
blunter 3,912023 0,000410
blur 1,966113 0,000206
blurred 1,771957 0,000186
blushed 1,171183 0,000123
blushes 1,660731 0,000174
blushing 1,049822 0,000110
blustered 2,995732 0,000314
blusterous 3,912023 0,000410
boar 1,514128 0,000159
board 0,314711 0,000033
boarded 1,560648 0,000164
boarder 2,302585 0,000241
boarding 1,272966 0,000133
boards 0,776529 0,000081
boast 0,430783 0,000045
boastfulness 2,813411 0,000295
boasting 1,108663 0,000116
boat 0,446287 0,000047
boating 2,813411 0,000295
boatmen 2,407946 0,000253
boats 0,820981 0,000086
boatswain 2,813411 0,000295
bobbing 2,120264 0,000222
bobbish 3,912023 0,000410
bobtail 3,912023 0,000410
bodies 0,174353 0,000018
bodily 0,673345 0,000071
body 0,030459 0,000003
boil 1,237874 0,000130
boiled 0,798508 0,000084
boiling 0,776529 0,000081
bold 0,287682 0,000030
bolder 1,203973 0,000126
boldest 1,609438 0,000169
boldly 0,462035 0,000048
boldness 0,916291 0,000096
bolt 0,733969 0,000077
bolted 0,967584 0,000101
bolters 3,912023 0,000410
bolting 2,040221 0,000214
bondage 1,203973 0,000126
bondsman 3,218876 0,000338
bone 0,527633 0,000055
boned 2,407946 0,000253
bones 0,235722 0,000025
bonnet 1,139434 0,000119
bony 1,469676 0,000154
booby 2,407946 0,000253
book 0,061875 0,000006
bookcase 2,207275 0,000231
books 0,139262 0,000015
bookshelves 2,525729 0,000265
bookshop 3,218876 0,000338
boom 1,897120 0,000199
boor 2,659260 0,000279
boorish 2,659260 0,000279
boot 0,941609 0,000099
booted 1,897120 0,000199
booth 1,832581 0,000192
bootjack 3,506558 0,000368
bootmaker 3,912023 0,000410
boots 0,510826 0,000054
border 0,967584 0,000101
bordered 1,347074 0,000141
bore 0,150823 0,000016
born 0,105361 0,000011
borne 0,261365 0,000027
borrow 0,798508 0,000084
borrowed 0,616186 0,000065
bosom 0,462035 0,000048
botany 1,771957 0,000186
bother 0,916291 0,000096
bothering 1,771957 0,000186
bottle 0,562119 0,000059
bottles 0,798508 0,000084
bounce 2,120264 0,000222
bounceable 3,912023 0,000410
bounced 2,525729 0,000265
bouncing 2,040221 0,000214
bound 0,030459 0,000003
boundless 0,891598 0,000093
bounds 0,634878 0,000067
bow 0,287682 0,000030
bower 1,714798 0,000180
bowl 0,843970 0,000089
bowls 1,660731 0,000174
bows 0,776529 0,000081
bowsprit 2,525729 0,000265
box 0,248461 0,000026
boxed 1,771957 0,000186
boxer 2,407946 0,000253
boxes 0,798508 0,000084
boy 0,139262 0,000015
boyhood 1,237874 0,000130
boyish 1,347074 0,000141
boys 0,328504 0,000034
brace 1,469676 0,000154
braces 1,609438 0,000169
brag 1,832581 0,000192
brain 0,356675 0,000037
brains 0,776529 0,000081
bramble 2,407946 0,000253
brambles 2,120264 0,000222
branch 0,385662 0,000040
branches 0,371064 0,000039
branded 1,771957 0,000186
brandy 0,941609 0,000099
brass 0,478036 0,000050
brave 0,415515 0,000044
bravery 1,272966 0,000133
brazen 1,203973 0,000126
breach 0,274437 0,000029
bread 0,248461 0,000026
breadth 0,653926 0,000069
break 0,083382 0,000009
breaker 1,966113 0,000206
breakers 1,714798 0,000180
breakfast 0,356675 0,000037
breakfasted 2,040221 0,000214
breaking 0,210721 0,000022
breakings 3,912023 0,000410
breast 0,210721 0,000022
breasted 2,302585 0,000241
breasts 0,891598 0,000093
breath 0,174353 0,000018
breathe 0,478036 0,000050
breathed 0,494296 0,000052
breathing 0,462035 0,000048
breathless 0,673345 0,000071
breaths 1,660731 0,000174
bred 0,478036 0,000050
breeches 1,203973 0,000126
breed 0,820981 0,000086
breeder 2,407946 0,000253
breeding 0,967584 0,000101
brew 2,302585 0,000241
brewed 2,525729 0,000265
brewer 2,813411 0,000295
brewery 2,659260 0,000279
brewing 1,771957 0,000186
briars 2,813411 0,000295
bribed 1,714798 0,000180
brick 0,713350 0,000075
bridal 1,427116 0,000150
bride 0,820981 0,000086
bridegroom 1,237874 0,000130
bridge 0,494296 0,000052
bridges 1,108663 0,000116
bright 0,116534 0,000012
brightened 0,967584 0,000101
brighter 0,776529 0,000081
brightly 0,994252 0,000104
brightness 0,634878 0,000067
brilliant 0,430783 0,000045
brilliantly 1,560648 0,000164
brim 1,237874 0,000130
brimmed 1,714798 0,000180
bring 0,010050 0,000001
bringing 0,105361 0,000011
brings 0,328504 0,000034
brink 1,139434 0,000119
brisk 1,021651 0,000107
brisker 2,407946 0,000253
briskly 0,967584 0,000101
briskness 3,506558 0,000368
bristling 1,237874 0,000130
britain 1,427116 0,000150
britannia 2,995732 0,000314
british 0,843970 0,000089
briton 2,813411 0,000295
britons 2,302585 0,000241
broached 2,407946 0,000253
broad 0,139262 0,000015
broader 1,560648 0,000164
broke 0,116534 0,000012
broken 0,061875 0,000006
broker 2,040221 0,000214
brooch 2,302585 0,000241
brooches 3,506558 0,000368
brood 1,108663 0,000116
brooded 1,347074 0,000141
brooding 1,021651 0,000107
broom 1,469676 0,000154
broomstick 3,506558 0,000368
broth 1,897120 0,000199
brother 0,127833 0,000013
brothers 0,356675 0,000037
brought 0,010050 0,000001
brow 0,544727 0,000057
brown 0,274437 0,000029
browned 2,813411 0,000295
brows 0,755023 0,000079
bruise 1,560648 0,000164
bruised 0,941609 0,000099
brush 0,755023 0,000079
brushes 1,660731 0,000174
brushing 1,386294 0,000145
brutal 0,755023 0,000079
brutality 1,514128 0,000159
brute 0,579818 0,000061
bucket 1,309333 0,000137
buckle 2,207275 0,000231
budging 3,218876 0,000338
buffaloes 2,525729 0,000265
buffets 3,218876 0,000338
bug 2,407946 0,000253
build 0,446287 0,000047
builders 1,560648 0,000164
building 0,223144 0,000023
buildings 0,713350 0,000075
built 0,150823 0,000016
bulbs 2,813411 0,000295
bulging 1,771957 0,000186
bull 0,510826 0,000054
bullied 2,302585 0,000241
bullock 1,966113 0,000206
bully 1,469676 0,000154
bullying 2,207275 0,000231
bulrushes 2,659260 0,000279
bulwarks 2,040221 0,000214
bumped 2,040221 0,000214
bumping 2,302585 0,000241
bundle 0,755023 0,000079
bundles 1,427116 0,000150
buoys 2,995732 0,000314
burden 0,223144 0,000023
buried 0,248461 0,000026
burly 1,609438 0,000169
burn 0,400478 0,000042
burned 0,400478 0,000042
burning 0,150823 0,000016
burnt 0,415515 0,000044
burst 0,287682 0,000030
bursting 0,713350 0,000075
burying 1,386294 0,000145
bush 0,820981 0,000086
bushel 1,897120 0,000199
bushes 0,733969 0,000077
bushy 1,272966 0,000133
busily 1,021651 0,000107
business 0,040822 0,000004
bust 1,272966 0,000133
busted 2,302585 0,000241
buster 3,912023 0,000410
busting 3,218876 0,000338
bustle 0,994252 0,000104
busy 0,223144 0,000023
butcher 0,941609 0,000099
butchers 2,302585 0,000241
butter 0,820981 0,000086
buttered 2,659260 0,000279
button 1,049822 0,000110
buttons 1,108663 0,000116
butts 2,525729 0,000265
buxom 2,407946 0,000253
buzzingly 3,912023 0,000410
bye 0,776529 0,000081
bystander 2,525729 0,000265
bystanders 2,302585 0,000241
cab 1,272966 0,000133
cabbage 1,609438 0,000169
cabin 0,916291 0,000096
cables 2,120264 0,000222
caesar 1,609438 0,000169
cag 3,912023 0,000410
cage 1,237874 0,000130
caged 1,832581 0,000192
cages 2,120264 0,000222
cain 1,660731 0,000174
cairo 2,995732 0,000314
cake 0,941609 0,000099
calculate 0,328504 0,000034
calculated 0,174353 0,000018
calculates 3,912023 0,000410
calculating 1,386294 0,000145
caldron 2,659260 0,000279
calendar 1,714798 0,000180
calling 0,820981 0,000086
callings 2,407946 0,000253
callous 1,469676 0,000154
calm 0,301105 0,000032
calmly 0,510826 0,000054
calves 1,427116 0,000150
cambridge 1,469676 0,000154
camels 1,897120 0,000199
camilla 2,525729 0,000265
campbell 2,207275 0,000231
canary 1,660731 0,000174
cancel 2,407946 0,000253
cancelled 2,995732 0,000314
candid 1,203973 0,000126
candle 0,544727 0,000057
candlelight 2,813411 0,000295
candles 0,755023 0,000079
candlestick 1,771957 0,000186
candlesticks 1,897120 0,000199
candour 1,771957 0,000186
cane 0,916291 0,000096
cannon 0,941609 0,000099
canterbury 2,659260 0,000279
canvas 0,916291 0,000096
cap 0,462035 0,000048
capable 0,261365 0,000027
capacious 1,771957 0,000186
capacities 1,897120 0,000199
capacity 0,527633 0,000055
caparisoned 2,995732 0,000314
caped 3,912023 0,000410
capes 2,302585 0,000241
capital 0,328504 0,000034
capitalist 2,995732 0,000314
capitally 2,407946 0,000253
capricious 1,386294 0,000145
capsized 2,995732 0,000314
capstans 3,506558 0,000368
captain 0,371064 0,000039
captive 0,820981 0,000086
captor 2,995732 0,000314
caravan 2,120264 0,000222
card 0,223144 0,000023
cards 0,634878 0,000067
care 0,000000 0,000000
cared 0,494296 0,000052
career 0,478036 0,000050
careful 0,174353 0,000018
carefully 0,139262 0,000015
careless 0,494296 0,000052
carelessly 0,776529 0,000081
carelessness 1,021651 0,000107
caring 1,049822 0,000110
carols 2,995732 0,000314
carpenter 1,108663 0,000116
carpet 0,653926 0,000069
carriage 0,446287 0,000047
carriages 0,820981 0,000086
carried 0,030459 0,000003
carry 0,030459 0,000003
carrying 0,083382 0,000009
cart 0,755023 0,000079
carted 2,659260 0,000279
carter 2,040221 0,000214
carved 0,843970 0,000089
carvers 3,218876 0,000338
carving 1,560648 0,000164
cash 1,021651 0,000107
cashier 2,407946 0,000253
cask 1,560648 0,000164
casket 2,040221 0,000214
casks 1,897120 0,000199
cast 0,116534 0,000012
casting 0,544727 0,000057
castle 0,776529 0,000081
castles 1,347074 0,000141
castors 3,506558 0,000368
casts 1,139434 0,000119
casually 1,386294 0,000145
cat 0,562119 0,000059
catalogue 1,347074 0,000141
catch 0,210721 0,000022
catched 3,218876 0,000338
catcher 2,813411 0,000295
catches 1,660731 0,000174
catching 0,562119 0,000059
catechism 1,966113 0,000206
cathedral 1,272966 0,000133
cathedrals 2,813411 0,000295
cats 1,108663 0,000116
cattle 0,544727 0,000057
caught 0,162519 0,000017
causeway 2,302585 0,000241
caution 0,527633 0,000055
cautioned 2,120264 0,000222
cautious 0,673345 0,000071
cautiously 0,867501 0,000091
cease 0,139262 0,000015
ceased 0,235722 0,000025
ceaseless 1,386294 0,000145
ceasing 1,078810 0,000113
ceiling 0,527633 0,000055
celebrated 0,562119 0,000059
cell 0,916291 0,000096
cellar 1,021651 0,000107
cellars 1,469676 0,000154
census 2,525729 0,000265
cent 1,139434 0,000119
centre 0,462035 0,000048
ceremonies 0,941609 0,000099
ceremonious 2,407946 0,000253
ceremoniously 2,525729 0,000265
ceremony 0,579818 0,000061
certainty 0,342490 0,000036
certificate 1,714798 0,000180
cestus 3,218876 0,000338
ceylon 2,302585 0,000241
chafe 2,525729 0,000265
chafed 1,771957 0,000186
chaff 1,469676 0,000154
chaffinch 3,506558 0,000368
chain 0,415515 0,000044
chained 1,108663 0,000116
chains 0,562119 0,000059
chair 0,274437 0,000029
chairs 0,579818 0,000061
chaise 1,660731 0,000174
chalk 1,272966 0,000133
challenged 1,469676 0,000154
chamber 0,400478 0,000042
chamberlain 1,771957 0,000186
chambermaid 2,659260 0,000279
chambers 0,733969 0,000077
chance 0,083382 0,000009
chanced 0,843970 0,000089
chancellor 2,120264 0,000222
chances 0,562119 0,000059
chandeliers 2,525729 0,000265
chandler 2,040221 0,000214
change 0,010050 0,000001
changed 0,051293 0,000005
chap 1,021651 0,000107
chapter 0,342490 0,000036
character 0,061875 0,000006
characteristic 0,597837 0,000063
characteristics 0,798508 0,000084
charge 0,051293 0,000005
charged 0,328504 0,000034
charges 0,223144 0,000023
charging 1,347074 0,000141
chariot 1,237874 0,000130
charity 0,494296 0,000052
charles 0,597837 0,000063
charlotte 1,897120 0,000199
charm 0,544727 0,000057
charmed 0,941609 0,000099
charming 0,527633 0,000055
charmingly 1,660731 0,000174
charms 0,755023 0,000079
chartering 3,218876 0,000338
charts 2,040221 0,000214
chary 2,302585 0,000241
chase 0,653926 0,000069
chased 0,941609 0,000099
chasm 1,427116 0,000150
chaste 1,203973 0,000126
chat 1,203973 0,000126
chattered 1,514128 0,000159
chawed 3,506558 0,000368
cheap 0,673345 0,000071
cheapside 2,995732 0,000314
cheat 1,139434 0,000119
cheated 1,347074 0,000141
check 0,174353 0,000018
checked 0,579818 0,000061
checking 1,203973 0,000126
cheek 0,430783 0,000045
cheeks 0,415515 0,000044
cheeky 3,218876 0,000338
cheer 0,562119 0,000059
cheered 0,994252 0,000104
cheerful 0,385662 0,000040
cheerfullest 3,912023 0,000410
cheerfully 0,820981 0,000086
cheerfulness 0,867501 0,000091
cheerily 1,660731 0,000174
cheering 1,609438 0,000169
cheery 1,560648 0,000164
cheese 0,967584 0,000101
chemical 1,469676 0,000154
chemist 1,714798 0,000180
chemistry 1,714798 0,000180
cherished 0,843970 0,000089
cherry 1,660731 0,000174
chest 0,371064 0,000039
chestnut 1,386294 0,000145
chewing 1,514128 0,000159
chicken 1,139434 0,000119
chief 0,094311 0,000010
chiefly 0,527633 0,000055
child 0,072571 0,000008
childhood 0,527633 0,000055
childish 0,713350 0,000075
children 0,072571 0,000008
chill 0,733969 0,000077
chilled 1,139434 0,000119
chimes 2,302585 0,000241
chimney 0,798508 0,000084
chimneys 1,309333 0,000137
chin 0,478036 0,000050
china 0,776529 0,000081
chinks 1,832581 0,000192
chipped 2,659260 0,000279
chips 1,966113 0,000206
chirping 1,966113 0,000206
chisel 1,771957 0,000186
chivalry 1,832581 0,000192
choice 0,150823 0,000016
choicer 3,912023 0,000410
choke 1,427116 0,000150
choked 0,755023 0,000079
choking 0,941609 0,000099
choleric 2,207275 0,000231
chook 3,218876 0,000338
choose 0,083382 0,000009
chooses 1,272966 0,000133
choosing 0,867501 0,000091
chop 1,514128 0,000159
chopper 2,995732 0,000314
chopping 1,832581 0,000192
chops 2,302585 0,000241
chorus 1,021651 0,000107
chose 0,301105 0,000032
chosen 0,186330 0,000020
christened 1,469676 0,000154
christian 0,430783 0,000045
christmas 0,891598 0,000093
chronic 1,966113 0,000206
chronically 3,218876 0,000338
chucked 2,407946 0,000253
chum 2,407946 0,000253
chump 3,218876 0,000338
church 0,261365 0,000027
churches 0,994252 0,000104
churchyard 1,560648 0,000164
cigar 1,139434 0,000119
cigars 1,347074 0,000141
cipher 1,832581 0,000192
circle 0,223144 0,000023
circles 0,733969 0,000077
circuit 0,891598 0,000093
circuitously 3,218876 0,000338
circular 1,078810 0,000113
circularly 3,506558 0,000368
circulate 2,302585 0,000241
circulation 1,514128 0,000159
circumjacent 3,506558 0,000368
circumstance 0,446287 0,000047
circumstanced 2,407946 0,000253
circumstances 0,162519 0,000017
circumstantial 1,714798 0,000180
cistern 1,771957 0,000186
city 0,051293 0,000005
civic 2,407946 0,000253
civilized 1,237874 0,000130
civilly 1,560648 0,000164
claim 0,116534 0,000012
claimed 0,843970 0,000089
claiming 1,272966 0,000133
clammy 1,897120 0,000199
clap 1,469676 0,000154
clapped 1,049822 0,000110
clapping 1,108663 0,000116
clara 2,207275 0,000231
clash 1,469676 0,000154
clashing 1,832581 0,000192
clasped 0,843970 0,000089
clasping 1,078810 0,000113
class 0,314711 0,000033
classes 0,653926 0,000069
classic 1,309333 0,000137
claudius 2,407946 0,000253
clause 1,966113 0,000206
claw 1,609438 0,000169
clean 0,248461 0,000026
cleaned 1,139434 0,000119
cleaning 1,049822 0,000110
cleanliness 1,237874 0,000130
cleaving 2,120264 0,000222
clem 3,506558 0,000368
clemency 1,832581 0,000192
clench 2,659260 0,000279
clenched 1,049822 0,000110
clenching 2,040221 0,000214
cleopatra 1,966113 0,000206
clergyman 1,108663 0,000116
clerical 1,714798 0,000180
clerk 0,673345 0,000071
clerks 1,309333 0,000137
clever 0,400478 0,000042
cleverer 2,525729 0,000265
cleverest 1,832581 0,000192
cleverly 1,514128 0,000159
client 1,560648 0,000164
cliental 3,912023 0,000410
clients 1,771957 0,000186
clinging 0,867501 0,000091
clink 2,207275 0,000231
clinking 2,302585 0,000241
clipped 2,120264 0,000222
cloak 0,562119 0,000059
clock 0,527633 0,000055
clocks 1,609438 0,000169
close 0,051293 0,000005
closed 0,116534 0,000012
closely 0,223144 0,000023
closer 0,385662 0,000040
closest 1,514128 0,000159
closet 1,139434 0,000119
closing 0,446287 0,000047
cloth 0,356675 0,000037
clothed 0,673345 0,000071
clothes 0,127833 0,000013
cloud 0,301105 0,000032
clouded 1,237874 0,000130
clouds 0,342490 0,000036
clover 2,302585 0,000241
club 0,713350 0,000075
clubs 1,272966 0,000133
clue 1,078810 0,000113
clumsy 0,994252 0,000104
clung 0,693147 0,000073
clustered 1,714798 0,000180
clustering 1,832581 0,000192
clutched 0,994252 0,000104
coach 0,843970 0,000089
coaches 1,560648 0,000164
coaching 3,218876 0,000338
coachmaker 2,995732 0,000314
coachman 1,108663 0,000116
coal 0,693147 0,000073
coals 1,108663 0,000116
coarse 0,478036 0,000050
coarser 1,771957 0,000186
coarsest 2,040221 0,000214
coast 0,544727 0,000057
coasting 2,040221 0,000214
coat 0,274437 0,000029
coated 1,609438 0,000169
coats 0,653926 0,000069
coattails 3,506558 0,000368
coaxed 2,207275 0,000231
cobbs 3,912023 0,000410
cobwebs 1,832581 0,000192
cock 0,843970 0,000089
cocked 1,237874 0,000130
cocking 1,966113 0,000206
codfish 2,995732 0,000314
coercion 2,659260 0,000279
coffee 0,562119 0,000059
coffers 2,120264 0,000222
coffin 1,021651 0,000107
cogent 2,659260 0,000279
cogitation 2,525729 0,000265
coherent 1,897120 0,000199
coiler 3,912023 0,000410
coin 0,916291 0,000096
coincidence 1,171183 0,000123
coiner 2,525729 0,000265
cold 0,040822 0,000004
colder 1,078810 0,000113
coldly 0,916291 0,000096
collapse 1,771957 0,000186
collapsed 1,514128 0,000159
collapsing 2,995732 0,000314
collar 0,713350 0,000075
collars 1,469676 0,000154
collation 2,813411 0,000295
collect 0,673345 0,000071
collected 0,415515 0,000044
collectedly 2,995732 0,000314
collection 0,174353 0,000018
collier 2,995732 0,000314
colliers 2,995732 0,000314
collins 2,040221 0,000214
collision 1,771957 0,000186
colonel 0,967584 0,000101
colonist 3,218876 0,000338
colonists 2,525729 0,000265
colour 0,527633 0,000055
coloured 0,693147 0,000073
colours 0,713350 0,000075
column 0,755023 0,000079
columns 0,867501 0,000091
coma 3,218876 0,000338
comb 1,139434 0,000119
combat 0,891598 0,000093
combats 2,040221 0,000214
combination 0,693147 0,000073
combinations 1,714798 0,000180
combine 1,078810 0,000113
combined 0,713350 0,000075
comfort 0,150823 0,000016
comfortable 0,261365 0,000027
comfortably 0,693147 0,000073
comforted 0,776529 0,000081
comforting 1,139434 0,000119
comforts 0,967584 0,000101
comic 1,203973 0,000126
comical 1,560648 0,000164
coming 1,171183 0,000123
comings 2,207275 0,000231
command 0,162519 0,000017
commanded 0,462035 0,000048
commandments 1,897120 0,000199
commence 0,941609 0,000099
commendable 2,120264 0,000222
commended 1,272966 0,000133
comment 0,673345 0,000071
comments 1,469676 0,000154
commercial 0,274437 0,000029
commercials 3,912023 0,000410
commiserating 2,813411 0,000295
commiseration 1,660731 0,000174
commission 0,693147 0,000073
commit 0,527633 0,000055
committal 3,218876 0,000338
committed 0,150823 0,000016
commodious 1,966113 0,000206
common 0,072571 0,000008
commoner 2,302585 0,000241
commonest 1,832581 0,000192
commonly 0,755023 0,000079
commotion 1,078810 0,000113
commune 1,966113 0,000206
communicate 0,820981 0,000086
communicated 0,673345 0,000071
communicating 1,427116 0,000150
communication 0,597837 0,000063
communications 1,514128 0,000159
communicative 1,514128 0,000159
communing 2,120264 0,000222
community 0,616186 0,000065
compact 0,891598 0,000093
compactly 2,813411 0,000295
companies 1,139434 0,000119
companion 0,248461 0,000026
companions 0,301105 0,000032
companionship 0,967584 0,000101
company 0,020203 0,000002
comparative 0,994252 0,000104
comparatively 0,634878 0,000067
compare 0,510826 0,000054
compared 0,274437 0,000029
comparing 0,867501 0,000091
comparison 0,478036 0,000050
compass 0,673345 0,000071
compassion 0,820981 0,000086
compassionate 1,272966 0,000133
compassionating 3,912023 0,000410
compelled 0,527633 0,000055
compelling 1,560648 0,000164
compels 1,309333 0,000137
compensation 1,108663 0,000116
competed 2,813411 0,000295
competency 2,525729 0,000265
competent 1,139434 0,000119
competition 1,660731 0,000174
competitive 3,506558 0,000368
compilation 0,494296 0,000052
compiler 2,995732 0,000314
complacency 1,427116 0,000150
complacent 1,514128 0,000159
complacently 1,832581 0,000192
complain 0,446287 0,000047
complained 0,562119 0,000059
complaint 0,616186 0,000065
complaints 0,916291 0,000096
complete 0,150823 0,000016
completed 0,446287 0,000047
completely 0,274437 0,000029
completeness 1,966113 0,000206
completing 1,469676 0,000154
complexion 0,798508 0,000084
complexioned 2,525729 0,000265
complicated 0,798508 0,000084
complications 2,207275 0,000231
complied 1,309333 0,000137
compliment 0,673345 0,000071
complimentary 1,897120 0,000199
complimented 1,609438 0,000169
complimenting 2,813411 0,000295
compliments 0,916291 0,000096
comply 0,342490 0,000036
compose 0,916291 0,000096
composed 0,328504 0,000034
composedly 2,040221 0,000214
composition 0,820981 0,000086
composure 1,049822 0,000110
compound 1,237874 0,000130
comprehend 0,616186 0,000065
comprehended 0,967584 0,000101
comprehending 1,560648 0,000164
comprehension 1,203973 0,000126
comprehensive 1,237874 0,000130
compress 2,659260 0,000279
compressed 0,342490 0,000036
comprised 1,560648 0,000164
comprising 2,120264 0,000222
compromise 1,347074 0,000141
compromised 1,660731 0,000174
compromising 2,120264 0,000222
computation 1,660731 0,000174
comrade 0,967584 0,000101
conceal 0,301105 0,000032
concealed 0,415515 0,000044
concealment 1,108663 0,000116
conceded 1,660731 0,000174
conceding 3,506558 0,000368
conceited 1,139434 0,000119
conceitedly 3,506558 0,000368
conceive 0,544727 0,000057
conceived 0,462035 0,000048
concentrated 0,867501 0,000091
concentrating 2,207275 0,000231
concentration 1,771957 0,000186
conception 0,653926 0,000069
concern 0,430783 0,000045
concerned 0,287682 0,000030
concerns 0,820981 0,000086
concert 1,139434 0,000119
concerts 1,897120 0,000199
concession 1,771957 0,000186
conciliate 2,207275 0,000231
conciliatory 2,120264 0,000222
conclude 0,843970 0,000089
concluded 0,356675 0,000037
concluding 1,272966 0,000133
conclusion 0,235722 0,000025
conclusions 0,916291 0,000096
conclusive 1,427116 0,000150
conclusively 2,207275 0,000231
concourse 1,897120 0,000199
concrete 1,897120 0,000199
concurred 2,207275 0,000231
concussion 1,771957 0,000186
condemnation 1,347074 0,000141
condemned 0,653926 0,000069
condescend 1,469676 0,000154
condescending 1,771957 0,000186
condescension 1,309333 0,000137
condition 0,094311 0,000010
conditions 0,342490 0,000036
conduced 2,407946 0,000253
conduct 0,198451 0,000021
conducted 0,415515 0,000044
conducting 1,108663 0,000116
conductor 1,108663 0,000116
conductress 2,659260 0,000279
confectioner 2,659260 0,000279
conference 1,272966 0,000133
confess 0,198451 0,000021
confessed 0,579818 0,000061
confession 0,579818 0,000061
confessions 1,714798 0,000180
confide 1,309333 0,000137
confided 1,237874 0,000130
confidence 0,139262 0,000015
confidences 1,514128 0,000159
confident 0,510826 0,000054
confidential 1,021651 0,000107
confidentially 1,897120 0,000199
confides 2,659260 0,000279
confiding 1,386294 0,000145
confined 0,385662 0,000040
confinement 1,139434 0,000119
confirmatory 3,218876 0,000338
confirmed 0,174353 0,000018
conflagration 1,469676 0,000154
conflict 0,693147 0,000073
confound 0,733969 0,000077
confounded 0,693147 0,000073
confounding 1,897120 0,000199
confront 1,660731 0,000174
confronted 1,021651 0,000107
confronting 1,966113 0,000206
confused 0,248461 0,000026
confusedly 1,660731 0,000174
confuses 2,813411 0,000295
confusion 0,301105 0,000032
confute 2,813411 0,000295
congelation 3,912023 0,000410
congratulate 1,078810 0,000113
congratulated 1,469676 0,000154
congratulating 1,714798 0,000180
congratulations 1,714798 0,000180
congregation 1,309333 0,000137
conjectures 1,078810 0,000113
conjugate 3,912023 0,000410
conjunction 1,272966 0,000133
connect 1,347074 0,000141
connected 0,415515 0,000044
connection 0,462035 0,000048
connubial 2,813411 0,000295
conquered 0,798508 0,000084
conquest 0,967584 0,000101
conscience 0,314711 0,000033
conscientious 1,272966 0,000133
conscious 0,314711 0,000033
consciously 1,469676 0,000154
consciousness 0,371064 0,000039
consent 0,328504 0,000034
consented 0,562119 0,000059
consequence 0,328504 0,000034
consequences 0,371064 0,000039
consequent 1,203973 0,000126
conservatory 2,525729 0,000265
considerable 0,105361 0,000011
considerably 0,776529 0,000081
considerate 1,469676 0,000154
consideration 0,274437 0,000029
considerations 0,891598 0,000093
consigned 1,427116 0,000150
consisted 0,562119 0,000059
consistent 0,798508 0,000084
consisting 0,916291 0,000096
consolation 0,713350 0,000075
consolatory 2,207275 0,000231
consorted 2,407946 0,000253
conspiracy 1,171183 0,000123
constable 1,427116 0,000150
constables 2,407946 0,000253
constancy 1,347074 0,000141
constant 0,051293 0,000005
constantly 0,371064 0,000039
consternation 1,021651 0,000107
constituted 1,049822 0,000110
constitution 0,843970 0,000089
constitutional 1,469676 0,000154
constitutionally 3,506558 0,000368
constrainedly 3,506558 0,000368
constraint 1,272966 0,000133
constructed 0,867501 0,000091
construction 0,755023 0,000079
construe 2,525729 0,000265
consult 0,579818 0,000061
consultation 0,994252 0,000104
consulted 0,673345 0,000071
consume 1,108663 0,000116
consumed 0,634878 0,000067
consuming 1,171183 0,000123
contaminated 2,995732 0,000314
contemplate 0,994252 0,000104
contemplated 1,078810 0,000113
contemplating 1,139434 0,000119
contemplation 0,527633 0,000055
contempt 0,446287 0,000047
contemptible 1,078810 0,000113
contemptuous 1,049822 0,000110
contemptuously 1,237874 0,000130
contended 1,469676 0,000154
contending 1,309333 0,000137
content 0,186330 0,000020
contented 0,400478 0,000042
contention 1,309333 0,000137
contents 0,094311 0,000010
contest 1,021651 0,000107
contiguous 1,897120 0,000199
contingent 1,714798 0,000180
continue 0,261365 0,000027
continued 0,072571 0,000008
continuing 0,755023 0,000079
contract 0,261365 0,000027
contracted 0,755023 0,000079
contraction 1,660731 0,000174
contradicted 1,309333 0,000137
contradiction 0,967584 0,000101
contradictory 1,272966 0,000133
contrary 0,198451 0,000021
contrast 0,494296 0,000052
contrasted 1,171183 0,000123
contrasting 1,771957 0,000186
contributed 0,843970 0,000089
contrite 2,120264 0,000222
contrition 2,120264 0,000222
contrivance 1,514128 0,000159
contrived 0,713350 0,000075
contriver 3,218876 0,000338
contriving 1,966113 0,000206
control 0,314711 0,000033
contumaciously 3,506558 0,000368
convenience 0,755023 0,000079
convenient 0,462035 0,000048
conveniently 1,203973 0,000126
conventional 1,347074 0,000141
conventionally 2,525729 0,000265
conversation 0,186330 0,000020
conversational 2,120264 0,000222
conversations 0,891598 0,000093
conversed 1,203973 0,000126
conversing 0,967584 0,000101
converting 1,560648 0,000164
convey 0,544727 0,000057
conveyed 0,634878 0,000067
conveying 1,272966 0,000133
convict 1,272966 0,000133
convicted 1,469676 0,000154
conviction 0,462035 0,000048
convicts 2,207275 0,000231
convince 0,634878 0,000067
convinced 0,287682 0,000030
convincing 1,108663 0,000116
convulsive 1,272966 0,000133
cooing 2,302585 0,000241
cook 0,430783 0,000045
cooked 0,916291 0,000096
cool 0,314711 0,000033
cooling 1,272966 0,000133
coolly 1,021651 0,000107
coolness 1,171183 0,000123
coopering 3,912023 0,000410
copious 1,386294 0,000145
copper 0,798508 0,000084
coppersmith 3,506558 0,000368
cordial 1,078810 0,000113
cordiality 1,771957 0,000186
cordially 1,237874 0,000130
corduroys 3,912023 0,000410
coriolanus 2,995732 0,000314
cork 1,386294 0,000145
corn 0,579818 0,000061
corner 0,127833 0,000013
cornered 1,832581 0,000192
corners 0,430783 0,000045
coroner 2,207275 0,000231
coronets 3,218876 0,000338
corpse 0,693147 0,000073
correct 0,385662 0,000040
correcting 1,560648 0,000164
correction 1,203973 0,000126
corresponded 1,660731 0,000174
correspondence 0,820981 0,000086
correspondent 1,272966 0,000133
corroborated 1,897120 0,000199
corrugated 2,407946 0,000253
corrupted 1,171183 0,000123
cosey 3,912023 0,000410
cost 0,105361 0,000011
costs 0,287682 0,000030
cot 1,897120 0,000199
cottage 0,798508 0,000084
cotton 0,891598 0,000093
cough 0,994252 0,000104
coughed 1,469676 0,000154
coughing 1,309333 0,000137
coughs 2,659260 0,000279
council 0,713350 0,000075
councils 1,514128 0,000159
counsel 0,527633 0,000055
counsellor 1,427116 0,000150
counsels 1,237874 0,000130
count 0,248461 0,000026
counted 0,527633 0,000055
countenance 0,415515 0,000044
countenances 1,237874 0,000130
counter 0,843970 0,000089
counteraction 3,912023 0,000410
counterpart 1,714798 0,000180
counterweights 3,912023 0,000410
counting 0,693147 0,000073
country 0,010050 0,000001
countryside 1,832581 0,000192
county 0,941609 0,000099
couple 0,287682 0,000030
couplet 2,525729 0,000265
coupling 2,407946 0,000253
courage 0,150823 0,000016
coursers 2,407946 0,000253
court 0,127833 0,000013
courtier 1,966113 0,000206
courting 1,560648 0,000164
courts 0,544727 0,000057
courtyard 1,560648 0,000164
cousin 0,755023 0,000079
cove 1,832581 0,000192
covent 2,207275 0,000231
cover 0,261365 0,000027
covered 0,139262 0,000015
covering 0,446287 0,000047
coverlet 1,714798 0,000180
covers 0,820981 0,000086
coward 0,994252 0,000104
cowardice 0,994252 0,000104
cowardly 0,994252 0,000104
cowering 1,832581 0,000192
crack 0,820981 0,000086
cracked 0,843970 0,000089
crackers 2,207275 0,000231
cracking 1,386294 0,000145
cracks 1,609438 0,000169
cracksmen 3,506558 0,000368
cradle 1,108663 0,000116
craft 0,755023 0,000079
crammed 1,560648 0,000164
cramming 2,813411 0,000295
cravat 1,714798 0,000180
crawling 0,941609 0,000099
crazy 0,916291 0,000096
creak 1,560648 0,000164
creaking 1,347074 0,000141
creamy 2,407946 0,000253
creation 0,235722 0,000025
creature 0,174353 0,000018
creatures 0,235722 0,000025
credence 2,407946 0,000253
credentials 2,207275 0,000231
credit 0,094311 0,000010
creditor 1,714798 0,000180
creditors 1,609438 0,000169
creek 1,514128 0,000159
creep 0,820981 0,000086
creeping 0,634878 0,000067
crept 0,494296 0,000052
crestfallen 1,771957 0,000186
crevice 1,832581 0,000192
crew 0,755023 0,000079
crib 2,407946 0,000253
cribbed 3,912023 0,000410
criers 2,995732 0,000314
crime 0,314711 0,000033
crimes 0,653926 0,000069
criminal 0,693147 0,000073
criminality 2,659260 0,000279
cringe 2,407946 0,000253
cringes 3,506558 0,000368
crippled 1,469676 0,000154
crisis 0,891598 0,000093
crisp 1,309333 0,000137
critical 0,235722 0,000025
crock 3,506558 0,000368
crockery 1,714798 0,000180
crook 1,771957 0,000186
crooked 0,755023 0,000079
crooning 2,995732 0,000314
cropping 2,659260 0,000279
cross 0,139262 0,000015
crossed 0,301105 0,000032
crossing 0,462035 0,000048
crouching 1,049822 0,000110
crow 1,272966 0,000133
crowd 0,198451 0,000021
crowded 0,301105 0,000032
crowding 1,108663 0,000116
crowing 2,120264 0,000222
crown 0,314711 0,000033
crowned 0,867501 0,000091
crowning 1,272966 0,000133
crows 1,609438 0,000169
cruel 0,261365 0,000027
cruelty 0,478036 0,000050
cruet 2,813411 0,000295
crumb 1,966113 0,000206
crumble 2,040221 0,000214
crumbs 1,771957 0,000186
crumpled 1,309333 0,000137
crunching 2,407946 0,000253
crusaders 2,659260 0,000279
crush 0,967584 0,000101
crushed 0,544727 0,000057
crushing 0,843970 0,000089
crust 1,309333 0,000137
crutch 2,207275 0,000231
crutched 3,912023 0,000410
crutches 2,302585 0,000241
crying 1,560648 0,000164
cucumber 2,302585 0,000241
cucumbers 2,302585 0,000241
cuff 1,660731 0,000174
cuffs 1,609438 0,000169
culminated 2,207275 0,000231
culprit 1,560648 0,000164
culprits 2,207275 0,000231
cultivated 0,693147 0,000073
cumbered 2,995732 0,000314
cunning 0,462035 0,000048
cup 0,385662 0,000040
cupboard 1,139434 0,000119
cupid 1,832581 0,000192
cupidity 1,897120 0,000199
cups 0,820981 0,000086
curator 2,995732 0,000314
curiosities 1,386294 0,000145
curiosity 0,223144 0,000023
curious 0,261365 0,000027
curiously 0,776529 0,000081
curls 1,139434 0,000119
curly 1,171183 0,000123
currant 2,207275 0,000231
current 0,127833 0,000013
curse 0,510826 0,000054
cursed 0,510826 0,000054
curses 0,867501 0,000091
curtain 0,616186 0,000065
curtains 0,579818 0,000061
curtly 2,207275 0,000231
cushion 1,347074 0,000141
cushioned 2,120264 0,000222
cushions 1,237874 0,000130
custody 1,560648 0,000164
custom 0,210721 0,000022
customary 0,653926 0,000069
customs 0,713350 0,000075
cut 0,040822 0,000004
cutlets 2,302585 0,000241
cutting 0,415515 0,000044
dab 2,813411 0,000295
daily 0,248461 0,000026
daintily 2,207275 0,000231
dale 1,832581 0,000192
damage 0,261365 0,000027
damaged 0,356675 0,000037
damaging 1,966113 0,000206
damn 1,309333 0,000137
damnatory 3,912023 0,000410
damp 0,415515 0,000044
damsel 1,427116 0,000150
dance 0,356675 0,000037
danced 0,653926 0,000069
dances 1,139434 0,000119
dancing 0,371064 0,000039
dandling 2,995732 0,000314
danger 0,116534 0,000012
dangerous 0,150823 0,000016
dangers 0,597837 0,000063
dangling 1,139434 0,000119
danish 2,659260 0,000279
daring 0,843970 0,000089
dark 0,051293 0,000005
darkened 0,755023 0,000079
darkening 1,514128 0,000159
darker 0,916291 0,000096
darkest 1,427116 0,000150
darkly 1,237874 0,000130
darkness 0,186330 0,000020
darling 0,916291 0,000096
darn 2,813411 0,000295
darted 0,776529 0,000081
dash 0,673345 0,000071
dashed 0,616186 0,000065
dashes 1,660731 0,000174
daughter 0,261365 0,000027
dawn 0,478036 0,000050
dawned 1,049822 0,000110
dawning 1,469676 0,000154
day 0,000000 0,000000
daylight 0,446287 0,000047
days 0,020203 0,000002
dazed 1,427116 0,000150
dead 0,072571 0,000008
deaden 2,302585 0,000241
deadened 2,040221 0,000214
deadly 0,478036 0,000050
deaf 0,634878 0,000067
deal 0,105361 0,000011
dealt 0,597837 0,000063
dean 2,207275 0,000231
dearly 0,776529 0,000081
death 0,020203 0,000002
debate 1,347074 0,000141
debated 1,832581 0,000192
debates 2,207275 0,000231
debating 1,966113 0,000206
debilitating 3,912023 0,000410
debt 0,693147 0,000073
debtors 2,120264 0,000222
debts 0,867501 0,000091
decanted 3,506558 0,000368
decanter 1,714798 0,000180
decanters 2,207275 0,000231
decay 0,634878 0,000067
decayed 1,203973 0,000126
decease 1,609438 0,000169
deceased 1,078810 0,000113
deceive 0,527633 0,000055
deceiving 1,203973 0,000126
december 0,562119 0,000059
decent 0,693147 0,000073
decide 0,274437 0,000029
decided 0,186330 0,000020
decidedly 0,867501 0,000091
decisive 0,867501 0,000091
decisively 1,897120 0,000199
deck 0,733969 0,000077
declamation 2,525729 0,000265
declaration 0,994252 0,000104
declare 0,342490 0,000036
declared 0,210721 0,000022
declaring 0,891598 0,000093
decline 0,673345 0,000071
declined 0,776529 0,000081
declining 1,272966 0,000133
decorated 1,021651 0,000107
decorating 2,525729 0,000265
deduced 1,832581 0,000192
deed 0,478036 0,000050
deeds 0,527633 0,000055
deem 1,237874 0,000130
deemed 0,755023 0,000079
deeming 2,040221 0,000214
deep 0,051293 0,000005
deepening 1,660731 0,000174
deeper 0,328504 0,000034
deepest 0,673345 0,000071
deeply 0,261365 0,000027
deer 0,867501 0,000091
defaced 1,771957 0,000186
defeat 0,916291 0,000096
defeated 1,021651 0,000107
defence 0,597837 0,000063
defenceless 1,897120 0,000199
defences 1,897120 0,000199
defend 0,400478 0,000042
defended 0,653926 0,000069
deferential 2,207275 0,000231
deferred 1,386294 0,000145
defiance 0,713350 0,000075
defiant 1,469676 0,000154
deficiencies 1,714798 0,000180
deficiency 1,469676 0,000154
deficient 1,272966 0,000133
define 1,272966 0,000133
definite 0,755023 0,000079
definition 1,272966 0,000133
defy 1,139434 0,000119
degradation 1,108663 0,000116
degraded 1,049822 0,000110
degrading 1,386294 0,000145
degree 0,198451 0,000021
degrees 0,446287 0,000047
dejected 1,021651 0,000107
dejectedly 2,407946 0,000253
dejection 1,386294 0,000145
delay 0,287682 0,000030
delegated 2,207275 0,000231
deliberate 0,755023 0,000079
deliberated 2,302585 0,000241
deliberately 0,693147 0,000073
deliberation 1,171183 0,000123
deliberations 2,525729 0,000265
delicacy 0,713350 0,000075
delicate 0,301105 0,000032
delicately 1,171183 0,000123
delicious 0,713350 0,000075
delight 0,162519 0,000017
delighted 0,287682 0,000030
delightedly 2,407946 0,000253
delightful 0,478036 0,000050
delightfully 1,560648 0,000164
delights 0,820981 0,000086
delirious 1,386294 0,000145
deliver 0,494296 0,000052
deliverance 0,941609 0,000099
delivered 0,342490 0,000036
delivering 1,427116 0,000150
delusion 1,078810 0,000113
demanded 0,400478 0,000042
demeanour 1,469676 0,000154
demonstrated 1,237874 0,000130
demonstration 1,386294 0,000145
denied 0,287682 0,000030
denmark 2,659260 0,000279
denoted 1,560648 0,000164
denounce 1,609438 0,000169
denounced 1,609438 0,000169
denouncer 3,506558 0,000368
denouncing 1,966113 0,000206
dense 0,776529 0,000081
dentist 2,525729 0,000265
denuded 2,525729 0,000265
denunciations 2,995732 0,000314
deny 0,301105 0,000032
depart 0,400478 0,000042
departed 0,356675 0,000037
departing 1,108663 0,000116
department 0,941609 0,000099
departure 0,430783 0,000045
depend 0,371064 0,000039
depended 0,653926 0,000069
dependence 1,309333 0,000137
dependent 0,843970 0,000089
depends 0,198451 0,000021
depose 2,302585 0,000241
deposed 1,897120 0,000199
deposit 1,427116 0,000150
deposited 1,021651 0,000107
depreciation 2,659260 0,000279
depreciatory 3,912023 0,000410
depressed 0,916291 0,000096
depressing 1,427116 0,000150
depression 0,967584 0,000101
depth 0,494296 0,000052
deputy 1,347074 0,000141
derision 1,108663 0,000116
derisively 2,525729 0,000265
derive 0,342490 0,000036
derived 0,248461 0,000026
descended 0,400478 0,000042
descried 1,771957 0,000186
description 0,274437 0,000029
descry 1,966113 0,000206
descrying 2,995732 0,000314
desert 0,430783 0,000045
deserted 0,385662 0,000040
deserting 1,560648 0,000164
deserve 0,430783 0,000045
deserved 0,634878 0,000067
deservedly 2,120264 0,000222
deserving 0,891598 0,000093
design 0,400478 0,000042
designation 1,714798 0,000180
designed 0,916291 0,000096
designing 1,771957 0,000186
designs 0,733969 0,000077
desirable 0,733969 0,000077
desire 0,072571 0,000008
desired 0,150823 0,000016
desiring 0,916291 0,000096
desirous 0,634878 0,000067
desisted 1,966113 0,000206
desk 0,891598 0,000093
desolate 0,820981 0,000086
desolation 0,941609 0,000099
despair 0,198451 0,000021
despairing 0,798508 0,000084
despairingly 1,966113 0,000206
despatch 1,560648 0,000164
despatched 1,560648 0,000164
desperate 0,328504 0,000034
desperately 0,843970 0,000089
desperation 0,867501 0,000091
despicable 1,469676 0,000154
despise 0,693147 0,000073
despised 0,562119 0,000059
despising 1,660731 0,000174
despondency 1,560648 0,000164
despondent 1,832581 0,000192
desponding 1,832581 0,000192
despotic 1,897120 0,000199
dessert 1,514128 0,000159
destination 1,078810 0,000113
destined 0,494296 0,000052
destiny 0,634878 0,000067
destroy 0,127833 0,000013
destroyed 0,274437 0,000029
destroyer 1,714798 0,000180
destruction 0,342490 0,000036
destructive 1,049822 0,000110
detach 0,446287 0,000047
detached 1,139434 0,000119
detaining 1,609438 0,000169
detect 0,994252 0,000104
detected 0,776529 0,000081
deteriorated 2,659260 0,000279
determination 0,634878 0,000067
determine 0,210721 0,000022
determined 0,174353 0,000018
determining 1,237874 0,000130
deterred 1,897120 0,000199
detestable 1,203973 0,000126
detestation 1,771957 0,000186
detested 1,237874 0,000130
detrimental 2,813411 0,000295
deuce 1,560648 0,000164
devastating 2,995732 0,000314
develop 1,237874 0,000130
developed 0,544727 0,000057
developing 1,386294 0,000145
development 0,755023 0,000079
deviate 2,120264 0,000222
device 0,755023 0,000079
devices 1,272966 0,000133
devil 0,356675 0,000037
devilish 1,237874 0,000130
devise 1,427116 0,000150
devised 1,171183 0,000123
devolved 1,771957 0,000186
devote 0,755023 0,000079
devoted 0,301105 0,000032
devotedly 2,120264 0,000222
devoting 1,660731 0,000174
devotion 0,510826 0,000054
devouring 1,078810 0,000113
devoutly 1,386294 0,000145
dexterity 1,560648 0,000164
dexterous 1,660731 0,000174
dexterously 2,040221 0,000214
diabolical 1,714798 0,000180
diadem 2,040221 0,000214
dialogue 1,203973 0,000126
dialogues 1,966113 0,000206
diamond 0,941609 0,000099
dickens 1,560648 0,000164
dictates 1,469676 0,000154
dictatorial 2,813411 0,000295
die 0,105361 0,000011
died 0,061875 0,000006
diet 1,078810 0,000113
difference 0,198451 0,000021
differences 0,820981 0,000086
difficult 0,116534 0,000012
difficulties 0,385662 0,000040
difficulty 0,139262 0,000015
diffidence 1,514128 0,000159
diffident 1,771957 0,000186
digestion 1,771957 0,000186
digger 2,302585 0,000241
dignified 0,755023 0,000079
dignitary 2,813411 0,000295
dignities 1,966113 0,000206
dignity 0,314711 0,000033
dike 3,218876 0,000338
dikes 2,995732 0,000314
dilapidated 1,660731 0,000174
dilated 1,660731 0,000174
diluting 3,912023 0,000410
dim 0,415515 0,000044
diminishing 1,386294 0,000145
dimly 0,867501 0,000091
dimmed 1,560648 0,000164
dimpled 2,120264 0,000222
dimples 2,302585 0,000241
din 1,203973 0,000126
dine 0,673345 0,000071
dined 0,967584 0,000101
diner 3,218876 0,000338
dines 2,040221 0,000214
dingiest 3,506558 0,000368
dining 0,510826 0,000054
dinner 0,198451 0,000021
dinners 1,108663 0,000116
dint 1,660731 0,000174
dints 3,506558 0,000368
dip 1,139434 0,000119
dipped 1,203973 0,000126
dipping 1,514128 0,000159
dire 1,347074 0,000141
direct 0,083382 0,000009
directed 0,287682 0,000030
directing 0,843970 0,000089
direction 0,083382 0,000009
directions 0,314711 0,000033
director 0,798508 0,000084
dirt 0,544727 0,000057
dirty 0,544727 0,000057
disable 2,995732 0,000314
disabled 1,714798 0,000180
disadvantage 0,994252 0,000104
disaffection 2,659260 0,000279
disagreeable 0,733969 0,000077
disagreeably 1,897120 0,000199
disagreed 2,207275 0,000231
disappear 0,891598 0,000093
disappeared 0,356675 0,000037
disappearing 1,347074 0,000141
disappointed 0,415515 0,000044
disappointment 0,462035 0,000048
disappointments 1,609438 0,000169
disarrangement 3,218876 0,000338
disaster 0,867501 0,000091
disastrous 1,108663 0,000116
discern 0,820981 0,000086
discernible 1,897120 0,000199
discharge 0,733969 0,000077
discharged 0,820981 0,000086
discharges 2,120264 0,000222
disclose 1,272966 0,000133
disclosed 0,867501 0,000091
discloses 2,525729 0,000265
disclosure 1,966113 0,000206
discomfited 1,966113 0,000206
discomfiture 1,660731 0,000174
discomposed 2,207275 0,000231
discomposure 2,813411 0,000295
disconcerted 1,386294 0,000145
disconsolately 2,813411 0,000295
discontent 1,021651 0,000107
discontented 1,078810 0,000113
discourage 1,427116 0,000150
discouragement 1,897120 0,000199
discouraging 1,714798 0,000180
discourse 0,597837 0,000063
discoursed 1,966113 0,000206
discover 0,083382 0,000009
discovered 0,051293 0,000005
discoveries 0,941609 0,000099
discovering 0,733969 0,000077
discovery 0,371064 0,000039
discreet 0,843970 0,000089
discrepancy 2,995732 0,000314
discretion 0,733969 0,000077
discrimination 1,897120 0,000199
discursive 2,659260 0,000279
discuss 0,673345 0,000071
discussed 0,820981 0,000086
discussing 0,916291 0,000096
discussion 0,673345 0,000071
discussions 1,309333 0,000137
disdain 0,867501 0,000091
disdainful 1,714798 0,000180
disdainfully 1,897120 0,000199
disease 0,371064 0,000039
diseased 1,237874 0,000130
disembodied 3,218876 0,000338
disengaged 1,171183 0,000123
disengaging 2,407946 0,000253
disfigured 1,469676 0,000154
disgorged 3,218876 0,000338
disgrace 0,510826 0,000054
disgraced 1,347074 0,000141
disgraceful 1,049822 0,000110
disgraces 2,813411 0,000295
disguise 0,562119 0,000059
disguised 0,867501 0,000091
disguising 1,832581 0,000192
disgust 0,446287 0,000047
disgusted 0,820981 0,000086
dish 0,755023 0,000079
disheartening 2,207275 0,000231
dishes 0,755023 0,000079
disinherited 2,525729 0,000265
disinterested 1,386294 0,000145
disinterestedness 2,120264 0,000222
dislike 0,616186 0,000065
dislocate 3,912023 0,000410
dismal 0,843970 0,000089
dismally 1,771957 0,000186
dismay 0,776529 0,000081
dismayed 1,272966 0,000133
dismiss 1,108663 0,000116
dismissed 0,597837 0,000063
dismissing 1,832581 0,000192
disorder 0,579818 0,000061
disordered 1,203973 0,000126
disordering 3,506558 0,000368
disorderly 1,469676 0,000154
disparagement 2,040221 0,000214
disparity 2,302585 0,000241
dispelled 1,771957 0,000186
dispense 1,347074 0,000141
dispersed 0,867501 0,000091
dispirited 1,771957 0,000186
displace 2,302585 0,000241
displaced 1,560648 0,000164
display 0,261365 0,000027
displayed 0,198451 0,000021
displaying 0,342490 0,000036
displease 1,309333 0,000137
displeasure 0,941609 0,000099
disposal 0,916291 0,000096
dispose 0,994252 0,000104
disposed 0,385662 0,000040
disposition 0,400478 0,000042
dispositions 1,469676 0,000154
disputatious 2,659260 0,000279
dispute 0,562119 0,000059
disputed 1,049822 0,000110
disputing 1,309333 0,000137
disquiet 1,560648 0,000164
disregarded 1,427116 0,000150
disregarding 2,207275 0,000231
disrespectful 1,832581 0,000192
dissatisfied 1,021651 0,000107
dissimilar 1,832581 0,000192
dissipated 1,078810 0,000113
dissociate 3,506558 0,000368
dissolve 1,560648 0,000164
dissolved 1,049822 0,000110
dissuading 2,659260 0,000279
distance 0,105361 0,000011
distant 0,162519 0,000017
distinct 0,301105 0,000032
distinctly 0,478036 0,000050
distinctness 1,469676 0,000154
distinguish 0,356675 0,000037
distinguishable 1,771957 0,000186
distinguished 0,301105 0,000032
distinguishing 1,078810 0,000113
distorted 1,049822 0,000110
distortions 2,525729 0,000265
distracted 0,798508 0,000084
distractedly 1,966113 0,000206
distraction 1,139434 0,000119
distraught 2,207275 0,000231
distress 0,274437 0,000029
distressed 0,673345 0,000071
distributed 0,248461 0,000026
district 0,843970 0,000089
distrust 0,891598 0,000093
distrustful 2,120264 0,000222
distrustfully 2,525729 0,000265
distrusts 2,995732 0,000314
disturbance 0,798508 0,000084
disturbed 0,356675 0,000037
disturbing 1,021651 0,000107
disused 2,407946 0,000253
ditch 1,108663 0,000116
ditches 1,609438 0,000169
ditty 2,659260 0,000279
dive 1,347074 0,000141
dived 1,660731 0,000174
diverged 2,659260 0,000279
divergence 3,218876 0,000338
divers 1,203973 0,000126
diversion 1,078810 0,000113
divert 1,139434 0,000119
diverted 0,941609 0,000099
diverts 2,659260 0,000279
divest 2,302585 0,000241
divested 1,832581 0,000192
divesting 3,218876 0,000338
divided 0,210721 0,000022
dividing 0,673345 0,000071
divined 1,203973 0,000126
divinely 1,609438 0,000169
diving 1,660731 0,000174
division 0,653926 0,000069
divorced 1,832581 0,000192
divulged 2,302585 0,000241
dock 1,771957 0,000186
docketed 3,506558 0,000368
docks 1,897120 0,000199
doctor 0,446287 0,000047
documentary 2,525729 0,000265
dodged 1,660731 0,000174
dodging 2,120264 0,000222
dog 0,261365 0,000027
dogged 1,514128 0,000159
doggedly 1,897120 0,000199
dogs 0,342490 0,000036
doings 0,967584 0,000101
doleful 1,427116 0,000150
dolefully 2,813411 0,000295
doll 1,560648 0,000164
dolt 2,995732 0,000314
dome 1,427116 0,000150
domestic 0,527633 0,000055
dominant 1,660731 0,000174
dominions 1,660731 0,000174
donkey 1,832581 0,000192
donor 2,995732 0,000314
doo 3,218876 0,000338
doomed 0,941609 0,000099
door 0,040822 0,000004
doors 0,105361 0,000011
doorstep 1,897120 0,000199
doorsteps 2,813411 0,000295
doorway 0,798508 0,000084
dormouse 2,995732 0,000314
dosed 3,218876 0,000338
dots 1,966113 0,000206
double 0,186330 0,000020
doubled 0,653926 0,000069
doubling 1,714798 0,000180
doubly 1,049822 0,000110
doubt 0,040822 0,000004
doubted 0,478036 0,000050
doubting 1,049822 0,000110
doubtless 0,430783 0,000045
doubts 0,494296 0,000052
dove 1,078810 0,000113
dover 1,897120 0,000199
dower 2,659260 0,000279
downcast 1,386294 0,000145
downfall 1,609438 0,000169
downhill 2,120264 0,000222
downright 1,272966 0,000133
downstairs 1,049822 0,000110
downstroke 3,912023 0,000410
doze 1,427116 0,000150
dozed 1,514128 0,000159
dozen 0,446287 0,000047
dozing 1,272966 0,000133
drafted 2,813411 0,000295
drag 0,579818 0,000061
dragged 0,462035 0,000048
dragging 0,673345 0,000071
draggled 2,525729 0,000265
dram 2,040221 0,000214
drama 1,203973 0,000126
dramatic 1,078810 0,000113
drank 0,371064 0,000039
draped 1,660731 0,000174
drat 2,659260 0,000279
draw 0,105361 0,000011
drawback 1,897120 0,000199
drawbridge 3,218876 0,000338
drawer 1,078810 0,000113
drawers 1,049822 0,000110
drawing 0,139262 0,000015
drawling 2,120264 0,000222
drawn 0,094311 0,000010
dread 0,371064 0,000039
dreaded 0,693147 0,000073
dreadful 0,342490 0,000036
dreadfully 1,021651 0,000107
dreads 2,040221 0,000214
dream 0,198451 0,000021
dreamed 0,562119 0,000059
dreaming 0,562119 0,000059
dreams 0,274437 0,000029
dreamy 1,347074 0,000141
drearily 2,040221 0,000214
dreary 0,713350 0,000075
dregs 1,714798 0,000180
dress 0,186330 0,000020
dressed 0,261365 0,000027
dresser 2,040221 0,000214
dresses 0,916291 0,000096
dressing 0,527633 0,000055
drew 0,162519 0,000017
dried 0,462035 0,000048
drier 2,659260 0,000279
drift 0,755023 0,000079
drifted 1,108663 0,000116
drifting 1,237874 0,000130
drily 2,302585 0,000241
drink 0,150823 0,000016
drinking 0,371064 0,000039
drinks 0,967584 0,000101
dripped 2,302585 0,000241
dripping 0,891598 0,000093
drive 0,186330 0,000020
drivelling 3,506558 0,000368
driven 0,127833 0,000013
driving 0,371064 0,000039
drizzle 2,995732 0,000314
drizzly 3,506558 0,000368
droll 1,609438 0,000169
drooped 1,347074 0,000141
drop 0,150823 0,000016
dropped 0,274437 0,000029
dropping 0,673345 0,000071
drops 0,544727 0,000057
drove 0,248461 0,000026
drown 0,820981 0,000086
drownded 2,995732 0,000314
drowned 0,616186 0,000065
drowsily 2,120264 0,000222
drudge 1,897120 0,000199
drudging 2,995732 0,000314
drugs 1,609438 0,000169
drum 1,203973 0,000126
drumsticks 2,813411 0,000295
drunk 0,415515 0,000044
drunkard 1,237874 0,000130
dry 0,127833 0,000013
dryer 3,506558 0,000368
drying 1,237874 0,000130
dryly 1,832581 0,000192
dubiously 2,659260 0,000279
duchess 1,660731 0,000174
dug 0,673345 0,000071
dull 0,174353 0,000018
dulness 1,832581 0,000192
duly 0,843970 0,000089
dumb 0,562119 0,000059
dunder 3,506558 0,000368
dunghill 2,407946 0,000253
dunstable 3,506558 0,000368
duration 1,078810 0,000113
durst 2,302585 0,000241
dusk 0,941609 0,000099
dust 0,174353 0,000018
dusting 2,040221 0,000214
dustman 3,506558 0,000368
dustpan 3,218876 0,000338
dusty 0,967584 0,000101
dutch 1,139434 0,000119
dutchmen 2,207275 0,000231
duties 0,356675 0,000037
dutifully 2,995732 0,000314
duty 0,083382 0,000009
dwelling 0,494296 0,000052
dwellings 1,514128 0,000159
dwelt 0,713350 0,000075
dwindled 1,771957 0,000186
dyes 2,407946 0,000253
dying 0,261365 0,000027
eager 0,210721 0,000022
eagerly 0,385662 0,000040
eagerness 0,544727 0,000057
eagle 0,891598 0,000093
ear 0,139262 0,000015
earn 0,891598 0,000093
earned 0,693147 0,000073
earnest 0,261365 0,000027
earnestly 0,415515 0,000044
earnestness 0,867501 0,000091
earnings 2,040221 0,000214
ears 0,105361 0,000011
earth 0,051293 0,000005
earthenware 2,040221 0,000214
earthwork 3,912023 0,000410
earthy 1,966113 0,000206
earwigs 3,912023 0,000410
ease 0,162519 0,000017
easier 0,385662 0,000040
easily 0,072571 0,000008
easing 2,659260 0,000279
east 0,235722 0,000025
eastern 0,733969 0,000077
eastward 1,203973 0,000126
easy 0,040822 0,000004
eat 0,083382 0,000009
eaten 0,446287 0,000047
eating 0,235722 0,000025
eats 1,078810 0,000113
ebb 1,469676 0,000154
eccentric 0,916291 0,000096
eccentrically 3,912023 0,000410
ecclesiastical 1,560648 0,000164
echo 0,713350 0,000075
echoed 0,798508 0,000084
echoing 1,660731 0,000174
ecod 3,218876 0,000338
economy 0,820981 0,000086
ecstasy 0,867501 0,000091
ecstatic 1,347074 0,000141
eddies 1,714798 0,000180
eddy 1,966113 0,000206
edge 0,210721 0,000022
edged 1,203973 0,000126
edges 0,867501 0,000091
edging 2,207275 0,000231
edifying 1,771957 0,000186
edition 0,287682 0,000030
educated 0,616186 0,000065
educating 2,120264 0,000222
education 0,446287 0,000047
educational 0,446287 0,000047
eel 1,966113 0,000206
effects 2,525729 0,000265
effectually 1,203973 0,000126
efficient 1,309333 0,000137
effort 0,094311 0,000010
efforts 0,139262 0,000015
egg 1,108663 0,000116
eggs 0,776529 0,000081
egress 2,040221 0,000214
eighteen 0,462035 0,000048
ejected 2,407946 0,000253
elaborate 0,891598 0,000093
elaborated 2,995732 0,000314
elapsed 0,967584 0,000101
elated 1,469676 0,000154
elbow 0,527633 0,000055
elbows 1,021651 0,000107
elder 0,478036 0,000050
elderly 0,843970 0,000089
elders 1,139434 0,000119
eldest 0,867501 0,000091
elect 0,328504 0,000034
election 1,309333 0,000137
elegance 0,994252 0,000104
elegant 0,634878 0,000067
elements 0,673345 0,000071
elephant 1,237874 0,000130
elephants 1,514128 0,000159
elevated 0,891598 0,000093
elevation 0,843970 0,000089
eliciting 2,813411 0,000295
elixir 2,813411 0,000295
elocution 2,407946 0,000253
elongated 2,207275 0,000231
elongation 3,912023 0,000410
eloquence 0,776529 0,000081
eluded 1,560648 0,000164
eluding 2,525729 0,000265
emancipation 1,771957 0,000186
embankment 1,966113 0,000206
embarked 1,469676 0,000154
embellishment 2,120264 0,000222
embodiment 1,897120 0,000199
embrace 0,462035 0,000048
embraced 0,562119 0,000059
embraces 1,049822 0,000110
embracing 0,867501 0,000091
embroidered 1,237874 0,000130
emerge 1,386294 0,000145
emerged 0,967584 0,000101
emergence 2,659260 0,000279
emergency 1,272966 0,000133
emigrant 2,302585 0,000241
eminently 1,469676 0,000154
emotion 0,494296 0,000052
emotional 1,171183 0,000123
emotions 0,755023 0,000079
emphasis 0,891598 0,000093
emphasised 2,995732 0,000314
emphatic 1,427116 0,000150
emphatically 1,203973 0,000126
employ 0,510826 0,000054
employer 1,560648 0,000164
employing 1,171183 0,000123
employment 0,579818 0,000061
empowered 1,966113 0,000206
enabled 0,430783 0,000045
enchanter 2,120264 0,000222
enchantment 1,272966 0,000133
encircled 1,427116 0,000150
enclosed 0,916291 0,000096
enclosing 1,714798 0,000180
encompassed 1,714798 0,000180
encounter 0,798508 0,000084
encountered 0,798508 0,000084
encourage 0,544727 0,000057
encouraged 0,527633 0,000055
encouragement 0,798508 0,000084
encouraging 0,798508 0,000084
encroached 2,525729 0,000265
encroaching 2,302585 0,000241
encrusting 3,506558 0,000368
encumber 2,302585 0,000241
encumbered 1,560648 0,000164
endanger 2,040221 0,000214
endangered 1,714798 0,000180
endearing 2,207275 0,000231
endeavour 0,867501 0,000091
endeavoured 1,139434 0,000119
endeavouring 1,078810 0,000113
endowed 0,820981 0,000086
endurance 0,891598 0,000093
endure 0,342490 0,000036
endured 0,673345 0,000071
enduring 0,994252 0,000104
enemies 0,314711 0,000033
enemy 0,174353 0,000018
energetic 1,078810 0,000113
energetically 1,714798 0,000180
energies 1,108663 0,000116
energy 0,415515 0,000044
engage 0,634878 0,000067
engaged 0,198451 0,000021
engagement 0,820981 0,000086
engagements 1,203973 0,000126
engaging 0,967584 0,000101
engender 2,302585 0,000241
engendered 1,660731 0,000174
engendering 2,813411 0,000295
engine 1,021651 0,000107
engineer 1,469676 0,000154
engines 1,078810 0,000113
england 0,385662 0,000040
english 0,094311 0,000010
englishman 0,916291 0,000096
engravings 1,897120 0,000199
engrossed 1,609438 0,000169
enhanced 1,966113 0,000206
enjoy 0,150823 0,000016
enjoyable 1,966113 0,000206
enjoyed 0,415515 0,000044
enjoying 0,579818 0,000061
enjoyment 0,634878 0,000067
enlarged 1,049822 0,000110
enlarging 1,832581 0,000192
enlighten 1,203973 0,000126
enlightened 0,820981 0,000086
enlightenment 1,714798 0,000180
enlist 1,832581 0,000192
enlisted 1,897120 0,000199
enormous 0,430783 0,000045
enrich 1,609438 0,000169
enriching 2,207275 0,000231
ensued 0,994252 0,000104
ensuing 1,427116 0,000150
ensure 1,514128 0,000159
entangled 1,237874 0,000130
enter 0,094311 0,000010
entered 0,051293 0,000005
entering 0,356675 0,000037
enterprising 1,609438 0,000169
entertain 0,597837 0,000063
entertained 0,616186 0,000065
entertainer 2,659260 0,000279
entertaining 0,941609 0,000099
entertainment 0,820981 0,000086
enthralling 2,995732 0,000314
enthusiastic 1,021651 0,000107
entire 0,274437 0,000029
entitled 0,733969 0,000077
entrance 0,210721 0,000022
entrap 2,813411 0,000295
entrapped 2,995732 0,000314
entreat 1,139434 0,000119
entreated 1,049822 0,000110
entreating 1,660731 0,000174
entreatingly 3,218876 0,000338
entries 1,966113 0,000206
entry 0,820981 0,000086
envied 1,021651 0,000107
envious 1,309333 0,000137
envy 0,527633 0,000055
envying 1,897120 0,000199
epergne 3,912023 0,000410
episode 1,108663 0,000116
epistle 1,832581 0,000192
epitaph 1,966113 0,000206
epsom 3,218876 0,000338
equal 0,174353 0,000018
equality 0,967584 0,000101
equalled 1,427116 0,000150
equally 0,223144 0,000023
equals 1,049822 0,000110
equipage 1,771957 0,000186
err 1,108663 0,000116
errand 0,820981 0,000086
errant 2,813411 0,000295
errors 0,248461 0,000026
erudition 2,207275 0,000231
escape 0,094311 0,000010
escaped 0,235722 0,000025
escort 1,021651 0,000107
escorted 1,139434 0,000119
escorting 1,966113 0,000206
especial 1,309333 0,000137
esquire 2,302585 0,000241
essex 2,302585 0,000241
est 1,309333 0,000137
establish 0,713350 0,000075
established 0,301105 0,000032
establishment 0,713350 0,000075
estate 0,510826 0,000054
esteem 0,494296 0,000052
estella 3,506558 0,000368
estimable 1,560648 0,000164
estimate 0,867501 0,000091
eternal 0,415515 0,000044
eternity 0,693147 0,000073
europe 0,510826 0,000054
evade 1,609438 0,000169
evading 2,040221 0,000214
evaporated 2,659260 0,000279
evasion 1,897120 0,000199
evasively 2,040221 0,000214
eve 0,673345 0,000071
evening 0,083382 0,000009
evenings 0,798508 0,000084
event 0,342490 0,000036
eventful 1,897120 0,000199
events 0,223144 0,000023
eventually 1,171183 0,000123
evidence 0,261365 0,000027
evident 0,356675 0,000037
evidently 0,371064 0,000039
evil 0,162519 0,000017
evincing 2,207275 0,000231
evoked 1,897120 0,000199
exact 0,287682 0,000030
exacted 1,514128 0,000159
exacting 1,272966 0,000133
exaggerate 1,469676 0,000154
exaggerated 0,843970 0,000089
exaggeration 1,309333 0,000137
exaltation 1,714798 0,000180
exalted 0,673345 0,000071
examination 0,385662 0,000040
examinations 1,560648 0,000164
examine 0,400478 0,000042
examined 0,356675 0,000037
examining 0,446287 0,000047
exasperated 1,386294 0,000145
exasperating 1,832581 0,000192
excavation 2,659260 0,000279
exceeded 1,021651 0,000107
exceeding 0,916291 0,000096
exceedingly 0,462035 0,000048
excellence 1,049822 0,000110
excellent 0,150823 0,000016
exception 0,544727 0,000057
exceptional 1,386294 0,000145
exceptionally 1,897120 0,000199
excess 0,653926 0,000069
excessive 0,597837 0,000063
exchange 0,342490 0,000036
exchanged 0,579818 0,000061
exchanging 1,347074 0,000141
excitable 1,771957 0,000186
excited 0,248461 0,000026
excitement 0,430783 0,000045
exclaimed 0,494296 0,000052
exclaiming 1,139434 0,000119
exclamation 0,994252 0,000104
exclamations 1,272966 0,000133
excluded 0,967584 0,000101
exclusion 0,371064 0,000039
excommunicated 2,302585 0,000241
excrescence 2,813411 0,000295
excusable 2,120264 0,000222
excusably 3,506558 0,000368
excuse 0,174353 0,000018
excuses 1,078810 0,000113
execrated 2,659260 0,000279
execrating 3,912023 0,000410
execute 0,941609 0,000099
executed 0,733969 0,000077
execution 0,597837 0,000063
executioner 1,560648 0,000164
exemplary 1,660731 0,000174
exemplified 2,659260 0,000279
exercise 0,287682 0,000030
exercises 0,891598 0,000093
exertions 1,139434 0,000119
exhaled 2,040221 0,000214
exhausted 0,400478 0,000042
exhausting 1,609438 0,000169
exhaustion 1,021651 0,000107
exhibit 0,967584 0,000101
exhibited 0,891598 0,000093
exhibiting 1,347074 0,000141
exhibition 1,139434 0,000119
exhibitor 3,912023 0,000410
exhorted 1,832581 0,000192
exile 0,891598 0,000093
exist 0,342490 0,000036
existence 0,162519 0,000017
existences 2,302585 0,000241
existing 0,891598 0,000093
exonerated 3,506558 0,000368
exordium 2,407946 0,000253
expand 1,771957 0,000186
expanded 1,427116 0,000150
expanse 1,139434 0,000119
expansion 1,771957 0,000186
expatriated 3,218876 0,000338
expect 0,186330 0,000020
expectancy 2,302585 0,000241
expectant 1,427116 0,000150
expectation 0,462035 0,000048
expectations 0,916291 0,000096
expected 0,105361 0,000011
expecting 0,510826 0,000054
expectorating 3,912023 0,000410
expedition 0,776529 0,000081
expeditions 1,514128 0,000159
expending 2,407946 0,000253
expenditure 1,469676 0,000154
expense 0,150823 0,000016
expenses 0,210721 0,000022
expensive 0,843970 0,000089
expensively 2,813411 0,000295
experience 0,083382 0,000009
experienced 0,356675 0,000037
experiences 0,755023 0,000079
experimental 1,560648 0,000164
explain 0,186330 0,000020
explained 0,248461 0,000026
explainer 3,912023 0,000410
explaining 0,733969 0,000077
explanation 0,139262 0,000015
explanations 0,994252 0,000104
explanatory 1,771957 0,000186
explicit 1,347074 0,000141
exploding 2,407946 0,000253
explore 1,078810 0,000113
explored 1,469676 0,000154
expose 0,755023 0,000079
exposed 0,301105 0,000032
exposition 1,714798 0,000180
expostulatory 3,912023 0,000410
exposure 1,139434 0,000119
expounded 2,040221 0,000214
express 0,127833 0,000013
expressed 0,274437 0,000029
expresses 1,139434 0,000119
expressing 0,713350 0,000075
expression 0,127833 0,000013
expressive 0,733969 0,000077
expressly 0,820981 0,000086
exquisite 0,673345 0,000071
extend 0,867501 0,000091
extended 0,446287 0,000047
extending 0,820981 0,000086
extension 1,427116 0,000150
extensive 0,798508 0,000084
extensively 2,525729 0,000265
extent 0,083382 0,000009
extenuated 2,995732 0,000314
extenuating 2,525729 0,000265
externally 1,771957 0,000186
extinct 1,108663 0,000116
extinguished 0,693147 0,000073
extort 1,897120 0,000199
extorted 1,714798 0,000180
extra 0,843970 0,000089
extract 1,078810 0,000113
extracted 1,203973 0,000126
extraordinarily 1,714798 0,000180
extraordinary 0,371064 0,000039
extravagant 0,916291 0,000096
extravagantly 2,525729 0,000265
extreme 0,235722 0,000025
extremely 0,385662 0,000040
extremities 1,386294 0,000145
extremity 0,867501 0,000091
extricate 1,660731 0,000174
exuberant 1,966113 0,000206
exult 2,120264 0,000222
exultant 1,897120 0,000199
exultingly 2,525729 0,000265
eye 0,030459 0,000003
eyebrow 2,120264 0,000222
eyebrows 0,798508 0,000084
eyed 0,597837 0,000063
eyeing 1,714798 0,000180
eyelids 0,916291 0,000096
eyes 0,010050 0,000001
eyesight 1,771957 0,000186
fabulous 1,237874 0,000130
facetious 1,897120 0,000199
faded 0,653926 0,000069
fading 0,967584 0,000101
fail 0,235722 0,000025
failed 0,198451 0,000021
failing 0,562119 0,000059
failings 2,120264 0,000222
failure 0,446287 0,000047
failures 1,514128 0,000159
fain 0,967584 0,000101
faint 0,261365 0,000027
faintest 1,237874 0,000130
fainting 0,776529 0,000081
faintly 0,713350 0,000075
fair 0,051293 0,000005
fairy 1,078810 0,000113
faith 0,210721 0,000022
faithful 0,261365 0,000027
faithfully 0,755023 0,000079
fall 0,020203 0,000002
fallen 0,083382 0,000009
falling 0,083382 0,000009
falls 0,328504 0,000034
false 0,210721 0,000022
falser 3,912023 0,000410
faltered 1,347074 0,000141
faltering 1,272966 0,000133
familiar 0,150823 0,000016
familiarity 0,891598 0,000093
family 0,072571 0,000008
famous 0,261365 0,000027
famously 2,659260 0,000279
fancied 0,579818 0,000061
fancier 2,995732 0,000314
fancies 0,733969 0,000077
fanciful 1,272966 0,000133
fancy 0,198451 0,000021
fancying 1,427116 0,000150
fangs 1,660731 0,000174
fanny 2,302585 0,000241
fantastic 0,798508 0,000084
farewell 0,673345 0,000071
farinaceous 3,218876 0,000338
faring 2,120264 0,000222
farm 0,798508 0,000084
farmer 0,867501 0,000091
farmers 0,994252 0,000104
farthing 1,347074 0,000141
farthingale 3,218876 0,000338
fascinated 1,309333 0,000137
fashion 0,174353 0,000018
fashionable 0,916291 0,000096
fashioned 0,446287 0,000047
fashions 1,386294 0,000145
fast 0,061875 0,000006
fastened 0,616186 0,000065
fastenings 1,966113 0,000206
faster 0,562119 0,000059
fasts 2,040221 0,000214
fat 0,314711 0,000033
fatal 0,342490 0,000036
fate 0,174353 0,000018
father 0,072571 0,000008
fathers 0,478036 0,000050
fatigued 1,203973 0,000126
fatigues 1,714798 0,000180
fatten 1,966113 0,000206
fatty 3,506558 0,000368
fault 0,162519 0,000017
faults 0,693147 0,000073
favour 0,579818 0,000061
favourable 0,776529 0,000081
favoured 1,021651 0,000107
favouring 1,966113 0,000206
favourite 0,653926 0,000069
favours 1,272966 0,000133
fawned 2,302585 0,000241
fawners 3,912023 0,000410
fawning 1,714798 0,000180
fealty 3,506558 0,000368
fear 0,020203 0,000002
feared 0,235722 0,000025
fearful 0,400478 0,000042
fearfullest 3,912023 0,000410
fearfully 1,049822 0,000110
fearing 0,673345 0,000071
fears 0,274437 0,000029
feasible 1,832581 0,000192
feast 0,544727 0,000057
feather 0,820981 0,000086
feathers 0,673345 0,000071
feats 1,272966 0,000133
feature 0,562119 0,000059
features 0,328504 0,000034
february 0,820981 0,000086
fed 0,371064 0,000039
feeble 0,371064 0,000039
feebleness 1,832581 0,000192
feebler 2,040221 0,000214
feebly 0,843970 0,000089
feed 0,462035 0,000048
feeding 0,616186 0,000065
feel 0,020203 0,000002
feeling 0,105361 0,000011
feelingly 2,302585 0,000241
feelings 0,314711 0,000033
fees 0,415515 0,000044
feet 0,061875 0,000006
feign 1,714798 0,000180
feigned 1,139434 0,000119
feint 2,120264 0,000222
felicitous 2,995732 0,000314
fell 0,051293 0,000005
felled 1,309333 0,000137
fellow 0,051293 0,000005
fellows 0,287682 0,000030
felon 2,659260 0,000279
felonious 3,506558 0,000368
felons 2,207275 0,000231
felony 2,407946 0,000253
female 0,385662 0,000040
feminine 1,049822 0,000110
fence 0,891598 0,000093
fenced 1,609438 0,000169
fencing 1,966113 0,000206
fend 2,995732 0,000314
fender 1,714798 0,000180
fenders 3,912023 0,000410
fermenting 3,506558 0,000368
ferocious 1,203973 0,000126
ferocity 1,237874 0,000130
fervent 1,021651 0,000107
fervently 1,427116 0,000150
fervor 2,302585 0,000241
festival 1,139434 0,000119
festive 1,514128 0,000159
festivities 1,832581 0,000192
festoon 2,995732 0,000314
festooned 2,302585 0,000241
fetch 0,616186 0,000065
fetched 0,941609 0,000099
fetter 2,120264 0,000222
fetters 1,309333 0,000137
fever 0,371064 0,000039
feverish 0,843970 0,000089
fiction 0,891598 0,000093
fidelity 0,967584 0,000101
fidgety 2,407946 0,000253
field 0,150823 0,000016
fields 0,287682 0,000030
fiend 1,171183 0,000123
fiendishly 2,813411 0,000295
fierce 0,478036 0,000050
fiercely 0,776529 0,000081
fiery 0,713350 0,000075
fight 0,162519 0,000017
fighting 0,342490 0,000036
fights 0,916291 0,000096
figure 0,072571 0,000008
figures 0,248461 0,000026
file 0,235722 0,000025
filed 1,469676 0,000154
filing 2,207275 0,000231
film 1,714798 0,000180
filth 1,139434 0,000119
fin 2,207275 0,000231
final 0,342490 0,000036
finally 0,150823 0,000016
finch 3,912023 0,000410
finches 3,506558 0,000368
fine 0,072571 0,000008
finely 1,171183 0,000123
finer 1,021651 0,000107
finest 0,494296 0,000052
finger 0,261365 0,000027
fingers 0,235722 0,000025
finish 0,314711 0,000033
finished 0,162519 0,000017
finishing 0,843970 0,000089
firelight 1,660731 0,000174
fireplace 1,108663 0,000116
fireside 1,714798 0,000180
firework 3,218876 0,000338
firing 1,660731 0,000174
firm 0,274437 0,000029
firmly 0,342490 0,000036
firstly 1,897120 0,000199
fish 0,314711 0,000033
fished 2,040221 0,000214
fishily 3,912023 0,000410
fishing 0,755023 0,000079
fishy 2,659260 0,000279
fist 0,713350 0,000075
fit 0,061875 0,000006
fitful 2,040221 0,000214
fitfully 1,966113 0,000206
fits 0,634878 0,000067
fitted 0,261365 0,000027
fitting 0,510826 0,000054
fixed 1,272966 0,000133
fixture 2,407946 0,000253
flabby 2,040221 0,000214
flaccid 3,218876 0,000338
flag 0,891598 0,000093
flags 1,203973 0,000126
flagstaff 2,995732 0,000314
flakes 1,609438 0,000169
flame 0,400478 0,000042
flames 0,616186 0,000065
flaming 0,820981 0,000086
flannel 1,609438 0,000169
flap 1,560648 0,000164
flapped 1,714798 0,000180
flapping 1,309333 0,000137
flare 1,966113 0,000206
flared 1,832581 0,000192
flaring 1,514128 0,000159
flash 0,510826 0,000054
flashed 0,693147 0,000073
flashes 1,078810 0,000113
flashing 0,820981 0,000086
flask 1,832581 0,000192
flat 0,248461 0,000026
flatly 1,660731 0,000174
flats 1,897120 0,000199
flatter 0,713350 0,000075
flattered 0,843970 0,000089
flattering 0,798508 0,000084
flavour 1,514128 0,000159
flawed 3,912023 0,000410
flaxen 1,660731 0,000174
flay 1,966113 0,000206
fledged 2,040221 0,000214
fledgling 3,218876 0,000338
fleet 0,776529 0,000081
fleeter 3,218876 0,000338
flew 0,314711 0,000033
flickering 1,108663 0,000116
flies 0,579818 0,000061
flight 0,314711 0,000033
flighty 2,207275 0,000231
fling 0,967584 0,000101
flinging 1,203973 0,000126
flint 1,237874 0,000130
flints 2,302585 0,000241
flip 2,813411 0,000295
flit 1,832581 0,000192
floating 0,597837 0,000063
flock 0,653926 0,000069
floor 0,186330 0,000020
floorcloth 3,912023 0,000410
floors 1,309333 0,000137
flounce 2,995732 0,000314
flounder 2,659260 0,000279
floundering 1,660731 0,000174
flour 1,078810 0,000113
flourish 0,994252 0,000104
flourishing 1,021651 0,000107
flow 0,462035 0,000048
flower 0,342490 0,000036
flowered 2,040221 0,000214
flowering 1,966113 0,000206
flowers 0,274437 0,000029
flowing 0,527633 0,000055
flown 1,237874 0,000130
fluey 3,912023 0,000410
fluid 1,272966 0,000133
flung 0,579818 0,000061
flush 0,941609 0,000099
flushed 0,713350 0,000075
flushes 3,218876 0,000338
flute 1,714798 0,000180
flutter 1,171183 0,000123
fluttering 0,994252 0,000104
fly 0,210721 0,000022
flying 0,235722 0,000025
foam 0,967584 0,000101
focus 1,897120 0,000199
foe 0,776529 0,000081
fog 0,713350 0,000075
foggy 1,514128 0,000159
fold 1,021651 0,000107
folded 0,544727 0,000057
folding 1,049822 0,000110
folks 0,941609 0,000099
foller 2,813411 0,000295
follow 0,020203 0,000002
followers 0,755023 0,000079
folly 0,301105 0,000032
fond 0,287682 0,000030
fonder 1,966113 0,000206
fondness 1,386294 0,000145
font 2,040221 0,000214
food 0,127833 0,000013
fool 0,314711 0,000033
foolish 0,235722 0,000025
foolishly 1,139434 0,000119
foot 0,083382 0,000009
footed 1,049822 0,000110
footing 0,820981 0,000086
footmen 1,660731 0,000174
footprints 2,120264 0,000222
footsore 2,659260 0,000279
footstep 1,514128 0,000159
footsteps 0,478036 0,000050
footstool 1,714798 0,000180
forasmuch 2,302585 0,000241
forbearance 1,272966 0,000133
forbid 0,579818 0,000061
forbidden 0,544727 0,000057
forbidding 1,139434 0,000119
forbore 2,302585 0,000241
force 0,061875 0,000006
forced 0,139262 0,000015
forcible 1,609438 0,000169
forcibly 0,820981 0,000086
forcing 0,693147 0,000073
fore 0,755023 0,000079
forecastle 2,207275 0,000231
forefathers 1,660731 0,000174
forefinger 1,272966 0,000133
forefingers 2,995732 0,000314
forefoot 3,218876 0,000338
foregone 2,407946 0,000253
foreground 1,660731 0,000174
forehead 0,430783 0,000045
foreign 0,301105 0,000032
forelock 2,120264 0,000222
foremost 0,673345 0,000071
foresaw 1,139434 0,000119
foreseeing 1,714798 0,000180
foreshadowed 2,813411 0,000295
foresight 1,139434 0,000119
forest 0,430783 0,000045
forewarned 2,120264 0,000222
forfeited 1,660731 0,000174
forfeiture 2,525729 0,000265
forge 1,347074 0,000141
forged 1,347074 0,000141
forgery 2,040221 0,000214
forget 0,072571 0,000008
forgetful 1,347074 0,000141
forgetfulness 0,916291 0,000096
forgetting 0,597837 0,000063
forging 2,207275 0,000231
forgive 0,356675 0,000037
forgiven 0,941609 0,000099
forgiveness 0,916291 0,000096
forgiving 1,386294 0,000145
forgot 0,261365 0,000027
forgotten 0,162519 0,000017
fork 1,021651 0,000107
forks 1,309333 0,000137
forlorn 1,078810 0,000113
form 0,040822 0,000004
formal 0,673345 0,000071
formalities 1,660731 0,000174
formality 1,469676 0,000154
formally 1,386294 0,000145
formation 1,139434 0,000119
formed 0,210721 0,000022
forming 0,527633 0,000055
forms 0,248461 0,000026
forsook 1,560648 0,000164
forsworn 3,218876 0,000338
forte 1,897120 0,000199
fortifications 1,832581 0,000192
fortified 1,272966 0,000133
fortitude 1,078810 0,000113
fortnight 0,941609 0,000099
fortress 1,049822 0,000110
fortuitously 3,218876 0,000338
fortunate 0,415515 0,000044
fortunately 0,579818 0,000061
fortune 0,186330 0,000020
fortunes 0,616186 0,000065
forwards 1,237874 0,000130
fostered 2,040221 0,000214
fought 0,371064 0,000039
foul 0,634878 0,000067
founder 1,108663 0,000116
fountain 0,713350 0,000075
fourpence 2,813411 0,000295
fourteen 0,616186 0,000065
fourth 0,186330 0,000020
fowl 1,108663 0,000116
fowls 1,272966 0,000133
fox 0,941609 0,000099
fragments 0,891598 0,000093
fragrance 1,171183 0,000123
frame 0,235722 0,000025
frames 1,272966 0,000133
france 0,544727 0,000057
frank 0,616186 0,000065
frantic 0,820981 0,000086
frantically 1,386294 0,000145
fraud 1,078810 0,000113
fraught 1,514128 0,000159
frayed 1,771957 0,000186
freak 1,771957 0,000186
freckled 1,714798 0,000180
freedom 0,223144 0,000023
freehold 2,813411 0,000295
freely 0,105361 0,000011
freemasonry 2,659260 0,000279
freezing 1,347074 0,000141
french 0,342490 0,000036
frenzy 0,867501 0,000091
frequent 0,342490 0,000036
frequently 0,287682 0,000030
fresh 0,105361 0,000011
freshened 2,302585 0,000241
fresher 1,469676 0,000154
freshness 1,021651 0,000107
fret 1,272966 0,000133
fretful 2,207275 0,000231
fretfulness 3,506558 0,000368
friction 1,771957 0,000186
friday 0,967584 0,000101
friend 0,040822 0,000004
friendly 0,261365 0,000027
friends 0,020203 0,000002
friendship 0,287682 0,000030
fright 0,653926 0,000069
frighten 0,798508 0,000084
frightened 0,301105 0,000032
frightful 0,776529 0,000081
frill 2,302585 0,000241
frillings 3,506558 0,000368
fringe 1,469676 0,000154
frivolity 1,771957 0,000186
fro 0,494296 0,000052
frock 1,049822 0,000110
frocks 1,897120 0,000199
frog 1,609438 0,000169
frost 0,755023 0,000079
frosty 1,386294 0,000145
frown 1,078810 0,000113
frowned 1,272966 0,000133
frowning 1,108663 0,000116
frowningly 2,995732 0,000314
frowzy 3,218876 0,000338
froze 1,714798 0,000180
frugally 3,912023 0,000410
fruit 0,274437 0,000029
fruits 0,446287 0,000047
fuel 1,108663 0,000116
fugitive 1,347074 0,000141
fugitives 1,386294 0,000145
fulfilling 1,514128 0,000159
fulfilment 1,514128 0,000159
functions 0,994252 0,000104
funeral 0,634878 0,000067
funereal 2,120264 0,000222
fungus 2,120264 0,000222
fur 0,994252 0,000104
furious 0,430783 0,000045
furlongs 2,659260 0,000279
furnace 1,021651 0,000107
furnished 0,328504 0,000034
furniture 0,415515 0,000044
furred 2,525729 0,000265
furrowed 2,120264 0,000222
fury 0,328504 0,000034
futile 1,469676 0,000154
future 0,105361 0,000011
gain 0,174353 0,000018
gained 0,261365 0,000027
gaining 0,544727 0,000057
gains 0,916291 0,000096
gainsaying 3,218876 0,000338
gait 1,078810 0,000113
gaiters 2,207275 0,000231
gallant 0,867501 0,000091
gallery 0,798508 0,000084
galley 1,609438 0,000169
gallon 2,525729 0,000265
gallows 1,386294 0,000145
game 0,248461 0,000026
gamed 3,506558 0,000368
games 0,693147 0,000073
gaming 2,207275 0,000231
gang 1,237874 0,000130
gangs 2,207275 0,000231
gangway 2,120264 0,000222
gaoler 2,659260 0,000279
gap 0,994252 0,000104
gaping 0,994252 0,000104
garden 0,198451 0,000021
gardener 1,203973 0,000126
gardening 2,207275 0,000231
gardens 0,510826 0,000054
gargling 3,506558 0,000368
garlanded 2,659260 0,000279
garlands 1,771957 0,000186
garment 0,755023 0,000079
garments 0,597837 0,000063
garret 1,309333 0,000137
garter 2,120264 0,000222
gas 1,171183 0,000123
gasp 1,171183 0,000123
gasped 1,021651 0,000107
gasping 1,139434 0,000119
gate 0,287682 0,000030
gates 0,446287 0,000047
gateway 1,309333 0,000137
gathered 0,150823 0,000016
gathering 0,430783 0,000045
gay 0,494296 0,000052
gayly 2,407946 0,000253
gaze 0,544727 0,000057
gazed 0,597837 0,000063
gazing 0,597837 0,000063
geese 1,309333 0,000137
gen 3,218876 0,000338
generalising 3,506558 0,000368
generated 1,660731 0,000174
generations 0,198451 0,000021
generosity 0,820981 0,000086
generous 0,356675 0,000037
generously 1,139434 0,000119
genial 0,994252 0,000104
genius 0,400478 0,000042
genteel 1,427116 0,000150
genteelly 2,525729 0,000265
gentility 2,207275 0,000231
gentle 0,274437 0,000029
gentlefolks 3,506558 0,000368
gentleman 0,301105 0,000032
gentlemanly 1,771957 0,000186
gentlemen 0,430783 0,000045
gentleness 0,916291 0,000096
gentler 1,714798 0,000180
gently 0,235722 0,000025
gentry 1,514128 0,000159
genuine 0,597837 0,000063
geographical 2,040221 0,000214
george 0,616186 0,000065
georgiana 2,813411 0,000295
gestures 0,891598 0,000093
gewgaws 2,995732 0,000314
ghastly 0,867501 0,000091
ghost 0,544727 0,000057
ghostly 1,237874 0,000130
giant 0,634878 0,000067
giants 1,049822 0,000110
gibbet 2,120264 0,000222
giddy 1,139434 0,000119
gift 0,261365 0,000027
gifted 1,049822 0,000110
gifts 0,527633 0,000055
gigantic 0,994252 0,000104
gilded 1,171183 0,000123
gin 1,514128 0,000159
ginger 2,120264 0,000222
gird 1,966113 0,000206
girdle 1,272966 0,000133
girl 0,235722 0,000025
girls 0,400478 0,000042
giveth 2,302585 0,000241
glad 0,072571 0,000008
gladiator 2,813411 0,000295
gladly 0,544727 0,000057
glance 0,248461 0,000026
glanced 0,653926 0,000069
glances 0,798508 0,000084
glancing 0,693147 0,000073
glare 0,843970 0,000089
glared 1,272966 0,000133
glaring 0,967584 0,000101
glasgow 2,207275 0,000231
glass 0,186330 0,000020
glasses 0,713350 0,000075
glastonbury 3,912023 0,000410
gleam 0,693147 0,000073
gleaming 0,916291 0,000096
glided 1,021651 0,000107
gliding 1,139434 0,000119
glimpse 0,544727 0,000057
glistening 1,237874 0,000130
glitter 1,386294 0,000145
glittering 0,798508 0,000084
gloated 2,659260 0,000279
gloating 2,040221 0,000214
globe 0,891598 0,000093
gloom 0,579818 0,000061
gloomily 1,386294 0,000145
gloomy 0,478036 0,000050
glory 0,342490 0,000036
gloss 1,609438 0,000169
gloucester 2,525729 0,000265
glove 1,427116 0,000150
gloves 0,693147 0,000073
glow 0,527633 0,000055
glowing 0,510826 0,000054
gluttony 2,120264 0,000222
gnawed 1,514128 0,000159
goad 2,207275 0,000231
goaded 1,897120 0,000199
goads 2,407946 0,000253
gobbling 3,506558 0,000368
goblin 2,407946 0,000253
god 0,094311 0,000010
godliness 3,218876 0,000338
godmother 2,207275 0,000231
godsend 2,407946 0,000253
gold 0,083382 0,000009
goldsmith 1,966113 0,000206
goo 3,506558 0,000368
goodly 1,272966 0,000133
goodness 0,328504 0,000034
gore 1,560648 0,000164
gorgeous 1,171183 0,000123
gorging 2,813411 0,000295
gormandizing 3,912023 0,000410
gothic 1,609438 0,000169
gouging 3,506558 0,000368
gout 1,966113 0,000206
government 0,494296 0,000052
governor 0,820981 0,000086
gown 0,693147 0,000073
grab 1,832581 0,000192
grace 0,235722 0,000025
graced 2,407946 0,000253
graceful 0,494296 0,000052
gracefully 1,203973 0,000126
graces 1,139434 0,000119
gracious 0,544727 0,000057
graciously 1,203973 0,000126
gradual 1,049822 0,000110
gradually 0,328504 0,000034
grain 0,597837 0,000063
grains 1,609438 0,000169
grammar 1,203973 0,000126
grand 0,342490 0,000036
granddaughter 2,407946 0,000253
grandpapa 3,218876 0,000338
grant 0,371064 0,000039
grape 1,272966 0,000133
grapes 1,237874 0,000130
grasp 0,385662 0,000040
grasped 0,755023 0,000079
grasping 0,891598 0,000093
grass 0,314711 0,000033
grate 1,171183 0,000123
grated 1,832581 0,000192
grateful 0,446287 0,000047
gratefully 0,415515 0,000044
grater 3,218876 0,000338
gratification 0,994252 0,000104
gratified 1,171183 0,000123
gratify 1,078810 0,000113
gratifying 1,272966 0,000133
gratitude 0,478036 0,000050
grave 0,127833 0,000013
gravedigger 3,912023 0,000410
gravel 1,237874 0,000130
gravely 0,693147 0,000073
graves 0,994252 0,000104
gravest 2,040221 0,000214
gravity 0,713350 0,000075
gravy 2,525729 0,000265
grazed 1,660731 0,000174
grazing 1,609438 0,000169
grease 1,771957 0,000186
greasy 1,347074 0,000141
greatly 0,210721 0,000022
greatness 0,693147 0,000073
greedily 1,078810 0,000113
greedy 1,021651 0,000107
greek 0,544727 0,000057
green 0,105361 0,000011
greener 2,207275 0,000231
greenhouse 2,995732 0,000314
greens 2,120264 0,000222
greenwich 2,207275 0,000231
greeted 1,049822 0,000110
grew 0,139262 0,000015
grey 0,562119 0,000059
greyer 2,813411 0,000295
gridiron 2,813411 0,000295
grief 0,356675 0,000037
grieve 0,916291 0,000096
grieved 0,916291 0,000096
grievous 0,967584 0,000101
grim 0,776529 0,000081
grimed 3,218876 0,000338
grimiest 3,912023 0,000410
grimly 1,108663 0,000116
grimy 1,771957 0,000186
grin 0,967584 0,000101
grinder 2,813411 0,000295
grinding 1,078810 0,000113
grindstone 2,302585 0,000241
grinning 1,049822 0,000110
grip 0,916291 0,000096
grit 2,207275 0,000231
grizzled 1,714798 0,000180
groan 0,891598 0,000093
groaning 0,916291 0,000096
grocer 1,897120 0,000199
grog 2,302585 0,000241
groped 1,609438 0,000169
groping 1,049822 0,000110
gross 0,235722 0,000025
grossly 1,386294 0,000145
ground 0,030459 0,000003
grounds 0,446287 0,000047
grove 0,994252 0,000104
grovelling 1,771957 0,000186
grow 0,139262 0,000015
growed 2,659260 0,000279
growing 0,174353 0,000018
growl 1,309333 0,000137
growled 1,203973 0,000126
growling 1,427116 0,000150
growls 2,302585 0,000241
grown 0,116534 0,000012
growth 0,462035 0,000048
grubber 3,912023 0,000410
grubs 2,995732 0,000314
grudge 1,171183 0,000123
grudging 2,302585 0,000241
gruff 1,660731 0,000174
gruffly 1,897120 0,000199
grunt 2,040221 0,000214
guard 0,174353 0,000018
guarded 0,597837 0,000063
guardian 0,693147 0,000073
guards 0,673345 0,000071
guess 0,314711 0,000033
guessing 1,427116 0,000150
guest 0,527633 0,000055
guests 0,446287 0,000047
guidance 0,776529 0,000081
guide 0,261365 0,000027
guided 0,462035 0,000048
guiding 0,867501 0,000091
guileless 2,207275 0,000231
guillotine 2,525729 0,000265
guilt 0,544727 0,000057
guiltily 2,813411 0,000295
guilty 0,356675 0,000037
guinea 1,237874 0,000130
guineas 1,427116 0,000150
guitar 2,040221 0,000214
gul 3,912023 0,000410
gulf 0,755023 0,000079
gull 1,966113 0,000206
gulped 1,897120 0,000199
gulps 3,218876 0,000338
gun 0,755023 0,000079
guns 0,843970 0,000089
gunwale 2,525729 0,000265
gush 1,469676 0,000154
gushed 1,714798 0,000180
gusts 1,660731 0,000174
gypsies 2,659260 0,000279
gypsy 2,302585 0,000241
ha 0,891598 0,000093
habit 0,223144 0,000023
habits 0,356675 0,000037
habitual 0,916291 0,000096
habitually 1,469676 0,000154
habituated 1,832581 0,000192
hackney 2,207275 0,000231
haggard 1,021651 0,000107
hah 2,659260 0,000279
hail 0,634878 0,000067
hailed 1,078810 0,000113
hailing 1,966113 0,000206
hair 0,094311 0,000010
hale 1,771957 0,000186
haled 3,218876 0,000338
halfpence 2,407946 0,000253
halfway 1,386294 0,000145
hall 0,314711 0,000033
halloa 2,207275 0,000231
halo 1,832581 0,000192
halt 0,755023 0,000079
halting 1,309333 0,000137
hamburg 2,040221 0,000214
hamlet 1,139434 0,000119
hammer 0,776529 0,000081
hammercloth 3,912023 0,000410
hammered 2,040221 0,000214
hammering 1,714798 0,000180
hammers 1,966113 0,000206
hammersmith 2,995732 0,000314
hand 0,010050 0,000001
handcuffed 3,506558 0,000368
handcuffs 2,407946 0,000253
handed 0,274437 0,000029
handel 3,506558 0,000368
handful 0,867501 0,000091
handing 1,309333 0,000137
handkercher 3,506558 0,000368
handkerchief 0,653926 0,000069
handkerchiefs 1,660731 0,000174
handle 0,415515 0,000044
handled 0,916291 0,000096
handles 1,560648 0,000164
hands 0,020203 0,000002
handsome 0,328504 0,000034
handsomely 1,139434 0,000119
handwriting 1,237874 0,000130
handy 0,994252 0,000104
hang 0,400478 0,000042
hanged 1,049822 0,000110
hanging 0,261365 0,000027
hangman 2,207275 0,000231
hankerings 3,218876 0,000338
happen 0,150823 0,000016
happened 0,094311 0,000010
happening 0,634878 0,000067
happier 0,544727 0,000057
happily 0,478036 0,000050
happiness 0,150823 0,000016
happy 0,072571 0,000008
harassed 1,609438 0,000169
harboured 2,407946 0,000253
hard 0,040822 0,000004
hardbake 3,912023 0,000410
hardened 0,820981 0,000086
hardens 2,407946 0,000253
harder 0,597837 0,000063
hardest 0,967584 0,000101
hardihood 1,771957 0,000186
hardy 0,994252 0,000104
hare 1,203973 0,000126
hark 1,237874 0,000130
harm 0,210721 0,000022
harming 2,207275 0,000231
harmonious 1,171183 0,000123
harmoniously 1,897120 0,000199
harnessing 2,659260 0,000279
harp 0,941609 0,000099
harping 2,525729 0,000265
harrow 2,207275 0,000231
harrowed 3,218876 0,000338
harshly 1,078810 0,000113
hart 0,462035 0,000048
harts 2,813411 0,000295
haste 0,371064 0,000039
hastily 0,462035 0,000048
hasty 0,510826 0,000054
hat 0,478036 0,000050
hatband 2,995732 0,000314
hatched 1,966113 0,000206
hate 0,274437 0,000029
hated 0,356675 0,000037
hatred 0,494296 0,000052
hats 0,941609 0,000099
hatter 2,813411 0,000295
haughty 0,867501 0,000091
hauled 1,171183 0,000123
hauling 1,660731 0,000174
haunted 0,579818 0,000061
haunting 1,469676 0,000154
hawker 2,995732 0,000314
hawsers 3,218876 0,000338
hay 1,171183 0,000123
haymaker 3,506558 0,000368
haymaking 3,506558 0,000368
hazard 1,021651 0,000107
hazarded 1,771957 0,000186
haze 1,609438 0,000169
head 0,000000 0,000000
headed 0,510826 0,000054
headers 3,218876 0,000338
headforemost 2,659260 0,000279
heading 1,203973 0,000126
heads 0,094311 0,000010
heal 1,309333 0,000137
healing 1,347074 0,000141
health 0,198451 0,000021
healthy 0,356675 0,000037
heap 0,494296 0,000052
heaped 0,994252 0,000104
heaping 2,120264 0,000222
heaps 0,733969 0,000077
hear 0,010050 0,000001
heard 0,020203 0,000002
hearing 0,139262 0,000015
hears 0,673345 0,000071
heart 0,010050 0,000001
hearted 0,415515 0,000044
hearth 0,867501 0,000091
hearths 2,659260 0,000279
hearthstone 2,407946 0,000253
heartily 0,597837 0,000063
heartless 1,347074 0,000141
heartlessly 3,218876 0,000338
hearts 0,261365 0,000027
hearty 0,653926 0,000069
heat 0,274437 0,000029
heated 0,916291 0,000096
heath 1,560648 0,000164
heating 2,207275 0,000231
heave 1,427116 0,000150
heaven 0,198451 0,000021
heavens 0,430783 0,000045
heavier 0,776529 0,000081
heaviest 1,427116 0,000150
heavily 0,400478 0,000042
heaving 0,994252 0,000104
heavy 0,030459 0,000003
hebrew 1,203973 0,000126
hedge 0,994252 0,000104
hedges 1,108663 0,000116
heed 0,693147 0,000073
heedful 2,659260 0,000279
heeding 1,714798 0,000180
heel 0,713350 0,000075
heels 0,446287 0,000047
height 0,261365 0,000027
heightened 1,469676 0,000154
heightening 2,302585 0,000241
heir 0,653926 0,000069
heiress 1,897120 0,000199
held 0,040822 0,000004
helpful 1,560648 0,000164
helpless 0,328504 0,000034
helplessly 1,514128 0,000159
helplessness 1,386294 0,000145
hem 1,469676 0,000154
hemmed 1,560648 0,000164
hempen 2,302585 0,000241
henceforth 0,867501 0,000091
herb 1,309333 0,000137
herbert 2,525729 0,000265
herbs 1,108663 0,000116
hercules 1,272966 0,000133
hereabouts 2,040221 0,000214
hermitage 2,302585 0,000241
hero 0,544727 0,000057
hesitate 0,616186 0,000065
hesitated 0,653926 0,000069
hesitating 1,021651 0,000107
hesitatingly 1,714798 0,000180
hesitation 0,616186 0,000065
hewed 2,207275 0,000231
hey 1,347074 0,000141
hidden 0,248461 0,000026
hide 0,287682 0,000030
hideous 0,527633 0,000055
hiding 0,616186 0,000065
highly 0,261365 0,000027
highway 1,108663 0,000116
hill 0,248461 0,000026
hills 0,356675 0,000037
hillside 1,469676 0,000154
hilly 2,120264 0,000222
hilted 2,995732 0,000314
hind 1,171183 0,000123
hindrance 1,139434 0,000119
hinge 2,207275 0,000231
hinges 0,994252 0,000104
hint 0,462035 0,000048
hinted 1,049822 0,000110
hints 0,941609 0,000099
hired 0,867501 0,000091
hiring 1,897120 0,000199
hissing 1,237874 0,000130
historically 2,207275 0,000231
history 0,186330 0,000020
hit 0,356675 0,000037
hitch 1,714798 0,000180
hitting 1,386294 0,000145
hoarded 2,207275 0,000231
hoarse 0,867501 0,000091
hoarsely 1,560648 0,000164
hob 2,040221 0,000214
hoist 1,660731 0,000174
hoisted 1,237874 0,000130
hold 0,020203 0,000002
holden 2,659260 0,000279
holdfast 3,912023 0,000410
holding 0,174353 0,000018
holds 0,342490 0,000036
hole 0,356675 0,000037
holes 0,562119 0,000059
holiday 0,798508 0,000084
holidays 1,272966 0,000133
hollow 0,446287 0,000047
hollower 3,912023 0,000410
holy 0,385662 0,000040
homage 1,078810 0,000113
homely 1,272966 0,000133
homeward 0,891598 0,000093
homily 2,813411 0,000295
honest 0,235722 0,000025
honestly 0,843970 0,000089
honour 0,510826 0,000054
honourable 0,941609 0,000099
honoured 0,916291 0,000096
hoofs 1,108663 0,000116
hook 0,798508 0,000084
hooked 1,469676 0,000154
hoops 2,525729 0,000265
hoot 2,813411 0,000295
hooted 2,525729 0,000265
hope 0,010050 0,000001
hoped 0,210721 0,000022
hopeful 0,916291 0,000096
hopeless 0,510826 0,000054
hopelessly 1,078810 0,000113
hopelessness 1,832581 0,000192
hopes 0,210721 0,000022
hoping 0,430783 0,000045
horizon 0,616186 0,000065
horizontal 1,514128 0,000159
horizontally 1,832581 0,000192
horn 0,776529 0,000081
hornpipe 2,525729 0,000265
horrible 0,356675 0,000037
horribly 0,916291 0,000096
horror 0,248461 0,000026
horrors 0,693147 0,000073
horse 0,162519 0,000017
horsehair 2,813411 0,000295
horses 0,261365 0,000027
horseshoe 2,525729 0,000265
hosier 2,813411 0,000295
hospitality 0,713350 0,000075
host 0,478036 0,000050
hostility 1,237874 0,000130
hot 0,116534 0,000012
hotel 0,820981 0,000086
hound 1,272966 0,000133
hour 0,083382 0,000009
hours 0,094311 0,000010
house 0,020203 0,000002
housed 1,832581 0,000192
household 0,430783 0,000045
housekeeper 1,203973 0,000126
housekeeping 1,427116 0,000150
housemaid 1,660731 0,000174
houses 0,139262 0,000015
housewives 2,813411 0,000295
housing 2,040221 0,000214
hout 3,506558 0,000368
hover 1,897120 0,000199
hovered 1,203973 0,000126
hovering 1,171183 0,000123
howled 1,386294 0,000145
howling 0,755023 0,000079
howsomever 3,506558 0,000368
hubble 3,912023 0,000410
hue 0,798508 0,000084
hug 1,427116 0,000150
hugged 1,427116 0,000150
hugging 1,771957 0,000186
hulk 2,407946 0,000253
hulks 2,813411 0,000295
hulls 2,813411 0,000295
hum 0,891598 0,000093
human 0,083382 0,000009
humanity 0,494296 0,000052
humble 0,301105 0,000032
humbled 1,171183 0,000123
humbly 0,867501 0,000091
humbug 1,660731 0,000174
humbugs 3,218876 0,000338
humiliated 1,609438 0,000169
humiliation 0,941609 0,000099
humour 0,733969 0,000077
humouring 2,813411 0,000295
humps 3,218876 0,000338
hunch 2,995732 0,000314
hundredth 1,347074 0,000141
hung 0,174353 0,000018
hunger 0,478036 0,000050
hungry 0,328504 0,000034
hunk 2,525729 0,000265
hunt 0,544727 0,000057
hunted 0,867501 0,000091
hunter 0,820981 0,000086
hup 3,506558 0,000368
hurried 0,356675 0,000037
hurriedly 0,891598 0,000093
hurry 0,328504 0,000034
hurrying 0,673345 0,000071
hurt 0,198451 0,000021
hurting 1,309333 0,000137
hurts 1,139434 0,000119
husband 0,248461 0,000026
hush 0,776529 0,000081
hushed 1,049822 0,000110
hushing 2,207275 0,000231
huskily 2,120264 0,000222
husky 1,560648 0,000164
hut 0,916291 0,000096
hyde 1,897120 0,000199
hymen 2,659260 0,000279
hypocrite 1,966113 0,000206
hypothesis 1,272966 0,000133
hypothetical 2,525729 0,000265
ice 0,527633 0,000055
idea 0,105361 0,000011
ideas 0,314711 0,000033
identical 0,994252 0,000104
identification 0,527633 0,000055
identified 1,386294 0,000145
identify 0,415515 0,000044
identity 1,021651 0,000107
idiot 0,941609 0,000099
idle 0,274437 0,000029
idolized 2,525729 0,000265
ignominiously 2,525729 0,000265
ignorance 0,287682 0,000030
ignorant 0,301105 0,000032
iii 0,287682 0,000030
illegibly 3,506558 0,000368
illness 0,616186 0,000065
illnesses 2,525729 0,000265
illuminated 1,108663 0,000116
illusion 1,049822 0,000110
illustrate 1,139434 0,000119
images 0,867501 0,000091
imaginary 0,755023 0,000079
imagination 0,223144 0,000023
imagine 0,139262 0,000015
imagined 0,287682 0,000030
imagining 0,941609 0,000099
imbecility 1,609438 0,000169
imbrued 3,218876 0,000338
imbruing 3,912023 0,000410
imbued 1,660731 0,000174
imitated 0,994252 0,000104
imitation 0,693147 0,000073
immeasurably 1,514128 0,000159
immense 0,314711 0,000033
immensely 1,171183 0,000123
immensity 2,040221 0,000214
immortal 0,776529 0,000081
immovable 1,203973 0,000126
imp 1,832581 0,000192
impair 2,302585 0,000241
impaired 1,609438 0,000169
impart 1,078810 0,000113
imparted 1,171183 0,000123
impartiality 1,966113 0,000206
imparting 1,714798 0,000180
impatience 0,634878 0,000067
impatient 0,371064 0,000039
impatiently 0,634878 0,000067
impede 2,207275 0,000231
impel 2,407946 0,000253
impelled 1,049822 0,000110
impended 3,506558 0,000368
impending 1,171183 0,000123
impenetrably 2,995732 0,000314
imperative 1,237874 0,000130
imperceptible 1,609438 0,000169
imperceptibly 1,469676 0,000154
imperfect 0,673345 0,000071
imperfectly 1,386294 0,000145
imperilled 2,302585 0,000241
imperiously 1,966113 0,000206
impertinent 1,171183 0,000123
impetuosity 1,714798 0,000180
impiously 3,218876 0,000338
implements 1,560648 0,000164
implicate 3,218876 0,000338
implication 2,995732 0,000314
implies 1,386294 0,000145
implored 1,309333 0,000137
imploringly 1,771957 0,000186
imply 1,078810 0,000113
implying 2,040221 0,000214
importing 2,207275 0,000231
imposed 0,210721 0,000022
imposing 0,843970 0,000089
impossibilities 2,040221 0,000214
impossibility 1,021651 0,000107
impossible 0,094311 0,000010
impostor 1,771957 0,000186
impracticable 1,237874 0,000130
imprecations 1,966113 0,000206
impregnable 1,771957 0,000186
impress 0,776529 0,000081
impressed 0,510826 0,000054
impressibility 3,912023 0,000410
impressing 2,040221 0,000214
impression 0,210721 0,000022
impressionable 2,525729 0,000265
impressions 0,891598 0,000093
impressive 1,237874 0,000130
imprisoned 1,021651 0,000107
imprisonment 1,203973 0,000126
imprisonments 3,218876 0,000338
improbabilities 2,995732 0,000314
improbable 1,021651 0,000107
improve 0,733969 0,000077
improved 0,562119 0,000059
improves 2,120264 0,000222
improving 1,049822 0,000110
impudence 1,272966 0,000133
impulse 0,462035 0,000048
inability 1,386294 0,000145
inaccessibility 3,506558 0,000368
inaction 1,966113 0,000206
inappropriate 2,120264 0,000222
inaptitude 3,912023 0,000410
incapable 0,562119 0,000059
incapacity 1,714798 0,000180
incensed 1,427116 0,000150
inch 0,634878 0,000067
inches 0,733969 0,000077
incident 0,527633 0,000055
incidental 0,446287 0,000047
incidentally 1,609438 0,000169
incidents 0,693147 0,000073
incipient 2,525729 0,000265
inclination 0,579818 0,000061
inclinations 1,309333 0,000137
inclined 0,186330 0,000020
inclining 1,514128 0,000159
included 0,162519 0,000017
includes 0,462035 0,000048
including 0,139262 0,000015
inclusive 2,207275 0,000231
incoherent 1,469676 0,000154
incoherently 2,207275 0,000231
income 0,798508 0,000084
incommoded 2,407946 0,000253
incompatibility 3,506558 0,000368
incompatible 1,771957 0,000186
incompetence 2,813411 0,000295
incomplete 0,301105 0,000032
incomprehensible 1,108663 0,000116
inconceivable 1,078810 0,000113
incongruity 2,207275 0,000231
incongruous 1,771957 0,000186
inconsistency 1,427116 0,000150
inconsistent 1,272966 0,000133
inconvenience 1,078810 0,000113
inconveniently 2,995732 0,000314
increased 0,248461 0,000026
increasing 0,127833 0,000013
incredible 0,653926 0,000069
incredulous 1,309333 0,000137
incubated 3,912023 0,000410
incurred 1,309333 0,000137
incursion 2,995732 0,000314
indebted 0,994252 0,000104
indecision 1,514128 0,000159
indefinably 3,912023 0,000410
indefinite 1,309333 0,000137
indelible 2,407946 0,000253
indentures 2,813411 0,000295
independence 0,843970 0,000089
independent 0,510826 0,000054
independently 1,427116 0,000150
indescribable 1,108663 0,000116
india 0,843970 0,000089
indicative 2,120264 0,000222
indies 1,309333 0,000137
indifference 0,527633 0,000055
indifferent 0,400478 0,000042
indigestive 3,912023 0,000410
indignant 0,820981 0,000086
indignantly 1,203973 0,000126
indignation 0,510826 0,000054
indirectly 0,371064 0,000039
indiscriminate 2,659260 0,000279
indispensable 0,843970 0,000089
indisputable 1,966113 0,000206
indistinct 1,139434 0,000119
indite 2,525729 0,000265
individual 0,150823 0,000016
induce 0,634878 0,000067
induced 0,527633 0,000055
inducted 3,218876 0,000338
indulged 0,941609 0,000099
indulgence 0,798508 0,000084
indulging 1,171183 0,000123
industrious 1,078810 0,000113
industriously 2,407946 0,000253
industry 0,867501 0,000091
ineffectually 2,659260 0,000279
inefficacy 3,912023 0,000410
inevitable 0,544727 0,000057
inevitably 0,843970 0,000089
inexcusably 3,218876 0,000338
inexpertly 3,912023 0,000410
inexplicable 1,171183 0,000123
inexpressible 1,469676 0,000154
inexpressibly 1,897120 0,000199
inf 3,218876 0,000338
infallible 1,108663 0,000116
infamous 1,049822 0,000110
infancy 0,916291 0,000096
infant 0,673345 0,000071
infants 1,171183 0,000123
infectious 2,120264 0,000222
infer 1,139434 0,000119
inference 1,469676 0,000154
infernal 0,843970 0,000089
inferred 1,386294 0,000145
infinite 0,430783 0,000045
infinitely 0,673345 0,000071
infirmary 2,302585 0,000241
infirmity 1,203973 0,000126
inflamed 1,203973 0,000126
inflammatory 2,813411 0,000295
inflexible 1,771957 0,000186
influence 0,198451 0,000021
influenced 0,891598 0,000093
influences 0,994252 0,000104
influential 1,832581 0,000192
inform 0,510826 0,000054
informed 0,371064 0,000039
informer 1,966113 0,000206
informing 1,021651 0,000107
infused 1,714798 0,000180
ingenious 0,693147 0,000073
ingenuity 0,891598 0,000093
ingrate 2,813411 0,000295
ingratitude 1,171183 0,000123
inhabitants 0,446287 0,000047
inherit 1,203973 0,000126
inheritance 0,798508 0,000084
inhospitable 1,714798 0,000180
inhospitably 3,218876 0,000338
initial 1,309333 0,000137
injudicious 2,040221 0,000214
injunction 1,347074 0,000141
injure 0,941609 0,000099
injured 0,579818 0,000061
injuries 0,916291 0,000096
injurious 1,427116 0,000150
injuriously 2,407946 0,000253
injury 0,446287 0,000047
injustice 0,673345 0,000071
ink 0,941609 0,000099
inkling 1,427116 0,000150
inkstand 2,407946 0,000253
inky 1,966113 0,000206
inn 0,713350 0,000075
innermost 1,771957 0,000186
innocence 0,634878 0,000067
innocent 0,186330 0,000020
innocently 1,427116 0,000150
innumerable 0,634878 0,000067
inquest 2,207275 0,000231
inquire 0,494296 0,000052
inquired 0,544727 0,000057
inquiries 0,653926 0,000069
inquiringly 1,771957 0,000186
inquiry 0,634878 0,000067
inquisitive 1,078810 0,000113
inquisitively 2,040221 0,000214
insane 0,994252 0,000104
inscribed 1,347074 0,000141
inscription 1,272966 0,000133
inscriptions 1,966113 0,000206
inscrutably 3,506558 0,000368
insect 1,560648 0,000164
insects 1,309333 0,000137
insensible 0,843970 0,000089
insensibly 1,386294 0,000145
inseparable 1,203973 0,000126
insinuations 2,207275 0,000231
insist 0,462035 0,000048
insisted 0,400478 0,000042
insisting 1,309333 0,000137
insolent 0,941609 0,000099
insolently 2,040221 0,000214
insoluble 2,407946 0,000253
insomuch 1,966113 0,000206
inspected 1,469676 0,000154
inspecting 1,609438 0,000169
inspection 0,820981 0,000086
inspiration 0,867501 0,000091
inspire 0,941609 0,000099
inspired 0,510826 0,000054
installation 2,995732 0,000314
instance 0,150823 0,000016
instances 0,653926 0,000069
instant 0,210721 0,000022
instantly 0,356675 0,000037
instinctively 0,733969 0,000077
institution 0,820981 0,000086
instructed 0,713350 0,000075
instruction 0,713350 0,000075
instructions 0,579818 0,000061
instrument 0,356675 0,000037
instruments 0,527633 0,000055
insufficient 1,386294 0,000145
insulting 1,203973 0,000126
insupportable 1,660731 0,000174
insured 1,832581 0,000192
insurer 3,912023 0,000410
insurers 3,506558 0,000368
insuring 2,813411 0,000295
insurmountable 1,714798 0,000180
intellect 0,693147 0,000073
intellects 1,832581 0,000192
intellectual 0,235722 0,000025
intelligence 0,301105 0,000032
intelligent 0,342490 0,000036
intelligible 1,021651 0,000107
intend 0,494296 0,000052
intended 0,174353 0,000018
intending 0,733969 0,000077
intensely 0,820981 0,000086
intensified 1,514128 0,000159
intensity 0,994252 0,000104
intent 0,527633 0,000055
intention 0,186330 0,000020
intentional 1,897120 0,000199
intentions 0,494296 0,000052
intently 0,891598 0,000093
intercept 1,609438 0,000169
interchange 1,660731 0,000174
interchanged 2,407946 0,000253
intercourse 0,798508 0,000084
interfere 0,544727 0,000057
interfered 1,108663 0,000116
interference 1,108663 0,000116
interfering 1,660731 0,000174
interior 0,673345 0,000071
interlocutor 2,120264 0,000222
intermediate 1,660731 0,000174
interment 2,120264 0,000222
interminable 1,237874 0,000130
intermixed 2,525729 0,000265
interposed 1,139434 0,000119
interposing 2,207275 0,000231
interposition 2,040221 0,000214
interpretation 1,078810 0,000113
interrogative 2,659260 0,000279
interrupt 0,755023 0,000079
interrupted 0,301105 0,000032
interrupting 1,203973 0,000126
interruption 0,776529 0,000081
interruptions 1,714798 0,000180
intersected 1,714798 0,000180
interval 0,579818 0,000061
intervals 0,510826 0,000054
intervened 1,347074 0,000141
intervening 1,347074 0,000141
intervention 1,514128 0,000159
interview 0,673345 0,000071
interviews 1,660731 0,000174
intimacy 0,843970 0,000089
intimate 0,462035 0,000048
intimated 1,386294 0,000145
intimation 1,347074 0,000141
intolerable 0,673345 0,000071
intoxicating 2,120264 0,000222
intoxication 1,309333 0,000137
intricacies 2,207275 0,000231
intriguing 2,407946 0,000253
introduce 0,562119 0,000059
introduced 0,356675 0,000037
introducing 1,108663 0,000116
introduction 0,400478 0,000042
introductory 1,771957 0,000186
intrude 1,427116 0,000150
invalid 1,139434 0,000119
invariably 0,798508 0,000084
inveigled 2,525729 0,000265
invent 0,798508 0,000084
invented 0,597837 0,000063
invest 1,966113 0,000206
invested 1,203973 0,000126
investigation 0,967584 0,000101
investigations 1,272966 0,000133
investing 2,207275 0,000231
investment 1,771957 0,000186
inveterate 1,560648 0,000164
invisible 0,562119 0,000059
invitation 0,579818 0,000061
invite 0,693147 0,000073
invited 0,415515 0,000044
invitingly 2,813411 0,000295
involuntarily 1,139434 0,000119
involuntary 1,021651 0,000107
involved 0,579818 0,000061
invulnerable 2,040221 0,000214
inwardly 0,798508 0,000084
irate 2,813411 0,000295
irish 1,347074 0,000141
iron 0,198451 0,000021
ironed 2,207275 0,000231
irons 1,347074 0,000141
irreconcilability 3,912023 0,000410
irregular 0,733969 0,000077
irrelevant 2,120264 0,000222
irrepressible 1,427116 0,000150
irresistible 0,653926 0,000069
irresistibly 1,203973 0,000126
irresolute 1,427116 0,000150
irrespective 2,407946 0,000253
irresponsible 1,832581 0,000192
irrevocable 1,609438 0,000169
irritably 2,407946 0,000253
irritating 1,272966 0,000133
island 0,400478 0,000042
issue 0,462035 0,000048
issued 0,579818 0,000061
item 1,272966 0,000133
iv 0,328504 0,000034
ivory 0,843970 0,000089
ivy 1,272966 0,000133
ix 0,494296 0,000052
jack 0,820981 0,000086
jacket 0,798508 0,000084
jackknife 2,995732 0,000314
jacks 2,525729 0,000265
jaggers 3,506558 0,000368
jail 1,427116 0,000150
jails 2,525729 0,000265
jam 1,609438 0,000169
jammed 1,832581 0,000192
jane 1,832581 0,000192
jar 1,386294 0,000145
jargon 1,660731 0,000174
jaw 0,820981 0,000086
jaws 0,733969 0,000077
jealous 0,446287 0,000047
jealousy 0,478036 0,000050
jerk 1,427116 0,000150
jerked 1,237874 0,000130
jerkings 3,912023 0,000410
jerks 2,302585 0,000241
jew 1,171183 0,000123
jewel 1,237874 0,000130
jeweller 2,207275 0,000231
jewelry 2,040221 0,000214
jewels 0,820981 0,000086
jewish 1,832581 0,000192
jig 2,302585 0,000241
jiggered 3,912023 0,000410
jingling 1,427116 0,000150
job 0,673345 0,000071
jocose 3,506558 0,000368
joe 1,832581 0,000192
joes 3,912023 0,000410
john 0,328504 0,000034
johns 3,218876 0,000338
joint 0,673345 0,000071
joints 1,108663 0,000116
joke 0,494296 0,000052
jolly 0,994252 0,000104
jolting 2,120264 0,000222
jorge 3,506558 0,000368
jorum 3,506558 0,000368
joseph 0,994252 0,000104
jostled 1,832581 0,000192
journey 0,198451 0,000021
journeyman 2,407946 0,000253
journeys 1,139434 0,000119
joviality 2,995732 0,000314
jowled 3,912023 0,000410
joy 0,139262 0,000015
judge 0,116534 0,000012
judged 0,430783 0,000045
judges 0,597837 0,000063
judging 0,713350 0,000075
judgment 0,198451 0,000021
judicial 1,309333 0,000137
judicious 1,139434 0,000119
jug 1,386294 0,000145
juicy 2,040221 0,000214
jumped 0,653926 0,000069
junction 1,560648 0,000164
june 0,527633 0,000055
junior 1,272966 0,000133
jury 1,237874 0,000130
juryman 2,659260 0,000279
justice 0,162519 0,000017
justices 2,207275 0,000231
justification 1,171183 0,000123
justified 0,693147 0,000073
justifying 1,771957 0,000186
justly 0,653926 0,000069
juvenile 1,897120 0,000199
keel 1,386294 0,000145
keen 0,415515 0,000044
keenest 1,386294 0,000145
keenly 0,967584 0,000101
keeper 0,916291 0,000096
keepers 1,560648 0,000164
keeping 1,078810 0,000113
kent 1,897120 0,000199
kep 2,407946 0,000253
kettle 1,272966 0,000133
key 0,356675 0,000037
keyhole 1,560648 0,000164
keyholes 3,218876 0,000338
kick 0,653926 0,000069
kicked 0,843970 0,000089
kicking 1,078810 0,000113
kid 1,469676 0,000154
kill 0,127833 0,000013
killed 0,223144 0,000023
kiln 2,813411 0,000295
kindled 0,867501 0,000091
kindly 0,223144 0,000023
kindness 0,287682 0,000030
king 0,223144 0,000023
kingdom 0,494296 0,000052
kings 0,527633 0,000055
kingston 2,407946 0,000253
kiss 0,562119 0,000059
kissed 0,462035 0,000048
kissing 1,021651 0,000107
kit 2,207275 0,000231
kitchen 0,597837 0,000063
kite 2,040221 0,000214
kittle 3,912023 0,000410
knaves 2,207275 0,000231
kneaded 2,207275 0,000231
knee 0,462035 0,000048
kneeling 0,798508 0,000084
knees 0,223144 0,000023
knife 0,356675 0,000037
knight 1,309333 0,000137
knighted 2,659260 0,000279
knit 1,108663 0,000116
knitted 1,560648 0,000164
knitting 1,272966 0,000133
knives 0,916291 0,000096
knob 1,609438 0,000169
knobbed 2,995732 0,000314
knobby 3,218876 0,000338
knock 0,616186 0,000065
knocked 0,510826 0,000054
knocking 0,798508 0,000084
knot 0,673345 0,000071
knotted 1,469676 0,000154
knoweth 2,120264 0,000222
knowingly 2,207275 0,000231
knowledge 0,061875 0,000006
knuckles 1,514128 0,000159
label 1,771957 0,000186
labour 0,634878 0,000067
labourer 1,832581 0,000192
labouring 1,469676 0,000154
labours 0,994252 0,000104
labyrinth 1,609438 0,000169
lace 0,916291 0,000096
lacerated 2,525729 0,000265
lacked 1,309333 0,000137
lad 0,713350 0,000075
ladder 0,693147 0,000073
ladders 1,832581 0,000192
laden 0,673345 0,000071
ladies 0,314711 0,000033
lady 0,248461 0,000026
laertes 2,659260 0,000279
lagging 1,897120 0,000199
laid 0,072571 0,000008
lain 0,843970 0,000089
lair 1,560648 0,000164
lake 0,210721 0,000022
lamb 0,776529 0,000081
lame 0,820981 0,000086
lamed 2,525729 0,000265
lameness 2,407946 0,000253
lament 1,203973 0,000126
lamentation 1,560648 0,000164
lamer 3,912023 0,000410
lamp 0,478036 0,000050
lamps 0,733969 0,000077
land 0,072571 0,000008
landed 0,527633 0,000055
landing 0,562119 0,000059
landlord 0,941609 0,000099
landmarks 2,207275 0,000231
lands 0,544727 0,000057
lane 0,798508 0,000084
lanes 1,203973 0,000126
language 0,072571 0,000008
languages 0,967584 0,000101
languidly 1,714798 0,000180
languor 1,560648 0,000164
lantern 0,967584 0,000101
lap 0,634878 0,000067
lapse 0,994252 0,000104
lapsed 1,560648 0,000164
lapsing 2,995732 0,000314
larcenous 3,506558 0,000368
larceny 2,659260 0,000279
lark 1,609438 0,000169
larks 2,525729 0,000265
lashing 1,832581 0,000192
lasting 1,771957 0,000186
lastly 0,867501 0,000091
latch 1,309333 0,000137
late 0,094311 0,000010
latent 1,469676 0,000154
latin 0,653926 0,000069
latitude 1,309333 0,000137
lattice 1,609438 0,000169
lauded 2,813411 0,000295
laugh 0,127833 0,000013
laughed 0,248461 0,000026
laughing 0,248461 0,000026
laughter 0,274437 0,000029
launch 1,427116 0,000150
laundress 2,407946 0,000253
laving 2,659260 0,000279
lavish 1,386294 0,000145
lavished 1,660731 0,000174
law 0,030459 0,000003
lawfully 2,040221 0,000214
laws 0,083382 0,000009
lawyer 0,798508 0,000084
lay 0,051293 0,000005
layer 1,966113 0,000206
laying 0,274437 0,000029
lays 0,798508 0,000084
lazy 0,616186 0,000065
lead 0,083382 0,000009
leaden 1,237874 0,000130
leading 0,139262 0,000015
leads 0,462035 0,000048
leaf 0,462035 0,000048
leagues 1,347074 0,000141
leaky 2,120264 0,000222
lean 0,579818 0,000061
leaned 0,634878 0,000067
leaning 0,301105 0,000032
leap 0,562119 0,000059
leaps 1,386294 0,000145
learn 0,020203 0,000002
learned 0,105361 0,000011
learning 0,301105 0,000032
learnt 0,713350 0,000075
leastwise 3,506558 0,000368
leather 0,544727 0,000057
leave 0,000000 0,000000
leaves 0,094311 0,000010
leaving 0,083382 0,000009
lecturer 2,659260 0,000279
lecturing 2,207275 0,000231
led 0,040822 0,000004
lee 1,347074 0,000141
leer 2,040221 0,000214
left 0,000000 0,000000
leg 0,478036 0,000050
legacies 2,302585 0,000241
legal 0,261365 0,000027
legally 0,342490 0,000036
legged 1,108663 0,000116
legible 1,966113 0,000206
legitimate 1,139434 0,000119
legs 0,274437 0,000029
leisure 0,579818 0,000061
leisurely 1,108663 0,000116
leith 3,218876 0,000338
lemon 1,832581 0,000192
lend 0,597837 0,000063
lending 1,609438 0,000169
leniently 2,995732 0,000314
lent 0,798508 0,000084
lesson 0,400478 0,000042
lessons 0,579818 0,000061
lethargic 2,659260 0,000279
letter 0,116534 0,000012
letters 0,198451 0,000021
level 0,274437 0,000029
levelled 1,660731 0,000174
levels 1,966113 0,000206
liable 0,235722 0,000025
liar 1,203973 0,000126
liberal 0,616186 0,000065
liberality 1,347074 0,000141
liberally 1,347074 0,000141
liberties 1,309333 0,000137
liberty 0,223144 0,000023
licked 1,609438 0,000169
licking 1,272966 0,000133
lid 0,820981 0,000086
lie 0,040822 0,000004
lies 0,162519 0,000017
lieu 0,415515 0,000044
life -0,009950 -0,000001
lifeless 1,108663 0,000116
lifer 3,506558 0,000368
lift 0,415515 0,000044
lifted 0,274437 0,000029
lifting 0,653926 0,000069
light 0,010050 0,000001
lighted 0,261365 0,000027
lightened 1,514128 0,000159
lighter 0,527633 0,000055
lightermen 3,912023 0,000410
lighters 2,813411 0,000295
lightest 1,609438 0,000169
lighthouse 2,120264 0,000222
lighting 0,755023 0,000079
lightly 0,430783 0,000045
lightning 0,478036 0,000050
lights 0,301105 0,000032
likeness 0,693147 0,000073
likenesses 2,659260 0,000279
liking 1,049822 0,000110
limb 0,798508 0,000084
limbed 2,120264 0,000222
limbs 0,274437 0,000029
lime 1,514128 0,000159
limehouse 3,912023 0,000410
limekiln 3,912023 0,000410
limes 2,302585 0,000241
limitation 0,478036 0,000050
limited 0,261365 0,000027
limits 0,494296 0,000052
limp 1,309333 0,000137
limped 1,609438 0,000169
limping 1,771957 0,000186
linchpin 3,912023 0,000410
linen 0,527633 0,000055
linger 0,843970 0,000089
lingering 0,755023 0,000079
link 0,994252 0,000104
linked 0,385662 0,000040
linking 2,525729 0,000265
lip 0,673345 0,000071
lips 0,127833 0,000013
liquid 0,891598 0,000093
liquidation 2,995732 0,000314
liquor 0,820981 0,000086
liquorice 3,506558 0,000368
liquors 2,120264 0,000222
lisped 2,525729 0,000265
list 0,400478 0,000042
listen 0,127833 0,000013
listened 0,274437 0,000029
listener 1,139434 0,000119
listening 0,261365 0,000027
listless 1,427116 0,000150
literary 0,287682 0,000030
literature 0,673345 0,000071
lithe 1,966113 0,000206
litter 0,994252 0,000104
liv 2,040221 0,000214
live 0,010050 0,000001
lived 0,061875 0,000006
lively 0,400478 0,000042
liver 1,203973 0,000126
liverpool 1,897120 0,000199
livery 1,609438 0,000169
lives 0,072571 0,000008
livid 1,171183 0,000123
living 0,020203 0,000002
lloyd 2,525729 0,000265
load 0,634878 0,000067
loaded 0,616186 0,000065
loading 1,309333 0,000137
loaf 1,171183 0,000123
loathing 1,427116 0,000150
lobster 2,040221 0,000214
local 0,713350 0,000075
localities 1,832581 0,000192
lock 0,385662 0,000040
locked 0,430783 0,000045
locking 1,272966 0,000133
locks 0,733969 0,000077
locomotively 3,912023 0,000410
lodge 0,693147 0,000073
lodged 0,776529 0,000081
lodger 2,040221 0,000214
lodgers 1,897120 0,000199
lodging 0,776529 0,000081
lodgings 1,078810 0,000113
loft 1,897120 0,000199
loftier 1,609438 0,000169
lofty 0,494296 0,000052
logical 1,021651 0,000107
loin 2,659260 0,000279
loiter 1,966113 0,000206
loitered 1,832581 0,000192
loitering 1,660731 0,000174
loll 3,218876 0,000338
lolled 2,659260 0,000279
london 0,415515 0,000044
lone 1,514128 0,000159
loneliest 3,218876 0,000338
loneliness 1,347074 0,000141
lonely 0,415515 0,000044
lonesome 2,120264 0,000222
loo 2,813411 0,000295
lookee 3,506558 0,000368
lookers 2,120264 0,000222
lookout 1,514128 0,000159
looming 2,120264 0,000222
loop 1,771957 0,000186
loophole 2,040221 0,000214
loops 2,302585 0,000241
loose 0,105361 0,000011
loosely 1,347074 0,000141
loosen 1,514128 0,000159
loosening 2,302585 0,000241
lor 2,407946 0,000253
lord 0,223144 0,000023
lords 0,843970 0,000089
lose 0,094311 0,000010
losing 0,235722 0,000025
loss 0,094311 0,000010
lost 0,020203 0,000002
lot 0,061875 0,000006
lotion 2,813411 0,000295
lots 0,733969 0,000077
loud 0,174353 0,000018
louder 0,527633 0,000055
loudly 0,400478 0,000042
lounger 3,218876 0,000338
loungers 2,525729 0,000265
lounging 1,514128 0,000159
love 0,051293 0,000005
loved 0,198451 0,000021
loveliness 1,469676 0,000154
lovely 0,494296 0,000052
lover 0,385662 0,000040
lovers 0,673345 0,000071
loves 0,562119 0,000059
loving 0,478036 0,000050
lowness 2,659260 0,000279
lozenges 3,506558 0,000368
lucid 1,386294 0,000145
luck 0,446287 0,000047
lucky 0,527633 0,000055
ludicrous 1,386294 0,000145
lug 2,207275 0,000231
luggage 1,203973 0,000126
lull 1,469676 0,000154
luminous 1,078810 0,000113
lumpish 3,218876 0,000338
lunar 2,525729 0,000265
lunatic 1,386294 0,000145
lunch 1,108663 0,000116
lunched 2,407946 0,000253
lunching 2,207275 0,000231
lungs 0,916291 0,000096
lured 1,832581 0,000192
lurker 3,912023 0,000410
lustily 1,897120 0,000199
lustre 1,171183 0,000123
lustrous 2,040221 0,000214
luxurious 0,916291 0,000096
luxury 0,527633 0,000055
lying 0,061875 0,000006
lyrical 2,407946 0,000253
macbeth 2,407946 0,000253
machinery 1,049822 0,000110
mad 0,261365 0,000027
maddened 1,897120 0,000199
madman 1,078810 0,000113
madness 0,597837 0,000063
magic 0,673345 0,000071
magisterial 2,525729 0,000265
magisterially 2,995732 0,000314
magistrate 0,994252 0,000104
magistrates 1,347074 0,000141
magnanimous 1,469676 0,000154
magnates 2,659260 0,000279
magnificence 1,237874 0,000130
magnificent 0,328504 0,000034
magnificently 1,514128 0,000159
magnified 1,309333 0,000137
magnifying 1,714798 0,000180
maid 0,446287 0,000047
maids 0,967584 0,000101
mail 0,891598 0,000093
main 0,127833 0,000013
maintained 0,653926 0,000069
maintaining 0,235722 0,000025
maintenance 1,171183 0,000123
majestic 1,108663 0,000116
majesty 0,544727 0,000057
majority 0,597837 0,000063
maker 0,867501 0,000091
makers 1,309333 0,000137
makeshift 2,813411 0,000295
male 0,597837 0,000063
malefactors 2,207275 0,000231
malevolent 1,966113 0,000206
malice 0,776529 0,000081
malicious 0,941609 0,000099
malignant 1,139434 0,000119
malignity 1,966113 0,000206
malt 2,525729 0,000265
mamma 1,237874 0,000130
manacle 3,506558 0,000368
manacled 2,813411 0,000295
manage 0,462035 0,000048
managed 0,342490 0,000036
management 0,843970 0,000089
manager 0,653926 0,000069
mane 1,609438 0,000169
mangle 2,207275 0,000231
mangy 2,813411 0,000295
manhood 0,776529 0,000081
mania 1,347074 0,000141
manifest 0,755023 0,000079
manifested 1,021651 0,000107
mankind 0,478036 0,000050
manly 0,820981 0,000086
manner 0,040822 0,000004
manners 0,274437 0,000029
manor 1,609438 0,000169
mansions 2,207275 0,000231
manslaughter 2,995732 0,000314
mantel 1,832581 0,000192
manufacture 1,309333 0,000137
manuscript 1,021651 0,000107
maps 1,660731 0,000174
march 0,274437 0,000029
mare 1,272966 0,000133
margin 1,078810 0,000113
margins 2,120264 0,000222
marine 1,427116 0,000150
mark 0,127833 0,000013
marked 0,061875 0,000006
market 0,527633 0,000055
markets 1,714798 0,000180
marks 0,328504 0,000034
marriage 0,314711 0,000033
marriages 1,203973 0,000126
married 0,248461 0,000026
marrow 1,386294 0,000145
marry 0,430783 0,000045
marrying 0,867501 0,000091
marseilles 1,966113 0,000206
marsh 1,309333 0,000137
marshes 1,771957 0,000186
marvels 1,514128 0,000159
mary 0,693147 0,000073
mask 0,843970 0,000089
massive 1,049822 0,000110
mast 1,386294 0,000145
master 0,083382 0,000009
mastered 0,967584 0,000101
mastering 2,120264 0,000222
masters 0,446287 0,000047
mastery 1,171183 0,000123
mat 1,309333 0,000137
match 0,385662 0,000040
material 0,328504 0,000034
materials 0,733969 0,000077
matrimonially 3,506558 0,000368
matronly 2,659260 0,000279
mats 1,897120 0,000199
matter 0,010050 0,000001
matters 0,139262 0,000015
matthew 1,714798 0,000180
mattress 1,427116 0,000150
maudlin 2,525729 0,000265
mauled 2,995732 0,000314
mayor 1,560648 0,000164
mazes 1,966113 0,000206
meal 0,301105 0,000032
meaning 0,210721 0,000022
meanness 1,237874 0,000130
meannesses 3,218876 0,000338
meant 2,525729 0,000265
measles 2,040221 0,000214
measure 0,301105 0,000032
measured 0,579818 0,000061
measures 0,579818 0,000061
meat 0,356675 0,000037
mechanical 0,843970 0,000089
mechanically 1,078810 0,000113
medical 1,021651 0,000107
medicine 0,597837 0,000063
meditating 1,347074 0,000141
meditation 0,994252 0,000104
meditations 1,347074 0,000141
meditative 1,660731 0,000174
meditatively 2,525729 0,000265
medium 0,223144 0,000023
meek 1,272966 0,000133
meekly 1,469676 0,000154
meet 0,010050 0,000001
meeting 0,186330 0,000020
meetings 0,916291 0,000096
melancholy 0,342490 0,000036
melia 3,912023 0,000410
meller 3,912023 0,000410
melodious 1,609438 0,000169
melon 2,207275 0,000231
melt 1,049822 0,000110
melted 0,713350 0,000075
melting 0,941609 0,000099
memorable 1,108663 0,000116
memorandum 1,966113 0,000206
memorialise 3,912023 0,000410
memory 0,174353 0,000018
menace 1,347074 0,000141
mend 0,967584 0,000101
mended 1,237874 0,000130
mending 1,427116 0,000150
mental 0,430783 0,000045
mentally 1,237874 0,000130
mention 0,223144 0,000023
mentioned 0,223144 0,000023
mentioning 0,941609 0,000099
mentor 2,525729 0,000265
mercenaries 2,995732 0,000314
mercenary 1,714798 0,000180
merchant 0,713350 0,000075
merchants 0,798508 0,000084
merciful 0,994252 0,000104
mercilessly 2,302585 0,000241
mercy 0,223144 0,000023
mere 0,094311 0,000010
merit 0,544727 0,000057
merited 1,660731 0,000174
meritorious 1,771957 0,000186
merits 0,693147 0,000073
meshes 1,660731 0,000174
message 0,446287 0,000047
messages 1,171183 0,000123
messenger 0,634878 0,000067
messengers 1,386294 0,000145
met 0,040822 0,000004
metal 0,597837 0,000063
metaphysics 1,514128 0,000159
method 0,094311 0,000010
methodical 1,966113 0,000206
metropolis 1,469676 0,000154
metropolitan 1,714798 0,000180
mi 2,302585 0,000241
mice 1,514128 0,000159
midday 1,108663 0,000116
middle 0,030459 0,000003
midnight 0,328504 0,000034
midst 0,287682 0,000030
midsummer 2,120264 0,000222
midway 1,514128 0,000159
mightily 1,469676 0,000154
mighty 0,328504 0,000034
mike 3,506558 0,000368
mild 0,510826 0,000054
mildest 2,120264 0,000222
mildewed 3,218876 0,000338
mile 0,342490 0,000036
miles 0,223144 0,000023
military 0,616186 0,000065
milk 0,446287 0,000047
millers 2,525729 0,000265
mince 2,407946 0,000253
mincemeat 3,912023 0,000410
mind 0,020203 0,000002
minded 0,400478 0,000042
mindful 1,514128 0,000159
minding 1,771957 0,000186
minds 0,235722 0,000025
mingled 0,462035 0,000048
miniature 1,237874 0,000130
mining 1,832581 0,000192
minister 0,616186 0,000065
minor 0,733969 0,000077
mints 2,813411 0,000295
minute 0,235722 0,000025
minutely 1,309333 0,000137
minutes 0,235722 0,000025
miracle 0,755023 0,000079
mire 1,049822 0,000110
mirror 0,693147 0,000073
mischief 0,494296 0,000052
mischievous 1,078810 0,000113
mischievously 2,407946 0,000253
miscreant 2,207275 0,000231
misdealt 3,912023 0,000410
misdeed 2,659260 0,000279
misdemeanor 3,218876 0,000338
miserable 0,210721 0,000022
miserably 1,108663 0,000116
miseries 0,967584 0,000101
miserly 2,302585 0,000241
misery 0,301105 0,000032
misfortunes 0,867501 0,000091
misgiving 2,302585 0,000241
misjudge 2,659260 0,000279
mislaid 2,207275 0,000231
misled 1,139434 0,000119
misplaced 2,207275 0,000231
misremembered 3,912023 0,000410
misrepresent 2,525729 0,000265
misrepresentations 3,218876 0,000338
misshapen 1,966113 0,000206
missile 1,897120 0,000199
missionary 1,609438 0,000169
missis 2,120264 0,000222
mist 0,544727 0,000057
mistake 0,223144 0,000023
mistaken 0,261365 0,000027
mistakes 0,755023 0,000079
mistaking 1,309333 0,000137
mistress 0,510826 0,000054
mistrust 1,309333 0,000137
mistrusted 2,525729 0,000265
mists 1,139434 0,000119
misty 1,309333 0,000137
mite 1,714798 0,000180
mitre 2,120264 0,000222
mix 0,994252 0,000104
mixed 0,385662 0,000040
mixing 1,272966 0,000133
mixture 0,616186 0,000065
moaned 1,386294 0,000145
moaning 1,272966 0,000133
moat 2,120264 0,000222
model 0,634878 0,000067
moderate 0,653926 0,000069
moderately 1,660731 0,000174
moderation 1,108663 0,000116
modest 0,371064 0,000039
modestly 1,139434 0,000119
modified 0,385662 0,000040
moist 0,843970 0,000089
moistened 1,832581 0,000192
molestation 2,525729 0,000265
mollified 2,407946 0,000253
molly 3,506558 0,000368
moment 0,010050 0,000001
momentary 0,693147 0,000073
momentous 1,771957 0,000186
moments 0,287682 0,000030
monday 0,891598 0,000093
money 0,051293 0,000005
monkey 1,049822 0,000110
monks 1,469676 0,000154
monomania 2,525729 0,000265
monopoly 2,120264 0,000222
monosyllable 2,120264 0,000222
monotonous 1,078810 0,000113
monster 0,634878 0,000067
monsters 0,941609 0,000099
monstrosity 2,813411 0,000295
monstrous 0,400478 0,000042
month 0,174353 0,000018
months 0,094311 0,000010
monumental 1,966113 0,000206
mood 0,527633 0,000055
moodily 1,966113 0,000206
moods 1,237874 0,000130
moody 1,514128 0,000159
moon 0,287682 0,000030
mooning 3,218876 0,000338
moonlight 0,673345 0,000071
moored 1,832581 0,000192
moorings 2,659260 0,000279
mop 2,525729 0,000265
moral 0,301105 0,000032
morality 0,867501 0,000091
moralizing 2,525729 0,000265
morally 1,171183 0,000123
morbidly 2,813411 0,000295
morning 0,040822 0,000004
morose 1,469676 0,000154
morrow 0,328504 0,000034
morsel 1,171183 0,000123
mortal 0,400478 0,000042
mortality 1,469676 0,000154
mortally 1,514128 0,000159
mortar 1,309333 0,000137
mortification 1,049822 0,000110
mortified 1,272966 0,000133
mortifying 1,771957 0,000186
moses 1,139434 0,000119
moth 1,966113 0,000206
mother 0,072571 0,000008
motherly 2,040221 0,000214
moths 2,207275 0,000231
motion 0,328504 0,000034
motioned 1,139434 0,000119
motioning 2,120264 0,000222
motionless 0,544727 0,000057
motives 0,579818 0,000061
mottled 2,120264 0,000222
mould 0,891598 0,000093
mouldering 1,966113 0,000206
moulding 2,407946 0,000253
mound 1,514128 0,000159
mounds 1,897120 0,000199
mount 0,494296 0,000052
mountain 0,400478 0,000042
mountainous 1,560648 0,000164
mountains 0,400478 0,000042
mounted 0,446287 0,000047
mounting 0,843970 0,000089
mourner 1,714798 0,000180
mournful 0,941609 0,000099
mournfully 1,514128 0,000159
mournfulness 3,912023 0,000410
mourning 0,693147 0,000073
mouse 0,941609 0,000099
mouth 0,105361 0,000011
mouthful 1,347074 0,000141
mouths 0,462035 0,000048
movement 0,328504 0,000034
movements 0,494296 0,000052
mud 0,478036 0,000050
mudbank 3,912023 0,000410
muddy 0,916291 0,000096
muffin 2,813411 0,000295
muffins 2,813411 0,000295
multiplied 1,309333 0,000137
multitude 0,446287 0,000047
mum 2,525729 0,000265
mumbling 1,714798 0,000180
mummery 2,659260 0,000279
munching 2,302585 0,000241
murder 0,314711 0,000033
murdered 0,733969 0,000077
murderer 0,733969 0,000077
murderers 1,386294 0,000145
murdering 1,309333 0,000137
murderous 1,078810 0,000113
murky 1,771957 0,000186
murmur 0,494296 0,000052
murmured 0,673345 0,000071
murmuring 0,967584 0,000101
muscles 1,021651 0,000107
muscular 1,203973 0,000126
mused 1,714798 0,000180
museum 1,203973 0,000126
music 0,198451 0,000021
musical 0,579818 0,000061
musing 1,272966 0,000133
musket 1,832581 0,000192
muskets 1,832581 0,000192
muslin 1,386294 0,000145
mustered 1,832581 0,000192
musty 1,832581 0,000192
mute 0,776529 0,000081
mutiny 1,469676 0,000154
mutter 1,609438 0,000169
muttered 0,798508 0,000084
muttering 1,049822 0,000110
mutton 1,272966 0,000133
mutual 0,510826 0,000054
muzzle 1,309333 0,000137
muzzled 2,995732 0,000314
myrmidons 2,525729 0,000265
mysteries 0,579818 0,000061
mysterious 0,314711 0,000033
mystery 0,301105 0,000032
nail 0,843970 0,000089
nails 0,616186 0,000065
nameless 1,078810 0,000113
nap 1,771957 0,000186
nape 1,771957 0,000186
napkin 1,609438 0,000169
narrate 2,207275 0,000231
narrative 0,616186 0,000065
narrow 0,105361 0,000011
nastiness 2,120264 0,000222
nasty 1,171183 0,000123
nation 0,579818 0,000061
national 0,755023 0,000079
native 0,328504 0,000034
natural 0,094311 0,000010
naturally 0,210721 0,000022
nature 0,094311 0,000010
natured 0,733969 0,000077
naught 1,347074 0,000141
naughty 1,714798 0,000180
navigation 1,272966 0,000133
nearer 0,400478 0,000042
neat 0,673345 0,000071
neatly 1,049822 0,000110
neatness 1,514128 0,000159
necessaries 1,386294 0,000145
necessitate 2,659260 0,000279
necessity 0,261365 0,000027
neck 0,186330 0,000020
neckcloth 2,525729 0,000265
neckerchief 2,995732 0,000314
necromantic 3,506558 0,000368
needle 0,798508 0,000084
needles 1,427116 0,000150
needless 1,049822 0,000110
needlework 1,966113 0,000206
negative 0,967584 0,000101
negativing 3,912023 0,000410
neglected 0,400478 0,000042
negotiation 2,207275 0,000231
negress 3,218876 0,000338
negro 1,171183 0,000123
neighbour 0,653926 0,000069
neighbourhood 0,776529 0,000081
neighbouring 0,891598 0,000093
neighbours 0,713350 0,000075
nephews 1,832581 0,000192
nerves 0,544727 0,000057
nervous 0,494296 0,000052
nervously 1,203973 0,000126
nest 0,733969 0,000077
nesting 3,912023 0,000410
nettles 2,040221 0,000214
newgate 2,813411 0,000295
newly 0,494296 0,000052
news 0,210721 0,000022
newspaper 1,021651 0,000107
newspapers 0,820981 0,000086
nice 0,400478 0,000042
nicest 1,966113 0,000206
nicety 1,609438 0,000169
nick 1,386294 0,000145
niece 1,309333 0,000137
niggardly 2,040221 0,000214
nigh 0,843970 0,000089
nigher 2,995732 0,000314
night 0,010050 0,000001
nightcap 1,897120 0,000199
nightly 1,171183 0,000123
nightmare 1,272966 0,000133
nights 0,235722 0,000025
nile 1,469676 0,000154
nimble 1,171183 0,000123
noah 1,514128 0,000159
nob 2,995732 0,000314
nobility 0,755023 0,000079
noble 0,248461 0,000026
nobler 1,171183 0,000123
nobles 1,660731 0,000174
nocturnal 1,272966 0,000133
nod 0,798508 0,000084
nodded 0,634878 0,000067
nodding 0,941609 0,000099
noise 0,139262 0,000015
noises 0,967584 0,000101
noisily 1,609438 0,000169
noisy 0,776529 0,000081
nominal 1,714798 0,000180
nonsense 0,478036 0,000050
nonsensical 2,302585 0,000241
noodle 3,506558 0,000368
noodles 3,506558 0,000368
nook 1,469676 0,000154
nooks 2,120264 0,000222
noon 0,430783 0,000045
noose 1,714798 0,000180
nore 3,912023 0,000410
normal 1,237874 0,000130
north 0,083382 0,000009
nose 0,274437 0,000029
nosegays 2,813411 0,000295
noses 1,021651 0,000107
nostril 2,120264 0,000222
nostrils 0,891598 0,000093
note 0,127833 0,000013
notes 0,261365 0,000027
notice 0,030459 0,000003
noticeable 1,309333 0,000137
noticeably 2,813411 0,000295
noticed 0,328504 0,000034
notices 1,609438 0,000169
noticing 0,941609 0,000099
notify 2,040221 0,000214
notion 0,371064 0,000039
notions 0,776529 0,000081
notoriously 2,407946 0,000253
nourishment 0,994252 0,000104
novelty 0,916291 0,000096
november 0,544727 0,000057
nowt 3,218876 0,000338
numbed 2,525729 0,000265
numerous 0,235722 0,000025
nurse 0,478036 0,000050
nursed 1,203973 0,000126
nurses 1,171183 0,000123
nursing 0,867501 0,000091
nurture 2,525729 0,000265
nut 1,386294 0,000145
nutmeg 2,207275 0,000231
nuts 1,049822 0,000110
nutshells 3,912023 0,000410
oar 1,237874 0,000130
oared 3,218876 0,000338
oars 1,203973 0,000126
oarsmen 2,407946 0,000253
oath 0,510826 0,000054
oaths 0,891598 0,000093
obdurate 1,771957 0,000186
obedience 0,494296 0,000052
obey 0,400478 0,000042
object 0,127833 0,000013
objected 0,755023 0,000079
objecting 2,525729 0,000265
objection 0,616186 0,000065
objectionable 1,897120 0,000199
objections 0,820981 0,000086
objects 0,356675 0,000037
obligated 3,218876 0,000338
obligation 0,843970 0,000089
obligations 1,021651 0,000107
oblige 0,967584 0,000101
obliged 0,287682 0,000030
obliging 1,078810 0,000113
obnoxious 1,514128 0,000159
obscure 0,544727 0,000057
obscurely 1,832581 0,000192
obsequious 1,560648 0,000164
observance 1,514128 0,000159
observances 2,813411 0,000295
observant 1,309333 0,000137
observation 0,446287 0,000047
observatory 2,302585 0,000241
observe 0,235722 0,000025
observed 0,162519 0,000017
observing 0,510826 0,000054
obstacles 0,798508 0,000084
obstinacy 1,108663 0,000116
obstinate 0,713350 0,000075
obstinately 1,272966 0,000133
obstruction 1,832581 0,000192
obstructions 2,302585 0,000241
obtruded 2,659260 0,000279
obtrusive 2,302585 0,000241
obtuseness 3,218876 0,000338
obvious 0,415515 0,000044
occasion 0,105361 0,000011
occasional 0,510826 0,000054
occasionally 0,371064 0,000039
occasioned 0,798508 0,000084
occasions 0,430783 0,000045
occupants 1,469676 0,000154
occupation 0,494296 0,000052
occupied 0,235722 0,000025
occupy 0,634878 0,000067
occupying 1,171183 0,000123
occurred 0,261365 0,000027
occurrence 0,843970 0,000089
occurs 1,049822 0,000110
octagonal 2,659260 0,000279
odd 0,385662 0,000040
oddly 1,469676 0,000154
odds 1,108663 0,000116
ode 2,120264 0,000222
odious 0,941609 0,000099
offence 0,579818 0,000061
offences 1,427116 0,000150
offended 0,616186 0,000065
offender 1,514128 0,000159
offensive 0,693147 0,000073
offer 0,162519 0,000017
offered 0,139262 0,000015
offering 0,400478 0,000042
office 0,072571 0,000008
officer 0,478036 0,000050
officers 0,494296 0,000052
offices 0,510826 0,000054
official 0,235722 0,000025
officiating 2,525729 0,000265
offshoot 2,995732 0,000314
oftener 1,049822 0,000110
ogre 2,040221 0,000214
oiled 1,897120 0,000199
olive 0,994252 0,000104
ominously 1,966113 0,000206
omit 1,021651 0,000107
omitting 1,714798 0,000180
omnipotent 1,660731 0,000174
ooze 2,525729 0,000265
ope 2,302585 0,000241
opener 2,525729 0,000265
openly 0,494296 0,000052
operas 2,525729 0,000265
operate 1,309333 0,000137
ophelia 2,525729 0,000265
ophthalmic 3,912023 0,000410
opinion 0,139262 0,000015
opinions 0,527633 0,000055
opportune 2,120264 0,000222
opportunities 0,235722 0,000025
opportunity 0,061875 0,000006
opposed 0,653926 0,000069
opposition 0,494296 0,000052
oppressed 0,693147 0,000073
oppressive 1,171183 0,000123
oracle 1,469676 0,000154
orange 0,941609 0,000099
oranges 1,660731 0,000174
oration 1,609438 0,000169
orchard 1,609438 0,000169
orchestra 1,609438 0,000169
orderly 0,941609 0,000099
ordinary 0,186330 0,000020
ordnance 2,302585 0,000241
organ 0,776529 0,000081
original 0,105361 0,000011
originally 0,673345 0,000071
originate 1,897120 0,000199
originated 1,237874 0,000130
originating 2,525729 0,000265
ornamental 1,386294 0,000145
ornamented 1,171183 0,000123
ornaments 0,843970 0,000089
orphan 0,891598 0,000093
orphans 1,514128 0,000159
orthographical 3,506558 0,000368
os 2,995732 0,000314
ostentatious 2,120264 0,000222
ostentatiously 2,207275 0,000231
ostler 2,659260 0,000279
ostriches 2,659260 0,000279
ounce 1,609438 0,000169
ounces 2,407946 0,000253
outbreak 1,660731 0,000174
outburst 1,386294 0,000145
outdone 1,966113 0,000206
outer 0,510826 0,000054
outfit 1,237874 0,000130
outlaw 2,659260 0,000279
outline 0,994252 0,000104
outlived 2,302585 0,000241
outrage 1,049822 0,000110
outraged 1,272966 0,000133
outrageous 1,386294 0,000145
outright 1,309333 0,000137
outrunning 3,912023 0,000410
outshone 3,218876 0,000338
outspread 2,120264 0,000222
outward 0,579818 0,000061
outwatched 3,506558 0,000368
overboard 1,347074 0,000141
overcame 0,941609 0,000099
overcome 0,261365 0,000027
overcoming 1,469676 0,000154
overdo 2,525729 0,000265
overdoing 2,995732 0,000314
overflowed 1,347074 0,000141
overflowing 0,994252 0,000104
overgrown 1,660731 0,000174
overhanging 1,514128 0,000159
overhead 0,843970 0,000089
overhear 1,897120 0,000199
overheard 1,078810 0,000113
overhearing 2,659260 0,000279
overhung 1,771957 0,000186
overjoyed 1,771957 0,000186
overlook 1,021651 0,000107
overlooking 1,514128 0,000159
overlying 3,912023 0,000410
overmatched 3,506558 0,000368
overmuch 2,040221 0,000214
overnight 2,525729 0,000265
overpowered 1,049822 0,000110
overrated 2,659260 0,000279
overshadowing 2,525729 0,000265
overshooting 3,912023 0,000410
overspreading 2,659260 0,000279
overstate 3,506558 0,000368
overtaken 0,967584 0,000101
overtaking 1,660731 0,000174
overtook 1,108663 0,000116
owe 0,494296 0,000052
owed 0,139262 0,000015
owner 0,116534 0,000012
ox 0,941609 0,000099
oyster 1,660731 0,000174
oysters 1,660731 0,000174
pace 0,328504 0,000034
paces 0,673345 0,000071
pacific 1,560648 0,000164
pacing 1,108663 0,000116
pack 0,597837 0,000063
packages 1,832581 0,000192
packed 0,616186 0,000065
packet 1,309333 0,000137
packets 2,302585 0,000241
packing 1,108663 0,000116
paddles 2,207275 0,000231
pageant 2,302585 0,000241
paid 0,061875 0,000006
pail 1,469676 0,000154
pain 0,174353 0,000018
pained 1,203973 0,000126
painful 0,328504 0,000034
painfully 0,916291 0,000096
pains 0,301105 0,000032
painted 0,356675 0,000037
painting 0,798508 0,000084
pair 0,235722 0,000025
pale 0,198451 0,000021
paleness 1,609438 0,000169
pall 1,469676 0,000154
pallor 1,347074 0,000141
palm 0,494296 0,000052
pals 2,659260 0,000279
pampered 1,897120 0,000199
pan 0,967584 0,000101
pane 1,469676 0,000154
panelled 2,302585 0,000241
panels 1,386294 0,000145
pannikins 3,912023 0,000410
panted 1,427116 0,000150
panting 0,597837 0,000063
pantomime 2,040221 0,000214
pantry 2,040221 0,000214
papa 1,272966 0,000133
paper 0,083382 0,000009
papers 0,385662 0,000040
paraded 1,897120 0,000199
paragraph 0,328504 0,000034
paralytic 2,995732 0,000314
parcel 1,139434 0,000119
pardner 3,218876 0,000338
pardners 3,218876 0,000338
pardon 0,301105 0,000032
parent 0,713350 0,000075
parentage 1,832581 0,000192
parental 1,514128 0,000159
parenthesis 2,407946 0,000253
parenthetical 3,912023 0,000410
parents 0,314711 0,000033
paris 0,562119 0,000059
parish 0,916291 0,000096
park 0,776529 0,000081
parks 1,832581 0,000192
parley 1,609438 0,000169
parliament 1,049822 0,000110
parliamentary 2,120264 0,000222
parlour 1,469676 0,000154
paroxysm 1,514128 0,000159
parrots 2,302585 0,000241
parsley 2,659260 0,000279
partake 1,171183 0,000123
partaken 2,302585 0,000241
partial 0,733969 0,000077
partially 0,967584 0,000101
participate 1,714798 0,000180
participation 1,660731 0,000174
particle 1,309333 0,000137
particulars 0,776529 0,000081
parties 0,371064 0,000039
partly 0,301105 0,000032
partner 0,673345 0,000071
partners 0,994252 0,000104
partnership 1,514128 0,000159
partook 1,560648 0,000164
party 0,061875 0,000006
pass 0,040822 0,000004
passage 0,139262 0,000015
passages 0,527633 0,000055
passed 0,040822 0,000004
passenger 1,078810 0,000113
passengers 0,843970 0,000089
passing 0,094311 0,000010
passion 0,186330 0,000020
passionate 0,634878 0,000067
passionately 0,941609 0,000099
passions 0,478036 0,000050
passive 0,941609 0,000099
passports 2,207275 0,000231
pastry 2,120264 0,000222
pastureless 3,912023 0,000410
pat 1,386294 0,000145
patches 0,941609 0,000099
patchwork 2,040221 0,000214
patented 3,218876 0,000338
path 0,198451 0,000021
pathetic 1,108663 0,000116
pathetically 1,897120 0,000199
paths 0,755023 0,000079
pathway 1,714798 0,000180
patience 0,139262 0,000015
patient 0,274437 0,000029
patriotic 1,469676 0,000154
patron 0,867501 0,000091
patronage 1,272966 0,000133
patroness 2,120264 0,000222
patronise 3,912023 0,000410
patronised 2,995732 0,000314
patronizing 2,995732 0,000314
patted 1,108663 0,000116
pattens 3,506558 0,000368
pattern 0,693147 0,000073
paul 0,798508 0,000084
paupers 2,525729 0,000265
pause 0,371064 0,000039
paused 0,562119 0,000059
pausing 1,078810 0,000113
paved 1,108663 0,000116
pavement 0,843970 0,000089
pay 0,051293 0,000005
paying 0,116534 0,000012
payments 0,415515 0,000044
pays 0,994252 0,000104
pea 2,207275 0,000231
peace 0,094311 0,000010
peaceable 1,347074 0,000141
peaceful 0,478036 0,000050
peach 1,897120 0,000199
peal 1,309333 0,000137
peals 1,771957 0,000186
peas 1,714798 0,000180
pebbles 1,427116 0,000150
peck 1,897120 0,000199
peculiar 0,223144 0,000023
peculiarity 1,171183 0,000123
peculiarly 0,755023 0,000079
peddles 3,218876 0,000338
peel 1,966113 0,000206
peep 0,994252 0,000104
peeped 1,049822 0,000110
peeping 1,139434 0,000119
peer 1,386294 0,000145
peering 0,891598 0,000093
peerless 2,995732 0,000314
peg 1,427116 0,000150
pegging 2,813411 0,000295
pegs 2,040221 0,000214
pelted 2,302585 0,000241
pen 0,371064 0,000039
penalties 1,514128 0,000159
penalty 1,049822 0,000110
penance 1,514128 0,000159
pence 1,560648 0,000164
pencil 0,634878 0,000067
penitence 1,514128 0,000159
penitent 1,237874 0,000130
penitential 2,659260 0,000279
penitentially 3,912023 0,000410
penitentials 3,912023 0,000410
penitently 3,506558 0,000368
penknife 2,302585 0,000241
penned 2,040221 0,000214
penny 0,755023 0,000079
pens 1,347074 0,000141
people 0,010050 0,000001
pepper 1,309333 0,000137
peppercorny 3,912023 0,000410
perceive 0,356675 0,000037
perceived 0,400478 0,000042
perceives 1,714798 0,000180
perceiving 0,867501 0,000091
perceptibly 1,771957 0,000186
perception 1,139434 0,000119
perch 1,347074 0,000141
perfect 0,072571 0,000008
perfected 1,272966 0,000133
perfection 0,478036 0,000050
perfectly 0,162519 0,000017
perforated 2,659260 0,000279
perform 0,150823 0,000016
performance 0,478036 0,000050
performances 0,314711 0,000033
performed 0,127833 0,000013
performing 0,261365 0,000027
perfumer 3,506558 0,000368
peril 0,867501 0,000091
period 0,274437 0,000029
periodical 1,660731 0,000174
perished 0,733969 0,000077
perishing 1,469676 0,000154
permission 0,150823 0,000016
pernicious 1,560648 0,000164
perpendicular 1,386294 0,000145
perpetual 0,478036 0,000050
perpetually 1,078810 0,000113
perplex 2,040221 0,000214
perplexed 0,755023 0,000079
perplexing 1,560648 0,000164
perplexities 2,040221 0,000214
perplexity 0,776529 0,000081
perseverance 1,108663 0,000116
persevered 1,966113 0,000206
persisted 0,713350 0,000075
persistent 1,347074 0,000141
persists 2,120264 0,000222
person 0,010050 0,000001
personage 1,237874 0,000130
personal 0,223144 0,000023
personally 0,798508 0,000084
persons 0,210721 0,000022
perspective 1,660731 0,000174
perspicuity 2,659260 0,000279
perspiration 1,237874 0,000130
persuade 0,446287 0,000047
persuaded 0,527633 0,000055
persuasive 1,714798 0,000180
persuasively 2,813411 0,000295
perusal 1,309333 0,000137
perused 1,897120 0,000199
pervade 2,302585 0,000241
pervaded 1,660731 0,000174
pervading 1,897120 0,000199
perversion 2,207275 0,000231
pester 2,407946 0,000253
petition 1,078810 0,000113
petitions 1,897120 0,000199
pettishly 2,659260 0,000279
pew 2,120264 0,000222
pews 2,659260 0,000279
phantom 1,078810 0,000113
phases 1,714798 0,000180
phenomenon 1,049822 0,000110
philip 1,237874 0,000130
philosophical 1,049822 0,000110
philosophy 0,597837 0,000063
phosphoric 3,506558 0,000368
photographs 1,660731 0,000174
phrase 0,174353 0,000018
physic 1,832581 0,000192
physical 0,198451 0,000021
physically 1,347074 0,000141
physiognomy 1,897120 0,000199
pi 3,218876 0,000338
piano 1,139434 0,000119
pick 0,415515 0,000044
picked 0,400478 0,000042
picking 0,634878 0,000067
pickled 1,966113 0,000206
pickles 2,302585 0,000241
picnics 2,525729 0,000265
picture 0,248461 0,000026
pictures 0,415515 0,000044
picturesque 0,755023 0,000079
pie 1,514128 0,000159
piece 0,072571 0,000008
pieced 3,506558 0,000368
pieces 0,139262 0,000015
piecing 3,218876 0,000338
pieman 3,506558 0,000368
pig 0,634878 0,000067
pigeon 1,386294 0,000145
pigeons 1,560648 0,000164
pigs 1,108663 0,000116
pigtail 2,659260 0,000279
pile 0,579818 0,000061
piled 0,713350 0,000075
piles 1,049822 0,000110
pilfering 2,813411 0,000295
pilgrim 1,309333 0,000137
pilgrimage 1,609438 0,000169
pill 2,120264 0,000222
pillar 0,916291 0,000096
pillow 0,776529 0,000081
pills 2,207275 0,000231
pilot 1,139434 0,000119
pimples 3,218876 0,000338
pin 0,713350 0,000075
pinch 1,021651 0,000107
pinching 1,966113 0,000206
pincushions 3,912023 0,000410
pink 0,867501 0,000091
pins 1,272966 0,000133
pint 1,427116 0,000150
pious 0,733969 0,000077
pip 2,813411 0,000295
pipe 0,494296 0,000052
piped 2,525729 0,000265
pipes 0,776529 0,000081
pips 3,506558 0,000368
pirate 1,560648 0,000164
pistol 0,941609 0,000099
pistols 1,514128 0,000159
pit 0,733969 0,000077
pitch 0,342490 0,000036
pitched 0,820981 0,000086
pitcher 1,714798 0,000180
pitching 1,832581 0,000192
pitchy 2,525729 0,000265
pitfall 3,218876 0,000338
pitied 0,891598 0,000093
pity 0,150823 0,000016
pitying 1,272966 0,000133
placable 3,218876 0,000338
placid 1,203973 0,000126
placidly 1,832581 0,000192
plain 0,040822 0,000004
plainer 1,660731 0,000174
plainly 0,261365 0,000027
plaintively 2,207275 0,000231
plaited 1,771957 0,000186
plan 0,261365 0,000027
plank 1,049822 0,000110
planned 0,916291 0,000096
planning 1,021651 0,000107
plans 0,371064 0,000039
plant 0,579818 0,000061
planted 0,634878 0,000067
plants 0,527633 0,000055
plaster 1,203973 0,000126
plate 0,527633 0,000055
plates 0,653926 0,000069
play 0,072571 0,000008
playacting 3,912023 0,000410
played 0,198451 0,000021
player 1,139434 0,000119
playfellow 2,995732 0,000314
playful 1,386294 0,000145
playfully 2,040221 0,000214
playing 0,186330 0,000020
plays 0,634878 0,000067
plea 1,139434 0,000119
pleaded 0,891598 0,000093
pleasant 0,162519 0,000017
pleasanter 1,108663 0,000116
pleasantly 0,820981 0,000086
pleasantry 1,469676 0,000154
pleased 0,150823 0,000016
pleasure 0,051293 0,000005
pleasures 0,653926 0,000069
plebeian 2,040221 0,000214
pledge 0,916291 0,000096
pledged 1,108663 0,000116
plenipotentiary 3,506558 0,000368
plenty 0,235722 0,000025
plied 1,309333 0,000137
plight 1,347074 0,000141
plots 1,771957 0,000186
plotters 3,218876 0,000338
plucked 0,776529 0,000081
plucking 1,386294 0,000145
plum 1,514128 0,000159
plumber 2,813411 0,000295
plumed 1,832581 0,000192
plummet 2,659260 0,000279
plump 1,078810 0,000113
plunge 0,733969 0,000077
plunged 0,544727 0,000057
plunging 1,049822 0,000110
plying 1,966113 0,000206
poacher 2,407946 0,000253
pocket 0,371064 0,000039
pockets 0,733969 0,000077
poet 0,597837 0,000063
poetic 1,347074 0,000141
poetry 0,693147 0,000073
pointedly 2,207275 0,000231
poising 2,813411 0,000295
poison 0,446287 0,000047
poisonous 1,272966 0,000133
poke 1,897120 0,000199
poked 1,427116 0,000150
poker 1,660731 0,000174
poking 1,469676 0,000154
pole 0,597837 0,000063
police 0,755023 0,000079
policeman 1,386294 0,000145
policy 0,820981 0,000086
polished 0,673345 0,000071
polite 0,693147 0,000073
politely 1,078810 0,000113
politeness 0,798508 0,000084
political 0,562119 0,000059
pollards 3,912023 0,000410
pompously 2,207275 0,000231
pon 2,525729 0,000265
pond 1,203973 0,000126
pondered 1,347074 0,000141
pondering 1,237874 0,000130
ponderous 1,203973 0,000126
poodles 2,995732 0,000314
pooh 1,514128 0,000159
pool 0,798508 0,000084
pools 1,309333 0,000137
poor 0,030459 0,000003
poorer 1,049822 0,000110
populace 1,660731 0,000174
popular 0,430783 0,000045
popularity 1,427116 0,000150
popularly 1,966113 0,000206
population 0,941609 0,000099
porcelain 1,771957 0,000186
porch 0,941609 0,000099
poring 2,040221 0,000214
pork 1,272966 0,000133
port 0,579818 0,000061
portable 2,207275 0,000231
portal 1,609438 0,000169
portentous 1,714798 0,000180
porter 1,078810 0,000113
portly 1,609438 0,000169
portmanteau 2,207275 0,000231
portraits 1,108663 0,000116
position 0,162519 0,000017
positions 0,941609 0,000099
positive 0,597837 0,000063
positively 0,776529 0,000081
possess 0,356675 0,000037
possessed 0,094311 0,000010
possessing 0,891598 0,000093
possession 0,083382 0,000009
possessions 0,776529 0,000081
possessor 1,139434 0,000119
possibility 0,162519 0,000017
post 0,248461 0,000026
postboy 2,813411 0,000295
posted 0,301105 0,000032
postern 2,995732 0,000314
posting 1,660731 0,000174
postponement 2,525729 0,000265
posts 0,713350 0,000075
posturing 3,218876 0,000338
pot 0,597837 0,000063
potatoes 1,237874 0,000130
potent 1,309333 0,000137
potman 3,912023 0,000410
pottle 3,506558 0,000368
pouch 1,660731 0,000174
poultice 2,813411 0,000295
poultry 1,660731 0,000174
pounce 2,040221 0,000214
pounced 2,040221 0,000214
pound 0,776529 0,000081
pounded 1,897120 0,000199
pounding 1,771957 0,000186
pounds 0,494296 0,000052
poured 0,385662 0,000040
pouring 0,693147 0,000073
poverty 0,446287 0,000047
powder 0,755023 0,000079
powdered 1,609438 0,000169
power 0,030459 0,000003
powerful 0,223144 0,000023
powerfully 1,714798 0,000180
powerless 1,139434 0,000119
powers 0,248461 0,000026
practicable 1,309333 0,000137
practical 0,494296 0,000052
practically 0,235722 0,000025
practice 0,162519 0,000017
practise 0,967584 0,000101
practised 0,733969 0,000077
practitioner 2,207275 0,000231
praise 0,371064 0,000039
praised 0,653926 0,000069
praises 0,941609 0,000099
praising 1,386294 0,000145
prancing 2,120264 0,000222
pray 0,371064 0,000039
prayed 0,673345 0,000071
prayer 0,478036 0,000050
prayers 0,478036 0,000050
prays 1,897120 0,000199
precaution 0,941609 0,000099
precautions 1,021651 0,000107
preceded 0,653926 0,000069
precedence 1,966113 0,000206
preceding 0,755023 0,000079
precious 0,162519 0,000017
precise 0,776529 0,000081
precisely 0,510826 0,000054
precision 0,798508 0,000084
predatory 2,659260 0,000279
predecessors 1,609438 0,000169
prediction 1,514128 0,000159
predominant 2,407946 0,000253
preface 0,733969 0,000077
prefer 0,385662 0,000040
preference 0,867501 0,000091
preferment 2,207275 0,000231
preferred 0,342490 0,000036
preferring 1,078810 0,000113
prejudice 0,733969 0,000077
preliminaries 2,040221 0,000214
preliminary 0,994252 0,000104
premature 1,203973 0,000126
prematurely 1,427116 0,000150
premises 1,021651 0,000107
premium 1,966113 0,000206
prentice 2,813411 0,000295
prentices 3,506558 0,000368
preoccupied 1,386294 0,000145
preparation 0,579818 0,000061
preparations 0,616186 0,000065
preparatory 1,309333 0,000137
prepare 0,162519 0,000017
prepared 0,105361 0,000011
preparing 0,415515 0,000044
prepossessions 3,218876 0,000338
preposterous 1,609438 0,000169
prescribing 2,659260 0,000279
presence 0,094311 0,000010
presentable 2,207275 0,000231
presentiment 1,427116 0,000150
presently 0,385662 0,000040
preservation 1,049822 0,000110
preserved 0,415515 0,000044
preserving 1,171183 0,000123
presided 1,237874 0,000130
presiding 1,427116 0,000150
press 0,274437 0,000029
pressed 0,274437 0,000029
pressing 0,385662 0,000040
pressure 0,527633 0,000055
pressures 2,813411 0,000295
presumed 1,078810 0,000113
presuming 1,714798 0,000180
pretence 0,891598 0,000093
pretences 2,040221 0,000214
pretend 0,446287 0,000047
pretended 0,562119 0,000059
pretender 2,659260 0,000279
pretending 0,755023 0,000079
pretext 0,941609 0,000099
prettier 1,272966 0,000133
prettily 1,469676 0,000154
pretty 0,150823 0,000016
prevailing 0,967584 0,000101
prevent 0,083382 0,000009
prevented 0,328504 0,000034
previous 0,094311 0,000010
prey 0,527633 0,000055
preyed 2,302585 0,000241
price 0,314711 0,000033
prices 1,309333 0,000137
pride 0,150823 0,000016
prime 0,713350 0,000075
primeval 1,897120 0,000199
prince 0,462035 0,000048
princely 1,714798 0,000180
princess 1,309333 0,000137
principal 0,287682 0,000030
principally 1,108663 0,000116
principals 2,659260 0,000279
principle 0,430783 0,000045
print 0,261365 0,000027
printed 0,174353 0,000018
priory 3,218876 0,000338
prison 0,287682 0,000030
prisoner 0,385662 0,000040
prisoners 0,941609 0,000099
prisons 1,427116 0,000150
private 0,198451 0,000021
privately 1,171183 0,000123
privilege 0,527633 0,000055
prize 0,579818 0,000061
probable 0,494296 0,000052
probe 2,207275 0,000231
proceed 0,301105 0,000032
proceeded 0,274437 0,000029
proceeding 0,510826 0,000054
proceedings 0,713350 0,000075
process 0,400478 0,000042
procession 0,733969 0,000077
procrastinating 3,912023 0,000410
prodigal 1,714798 0,000180
prodigious 1,021651 0,000107
prodigiously 1,714798 0,000180
produce 0,127833 0,000013
produced 0,105361 0,000011
producible 3,912023 0,000410
producing 0,713350 0,000075
production 0,314711 0,000033
professed 1,021651 0,000107
profession 0,527633 0,000055
professional 0,820981 0,000086
professionally 2,525729 0,000265
proffered 1,966113 0,000206
proficiency 1,660731 0,000174
profile 1,469676 0,000154
profit 0,248461 0,000026
profitable 0,891598 0,000093
profited 1,560648 0,000164
profiting 1,771957 0,000186
profits 0,314711 0,000033
profound 0,462035 0,000048
progress 0,174353 0,000018
progressing 1,832581 0,000192
prohibited 1,514128 0,000159
prohibition 0,430783 0,000045
project -0,009950 -0,000001
projects 1,237874 0,000130
prolix 2,995732 0,000314
prolonged 0,597837 0,000063
prolonging 2,407946 0,000253
prominent 0,967584 0,000101
promise 0,116534 0,000012
promised 0,198451 0,000021
promising 0,430783 0,000045
promoted 1,237874 0,000130
promotion 0,342490 0,000036
prompt 0,776529 0,000081
prone 1,078810 0,000113
pronounced 0,446287 0,000047
proof 0,287682 0,000030
propensities 1,966113 0,000206
proper 0,061875 0,000006
property 0,127833 0,000013
prophesy 2,120264 0,000222
propitiate 1,771957 0,000186
propitiation 2,995732 0,000314
proportion 0,371064 0,000039
proportioned 1,386294 0,000145
proportions 0,776529 0,000081
proposal 0,733969 0,000077
proposals 1,514128 0,000159
propose 0,527633 0,000055
proposed 0,371064 0,000039
proposing 1,309333 0,000137
proposition 0,916291 0,000096
propound 2,207275 0,000231
propped 1,347074 0,000141
proprieties 2,207275 0,000231
proprietor 1,139434 0,000119
proprietorship 3,218876 0,000338
proscribed 2,407946 0,000253
prose 1,021651 0,000107
prosecuted 1,771957 0,000186
prosecution 1,309333 0,000137
prospect 0,446287 0,000047
prospects 1,203973 0,000126
prospered 1,714798 0,000180
prospering 2,813411 0,000295
prosperity 0,820981 0,000086
prosperous 0,891598 0,000093
prosperously 2,525729 0,000265
prostrated 1,966113 0,000206
protected 0,415515 0,000044
protecting 1,309333 0,000137
protection 0,314711 0,000033
protest 0,798508 0,000084
protested 0,867501 0,000091
protesting 1,309333 0,000137
prove 0,174353 0,000018
proved 0,116534 0,000012
proverb 1,108663 0,000116
providence 0,693147 0,000073
providentially 2,659260 0,000279
providing 0,261365 0,000027
provinces 1,108663 0,000116
provincial 1,203973 0,000126
proving 0,820981 0,000086
provisions 0,223144 0,000023
provoked 0,941609 0,000099
provoking 1,078810 0,000113
prowl 2,407946 0,000253
prowling 1,714798 0,000180
prudent 0,616186 0,000065
pry 1,832581 0,000192
psalm 1,514128 0,000159
psychological 1,660731 0,000174
public 0,083382 0,000009
publican 2,813411 0,000295
publicly 0,994252 0,000104
pudding 1,386294 0,000145
puffed 1,272966 0,000133
puffy 2,407946 0,000253
pugilistic 3,506558 0,000368
pull 0,328504 0,000034
pulled 0,371064 0,000039
pulling 0,634878 0,000067
pulls 1,832581 0,000192
pummel 3,218876 0,000338
pump 1,469676 0,000154
pumps 1,832581 0,000192
punch 1,469676 0,000154
punctual 1,309333 0,000137
punctuality 1,897120 0,000199
pungent 1,832581 0,000192
punished 0,544727 0,000057
punishment 0,301105 0,000032
punishments 1,609438 0,000169
pupil 0,941609 0,000099
pupils 0,891598 0,000093
puppets 2,120264 0,000222
puppy 1,660731 0,000174
purblind 2,813411 0,000295
purchase 0,527633 0,000055
purchased 0,798508 0,000084
purchases 1,469676 0,000154
purchasing 1,514128 0,000159
pure 0,150823 0,000016
purified 1,309333 0,000137
purple 0,616186 0,000065
purpose 0,040822 0,000004
purposely 1,171183 0,000123
purposes 0,478036 0,000050
purposing 2,525729 0,000265
purse 0,616186 0,000065
purser 2,813411 0,000295
pursuance 2,302585 0,000241
pursuant 2,407946 0,000253
pursue 0,510826 0,000054
pursued 0,328504 0,000034
pursuers 1,560648 0,000164
pursuing 0,494296 0,000052
pursuit 0,328504 0,000034
pursuits 1,078810 0,000113
pushed 0,400478 0,000042
pushing 0,755023 0,000079
puzzled 0,494296 0,000052
quailed 2,407946 0,000253
qualified 0,967584 0,000101
qualities 0,446287 0,000047
quality 0,274437 0,000029
quantity 0,579818 0,000061
quantum 2,659260 0,000279
quarrel 0,328504 0,000034
quarrelled 1,560648 0,000164
quarries 2,407946 0,000253
quarry 1,427116 0,000150
quarter 0,223144 0,000023
quarterly 2,207275 0,000231
queen 0,415515 0,000044
queens 1,660731 0,000174
queer 0,776529 0,000081
queerest 1,966113 0,000206
quell 2,040221 0,000214
querulous 2,120264 0,000222
quest 0,776529 0,000081
question 0,051293 0,000005
questionable 1,714798 0,000180
questioned 0,673345 0,000071
questioner 1,832581 0,000192
questioning 0,798508 0,000084
questions 0,127833 0,000013
quick 0,139262 0,000015
quickened 1,203973 0,000126
quicker 0,867501 0,000091
quickness 1,237874 0,000130
quiet 0,116534 0,000012
quieted 1,309333 0,000137
quieter 1,660731 0,000174
quietly 0,261365 0,000027
quietness 1,832581 0,000192
quintin 3,506558 0,000368
quit 0,616186 0,000065
quitted 1,049822 0,000110
quivering 0,798508 0,000084
rabbits 1,660731 0,000174
race 0,198451 0,000021
races 0,713350 0,000075
radiant 0,867501 0,000091
rafters 1,714798 0,000180
rag 1,203973 0,000126
rage 0,261365 0,000027
rages 1,897120 0,000199
ragged 0,776529 0,000081
rags 0,916291 0,000096
rail 0,798508 0,000084
rails 1,309333 0,000137
rain 0,223144 0,000023
rains 0,967584 0,000101
rainy 0,967584 0,000101
raise 0,174353 0,000018
raised 0,061875 0,000006
raising 0,274437 0,000029
raked 1,897120 0,000199
rakes 2,040221 0,000214
raking 2,813411 0,000295
rakish 3,218876 0,000338
rallied 1,427116 0,000150
rallying 2,120264 0,000222
ram 1,203973 0,000126
rampage 3,218876 0,000338
rampages 3,912023 0,000410
range 0,446287 0,000047
ranged 1,049822 0,000110
ranges 1,514128 0,000159
rank 0,287682 0,000030
rankled 2,525729 0,000265
rantipole 3,912023 0,000410
rap 1,609438 0,000169
rapid 0,371064 0,000039
rapidity 0,820981 0,000086
rapture 0,967584 0,000101
rapturously 1,832581 0,000192
rare 0,274437 0,000029
rarely 0,527633 0,000055
rascal 0,967584 0,000101
rash 0,891598 0,000093
rasped 3,218876 0,000338
rasping 2,995732 0,000314
rat 1,078810 0,000113
rate 0,274437 0,000029
rater 3,912023 0,000410
rattle 0,891598 0,000093
rattled 1,272966 0,000133
rattling 0,916291 0,000096
ravaging 2,813411 0,000295
raved 1,714798 0,000180
ravel 3,506558 0,000368
ravenous 1,514128 0,000159
ravenously 2,659260 0,000279
raw 0,713350 0,000075
rawness 2,995732 0,000314
raymond 3,218876 0,000338
rays 0,776529 0,000081
razor 1,771957 0,000186
reach 0,051293 0,000005
reached 0,127833 0,000013
reaches 0,820981 0,000086
reaching 0,083382 0,000009
reaction 1,272966 0,000133
read 0,020203 0,000002
reader 0,342490 0,000036
readers 0,776529 0,000081
readier 2,302585 0,000241
readiest 1,966113 0,000206
readiness 0,634878 0,000067
reading 0,061875 0,000006
ready 0,030459 0,000003
real 0,040822 0,000004
realisation 1,966113 0,000206
realise 1,347074 0,000141
realised 1,309333 0,000137
realities 1,347074 0,000141
reality 0,328504 0,000034
reaping 1,832581 0,000192
reappear 1,832581 0,000192
reappearance 1,832581 0,000192
reappeared 1,347074 0,000141
reappearing 2,120264 0,000222
rear 0,527633 0,000055
reared 0,891598 0,000093
reargued 3,912023 0,000410
reason 0,010050 0,000001
reasonable 0,116534 0,000012
reasoned 0,994252 0,000104
reasoning 0,733969 0,000077
reasons 0,223144 0,000023
reassurance 2,659260 0,000279
reassuring 1,560648 0,000164
reawakening 2,995732 0,000314
rebel 1,078810 0,000113
rebellious 1,049822 0,000110
rebuff 2,407946 0,000253
recall 0,478036 0,000050
recalled 0,634878 0,000067
recalling 1,108663 0,000116
receipt 0,314711 0,000033
receive 0,083382 0,000009
received 0,040822 0,000004
receiving 0,116534 0,000012
reception 0,693147 0,000073
recess 1,171183 0,000123
reciprocated 2,813411 0,000295
recital 1,514128 0,000159
recitals 3,218876 0,000338
recited 1,771957 0,000186
reckless 1,049822 0,000110
reckon 0,693147 0,000073
reckoning 0,843970 0,000089
reclined 1,771957 0,000186
recluses 3,218876 0,000338
recognisable 2,995732 0,000314
recognise 1,049822 0,000110
recognised 0,891598 0,000093
recognising 1,660731 0,000174
recognition 0,713350 0,000075
recoiled 1,514128 0,000159
recoiling 2,659260 0,000279
recollect 0,713350 0,000075
recollecting 1,514128 0,000159
recollection 0,616186 0,000065
recommend 0,755023 0,000079
recommendation 1,309333 0,000137
recommended 0,634878 0,000067
recommending 1,714798 0,000180
recompense 1,309333 0,000137
reconcilable 3,218876 0,000338
reconnoitre 2,407946 0,000253
reconsider 2,407946 0,000253
reconsidered 3,218876 0,000338
record 0,400478 0,000042
recorded 0,733969 0,000077
recorder 2,659260 0,000279
recorders 3,506558 0,000368
records 0,798508 0,000084
recount 2,040221 0,000214
recounted 1,560648 0,000164
recounting 1,832581 0,000192
recover 0,356675 0,000037
recovered 0,385662 0,000040
recovery 0,616186 0,000065
recruiting 1,897120 0,000199
recurring 1,347074 0,000141
red 0,072571 0,000008
reddened 1,427116 0,000150
redeem 1,021651 0,000107
redeeming 1,771957 0,000186
redness 2,040221 0,000214
reduced 0,371064 0,000039
reeds 1,386294 0,000145
reek 2,407946 0,000253
reeled 1,714798 0,000180
refectories 3,912023 0,000410
refer 0,653926 0,000069
referable 2,813411 0,000295
reference 0,562119 0,000059
references 0,430783 0,000045
referred 0,616186 0,000065
referring 0,967584 0,000101
refined 0,798508 0,000084
reflect 0,653926 0,000069
reflected 0,371064 0,000039
reflecting 0,755023 0,000079
reflection 0,356675 0,000037
reflections 0,798508 0,000084
reflectively 1,897120 0,000199
reformatory 3,218876 0,000338
refractory 1,771957 0,000186
refrain 0,776529 0,000081
refrained 1,469676 0,000154
refraining 2,659260 0,000279
refresh 1,272966 0,000133
refreshed 0,820981 0,000086
refreshment 0,941609 0,000099
refreshments 1,771957 0,000186
refurbished 3,912023 0,000410
refuse 0,371064 0,000039
refused 0,235722 0,000025
refusing 0,776529 0,000081
regaled 2,302585 0,000241
regard 0,150823 0,000016
regarded 0,301105 0,000032
region 0,673345 0,000071
regret 0,385662 0,000040
regrets 1,108663 0,000116
regretted 0,843970 0,000089
regular 0,287682 0,000030
regularly 0,616186 0,000065
regulated 1,203973 0,000126
rehearsal 2,120264 0,000222
reign 0,733969 0,000077
reiterate 2,659260 0,000279
reiterated 1,560648 0,000164
rejecting 1,309333 0,000137
rejoiced 0,776529 0,000081
rejoined 1,021651 0,000107
rekindling 2,813411 0,000295
relapsed 1,832581 0,000192
relate 0,562119 0,000059
relation 0,446287 0,000047
relations 0,287682 0,000030
relationships 2,302585 0,000241
relative 0,693147 0,000073
relatives 0,941609 0,000099
relax 1,386294 0,000145
release 0,210721 0,000022
released 0,616186 0,000065
releasing 1,714798 0,000180
reliable 1,609438 0,000169
reliance 1,469676 0,000154
relics 1,203973 0,000126
relied 1,560648 0,000164
relief 0,198451 0,000021
relieve 0,544727 0,000057
relieved 0,478036 0,000050
religion 0,446287 0,000047
religious 0,446287 0,000047
religiously 1,560648 0,000164
relinquish 1,237874 0,000130
relinquished 1,514128 0,000159
relinquishing 2,120264 0,000222
relish 1,021651 0,000107
relishing 2,995732 0,000314
reluctance 1,049822 0,000110
reluctant 1,021651 0,000107
reluctantly 0,941609 0,000099
rely 0,891598 0,000093
remain 0,040822 0,000004
remained 0,116534 0,000012
remaining 0,094311 0,000010
remains 0,150823 0,000016
remark 0,314711 0,000033
remarkable 0,235722 0,000025
remarkably 0,733969 0,000077
remarked 0,415515 0,000044
remarking 1,427116 0,000150
remarks 0,462035 0,000048
remedy 0,693147 0,000073
remember 0,083382 0,000009
remembered 0,162519 0,000017
remembering 0,776529 0,000081
remembrance 0,733969 0,000077
remembrances 2,040221 0,000214
remind 0,755023 0,000079
reminded 0,527633 0,000055
reminding 1,049822 0,000110
reminds 1,427116 0,000150
remissness 2,525729 0,000265
remonstrance 1,347074 0,000141
remonstrances 1,771957 0,000186
remonstrate 2,040221 0,000214
remonstrated 1,832581 0,000192
remorse 0,755023 0,000079
remorseful 2,525729 0,000265
remote 0,544727 0,000057
remotely 2,120264 0,000222
remoter 1,966113 0,000206
remove 0,127833 0,000013
removed 0,061875 0,000006
removing 0,673345 0,000071
remunerate 3,506558 0,000368
remunerative 2,659260 0,000279
render 0,371064 0,000039
rendered 0,527633 0,000055
rendering 0,891598 0,000093
renders 1,347074 0,000141
renew 0,776529 0,000081
renewed 0,510826 0,000054
renounce 1,237874 0,000130
renown 1,309333 0,000137
renowned 1,171183 0,000123
rent 0,597837 0,000063
rented 2,207275 0,000231
reopened 2,040221 0,000214
repaid 1,309333 0,000137
repair 0,693147 0,000073
repaired 0,941609 0,000099
repairing 1,347074 0,000141
reparation 1,832581 0,000192
repassed 2,207275 0,000231
repay 0,891598 0,000093
repaying 2,040221 0,000214
repeat 0,328504 0,000034
repeated 0,127833 0,000013
repeatedly 1,108663 0,000116
repeater 2,995732 0,000314
repeating 0,527633 0,000055
repelled 1,309333 0,000137
repent 0,713350 0,000075
repentance 0,798508 0,000084
repentant 1,832581 0,000192
repented 1,347074 0,000141
repetition 0,843970 0,000089
replace 0,342490 0,000036
replaced 0,820981 0,000086
replenish 1,714798 0,000180
replied 0,235722 0,000025
reply 0,174353 0,000018
replying 1,272966 0,000133
report 0,301105 0,000032
reported 0,162519 0,000017
reports 0,261365 0,000027
repose 0,544727 0,000057
reposed 1,427116 0,000150
reposing 1,771957 0,000186
represent 0,494296 0,000052
representation 1,021651 0,000107
representations 0,356675 0,000037
representative 1,078810 0,000113
represented 0,462035 0,000048
representing 0,891598 0,000093
repress 1,237874 0,000130
repressed 1,427116 0,000150
repressing 2,120264 0,000222
reproach 0,371064 0,000039
reproached 1,203973 0,000126
reproaches 1,049822 0,000110
reproachful 1,309333 0,000137
reproachfully 1,714798 0,000180
republic 1,427116 0,000150
repudiate 2,407946 0,000253
repudiated 2,120264 0,000222
repugnance 1,386294 0,000145
repulse 1,609438 0,000169
repulsed 1,347074 0,000141
repulsion 2,040221 0,000214
repulsive 1,049822 0,000110
reputably 3,218876 0,000338
reputation 0,385662 0,000040
reputed 1,514128 0,000159
request 0,127833 0,000013
requested 0,843970 0,000089
requesting 1,560648 0,000164
required 0,083382 0,000009
requirement 2,407946 0,000253
requirements 0,415515 0,000044
requires 0,673345 0,000071
requiring 1,108663 0,000116
requisite 1,108663 0,000116
requited 2,207275 0,000231
rescue 0,562119 0,000059
rescued 1,139434 0,000119
rescues 2,995732 0,000314
resemblance 0,755023 0,000079
resent 1,427116 0,000150
resented 1,203973 0,000126
resentful 1,966113 0,000206
resenting 2,040221 0,000214
resentment 0,820981 0,000086
reservation 1,832581 0,000192
reservations 2,407946 0,000253
reserve 0,478036 0,000050
residence 0,713350 0,000075
residences 2,407946 0,000253
residing 1,560648 0,000164
resignation 0,994252 0,000104
resigned 0,967584 0,000101
resistance 0,430783 0,000045
resisted 0,776529 0,000081
resolute 0,916291 0,000096
resolution 0,462035 0,000048
resolutions 1,309333 0,000137
resolve 0,713350 0,000075
resolved 0,342490 0,000036
resort 0,891598 0,000093
resorting 2,120264 0,000222
resounded 1,021651 0,000107
resource 1,078810 0,000113
resources 0,733969 0,000077
respect 0,094311 0,000010
respectable 0,430783 0,000045
respected 0,673345 0,000071
respectful 0,755023 0,000079
respectfully 1,139434 0,000119
respecting 1,139434 0,000119
respects 0,527633 0,000055
respond 1,386294 0,000145
responded 0,916291 0,000096
respondent 3,218876 0,000338
responding 1,897120 0,000199
response 0,916291 0,000096
responsibilities 1,832581 0,000192
responsibility 0,776529 0,000081
responsible 0,693147 0,000073
responsive 1,609438 0,000169
rest 0,010050 0,000001
rested 0,314711 0,000033
resting 0,314711 0,000033
restless 0,478036 0,000050
restlessly 1,514128 0,000159
restlessness 1,347074 0,000141
restorative 2,302585 0,000241
restore 0,653926 0,000069
restored 0,385662 0,000040
restoring 1,272966 0,000133
restrain 0,673345 0,000071
restrained 0,776529 0,000081
restraining 1,427116 0,000150
restraint 0,733969 0,000077
result 0,174353 0,000018
resume 0,776529 0,000081
resumed 0,415515 0,000044
resuming 1,560648 0,000164
retain 0,597837 0,000063
retained 0,527633 0,000055
retaken 2,407946 0,000253
retaliations 3,218876 0,000338
reticence 2,040221 0,000214
reticent 2,525729 0,000265
retired 0,342490 0,000036
retirement 1,108663 0,000116
retiring 0,843970 0,000089
retort 1,386294 0,000145
retorted 1,139434 0,000119
retrace 1,832581 0,000192
retreat 0,494296 0,000052
retributive 2,995732 0,000314
retrospectively 3,506558 0,000368
return 0,040822 0,000004
returned 0,061875 0,000006
returning 0,127833 0,000013
returns 0,235722 0,000025
reveal 0,616186 0,000065
revelation 0,820981 0,000086
revenge 0,544727 0,000057
revengeful 1,469676 0,000154
revengefully 3,912023 0,000410
reverberating 2,659260 0,000279
reverence 0,634878 0,000067
reverse 0,579818 0,000061
reversed 1,171183 0,000123
revert 1,897120 0,000199
reverted 1,609438 0,000169
reverting 2,302585 0,000241
reviewed 1,660731 0,000174
reviewing 1,832581 0,000192
revisit 2,120264 0,000222
revival 1,771957 0,000186
revive 0,941609 0,000099
revived 0,820981 0,000086
reviving 1,427116 0,000150
revolving 1,309333 0,000137
reward 0,328504 0,000034
rewarded 0,713350 0,000075
rhapsody 2,813411 0,000295
rheumatic 2,659260 0,000279
ribbon 1,237874 0,000130
ribs 1,021651 0,000107
rich 0,139262 0,000015
richard 1,021651 0,000107
richly 0,891598 0,000093
richmond 2,120264 0,000222
rick 3,218876 0,000338
ricks 3,506558 0,000368
rid 0,223144 0,000023
riddance 2,813411 0,000295
riddles 1,714798 0,000180
ride 0,462035 0,000048
ridgy 3,506558 0,000368
ridiculous 0,478036 0,000050
rifle 1,514128 0,000159
rigging 1,771957 0,000186
righteous 1,203973 0,000126
rigidity 1,966113 0,000206
rigidly 1,832581 0,000192
rim 1,469676 0,000154
rims 2,813411 0,000295
rimy 3,912023 0,000410
rind 2,302585 0,000241
rinse 3,218876 0,000338
riotous 1,897120 0,000199
ripple 1,560648 0,000164
rippling 1,560648 0,000164
rise 0,040822 0,000004
risen 0,342490 0,000036
rising 0,116534 0,000012
risk 0,371064 0,000039
risked 1,514128 0,000159
river 0,174353 0,000018
riveted 1,560648 0,000164
road 0,150823 0,000016
roadway 2,120264 0,000222
roam 1,560648 0,000164
roar 0,597837 0,000063
roared 0,673345 0,000071
roaring 0,713350 0,000075
roars 1,897120 0,000199
roast 0,994252 0,000104
roasted 1,272966 0,000133
roasting 1,771957 0,000186
rob 0,653926 0,000069
robbed 0,733969 0,000077
robber 0,891598 0,000093
robbers 1,078810 0,000113
robbery 1,078810 0,000113
robe 0,941609 0,000099
robes 0,916291 0,000096
robin 2,207275 0,000231
rock 0,385662 0,000040
rocked 1,714798 0,000180
rocking 1,347074 0,000141
rod 0,673345 0,000071
rode 0,616186 0,000065
roger 2,040221 0,000214
rogue 1,272966 0,000133
rogues 1,660731 0,000174
roll 0,415515 0,000044
rolled 0,356675 0,000037
roller 2,407946 0,000253
rolling 0,415515 0,000044
rolls 1,139434 0,000119
roman 0,755023 0,000079
romance 0,693147 0,000073
romans 1,272966 0,000133
romantic 0,891598 0,000093
roof 0,223144 0,000023
roofless 2,995732 0,000314
roofs 0,994252 0,000104
rooks 2,407946 0,000253
root 0,385662 0,000040
rooted 0,994252 0,000104
rope 0,616186 0,000065
roscian 3,912023 0,000410
rose 0,094311 0,000010
rot 1,203973 0,000126
rotatory 3,218876 0,000338
rots 3,218876 0,000338
rotted 1,832581 0,000192
rotten 0,941609 0,000099
rottenness 2,407946 0,000253
rotterdam 2,659260 0,000279
rotting 1,514128 0,000159
rouge 1,966113 0,000206
rough 0,186330 0,000020
roughened 2,525729 0,000265
roughly 0,544727 0,000057
roundabout 1,771957 0,000186
rounded 1,021651 0,000107
rouse 0,798508 0,000084
roused 0,653926 0,000069
routine 1,272966 0,000133
rove 1,966113 0,000206
row 0,544727 0,000057
rowed 1,714798 0,000180
rowers 2,302585 0,000241
rowing 1,609438 0,000169
rows 0,733969 0,000077
royal 0,400478 0,000042
rub 1,108663 0,000116
rubbed 0,544727 0,000057
rubbing 0,713350 0,000075
rubbish 1,108663 0,000116
rubicund 2,995732 0,000314
rubies 2,302585 0,000241
rudder 1,897120 0,000199
rude 0,342490 0,000036
rudiments 1,660731 0,000174
rueful 2,120264 0,000222
ruffled 1,272966 0,000133
ruffles 2,525729 0,000265
rug 1,386294 0,000145
ruin 0,287682 0,000030
ruined 0,371064 0,000039
rule 0,198451 0,000021
ruler 1,108663 0,000116
rules 0,150823 0,000016
rum 1,309333 0,000137
rumination 3,912023 0,000410
rumple 3,912023 0,000410
rumpled 2,525729 0,000265
rums 3,912023 0,000410
runaway 1,609438 0,000169
runaways 2,813411 0,000295
running 0,967584 0,000101
rush 0,287682 0,000030
rushed 0,478036 0,000050
rushes 1,049822 0,000110
rushing 0,597837 0,000063
rushlight 3,218876 0,000338
rustic 1,108663 0,000116
rustily 3,912023 0,000410
rustle 1,139434 0,000119
rustled 1,832581 0,000192
rusty 1,078810 0,000113
sable 1,560648 0,000164
sables 2,995732 0,000314
sack 0,891598 0,000093
sackcloth 2,407946 0,000253
sacred 0,415515 0,000044
sacrifice 0,328504 0,000034
sad 0,223144 0,000023
saddened 1,771957 0,000186
sadder 1,609438 0,000169
saddle 0,916291 0,000096
saddler 2,995732 0,000314
sadly 0,510826 0,000054
sadness 0,820981 0,000086
safe 0,116534 0,000012
safely 0,371064 0,000039
safer 0,994252 0,000104
safest 1,560648 0,000164
safety 0,356675 0,000037
sagacious 1,660731 0,000174
sagaciously 3,218876 0,000338
sage 0,916291 0,000096
sail 0,634878 0,000067
sailed 0,820981 0,000086
sailing 0,653926 0,000069
sailor 0,755023 0,000079
sailors 0,916291 0,000096
sails 0,798508 0,000084
saint 0,673345 0,000071
sake 0,094311 0,000010
sal 2,659260 0,000279
salad 1,832581 0,000192
salary 1,309333 0,000137
sale 0,798508 0,000084
sally 1,309333 0,000137
saloon 1,514128 0,000159
salt 0,116534 0,000012
saltcellar 3,506558 0,000368
salutation 1,469676 0,000154
salute 0,967584 0,000101
saluted 1,078810 0,000113
sample 1,560648 0,000164
sanctified 1,560648 0,000164
sand 0,597837 0,000063
sandwich 1,966113 0,000206
sandwiches 2,659260 0,000279
sandy 1,049822 0,000110
sang 0,415515 0,000044
sanguinary 2,040221 0,000214
sanguine 1,609438 0,000169
sank 0,544727 0,000057
sap 1,771957 0,000186
sarah 2,040221 0,000214
sarcastic 1,427116 0,000150
sarcastically 2,120264 0,000222
sat 0,083382 0,000009
satins 2,813411 0,000295
satis 3,218876 0,000338
satisfaction 0,186330 0,000020
satisfied 0,105361 0,000011
satisfy 0,342490 0,000036
saturday 0,843970 0,000089
saturdays 2,659260 0,000279
sauce 1,832581 0,000192
saucepan 2,120264 0,000222
saucers 2,120264 0,000222
sauces 2,407946 0,000253
sauntered 1,771957 0,000186
sausage 1,966113 0,000206
savage 0,356675 0,000037
savagely 1,427116 0,000150
save 0,030459 0,000003
saved 0,274437 0,000029
saving 0,478036 0,000050
savings 1,714798 0,000180
savory 2,407946 0,000253
sawdust 2,207275 0,000231
sawdusty 3,912023 0,000410
sawpit 3,912023 0,000410
scabbard 1,897120 0,000199
scaffold 1,660731 0,000174
scale 0,446287 0,000047
scaly 2,207275 0,000231
scandalised 3,218876 0,000338
scant 1,609438 0,000169
scarcely 0,301105 0,000032
scarecrow 2,813411 0,000295
scared 0,941609 0,000099
scarf 1,427116 0,000150
scarlet 0,798508 0,000084
scarred 2,040221 0,000214
scatter 1,049822 0,000110
scattered 0,139262 0,000015
scattering 1,139434 0,000119
scene 0,198451 0,000021
scenes 0,494296 0,000052
scent 0,733969 0,000077
scented 1,203973 0,000126
scents 1,771957 0,000186
scheme 0,634878 0,000067
scheming 1,714798 0,000180
scholar 0,798508 0,000084
scholars 1,049822 0,000110
school 0,174353 0,000018
schoolboy 1,560648 0,000164
schoolfellows 2,407946 0,000253
schoolhouse 2,659260 0,000279
schooling 1,897120 0,000199
schools 0,755023 0,000079
scold 1,469676 0,000154
sconces 2,813411 0,000295
scooped 2,040221 0,000214
scorched 1,386294 0,000145
score 0,713350 0,000075
scores 1,171183 0,000123
scornful 1,203973 0,000126
scornfully 1,347074 0,000141
scorning 2,207275 0,000231
scoundrel 1,203973 0,000126
scoundrels 1,560648 0,000164
scourge 1,427116 0,000150
scowling 1,609438 0,000169
scrambled 1,469676 0,000154
scrap 1,386294 0,000145
scrape 1,203973 0,000126
scraped 1,386294 0,000145
scratched 1,049822 0,000110
scratches 2,207275 0,000231
scratching 1,108663 0,000116
scream 0,693147 0,000073
screamed 0,733969 0,000077
screams 1,386294 0,000145
screen 1,021651 0,000107
screened 1,897120 0,000199
screw 1,427116 0,000150
screwed 1,386294 0,000145
screwing 1,966113 0,000206
screws 1,966113 0,000206
scrubbing 2,040221 0,000214
scrutiny 1,272966 0,000133
scuffle 1,832581 0,000192
scullers 3,912023 0,000410
scum 1,771957 0,000186
scuttle 1,832581 0,000192
sea 0,116534 0,000012
seafaring 2,302585 0,000241
seal 0,562119 0,000059
sealed 0,820981 0,000086
seals 1,347074 0,000141
seaman 1,514128 0,000159
seaport 2,207275 0,000231
search 0,051293 0,000005
searched 0,713350 0,000075
searching 0,415515 0,000044
seared 2,207275 0,000231
season 0,287682 0,000030
seasons 0,673345 0,000071
seat 0,105361 0,000011
seated 0,223144 0,000023
seats 0,562119 0,000059
sech 2,995732 0,000314
secluded 1,237874 0,000130
seclusion 1,237874 0,000130
secrecy 0,820981 0,000086
secret 0,061875 0,000006
secretary 0,916291 0,000096
secretly 0,597837 0,000063
secrets 0,400478 0,000042
secure 0,072571 0,000008
secured 0,494296 0,000052
securing 1,021651 0,000107
security 0,544727 0,000057
sedan 2,995732 0,000314
sedative 2,995732 0,000314
seed 0,597837 0,000063
seeds 1,049822 0,000110
seedsman 3,912023 0,000410
seek 0,198451 0,000021
seeking 0,274437 0,000029
seize 0,446287 0,000047
seized 0,235722 0,000025
seizing 0,693147 0,000073
seldom 0,301105 0,000032
select 0,867501 0,000091
selected 0,634878 0,000067
selecting 1,237874 0,000130
selection 1,139434 0,000119
sell 0,430783 0,000045
send 0,030459 0,000003
sending 0,083382 0,000009
sends 0,544727 0,000057
sensation 0,462035 0,000048
sense 0,051293 0,000005
sensibly 1,139434 0,000119
sensitive 0,693147 0,000073
sensitiveness 2,040221 0,000214
sentence 0,127833 0,000013
sentenced 1,560648 0,000164
sentences 0,820981 0,000086
sententious 2,407946 0,000253
sentiment 0,478036 0,000050
sentiments 0,820981 0,000086
separate 0,248461 0,000026
separated 0,274437 0,000029
separately 1,108663 0,000116
separating 1,203973 0,000126
separation 0,776529 0,000081
sequence 1,560648 0,000164
serene 0,916291 0,000096
sergeant 1,897120 0,000199
series 0,494296 0,000052
sermon 1,021651 0,000107
serpent 0,755023 0,000079
serpentine 2,302585 0,000241
servant 0,186330 0,000020
servants 0,162519 0,000017
serve 0,174353 0,000018
served 0,186330 0,000020
serves 0,776529 0,000081
service 0,072571 0,000008
serviceable 1,237874 0,000130
services 0,494296 0,000052
servile 1,309333 0,000137
serving 0,634878 0,000067
sessions 2,120264 0,000222
set 0,010050 0,000001
sets 0,385662 0,000040
settee 2,407946 0,000253
setting 0,186330 0,000020
settle 0,356675 0,000037
settled 0,127833 0,000013
settlement 1,203973 0,000126
settles 1,347074 0,000141
settling 0,755023 0,000079
seventh 0,562119 0,000059
sever 1,609438 0,000169
severe 0,342490 0,000036
severely 0,634878 0,000067
severest 1,560648 0,000164
severity 0,798508 0,000084
sewed 1,560648 0,000164
sewing 1,514128 0,000159
sex 0,562119 0,000059
sha 1,309333 0,000137
shabby 1,021651 0,000107
shackled 2,995732 0,000314
shade 0,274437 0,000029
shaded 0,891598 0,000093
shading 1,714798 0,000180
shadow 0,223144 0,000023
shadows 0,494296 0,000052
shadowy 1,108663 0,000116
shaft 0,916291 0,000096
shake 0,287682 0,000030
shaken 0,494296 0,000052
shaker 3,218876 0,000338
shaking 0,371064 0,000039
shallow 0,776529 0,000081
shallows 2,207275 0,000231
sham 1,660731 0,000174
shame 0,223144 0,000023
shameful 0,916291 0,000096
shape 0,186330 0,000020
shaped 0,527633 0,000055
shapes 0,755023 0,000079
shaping 1,966113 0,000206
share 0,040822 0,000004
shared 0,139262 0,000015
shares 1,272966 0,000133
sharing 0,248461 0,000026
shark 2,525729 0,000265
sharp 0,162519 0,000017
sharpened 1,049822 0,000110
sharper 1,469676 0,000154
sharpest 1,714798 0,000180
sharply 0,510826 0,000054
sharpness 1,660731 0,000174
shattered 0,867501 0,000091
shaver 3,218876 0,000338
shaving 1,897120 0,000199
shavings 2,525729 0,000265
shawl 1,078810 0,000113
shawls 2,120264 0,000222
shay 3,218876 0,000338
sheep 0,371064 0,000039
sheer 0,843970 0,000089
sheet 0,446287 0,000047
sheets 0,544727 0,000057
shelf 0,891598 0,000093
shelter 0,342490 0,000036
sheltered 0,820981 0,000086
sheltering 1,514128 0,000159
shelves 1,171183 0,000123
shepherd 0,941609 0,000099
sheriff 2,120264 0,000222
sheriffs 2,995732 0,000314
sherry 2,302585 0,000241
shield 0,733969 0,000077
shifts 1,714798 0,000180
shifty 2,995732 0,000314
shilling 1,203973 0,000126
shillings 1,171183 0,000123
shine 0,616186 0,000065
shines 0,994252 0,000104
shining 0,385662 0,000040
shins 2,407946 0,000253
ship 0,314711 0,000033
shipped 2,525729 0,000265
shipping 1,309333 0,000137
ships 0,653926 0,000069
shipwreck 1,660731 0,000174
shirt 0,653926 0,000069
shivered 0,941609 0,000099
shivering 0,755023 0,000079
shivers 1,832581 0,000192
shoal 1,832581 0,000192
shock 0,446287 0,000047
shocks 1,427116 0,000150
shod 1,203973 0,000126
shoe 0,776529 0,000081
shoeing 3,912023 0,000410
shoes 0,430783 0,000045
shone 0,494296 0,000052
shook 0,235722 0,000025
shoot 0,494296 0,000052
shooting 0,634878 0,000067
shop 0,494296 0,000052
shoplifting 3,912023 0,000410
shopman 2,659260 0,000279
shops 0,843970 0,000089
shore 0,342490 0,000036
shorl 3,912023 0,000410
short 0,020203 0,000002
shortcomings 2,040221 0,000214
shortened 1,427116 0,000150
shorter 0,579818 0,000061
shortly 0,462035 0,000048
shorts 3,218876 0,000338
shot 0,223144 0,000023
shoulder 0,210721 0,000022
shouldered 1,309333 0,000137
shouldering 2,040221 0,000214
shoulders 0,174353 0,000018
shout 0,634878 0,000067
shouted 0,478036 0,000050
shouting 0,446287 0,000047
shouts 0,843970 0,000089
shoved 1,309333 0,000137
shovelful 3,218876 0,000338
shower 0,755023 0,000079
showy 1,966113 0,000206
shrank 1,108663 0,000116
shreds 1,347074 0,000141
shrew 2,995732 0,000314
shrewdly 1,714798 0,000180
shriek 1,078810 0,000113
shrieked 1,171183 0,000123
shrieking 1,347074 0,000141
shrieks 1,309333 0,000137
shrill 0,820981 0,000086
shrink 1,139434 0,000119
shrinking 1,171183 0,000123
shropshire 3,218876 0,000338
shroud 1,469676 0,000154
shrouded 1,386294 0,000145
shrugged 1,203973 0,000126
shrunk 1,514128 0,000159
shudder 0,693147 0,000073
shuddered 0,867501 0,000091
shuddering 1,171183 0,000123
shuffled 1,609438 0,000169
shuffling 1,347074 0,000141
shut 0,072571 0,000008
shutter 1,660731 0,000174
shutters 1,108663 0,000116
shutting 0,941609 0,000099
shy 0,733969 0,000077
shyness 1,560648 0,000164
sick 0,150823 0,000016
sickened 2,120264 0,000222
sickening 1,309333 0,000137
sickly 0,891598 0,000093
sideways 1,139434 0,000119
sidling 2,302585 0,000241
sigh 0,342490 0,000036
sighed 0,673345 0,000071
sighing 1,021651 0,000107
sight 0,051293 0,000005
sighted 0,733969 0,000077
sights 0,755023 0,000079
sign 0,139262 0,000015
signal 0,544727 0,000057
signature 1,386294 0,000145
signed 0,843970 0,000089
signified 1,560648 0,000164
signify 0,994252 0,000104
signifying 1,771957 0,000186
signs 0,186330 0,000020
silence 0,105361 0,000011
silent 0,051293 0,000005
silently 0,544727 0,000057
silk 0,478036 0,000050
silks 1,609438 0,000169
silly 0,400478 0,000042
silver 0,210721 0,000022
silvery 1,203973 0,000126
similarity 1,427116 0,000150
simmered 3,218876 0,000338
simple 0,094311 0,000010
simplest 1,108663 0,000116
simplicity 0,527633 0,000055
simply 0,150823 0,000016
sincerely 0,867501 0,000091
sincerity 0,653926 0,000069
sinews 1,609438 0,000169
sinewy 2,120264 0,000222
sing 0,415515 0,000044
singed 1,660731 0,000174
singing 0,371064 0,000039
single 0,083382 0,000009
singleness 2,407946 0,000253
singling 3,506558 0,000368
singly 1,139434 0,000119
singular 0,430783 0,000045
singularity 2,040221 0,000214
sink 0,462035 0,000048
sinking 0,494296 0,000052
sinks 1,108663 0,000116
sinner 0,994252 0,000104
sir 0,150823 0,000016
sirs 2,207275 0,000231
sister 0,356675 0,000037
sit 0,061875 0,000006
sitch 3,218876 0,000338
sitter 2,407946 0,000253
sitters 2,995732 0,000314
sitting 0,105361 0,000011
situate 2,659260 0,000279
situated 0,733969 0,000077
situation 0,198451 0,000021
sixpence 1,469676 0,000154
sixteen 0,653926 0,000069
size 0,248461 0,000026
skeleton 1,021651 0,000107
sketch 0,891598 0,000093
sketched 1,897120 0,000199
skies 0,967584 0,000101
skiffs 2,813411 0,000295
skilful 0,967584 0,000101
skilfully 1,660731 0,000174
skill 0,301105 0,000032
skilled 1,272966 0,000133
skin 0,210721 0,000022
skipped 1,660731 0,000174
skipping 1,832581 0,000192
skirts 0,843970 0,000089
skull 0,891598 0,000093
sky 0,210721 0,000022
skylight 1,966113 0,000206
slab 1,771957 0,000186
slack 1,309333 0,000137
slacken 1,714798 0,000180
slackened 1,203973 0,000126
slanted 2,813411 0,000295
slapped 1,272966 0,000133
slapping 1,560648 0,000164
slate 1,427116 0,000150
slave 0,494296 0,000052
slavery 0,798508 0,000084
slaving 2,525729 0,000265
sledgehammer 3,912023 0,000410
sleeker 3,506558 0,000368
sleep 0,072571 0,000008
sleeping 0,235722 0,000025
sleeplessness 1,897120 0,000199
sleepy 0,713350 0,000075
sleet 2,040221 0,000214
sleeve 0,891598 0,000093
sleeves 0,843970 0,000089
sleight 2,659260 0,000279
slender 0,693147 0,000073
slept 0,223144 0,000023
slice 1,309333 0,000137
sliced 2,525729 0,000265
slices 1,771957 0,000186
slight 0,150823 0,000016
slighter 2,207275 0,000231
slightest 0,415515 0,000044
slightingly 2,813411 0,000295
slime 1,386294 0,000145
slimy 1,660731 0,000174
sling 1,560648 0,000164
slinking 1,966113 0,000206
slip 0,462035 0,000048
slipped 0,494296 0,000052
slipperiness 3,218876 0,000338
slippery 1,139434 0,000119
slipping 0,967584 0,000101
slips 1,272966 0,000133
slit 1,469676 0,000154
slop 2,407946 0,000253
sloping 1,021651 0,000107
slouch 2,525729 0,000265
slouched 2,302585 0,000241
slouching 2,659260 0,000279
slovenly 2,040221 0,000214
slow 0,139262 0,000015
slower 1,347074 0,000141
slowly 0,150823 0,000016
slued 3,912023 0,000410
sluggish 1,514128 0,000159
sluice 2,659260 0,000279
sluices 2,813411 0,000295
sluicing 3,506558 0,000368
slumber 0,673345 0,000071
slumbering 1,386294 0,000145
slumberous 2,995732 0,000314
slumberously 3,912023 0,000410
slung 1,386294 0,000145
slushy 2,995732 0,000314
sly 0,713350 0,000075
smacked 2,207275 0,000231
smart 0,634878 0,000067
smarting 2,207275 0,000231
smartingly 3,506558 0,000368
smartly 1,514128 0,000159
smarts 3,506558 0,000368
smash 1,609438 0,000169
smashed 1,309333 0,000137
smashing 2,120264 0,000222
smear 2,302585 0,000241
smeared 1,560648 0,000164
smeary 3,506558 0,000368
smell 0,371064 0,000039
smelling 0,843970 0,000089
smells 1,309333 0,000137
smelt 1,139434 0,000119
smelter 3,506558 0,000368
smile 0,274437 0,000029
smiled 0,356675 0,000037
smiles 0,693147 0,000073
smiling 0,301105 0,000032
smirked 3,506558 0,000368
smiter 3,912023 0,000410
smith 0,891598 0,000093
smithfield 2,659260 0,000279
smithies 3,506558 0,000368
smiths 1,966113 0,000206
smock 2,659260 0,000279
smoke 0,314711 0,000033
smoked 0,867501 0,000091
smoking 0,462035 0,000048
smoky 1,560648 0,000164
smooth 0,274437 0,000029
smoothed 1,021651 0,000107
smoother 2,302585 0,000241
smoothing 1,272966 0,000133
smoothly 1,021651 0,000107
smote 1,021651 0,000107
smothered 1,203973 0,000126
smouldering 1,771957 0,000186
smuggling 2,659260 0,000279
snake 0,891598 0,000093
snaky 2,659260 0,000279
snap 1,078810 0,000113
snapped 0,891598 0,000093
snapping 1,514128 0,000159
snappish 2,813411 0,000295
snappishly 2,659260 0,000279
snares 1,660731 0,000174
snarling 1,714798 0,000180
sneaking 1,609438 0,000169
sneer 1,203973 0,000126
sneered 1,609438 0,000169
sneeze 1,660731 0,000174
snivelling 2,813411 0,000295
snorting 1,966113 0,000206
snow 0,527633 0,000055
snuff 1,427116 0,000150
snuffers 2,813411 0,000295
snuffing 2,525729 0,000265
snugly 2,207275 0,000231
soaked 1,272966 0,000133
soaking 2,207275 0,000231
soap 1,347074 0,000141
soaped 3,218876 0,000338
soapsuds 3,506558 0,000368
soaring 1,660731 0,000174
sob 1,049822 0,000110
sobbing 0,967584 0,000101
sober 0,597837 0,000063
sociable 1,309333 0,000137
social 0,371064 0,000039
societies 1,049822 0,000110
society 0,210721 0,000022
sofa 1,049822 0,000110
soft 0,210721 0,000022
soften 0,941609 0,000099
softened 0,653926 0,000069
softening 1,514128 0,000159
softer 1,171183 0,000123
softly 0,400478 0,000042
softness 0,891598 0,000093
soho 2,525729 0,000265
soiling 2,659260 0,000279
solar 1,660731 0,000174
sold 0,385662 0,000040
soldier 0,562119 0,000059
soldiering 3,506558 0,000368
soldiers 0,653926 0,000069
sole 0,342490 0,000036
solely 0,733969 0,000077
solemn 0,301105 0,000032
solemnity 0,891598 0,000093
solemnly 0,579818 0,000061
solicited 1,560648 0,000164
solicitor 1,966113 0,000206
solid 0,274437 0,000029
solitaire 3,912023 0,000410
solitary 0,462035 0,000048
solitude 0,510826 0,000054
solution 0,820981 0,000086
solve 0,653926 0,000069
solved 0,867501 0,000091
solvency 3,912023 0,000410
son 0,105361 0,000011
song 0,371064 0,000039
sooner 1,309333 0,000137
soot 1,609438 0,000169
soothe 1,203973 0,000126
soothed 1,203973 0,000126
soothing 0,798508 0,000084
sooty 2,120264 0,000222
sophia 2,407946 0,000253
sore 0,616186 0,000065
sorrow 0,287682 0,000030
sorrowful 1,021651 0,000107
sort 0,105361 0,000011
sorts 0,356675 0,000037
sot 2,302585 0,000241
sought 0,150823 0,000016
soul 0,105361 0,000011
sound 0,020203 0,000002
sounded 0,371064 0,000039
soundly 1,021651 0,000107
sounds 0,223144 0,000023
soup 1,078810 0,000113
sour 1,049822 0,000110
source 0,328504 0,000034
sources 0,843970 0,000089
south 0,235722 0,000025
sovereign 0,776529 0,000081
sowed 2,120264 0,000222
space 0,116534 0,000012
spaces 1,347074 0,000141
spacious 0,916291 0,000096
spanish 0,733969 0,000077
spanned 2,995732 0,000314
spanning 3,218876 0,000338
spare 0,210721 0,000022
spared 0,544727 0,000057
sparely 2,995732 0,000314
sparkled 1,237874 0,000130
sparkles 1,832581 0,000192
sparkling 0,776529 0,000081
sparks 1,139434 0,000119
sparrer 3,912023 0,000410
sparrows 1,832581 0,000192
spasmodic 1,966113 0,000206
spat 1,469676 0,000154
spawn 2,525729 0,000265
speak 0,051293 0,000005
speaker 0,713350 0,000075
speaking 0,072571 0,000008
speaks 0,371064 0,000039
special 0,083382 0,000009
speciality 3,506558 0,000368
species 0,634878 0,000067
specific 0,820981 0,000086
specimens 0,941609 0,000099
speck 1,108663 0,000116
speckle 3,912023 0,000410
speckled 1,560648 0,000164
specks 1,832581 0,000192
spectacle 0,544727 0,000057
spectacles 0,843970 0,000089
spectator 0,820981 0,000086
spectators 0,820981 0,000086
spectral 1,897120 0,000199
spectre 1,560648 0,000164
speculate 2,120264 0,000222
speculated 2,995732 0,000314
speculation 0,843970 0,000089
speculations 1,203973 0,000126
sped 1,272966 0,000133
speech 0,198451 0,000021
speeches 0,867501 0,000091
speechless 0,916291 0,000096
speed 0,328504 0,000034
speedily 0,713350 0,000075
spell 0,820981 0,000086
speller 3,912023 0,000410
spelling 1,237874 0,000130
spend 0,328504 0,000034
spending 0,597837 0,000063
spent 0,105361 0,000011
sphere 0,733969 0,000077
spices 1,514128 0,000159
spider 1,237874 0,000130
spiders 1,771957 0,000186
spiked 2,407946 0,000253
spikes 1,966113 0,000206
spine 1,832581 0,000192
spinning 1,021651 0,000107
spires 1,714798 0,000180
spirit 0,051293 0,000005
spirited 0,713350 0,000075
spirits 0,198451 0,000021
spirting 3,506558 0,000368
spit 1,203973 0,000126
spite 0,139262 0,000015
spiteful 1,832581 0,000192
spits 2,207275 0,000231
spitting 1,609438 0,000169
splash 1,309333 0,000137
splashed 1,347074 0,000141
splashes 1,966113 0,000206
splashing 1,560648 0,000164
splendid 0,400478 0,000042
splendour 1,237874 0,000130
split 0,798508 0,000084
spluttering 2,525729 0,000265
spoilt 1,560648 0,000164
spoke 0,116534 0,000012
spoken 0,150823 0,000016
sponge 1,309333 0,000137
sponging 3,218876 0,000338
spontaneous 1,139434 0,000119
spontaneously 1,609438 0,000169
spoon 1,171183 0,000123
spooned 3,912023 0,000410
spooney 3,912023 0,000410
spoons 1,714798 0,000180
sported 2,207275 0,000231
sporting 1,427116 0,000150
sportive 2,040221 0,000214
spot 0,162519 0,000017
spots 0,562119 0,000059
sprang 0,400478 0,000042
sprat 3,218876 0,000338
sprawly 3,912023 0,000410
spread 0,061875 0,000006
sprightly 1,966113 0,000206
spring 0,083382 0,000009
springing 0,733969 0,000077
sprinkled 1,108663 0,000116
spurious 2,120264 0,000222
spurned 2,120264 0,000222
spy 0,916291 0,000096
squally 2,813411 0,000295
square 0,235722 0,000025
squared 2,040221 0,000214
squaring 2,407946 0,000253
squat 1,386294 0,000145
squeaker 3,912023 0,000410
squeezed 1,171183 0,000123
squeezing 1,609438 0,000169
squint 2,302585 0,000241
squires 2,207275 0,000231
stabbed 1,386294 0,000145
stabbing 1,966113 0,000206
stable 0,579818 0,000061
stables 1,078810 0,000113
stabs 2,407946 0,000253
stack 1,714798 0,000180
stacks 2,120264 0,000222
stage 0,223144 0,000023
stages 1,021651 0,000107
staggered 0,733969 0,000077
staggering 1,237874 0,000130
stagnant 1,771957 0,000186
stagnation 2,120264 0,000222
staid 1,237874 0,000130
stain 0,994252 0,000104
stained 0,653926 0,000069
stair 1,171183 0,000123
staircase 0,867501 0,000091
stairs 0,430783 0,000045
staked 2,040221 0,000214
stakes 1,203973 0,000126
stalking 2,302585 0,000241
stalks 1,609438 0,000169
stammer 2,120264 0,000222
stammered 1,108663 0,000116
stamping 1,049822 0,000110
stand 0,000000 0,000000
standing 0,030459 0,000003
stands 0,261365 0,000027
star 0,544727 0,000057
stare 0,713350 0,000075
stared 0,597837 0,000063
staring 0,634878 0,000067
staringly 3,912023 0,000410
starlight 1,897120 0,000199
starlings 2,995732 0,000314
stars 0,342490 0,000036
start -0,009950 -0,000001
started 0,150823 0,000016
starting 0,371064 0,000039
startle 1,514128 0,000159
startled 0,415515 0,000044
starts 0,941609 0,000099
starve 0,994252 0,000104
starved 1,049822 0,000110
stately 0,733969 0,000077
statement 0,544727 0,000057
station 0,356675 0,000037
stationed 1,237874 0,000130
stationery 2,659260 0,000279
stations 1,049822 0,000110
statue 0,843970 0,000089
stature 0,891598 0,000093
staved 2,659260 0,000279
staving 3,218876 0,000338
stay 0,083382 0,000009
stayed 0,415515 0,000044
staylace 3,912023 0,000410
steadfastly 1,660731 0,000174
steadiest 3,218876 0,000338
steadily 0,415515 0,000044
steady 0,356675 0,000037
steak 2,120264 0,000222
steaks 2,525729 0,000265
stealing 0,653926 0,000069
stealth 1,660731 0,000174
steam 0,820981 0,000086
steamer 1,514128 0,000159
steamers 1,897120 0,000199
steaming 1,203973 0,000126
steel 0,510826 0,000054
steeped 1,660731 0,000174
steeple 1,771957 0,000186
steer 1,237874 0,000130
steered 1,560648 0,000164
steerer 3,218876 0,000338
steering 1,386294 0,000145
steersman 2,525729 0,000265
step 0,083382 0,000009
stepped 0,510826 0,000054
stepping 0,755023 0,000079
steps 0,094311 0,000010
sterling 1,560648 0,000164
stern 0,478036 0,000050
sternly 0,820981 0,000086
sternness 1,714798 0,000180
steward 1,171183 0,000123
stewed 2,302585 0,000241
stick 0,342490 0,000036
sticking 0,867501 0,000091
sticks 0,733969 0,000077
stiff 0,430783 0,000045
stiffened 1,386294 0,000145
stiffest 2,813411 0,000295
stiffly 1,469676 0,000154
stifled 1,272966 0,000133
stifling 1,469676 0,000154
stile 1,897120 0,000199
stillness 0,891598 0,000093
stilts 2,659260 0,000279
stimulated 1,427116 0,000150
stimulating 1,714798 0,000180
sting 1,203973 0,000126
stinger 3,912023 0,000410
stipulate 2,659260 0,000279
stipulated 2,040221 0,000214
stipulating 3,506558 0,000368
stipulations 2,995732 0,000314
stir 0,400478 0,000042
stirred 0,446287 0,000047
stirring 0,510826 0,000054
stitches 2,120264 0,000222
stock 0,328504 0,000034
stocking 1,560648 0,000164
stockings 0,891598 0,000093
stocks 1,272966 0,000133
stole 0,494296 0,000052
stolen 0,430783 0,000045
stolidity 2,995732 0,000314
stomach 0,693147 0,000073
stone 0,116534 0,000012
stones 0,301105 0,000032
stonily 2,659260 0,000279
stood 0,030459 0,000003
stool 0,733969 0,000077
stoop 1,049822 0,000110
stooped 0,776529 0,000081
stooping 0,867501 0,000091
stoppers 3,218876 0,000338
stopping 2,525729 0,000265
store 0,385662 0,000040
storehouse 2,407946 0,000253
stores 0,820981 0,000086
stories 0,328504 0,000034
storm 0,342490 0,000036
storming 2,525729 0,000265
stormy 0,776529 0,000081
story 0,051293 0,000005
stout 0,579818 0,000061
stouter 2,120264 0,000222
stowed 1,660731 0,000174
straddling 2,813411 0,000295
straggle 3,218876 0,000338
stragglers 1,714798 0,000180
straight 0,105361 0,000011
straightening 1,832581 0,000192
straightway 1,347074 0,000141
strain 0,385662 0,000040
strained 0,776529 0,000081
straining 0,867501 0,000091
strait 1,049822 0,000110
stranded 1,771957 0,000186
strange 0,061875 0,000006
stranger 0,139262 0,000015
strangers 0,356675 0,000037
strangest 1,021651 0,000107
strangled 1,171183 0,000123
strapping 2,813411 0,000295
stratagem 1,609438 0,000169
straw 0,356675 0,000037
strawberries 2,120264 0,000222
straws 2,525729 0,000265
stray 0,891598 0,000093
strayed 1,078810 0,000113
straying 1,832581 0,000192
streaks 1,609438 0,000169
stream 0,210721 0,000022
streaming 0,798508 0,000084
street 0,198451 0,000021
streets 0,274437 0,000029
strength 0,030459 0,000003
strengthened 0,820981 0,000086
strengthening 1,427116 0,000150
strenuous 1,514128 0,000159
stress 0,891598 0,000093
stretch 0,446287 0,000047
stretched 0,274437 0,000029
stretching 0,733969 0,000077
strewed 1,832581 0,000192
strewing 2,995732 0,000314
strewn 1,139434 0,000119
stricken 0,653926 0,000069
strict 0,210721 0,000022
strictest 1,386294 0,000145
strictly 0,579818 0,000061
strides 1,203973 0,000126
strike 0,210721 0,000022
strikes 0,544727 0,000057
striking 0,274437 0,000029
string 0,634878 0,000067
strings 0,843970 0,000089
strip 0,597837 0,000063
stripped 0,776529 0,000081
strips 1,309333 0,000137
strive 0,820981 0,000086
stroke 0,356675 0,000037
strokes 0,916291 0,000096
stroll 1,347074 0,000141
strolled 1,237874 0,000130
strolling 1,469676 0,000154
strong 0,030459 0,000003
stronger 0,287682 0,000030
strongest 0,653926 0,000069
stronghold 1,897120 0,000199
struck 0,083382 0,000009
structure 0,673345 0,000071
struggle 0,287682 0,000030
struggled 0,415515 0,000044
struggling 0,462035 0,000048
strung 1,386294 0,000145
strutting 2,120264 0,000222
stuck 0,462035 0,000048
studded 1,427116 0,000150
student 0,673345 0,000071
students 0,994252 0,000104
studied 0,446287 0,000047
studies 0,579818 0,000061
studious 1,386294 0,000145
study 0,162519 0,000017
studying 0,653926 0,000069
stuff 0,385662 0,000040
stuffed 1,171183 0,000123
stuffing 2,302585 0,000241
stuffs 2,120264 0,000222
stumble 1,139434 0,000119
stumbling 1,108663 0,000116
stump 1,309333 0,000137
stung 1,139434 0,000119
stunned 1,078810 0,000113
stunning 1,832581 0,000192
stupefied 1,714798 0,000180
stupendous 1,514128 0,000159
stupid 0,478036 0,000050
sty 2,525729 0,000265
style 0,274437 0,000029
subdued 0,494296 0,000052
subject 0,072571 0,000008
subjection 1,272966 0,000133
subjects 0,356675 0,000037
sublime 0,994252 0,000104
submission 0,776529 0,000081
submissive 1,427116 0,000150
submissively 2,120264 0,000222
submit 0,579818 0,000061
submitted 0,755023 0,000079
subordinate 1,139434 0,000119
suborned 2,995732 0,000314
subsequent 0,867501 0,000091
subside 1,714798 0,000180
subsided 1,203973 0,000126
subsiding 1,897120 0,000199
subsisted 1,832581 0,000192
substance 0,415515 0,000044
substances 1,560648 0,000164
substitute 1,021651 0,000107
substituting 1,897120 0,000199
substitution 1,966113 0,000206
subterfuge 2,302585 0,000241
subtle 0,733969 0,000077
subtlety 1,469676 0,000154
succeed 0,328504 0,000034
succeeded 0,186330 0,000020
success 0,162519 0,000017
successful 0,478036 0,000050
succession 0,510826 0,000054
successive 0,891598 0,000093
successor 1,078810 0,000113
sudden 0,072571 0,000008
suddenly 0,040822 0,000004
suddenness 1,469676 0,000154
suffer 0,127833 0,000013
suffered 0,210721 0,000022
sufferer 1,078810 0,000113
sufferers 1,514128 0,000159
suffering 0,248461 0,000026
sufferings 0,616186 0,000065
sufficient 0,139262 0,000015
suffocating 1,966113 0,000206
sugar 0,776529 0,000081
suggestion 0,510826 0,000054
suggestions 0,891598 0,000093
suggestive 1,237874 0,000130
suicide 1,049822 0,000110
suit 0,261365 0,000027
suitable 0,462035 0,000048
suited 0,597837 0,000063
suitor 1,514128 0,000159
suits 0,776529 0,000081
sulkily 2,302585 0,000241
sulks 2,659260 0,000279
sulky 1,514128 0,000159
sullen 0,798508 0,000084
sultan 2,040221 0,000214
sum 0,356675 0,000037
summary 1,469676 0,000154
summed 1,771957 0,000186
summer 0,186330 0,000020
summing 2,525729 0,000265
summon 0,967584 0,000101
summoned 0,733969 0,000077
summoning 1,609438 0,000169
sums 1,021651 0,000107
sun 0,072571 0,000008
sunday 0,494296 0,000052
sundays 1,309333 0,000137
sunders 3,506558 0,000368
sundry 1,386294 0,000145
sung 0,994252 0,000104
sunken 1,309333 0,000137
sunlight 0,843970 0,000089
sunny 0,867501 0,000091
sunset 0,843970 0,000089
sunshine 0,616186 0,000065
super 2,525729 0,000265
superannuated 2,525729 0,000265
superb 1,203973 0,000126
superciliously 2,407946 0,000253
superfluous 0,867501 0,000091
superior 0,274437 0,000029
superiority 0,693147 0,000073
superscription 2,407946 0,000253
superseded 1,897120 0,000199
superstition 0,941609 0,000099
supervising 2,995732 0,000314
supper 0,446287 0,000047
supplementary 2,525729 0,000265
suppliants 2,525729 0,000265
supplicant 3,218876 0,000338
supplied 0,478036 0,000050
supply 0,371064 0,000039
support 0,127833 0,000013
supported 0,415515 0,000044
supporter 2,525729 0,000265
suppose 0,072571 0,000008
supposed 0,174353 0,000018
supposes 1,771957 0,000186
supposing 0,478036 0,000050
supposititious 2,995732 0,000314
suppressed 0,673345 0,000071
suppression 1,609438 0,000169
supremacy 1,714798 0,000180
supreme 0,616186 0,000065
surely 0,186330 0,000020
surface 0,301105 0,000032
surge 1,832581 0,000192
surgeon 1,108663 0,000116
surly 1,771957 0,000186
surmising 3,218876 0,000338
surname 1,832581 0,000192
surpassed 1,203973 0,000126
surpassingly 2,995732 0,000314
surplus 1,771957 0,000186
surprise 0,174353 0,000018
surprised 0,210721 0,000022
surprising 0,544727 0,000057
surrender 0,891598 0,000093
surrey 2,120264 0,000222
surrounded 0,223144 0,000023
surrounding 0,693147 0,000073
surroundings 0,994252 0,000104
survey 0,755023 0,000079
surveyed 1,139434 0,000119
surveying 1,108663 0,000116
surveyor 2,302585 0,000241
susceptibility 2,407946 0,000253
suspect 0,342490 0,000036
suspected 0,328504 0,000034
suspecting 1,171183 0,000123
suspended 0,634878 0,000067
suspense 0,776529 0,000081
suspension 1,966113 0,000206
suspicion 0,287682 0,000030
suspicions 0,616186 0,000065
suspicious 0,579818 0,000061
sustained 0,579818 0,000061
swab 3,506558 0,000368
swabs 3,506558 0,000368
swallow 0,616186 0,000065
swallowed 0,462035 0,000048
swallowing 1,347074 0,000141
swamp 0,342490 0,000036
swamps 1,966113 0,000206
swarthy 1,660731 0,000174
swaying 1,021651 0,000107
swear 0,494296 0,000052
swearing 0,994252 0,000104
sweat 0,634878 0,000067
sweep 0,673345 0,000071
sweeping 0,820981 0,000086
sweet 0,174353 0,000018
sweetened 2,407946 0,000253
swell 0,653926 0,000069
swelled 0,776529 0,000081
sweltering 2,525729 0,000265
swept 0,385662 0,000040
swift 0,415515 0,000044
swiftly 0,713350 0,000075
swim 0,755023 0,000079
swimming 0,820981 0,000086
swindlers 3,218876 0,000338
swindling 2,525729 0,000265
swine 1,347074 0,000141
swing 0,693147 0,000073
swinging 0,798508 0,000084
swollen 0,867501 0,000091
swoop 2,302585 0,000241
sword 0,462035 0,000048
swords 0,994252 0,000104
swore 0,634878 0,000067
sworn 0,673345 0,000071
swum 2,525729 0,000265
swung 0,733969 0,000077
syllable 0,994252 0,000104
symmetrical 1,897120 0,000199
symmetrically 2,525729 0,000265
sympathetic 1,021651 0,000107
sympathetically 1,897120 0,000199
sympathise 1,771957 0,000186
sympathy 0,328504 0,000034
symptoms 0,776529 0,000081
synopsis 2,813411 0,000295
systematic 1,427116 0,000150
table 0,094311 0,000010
tablecloth 2,207275 0,000231
tablecloths 2,813411 0,000295
tables 0,415515 0,000044
tablets 2,040221 0,000214
tacit 1,560648 0,000164
tacked 2,120264 0,000222
tact 1,309333 0,000137
tag 2,813411 0,000295
tai 2,995732 0,000314
tail 0,462035 0,000048
tailor 1,386294 0,000145
tails 0,713350 0,000075
taint 1,514128 0,000159
takers 2,995732 0,000314
tal 3,218876 0,000338
talk 0,083382 0,000009
talkative 1,514128 0,000159
talked 0,261365 0,000027
talking 0,150823 0,000016
tall 0,223144 0,000023
taller 0,941609 0,000099
tambourine 2,995732 0,000314
tame 1,139434 0,000119
tamed 1,609438 0,000169
taming 2,040221 0,000214
tangle 1,514128 0,000159
tangled 1,108663 0,000116
tangles 2,525729 0,000265
tap 1,108663 0,000116
tapped 1,171183 0,000123
tapping 1,347074 0,000141
taps 2,659260 0,000279
tar 1,609438 0,000169
tarnished 2,207275 0,000231
tarpaulin 2,813411 0,000295
tartar 1,897120 0,000199
task 0,261365 0,000027
taskmaster 3,506558 0,000368
taste 0,174353 0,000018
tasted 0,544727 0,000057
tatters 1,771957 0,000186
tattooed 2,525729 0,000265
taught 0,248461 0,000026
taunting 2,525729 0,000265
tavern 1,171183 0,000123
taxed 1,560648 0,000164
taxes 0,385662 0,000040
tea 0,579818 0,000061
teaboard 3,218876 0,000338
teach 0,248461 0,000026
teacher 0,527633 0,000055
teaching 0,462035 0,000048
teachings 1,560648 0,000164
teacup 3,506558 0,000368
teacups 2,995732 0,000314
teapot 2,040221 0,000214
tear 0,371064 0,000039
tearful 1,514128 0,000159
tearing 0,673345 0,000071
tears 0,150823 0,000016
tease 1,771957 0,000186
teel 3,506558 0,000368
teemed 2,995732 0,000314
teems 2,407946 0,000253
teeth 0,198451 0,000021
telemachus 2,525729 0,000265
telescope 1,609438 0,000169
teller 1,832581 0,000192
temper 0,274437 0,000029
temperament 0,994252 0,000104
temperate 1,078810 0,000113
temperature 1,469676 0,000154
tempered 0,653926 0,000069
temple 0,527633 0,000055
temporary 0,713350 0,000075
temporized 3,912023 0,000410
tempt 0,967584 0,000101
temptation 0,527633 0,000055
tempted 0,527633 0,000055
tempting 0,967584 0,000101
tenancy 3,912023 0,000410
tenant 1,514128 0,000159
tended 0,916291 0,000096
tendency 0,634878 0,000067
tender 0,314711 0,000033
tenderer 2,525729 0,000265
tenderly 0,916291 0,000096
tenderness 0,616186 0,000065
tending 0,994252 0,000104
tendons 2,407946 0,000253
tenement 1,832581 0,000192
tense 1,609438 0,000169
tenure 2,207275 0,000231
ter 2,659260 0,000279
term 0,371064 0,000039
terminate 2,120264 0,000222
terminated 1,427116 0,000150
terms 0,061875 0,000006
terrace 1,347074 0,000141
terrible 0,186330 0,000020
terribly 0,733969 0,000077
terrier 2,040221 0,000214
terrific 1,108663 0,000116
terrifically 2,995732 0,000314
terrified 0,693147 0,000073
terrify 1,832581 0,000192
terror 0,198451 0,000021
terrors 0,843970 0,000089
tersely 2,995732 0,000314
testament 1,108663 0,000116
testators 3,912023 0,000410
tester 3,218876 0,000338
testified 1,386294 0,000145
testify 1,347074 0,000141
testily 2,120264 0,000222
testimonies 2,120264 0,000222
testimony 0,579818 0,000061
thames 1,660731 0,000174
thankee 2,995732 0,000314
thankful 0,843970 0,000089
thankfulness 1,832581 0,000192
thankless 2,407946 0,000253
thanklessness 3,218876 0,000338
thanksgiving 1,609438 0,000169
theatre 0,820981 0,000086
theatrical 1,427116 0,000150
theme 0,994252 0,000104
themes 2,040221 0,000214
thenceforth 1,560648 0,000164
theological 1,714798 0,000180
theology 1,427116 0,000150
theoretically 2,120264 0,000222
theories 0,967584 0,000101
theory 0,478036 0,000050
thereabouts 1,609438 0,000169
thief 0,653926 0,000069
thieves 0,994252 0,000104
thieving 2,207275 0,000231
thimble 2,040221 0,000214
thinking 0,274437 0,000029
thirdly 1,347074 0,000141
thither 0,579818 0,000061
tho 2,207275 0,000231
thorns 1,309333 0,000137
thoroughfares 2,207275 0,000231
thoughtful 0,693147 0,000073
thoughtfully 0,994252 0,000104
thread 0,430783 0,000045
threat 1,021651 0,000107
threatened 0,415515 0,000044
threatening 0,544727 0,000057
threshold 0,562119 0,000059
threw 0,116534 0,000012
thrice 0,755023 0,000079
thrive 1,660731 0,000174
thriven 2,813411 0,000295
thriving 1,714798 0,000180
throat 0,261365 0,000027
throats 0,891598 0,000093
throbbed 1,609438 0,000169
throbbing 1,347074 0,000141
throne 0,798508 0,000084
throttled 2,407946 0,000253
throw 0,083382 0,000009
throwing 0,287682 0,000030
thrown 0,116534 0,000012
throws 0,916291 0,000096
thrush 2,407946 0,000253
thumb 0,967584 0,000101
thumbs 2,407946 0,000253
thump 1,832581 0,000192
thumped 2,040221 0,000214
thumping 2,207275 0,000231
thunder 0,462035 0,000048
thunderbolts 2,302585 0,000241
thursday 1,049822 0,000110
thwarted 1,714798 0,000180
ticked 2,659260 0,000279
tickled 1,469676 0,000154
tickler 3,912023 0,000410
ticks 2,659260 0,000279
tide 0,653926 0,000069
tidemarks 3,912023 0,000410
tides 1,427116 0,000150
tidied 2,302585 0,000241
tiding 3,912023 0,000410
tidings 1,139434 0,000119
tie 0,510826 0,000054
tied 0,261365 0,000027
tiers 2,525729 0,000265
ties 0,967584 0,000101
tiger 1,171183 0,000123
tight 0,616186 0,000065
tightened 1,714798 0,000180
tightening 1,897120 0,000199
tighter 1,560648 0,000164
tightest 2,995732 0,000314
tiled 1,966113 0,000206
tiles 1,560648 0,000164
tilt 2,040221 0,000214
tilted 1,609438 0,000169
tilting 2,207275 0,000231
timber 0,867501 0,000091
time -0,009950 -0,000001
times 0,010050 0,000001
timid 0,544727 0,000057
timidly 1,171183 0,000123
timon 2,995732 0,000314
tin 0,798508 0,000084
tinder 2,120264 0,000222
tinge 1,386294 0,000145
tingling 1,660731 0,000174
tinker 2,302585 0,000241
tiptoe 1,049822 0,000110
tire 0,994252 0,000104
tired 0,198451 0,000021
tiresome 1,078810 0,000113
tiring 2,659260 0,000279
tissue 1,560648 0,000164
tithe 2,302585 0,000241
title 0,116534 0,000012
titles 1,021651 0,000107
toadies 3,912023 0,000410
toady 3,218876 0,000338
toast 1,309333 0,000137
toasted 2,207275 0,000231
toasting 2,813411 0,000295
tobacco 0,713350 0,000075
tobias 2,525729 0,000265
toes 0,755023 0,000079
toil 0,616186 0,000065
toiling 1,514128 0,000159
token 0,798508 0,000084
tokens 1,386294 0,000145
tolerable 0,994252 0,000104
tolerably 0,994252 0,000104
tolerate 1,427116 0,000150
toleration 1,966113 0,000206
tom 1,049822 0,000110
tomb 0,916291 0,000096
tombs 1,427116 0,000150
tombstone 2,302585 0,000241
tombstones 2,207275 0,000231
ton 1,560648 0,000164
tone 0,248461 0,000026
toned 1,771957 0,000186
tones 0,713350 0,000075
tongs 1,386294 0,000145
tongue 0,162519 0,000017
tongued 2,525729 0,000265
tongues 0,634878 0,000067
tonic 2,207275 0,000231
tonight 1,272966 0,000133
tons 1,386294 0,000145
tool 1,021651 0,000107
tools 0,820981 0,000086
toothache 2,040221 0,000214
toothpick 2,302585 0,000241
topic 1,021651 0,000107
toppling 2,525729 0,000265
torch 1,021651 0,000107
torches 1,171183 0,000123
torchlight 2,659260 0,000279
tore 0,527633 0,000055
torment 0,916291 0,000096
tormented 1,078810 0,000113
torn 0,248461 0,000026
torrent 0,941609 0,000099
torture 0,579818 0,000061
tortured 0,843970 0,000089
tortures 1,309333 0,000137
toss 1,049822 0,000110
tossed 0,673345 0,000071
tossing 0,916291 0,000096
total 0,597837 0,000063
totally 0,916291 0,000096
totter 2,407946 0,000253
touch 0,083382 0,000009
touched 0,139262 0,000015
touches 0,798508 0,000084
touching 0,301105 0,000032
tough 0,994252 0,000104
tour 0,941609 0,000099
towel 1,771957 0,000186
towelled 3,912023 0,000410
towelling 3,506558 0,000368
towels 2,040221 0,000214
tower 0,527633 0,000055
towering 1,469676 0,000154
towers 0,967584 0,000101
towing 2,207275 0,000231
town 0,105361 0,000011
townsman 2,120264 0,000222
trace 0,371064 0,000039
traced 0,820981 0,000086
traces 0,673345 0,000071
tracing 1,237874 0,000130
track 0,510826 0,000054
tracked 1,832581 0,000192
tracks 1,139434 0,000119
tract 1,386294 0,000145
tracts 1,427116 0,000150
trade 0,328504 0,000034
traded 1,714798 0,000180
traders 1,660731 0,000174
trades 1,237874 0,000130
tradesman 1,714798 0,000180
tradesmen 1,427116 0,000150
tradespeople 2,813411 0,000295
trading 1,237874 0,000130
traffic 1,171183 0,000123
tragedy 0,798508 0,000084
tragic 0,820981 0,000086
tragically 2,302585 0,000241
trailed 1,609438 0,000169
training 0,776529 0,000081
traitor 1,237874 0,000130
tramp 1,171183 0,000123
tramping 1,514128 0,000159
tramps 1,966113 0,000206
tranquil 0,994252 0,000104
tranquillity 1,049822 0,000110
transact 1,966113 0,000206
transacted 1,832581 0,000192
transaction 1,514128 0,000159
transactions 1,427116 0,000150
transfer 1,203973 0,000126
transfixed 1,771957 0,000186
transformations 2,407946 0,000253
transpired 2,040221 0,000214
transport 1,108663 0,000116
transportation 1,714798 0,000180
transported 1,108663 0,000116
trap 0,653926 0,000069
trapped 2,040221 0,000214
traps 1,386294 0,000145
travel 0,356675 0,000037
traveller 1,021651 0,000107
travelling 0,693147 0,000073
traversed 1,139434 0,000119
tray 1,309333 0,000137
treacherous 0,891598 0,000093
tread 0,562119 0,000059
treasonable 2,525729 0,000265
treasonably 3,506558 0,000368
treasure 0,385662 0,000040
treasured 1,966113 0,000206
treasury 1,309333 0,000137
treat 0,287682 0,000030
treated 0,261365 0,000027
treating 0,967584 0,000101
treatises 2,207275 0,000231
treatment 0,127833 0,000013
tree 0,235722 0,000025
trees 0,127833 0,000013
tremble 0,713350 0,000075
trembled 0,462035 0,000048
trembling 0,287682 0,000030
tremendous 0,693147 0,000073
tremendously 2,040221 0,000214
tremulous 1,347074 0,000141
trenchant 2,407946 0,000253
trepidation 1,771957 0,000186
trial 0,314711 0,000033
trials 0,941609 0,000099
triangular 1,832581 0,000192
tribe 0,941609 0,000099
tricks 0,579818 0,000061
trifle 0,579818 0,000061
trifled 2,120264 0,000222
trifles 0,994252 0,000104
trifling 0,653926 0,000069
trimming 1,897120 0,000199
trimmings 2,525729 0,000265
trinkets 1,660731 0,000174
trip 0,713350 0,000075
tripped 1,469676 0,000154
trips 1,832581 0,000192
triumph 0,274437 0,000029
triumphant 0,798508 0,000084
triumphantly 0,941609 0,000099
trod 0,733969 0,000077
trodden 1,237874 0,000130
troopers 2,659260 0,000279
trooping 2,302585 0,000241
troops 0,941609 0,000099
trot 1,139434 0,000119
trouble 0,051293 0,000005
troubled 0,287682 0,000030
troubles 0,478036 0,000050
troublesome 0,843970 0,000089
troubling 1,171183 0,000123
trousers 0,843970 0,000089
trowel 3,218876 0,000338
truckle 2,659260 0,000279
truculent 2,659260 0,000279
true 0,020203 0,000002
truer 1,469676 0,000154
trumpet 0,916291 0,000096
trumps 2,659260 0,000279
truncheon 3,506558 0,000368
trunks 0,941609 0,000099
trussed 2,995732 0,000314
trust 0,116534 0,000012
trustful 2,040221 0,000214
truth 0,030459 0,000003
tub 1,386294 0,000145
tuck 1,966113 0,000206
tucked 1,237874 0,000130
tucking 2,407946 0,000253
tuesday 1,139434 0,000119
tuft 1,771957 0,000186
tuition 1,771957 0,000186
tumble 1,237874 0,000130
tumbled 0,867501 0,000091
tumbler 1,966113 0,000206
tumblers 2,207275 0,000231
tumbling 0,967584 0,000101
tumult 0,820981 0,000086
tune 0,755023 0,000079
tuner 3,506558 0,000368
tunnel 1,560648 0,000164
tureen 2,995732 0,000314
turnips 2,207275 0,000231
turnkey 2,813411 0,000295
turnkeys 2,995732 0,000314
turnpike 2,207275 0,000231
turret 1,966113 0,000206
tusks 2,207275 0,000231
tutor 1,171183 0,000123
twelvemonth 2,040221 0,000214
twentieth 1,108663 0,000116
twig 1,660731 0,000174
twigs 1,469676 0,000154
twilight 0,733969 0,000077
twin 1,469676 0,000154
twined 1,514128 0,000159
twinge 2,407946 0,000253
twinkle 1,469676 0,000154
twinkled 1,427116 0,000150
twist 1,021651 0,000107
twisted 0,562119 0,000059
twisting 1,049822 0,000110
twists 2,302585 0,000241
twitched 1,714798 0,000180
twitchy 3,912023 0,000410
twopence 2,120264 0,000222
typified 2,659260 0,000279
ud 2,207275 0,000231
ugly 0,415515 0,000044
ull 3,506558 0,000368
ulterior 2,525729 0,000265
ultimately 1,108663 0,000116
umbrella 1,347074 0,000141
unable 0,248461 0,000026
unacceptable 2,407946 0,000253
unaccountable 1,108663 0,000116
unacquainted 1,427116 0,000150
unaffected 1,386294 0,000145
unanimously 1,660731 0,000174
unartistic 3,912023 0,000410
unassertive 3,912023 0,000410
unassisted 2,407946 0,000253
unassuming 2,207275 0,000231
unavoidable 1,049822 0,000110
unbeknown 3,218876 0,000338
unbend 2,813411 0,000295
unbind 2,813411 0,000295
unbolted 2,813411 0,000295
unborn 2,040221 0,000214
unbound 2,120264 0,000222
unbounded 1,309333 0,000137
unbuttoning 3,218876 0,000338
unceremoniously 1,966113 0,000206
uncertain 0,301105 0,000032
uncertainty 0,820981 0,000086
unchanged 0,994252 0,000104
unchanging 2,120264 0,000222
uncle 0,579818 0,000061
unclenched 3,218876 0,000338
uncles 2,040221 0,000214
uncoil 3,506558 0,000368
uncolonial 3,912023 0,000410
uncomfortable 0,798508 0,000084
uncomfortably 1,771957 0,000186
uncommon 0,798508 0,000084
uncommonly 1,386294 0,000145
uncongenial 2,659260 0,000279
unconnected 1,897120 0,000199
unconscionable 3,506558 0,000368
unconscious 0,400478 0,000042
unconsciously 0,634878 0,000067
unconsciousness 1,771957 0,000186
uncouth 1,347074 0,000141
uncovered 1,108663 0,000116
undecided 1,272966 0,000133
undefined 1,714798 0,000180
undeniable 1,897120 0,000199
undergo 1,139434 0,000119
undergoing 1,427116 0,000150
underlet 3,912023 0,000410
undermining 2,407946 0,000253
underpaid 2,995732 0,000314
undersized 2,813411 0,000295
understand 0,030459 0,000003
understanding 0,223144 0,000023
understood 0,061875 0,000006
undertake 0,579818 0,000061
undertaker 2,040221 0,000214
undertaking 0,713350 0,000075
undertook 1,203973 0,000126
underwent 1,386294 0,000145
undesignedly 3,506558 0,000368
undesigning 3,912023 0,000410
undesirable 2,207275 0,000231
undeterred 2,995732 0,000314
undistinguishable 3,218876 0,000338
undisturbed 1,049822 0,000110
undivided 1,832581 0,000192
undo 1,309333 0,000137
undone 0,994252 0,000104
undoubtedly 0,634878 0,000067
undutiful 2,995732 0,000314
unearthly 1,560648 0,000164
uneasily 1,347074 0,000141
uneasiness 0,994252 0,000104
uneasy 0,544727 0,000057
unemployed 1,897120 0,000199
unequal 0,843970 0,000089
unexpected 0,430783 0,000045
unexpectedly 0,916291 0,000096
unexplained 1,897120 0,000199
unfair 1,049822 0,000110
unfaithful 1,966113 0,000206
unfamiliar 1,386294 0,000145
unfavourable 1,514128 0,000159
unfeeling 1,609438 0,000169
unfit 1,108663 0,000116
unfitness 2,207275 0,000231
unfitted 2,120264 0,000222
unfixed 2,995732 0,000314
unfold 1,309333 0,000137
unfolding 1,660731 0,000174
unfortunate 0,314711 0,000033
unfrequented 2,040221 0,000214
ungainly 2,120264 0,000222
ungenerous 1,832581 0,000192
ungracious 1,966113 0,000206
ungrateful 0,798508 0,000084
unhappiness 1,560648 0,000164
unhappy 0,400478 0,000042
unhealthy 1,309333 0,000137
unheard 0,994252 0,000104
unhindered 3,506558 0,000368
unholy 1,469676 0,000154
unhooped 3,506558 0,000368
uniformly 1,832581 0,000192
uninformed 2,659260 0,000279
unintelligible 1,237874 0,000130
unintentional 2,525729 0,000265
unintentionally 1,966113 0,000206
union 0,510826 0,000054
unique 1,237874 0,000130
unite 1,078810 0,000113
united 0,094311 0,000010
universal 0,478036 0,000050
universally 0,967584 0,000101
unjust 0,693147 0,000073
unkind 1,386294 0,000145
unkindness 1,660731 0,000174
unknown 0,105361 0,000011
unlimited 1,078810 0,000113
unloading 2,120264 0,000222
unlocked 1,108663 0,000116
unlocking 1,771957 0,000186
unlucky 1,139434 0,000119
unmanageable 2,407946 0,000253
unmanned 2,995732 0,000314
unmindful 1,966113 0,000206
unmoved 0,916291 0,000096
unnatural 0,713350 0,000075
unnaturally 1,660731 0,000174
unnecessary 0,653926 0,000069
unoffending 2,995732 0,000314
unopened 2,207275 0,000231
unparalleled 2,302585 0,000241
unpleasant 0,562119 0,000059
unpossessed 3,506558 0,000368
unprofessional 2,995732 0,000314
unpromoted 3,912023 0,000410
unprotected 0,673345 0,000071
unpunctual 2,995732 0,000314
unqualified 2,120264 0,000222
unquestionably 1,427116 0,000150
unquestioning 2,813411 0,000295
unquiet 1,966113 0,000206
unreason 3,506558 0,000368
unreasonable 0,967584 0,000101
unreasonably 2,040221 0,000214
unrefreshed 3,912023 0,000410
unremunerative 3,912023 0,000410
unreservedly 2,659260 0,000279
unrestricted 3,218876 0,000338
unsatisfactory 1,609438 0,000169
unsay 2,995732 0,000314
unscrewed 2,525729 0,000265
unscrupulous 1,771957 0,000186
unseen 0,616186 0,000065
unsettled 1,309333 0,000137
unskilfully 3,506558 0,000368
unspeakable 0,994252 0,000104
unsteadily 2,659260 0,000279
unsteady 1,469676 0,000154
unsuccessful 0,994252 0,000104
unsuited 2,659260 0,000279
unsympathetically 3,506558 0,000368
untasted 2,120264 0,000222
untaught 2,407946 0,000253
untenable 2,207275 0,000231
unthankful 2,995732 0,000314
untiring 2,207275 0,000231
untouched 1,171183 0,000123
untoward 1,897120 0,000199
untried 1,966113 0,000206
untrue 1,309333 0,000137
untruthfulness 3,506558 0,000368
unusual 0,415515 0,000044
unusually 0,891598 0,000093
unutterable 1,203973 0,000126
unwelcome 1,469676 0,000154
unwilling 0,653926 0,000069
unwittingly 1,660731 0,000174
unwonted 1,309333 0,000137
unworthiness 2,207275 0,000231
unworthy 0,673345 0,000071
unwound 2,120264 0,000222
unwrapping 3,912023 0,000410
uphill 2,040221 0,000214
upholsterer 3,218876 0,000338
upholstery 2,813411 0,000295
uplifted 1,560648 0,000164
uplong 3,912023 0,000410
upper 0,314711 0,000033
upright 0,328504 0,000034
uproars 3,506558 0,000368
uprose 2,525729 0,000265
upshot 2,525729 0,000265
upside 1,347074 0,000141
upstairs 0,891598 0,000093
upstroke 3,912023 0,000410
uptown 3,218876 0,000338
upward 0,579818 0,000061
urged 0,356675 0,000037
urgency 1,660731 0,000174
urgent 0,798508 0,000084
urn 1,832581 0,000192
usage 0,891598 0,000093
useless 0,235722 0,000025
ushered 1,386294 0,000145
ushers 2,659260 0,000279
usual 0,139262 0,000015
utensils 1,386294 0,000145
utmost 0,356675 0,000037
utter 0,248461 0,000026
utterance 0,941609 0,000099
uttered 0,430783 0,000045
uttering 0,994252 0,000104
utterly 0,371064 0,000039
vacant 0,693147 0,000073
vacantly 1,897120 0,000199
vacated 2,302585 0,000241
vacillating 2,207275 0,000231
vagabond 1,309333 0,000137
vagaries 2,813411 0,000295
vagrancy 2,995732 0,000314
vagrants 2,302585 0,000241
vague 0,579818 0,000061
vaguely 0,967584 0,000101
vain 0,116534 0,000012
vainglorious 2,525729 0,000265
vainly 0,634878 0,000067
valedictory 3,912023 0,000410
valuable 0,371064 0,000039
vanished 0,527633 0,000055
vanities 1,609438 0,000169
vanity 0,415515 0,000044
vanquished 1,108663 0,000116
vantage 2,120264 0,000222
vapour 1,514128 0,000159
varied 0,673345 0,000071
variety 0,162519 0,000017
varnish 2,040221 0,000214
vary 1,108663 0,000116
vast 0,223144 0,000023
vastly 1,203973 0,000126
vastness 2,040221 0,000214
vat 2,407946 0,000253
vault 1,237874 0,000130
vauxhall 2,813411 0,000295
veal 1,771957 0,000186
vehemence 1,108663 0,000116
vehicles 1,469676 0,000154
veil 0,544727 0,000057
veiled 1,272966 0,000133
veinous 3,506558 0,000368
vellum 3,218876 0,000338
velvet 0,916291 0,000096
velveteen 3,218876 0,000338
venerable 0,843970 0,000089
venerated 2,120264 0,000222
vengeance 0,579818 0,000061
ventriloquist 2,995732 0,000314
venture 0,342490 0,000036
ventured 0,478036 0,000050
verb 1,897120 0,000199
verbal 1,203973 0,000126
verdict 1,272966 0,000133
verge 0,967584 0,000101
verification 2,207275 0,000231
verified 1,469676 0,000154
verify 1,832581 0,000192
verily 1,139434 0,000119
veritably 3,912023 0,000410
vermin 1,660731 0,000174
verse 0,653926 0,000069
verses 0,941609 0,000099
version 0,385662 0,000040
vessel 0,510826 0,000054
vessels 0,713350 0,000075
vestige 1,386294 0,000145
vestry 2,207275 0,000231
vex 1,427116 0,000150
vexation 0,867501 0,000091
vibrated 1,771957 0,000186
vicariously 3,218876 0,000338
vicious 0,653926 0,000069
victim 0,462035 0,000048
victory 0,371064 0,000039
victualling 3,218876 0,000338
view 0,105361 0,000011
viewing 0,415515 0,000044
views 0,562119 0,000059
vigilance 1,309333 0,000137
vigils 2,525729 0,000265
vigor 1,347074 0,000141
vigorous 0,544727 0,000057
vigorously 1,021651 0,000107
vii 0,430783 0,000045
viii 0,446287 0,000047
vile 0,693147 0,000073
village 0,356675 0,000037
villages 0,820981 0,000086
villain 0,967584 0,000101
villainous 1,609438 0,000169
villains 1,771957 0,000186
vine 1,049822 0,000110
vinegar 1,078810 0,000113
vintage 1,714798 0,000180
violence 0,248461 0,000026
violent 0,223144 0,000023
violently 0,462035 0,000048
violoncello 3,506558 0,000368
virtue 0,328504 0,000034
virtues 0,597837 0,000063
virtuous 0,653926 0,000069
virtuously 2,407946 0,000253
visage 1,272966 0,000133
visible 0,235722 0,000025
vision 0,371064 0,000039
visionary 1,427116 0,000150
visions 0,733969 0,000077
visit 0,061875 0,000006
visited 0,328504 0,000034
visiting 0,713350 0,000075
visitor 0,713350 0,000075
visitors 0,653926 0,000069
visits 0,544727 0,000057
vista 1,832581 0,000192
vitally 2,407946 0,000253
vivaciously 2,525729 0,000265
vivacity 1,237874 0,000130
vivid 0,776529 0,000081
vividly 1,139434 0,000119
vividness 2,120264 0,000222
vogue 1,609438 0,000169
voice 0,020203 0,000002
voices 0,287682 0,000030
volatile 2,120264 0,000222
volume 0,494296 0,000052
volunteered 1,660731 0,000174
voted 1,771957 0,000186
vouchers 2,659260 0,000279
voyager 2,995732 0,000314
vulgar 0,634878 0,000067
wafer 2,207275 0,000231
wafers 2,995732 0,000314
wager 1,427116 0,000150
wagers 2,995732 0,000314
wages 0,916291 0,000096
wagoner 3,218876 0,000338
wailing 1,203973 0,000126
wain 2,207275 0,000231
waist 0,713350 0,000075
waistcoat 1,021651 0,000107
waistcoated 3,506558 0,000368
wait 0,094311 0,000010
waited 0,198451 0,000021
waiter 1,108663 0,000116
waiters 1,660731 0,000174
waiting 0,083382 0,000009
waits 1,139434 0,000119
waive 2,120264 0,000222
waiving 2,995732 0,000314
wake 0,462035 0,000048
wakes 1,469676 0,000154
waking 0,562119 0,000059
wales 1,660731 0,000174
walk 0,105361 0,000011
walked 0,210721 0,000022
walking 0,083382 0,000009
walks 0,162519 0,000017
wall 0,198451 0,000021
walled 1,347074 0,000141
walls 0,139262 0,000015
walnut 1,966113 0,000206
wan 1,427116 0,000150
wander 0,579818 0,000061
wanderer 1,347074 0,000141
wandering 0,274437 0,000029
wanderings 1,237874 0,000130
wanders 1,897120 0,000199
war 0,162519 0,000017
ward 0,916291 0,000096
warded 2,813411 0,000295
warder 2,813411 0,000295
warders 2,995732 0,000314
ware 1,660731 0,000174
warehousing 3,912023 0,000410
warily 1,966113 0,000206
warm 0,139262 0,000015
warmed 0,867501 0,000091
warmest 1,660731 0,000174
warming 1,469676 0,000154
warmly 0,798508 0,000084
warmth 0,579818 0,000061
warn 0,579818 0,000061
warned 0,527633 0,000055
warning 0,248461 0,000026
warnings 1,514128 0,000159
warrant 0,713350 0,000075
wash 0,478036 0,000050
washed 0,494296 0,000052
washerwoman 2,407946 0,000253
washing 0,579818 0,000061
waste 0,186330 0,000020
wasted 0,400478 0,000042
wasting 0,673345 0,000071
watch 0,094311 0,000010
watched 0,210721 0,000022
watchful 1,171183 0,000123
watchfully 3,218876 0,000338
watching 0,210721 0,000022
watchmaker 2,813411 0,000295
watchman 1,427116 0,000150
water 0,051293 0,000005
watercress 3,912023 0,000410
watercresses 3,912023 0,000410
watered 1,272966 0,000133
waterloo 1,609438 0,000169
waterman 3,912023 0,000410
watermen 3,218876 0,000338
waters 0,356675 0,000037
watery 1,272966 0,000133
wave 0,527633 0,000055
waved 0,755023 0,000079
wavered 1,660731 0,000174
wavering 1,078810 0,000113
waves 0,478036 0,000050
waving 0,653926 0,000069
wax 0,597837 0,000063
waxed 1,514128 0,000159
waxwork 2,995732 0,000314
waywardness 3,506558 0,000368
weak 0,116534 0,000012
weakening 1,469676 0,000154
weaker 0,634878 0,000067
weakest 1,427116 0,000150
weakly 1,347074 0,000141
weakness 0,261365 0,000027
weaknesses 1,386294 0,000145
weal 1,771957 0,000186
wealth 0,287682 0,000030
weapon 0,634878 0,000067
wear 0,274437 0,000029
wearer 1,966113 0,000206
wearied 0,820981 0,000086
weariness 0,755023 0,000079
wearing 0,415515 0,000044
wearisomeness 3,912023 0,000410
weary 0,198451 0,000021
weather 0,248461 0,000026
weathercock 2,659260 0,000279
weazen 3,912023 0,000410
wedding 0,776529 0,000081
wedge 1,714798 0,000180
wednesday 1,139434 0,000119
weed 1,386294 0,000145
weeds 1,021651 0,000107
weedy 2,525729 0,000265
week 0,235722 0,000025
weekly 1,203973 0,000126
weeks 0,248461 0,000026
weeping 0,544727 0,000057
weigh 0,579818 0,000061
weighed 0,430783 0,000045
weighing 0,994252 0,000104
weight 0,116534 0,000012
weighty 1,347074 0,000141
weird 1,309333 0,000137
weirs 3,912023 0,000410
welded 2,525729 0,000265
wellington 2,120264 0,000222
weltering 2,407946 0,000253
wen 2,813411 0,000295
wept 0,597837 0,000063
west 0,083382 0,000009
western 0,616186 0,000065
westminster 1,771957 0,000186
westward 1,139434 0,000119
wet 0,287682 0,000030
wharf 1,469676 0,000154
whatsoever 0,287682 0,000030
wheel 0,446287 0,000047
wheeled 1,021651 0,000107
wheeling 1,514128 0,000159
wheels 0,616186 0,000065
wheelwright 3,506558 0,000368
wherefore 1,139434 0,000119
whereof 1,237874 0,000130
whereon 1,309333 0,000137
wherries 3,912023 0,000410
wherry 3,218876 0,000338
whimpered 2,525729 0,000265
whimpering 1,966113 0,000206
whipped 1,078810 0,000113
whippers 2,995732 0,000314
whirl 1,078810 0,000113
whirling 0,843970 0,000089
whisked 2,040221 0,000214
whisker 2,525729 0,000265
whiskers 1,171183 0,000123
whisper 0,446287 0,000047
whispered 0,400478 0,000042
whispering 0,820981 0,000086
whist 1,771957 0,000186
whistled 1,078810 0,000113
whistling 0,916291 0,000096
white 0,051293 0,000005
whites 1,469676 0,000154
whitesmith 3,912023 0,000410
whitewash 2,995732 0,000314
whitewashed 1,660731 0,000174
whitlow 3,912023 0,000410
wholesale 1,771957 0,000186
wholesome 0,867501 0,000091
wholesomely 3,218876 0,000338
wholesomer 3,218876 0,000338
wholly 0,400478 0,000042
whomsoever 1,897120 0,000199
whooping 2,407946 0,000253
whosoever 1,714798 0,000180
wi 2,302585 0,000241
wick 1,897120 0,000199
wicked 0,356675 0,000037
wicket 1,660731 0,000174
wide 0,061875 0,000006
widen 2,040221 0,000214
widened 1,897120 0,000199
wider 0,755023 0,000079
widow 0,579818 0,000061
wield 2,207275 0,000231
wife 0,094311 0,000010
wig 1,309333 0,000137
wigs 2,120264 0,000222
wild 0,051293 0,000005
wilderness 0,693147 0,000073
wildest 1,272966 0,000133
wildly 0,776529 0,000081
wildness 1,514128 0,000159
wilful 1,427116 0,000150
wilfully 1,609438 0,000169
william 0,798508 0,000084
willingly 0,527633 0,000055
willow 1,469676 0,000154
win 0,462035 0,000048
wind 0,105361 0,000011
winder 3,218876 0,000338
windfall 2,659260 0,000279
winding 0,634878 0,000067
windmill 2,407946 0,000253
windmills 2,659260 0,000279
window 0,274437 0,000029
windows 0,261365 0,000027
winds 0,494296 0,000052
windsor 2,207275 0,000231
windy 1,469676 0,000154
wine 0,248461 0,000026
wineglasses 3,218876 0,000338
wines 1,309333 0,000137
wing 0,562119 0,000059
winged 1,272966 0,000133
wings 0,430783 0,000045
winked 1,272966 0,000133
winking 1,309333 0,000137
winner 1,771957 0,000186
winning 0,867501 0,000091
winnings 2,659260 0,000279
winter 0,198451 0,000021
wintertime 3,218876 0,000338
wintry 1,386294 0,000145
wipe 0,776529 0,000081
wiped 0,733969 0,000077
wiping 1,108663 0,000116
wire 1,049822 0,000110
wisdom 0,287682 0,000030
wise 0,105361 0,000011
wiser 0,597837 0,000063
wisest 0,733969 0,000077
wisher 2,525729 0,000265
wishful 2,813411 0,000295
wit 0,328504 0,000034
witch 1,514128 0,000159
witches 1,771957 0,000186
withdrawing 1,078810 0,000113
withdrawn 0,616186 0,000065
withdrew 0,510826 0,000054
withered 0,843970 0,000089
withering 1,714798 0,000180
withheld 1,108663 0,000116
withhold 1,832581 0,000192
witness 0,198451 0,000021
witnesses 0,579818 0,000061
wits 0,713350 0,000075
woke 0,820981 0,000086
wolf 0,867501 0,000091
woman 0,061875 0,000006
womanly 1,560648 0,000164
women 0,094311 0,000010
wonderful 0,162519 0,000017
wonderfully 0,510826 0,000054
wood 0,116534 0,000012
woodcut 3,218876 0,000338
wooden 0,415515 0,000044
woods 0,430783 0,000045
wool 1,049822 0,000110
woolsack 3,912023 0,000410
word 0,020203 0,000002
wore 0,274437 0,000029
workingman 3,218876 0,000338
workman 1,078810 0,000113
workmen 0,916291 0,000096
worldly 0,820981 0,000086
worm 0,843970 0,000089
worn 0,223144 0,000023
worried 0,867501 0,000091
worrit 3,506558 0,000368
worry 0,820981 0,000086
worse 0,083382 0,000009
worshipping 1,966113 0,000206
worst 0,186330 0,000020
worsted 1,832581 0,000192
worth 0,061875 0,000006
worthier 1,966113 0,000206
worthless 0,843970 0,000089
worthy 0,186330 0,000020
wos 3,218876 0,000338
wot 2,040221 0,000214
wound 0,274437 0,000029
wounded 0,274437 0,000029
wounding 1,609438 0,000169
wounds 0,562119 0,000059
wrapped 0,579818 0,000061
wrath 0,634878 0,000067
wreak 2,302585 0,000241
wreaked 2,995732 0,000314
wreaths 1,171183 0,000123
wreck 0,941609 0,000099
wrecked 1,272966 0,000133
wrecks 2,040221 0,000214
wrenched 1,427116 0,000150
wrenching 2,207275 0,000231
wrestles 3,218876 0,000338
wrestling 1,469676 0,000154
wretch 0,733969 0,000077
wretched 0,328504 0,000034
wretchedness 1,139434 0,000119
wretches 1,237874 0,000130
wriggling 1,771957 0,000186
wrinkles 1,427116 0,000150
wrist 0,967584 0,000101
wrists 1,272966 0,000133
write 0,150823 0,000016
writer 0,415515 0,000044
writes 0,597837 0,000063
writing 0,061875 0,000006
written 0,051293 0,000005
wrong 0,083382 0,000009
wrongdoing 2,659260 0,000279
wrongs 1,078810 0,000113
wrote 0,150823 0,000016
wrung 1,021651 0,000107
xi 0,597837 0,000063
xii 0,579818 0,000061
xiii 0,673345 0,000071
xiv 0,693147 0,000073
xix 0,867501 0,000091
xvi 0,776529 0,000081
xvii 0,843970 0,000089
xviii 0,891598 0,000093
xx 0,916291 0,000096
xxi 0,867501 0,000091
xxii 0,967584 0,000101
xxiii 0,967584 0,000101
xxiv 0,994252 0,000104
xxv 1,108663 0,000116
xxx 1,272966 0,000133
yah 3,218876 0,000338
yard 0,430783 0,000045
yards 0,400478 0,000042
yarmouth 3,506558 0,000368
yarn 1,714798 0,000180
yawn 1,309333 0,000137
yawned 1,272966 0,000133
yearly 1,203973 0,000126
yell 1,203973 0,000126
yellow 0,328504 0,000034
yellower 2,659260 0,000279
yelping 2,040221 0,000214
yesterday 0,301105 0,000032
yield 0,342490 0,000036
yielded 0,510826 0,000054
yielding 0,653926 0,000069
yonder 0,843970 0,000089
yore 1,897120 0,000199
yorkshire 2,525729 0,000265
yourn 2,813411 0,000295
youth 0,150823 0,000016
youthful 0,673345 0,000071
youthfulness 2,407946 0,000253
zeal 0,579818 0,000061
zealous 1,049822 0,000110
zest 1,832581 0,000192
