abandon 0,544727 0,000061
abandoned 0,371064 0,000041
abase 2,659260 0,000297
abated 1,427116 0,000159
abating 2,407946 0,000269
abhorrence 1,560648 0,000174
abide 0,287682 0,000032
abilities 1,139434 0,000127
ability 0,579818 0,000065
abject 1,049822 0,000117
ablutions 2,040221 0,000228
abode 0,616186 0,000069
abominable 0,867501 0,000097
abound 1,469676 0,000164
abrupt 0,994252 0,000111
abruptly 0,843970 0,000094
absconded 3,218876 0,000359
absence 0,274437 0,000031
absences 2,207275 0,000246
absent 0,385662 0,000043
absenting 3,218876 0,000359
absorbed 0,634878 0,000071
absorbing 1,237874 0,000138
abstain 1,309333 0,000146
abstained 2,120264 0,000237
abstracted 1,309333 0,000146
abstractedly 3,506558 0,000391
abstraction 1,609438 0,000180
absurd 0,430783 0,000048
absurdity 1,203973 0,000134
abundance 0,843970 0,000094
abundantly 1,272966 0,000142
abuse 0,673345 0,000075
abused 0,843970 0,000094
abuts 2,995732 0,000334
abutting 3,218876 0,000359
abyss 1,049822 0,000117
acceded 2,040221 0,000228
acceding 3,218876 0,000359
accent 0,843970 0,000094
accents 1,272966 0,000142
accept 0,094311 0,000011
accepting 0,287682 0,000032
accessory 1,714798 0,000191
accident 0,371064 0,000041
accidental 0,755023 0,000084
accidentally 0,820981 0,000092
accidently 2,995732 0,000334
accommodate 1,386294 0,000155
accommodated 1,469676 0,000164
accommodation 1,237874 0,000138
accompanied 0,223144 0,000025
accompany 0,562119 0,000063
accompanying 0,820981 0,000092
accompanyist 3,912023 0,000437
accomplice 1,660731 0,000185
accomplish 0,733969 0,000082
accomplished 0,385662 0,000043
accord 0,597837 0,000067
accosted 1,386294 0,000155
account 0,010050 0,000001
accounted 0,891598 0,000099
accounts 0,597837 0,000067
accumulate 1,771957 0,000198
accumulated 1,272966 0,000142
accuracy 1,108663 0,000124
accurate 0,941609 0,000105
accusation 1,049822 0,000117
accustomed 0,287682 0,000032
acerbity 3,912023 0,000437
ached 1,560648 0,000174
achieve 1,078810 0,000120
achieved 0,867501 0,000097
aching 1,309333 0,000146
acknowledged 0,597837 0,000067
acknowledgment 1,347074 0,000150
acquaintance 0,301105 0,000034
acquaintances 1,021651 0,000114
acquainted 0,385662 0,000043
acquainting 2,813411 0,000314
acquiesced 1,469676 0,000164
acquiescence 1,427116 0,000159
acquire 0,776529 0,000087
acquired 0,462035 0,000052
acquisition 1,309333 0,000146
acquitted 1,347074 0,000150
action 0,139262 0,000016
actions 0,356675 0,000040
active 0,127833 0,000014
actively 1,560648 0,000174
actor 0,941609 0,000105
actors 1,049822 0,000117
actual 0,174353 0,000019
actuated 1,832581 0,000205
acute 0,733969 0,000082
acuteness 1,427116 0,000159
acutest 2,659260 0,000297
adage 2,659260 0,000297
add 0,198451 0,000022
adding 0,510826 0,000057
addition 0,116534 0,000013
additional 0,198451 0,000022
address 0,116534 0,000013
addressed 0,274437 0,000031
addressing 0,579818 0,000065
adept 2,040221 0,000228
adequate 1,309333 0,000146
adhere 1,660731 0,000185
adhered 1,609438 0,000180
adieus 2,813411 0,000314
adjacent 1,469676 0,000164
adjective 2,207275 0,000246
adjoining 0,843970 0,000094
adjourned 1,771957 0,000198
adjusted 1,171183 0,000131
adjusting 1,714798 0,000191
administered 1,139434 0,000127
administering 1,897120 0,000212
admirably 1,203973 0,000134
admiration 0,342490 0,000038
admire 0,527633 0,000059
admirers 1,272966 0,000142
admiring 0,776529 0,000087
admission 0,713350 0,000080
admissions 2,407946 0,000269
admit 0,235722 0,000026
admitted 0,301105 0,000034
admitting 1,078810 0,000120
admonished 1,714798 0,000191
admonition 1,660731 0,000185
admonitions 2,120264 0,000237
admonitory 2,813411 0,000314
ado 1,514128 0,000169
adornment 2,040221 0,000228
adult 1,832581 0,000205
advance 0,223144 0,000025
advanced 0,274437 0,000031
advancement 1,203973 0,000134
advancing 0,579818 0,000065
advantage 0,139262 0,000016
advantageous 1,237874 0,000138
advantages 0,579818 0,000065
adventure 0,510826 0,000057
adventures 0,562119 0,000063
adversity 1,660731 0,000185
adverting 3,912023 0,000437
advertise 1,714798 0,000191
advertisement 1,660731 0,000185
advertiser 3,218876 0,000359
advice 0,186330 0,000021
advisability 2,659260 0,000297
advisable 1,309333 0,000146
advise 0,462035 0,000052
advised 0,616186 0,000069
adviser 1,966113 0,000219
advocate 1,139434 0,000127
advocated 2,995732 0,000334
affability 1,897120 0,000212
affair 0,301105 0,000034
affairs 0,235722 0,000026
affect 0,478036 0,000053
affectation 1,108663 0,000124
affection 0,235722 0,000026
affectionate 0,616186 0,000069
affectionately 1,237874 0,000138
affections 0,798508 0,000089
affinity 1,514128 0,000169
affirm 1,139434 0,000127
affirmative 1,203973 0,000134
affirmed 1,309333 0,000146
affix 2,659260 0,000297
afflicted 0,693147 0,000077
affliction 0,867501 0,000097
afford 0,301105 0,000034
afforded 0,616186 0,000069
affording 1,427116 0,000159
affords 1,139434 0,000127
affright 1,966113 0,000219
afore 1,609438 0,000180
aforesaid 1,469676 0,000164
afraid 0,105361 0,000012
afresh 1,021651 0,000114
afternoon 0,287682 0,000032
age 0,051293 0,000006
aged 0,198451 0,000022
agent 0,274437 0,000031
agents 0,967584 0,000108
ages 0,261365 0,000029
aggravated 1,771957 0,000198
aggravating 2,120264 0,000237
aggravation 1,966113 0,000219
aghast 1,272966 0,000142
agility 1,272966 0,000142
agin 2,120264 0,000237
agitated 0,693147 0,000077
agitation 0,713350 0,000080
agnes 2,813411 0,000314
agonised 1,966113 0,000219
agonising 2,040221 0,000228
agony 0,544727 0,000061
agreeable 0,462035 0,000052
agreeably 1,171183 0,000131
agreed 0,116534 0,000013
agreement 0,210721 0,000024
ague 1,660731 0,000185
aha 1,771957 0,000198
aid 0,287682 0,000032
aim 0,462035 0,000052
aimed 0,891598 0,000099
aiming 1,309333 0,000146
air 0,061875 0,000007
aired 2,659260 0,000297
airs 1,078810 0,000120
airy 1,237874 0,000138
akin 1,203973 0,000134
alabaster 2,040221 0,000228
alacrity 1,108663 0,000124
alarm 0,356675 0,000040
alarmed 0,478036 0,000053
alarming 0,867501 0,000097
alas 0,462035 0,000052
ale 1,660731 0,000185
alert 0,843970 0,000094
alighted 1,139434 0,000127
alike 0,287682 0,000032
alive 0,051293 0,000006
allay 1,609438 0,000180
alleviate 1,714798 0,000191
alley 1,272966 0,000142
alleys 1,660731 0,000185
allotted 1,139434 0,000127
allowable 2,040221 0,000228
allowance 0,776529 0,000087
allusion 0,843970 0,000094
almighty 1,108663 0,000124
aloft 0,916291 0,000102
aloof 1,309333 0,000146
aloud 0,301105 0,000034
alphabet 1,609438 0,000180
alphabetical 2,813411 0,000314
altar 0,820981 0,000092
alter 0,544727 0,000061
alteration 0,314711 0,000035
alterations 1,108663 0,000124
altercations 3,218876 0,000359
altered 0,510826 0,000057
alternate 0,328504 0,000037
alternately 1,021651 0,000114
alternation 2,525729 0,000282
alternative 1,078810 0,000120
altogether 0,198451 0,000022
amazed 0,634878 0,000071
amazement 0,446287 0,000050
amazingly 1,771957 0,000198
ambition 0,597837 0,000067
ambitious 0,891598 0,000099
amen 1,237874 0,000138
amend 1,560648 0,000174
amendment 1,714798 0,000191
amiability 2,120264 0,000237
amiable 0,755023 0,000084
amicably 2,207275 0,000246
amiss 0,820981 0,000092
amorous 1,386294 0,000155
amphitheatre 2,120264 0,000237
ample 0,527633 0,000059
amuse 0,798508 0,000089
amused 0,562119 0,000063
amusement 0,544727 0,000061
amusements 1,139434 0,000127
amusing 0,693147 0,000077
ancient 0,198451 0,000022
anciently 2,525729 0,000282
andrew 1,469676 0,000164
anew 0,867501 0,000097
angel 0,579818 0,000065
angels 0,776529 0,000087
anger 0,328504 0,000037
angering 3,218876 0,000359
angle 0,733969 0,000082
angles 1,021651 0,000114
angrily 0,867501 0,000097
angry 0,174353 0,000019
anguish 0,579818 0,000065
animal 0,261365 0,000029
animals 0,494296 0,000055
animate 1,660731 0,000185
animated 0,755023 0,000084
animating 2,120264 0,000237
animation 1,171183 0,000131
animosity 1,560648 0,000174
ankle 1,171183 0,000131
annoyance 1,049822 0,000117
annoying 1,469676 0,000164
annuity 2,525729 0,000282
anointed 1,660731 0,000185
anon 1,272966 0,000142
answer 0,040822 0,000005
answered 0,072571 0,000008
answering 0,510826 0,000057
answers 0,415515 0,000046
antagonist 1,309333 0,000146
anteroom 2,659260 0,000297
antic 2,995732 0,000334
anticipated 0,755023 0,000084
anticipating 1,469676 0,000164
anticipation 0,843970 0,000094
antimonial 3,912023 0,000437
antipathy 1,771957 0,000198
anxieties 1,203973 0,000134
anxiety 0,287682 0,000032
anxious 0,261365 0,000029
anxiously 0,693147 0,000077
apace 1,771957 0,000198
apartment 0,693147 0,000077
aperture 1,714798 0,000191
apertures 2,207275 0,000246
apiece 1,309333 0,000146
apology 0,713350 0,000080
apostrophe 2,302585 0,000257
apothecary 1,714798 0,000191
appalled 1,203973 0,000134
appalling 1,237874 0,000138
apparatus 1,347074 0,000150
apparel 1,203973 0,000134
apparent 0,314711 0,000035
apparition 0,994252 0,000111
appeal 0,342490 0,000038
appealed 1,021651 0,000114
appealing 1,171183 0,000131
appeals 0,916291 0,000102
appearance 0,083382 0,000009
appearances 0,693147 0,000077
appendage 2,813411 0,000314
appertained 2,995732 0,000334
appertaining 2,525729 0,000282
appetite 0,371064 0,000041
appetites 1,049822 0,000117
applause 0,967584 0,000108
apples 0,916291 0,000102
applicants 2,995732 0,000334
application 0,733969 0,000082
applications 1,714798 0,000191
applied 0,287682 0,000032
apply 0,162519 0,000018
applying 1,108663 0,000124
appoint 1,347074 0,000150
appointed 0,356675 0,000040
appointment 0,693147 0,000077
appreciation 1,049822 0,000117
apprehend 1,108663 0,000124
apprehended 1,272966 0,000142
apprehending 1,966113 0,000219
apprehension 0,616186 0,000069
apprehensions 1,078810 0,000120
apprehensively 2,207275 0,000246
apprentice 1,660731 0,000185
apprenticed 2,525729 0,000282
apprenticeship 2,120264 0,000237
approach 0,083382 0,000009
approached 0,248461 0,000028
approaches 0,867501 0,000097
approaching 0,235722 0,000026
approbation 1,203973 0,000134
approval 0,798508 0,000089
approve 0,653926 0,000073
approved 0,693147 0,000077
approver 3,218876 0,000359
approving 1,427116 0,000159
approvingly 1,771957 0,000198
apron 1,386294 0,000155
apt 0,579818 0,000065
arbitrary 1,309333 0,000146
arch 0,820981 0,000092
archway 2,302585 0,000257
ardent 0,941609 0,000105
ardently 1,714798 0,000191
ardour 1,272966 0,000142
argued 0,798508 0,000089
argument 0,371064 0,000041
arguments 0,562119 0,000063
aright 1,078810 0,000120
arithmetical 2,302585 0,000257
arm 0,094311 0,000011
arms 0,051293 0,000006
aroused 0,755023 0,000084
arrange 0,579818 0,000065
arranged 0,328504 0,000037
arrangement 0,462035 0,000052
arrangements 0,634878 0,000071
arranging 0,820981 0,000092
array 0,314711 0,000035
arrears 2,207275 0,000246
arrival 0,356675 0,000040
arrive 0,314711 0,000035
arrived 0,150823 0,000017
arrives 1,078810 0,000120
arriving 0,634878 0,000071
arrow 0,653926 0,000073
art 0,139262 0,000016
arter 2,659260 0,000297
artful 1,171183 0,000131
article 0,673345 0,000075
articles 0,527633 0,000059
articulate 1,469676 0,000164
articulated 2,207275 0,000246
artificial 0,616186 0,000069
artist 0,634878 0,000071
artless 1,897120 0,000212
arts 0,597837 0,000067
ascend 0,867501 0,000097
ascended 0,713350 0,000080
ascertain 0,798508 0,000089
ascertained 1,021651 0,000114
ascertaining 1,469676 0,000164
ashamed 0,248461 0,000028
ashes 0,462035 0,000052
ashy 2,525729 0,000282
askance 1,660731 0,000185
asleep 0,162519 0,000018
aspect 0,462035 0,000052
asperities 2,995732 0,000334
asperity 2,407946 0,000269
ass 0,941609 0,000105
assail 1,609438 0,000180
assailant 1,469676 0,000164
assailed 1,203973 0,000134
assassin 1,897120 0,000212
assault 0,916291 0,000102
assemblage 1,771957 0,000198
assembled 0,510826 0,000057
assembling 1,714798 0,000191
assent 0,916291 0,000102
assert 0,820981 0,000092
asserted 0,755023 0,000084
asserting 1,386294 0,000155
assertion 0,941609 0,000105
asseveration 3,218876 0,000359
asseverations 2,659260 0,000297
assiduity 1,966113 0,000219
assiduously 1,771957 0,000198
assign 1,386294 0,000155
assigned 0,733969 0,000082
assist 0,510826 0,000057
assistance 0,105361 0,000012
assistant 0,994252 0,000111
assistants 1,469676 0,000164
assisted 0,634878 0,000071
assisting 1,078810 0,000120
associate 1,021651 0,000114
associates 1,427116 0,000159
associating 2,040221 0,000228
associations 1,139434 0,000127
assorted 2,207275 0,000246
assume 0,478036 0,000053
assumed 0,385662 0,000043
assuming 0,916291 0,000102
assumption 1,347074 0,000150
assurance 0,430783 0,000048
assurances 1,714798 0,000191
assure 0,385662 0,000043
assured 0,301105 0,000034
assuredly 0,967584 0,000108
assures 1,203973 0,000134
assuring 0,967584 0,000108
astonished 0,301105 0,000034
astonishes 2,813411 0,000314
astonishing 0,653926 0,000073
astonishment 0,301105 0,000034
astounded 1,427116 0,000159
asunder 1,108663 0,000124
asylum 1,347074 0,000150
ate 0,415515 0,000046
atmosphere 0,579818 0,000065
atonement 1,427116 0,000159
atones 3,218876 0,000359
atrocious 1,427116 0,000159
atrociously 2,813411 0,000314
atrocity 3,218876 0,000359
attach 0,967584 0,000108
attached 0,127833 0,000014
attaching 1,514128 0,000169
attachment 0,941609 0,000105
attack 0,301105 0,000034
attain 0,616186 0,000069
attained 0,494296 0,000055
attempt 0,083382 0,000009
attempted 0,356675 0,000040
attempting 0,579818 0,000065
attend 0,301105 0,000034
attendance 0,798508 0,000089
attendant 0,733969 0,000082
attendants 1,108663 0,000124
attended 0,342490 0,000038
attending 0,713350 0,000080
attention 0,083382 0,000009
attentions 1,049822 0,000117
attentive 0,713350 0,000080
attentively 0,755023 0,000084
attenuated 2,407946 0,000269
attesting 2,813411 0,000314
attire 1,203973 0,000134
attired 1,427116 0,000159
attitude 0,478036 0,000053
attorney 1,609438 0,000180
attract 0,634878 0,000071
attracted 0,356675 0,000040
attracting 1,427116 0,000159
attractions 1,309333 0,000146
attractive 0,820981 0,000092
attribute 1,078810 0,000120
attributed 0,867501 0,000097
attributes 1,237874 0,000138
audacious 1,309333 0,000146
audible 0,916291 0,000102
audience 0,733969 0,000082
auditor 2,120264 0,000237
aught 0,891598 0,000099
auguries 2,995732 0,000334
aunt 0,843970 0,000094
aunts 2,040221 0,000228
auspicious 1,966113 0,000219
author 0,116534 0,000013
authorities 0,843970 0,000094
authority 0,261365 0,000029
authors 0,941609 0,000105
authorship 2,302585 0,000257
autumn 0,653926 0,000073
avail 0,544727 0,000061
availed 1,272966 0,000142
avaricious 1,771957 0,000198
avenge 1,049822 0,000117
avenues 1,427116 0,000159
averse 1,049822 0,000117
aversion 0,941609 0,000105
averted 1,139434 0,000127
averting 2,659260 0,000297
avidity 1,897120 0,000212
avocation 2,995732 0,000334
avocations 2,120264 0,000237
avoid 0,174353 0,000019
avoided 0,371064 0,000041
avoiding 1,021651 0,000114
avowal 1,771957 0,000198
avowed 1,386294 0,000155
awaited 0,733969 0,000082
awaiting 0,693147 0,000077
awake 0,356675 0,000040
awaken 0,891598 0,000099
awakened 0,673345 0,000075
awakening 1,108663 0,000124
awakens 2,040221 0,000228
aware 0,223144 0,000025
awe 0,597837 0,000067
awed 1,560648 0,000174
awful 0,328504 0,000037
awfulness 2,407946 0,000269
awhile 0,967584 0,000108
awkward 0,544727 0,000061
awkwardness 1,386294 0,000155
awoke 0,446287 0,000050
axiom 1,897120 0,000212
ay 1,108663 0,000124
aye 1,347074 0,000150
babbling 2,040221 0,000228
babe 1,427116 0,000159
babes 1,609438 0,000180
baby 0,673345 0,000075
bachelor 1,078810 0,000120
background 0,867501 0,000097
bacon 0,994252 0,000111
bad 0,051293 0,000006
bade 0,597837 0,000067
badge 1,660731 0,000185
badged 3,912023 0,000437
badger 2,813411 0,000314
badly 0,446287 0,000050
baffled 1,171183 0,000131
bag 0,544727 0,000061
bags 0,967584 0,000108
bah 1,514128 0,000169
bail 2,040221 0,000228
bailey 2,407946 0,000269
bait 1,078810 0,000120
baker 1,237874 0,000138
balance 0,544727 0,000061
balancing 1,272966 0,000142
bald 0,994252 0,000111
ball 0,356675 0,000040
ballad 1,771957 0,000198
ballast 1,832581 0,000205
balmy 1,771957 0,000198
balustrade 1,897120 0,000212
bamboo 1,771957 0,000198
band 0,430783 0,000048
bandage 1,427116 0,000159
bandaged 1,832581 0,000205
bank 0,261365 0,000029
banker 1,309333 0,000146
bankrupts 2,995732 0,000334
banks 0,494296 0,000055
banquet 1,272966 0,000142
banter 2,040221 0,000228
bantered 2,813411 0,000314
baptized 1,832581 0,000205
bar 0,527633 0,000059
barber 1,609438 0,000180
barbican 3,506558 0,000391
bare 0,162519 0,000018
barefoot 1,609438 0,000180
barely 0,798508 0,000089
bargain 0,597837 0,000067
bark 0,597837 0,000067
barker 3,218876 0,000359
barkers 3,506558 0,000391
barking 1,237874 0,000138
barney 3,912023 0,000437
baron 1,514128 0,000169
barred 0,916291 0,000102
barrel 0,843970 0,000094
barriers 1,171183 0,000131
barring 2,120264 0,000237
bars 0,653926 0,000073
bartlemy 3,912023 0,000437
base 0,301105 0,000034
bashful 1,609438 0,000180
bashfully 2,525729 0,000282
basin 0,941609 0,000105
basket 0,673345 0,000075
baskets 1,203973 0,000134
basking 2,120264 0,000237
bastard 1,660731 0,000185
bates 2,525729 0,000282
bathed 0,798508 0,000089
battery 1,560648 0,000174
battle 0,287682 0,000032
battledore 2,659260 0,000297
bawled 2,120264 0,000237
beadle 2,525729 0,000282
beadlehood 3,912023 0,000437
beadles 3,506558 0,000391
beadleship 3,912023 0,000437
beak 1,427116 0,000159
beaks 2,207275 0,000246
beam 0,843970 0,000094
beaming 1,386294 0,000155
beams 0,994252 0,000111
bear 0,061875 0,000007
beard 0,579818 0,000065
bearer 1,203973 0,000134
bearers 1,309333 0,000146
bearing 0,162519 0,000018
bears 0,510826 0,000057
beast 0,342490 0,000038
beasts 0,430783 0,000048
beat 0,186330 0,000021
beaten 0,400478 0,000045
beating 0,314711 0,000035
beats 0,941609 0,000105
beau 1,771957 0,000198
beauties 0,820981 0,000092
beautiful 0,083382 0,000009
beautifully 0,867501 0,000097
beauty 0,174353 0,000019
beaver 1,771957 0,000198
beck 2,207275 0,000246
beckoned 1,272966 0,000142
beckoning 1,609438 0,000180
becky 3,506558 0,000391
bed 0,051293 0,000006
bedroom 0,798508 0,000089
bedrooms 1,897120 0,000212
beds 0,430783 0,000048
bedside 1,171183 0,000131
bedstead 1,347074 0,000150
beef 0,916291 0,000102
beer 0,941609 0,000105
befall 0,967584 0,000108
befallen 1,078810 0,000120
befitted 2,659260 0,000297
befitting 1,771957 0,000198
beg 0,210721 0,000024
begets 2,525729 0,000282
beggar 0,733969 0,000082
begged 0,462035 0,000052
begging 0,713350 0,000080
beginner 2,302585 0,000257
beguile 2,040221 0,000228
beguiling 2,659260 0,000297
behalf 0,713350 0,000080
behave 0,713350 0,000080
behaved 0,798508 0,000089
behaviour 0,941609 0,000105
beheld 0,510826 0,000057
behindhand 2,813411 0,000314
behold 0,342490 0,000038
beholder 2,120264 0,000237
beholders 1,966113 0,000219
beholding 1,021651 0,000114
belcher 3,912023 0,000437
belief 0,198451 0,000022
bell 0,400478 0,000045
bellowed 2,207275 0,000246
bellowing 1,832581 0,000205
bellows 1,771957 0,000198
bells 0,597837 0,000067
belong 0,235722 0,000026
belonged 0,314711 0,000035
beloved 0,415515 0,000046
ben 1,609438 0,000180
bench 0,616186 0,000069
benches 1,171183 0,000131
bended 2,407946 0,000269
bending 0,597837 0,000067
bends 1,609438 0,000180
beneath 0,198451 0,000022
benefactor 1,171183 0,000131
benefactors 1,560648 0,000174
benefactress 2,407946 0,000269
beneficial 1,272966 0,000142
benefit 0,415515 0,000046
benefits 1,171183 0,000131
benevolence 1,049822 0,000117
benevolent 1,021651 0,000114
benignly 2,813411 0,000314
bent 0,174353 0,000019
bequeathed 1,514128 0,000169
bereft 1,897120 0,000212
beseeching 1,609438 0,000180
beseechingly 3,218876 0,000359
besmeared 2,813411 0,000314
besought 1,309333 0,000146
bespeak 2,302585 0,000257
bespeaking 3,218876 0,000359
bespoke 1,966113 0,000219
besprinkled 2,813411 0,000314
bestow 0,755023 0,000084
bestowal 2,995732 0,000334
bestowed 0,562119 0,000063
bestowing 1,771957 0,000198
bestows 1,771957 0,000198
bet 1,108663 0,000124
betake 2,120264 0,000237
bethinking 2,659260 0,000297
bethought 1,469676 0,000164
betimes 1,771957 0,000198
betoken 2,659260 0,000297
betokened 2,813411 0,000314
betook 1,560648 0,000174
betray 0,527633 0,000059
betrayed 0,494296 0,000055
betsy 2,813411 0,000314
betters 1,660731 0,000185
betwixt 1,514128 0,000169
bewail 1,832581 0,000205
bewailing 2,207275 0,000246
bewildered 0,843970 0,000094
bewildering 1,714798 0,000191
bible 0,776529 0,000087
bid 0,400478 0,000045
bidding 0,820981 0,000092
bide 2,040221 0,000228
bids 1,237874 0,000138
bier 2,040221 0,000228
bind 0,755023 0,000084
binding 0,891598 0,000099
biographer 2,302585 0,000257
biography 1,469676 0,000164
bird 0,235722 0,000026
birds 0,301105 0,000034
birmingham 2,525729 0,000282
birth 0,301105 0,000034
birthday 1,108663 0,000124
birthplace 2,120264 0,000237
bishop 1,049822 0,000117
bister 3,912023 0,000437
bit 0,174353 0,000019
bites 1,609438 0,000180
biting 0,713350 0,000080
bits 0,843970 0,000094
bitter 0,235722 0,000026
bitterest 1,469676 0,000164
bitterly 0,579818 0,000065
bitterness 0,634878 0,000071
blab 2,813411 0,000314
black 0,072571 0,000008
blacken 2,525729 0,000282
blackened 1,386294 0,000155
blackest 1,514128 0,000169
blackhearted 3,506558 0,000391
blacking 2,659260 0,000297
blame 0,174353 0,000019
blanched 1,966113 0,000219
blandly 1,897120 0,000212
blandness 3,218876 0,000359
blank 0,579818 0,000065
blanket 1,386294 0,000155
blasphemed 2,407946 0,000269
blasphemy 1,514128 0,000169
blathers 3,912023 0,000437
blaze 0,941609 0,000105
blazed 1,203973 0,000134
blazes 1,832581 0,000205
blazing 0,916291 0,000102
bleak 1,386294 0,000155
bleating 1,832581 0,000205
bleeding 0,843970 0,000094
bleeds 1,966113 0,000219
blended 1,203973 0,000134
blending 1,897120 0,000212
bless 0,430783 0,000048
blessed 0,356675 0,000040
blessing 0,446287 0,000050
blessings 1,171183 0,000131
blew 0,494296 0,000055
blight 1,771957 0,000198
blighted 1,771957 0,000198
blind 0,223144 0,000025
blinded 0,994252 0,000111
blinder 3,218876 0,000359
blindness 0,994252 0,000111
blinds 1,347074 0,000150
blinking 1,347074 0,000150
blithesome 3,218876 0,000359
block 0,616186 0,000069
blocked 1,609438 0,000180
blood 0,116534 0,000013
bloodless 1,469676 0,000164
bloods 3,218876 0,000359
bloodshed 1,386294 0,000155
bloodshot 1,897120 0,000212
bloody 0,527633 0,000059
bloom 0,798508 0,000089
blooming 1,139434 0,000127
blossomed 2,120264 0,000237
blossoms 1,049822 0,000117
blot 1,347074 0,000150
blotted 1,272966 0,000142
blow 0,139262 0,000016
blowing 0,510826 0,000057
blows 0,371064 0,000041
blubbered 2,813411 0,000314
blubbering 2,302585 0,000257
bluchers 3,912023 0,000437
bludgeons 2,995732 0,000334
blue 0,174353 0,000019
bluff 1,514128 0,000169
bluish 1,897120 0,000212
blunder 1,386294 0,000155
blunderbuss 2,813411 0,000314
blundering 1,514128 0,000169
blunt 0,967584 0,000108
blush 0,693147 0,000077
blushed 1,171183 0,000131
blushing 1,049822 0,000117
board 0,314711 0,000035
boarding 1,272966 0,000142
boards 0,776529 0,000087
boast 0,430783 0,000048
boasts 1,660731 0,000185
boat 0,446287 0,000050
boats 0,820981 0,000092
bob 1,660731 0,000185
boded 2,207275 0,000246
bodies 0,174353 0,000019
bodily 0,673345 0,000075
body 0,030459 0,000003
boiled 0,798508 0,000089
boiling 0,776529 0,000087
boils 1,714798 0,000191
boisterous 1,514128 0,000169
bold 0,287682 0,000032
bolder 1,203973 0,000134
boldest 1,609438 0,000180
boldly 0,462035 0,000052
boldness 0,916291 0,000102
bolt 0,733969 0,000082
bolted 0,967584 0,000108
bolter 3,912023 0,000437
bolting 2,040221 0,000228
bolts 1,427116 0,000159
bombazeen 3,218876 0,000359
bond 0,673345 0,000075
bondage 1,203973 0,000134
boned 2,407946 0,000269
bones 0,235722 0,000026
bonnet 1,139434 0,000127
bony 1,469676 0,000164
book 0,061875 0,000007
booked 2,525729 0,000282
books 0,139262 0,000016
bookseller 2,302585 0,000257
bookstall 3,912023 0,000437
boom 1,897120 0,000212
boot 0,941609 0,000105
booted 1,897120 0,000212
boots 0,510826 0,000057
booty 1,309333 0,000146
bordered 1,347074 0,000150
bordering 1,427116 0,000159
bore 0,150823 0,000017
born 0,105361 0,000012
borne 0,261365 0,000029
borough 2,525729 0,000282
bosom 0,462035 0,000052
bosoms 1,714798 0,000191
botanical 2,813411 0,000314
bother 0,916291 0,000102
bottle 0,562119 0,000063
bottles 0,798508 0,000089
boughs 1,078810 0,000120
bounceably 3,912023 0,000437
bouncing 2,040221 0,000228
bound 0,030459 0,000003
boundaries 1,514128 0,000169
bounded 0,634878 0,000071
bounding 1,171183 0,000131
bounds 0,634878 0,000071
bow 0,287682 0,000032
bowed 0,371064 0,000041
bowing 0,994252 0,000111
bowl 0,843970 0,000094
bowls 1,660731 0,000185
bows 0,776529 0,000087
box 0,248461 0,000028
boxed 1,771957 0,000198
boxes 0,798508 0,000089
boy 0,139262 0,000016
boyish 1,347074 0,000150
boys 0,328504 0,000037
bracelets 1,427116 0,000159
braided 2,040221 0,000228
brain 0,356675 0,000040
brains 0,776529 0,000087
brake 1,660731 0,000185
bran 2,120264 0,000237
branch 0,385662 0,000043
branches 0,371064 0,000041
branding 2,813411 0,000314
brandishing 1,771957 0,000198
brandy 0,941609 0,000105
brans 3,912023 0,000437
brass 0,478036 0,000053
brat 2,407946 0,000269
brats 2,207275 0,000246
brave 0,415515 0,000046
braved 2,120264 0,000237
bravely 1,078810 0,000120
bravery 1,272966 0,000142
braves 2,813411 0,000314
brawling 2,302585 0,000257
brawny 1,832581 0,000205
brazen 1,203973 0,000134
bread 0,248461 0,000028
break 0,083382 0,000009
breaker 1,966113 0,000219
breakers 1,714798 0,000191
breakfast 0,356675 0,000040
breaking 0,210721 0,000024
breast 0,210721 0,000024
breath 0,174353 0,000019
breathe 0,478036 0,000053
breathed 0,494296 0,000055
breathing 0,462035 0,000052
breathless 0,673345 0,000075
breathlessness 2,995732 0,000334
breaths 1,660731 0,000185
bred 0,478036 0,000053
breeches 1,203973 0,000134
breed 0,820981 0,000092
breeding 0,967584 0,000108
brewery 2,659260 0,000297
brewing 1,771957 0,000198
bribes 1,714798 0,000191
brick 0,713350 0,000080
bricked 3,506558 0,000391
bricks 1,203973 0,000134
bride 0,820981 0,000092
bridewell 3,506558 0,000391
bridge 0,494296 0,000055
bridges 1,108663 0,000124
bridle 1,021651 0,000114
brier 3,506558 0,000391
bright 0,116534 0,000013
brightened 0,967584 0,000108
brightening 1,469676 0,000164
brighter 0,776529 0,000087
brightest 1,171183 0,000131
brightly 0,994252 0,000111
brightness 0,634878 0,000071
brilliant 0,430783 0,000048
brim 1,237874 0,000138
brimmed 1,714798 0,000191
bring 0,010050 0,000001
bringing 0,105361 0,000012
brings 0,328504 0,000037
brink 1,139434 0,000127
brinks 3,912023 0,000437
brisk 1,021651 0,000114
briskly 0,967584 0,000108
brittle 1,660731 0,000185
brittles 3,912023 0,000437
broad 0,139262 0,000016
broke 0,116534 0,000013
broken 0,061875 0,000007
brooches 3,506558 0,000391
brooding 1,021651 0,000114
brooked 2,659260 0,000297
broth 1,897120 0,000212
brother 0,127833 0,000014
brothers 0,356675 0,000040
brought 0,010050 0,000001
brow 0,544727 0,000061
browed 2,120264 0,000237
brown 0,274437 0,000031
brows 0,755023 0,000084
bruise 1,560648 0,000174
bruised 0,941609 0,000105
bruises 1,832581 0,000205
brushed 1,078810 0,000120
brushing 1,386294 0,000155
brutal 0,755023 0,000084
brutality 1,514128 0,000169
brute 0,579818 0,000065
bubble 1,560648 0,000174
buckets 1,714798 0,000191
buffeted 2,525729 0,000282
building 0,223144 0,000025
buildings 0,713350 0,000080
built 0,150823 0,000017
bulk 0,843970 0,000094
bulky 1,309333 0,000146
bull 0,510826 0,000057
bullet 1,108663 0,000124
bully 1,469676 0,000164
bullying 2,207275 0,000246
bulrush 3,506558 0,000391
bumble 3,218876 0,000359
bunch 0,994252 0,000111
bunches 1,609438 0,000180
bundle 0,755023 0,000084
bundles 1,427116 0,000159
buoyed 2,659260 0,000297
burden 0,223144 0,000025
burdened 1,469676 0,000164
burglarious 3,912023 0,000437
burglars 2,120264 0,000237
burglary 2,120264 0,000237
burial 0,994252 0,000111
buried 0,248461 0,000028
burly 1,609438 0,000180
burn 0,400478 0,000045
burning 0,150823 0,000017
burnt 0,415515 0,000046
burst 0,287682 0,000032
bursting 0,713350 0,000080
bursts 1,386294 0,000155
bury 0,776529 0,000087
bushes 0,733969 0,000082
busied 1,203973 0,000134
busily 1,021651 0,000114
business 0,040822 0,000005
bust 1,272966 0,000142
busted 2,302585 0,000257
busting 3,218876 0,000359
bustle 0,994252 0,000111
bustled 1,560648 0,000174
bustling 1,386294 0,000155
busy 0,223144 0,000025
busying 2,813411 0,000314
butcher 0,941609 0,000105
butchers 2,302585 0,000257
butler 1,203973 0,000134
butt 1,171183 0,000131
butter 0,820981 0,000092
buttered 2,659260 0,000297
button 1,049822 0,000117
buttoned 1,309333 0,000146
buttoning 1,832581 0,000205
buttons 1,108663 0,000124
buyers 2,120264 0,000237
bye 0,776529 0,000087
bystander 2,525729 0,000282
bystanders 2,302585 0,000257
byways 2,525729 0,000282
cabbage 1,609438 0,000180
cabin 0,916291 0,000102
cabriolet 2,813411 0,000314
cad 2,813411 0,000314
cadaverous 2,407946 0,000269
caddy 3,506558 0,000391
cage 1,237874 0,000138
cages 2,120264 0,000237
cake 0,941609 0,000105
cakes 1,237874 0,000138
calamities 1,427116 0,000159
calamity 0,891598 0,000099
calculated 0,174353 0,000019
calculation 1,139434 0,000127
calculations 1,139434 0,000127
calendar 1,714798 0,000191
calico 1,897120 0,000212
calling 0,820981 0,000092
calm 0,301105 0,000034
calmer 1,347074 0,000150
calming 2,407946 0,000269
calmness 1,203973 0,000134
calves 1,427116 0,000159
cambric 2,120264 0,000237
camden 2,813411 0,000314
canal 1,309333 0,000146
canary 1,660731 0,000185
candidate 1,714798 0,000191
candle 0,544727 0,000061
candles 0,755023 0,000084
candlestick 1,771957 0,000198
cane 0,916291 0,000102
cankered 3,912023 0,000437
canvas 0,916291 0,000102
cap 0,462035 0,000052
capable 0,261365 0,000029
capacious 1,771957 0,000198
capacity 0,527633 0,000059
cape 0,967584 0,000108
capital 0,328504 0,000037
capitals 1,714798 0,000191
capitulated 2,659260 0,000297
caps 0,967584 0,000108
captain 0,371064 0,000041
captivating 2,120264 0,000237
captive 0,820981 0,000092
capture 0,820981 0,000092
captured 0,916291 0,000102
car 0,994252 0,000111
carcase 2,040221 0,000228
carcasses 1,832581 0,000205
card 0,223144 0,000025
cards 0,634878 0,000071
care 0,000000 0,000000
career 0,478036 0,000053
careered 3,912023 0,000437
careering 2,995732 0,000334
careful 0,174353 0,000019
carefully 0,139262 0,000016
careless 0,494296 0,000055
carelessly 0,776529 0,000087
carelessness 1,021651 0,000114
cares 0,634878 0,000071
caring 1,049822 0,000117
carolling 3,218876 0,000359
carpenter 1,108663 0,000124
carpentering 2,995732 0,000334
carpenters 1,714798 0,000191
carpet 0,653926 0,000073
carriage 0,446287 0,000050
carried 0,030459 0,000003
carrier 1,560648 0,000174
carries 0,755023 0,000084
carry 0,030459 0,000003
carrying 0,083382 0,000009
cart 0,755023 0,000084
carter 2,040221 0,000228
carts 1,309333 0,000146
carved 0,843970 0,000094
casement 1,897120 0,000212
cash 1,021651 0,000114
cask 1,560648 0,000174
cast 0,116534 0,000013
castanets 2,995732 0,000334
caste 1,609438 0,000180
casting 0,544727 0,000061
castle 0,776529 0,000087
castor 2,407946 0,000269
casts 1,139434 0,000127
cat 0,562119 0,000063
catalogue 1,347074 0,000150
catastrophe 1,108663 0,000124
catch 0,210721 0,000024
catching 0,562119 0,000063
catechism 1,966113 0,000219
cathedral 1,272966 0,000142
cattle 0,544727 0,000061
caught 0,162519 0,000018
caustically 3,912023 0,000437
caution 0,527633 0,000059
cautious 0,673345 0,000075
cautiously 0,867501 0,000097
caverns 1,514128 0,000169
cease 0,139262 0,000016
ceased 0,235722 0,000026
ceaseless 1,386294 0,000155
ceasing 1,078810 0,000120
ceiling 0,527633 0,000059
ceilings 2,040221 0,000228
cell 0,916291 0,000102
cellar 1,021651 0,000114
cellars 1,469676 0,000164
cells 1,427116 0,000159
censure 1,108663 0,000124
centre 0,462035 0,000052
ceremonies 0,941609 0,000105
ceremony 0,579818 0,000065
certainty 0,342490 0,000038
certify 2,302585 0,000257
cessation 1,386294 0,000155
chafed 1,771957 0,000198
chafing 1,771957 0,000198
chagrin 1,660731 0,000185
chain 0,415515 0,000046
chained 1,108663 0,000124
chair 0,274437 0,000031
chairman 2,302585 0,000257
chairs 0,579818 0,000065
chaise 1,660731 0,000185
chalk 1,272966 0,000142
chalked 2,813411 0,000314
challenge 0,994252 0,000111
chamber 0,400478 0,000045
chambers 0,733969 0,000082
chance 0,083382 0,000009
chanced 0,843970 0,000094
chancery 2,040221 0,000228
chances 0,562119 0,000063
chancing 2,207275 0,000246
chandler 2,040221 0,000228
change 0,010050 0,000001
changed 0,051293 0,000006
changing 0,248461 0,000028
channel 0,798508 0,000089
channels 1,078810 0,000120
chap 1,021651 0,000114
chapel 1,139434 0,000127
chapels 2,407946 0,000269
chaps 1,660731 0,000185
chapter 0,342490 0,000038
char 2,659260 0,000297
character 0,061875 0,000007
characteristic 0,597837 0,000067
characteristics 0,798508 0,000089
characters 0,430783 0,000048
charge 0,051293 0,000006
chargeable 2,407946 0,000269
charged 0,328504 0,000037
charges 0,223144 0,000025
chariot 1,237874 0,000138
charitable 0,287682 0,000032
charity 0,494296 0,000055
charles 0,597837 0,000067
charley 2,995732 0,000334
charlotte 1,897120 0,000212
charmed 0,941609 0,000105
charming 0,527633 0,000059
charms 0,755023 0,000084
chase 0,653926 0,000073
chaste 1,203973 0,000134
chatter 1,427116 0,000159
chattered 1,514128 0,000169
chattering 1,108663 0,000124
cheap 0,673345 0,000075
cheaper 1,714798 0,000191
cheapest 1,897120 0,000212
cheat 1,139434 0,000127
check 0,174353 0,000019
checked 0,579818 0,000065
checking 1,203973 0,000134
cheek 0,430783 0,000048
cheeks 0,415515 0,000046
cheer 0,562119 0,000063
cheerful 0,385662 0,000043
cheerfully 0,820981 0,000092
cheerfulness 0,867501 0,000097
cheerless 1,714798 0,000191
cheers 1,469676 0,000164
cheese 0,967584 0,000108
chequered 2,813411 0,000314
cherish 1,078810 0,000120
cherished 0,843970 0,000094
chest 0,371064 0,000041
chester 2,407946 0,000269
chickweed 3,506558 0,000391
chief 0,094311 0,000011
chiefly 0,527633 0,000059
child 0,072571 0,000008
childhood 0,527633 0,000059
childish 0,713350 0,000080
childishness 2,407946 0,000269
children 0,072571 0,000008
chill 0,733969 0,000082
chilled 1,139434 0,000127
chillness 3,218876 0,000359
chimbley 3,506558 0,000391
chime 1,832581 0,000205
chimed 1,966113 0,000219
chiming 2,525729 0,000282
chimney 0,798508 0,000089
chimneys 1,309333 0,000146
chin 0,478036 0,000053
chinking 3,912023 0,000437
chinks 1,832581 0,000205
chins 2,040221 0,000228
chips 1,966113 0,000219
chitling 3,912023 0,000437
choice 0,150823 0,000017
choke 1,427116 0,000159
choked 0,755023 0,000084
choleric 2,207275 0,000246
choose 0,083382 0,000009
choosing 0,867501 0,000097
chord 1,660731 0,000185
chorus 1,021651 0,000114
chose 0,301105 0,000034
chosen 0,186330 0,000021
christian 0,430783 0,000048
christians 1,108663 0,000124
christmas 0,891598 0,000099
chucking 3,506558 0,000391
chuckle 1,714798 0,000191
chuckled 1,237874 0,000138
chuckling 2,040221 0,000228
chucks 3,218876 0,000359
church 0,261365 0,000029
churches 0,994252 0,000111
churchyard 1,560648 0,000174
cinder 2,659260 0,000297
circle 0,223144 0,000025
circles 0,733969 0,000082
circuit 0,891598 0,000099
circuitous 2,407946 0,000269
circulated 1,660731 0,000185
circumference 1,469676 0,000164
circumlocution 2,813411 0,000314
circumlocutions 3,218876 0,000359
circumspect 1,897120 0,000212
circumspection 1,771957 0,000198
circumstance 0,446287 0,000050
circumstanced 2,407946 0,000269
circumstances 0,162519 0,000018
circumstantial 1,714798 0,000191
circumstantially 2,407946 0,000269
citizens 0,916291 0,000102
city 0,051293 0,000006
civil 0,544727 0,000061
civilities 1,966113 0,000219
civility 1,427116 0,000159
clad 0,597837 0,000067
claim 0,116534 0,000013
claimed 0,843970 0,000094
claiming 1,272966 0,000142
clammy 1,897120 0,000212
clanking 1,771957 0,000198
clapped 1,049822 0,000117
clapping 1,108663 0,000124
clash 1,469676 0,000164
clasp 1,078810 0,000120
clasped 0,843970 0,000094
clasping 1,078810 0,000120
class 0,314711 0,000035
classes 0,653926 0,000073
classic 1,309333 0,000146
clattering 1,660731 0,000185
clause 1,966113 0,000219
claw 1,609438 0,000180
clay 0,494296 0,000055
clean 0,248461 0,000028
cleaned 1,139434 0,000127
cleaning 1,049822 0,000117
cleft 1,347074 0,000150
clenched 1,049822 0,000117
clenching 2,040221 0,000228
clergyman 1,108663 0,000124
clerk 0,673345 0,000075
clever 0,400478 0,000045
climb 0,693147 0,000077
climbed 0,673345 0,000075
climbing 0,733969 0,000082
cling 0,994252 0,000111
clinging 0,867501 0,000097
clinking 2,302585 0,000257
cloak 0,562119 0,000063
clock 0,527633 0,000059
clocks 1,609438 0,000180
clog 2,407946 0,000269
close 0,051293 0,000006
closed 0,116534 0,000013
closely 0,223144 0,000025
closeness 2,040221 0,000228
closer 0,385662 0,000043
closet 1,139434 0,000127
closeted 2,659260 0,000297
closing 0,446287 0,000050
cloth 0,356675 0,000040
clothed 0,673345 0,000075
clothes 0,127833 0,000014
clothesman 3,912023 0,000437
clothing 0,776529 0,000087
clots 2,813411 0,000314
cloud 0,301105 0,000034
clouds 0,342490 0,000038
cloudy 1,078810 0,000120
clove 2,120264 0,000237
club 0,713350 0,000080
clue 1,078810 0,000120
clung 0,693147 0,000077
cluster 1,386294 0,000155
clustered 1,714798 0,000191
clusters 1,347074 0,000150
clutched 0,994252 0,000111
clutching 1,203973 0,000134
coach 0,843970 0,000094
coaches 1,560648 0,000174
coachman 1,108663 0,000124
coal 0,693147 0,000077
coals 1,108663 0,000124
coarse 0,478036 0,000053
coarsest 2,040221 0,000228
coast 0,544727 0,000061
coat 0,274437 0,000031
coated 1,609438 0,000180
coating 2,525729 0,000282
coats 0,653926 0,000073
coaxingly 2,995732 0,000334
cock 0,843970 0,000094
cocked 1,237874 0,000138
cod 1,897120 0,000212
code 1,309333 0,000146
codger 3,912023 0,000437
coffee 0,562119 0,000063
coffin 1,021651 0,000114
coffins 2,040221 0,000228
cogitating 2,659260 0,000297
cognizant 2,813411 0,000314
coherent 1,897120 0,000212
coil 1,237874 0,000138
coiled 1,832581 0,000205
coiling 2,407946 0,000269
coin 0,916291 0,000102
coincidence 1,171183 0,000131
coins 1,078810 0,000120
cold 0,040822 0,000005
colder 1,078810 0,000120
coldest 2,120264 0,000237
coldly 0,916291 0,000102
coldness 1,021651 0,000114
collar 0,713350 0,000080
collaring 2,995732 0,000334
colleague 1,714798 0,000191
collect 0,673345 0,000075
collected 0,415515 0,000046
collectedly 2,995732 0,000334
collecting 0,867501 0,000097
collection 0,174353 0,000019
colliers 2,995732 0,000334
colloquy 2,407946 0,000269
colony 1,347074 0,000150
colors 1,309333 0,000146
colour 0,527633 0,000059
coloured 0,693147 0,000077
colouring 1,514128 0,000169
colourless 1,832581 0,000205
colours 0,713350 0,000080
comb 1,139434 0,000127
combination 0,693147 0,000077
combined 0,713350 0,000080
comer 1,660731 0,000185
comers 1,832581 0,000205
comfort 0,150823 0,000017
comfortable 0,261365 0,000029
comfortably 0,693147 0,000077
comforted 0,776529 0,000087
comforting 1,139434 0,000127
comforts 0,967584 0,000108
comic 1,203973 0,000134
comical 1,560648 0,000174
command 0,162519 0,000018
commanded 0,462035 0,000052
commanding 0,755023 0,000084
commenced 0,798508 0,000089
commencement 1,139434 0,000127
commend 1,347074 0,000150
commendations 2,120264 0,000237
commending 2,813411 0,000314
commercial 0,274437 0,000031
commiseration 1,660731 0,000185
commission 0,693147 0,000077
committed 0,150823 0,000017
committee 1,309333 0,000146
committing 1,078810 0,000120
common 0,072571 0,000008
commonest 1,832581 0,000205
commonly 0,755023 0,000084
commons 1,714798 0,000191
commotion 1,078810 0,000120
commune 1,966113 0,000219
communicate 0,820981 0,000092
communicated 0,673345 0,000075
communicating 1,427116 0,000159
communication 0,597837 0,000067
communications 1,514128 0,000169
communicative 1,514128 0,000169
communing 2,120264 0,000237
community 0,616186 0,000069
compact 0,891598 0,000099
companies 1,139434 0,000127
companion 0,248461 0,000028
companions 0,301105 0,000034
companionship 0,967584 0,000108
company 0,020203 0,000002
comparative 0,994252 0,000111
comparatively 0,634878 0,000071
compare 0,510826 0,000057
compared 0,274437 0,000031
comparing 0,867501 0,000097
comparison 0,478036 0,000053
compass 0,673345 0,000075
compassion 0,820981 0,000092
compassionate 1,272966 0,000142
compassionately 2,407946 0,000269
compel 0,916291 0,000102
compelled 0,527633 0,000059
compelling 1,560648 0,000174
complacency 1,427116 0,000159
complacent 1,514128 0,000169
complacently 1,832581 0,000205
complain 0,446287 0,000050
complained 0,562119 0,000063
complaining 0,891598 0,000099
complaint 0,616186 0,000069
complaints 0,916291 0,000102
complete 0,150823 0,000017
completed 0,446287 0,000050
completely 0,274437 0,000031
completest 2,659260 0,000297
compliance 0,342490 0,000038
complicated 0,798508 0,000089
complied 1,309333 0,000146
compliment 0,673345 0,000075
complimentary 1,897120 0,000212
compliments 0,916291 0,000102
comply 0,342490 0,000038
compose 0,916291 0,000102
composed 0,328504 0,000037
composedly 2,040221 0,000228
composing 1,386294 0,000155
composition 0,820981 0,000092
composure 1,049822 0,000117
compound 1,237874 0,000138
compounded 1,714798 0,000191
comprehend 0,616186 0,000069
comprehended 0,967584 0,000108
comprehending 1,560648 0,000174
comprehension 1,203973 0,000134
comprehensive 1,237874 0,000138
compressed 0,342490 0,000038
comprised 1,560648 0,000174
comprising 2,120264 0,000237
compromise 1,347074 0,000150
compromising 2,120264 0,000237
computation 1,660731 0,000185
comrade 0,967584 0,000108
conceal 0,301105 0,000034
concealed 0,415515 0,000046
concealing 1,171183 0,000131
concealment 1,108663 0,000124
concede 2,040221 0,000228
conceded 1,660731 0,000185
conceived 0,462035 0,000052
conceiving 1,272966 0,000142
concentrated 0,867501 0,000097
conception 0,653926 0,000073
concern 0,430783 0,000048
concerned 0,287682 0,000032
concession 1,771957 0,000198
concessions 1,832581 0,000205
conciliate 2,207275 0,000246
conciliatory 2,120264 0,000237
concise 2,040221 0,000228
conclave 2,525729 0,000282
concluded 0,356675 0,000040
concluding 1,272966 0,000142
conclusion 0,235722 0,000026
conclusions 0,916291 0,000102
conclusive 1,427116 0,000159
concourse 1,897120 0,000212
concurrence 1,714798 0,000191
concurrent 2,813411 0,000314
condemned 0,653926 0,000073
condemning 1,427116 0,000159
condescended 1,897120 0,000212
condescending 1,771957 0,000198
condescendingly 2,525729 0,000282
condescension 1,309333 0,000146
condition 0,094311 0,000011
conditioned 2,040221 0,000228
condolence 2,207275 0,000246
conducive 1,560648 0,000174
conduct 0,198451 0,000022
conducted 0,415515 0,000046
conductor 1,108663 0,000124
conductors 2,525729 0,000282
confederate 1,832581 0,000205
conference 1,272966 0,000142
confess 0,198451 0,000022
confessed 0,579818 0,000065
confession 0,579818 0,000065
confidant 1,832581 0,000205
confide 1,309333 0,000146
confided 1,237874 0,000138
confidence 0,139262 0,000016
confident 0,510826 0,000057
confidential 1,021651 0,000114
confiding 1,386294 0,000155
confined 0,385662 0,000043
confinement 1,139434 0,000127
confirm 0,755023 0,000084
confirmatory 3,218876 0,000359
confirmed 0,174353 0,000019
confiscated 2,040221 0,000228
conflict 0,693147 0,000077
confound 0,733969 0,000082
confounded 0,693147 0,000077
confront 1,660731 0,000185
confronted 1,021651 0,000114
confronting 1,966113 0,000219
confused 0,248461 0,000028
confusion 0,301105 0,000034
congratulated 1,469676 0,000164
conjecture 0,798508 0,000089
conjure 1,966113 0,000219
conjurers 3,506558 0,000391
connected 0,415515 0,000046
connection 0,462035 0,000052
connections 1,237874 0,000138
conscience 0,314711 0,000035
conscious 0,314711 0,000035
consciousness 0,371064 0,000041
consent 0,328504 0,000037
consented 0,562119 0,000063
consequence 0,328504 0,000037
consequences 0,371064 0,000041
consequent 1,203973 0,000134
considerable 0,105361 0,000012
considerably 0,776529 0,000087
considerate 1,469676 0,000164
consideration 0,274437 0,000031
considerations 0,891598 0,000099
consign 2,040221 0,000228
consigned 1,427116 0,000159
consist 0,867501 0,000097
consisted 0,562119 0,000063
consistent 0,798508 0,000089
consolation 0,713350 0,000080
consolations 1,771957 0,000198
consolatory 2,207275 0,000246
console 1,021651 0,000114
consoled 1,108663 0,000124
consoles 2,659260 0,000297
consort 1,514128 0,000169
conspicuous 0,916291 0,000102
conspiracy 1,171183 0,000131
constable 1,427116 0,000159
constant 0,051293 0,000006
constantly 0,371064 0,000041
constituted 1,049822 0,000117
constraint 1,272966 0,000142
construction 0,755023 0,000084
construed 2,040221 0,000228
consult 0,579818 0,000065
consultation 0,994252 0,000111
consulted 0,673345 0,000075
consulting 0,891598 0,000099
consumed 0,634878 0,000071
consummation 1,966113 0,000219
contagious 2,040221 0,000228
contemplated 1,078810 0,000120
contemplating 1,139434 0,000127
contemplation 0,527633 0,000059
contempt 0,446287 0,000050
contemptible 1,078810 0,000120
contemptuous 1,049822 0,000117
contemptuously 1,237874 0,000138
contend 0,891598 0,000099
contends 2,407946 0,000269
content 0,186330 0,000021
contented 0,400478 0,000045
contents 0,094311 0,000011
contest 1,021651 0,000114
continental 1,660731 0,000185
contingency 2,525729 0,000282
continuation 1,347074 0,000150
continue 0,261365 0,000029
continued 0,072571 0,000008
continues 0,941609 0,000105
continuing 0,755023 0,000084
continuous 0,867501 0,000097
contortions 1,897120 0,000212
contract 0,261365 0,000029
contracted 0,755023 0,000084
contraction 1,660731 0,000185
contractors 2,525729 0,000282
contracts 1,660731 0,000185
contradict 1,078810 0,000120
contradicted 1,309333 0,000146
contradicting 1,832581 0,000205
contradiction 0,967584 0,000108
contradictions 1,272966 0,000142
contradictory 1,272966 0,000142
contrary 0,198451 0,000022
contrast 0,494296 0,000055
contrasted 1,171183 0,000131
contrition 2,120264 0,000237
contrive 1,237874 0,000138
contrived 0,713350 0,000080
control 0,314711 0,000035
controverted 3,218876 0,000359
convenient 0,462035 0,000052
conversation 0,186330 0,000021
conversations 0,891598 0,000099
converse 0,776529 0,000087
conversed 1,203973 0,000134
conversing 0,967584 0,000108
convert 0,385662 0,000043
converted 0,820981 0,000092
converting 1,560648 0,000174
convey 0,544727 0,000061
conveyance 1,427116 0,000159
conveyed 0,634878 0,000071
convict 1,272966 0,000142
convicted 1,469676 0,000164
conviction 0,462035 0,000052
convinced 0,287682 0,000032
convinces 2,525729 0,000282
convivial 2,659260 0,000297
convulsed 1,427116 0,000159
convulsing 3,506558 0,000391
convulsion 1,469676 0,000164
convulsively 1,347074 0,000150
cook 0,430783 0,000048
cooking 0,967584 0,000108
cool 0,314711 0,000035
cooling 1,272966 0,000142
coolly 1,021651 0,000114
cools 3,506558 0,000391
cooly 3,218876 0,000359
copious 1,386294 0,000155
copper 0,798508 0,000089
coppers 2,040221 0,000228
coppice 2,659260 0,000297
cord 0,916291 0,000102
cordially 1,237874 0,000138
corduroy 2,995732 0,000334
core 1,386294 0,000155
cork 1,386294 0,000155
corked 2,407946 0,000269
corkscrew 2,525729 0,000282
corn 0,579818 0,000065
corner 0,127833 0,000014
corners 0,430783 0,000048
cornices 2,525729 0,000282
corporeal 1,966113 0,000219
corpse 0,693147 0,000077
corpses 1,427116 0,000159
corpulent 2,659260 0,000297
correct 0,385662 0,000043
correction 1,203973 0,000134
correctly 0,843970 0,000094
corroborate 2,525729 0,000282
corroborated 1,897120 0,000212
corroborating 3,218876 0,000359
corroboration 2,525729 0,000282
corroborative 2,813411 0,000314
cosily 2,813411 0,000314
cosmetics 3,506558 0,000391
cost 0,105361 0,000012
costly 0,967584 0,000108
costume 1,078810 0,000120
coterie 2,813411 0,000314
cottage 0,798508 0,000089
cottagers 2,525729 0,000282
cottages 1,560648 0,000174
cotton 0,891598 0,000099
couch 0,733969 0,000082
cough 0,994252 0,000111
coughed 1,469676 0,000164
coughing 1,309333 0,000146
council 0,713350 0,000080
councils 1,514128 0,000169
counsel 0,527633 0,000059
counsellor 1,427116 0,000159
count 0,248461 0,000028
counted 0,527633 0,000059
countenance 0,415515 0,000046
countenanced 2,813411 0,000314
countenances 1,237874 0,000138
counter 0,843970 0,000094
counteracting 2,525729 0,000282
counterfeit 1,309333 0,000146
counterpane 2,207275 0,000246
counters 2,040221 0,000228
counting 0,693147 0,000077
country 0,010050 0,000001
countryman 1,347074 0,000150
countrymen 1,108663 0,000124
county 0,941609 0,000105
couple 0,287682 0,000032
coupled 1,469676 0,000164
coupling 2,407946 0,000269
courage 0,150823 0,000017
court 0,127833 0,000014
courts 0,544727 0,000061
cove 1,832581 0,000205
covent 2,207275 0,000246
cover 0,261365 0,000029
covered 0,139262 0,000016
covering 0,446287 0,000050
coverlet 1,714798 0,000191
coverlid 3,218876 0,000359
covers 0,820981 0,000092
covert 1,609438 0,000180
covertly 2,407946 0,000269
coves 2,995732 0,000334
covetous 1,771957 0,000198
covey 2,995732 0,000334
coward 0,994252 0,000111
cowardice 0,994252 0,000111
cowardly 0,994252 0,000111
cowed 2,302585 0,000257
cowered 2,302585 0,000257
cowering 1,832581 0,000205
crack 0,820981 0,000092
crackled 1,897120 0,000212
crackling 1,560648 0,000174
cracksman 3,506558 0,000391
cradle 1,108663 0,000124
craft 0,755023 0,000084
craftily 2,407946 0,000269
crafty 1,427116 0,000159
crammed 1,560648 0,000174
crape 2,407946 0,000269
crash 0,776529 0,000087
crashing 1,386294 0,000155
cravat 1,714798 0,000191
craven 2,302585 0,000257
crawl 1,049822 0,000117
crawled 0,891598 0,000099
crawling 0,941609 0,000105
crazy 0,916291 0,000102
creaking 1,347074 0,000150
created 0,116534 0,000013
creator 1,139434 0,000127
creature 0,174353 0,000019
creatures 0,235722 0,000026
credence 2,407946 0,000269
credit 0,094311 0,000011
creditable 1,897120 0,000212
creek 1,514128 0,000169
creep 0,820981 0,000092
creeping 0,634878 0,000071
crept 0,494296 0,000055
crevice 1,832581 0,000205
crevices 2,120264 0,000237
crib 2,407946 0,000269
cribbage 3,506558 0,000391
cricket 1,609438 0,000180
crime 0,314711 0,000035
crimes 0,653926 0,000073
criminal 0,693147 0,000077
criminals 1,386294 0,000155
criminate 3,506558 0,000391
crimp 3,218876 0,000359
crimson 0,941609 0,000105
cripple 1,560648 0,000174
cripples 2,407946 0,000269
crisis 0,891598 0,000099
critical 0,235722 0,000026
criticise 1,897120 0,000212
critics 1,347074 0,000150
croaked 2,302585 0,000257
crone 2,995732 0,000334
crones 3,506558 0,000391
crop 1,139434 0,000127
cropped 1,832581 0,000205
cross 0,139262 0,000016
crossed 0,301105 0,000034
crosses 1,021651 0,000114
crossing 0,462035 0,000052
crouch 1,660731 0,000185
crouched 1,203973 0,000134
crouching 1,049822 0,000117
crow 1,272966 0,000142
crowbar 2,995732 0,000334
crowd 0,198451 0,000022
crowded 0,301105 0,000034
crowding 1,108663 0,000124
crowds 1,021651 0,000114
crown 0,314711 0,000035
cruel 0,261365 0,000029
cruelty 0,478036 0,000053
crumb 1,966113 0,000219
crumbled 1,560648 0,000174
crumbling 1,714798 0,000191
crumbs 1,771957 0,000198
crushed 0,544727 0,000061
crushing 0,843970 0,000094
crust 1,309333 0,000146
cub 2,207275 0,000246
cudgelling 2,995732 0,000334
cuff 1,660731 0,000185
cuffed 2,995732 0,000334
cuffs 1,609438 0,000180
culled 2,995732 0,000334
culprits 2,207275 0,000246
cultivate 1,171183 0,000131
cunning 0,462035 0,000052
cup 0,385662 0,000043
cupboard 1,139434 0,000127
cupboards 2,207275 0,000246
cupidity 1,897120 0,000212
cups 0,820981 0,000092
cur 1,514128 0,000169
cure 0,430783 0,000048
cured 0,733969 0,000082
curiosity 0,223144 0,000025
curious 0,261365 0,000029
curl 1,272966 0,000142
curled 0,941609 0,000105
curling 1,203973 0,000134
curls 1,139434 0,000127
current 0,127833 0,000014
curs 2,407946 0,000269
curse 0,510826 0,000057
cursed 0,510826 0,000057
curses 0,867501 0,000097
cursing 1,203973 0,000134
cursory 2,302585 0,000257
curtain 0,616186 0,000069
curtained 1,832581 0,000205
curtains 0,579818 0,000065
curtsey 2,813411 0,000314
custody 1,560648 0,000174
custom 0,210721 0,000024
customary 0,653926 0,000073
customer 1,609438 0,000180
customs 0,713350 0,000080
cut 0,040822 0,000005
cutting 0,415515 0,000046
daffy 3,218876 0,000359
dagger 1,203973 0,000134
daily 0,248461 0,000028
dainty 0,798508 0,000089
damage 0,261365 0,000029
damaged 0,356675 0,000040
damages 0,400478 0,000045
damme 2,995732 0,000334
damn 1,309333 0,000146
damp 0,415515 0,000046
damped 2,525729 0,000282
danced 0,653926 0,000073
dancing 0,371064 0,000041
danger 0,116534 0,000013
dangerous 0,150823 0,000017
dangers 0,597837 0,000067
dangle 2,995732 0,000334
dangled 2,207275 0,000246
dangling 1,139434 0,000127
dark 0,051293 0,000006
darkened 0,755023 0,000084
darker 0,916291 0,000102
darkest 1,427116 0,000159
darkies 3,506558 0,000391
darkly 1,237874 0,000138
darkness 0,186330 0,000021
darling 0,916291 0,000102
darned 2,407946 0,000269
dart 1,347074 0,000150
darted 0,776529 0,000087
darting 1,021651 0,000114
dash 0,673345 0,000075
dashed 0,616186 0,000069
dashes 1,660731 0,000185
dashing 1,078810 0,000120
daub 3,506558 0,000391
daughter 0,261365 0,000029
daughters 0,510826 0,000057
daunted 1,897120 0,000212
dawn 0,478036 0,000053
dawned 1,049822 0,000117
dawning 1,469676 0,000164
day 0,000000 0,000000
daybreak 1,203973 0,000134
daydreams 3,218876 0,000359
daylight 0,446287 0,000050
days 0,020203 0,000002
dazzling 0,941609 0,000105
dead 0,072571 0,000008
deadly 0,478036 0,000053
deaf 0,634878 0,000071
deafened 2,407946 0,000269
deal 0,105361 0,000012
dealing 0,616186 0,000069
deals 1,272966 0,000142
dealt 0,597837 0,000067
dearest 1,560648 0,000174
dearly 0,776529 0,000087
death 0,020203 0,000002
deathbed 2,120264 0,000237
deathlike 2,207275 0,000246
deaths 1,139434 0,000127
debased 2,040221 0,000228
debts 0,867501 0,000097
decanters 2,207275 0,000246
decay 0,634878 0,000071
decayed 1,203973 0,000134
decaying 1,469676 0,000164
decease 1,609438 0,000180
deceased 1,078810 0,000120
deceitful 1,347074 0,000150
deceive 0,527633 0,000059
deceived 0,430783 0,000048
deceiving 1,203973 0,000134
decent 0,693147 0,000077
deception 0,994252 0,000111
decide 0,274437 0,000031
decided 0,186330 0,000021
decidedly 0,867501 0,000097
decision 0,579818 0,000065
decisive 0,867501 0,000097
declaration 0,994252 0,000111
declarations 2,302585 0,000257
declare 0,342490 0,000038
declared 0,210721 0,000024
declaring 0,891598 0,000099
decline 0,673345 0,000075
declined 0,776529 0,000087
declines 1,966113 0,000219
decorate 2,040221 0,000228
decorated 1,021651 0,000114
decoration 1,771957 0,000198
decreasing 2,120264 0,000237
decrepitude 3,218876 0,000359
deed 0,478036 0,000053
deeds 0,527633 0,000059
deem 1,237874 0,000138
deemed 0,755023 0,000084
deems 2,040221 0,000228
deep 0,051293 0,000006
deepening 1,660731 0,000185
deeper 0,328504 0,000037
deepest 0,673345 0,000075
deeply 0,261365 0,000029
defaced 1,771957 0,000198
defeated 1,021651 0,000114
defence 0,597837 0,000067
defend 0,400478 0,000045
defended 0,653926 0,000073
defending 1,049822 0,000117
deference 0,967584 0,000108
deferential 2,207275 0,000246
deferentially 2,407946 0,000269
defiance 0,713350 0,000080
deficiency 1,469676 0,000164
defied 1,469676 0,000164
defined 0,867501 0,000097
deformation 3,506558 0,000391
defy 1,139434 0,000127
degradation 1,108663 0,000124
degraded 1,049822 0,000117
degree 0,198451 0,000022
degrees 0,446287 0,000050
deigned 1,560648 0,000174
dejected 1,021651 0,000114
dejectedly 2,407946 0,000269
delay 0,287682 0,000032
delegate 2,659260 0,000297
delegated 2,207275 0,000246
deliberately 0,693147 0,000077
deliberation 1,171183 0,000131
delicate 0,301105 0,000034
delicious 0,713350 0,000080
delight 0,162519 0,000018
delighted 0,287682 0,000032
delightful 0,478036 0,000053
delinquent 2,302585 0,000257
delirious 1,386294 0,000155
deliver 0,494296 0,000055
delivered 0,342490 0,000038
delivering 1,427116 0,000159
delivery 0,994252 0,000111
demand 0,127833 0,000014
demanded 0,400478 0,000045
demands 0,673345 0,000075
demeanor 2,120264 0,000237
demeanour 1,469676 0,000164
demolition 2,525729 0,000282
demon 1,139434 0,000127
demoniacal 2,407946 0,000269
demonstrated 1,237874 0,000138
demonstration 1,386294 0,000155
demur 2,207275 0,000246
den 0,843970 0,000094
denial 0,798508 0,000089
denied 0,287682 0,000032
denizens 1,966113 0,000219
denominated 2,407946 0,000269
denote 1,714798 0,000191
denoted 1,560648 0,000174
dens 1,514128 0,000169
dense 0,776529 0,000087
densely 1,832581 0,000205
deny 0,301105 0,000034
denying 1,049822 0,000117
depart 0,400478 0,000045
departed 0,356675 0,000040
departing 1,108663 0,000124
department 0,941609 0,000105
departure 0,430783 0,000048
depend 0,371064 0,000041
dependent 0,843970 0,000094
depict 2,040221 0,000228
depicted 1,427116 0,000159
deploring 3,218876 0,000359
deport 3,506558 0,000391
deportment 1,714798 0,000191
deposit 1,427116 0,000159
deposited 1,021651 0,000114
depositing 2,407946 0,000269
depositions 3,218876 0,000359
depravity 1,560648 0,000174
depredator 3,912023 0,000437
depressed 0,916291 0,000102
depressing 1,427116 0,000159
deprive 1,021651 0,000114
deprived 0,579818 0,000065
depth 0,494296 0,000055
deputy 1,347074 0,000150
derivable 2,995732 0,000334
derived 0,248461 0,000028
descend 0,478036 0,000053
descended 0,400478 0,000045
descending 0,579818 0,000065
descried 1,771957 0,000198
description 0,274437 0,000031
descriptions 1,108663 0,000124
desert 0,430783 0,000048
deserted 0,385662 0,000043
deserting 1,560648 0,000174
deserve 0,430783 0,000048
deserved 0,634878 0,000071
deserves 0,776529 0,000087
design 0,400478 0,000045
designated 1,660731 0,000185
designation 1,714798 0,000191
designing 1,771957 0,000198
designs 0,733969 0,000082
desirable 0,733969 0,000082
desire 0,072571 0,000008
desired 0,150823 0,000017
desirous 0,634878 0,000071
desist 1,660731 0,000185
desisted 1,966113 0,000219
desk 0,891598 0,000099
desolate 0,820981 0,000092
desolation 0,941609 0,000105
despair 0,198451 0,000022
despairing 0,798508 0,000089
despatch 1,560648 0,000174
despatched 1,560648 0,000174
desperate 0,328504 0,000037
desperation 0,867501 0,000097
despise 0,693147 0,000077
despised 0,562119 0,000063
despondency 1,560648 0,000174
despondingly 3,912023 0,000437
destination 1,078810 0,000120
destined 0,494296 0,000055
destiny 0,634878 0,000071
destitute 0,916291 0,000102
destroyed 0,274437 0,000031
destruction 0,342490 0,000038
destructive 1,049822 0,000117
detach 0,446287 0,000050
detached 1,139434 0,000127
detained 0,867501 0,000097
detaining 1,609438 0,000180
detection 1,427116 0,000159
determination 0,634878 0,000071
determine 0,210721 0,000024
determined 0,174353 0,000019
determining 1,237874 0,000138
detested 1,237874 0,000138
detracted 2,659260 0,000297
detraction 2,407946 0,000269
developed 0,544727 0,000061
device 0,755023 0,000084
devil 0,356675 0,000040
devilish 1,237874 0,000138
devils 0,820981 0,000092
devious 2,302585 0,000257
devised 1,171183 0,000131
devolved 1,771957 0,000198
devote 0,755023 0,000084
devoted 0,301105 0,000034
devotedly 2,120264 0,000237
devoting 1,660731 0,000185
devotion 0,510826 0,000057
devotional 2,659260 0,000297
devour 0,994252 0,000111
devoured 0,891598 0,000099
dew 0,867501 0,000097
dexterity 1,560648 0,000174
dexterous 1,660731 0,000185
dexterously 2,040221 0,000228
dial 2,040221 0,000228
dialogue 1,203973 0,000134
diamond 0,941609 0,000105
dick 1,771957 0,000198
dickens 1,560648 0,000174
dictate 1,203973 0,000134
die 0,105361 0,000012
died 0,061875 0,000007
diem 2,995732 0,000334
dies 0,579818 0,000065
diet 1,078810 0,000120
dietary 3,506558 0,000391
difference 0,198451 0,000022
difficult 0,116534 0,000013
difficulties 0,385662 0,000043
difficulty 0,139262 0,000016
diffusing 2,659260 0,000297
digger 2,302585 0,000257
dignified 0,755023 0,000084
dignitary 2,813411 0,000314
dignity 0,314711 0,000035
dilapidated 1,660731 0,000185
dilated 1,660731 0,000185
dilemmas 3,218876 0,000359
dim 0,415515 0,000046
diminish 0,994252 0,000111
diminished 0,776529 0,000087
diminishing 1,386294 0,000155
diminutive 1,609438 0,000180
dimmed 1,560648 0,000174
din 1,203973 0,000134
dined 0,967584 0,000108
dinner 0,198451 0,000022
dinners 1,108663 0,000124
dint 1,660731 0,000185
dip 1,139434 0,000127
dipped 1,203973 0,000134
direct 0,083382 0,000009
directed 0,287682 0,000032
directing 0,843970 0,000094
direction 0,083382 0,000009
directions 0,314711 0,000035
dirt 0,544727 0,000061
dirtier 2,659260 0,000297
dirtiest 2,995732 0,000334
dirty 0,544727 0,000061
disadvantage 0,994252 0,000111
disagree 1,966113 0,000219
disagreeable 0,733969 0,000082
disappear 0,891598 0,000099
disappearance 1,272966 0,000142
disappeared 0,356675 0,000040
disappearing 1,347074 0,000150
disappoint 1,469676 0,000164
disappointed 0,415515 0,000046
disappointment 0,462035 0,000052
disappointments 1,609438 0,000180
discarded 1,309333 0,000146
discern 0,820981 0,000092
discernible 1,897120 0,000212
discharge 0,733969 0,000082
discharged 0,820981 0,000092
disclose 1,272966 0,000142
disclosed 0,867501 0,000097
disclosing 1,714798 0,000191
disclosure 1,966113 0,000219
discoloured 1,897120 0,000212
discomforts 2,525729 0,000282
discomposure 2,813411 0,000314
disconcerted 1,386294 0,000155
disconsolately 2,813411 0,000314
discontent 1,021651 0,000114
discontented 1,078810 0,000120
discordant 1,514128 0,000169
discourse 0,597837 0,000067
discover 0,083382 0,000009
discovered 0,051293 0,000006
discoveries 0,941609 0,000105
discovering 0,733969 0,000082
discovery 0,371064 0,000041
discreet 0,843970 0,000094
discrimination 1,897120 0,000212
discursive 2,659260 0,000297
discuss 0,673345 0,000075
discussed 0,820981 0,000092
discussion 0,673345 0,000075
disdain 0,867501 0,000097
disease 0,371064 0,000041
disengage 1,714798 0,000191
disengaged 1,171183 0,000131
disengaging 2,407946 0,000269
disfigured 1,469676 0,000164
disgrace 0,510826 0,000057
disgraced 1,347074 0,000150
disgraceful 1,049822 0,000117
disguise 0,562119 0,000063
disguised 0,867501 0,000097
disguising 1,832581 0,000205
disgust 0,446287 0,000050
dish 0,755023 0,000084
dishonesty 2,120264 0,000237
dishonour 1,660731 0,000185
disinclination 2,407946 0,000269
disjointed 1,832581 0,000205
dislike 0,616186 0,000069
disliked 1,049822 0,000117
dismal 0,843970 0,000094
dismally 1,771957 0,000198
dismantled 1,966113 0,000219
dismay 0,776529 0,000087
dismayed 1,272966 0,000142
dismissed 0,597837 0,000067
dismount 1,832581 0,000205
dismounted 1,469676 0,000164
disorder 0,579818 0,000065
disordered 1,203973 0,000134
disparagement 2,040221 0,000228
dispatch 1,347074 0,000150
dispatched 1,386294 0,000155
dispel 1,714798 0,000191
dispelled 1,771957 0,000198
dispensary 2,525729 0,000282
dispersed 0,867501 0,000097
display 0,261365 0,000029
displayed 0,198451 0,000022
displaying 0,342490 0,000038
displeasure 0,941609 0,000105
disposal 0,916291 0,000102
dispose 0,994252 0,000111
disposed 0,385662 0,000043
disposing 1,469676 0,000164
disposition 0,400478 0,000045
dispute 0,562119 0,000063
disputed 1,049822 0,000117
disputes 1,078810 0,000120
disputing 1,309333 0,000146
disregard 1,021651 0,000114
disreputable 1,714798 0,000191
disrespect 2,040221 0,000228
dissemble 2,040221 0,000228
dissertation 2,525729 0,000282
dissimulation 2,040221 0,000228
dissipated 1,078810 0,000120
dissolute 1,771957 0,000198
dissuade 1,714798 0,000191
distance 0,105361 0,000012
distant 0,162519 0,000018
distended 1,897120 0,000212
distiller 3,506558 0,000391
distinct 0,301105 0,000034
distinction 0,446287 0,000050
distinctly 0,478036 0,000053
distinctness 1,469676 0,000164
distinguish 0,356675 0,000040
distinguishable 1,771957 0,000198
distinguished 0,301105 0,000034
distorted 1,049822 0,000117
distorting 2,813411 0,000314
distract 1,309333 0,000146
distracted 0,798508 0,000089
distractedly 1,966113 0,000219
distraction 1,139434 0,000127
distractions 1,832581 0,000205
distress 0,274437 0,000031
distressed 0,673345 0,000075
distresses 1,660731 0,000185
distribution 0,430783 0,000048
district 0,843970 0,000094
distrust 0,891598 0,000099
distrusted 1,660731 0,000185
disturb 0,478036 0,000053
disturbance 0,798508 0,000089
disturbed 0,356675 0,000040
ditch 1,108663 0,000124
ditches 1,609438 0,000180
diurnal 2,407946 0,000269
dive 1,347074 0,000150
dived 1,660731 0,000185
diverged 2,659260 0,000297
divers 1,203973 0,000134
diversity 1,609438 0,000180
diverting 1,966113 0,000219
dives 2,120264 0,000237
divide 0,616186 0,000069
divided 0,210721 0,000024
dividing 0,673345 0,000075
divine 0,430783 0,000048
divorce 1,714798 0,000191
dizzy 1,469676 0,000164
doats 3,912023 0,000437
dock 1,771957 0,000198
dockhead 3,912023 0,000437
doctor 0,446287 0,000050
doctors 0,916291 0,000102
document 1,309333 0,000146
dodge 1,660731 0,000185
dodged 1,660731 0,000185
dodger 3,912023 0,000437
dodgers 3,218876 0,000359
dog 0,261365 0,000029
dogged 1,514128 0,000169
doggedly 1,897120 0,000212
dogs 0,342490 0,000038
dome 1,427116 0,000159
domestic 0,527633 0,000059
domesticated 2,302585 0,000257
domicile 2,659260 0,000297
domiciled 3,506558 0,000391
domination 2,040221 0,000228
donkey 1,832581 0,000205
doom 1,049822 0,000117
door 0,040822 0,000005
doorless 3,506558 0,000391
doors 0,105361 0,000012
doorstep 1,897120 0,000212
doorway 0,798508 0,000089
doorways 1,832581 0,000205
dose 1,386294 0,000155
doses 2,120264 0,000237
dot 2,040221 0,000228
doting 2,659260 0,000297
dotted 1,347074 0,000150
double 0,186330 0,000021
doubled 0,653926 0,000073
doubles 1,966113 0,000219
doubly 1,049822 0,000117
doubt 0,040822 0,000005
doubtfully 1,660731 0,000185
doubtless 0,430783 0,000048
doubts 0,494296 0,000055
dove 1,078810 0,000120
dow 2,813411 0,000314
downiest 3,912023 0,000437
downright 1,272966 0,000142
downstairs 1,049822 0,000117
doze 1,427116 0,000159
dozed 1,514128 0,000169
dozen 0,446287 0,000050
dozing 1,272966 0,000142
drab 2,207275 0,000246
drabs 3,506558 0,000391
drag 0,579818 0,000065
dragged 0,462035 0,000052
dragging 0,673345 0,000075
drain 1,272966 0,000142
drained 1,514128 0,000169
dram 2,040221 0,000228
drank 0,371064 0,000041
drat 2,659260 0,000297
draught 0,579818 0,000065
draughts 1,469676 0,000164
draw 0,105361 0,000012
drawback 1,897120 0,000212
drawbacks 2,120264 0,000237
drawer 1,078810 0,000120
drawers 1,049822 0,000117
drawing 0,139262 0,000016
drawn 0,094311 0,000011
dread 0,371064 0,000041
dreaded 0,693147 0,000077
dreadful 0,342490 0,000038
dreadfully 1,021651 0,000114
dreading 1,347074 0,000150
dream 0,198451 0,000022
dreamed 0,562119 0,000063
dreaming 0,562119 0,000063
dreary 0,713350 0,000080
dress 0,186330 0,000021
dressed 0,261365 0,000029
dressing 0,527633 0,000059
drew 0,162519 0,000018
dried 0,462035 0,000052
drift 0,755023 0,000084
drifted 1,108663 0,000124
drily 2,302585 0,000257
drink 0,150823 0,000017
drinking 0,371064 0,000041
drinks 0,967584 0,000108
drive 0,186330 0,000021
driven 0,127833 0,000014
driver 0,867501 0,000097
driving 0,371064 0,000041
drizzling 2,813411 0,000314
droll 1,609438 0,000180
drollest 3,506558 0,000391
drooped 1,347074 0,000150
drooping 1,021651 0,000114
drop 0,150823 0,000017
dropped 0,274437 0,000031
dropping 0,673345 0,000075
drops 0,544727 0,000061
drove 0,248461 0,000028
drovers 2,995732 0,000334
drown 0,820981 0,000092
drowned 0,616186 0,000069
drowsily 2,120264 0,000237
drowsy 1,237874 0,000138
drubbing 2,813411 0,000314
drudge 1,897120 0,000212
drunk 0,415515 0,000046
drunken 0,820981 0,000092
drunkeness 3,912023 0,000437
drunkenness 1,237874 0,000138
dry 0,127833 0,000014
duck 1,171183 0,000131
ducked 2,207275 0,000246
duel 1,469676 0,000164
duet 2,525729 0,000282
duff 2,995732 0,000334
dull 0,174353 0,000019
dullness 2,040221 0,000228
duly 0,843970 0,000094
dumb 0,562119 0,000063
dummy 2,040221 0,000228
dungeons 2,207275 0,000246
dupe 2,040221 0,000228
duped 2,302585 0,000257
duplicate 1,897120 0,000212
duration 1,078810 0,000120
dusk 0,941609 0,000105
dusky 1,021651 0,000114
dust 0,174353 0,000019
dusting 2,040221 0,000228
dusty 0,967584 0,000108
duteous 2,995732 0,000334
duties 0,356675 0,000040
dutiful 1,714798 0,000191
duty 0,083382 0,000009
dwarf 1,469676 0,000164
dwell 0,478036 0,000053
dwellers 1,469676 0,000164
dwelling 0,494296 0,000055
dwindling 2,659260 0,000297
dye 1,714798 0,000191
dying 0,261365 0,000029
eager 0,210721 0,000024
eagerly 0,385662 0,000043
eagerness 0,544727 0,000061
eagle 0,891598 0,000099
ear 0,139262 0,000016
earn 0,891598 0,000099
earnest 0,261365 0,000029
earnestly 0,415515 0,000046
earnestness 0,867501 0,000097
earning 1,609438 0,000180
earns 2,302585 0,000257
ears 0,105361 0,000012
earth 0,051293 0,000006
earthly 0,673345 0,000075
earthy 1,966113 0,000219
earwigged 3,912023 0,000437
ease 0,162519 0,000018
eased 1,469676 0,000164
easily 0,072571 0,000008
east 0,235722 0,000026
eastern 0,733969 0,000082
easy 0,040822 0,000005
eat 0,083382 0,000009
eatable 2,525729 0,000282
eatables 2,813411 0,000314
eaten 0,446287 0,000050
eating 0,235722 0,000026
eats 1,078810 0,000120
ebullition 2,995732 0,000334
eccentric 0,916291 0,000102
echo 0,713350 0,000080
echoed 0,798508 0,000089
ecod 3,218876 0,000359
economy 0,820981 0,000092
ecstasies 1,771957 0,000198
ecstasy 0,867501 0,000097
eddies 1,714798 0,000191
eddying 2,407946 0,000269
edge 0,210721 0,000024
edged 1,203973 0,000134
edifying 1,771957 0,000198
educated 0,616186 0,000069
education 0,446287 0,000050
edward 1,049822 0,000117
edwin 2,813411 0,000314
eel 1,966113 0,000219
effective 0,967584 0,000108
effectual 1,203973 0,000134
effectually 1,203973 0,000134
efficacy 1,966113 0,000219
efficient 1,309333 0,000146
effort 0,094311 0,000011
efforts 0,139262 0,000016
eighteen 0,462035 0,000052
ejaculated 1,609438 0,000180
ejaculations 2,407946 0,000269
elapsed 0,967584 0,000108
elastic 1,386294 0,000155
elated 1,469676 0,000164
elbow 0,527633 0,000059
elbowed 2,659260 0,000297
elbowing 2,995732 0,000334
elbows 1,021651 0,000114
elder 0,478036 0,000053
elderly 0,843970 0,000094
election 1,309333 0,000146
elegance 0,994252 0,000111
elegant 0,634878 0,000071
element 0,510826 0,000057
elevated 0,891598 0,000099
elevating 1,897120 0,000212
elevation 0,843970 0,000094
elicit 2,040221 0,000228
elicited 1,660731 0,000185
eligible 1,560648 0,000174
elm 2,040221 0,000228
eloquence 0,776529 0,000087
elucidative 3,912023 0,000437
eluded 1,560648 0,000174
elysium 2,407946 0,000269
emanated 2,525729 0,000282
embarrassed 0,916291 0,000102
embarrassment 1,049822 0,000117
embellished 2,302585 0,000257
embellishment 2,120264 0,000237
emboldened 1,832581 0,000205
embrace 0,462035 0,000052
embraced 0,562119 0,000063
embraces 1,049822 0,000117
embracing 0,867501 0,000097
emerged 0,967584 0,000108
emergency 1,272966 0,000142
emerging 1,609438 0,000180
emitted 2,207275 0,000246
emotion 0,494296 0,000055
emotions 0,755023 0,000084
emphasis 0,891598 0,000099
emphatic 1,427116 0,000159
emphatically 1,203973 0,000134
employ 0,510826 0,000057
employed 0,415515 0,000046
employer 1,560648 0,000174
employing 1,171183 0,000131
employment 0,579818 0,000065
employs 1,560648 0,000174
emporium 2,525729 0,000282
enable 0,579818 0,000065
enabled 0,430783 0,000048
encased 2,407946 0,000269
encircled 1,427116 0,000159
enclosed 0,916291 0,000102
encomiums 2,525729 0,000282
encompasses 3,218876 0,000359
encounter 0,798508 0,000089
encountered 0,798508 0,000089
encounters 1,427116 0,000159
encourage 0,544727 0,000061
encouraged 0,527633 0,000059
encouragements 2,525729 0,000282
encouraging 0,798508 0,000089
encrusted 2,207275 0,000246
encumbered 1,560648 0,000174
endangered 1,714798 0,000191
endearing 2,207275 0,000246
endeavour 0,867501 0,000097
endeavoured 1,139434 0,000127
endeavouring 1,078810 0,000120
endless 0,478036 0,000053
endowed 0,820981 0,000092
endowments 1,660731 0,000185
endurance 0,891598 0,000099
enduring 0,994252 0,000111
enemies 0,314711 0,000035
enemy 0,174353 0,000019
energetically 1,714798 0,000191
energies 1,108663 0,000124
energy 0,415515 0,000046
enforce 1,386294 0,000155
engage 0,634878 0,000071
engaged 0,198451 0,000022
engaging 0,967584 0,000108
engendered 1,660731 0,000185
engine 1,021651 0,000114
engines 1,078810 0,000120
england 0,385662 0,000043
english 0,094311 0,000011
englishman 0,916291 0,000102
engraved 1,386294 0,000155
enhanced 1,966113 0,000219
enjoy 0,150823 0,000017
enlighten 1,203973 0,000134
enlightened 0,820981 0,000092
enmity 1,237874 0,000138
enormous 0,430783 0,000048
enshrine 2,995732 0,000334
enshrouded 2,813411 0,000314
ensnared 2,659260 0,000297
ensued 0,994252 0,000111
entangled 1,237874 0,000138
enter 0,094311 0,000011
entered 0,051293 0,000006
entering 0,356675 0,000040
enterprise 0,843970 0,000094
entertain 0,597837 0,000067
entertained 0,616186 0,000069
entertainment 0,820981 0,000092
entertains 1,832581 0,000205
enthroned 2,207275 0,000246
enthusiasm 0,653926 0,000073
enthusiastic 1,021651 0,000114
enticed 1,714798 0,000191
entire 0,274437 0,000031
entitled 0,733969 0,000082
entrance 0,210721 0,000024
entreated 1,049822 0,000117
entreaties 1,203973 0,000134
entreating 1,660731 0,000185
entries 1,966113 0,000219
entry 0,820981 0,000092
entwined 2,207275 0,000246
enveloped 1,272966 0,000142
enviable 2,040221 0,000228
epitaph 1,966113 0,000219
epithets 2,302585 0,000257
equal 0,174353 0,000019
equally 0,223144 0,000025
equals 1,049822 0,000117
equanimity 1,660731 0,000185
equipped 1,049822 0,000117
ere 0,634878 0,000071
erect 0,597837 0,000067
erected 0,843970 0,000094
errand 0,820981 0,000092
errands 1,771957 0,000198
erring 1,714798 0,000191
error 0,371064 0,000041
errors 0,248461 0,000028
escape 0,094311 0,000011
escaped 0,235722 0,000026
escaping 0,776529 0,000087
escorted 1,139434 0,000127
espial 3,506558 0,000391
esquire 2,302585 0,000257
essayed 2,040221 0,000228
essaying 2,813411 0,000314
essential 0,597837 0,000067
established 0,301105 0,000034
establishing 1,203973 0,000134
establishment 0,713350 0,000080
estate 0,510826 0,000057
esteem 0,494296 0,000055
estimate 0,867501 0,000097
estimated 1,272966 0,000142
evading 2,040221 0,000228
evaporated 2,659260 0,000297
evasion 1,897120 0,000212
evasive 2,207275 0,000246
evasively 2,040221 0,000228
eve 0,673345 0,000075
evening 0,083382 0,000009
event 0,342490 0,000038
events 0,223144 0,000025
eventually 1,171183 0,000131
evidence 0,261365 0,000029
evidences 1,427116 0,000159
evident 0,356675 0,000040
evidently 0,371064 0,000041
evil 0,162519 0,000018
evils 0,798508 0,000089
evince 1,897120 0,000212
evinced 1,660731 0,000185
evincing 2,207275 0,000246
evolution 1,386294 0,000155
exact 0,287682 0,000032
exaggerations 2,407946 0,000269
exalt 1,714798 0,000191
exalted 0,673345 0,000075
examination 0,385662 0,000043
examine 0,400478 0,000045
examined 0,356675 0,000040
exasperated 1,386294 0,000155
exceed 0,967584 0,000108
exceeded 1,021651 0,000114
exceeding 0,916291 0,000102
exceedingly 0,462035 0,000052
excellence 1,049822 0,000117
excellences 1,966113 0,000219
excellent 0,150823 0,000017
exceptions 1,139434 0,000127
excess 0,653926 0,000073
excessive 0,597837 0,000067
exchange 0,342490 0,000038
exchanged 0,579818 0,000065
exchanging 1,347074 0,000150
excitable 1,771957 0,000198
excite 0,843970 0,000094
excited 0,248461 0,000028
excitement 0,430783 0,000048
exciting 0,693147 0,000077
exclaimed 0,494296 0,000055
exclamation 0,994252 0,000111
exclamations 1,272966 0,000142
excluded 0,967584 0,000108
exclusive 1,203973 0,000134
excruciating 2,120264 0,000237
excuse 0,174353 0,000019
excused 1,021651 0,000114
execration 2,525729 0,000282
execrations 2,525729 0,000282
execute 0,941609 0,000105
executed 0,733969 0,000082
executing 1,386294 0,000155
execution 0,597837 0,000067
exempt 0,371064 0,000041
exercise 0,287682 0,000032
exercises 0,891598 0,000099
exerted 1,203973 0,000134
exertion 0,967584 0,000108
exertions 1,139434 0,000127
exhalation 2,407946 0,000269
exhausted 0,400478 0,000045
exhausting 1,609438 0,000180
exhaustion 1,021651 0,000114
exhibited 0,891598 0,000099
exhibiting 1,347074 0,000150
exist 0,342490 0,000038
existed 0,510826 0,000057
existence 0,162519 0,000018
existing 0,891598 0,000099
exists 0,235722 0,000026
exonerate 2,659260 0,000297
expand 1,771957 0,000198
expansion 1,771957 0,000198
expatiate 2,302585 0,000257
expatiated 2,995732 0,000334
expatiating 2,995732 0,000334
expect 0,186330 0,000021
expectancy 2,302585 0,000257
expectation 0,462035 0,000052
expectations 0,916291 0,000102
expected 0,105361 0,000012
expecting 0,510826 0,000057
expediency 2,040221 0,000228
expedient 0,967584 0,000108
expedients 1,897120 0,000212
expedition 0,776529 0,000087
expeditions 1,514128 0,000169
expeditiously 2,525729 0,000282
expended 1,386294 0,000155
expending 2,407946 0,000269
expenditure 1,469676 0,000164
expense 0,150823 0,000017
expensive 0,843970 0,000094
experience 0,083382 0,000009
experienced 0,356675 0,000040
experiences 0,755023 0,000084
experimental 1,560648 0,000174
expert 1,078810 0,000120
expiration 1,897120 0,000212
expiring 1,714798 0,000191
explain 0,186330 0,000021
explained 0,248461 0,000028
explaining 0,733969 0,000082
explanation 0,139262 0,000016
explanatory 1,771957 0,000198
explicit 1,347074 0,000150
explorer 2,995732 0,000334
explosion 1,309333 0,000146
exposed 0,301105 0,000034
exposure 1,139434 0,000127
express 0,127833 0,000014
expressed 0,274437 0,000031
expressing 0,713350 0,000080
expression 0,127833 0,000014
expressions 0,634878 0,000071
expressive 0,733969 0,000082
expressively 2,407946 0,000269
exquisite 0,673345 0,000075
exquisitely 1,386294 0,000155
extant 1,832581 0,000205
extended 0,446287 0,000050
extending 0,820981 0,000092
extensive 0,798508 0,000089
extent 0,083382 0,000009
extenuation 2,525729 0,000282
external 0,562119 0,000063
extinguished 0,693147 0,000077
extort 1,897120 0,000212
extorted 1,714798 0,000191
extra 0,843970 0,000094
extract 1,078810 0,000120
extracting 1,966113 0,000219
extraneous 2,040221 0,000228
extraordinary 0,371064 0,000041
extreme 0,235722 0,000026
extremely 0,385662 0,000043
extricate 1,660731 0,000185
exultation 1,203973 0,000134
exultingly 2,525729 0,000282
eye 0,030459 0,000003
eyebrows 0,798508 0,000089
eyed 0,597837 0,000067
eyeing 1,714798 0,000191
eyelids 0,916291 0,000102
eyes 0,010050 0,000001
faced 0,820981 0,000092
facetious 1,897120 0,000212
facetiousness 3,218876 0,000359
facilitate 1,771957 0,000198
factory 1,514128 0,000169
faculty 0,755023 0,000084
fade 1,237874 0,000138
faded 0,653926 0,000073
fading 0,967584 0,000108
fagin 3,506558 0,000391
fail 0,235722 0,000026
failed 0,198451 0,000022
failing 0,562119 0,000063
fails 0,891598 0,000099
failure 0,446287 0,000050
fain 0,967584 0,000108
faint 0,261365 0,000029
fainted 1,078810 0,000120
faintest 1,237874 0,000138
fainting 0,776529 0,000087
faintly 0,713350 0,000080
faints 2,659260 0,000297
fair 0,051293 0,000006
fairest 1,272966 0,000142
faithful 0,261365 0,000029
faithfully 0,755023 0,000084
fall 0,020203 0,000002
fallen 0,083382 0,000009
falling 0,083382 0,000009
falls 0,328504 0,000037
false 0,210721 0,000024
falsehood 0,733969 0,000082
faltered 1,347074 0,000150
faltering 1,272966 0,000142
falters 3,218876 0,000359
fame 0,478036 0,000053
familiar 0,150823 0,000017
familiarity 0,891598 0,000099
familiarly 1,272966 0,000142
families 0,430783 0,000048
family 0,072571 0,000008
famine 1,078810 0,000120
famous 0,261365 0,000029
fancied 0,579818 0,000065
fancies 0,733969 0,000082
fancy 0,198451 0,000022
fang 2,659260 0,000297
fangs 1,660731 0,000185
fanning 1,832581 0,000205
fantastic 0,798508 0,000089
farewell 0,673345 0,000075
farm 0,798508 0,000089
farmed 2,995732 0,000334
farmer 0,867501 0,000097
farmers 0,994252 0,000111
farming 1,514128 0,000169
farthing 1,347074 0,000150
farthings 2,659260 0,000297
fascination 1,108663 0,000124
fascinator 3,912023 0,000437
fashion 0,174353 0,000019
fashioned 0,446287 0,000050
fast 0,061875 0,000007
fastened 0,616186 0,000069
fastening 1,386294 0,000155
fastenings 1,966113 0,000219
faster 0,562119 0,000063
fat 0,314711 0,000035
fatal 0,342490 0,000038
fate 0,174353 0,000019
father 0,072571 0,000008
fathers 0,478036 0,000053
fatigue 0,616186 0,000069
fatigued 1,203973 0,000134
fatigues 1,714798 0,000191
fatiguing 2,040221 0,000228
fatten 1,966113 0,000219
fattest 2,407946 0,000269
faugh 3,218876 0,000359
fault 0,162519 0,000018
faults 0,693147 0,000077
favour 0,579818 0,000065
favourable 0,776529 0,000087
favoured 1,021651 0,000114
favourite 0,653926 0,000073
favours 1,272966 0,000142
fear 0,020203 0,000002
feared 0,235722 0,000026
fearful 0,400478 0,000045
fearfully 1,049822 0,000117
fearing 0,673345 0,000075
fears 0,274437 0,000031
feasible 1,832581 0,000205
feat 1,386294 0,000155
featherweight 3,506558 0,000391
feats 1,272966 0,000142
feature 0,562119 0,000063
features 0,328504 0,000037
fed 0,371064 0,000041
fee 0,342490 0,000038
feeble 0,371064 0,000041
feebly 0,843970 0,000094
feed 0,462035 0,000052
feeding 0,616186 0,000069
feel 0,020203 0,000002
feeling 0,105361 0,000012
feelings 0,314711 0,000035
feels 0,446287 0,000050
feet 0,061875 0,000007
feigned 1,139434 0,000127
feigning 1,897120 0,000212
feint 2,120264 0,000237
felicity 1,309333 0,000146
fell 0,051293 0,000006
felled 1,309333 0,000146
feller 2,525729 0,000282
fellers 2,813411 0,000314
fellow 0,051293 0,000006
fellows 0,287682 0,000032
fellowship 1,237874 0,000138
felon 2,659260 0,000297
felons 2,207275 0,000246
felony 2,407946 0,000269
female 0,385662 0,000043
feminine 1,049822 0,000117
fence 0,891598 0,000099
fender 1,714798 0,000191
ferocious 1,203973 0,000134
ferocity 1,237874 0,000138
ferry 1,514128 0,000169
fertile 1,021651 0,000114
fertility 1,897120 0,000212
fervency 2,995732 0,000334
fervent 1,021651 0,000114
fervently 1,427116 0,000159
fervour 1,609438 0,000180
festered 2,995732 0,000334
festive 1,514128 0,000169
fetch 0,616186 0,000069
fetched 0,941609 0,000105
fetching 1,660731 0,000185
fetters 1,309333 0,000146
fever 0,371064 0,000041
fevered 2,525729 0,000282
feverish 0,843970 0,000094
feverishly 1,832581 0,000205
fevers 2,040221 0,000228
fiction 0,891598 0,000099
fictitious 1,560648 0,000174
fiddle 1,771957 0,000198
field 0,150823 0,000017
fields 0,287682 0,000032
fierce 0,478036 0,000053
fiercely 0,776529 0,000087
fiercer 1,469676 0,000164
fifteenth 1,237874 0,000138
fiftieth 1,832581 0,000205
fighting 0,342490 0,000038
fights 0,916291 0,000102
figure 0,072571 0,000008
figured 1,514128 0,000169
figures 0,248461 0,000028
figuring 2,813411 0,000314
file 0,235722 0,000026
filed 1,469676 0,000164
files 0,478036 0,000053
filth 1,139434 0,000127
filthiest 3,218876 0,000359
filthy 1,078810 0,000120
final 0,342490 0,000038
finally 0,150823 0,000017
finances 1,897120 0,000212
finding 1,309333 0,000146
fine 0,072571 0,000008
finest 0,494296 0,000055
finger 0,261365 0,000029
fingers 0,235722 0,000026
finished 0,162519 0,000018
firearms 2,407946 0,000269
firemen 2,407946 0,000269
fireplace 1,108663 0,000124
fireside 1,714798 0,000191
firm 0,274437 0,000031
firmament 1,660731 0,000185
firmer 1,469676 0,000164
firmly 0,342490 0,000038
firmness 0,994252 0,000111
fish 0,314711 0,000035
fishes 0,967584 0,000108
fishing 0,755023 0,000084
fist 0,713350 0,000080
fit 0,061875 0,000007
fits 0,634878 0,000071
fitted 0,261365 0,000029
fittest 2,120264 0,000237
fitting 0,510826 0,000057
fixedly 1,427116 0,000159
flame 0,400478 0,000045
flames 0,616186 0,000069
flannel 1,609438 0,000180
flapped 1,714798 0,000191
flaring 1,514128 0,000169
flash 0,510826 0,000057
flashed 0,693147 0,000077
flashing 0,820981 0,000092
flat 0,248461 0,000028
flatly 1,660731 0,000185
flaunting 3,218876 0,000359
flavour 1,514128 0,000169
fled 0,371064 0,000041
fleeting 1,171183 0,000131
fleming 2,813411 0,000314
flesh 0,210721 0,000024
flew 0,314711 0,000035
flies 0,579818 0,000065
flight 0,314711 0,000035
flights 1,237874 0,000138
flinching 2,407946 0,000269
flinging 1,203973 0,000134
floating 0,597837 0,000067
flock 0,653926 0,000073
flog 1,897120 0,000212
flogged 1,897120 0,000212
flood 0,544727 0,000061
floor 0,186330 0,000021
flooring 1,897120 0,000212
floors 1,309333 0,000146
flounced 3,218876 0,000359
flourish 0,994252 0,000111
flourished 1,049822 0,000117
flourishing 1,021651 0,000114
flow 0,462035 0,000052
flower 0,342490 0,000038
flowers 0,274437 0,000031
flung 0,579818 0,000065
flurried 1,966113 0,000219
flush 0,941609 0,000105
flushed 0,713350 0,000080
flute 1,714798 0,000191
flutter 1,171183 0,000131
fluttered 0,967584 0,000108
fluttering 0,994252 0,000111
fly 0,210721 0,000024
flying 0,235722 0,000026
foam 0,967584 0,000108
foaming 1,386294 0,000155
fob 2,659260 0,000297
foes 1,139434 0,000127
fog 0,713350 0,000080
foggy 1,514128 0,000169
fogle 3,912023 0,000437
foibles 2,302585 0,000257
fol 3,506558 0,000391
fold 1,021651 0,000114
folded 0,544727 0,000061
folding 1,049822 0,000117
folds 0,755023 0,000084
folks 0,941609 0,000105
follow 0,020203 0,000002
folly 0,301105 0,000034
fond 0,287682 0,000032
fondlings 3,912023 0,000437
fondly 1,309333 0,000146
fondness 1,386294 0,000155
food 0,127833 0,000014
fool 0,314711 0,000035
foolery 2,407946 0,000269
foolish 0,235722 0,000026
foot 0,083382 0,000009
footing 0,820981 0,000092
footmen 1,660731 0,000185
footpath 1,897120 0,000212
footprints 2,120264 0,000237
footstep 1,514128 0,000169
footsteps 0,478036 0,000053
forasmuch 2,302585 0,000257
forbearance 1,272966 0,000142
forbid 0,579818 0,000065
forbore 2,302585 0,000257
force 0,061875 0,000007
forced 0,139262 0,000016
forcibly 0,820981 0,000092
forcing 0,693147 0,000077
fore 0,755023 0,000084
forefinger 1,272966 0,000142
foregoing 1,714798 0,000191
foregone 2,407946 0,000269
forehead 0,430783 0,000048
foreign 0,301105 0,000034
foremost 0,673345 0,000075
forenoon 1,347074 0,000150
forerunner 2,659260 0,000297
foresaw 1,139434 0,000127
foresee 1,049822 0,000117
foreseeing 1,714798 0,000191
foresight 1,139434 0,000127
forest 0,430783 0,000048
forestall 2,525729 0,000282
foretaste 1,714798 0,000191
forged 1,347074 0,000150
forget 0,072571 0,000008
forgetfulness 0,916291 0,000102
forgetting 0,597837 0,000067
forgive 0,356675 0,000040
forgiven 0,941609 0,000105
forgot 0,261365 0,000029
forgotten 0,162519 0,000018
fork 1,021651 0,000114
form 0,040822 0,000005
formal 0,673345 0,000075
formalities 1,660731 0,000185
formality 1,469676 0,000164
formally 1,386294 0,000155
formed 0,210721 0,000024
formidable 0,673345 0,000075
forming 0,527633 0,000059
forms 0,248461 0,000028
forsook 1,560648 0,000174
fort 1,171183 0,000131
forthwith 1,108663 0,000124
fortifying 2,659260 0,000297
fortin 3,912023 0,000437
fortitude 1,078810 0,000120
fortnight 0,941609 0,000105
fortunate 0,415515 0,000046
fortunately 0,579818 0,000065
fortune 0,186330 0,000021
fortunes 0,616186 0,000069
forwards 1,237874 0,000138
fought 0,371064 0,000041
foulest 2,995732 0,000334
foundations 0,843970 0,000094
foundling 2,659260 0,000297
fourpenny 3,218876 0,000359
fourteen 0,616186 0,000069
fourth 0,186330 0,000021
fowls 1,272966 0,000142
fraction 1,832581 0,000205
fractured 2,120264 0,000237
fragment 1,108663 0,000124
fragments 0,891598 0,000099
fragrance 1,171183 0,000131
frail 0,967584 0,000108
frame 0,235722 0,000026
france 0,544727 0,000061
frank 0,616186 0,000069
fraud 1,078810 0,000120
fraudulently 3,218876 0,000359
frayed 1,771957 0,000198
freak 1,771957 0,000198
freedom 0,223144 0,000025
freely 0,105361 0,000012
french 0,342490 0,000038
frequent 0,342490 0,000038
frequented 1,078810 0,000120
frequenting 2,659260 0,000297
frequently 0,287682 0,000032
fresh 0,105361 0,000012
fresher 1,469676 0,000164
freshness 1,021651 0,000114
fret 1,272966 0,000142
fretted 1,272966 0,000142
friday 0,967584 0,000108
fried 1,714798 0,000191
friend 0,040822 0,000005
friendless 1,771957 0,000198
friendliness 1,560648 0,000174
friendly 0,261365 0,000029
friends 0,020203 0,000002
friendship 0,287682 0,000032
fright 0,653926 0,000073
frighten 0,798508 0,000089
frightened 0,301105 0,000034
frightening 1,514128 0,000169
frightful 0,776529 0,000087
frightfully 1,560648 0,000174
frill 2,302585 0,000257
frivolities 2,995732 0,000334
fro 0,494296 0,000055
frock 1,049822 0,000117
frocks 1,897120 0,000212
frog 1,609438 0,000180
frolicsome 2,525729 0,000282
frown 1,078810 0,000120
frowned 1,272966 0,000142
frowning 1,108663 0,000124
frowsy 2,995732 0,000334
frozen 0,733969 0,000082
fruit 0,274437 0,000031
fruitless 1,049822 0,000117
frying 1,714798 0,000191
fulfilled 0,673345 0,000075
fulfilment 1,514128 0,000169
fulness 1,386294 0,000155
fumbling 1,609438 0,000180
fumes 1,108663 0,000124
fumigating 3,912023 0,000437
fun 0,798508 0,000089
functionaries 2,525729 0,000282
functionary 2,207275 0,000246
functions 0,994252 0,000111
funeral 0,634878 0,000071
funerals 1,897120 0,000212
funnier 3,218876 0,000359
funny 1,021651 0,000114
fur 0,994252 0,000111
furious 0,430783 0,000048
furiously 0,755023 0,000084
furnish 0,579818 0,000065
furnished 0,328504 0,000037
furnishes 1,560648 0,000174
furniture 0,415515 0,000046
furtively 1,897120 0,000212
fury 0,328504 0,000037
fustian 2,813411 0,000314
future 0,105361 0,000012
gab 3,506558 0,000391
gable 2,120264 0,000237
gables 2,813411 0,000314
gad 2,302585 0,000257
gadso 3,912023 0,000437
gaiety 1,272966 0,000142
gaily 1,078810 0,000120
gain 0,174353 0,000019
gained 0,261365 0,000029
gaining 0,544727 0,000061
gait 1,078810 0,000120
gaiters 2,207275 0,000246
gal 2,407946 0,000269
gall 1,469676 0,000164
gallant 0,867501 0,000097
gallantly 1,309333 0,000146
gallantries 3,218876 0,000359
gallantry 1,347074 0,000150
galled 2,659260 0,000297
galleries 1,427116 0,000159
gallery 0,798508 0,000089
galling 1,832581 0,000205
gallop 0,994252 0,000111
galloped 1,832581 0,000205
galloping 1,309333 0,000146
gallows 1,386294 0,000155
galvanic 3,218876 0,000359
gambled 2,302585 0,000257
game 0,248461 0,000028
gammon 3,506558 0,000391
gang 1,237874 0,000138
gap 0,994252 0,000111
gape 1,966113 0,000219
gaps 1,560648 0,000174
garb 1,272966 0,000142
garbage 2,995732 0,000334
garden 0,198451 0,000022
gardener 1,203973 0,000134
gardening 2,207275 0,000246
gardens 0,510826 0,000057
garlands 1,771957 0,000198
garment 0,755023 0,000084
garments 0,597837 0,000067
garnish 2,995732 0,000334
garnished 1,966113 0,000219
garret 1,309333 0,000146
gas 1,171183 0,000131
gash 1,832581 0,000205
gasped 1,021651 0,000114
gasping 1,139434 0,000127
gate 0,287682 0,000032
gates 0,446287 0,000050
gateway 1,309333 0,000146
gather 0,328504 0,000037
gathered 0,150823 0,000017
gathering 0,430783 0,000048
gaudy 1,386294 0,000155
gaunt 1,139434 0,000127
gay 0,494296 0,000055
gayest 2,207275 0,000246
gaze 0,544727 0,000061
gazed 0,597837 0,000067
gazers 2,525729 0,000282
gazette 1,609438 0,000180
gazing 0,597837 0,000067
gen 3,218876 0,000359
genealogy 1,897120 0,000212
generation 0,510826 0,000057
generosity 0,820981 0,000092
generous 0,356675 0,000040
geneva 1,966113 0,000219
genii 2,407946 0,000269
genius 0,400478 0,000045
genteel 1,427116 0,000159
gentility 2,207275 0,000246
gentle 0,274437 0,000031
gentleman 0,301105 0,000034
gentlemanly 1,771957 0,000198
gentlemen 0,430783 0,000048
gentleness 0,916291 0,000102
gentlest 1,714798 0,000191
gently 0,235722 0,000026
genuine 0,597837 0,000067
george 0,616186 0,000069
gesticulation 2,659260 0,000297
gesture 0,634878 0,000071
gestures 0,891598 0,000099
ghastly 0,867501 0,000097
ghost 0,544727 0,000061
ghosts 1,078810 0,000120
giant 0,634878 0,000071
gibbet 2,120264 0,000237
gift 0,261365 0,000029
gifted 1,049822 0,000117
gig 2,207275 0,000246
gigantic 0,994252 0,000111
gilding 1,966113 0,000219
giles 2,659260 0,000297
gilt 1,469676 0,000164
gin 1,514128 0,000169
ginger 2,120264 0,000237
girl 0,235722 0,000026
girls 0,400478 0,000045
glad 0,072571 0,000008
gladden 2,525729 0,000282
gladly 0,544727 0,000061
gladness 1,049822 0,000117
glance 0,248461 0,000028
glanced 0,653926 0,000073
glances 0,798508 0,000089
glancing 0,693147 0,000077
glare 0,843970 0,000094
glaring 0,967584 0,000108
glass 0,186330 0,000021
glasses 0,713350 0,000080
glassful 2,659260 0,000297
glassy 1,660731 0,000185
gleam 0,693147 0,000077
gleamed 1,309333 0,000146
gleaming 0,916291 0,000102
glean 2,120264 0,000237
glee 1,309333 0,000146
gleefully 2,040221 0,000228
glided 1,021651 0,000114
gliding 1,139434 0,000127
glim 3,218876 0,000359
glimmered 2,302585 0,000257
glimmering 1,660731 0,000185
glimpse 0,544727 0,000061
glistened 1,386294 0,000155
glistening 1,237874 0,000138
gloom 0,579818 0,000065
gloomy 0,478036 0,000053
glorious 0,462035 0,000052
glory 0,342490 0,000038
gloves 0,693147 0,000077
glow 0,527633 0,000059
glowing 0,510826 0,000057
glut 2,659260 0,000297
goaded 1,897120 0,000212
goblin 2,407946 0,000269
god 0,094311 0,000011
gold 0,083382 0,000009
goodness 0,328504 0,000037
gore 1,560648 0,000174
gorgeously 2,995732 0,000334
governed 1,049822 0,000117
government 0,494296 0,000055
governor 0,820981 0,000092
gown 0,693147 0,000077
grabbed 2,120264 0,000237
grace 0,235722 0,000026
graceful 0,494296 0,000055
gracious 0,544727 0,000061
graciously 1,203973 0,000134
grade 1,714798 0,000191
gradual 1,049822 0,000117
gradually 0,328504 0,000037
grain 0,597837 0,000067
grains 1,609438 0,000180
grandeur 0,994252 0,000111
grandfather 0,776529 0,000087
grandmothers 2,207275 0,000246
grandson 1,427116 0,000159
granted 0,150823 0,000017
grants 1,897120 0,000212
grasp 0,385662 0,000043
grasped 0,755023 0,000084
grasping 0,891598 0,000099
grass 0,314711 0,000035
grate 1,171183 0,000131
grated 1,832581 0,000205
grateful 0,446287 0,000050
grater 3,218876 0,000359
gratification 0,994252 0,000111
gratified 1,171183 0,000131
gratify 1,078810 0,000120
gratifying 1,272966 0,000142
grating 1,272966 0,000142
gratitude 0,478036 0,000053
gratuitous 2,302585 0,000257
grave 0,127833 0,000014
gravely 0,693147 0,000077
graves 0,994252 0,000111
gravestones 2,995732 0,000334
gravity 0,713350 0,000080
gray 0,733969 0,000082
grazier 3,506558 0,000391
grease 1,771957 0,000198
greasy 1,347074 0,000150
greatly 0,210721 0,000024
greediness 2,207275 0,000246
greedy 1,021651 0,000114
green 0,105361 0,000012
greenland 2,407946 0,000269
greet 0,994252 0,000111
greeted 1,049822 0,000117
greeting 0,798508 0,000089
grew 0,139262 0,000016
grey 0,562119 0,000063
grief 0,356675 0,000040
griefs 1,514128 0,000169
grieving 1,386294 0,000155
grievously 1,714798 0,000191
grim 0,776529 0,000087
grimaces 2,040221 0,000228
grimly 1,108663 0,000124
grimy 1,771957 0,000198
grin 0,967584 0,000108
grind 1,272966 0,000142
grinding 1,078810 0,000120
grinned 1,514128 0,000169
grinning 1,049822 0,000117
grip 0,916291 0,000102
grizzled 1,714798 0,000191
grizzly 2,813411 0,000314
groan 0,891598 0,000099
groaned 1,021651 0,000114
groans 1,021651 0,000114
groped 1,609438 0,000180
groping 1,049822 0,000117
gross 0,235722 0,000026
grotesque 1,078810 0,000120
ground 0,030459 0,000003
grounds 0,446287 0,000050
groundsel 3,506558 0,000391
grovelling 1,771957 0,000198
grow 0,139262 0,000016
growing 0,174353 0,000019
growl 1,309333 0,000146
growled 1,203973 0,000134
growling 1,427116 0,000159
grown 0,116534 0,000013
grows 0,527633 0,000059
growth 0,462035 0,000052
grub 1,966113 0,000219
gruel 2,207275 0,000246
gruff 1,660731 0,000185
gruffly 1,897120 0,000212
grumbling 1,427116 0,000159
grunt 2,040221 0,000228
grunting 2,207275 0,000246
guard 0,174353 0,000019
guarded 0,597837 0,000067
guardianship 1,832581 0,000205
guess 0,314711 0,000035
guessed 0,616186 0,000069
guesses 2,120264 0,000237
guessing 1,427116 0,000159
guest 0,527633 0,000059
guests 0,446287 0,000050
guide 0,261365 0,000029
guided 0,462035 0,000052
guile 1,514128 0,000169
guileless 2,207275 0,000246
guilt 0,544727 0,000061
guilty 0,356675 0,000040
guineas 1,427116 0,000159
guise 1,560648 0,000174
gulf 0,755023 0,000084
gulp 2,040221 0,000228
gums 2,040221 0,000228
gun 0,755023 0,000084
gunpowder 1,560648 0,000174
gurgling 2,207275 0,000246
gushing 1,771957 0,000198
gust 1,386294 0,000155
gutter 1,560648 0,000174
gymnastic 1,897120 0,000212
ha 0,891598 0,000099
habit 0,223144 0,000025
habitation 1,139434 0,000127
habits 0,356675 0,000040
habitual 0,916291 0,000102
hack 1,714798 0,000191
hackney 2,207275 0,000246
hag 1,897120 0,000212
haggard 1,021651 0,000114
haggardness 3,218876 0,000359
haggling 2,659260 0,000297
hags 2,525729 0,000282
hah 2,659260 0,000297
hail 0,634878 0,000071
hailed 1,078810 0,000120
hair 0,094311 0,000011
haired 0,820981 0,000092
hairs 0,916291 0,000102
halfpence 2,407946 0,000269
halfpenny 2,302585 0,000257
hall 0,314711 0,000035
hallo 1,966113 0,000219
halloa 2,207275 0,000246
hallowed 1,897120 0,000212
halt 0,755023 0,000084
halted 0,843970 0,000094
halter 2,120264 0,000237
halting 1,309333 0,000146
ham 1,237874 0,000138
hammer 0,776529 0,000087
hammering 1,714798 0,000191
hammers 1,966113 0,000219
hammersmith 2,995732 0,000334
hand 0,010050 0,000001
handcuffs 2,407946 0,000269
handed 0,274437 0,000031
handful 0,867501 0,000097
handing 1,309333 0,000146
handiwork 1,966113 0,000219
handkercher 3,506558 0,000391
handkerchief 0,653926 0,000073
handkerchiefs 1,660731 0,000185
handle 0,415515 0,000046
handles 1,560648 0,000174
hands 0,020203 0,000002
handsome 0,328504 0,000037
handsomely 1,139434 0,000127
handy 0,994252 0,000111
hang 0,400478 0,000045
hanged 1,049822 0,000117
hanging 0,261365 0,000029
happen 0,150823 0,000017
happened 0,094311 0,000011
happening 0,634878 0,000071
happier 0,544727 0,000061
happily 0,478036 0,000053
happiness 0,150823 0,000017
happy 0,072571 0,000008
hard 0,040822 0,000005
harden 1,427116 0,000159
hardened 0,820981 0,000092
harder 0,597837 0,000067
hardest 0,967584 0,000108
hardihood 1,771957 0,000198
hardy 0,994252 0,000111
hark 1,237874 0,000138
harm 0,210721 0,000024
harmless 0,248461 0,000028
harness 1,108663 0,000124
harnessed 1,309333 0,000146
harridan 3,506558 0,000391
harridans 3,912023 0,000437
harry 1,427116 0,000159
harsh 0,510826 0,000057
harshest 2,207275 0,000246
harshly 1,078810 0,000120
harshness 1,560648 0,000174
haste 0,371064 0,000041
hastened 0,616186 0,000069
hastening 1,203973 0,000134
hastens 2,207275 0,000246
hastily 0,462035 0,000052
hastiness 2,813411 0,000314
hasty 0,510826 0,000057
hat 0,478036 0,000053
hatband 2,995732 0,000334
hate 0,274437 0,000031
hated 0,356675 0,000040
hates 1,237874 0,000138
hatred 0,494296 0,000055
hats 0,941609 0,000105
haughtiest 3,218876 0,000359
haughtiness 2,207275 0,000246
haughty 0,867501 0,000097
haul 1,609438 0,000180
hauled 1,171183 0,000131
hauling 1,660731 0,000185
haunt 1,049822 0,000117
haunted 0,579818 0,000065
haunts 1,171183 0,000131
hawk 1,427116 0,000159
hawkers 3,218876 0,000359
hawking 2,659260 0,000297
hay 1,171183 0,000131
haymakers 3,218876 0,000359
haystack 2,813411 0,000314
hazard 1,021651 0,000114
hazarded 1,771957 0,000198
hazarding 2,407946 0,000269
hazardous 1,560648 0,000174
head 0,000000 0,000000
headed 0,510826 0,000057
headlong 0,843970 0,000094
heads 0,094311 0,000011
healing 1,347074 0,000150
health 0,198451 0,000022
healthy 0,356675 0,000040
heap 0,494296 0,000055
heaped 0,994252 0,000111
heaps 0,733969 0,000082
hear 0,010050 0,000001
heard 0,020203 0,000002
hearers 1,272966 0,000142
hearing 0,139262 0,000016
hears 0,673345 0,000075
hearse 1,966113 0,000219
heart 0,010050 0,000001
hearted 0,415515 0,000046
hearth 0,867501 0,000097
heartily 0,597837 0,000067
hearts 0,261365 0,000029
hearty 0,653926 0,000073
heat 0,274437 0,000031
heated 0,916291 0,000102
heath 1,560648 0,000174
heave 1,427116 0,000159
heaved 1,021651 0,000114
heaven 0,198451 0,000022
heavens 0,430783 0,000048
heaver 3,506558 0,000391
heavers 3,218876 0,000359
heavier 0,776529 0,000087
heavily 0,400478 0,000045
heaviness 1,714798 0,000191
heaving 0,994252 0,000111
heavy 0,030459 0,000003
hedge 0,994252 0,000111
hedged 2,040221 0,000228
hedges 1,108663 0,000124
heed 0,693147 0,000077
heeded 1,469676 0,000164
heeding 1,714798 0,000191
heedless 1,272966 0,000142
heel 0,713350 0,000080
heels 0,446287 0,000050
height 0,261365 0,000029
heightened 1,469676 0,000164
held 0,040822 0,000005
helpless 0,328504 0,000037
helplessness 1,386294 0,000155
helpmate 2,659260 0,000297
hem 1,469676 0,000164
hemmed 1,560648 0,000174
hen 1,560648 0,000174
henceforth 0,867501 0,000097
herald 1,469676 0,000164
herd 0,713350 0,000080
heretofore 1,272966 0,000142
hero 0,544727 0,000061
heroic 0,891598 0,000099
heroine 1,660731 0,000185
heroism 1,514128 0,000169
hesitate 0,616186 0,000069
hesitated 0,653926 0,000073
hesitates 2,207275 0,000246
hesitating 1,021651 0,000114
hesitation 0,616186 0,000069
hey 1,347074 0,000150
hidden 0,248461 0,000028
hide 0,287682 0,000032
hideous 0,527633 0,000059
hideously 2,120264 0,000237
hiding 0,616186 0,000069
highly 0,261365 0,000029
highway 1,108663 0,000124
hill 0,248461 0,000028
hills 0,356675 0,000040
hind 1,171183 0,000131
hinges 0,994252 0,000111
hint 0,462035 0,000052
hinted 1,049822 0,000117
hinting 1,966113 0,000219
hints 0,941609 0,000105
hissed 1,771957 0,000198
hissing 1,237874 0,000138
hist 2,120264 0,000237
historian 1,108663 0,000124
history 0,186330 0,000021
hit 0,356675 0,000040
hitched 2,207275 0,000246
hitherto 0,385662 0,000043
ho 1,203973 0,000134
hoarse 0,867501 0,000097
hoarser 2,813411 0,000314
hob 2,040221 0,000228
hobbling 2,659260 0,000297
hoist 1,660731 0,000185
hoisted 1,237874 0,000138
hold 0,020203 0,000002
holding 0,174353 0,000019
holds 0,342490 0,000038
hole 0,356675 0,000040
holes 0,562119 0,000063
holiday 0,798508 0,000089
holiness 1,347074 0,000150
holler 2,525729 0,000282
hollow 0,446287 0,000050
homeless 1,832581 0,000205
homely 1,272966 0,000142
homeopathic 2,813411 0,000314
homeward 0,891598 0,000099
homewards 2,207275 0,000246
hones 3,218876 0,000359
honest 0,235722 0,000026
honestly 0,843970 0,000094
honeysuckle 3,218876 0,000359
honour 0,510826 0,000057
honourable 0,941609 0,000105
honourably 2,207275 0,000246
honoured 0,916291 0,000102
honours 1,108663 0,000124
hoof 1,560648 0,000174
hoofs 1,108663 0,000124
hook 0,798508 0,000089
hope 0,010050 0,000001
hoped 0,210721 0,000024
hopeful 0,916291 0,000102
hopeless 0,510826 0,000057
hopelessness 1,832581 0,000205
hopes 0,210721 0,000024
hoping 0,430783 0,000048
hor 2,813411 0,000314
horn 0,776529 0,000087
horrible 0,356675 0,000040
horrid 0,713350 0,000080
horror 0,248461 0,000028
horrors 0,693147 0,000077
horse 0,162519 0,000018
horseback 0,843970 0,000094
horses 0,261365 0,000029
hosier 2,813411 0,000314
hospital 0,916291 0,000102
host 0,478036 0,000053
hostler 3,218876 0,000359
hosts 1,237874 0,000138
hot 0,116534 0,000013
hotbrained 3,912023 0,000437
hotel 0,820981 0,000092
hound 1,272966 0,000142
hour 0,083382 0,000009
hours 0,094311 0,000011
house 0,020203 0,000002
housebreaker 2,995732 0,000334
housebreaking 2,995732 0,000334
housed 1,832581 0,000205
housekeeper 1,203973 0,000134
houseless 2,525729 0,000282
housemaid 1,660731 0,000185
housemaids 2,659260 0,000297
houses 0,139262 0,000016
housetops 2,407946 0,000269
hovel 2,120264 0,000237
hovels 2,302585 0,000257
hovered 1,203973 0,000134
hovering 1,171183 0,000131
hovers 1,966113 0,000219
howl 1,021651 0,000114
howled 1,386294 0,000155
howling 0,755023 0,000084
huddle 2,302585 0,000257
huddled 1,237874 0,000138
hue 0,798508 0,000089
hues 1,771957 0,000198
huge 0,400478 0,000045
hugged 1,427116 0,000159
hulks 2,813411 0,000314
hullo 2,040221 0,000228
human 0,083382 0,000009
humane 1,203973 0,000134
humanely 2,813411 0,000314
humanity 0,494296 0,000055
humble 0,301105 0,000034
humbler 2,207275 0,000246
humbly 0,867501 0,000097
humiliated 1,609438 0,000180
humility 0,867501 0,000097
humorous 1,427116 0,000159
humour 0,733969 0,000082
humoured 1,609438 0,000180
humours 1,771957 0,000198
hump 2,120264 0,000237
humph 1,897120 0,000212
hunchback 2,207275 0,000246
hung 0,174353 0,000019
hunger 0,478036 0,000053
hungry 0,328504 0,000037
hunk 2,525729 0,000282
hunt 0,544727 0,000061
hunter 0,820981 0,000092
hunting 0,462035 0,000052
hurl 1,469676 0,000164
hurled 1,171183 0,000131
hurrah 1,386294 0,000155
hurried 0,356675 0,000040
hurriedly 0,891598 0,000099
hurry 0,328504 0,000037
hurrying 0,673345 0,000075
hurt 0,198451 0,000022
hurts 1,139434 0,000127
husband 0,248461 0,000028
husbands 0,755023 0,000084
hush 0,776529 0,000087
hushed 1,049822 0,000117
husky 1,560648 0,000174
hussies 2,659260 0,000297
huts 1,560648 0,000174
huzzah 3,506558 0,000391
hyde 1,897120 0,000212
hydraulic 2,995732 0,000334
hysterical 1,469676 0,000164
hysterically 2,302585 0,000257
hysterics 1,714798 0,000191
ice 0,527633 0,000059
idea 0,105361 0,000012
ideas 0,314711 0,000035
identical 0,994252 0,000111
identified 1,386294 0,000155
identify 0,415515 0,000046
identifying 2,659260 0,000297
identity 1,021651 0,000114
idiot 0,941609 0,000105
idiotic 1,347074 0,000150
idle 0,274437 0,000031
idlers 2,302585 0,000257
idly 1,309333 0,000146
ignominious 1,771957 0,000198
ignorance 0,287682 0,000032
ignorant 0,301105 0,000034
iii 0,287682 0,000032
illegal 1,660731 0,000185
illegitimate 1,966113 0,000219
illness 0,616186 0,000069
illuminated 1,108663 0,000124
illusion 1,049822 0,000117
illustrated 1,021651 0,000114
illustrating 2,207275 0,000246
illustration 1,139434 0,000127
illustrative 2,407946 0,000269
images 0,867501 0,000097
imaginable 1,427116 0,000159
imaginary 0,755023 0,000084
imagination 0,223144 0,000025
imagine 0,139262 0,000016
imagined 0,287682 0,000032
imagining 0,941609 0,000105
imitate 0,891598 0,000099
imitation 0,693147 0,000077
immeasurable 1,560648 0,000174
immeasurably 1,514128 0,000169
immense 0,314711 0,000035
immensely 1,171183 0,000131
immoderately 2,207275 0,000246
immoveable 2,995732 0,000334
imp 1,832581 0,000205
impair 2,302585 0,000257
impaired 1,609438 0,000180
impart 1,078810 0,000120
imparted 1,171183 0,000131
impartial 1,237874 0,000138
impartially 1,771957 0,000198
imparting 1,714798 0,000191
imparts 1,897120 0,000212
impatience 0,634878 0,000071
impatient 0,371064 0,000041
impatiently 0,634878 0,000071
impeach 2,525729 0,000282
impeded 1,771957 0,000198
impelled 1,049822 0,000117
imperatively 2,659260 0,000297
imperceptible 1,609438 0,000180
imperfectly 1,386294 0,000155
imperiously 1,966113 0,000219
impertinences 3,506558 0,000391
impertinent 1,171183 0,000131
impetuosity 1,714798 0,000191
impetuous 1,021651 0,000114
impetuously 2,040221 0,000228
impetus 1,966113 0,000219
impiety 1,966113 0,000219
impious 1,714798 0,000191
implanted 1,832581 0,000205
implement 2,407946 0,000269
implements 1,560648 0,000174
implicitly 1,832581 0,000205
implored 1,309333 0,000146
imploring 1,237874 0,000138
imply 1,078810 0,000120
import 1,021651 0,000114
importunate 1,609438 0,000180
impose 0,941609 0,000105
imposed 0,210721 0,000024
imposing 0,843970 0,000094
impossibilities 2,040221 0,000228
impossibility 1,021651 0,000114
impossible 0,094311 0,000011
imposter 2,995732 0,000334
impostor 1,771957 0,000198
impotence 1,832581 0,000205
impotent 1,272966 0,000142
imprecation 3,218876 0,000359
imprecations 1,966113 0,000219
impregnated 2,407946 0,000269
impressed 0,510826 0,000057
impressing 2,040221 0,000228
impression 0,210721 0,000024
impressive 1,237874 0,000138
impressively 1,966113 0,000219
imprinted 1,660731 0,000185
imprinting 3,506558 0,000391
imprisoned 1,021651 0,000114
imprisonment 1,203973 0,000134
improbable 1,021651 0,000114
improper 1,139434 0,000127
improprieties 3,218876 0,000359
impropriety 1,897120 0,000212
improve 0,733969 0,000082
improved 0,562119 0,000063
improvement 0,673345 0,000075
improvements 1,139434 0,000127
improving 1,049822 0,000117
impudence 1,272966 0,000142
impudent 1,469676 0,000164
impulse 0,462035 0,000052
impulses 1,237874 0,000138
imputation 1,714798 0,000191
inability 1,386294 0,000155
inadvertently 2,120264 0,000237
inanimate 1,272966 0,000142
inaudible 1,560648 0,000174
incapable 0,562119 0,000063
incarceration 2,995732 0,000334
incertitude 3,218876 0,000359
incessantly 0,916291 0,000102
inch 0,634878 0,000071
inches 0,733969 0,000082
incident 0,527633 0,000059
incidental 0,446287 0,000050
inclination 0,579818 0,000065
inclinations 1,309333 0,000146
inclined 0,186330 0,000021
inclining 1,514128 0,000169
inclosed 2,040221 0,000228
include 0,274437 0,000031
incoherent 1,469676 0,000164
incoherently 2,207275 0,000246
incomplete 0,301105 0,000034
inconsiderable 1,560648 0,000174
inconsolable 2,040221 0,000228
incontestable 2,302585 0,000257
inconvenience 1,078810 0,000120
inconveniently 2,995732 0,000334
incorrigible 1,832581 0,000205
increase 0,287682 0,000032
increased 0,248461 0,000028
increases 1,237874 0,000138
increasing 0,127833 0,000014
incredible 0,653926 0,000073
incredulous 1,309333 0,000146
incredulously 2,302585 0,000257
incurable 1,386294 0,000155
incurred 1,309333 0,000146
indemnified 2,995732 0,000334
indentures 2,813411 0,000314
independence 0,843970 0,000094
independent 0,510826 0,000057
indescribable 1,108663 0,000124
indication 1,171183 0,000131
indications 1,171183 0,000131
indies 1,309333 0,000146
indifference 0,527633 0,000059
indigence 2,207275 0,000246
indignant 0,820981 0,000092
indignantly 1,203973 0,000134
indignation 0,510826 0,000057
indirectly 0,371064 0,000041
indispensably 2,302585 0,000257
indistinct 1,139434 0,000127
individual 0,150823 0,000017
individuals 0,673345 0,000075
indolent 1,427116 0,000159
indolently 2,525729 0,000282
indubitably 2,659260 0,000297
induce 0,634878 0,000071
induced 0,527633 0,000059
inducement 1,469676 0,000164
inducements 2,207275 0,000246
inducing 2,120264 0,000237
indulge 0,820981 0,000092
indulged 0,941609 0,000105
indulging 1,171183 0,000131
industrious 1,078810 0,000120
ineffable 1,771957 0,000198
ineffectual 1,469676 0,000164
ineffectually 2,659260 0,000297
inestimable 1,897120 0,000212
inevitably 0,843970 0,000094
inexcusable 2,407946 0,000269
inexhaustible 1,237874 0,000138
inexplicable 1,171183 0,000131
infallible 1,108663 0,000124
infallibly 1,427116 0,000159
infamous 1,049822 0,000117
infamy 1,203973 0,000134
infancy 0,916291 0,000102
infant 0,673345 0,000075
infants 1,171183 0,000131
infatuation 1,714798 0,000191
infected 1,347074 0,000150
inferior 0,597837 0,000067
inferiority 1,609438 0,000180
inferiors 1,832581 0,000205
infernal 0,843970 0,000094
infirmary 2,302585 0,000257
infirmities 1,966113 0,000219
infirmity 1,203973 0,000134
inflaming 2,813411 0,000314
inflammatory 2,813411 0,000314
inflexible 1,771957 0,000198
inflict 1,049822 0,000117
inflicted 0,798508 0,000089
inflicting 1,609438 0,000180
influence 0,198451 0,000022
influenced 0,891598 0,000099
influences 0,994252 0,000111
inform 0,510826 0,000057
informant 2,207275 0,000246
informed 0,371064 0,000041
informer 1,966113 0,000219
informing 1,021651 0,000114
infuriate 2,995732 0,000334
infuriated 1,771957 0,000198
ingenious 0,693147 0,000077
ingeniously 1,832581 0,000205
ingenuity 0,891598 0,000099
ingratitude 1,171183 0,000131
inhabitants 0,446287 0,000050
inhabited 0,713350 0,000080
inhaling 2,120264 0,000237
inherit 1,203973 0,000134
inheritance 0,798508 0,000089
inherited 0,867501 0,000097
inhuman 1,108663 0,000124
initiated 1,469676 0,000164
injunction 1,347074 0,000150
injunctions 1,771957 0,000198
injure 0,941609 0,000105
injured 0,579818 0,000065
injuries 0,916291 0,000102
injurious 1,427116 0,000159
injury 0,446287 0,000050
injustice 0,673345 0,000075
inkstand 2,407946 0,000269
inland 1,469676 0,000164
inlet 2,040221 0,000228
inmates 1,386294 0,000155
inmost 1,309333 0,000146
inn 0,713350 0,000080
innermost 1,771957 0,000198
innocence 0,634878 0,000071
innocent 0,186330 0,000021
innocently 1,427116 0,000159
inquest 2,207275 0,000246
inquire 0,494296 0,000055
inquired 0,544727 0,000061
inquires 2,407946 0,000269
inquiries 0,653926 0,000073
inquiring 0,798508 0,000089
inquiry 0,634878 0,000071
inquisitive 1,078810 0,000120
inscription 1,272966 0,000142
insects 1,309333 0,000146
insecure 2,207275 0,000246
insensible 0,843970 0,000094
insensibly 1,386294 0,000155
inseparable 1,203973 0,000134
insert 1,832581 0,000205
inserted 1,237874 0,000138
insinuating 1,609438 0,000180
insist 0,462035 0,000052
insisted 0,400478 0,000045
insolent 0,941609 0,000105
inspect 1,347074 0,000150
inspected 1,469676 0,000164
inspecting 1,609438 0,000180
inspection 0,820981 0,000092
instance 0,150823 0,000017
instant 0,210721 0,000024
instantaneous 1,427116 0,000159
instantaneously 1,832581 0,000205
instantly 0,356675 0,000040
instilling 2,659260 0,000297
instinct 0,430783 0,000048
instinctively 0,733969 0,000082
instructed 0,713350 0,000080
instructions 0,579818 0,000065
instrument 0,356675 0,000040
instrumental 2,040221 0,000228
insult 0,673345 0,000075
insulting 1,203973 0,000134
insults 1,386294 0,000155
insupportable 1,660731 0,000185
intellectual 0,235722 0,000026
intelligence 0,301105 0,000034
intelligent 0,342490 0,000038
intelligible 1,021651 0,000114
intend 0,494296 0,000055
intended 0,174353 0,000019
intends 1,347074 0,000150
intense 0,430783 0,000048
intensely 0,820981 0,000092
intensity 0,994252 0,000111
intent 0,527633 0,000059
intention 0,186330 0,000021
intentions 0,494296 0,000055
intently 0,891598 0,000099
intercession 1,966113 0,000219
interchange 1,660731 0,000185
interchanging 2,659260 0,000297
interfere 0,544727 0,000061
interfered 1,108663 0,000124
interference 1,108663 0,000124
interior 0,673345 0,000075
interment 2,120264 0,000237
interminable 1,237874 0,000138
internal 0,261365 0,000029
interpose 1,897120 0,000212
interposed 1,139434 0,000127
interposing 2,207275 0,000246
interpret 1,139434 0,000127
interpreted 0,274437 0,000031
interrogations 2,659260 0,000297
interrogatory 2,995732 0,000334
interrupt 0,755023 0,000084
interrupted 0,301105 0,000034
interrupting 1,203973 0,000134
interruption 0,776529 0,000087
interruptions 1,714798 0,000191
interrupts 2,525729 0,000282
interspersed 1,897120 0,000212
interval 0,579818 0,000065
intervals 0,510826 0,000057
intervening 1,347074 0,000150
interview 0,673345 0,000075
intimacy 0,843970 0,000094
intimate 0,462035 0,000052
intimated 1,386294 0,000155
intimately 1,309333 0,000146
intimating 2,207275 0,000246
intimation 1,347074 0,000150
intolerably 2,120264 0,000237
intoxicated 1,427116 0,000159
intricacies 2,207275 0,000246
intricate 1,078810 0,000120
introduce 0,562119 0,000063
introduced 0,356675 0,000040
introduces 1,897120 0,000212
introduction 0,400478 0,000045
introductory 1,771957 0,000198
intrude 1,427116 0,000159
intrusion 1,347074 0,000150
intrusively 3,912023 0,000437
invalid 1,139434 0,000127
invaluable 1,386294 0,000155
invariable 1,514128 0,000169
invariably 0,798508 0,000089
invectives 2,813411 0,000314
invented 0,597837 0,000067
inventory 2,207275 0,000246
investigated 1,514128 0,000169
investigation 0,967584 0,000108
invests 2,525729 0,000282
invincible 1,427116 0,000159
invitation 0,579818 0,000065
invitations 1,714798 0,000191
invited 0,415515 0,000046
invoked 1,832581 0,000205
invoking 2,659260 0,000297
involuntarily 1,139434 0,000127
involuntary 1,021651 0,000114
involve 1,309333 0,000146
involved 0,579818 0,000065
involves 1,832581 0,000205
involving 1,386294 0,000155
inwardly 0,798508 0,000089
inwards 1,966113 0,000219
irascible 2,207275 0,000246
ire 1,832581 0,000205
irish 1,347074 0,000150
iron 0,198451 0,000022
ironical 1,386294 0,000155
irons 1,347074 0,000150
irrelevant 2,120264 0,000237
irrepressible 1,427116 0,000159
irresistible 0,653926 0,000073
irresistibly 1,203973 0,000134
irresolute 1,427116 0,000159
irresolution 2,302585 0,000257
irreverent 2,302585 0,000257
irritable 1,469676 0,000164
irritating 1,272966 0,000142
irritation 1,171183 0,000131
island 0,400478 0,000045
issue 0,462035 0,000052
issued 0,579818 0,000065
item 1,272966 0,000142
iv 0,328504 0,000037
ivy 1,272966 0,000142
ix 0,494296 0,000055
jack 0,820981 0,000092
jackanapes 3,218876 0,000359
jacket 0,798508 0,000089
jacob 1,427116 0,000159
jade 2,302585 0,000257
jaded 1,832581 0,000205
jagged 1,560648 0,000174
jail 1,427116 0,000159
jailer 2,525729 0,000282
jailor 2,813411 0,000314
jails 2,525729 0,000282
jamaica 2,407946 0,000269
japanning 3,912023 0,000437
jaundiced 3,506558 0,000391
jaw 0,820981 0,000092
jaws 0,733969 0,000082
jealous 0,446287 0,000050
jealousy 0,478036 0,000053
jeering 1,714798 0,000191
jeers 2,525729 0,000282
jem 3,506558 0,000391
jemmies 3,912023 0,000437
jerk 1,427116 0,000159
jerked 1,237874 0,000138
jerking 1,660731 0,000185
jessamine 2,995732 0,000334
jest 0,673345 0,000075
jests 1,560648 0,000174
jew 1,171183 0,000131
jewellery 2,302585 0,000257
jewels 0,820981 0,000092
jingling 1,427116 0,000159
job 0,673345 0,000075
jocosity 3,912023 0,000437
jocularity 3,912023 0,000437
joe 1,832581 0,000205
jogged 2,207275 0,000246
jogging 2,995732 0,000334
john 0,328504 0,000037
joint 0,673345 0,000075
jointed 2,407946 0,000269
joke 0,494296 0,000055
joked 2,120264 0,000237
jokes 1,078810 0,000120
joking 0,994252 0,000111
jolly 0,994252 0,000111
jorum 3,506558 0,000391
jostled 1,832581 0,000205
jostling 2,040221 0,000228
journey 0,198451 0,000022
journeyed 2,207275 0,000246
jove 1,108663 0,000124
joviality 2,995732 0,000334
joy 0,139262 0,000016
joyful 0,798508 0,000089
joyfully 1,272966 0,000142
joyous 0,941609 0,000105
joyously 1,560648 0,000174
joyousness 2,659260 0,000297
judge 0,116534 0,000013
judged 0,430783 0,000048
judges 0,597837 0,000067
judging 0,713350 0,000080
judgment 0,198451 0,000022
judgments 1,237874 0,000138
jug 1,386294 0,000155
jumbled 2,207275 0,000246
jump 0,733969 0,000082
jumped 0,653926 0,000073
jumping 0,798508 0,000089
juncture 1,386294 0,000155
junior 1,272966 0,000142
juries 2,207275 0,000246
jury 1,237874 0,000138
juryman 2,659260 0,000297
jurymen 2,813411 0,000314
justice 0,162519 0,000018
justified 0,693147 0,000077
justify 0,693147 0,000077
justly 0,653926 0,000073
juvenile 1,897120 0,000212
keen 0,415515 0,000046
keenly 0,967584 0,000108
keeper 0,916291 0,000102
keeping 1,078810 0,000120
ken 1,771957 0,000198
kennel 1,897120 0,000212
kennels 2,525729 0,000282
kens 3,506558 0,000391
kensington 2,302585 0,000257
kep 2,407946 0,000269
ketch 2,302585 0,000257
kettle 1,272966 0,000142
kettles 2,302585 0,000257
key 0,356675 0,000040
keyhole 1,560648 0,000174
kick 0,653926 0,000073
kicked 0,843970 0,000094
kicking 1,078810 0,000120
kid 1,469676 0,000164
kidnapped 2,407946 0,000269
kidnapping 2,995732 0,000334
kill 0,127833 0,000014
killed 0,223144 0,000025
kinchin 3,912023 0,000437
kindled 0,867501 0,000097
kindly 0,223144 0,000025
kindness 0,287682 0,000032
kindnesses 2,207275 0,000246
kindred 0,994252 0,000111
king 0,223144 0,000025
kingdom 0,494296 0,000055
kingston 2,407946 0,000269
kiss 0,562119 0,000063
kissed 0,462035 0,000052
kissing 1,021651 0,000114
kitchen 0,597837 0,000067
kitten 1,832581 0,000205
kittens 2,207275 0,000246
knack 1,832581 0,000205
knavery 2,659260 0,000297
knee 0,462035 0,000052
kneed 2,813411 0,000314
kneel 1,203973 0,000134
kneeling 0,798508 0,000089
knees 0,223144 0,000025
knell 2,407946 0,000269
knelt 0,994252 0,000111
knife 0,356675 0,000040
knitting 1,272966 0,000142
knock 0,616186 0,000069
knocked 0,510826 0,000057
knocker 2,407946 0,000269
knocking 0,798508 0,000089
knot 0,673345 0,000075
knots 1,139434 0,000127
knotted 1,469676 0,000164
knottiest 3,506558 0,000391
knowing 2,525729 0,000282
knowledge 0,061875 0,000007
knuckle 2,525729 0,000282
knuckles 1,514128 0,000169
labour 0,634878 0,000071
laboured 1,427116 0,000159
labourers 1,771957 0,000198
labouring 1,469676 0,000164
labours 0,994252 0,000111
labyrinth 1,609438 0,000180
lace 0,916291 0,000102
laced 1,771957 0,000198
lacking 1,171183 0,000131
lad 0,713350 0,000080
ladder 0,693147 0,000077
ladders 1,832581 0,000205
laden 0,673345 0,000075
ladies 0,314711 0,000035
ladle 2,659260 0,000297
ladled 3,218876 0,000359
lads 1,139434 0,000127
lady 0,248461 0,000028
lag 2,525729 0,000282
lagged 2,525729 0,000282
lagging 1,897120 0,000212
laid 0,072571 0,000008
lain 0,843970 0,000094
lair 1,560648 0,000174
lairy 3,912023 0,000437
lamb 0,776529 0,000087
lame 0,820981 0,000092
lamed 2,525729 0,000282
lamentable 1,469676 0,000164
lamentations 1,386294 0,000155
lamented 1,139434 0,000127
lamp 0,478036 0,000053
lamps 0,733969 0,000082
land 0,072571 0,000008
landing 0,562119 0,000063
landlady 1,514128 0,000169
landlord 0,941609 0,000105
landscape 0,867501 0,000097
lane 0,798508 0,000089
lanes 1,203973 0,000134
languid 1,049822 0,000117
languidly 1,714798 0,000191
languish 1,966113 0,000219
languishing 1,660731 0,000185
languor 1,560648 0,000174
lank 1,609438 0,000180
lantern 0,967584 0,000108
laps 2,207275 0,000246
lapse 0,994252 0,000111
larceny 2,659260 0,000297
lark 1,609438 0,000180
lash 1,386294 0,000155
lashed 1,203973 0,000134
lasting 1,771957 0,000198
latch 1,309333 0,000146
late 0,094311 0,000011
latent 1,469676 0,000164
lattice 1,609438 0,000180
latticed 2,302585 0,000257
laudable 1,609438 0,000180
laudanum 2,407946 0,000269
laugh 0,127833 0,000014
laughed 0,248461 0,000028
laughing 0,248461 0,000028
laughs 0,994252 0,000111
laughter 0,274437 0,000031
launched 1,171183 0,000131
lavender 2,207275 0,000246
lavished 1,660731 0,000185
law 0,030459 0,000003
lawn 1,237874 0,000138
laws 0,083382 0,000009
lawyer 0,798508 0,000089
lawyers 1,237874 0,000138
lay 0,051293 0,000006
layers 1,966113 0,000219
laying 0,274437 0,000031
lays 0,798508 0,000089
lazy 0,616186 0,000069
lazybones 3,912023 0,000437
lead 0,083382 0,000009
leaden 1,237874 0,000138
leader 0,462035 0,000052
leading 0,139262 0,000016
leads 0,462035 0,000052
leaf 0,462035 0,000052
leafless 2,040221 0,000228
leaky 2,120264 0,000237
lean 0,579818 0,000065
leaned 0,634878 0,000071
leaning 0,301105 0,000034
leant 1,609438 0,000180
leap 0,562119 0,000063
leaped 0,713350 0,000080
leaping 0,713350 0,000080
learn 0,020203 0,000002
learned 0,105361 0,000012
learnt 0,713350 0,000080
leather 0,544727 0,000061
leathern 2,040221 0,000228
leathers 3,218876 0,000359
leave 0,000000 0,000000
leaves 0,094311 0,000011
leaving 0,083382 0,000009
lecture 1,049822 0,000117
led 0,040822 0,000005
lee 1,347074 0,000150
leer 2,040221 0,000228
leetle 3,218876 0,000359
left 0,000000 0,000000
leg 0,478036 0,000053
legal 0,261365 0,000029
legally 0,342490 0,000038
legged 1,108663 0,000124
leggings 2,659260 0,000297
legs 0,274437 0,000031
leisure 0,579818 0,000065
lend 0,597837 0,000067
lengthen 1,771957 0,000198
lengthened 1,272966 0,000142
lengthens 3,912023 0,000437
leniency 3,218876 0,000359
leniently 2,995732 0,000334
lent 0,798508 0,000089
lessen 1,171183 0,000131
lesson 0,400478 0,000045
lessons 0,579818 0,000065
letter 0,116534 0,000013
letters 0,198451 0,000022
level 0,274437 0,000031
levelled 1,660731 0,000185
levity 1,660731 0,000185
liable 0,235722 0,000026
liar 1,203973 0,000134
liars 1,771957 0,000198
libel 2,302585 0,000257
liberal 0,616186 0,000069
liberality 1,347074 0,000150
liberties 1,309333 0,000146
liberty 0,223144 0,000025
license 0,301105 0,000034
licensed 0,430783 0,000048
licking 1,272966 0,000142
lid 0,820981 0,000092
lie 0,040822 0,000005
lies 0,162519 0,000018
lieu 0,415515 0,000046
life -0,009950 -0,000001
lifeless 1,108663 0,000124
lifer 3,506558 0,000391
lift 0,415515 0,000046
lifted 0,274437 0,000031
lifting 0,653926 0,000073
light 0,010050 0,000001
lighted 0,261365 0,000029
lighten 1,203973 0,000134
lighter 0,527633 0,000059
lighting 0,755023 0,000084
lightly 0,430783 0,000048
lightning 0,478036 0,000053
lights 0,301105 0,000034
lightsome 2,525729 0,000282
likeness 0,693147 0,000077
likenesses 2,659260 0,000297
liking 1,049822 0,000117
limb 0,798508 0,000089
limbed 2,120264 0,000237
limbs 0,274437 0,000031
lime 1,514128 0,000169
limited 0,261365 0,000029
limits 0,494296 0,000055
limped 1,609438 0,000180
limping 1,771957 0,000198
lineament 2,659260 0,000297
lineaments 2,207275 0,000246
linen 0,527633 0,000059
linger 0,843970 0,000094
lingered 1,049822 0,000117
lingering 0,755023 0,000084
lingers 2,120264 0,000237
linked 0,385662 0,000043
lip 0,673345 0,000075
lips 0,127833 0,000014
liquids 2,813411 0,000314
liquor 0,820981 0,000092
listed 2,040221 0,000228
listen 0,127833 0,000014
listened 0,274437 0,000031
listener 1,139434 0,000127
listeners 1,609438 0,000180
listening 0,261365 0,000029
listless 1,427116 0,000159
listlessly 1,832581 0,000205
lit 0,653926 0,000073
literally 0,713350 0,000080
literary 0,287682 0,000032
literature 0,673345 0,000075
live 0,010050 0,000001
lived 0,061875 0,000007
livelier 1,771957 0,000198
livelihood 1,514128 0,000169
livelong 2,659260 0,000297
lively 0,400478 0,000045
livered 3,506558 0,000391
livery 1,609438 0,000180
lives 0,072571 0,000008
livid 1,171183 0,000131
living 0,020203 0,000002
load 0,634878 0,000071
loaded 0,616186 0,000069
loading 1,309333 0,000146
loaf 1,171183 0,000131
loathe 1,897120 0,000212
loathing 1,427116 0,000159
loathsome 1,078810 0,000120
loaves 1,469676 0,000164
local 0,713350 0,000080
localities 1,832581 0,000205
locality 1,347074 0,000150
lock 0,385662 0,000043
locked 0,430783 0,000048
locket 2,207275 0,000246
locking 1,272966 0,000142
locks 0,733969 0,000082
lodge 0,693147 0,000077
lodged 0,776529 0,000087
lodges 1,609438 0,000180
lodging 0,776529 0,000087
lodgings 1,078810 0,000120
lofty 0,494296 0,000055
loiter 1,966113 0,000219
loitered 1,832581 0,000205
loitering 1,660731 0,000185
lolled 2,659260 0,000297
london 0,415515 0,000046
loneliness 1,347074 0,000150
lonely 0,415515 0,000046
lonesomeness 2,813411 0,000314
loo 2,813411 0,000314
looker 2,207275 0,000246
lookers 2,120264 0,000237
loop 1,771957 0,000198
loophole 2,040221 0,000228
loose 0,105361 0,000012
loosely 1,347074 0,000150
loosened 1,171183 0,000131
loquacious 2,120264 0,000237
loquacity 2,525729 0,000282
lor 2,407946 0,000269
lord 0,223144 0,000025
lorded 2,995732 0,000334
lords 0,843970 0,000094
lose 0,094311 0,000011
loses 0,916291 0,000102
losing 0,235722 0,000026
loss 0,094311 0,000011
losses 1,386294 0,000155
lost 0,020203 0,000002
lot 0,061875 0,000007
lots 0,733969 0,000082
lotte 3,506558 0,000391
loud 0,174353 0,000019
louder 0,527633 0,000059
loudest 1,714798 0,000191
loudly 0,400478 0,000045
lounging 1,514128 0,000169
love 0,051293 0,000006
loved 0,198451 0,000022
loveliest 1,514128 0,000169
loveliness 1,469676 0,000164
lovely 0,494296 0,000055
lover 0,385662 0,000043
lovers 0,673345 0,000075
loves 0,562119 0,000063
loving 0,478036 0,000053
lovingly 1,427116 0,000159
lowly 1,897120 0,000212
lubberly 2,813411 0,000314
luck 0,446287 0,000050
luckily 1,203973 0,000134
lucky 0,527633 0,000059
lucrative 1,966113 0,000219
ludicrous 1,386294 0,000155
luggage 1,203973 0,000134
lugged 2,407946 0,000269
lulled 1,966113 0,000219
lumbering 2,120264 0,000237
lummy 3,912023 0,000437
lump 1,203973 0,000134
lungs 0,916291 0,000102
lurking 1,049822 0,000117
lushed 3,912023 0,000437
lustily 1,897120 0,000212
lustre 1,171183 0,000131
lustreless 2,995732 0,000334
luxuriance 2,813411 0,000314
luxuriant 1,427116 0,000159
luxury 0,527633 0,000059
lying 0,061875 0,000007
lynx 2,659260 0,000297
machine 0,248461 0,000028
machinery 1,049822 0,000117
mad 0,261365 0,000029
maddened 1,897120 0,000212
madhouse 2,407946 0,000269
madly 1,272966 0,000142
madman 1,078810 0,000120
madmen 1,897120 0,000212
madness 0,597837 0,000067
magic 0,673345 0,000075
magisterial 2,525729 0,000282
magistrate 0,994252 0,000111
magistrates 1,347074 0,000150
magnanimously 3,218876 0,000359
magnificent 0,328504 0,000037
magnitude 1,108663 0,000124
magnus 2,525729 0,000282
magpie 2,813411 0,000314
maid 0,446287 0,000050
maids 0,967584 0,000108
mail 0,891598 0,000099
maiming 2,995732 0,000334
main 0,127833 0,000014
maintain 0,562119 0,000063
maintained 0,653926 0,000073
maintaining 0,235722 0,000026
majestic 1,108663 0,000124
majestically 1,560648 0,000174
majesty 0,544727 0,000061
maker 0,867501 0,000097
male 0,597837 0,000067
malice 0,776529 0,000087
malicious 0,941609 0,000105
maliciously 1,771957 0,000198
malignantly 2,407946 0,000269
malignity 1,966113 0,000219
maltreated 2,407946 0,000269
manage 0,462035 0,000052
managed 0,342490 0,000038
managing 1,386294 0,000155
mandate 2,207275 0,000246
manifestations 1,714798 0,000191
manifesting 2,207275 0,000246
manifold 1,386294 0,000155
mankind 0,478036 0,000053
mann 2,813411 0,000314
manner 0,040822 0,000005
mannered 1,609438 0,000180
manners 0,274437 0,000031
mansion 0,867501 0,000097
mantel 1,832581 0,000205
mantelpiece 1,714798 0,000191
mantelshelf 3,218876 0,000359
mantle 0,820981 0,000092
manual 1,660731 0,000185
manufactory 2,525729 0,000282
manufacture 1,309333 0,000146
mar 1,514128 0,000169
marble 0,597837 0,000067
marbles 1,660731 0,000185
marched 0,891598 0,000099
mark 0,127833 0,000014
marked 0,061875 0,000007
market 0,527633 0,000059
marking 1,203973 0,000134
marks 0,328504 0,000037
marriage 0,314711 0,000035
married 0,248461 0,000028
marry 0,430783 0,000048
marrying 0,867501 0,000097
marshal 1,427116 0,000159
marshy 1,966113 0,000219
martha 2,040221 0,000228
martin 1,427116 0,000159
marvel 1,021651 0,000114
marvelling 2,120264 0,000237
marvellously 1,660731 0,000185
mask 0,843970 0,000094
mass 0,301105 0,000034
massive 1,049822 0,000117
master 0,083382 0,000009
mastered 0,967584 0,000108
mastering 2,120264 0,000237
masterpiece 1,609438 0,000180
masters 0,446287 0,000050
mastership 3,218876 0,000359
mat 1,309333 0,000146
match 0,385662 0,000043
mate 0,867501 0,000097
material 0,328504 0,000037
materially 1,771957 0,000198
materials 0,733969 0,000082
matrimonial 2,040221 0,000228
matrimony 1,771957 0,000198
matron 1,660731 0,000185
matrons 1,714798 0,000191
matted 1,514128 0,000169
matter 0,010050 0,000001
matters 0,139262 0,000016
mattress 1,427116 0,000159
mature 1,272966 0,000142
maudlin 2,525729 0,000282
maxim 1,347074 0,000150
mayors 3,506558 0,000391
maze 1,609438 0,000180
meadow 0,994252 0,000111
meadows 1,139434 0,000127
meagre 1,347074 0,000150
meal 0,301105 0,000034
meals 0,776529 0,000087
mealtimes 3,506558 0,000391
mealy 3,506558 0,000391
meaning 0,210721 0,000024
meanly 1,514128 0,000169
meanness 1,237874 0,000138
measles 2,040221 0,000228
measure 0,301105 0,000034
measured 0,579818 0,000065
meat 0,356675 0,000040
mechanically 1,078810 0,000120
meddled 2,813411 0,000314
mediately 2,995732 0,000334
medical 1,021651 0,000114
medicine 0,597837 0,000067
meditated 1,347074 0,000150
meditating 1,347074 0,000150
meditation 0,994252 0,000111
meditations 1,347074 0,000150
meditative 1,660731 0,000185
medium 0,223144 0,000025
meek 1,272966 0,000142
meekly 1,469676 0,000164
meekness 1,714798 0,000191
meet 0,010050 0,000001
meeting 0,186330 0,000021
melancholy 0,342490 0,000038
mell 1,660731 0,000185
melodramas 3,218876 0,000359
melodramatic 2,813411 0,000314
melody 1,427116 0,000159
melt 1,049822 0,000117
melting 0,941609 0,000105
memoirs 1,347074 0,000150
memories 0,867501 0,000097
memory 0,174353 0,000019
menaced 1,560648 0,000174
menacing 1,272966 0,000142
mend 0,967584 0,000108
mended 1,237874 0,000138
mending 1,427116 0,000159
menial 1,832581 0,000205
mental 0,430783 0,000048
mentally 1,237874 0,000138
mention 0,223144 0,000025
mentioned 0,223144 0,000025
mentioning 0,941609 0,000105
merchandise 1,469676 0,000164
merchant 0,713350 0,000080
merchants 0,798508 0,000089
mercies 1,897120 0,000212
merciful 0,994252 0,000111
mercy 0,223144 0,000025
mere 0,094311 0,000011
merest 1,660731 0,000185
merino 2,659260 0,000297
merit 0,544727 0,000061
merited 1,660731 0,000185
meritorious 1,771957 0,000198
merits 0,693147 0,000077
merriest 2,813411 0,000314
merriment 1,139434 0,000127
merry 0,634878 0,000071
message 0,446287 0,000050
messenger 0,634878 0,000071
met 0,040822 0,000005
metal 0,597837 0,000067
metallic 1,514128 0,000169
metropolis 1,469676 0,000164
metropolitan 1,714798 0,000191
mice 1,514128 0,000169
middle 0,030459 0,000003
midnight 0,328504 0,000037
midst 0,287682 0,000032
midwifery 2,995732 0,000334
mighty 0,328504 0,000037
mild 0,510826 0,000057
mildew 2,207275 0,000246
mildewy 2,813411 0,000314
mildly 1,171183 0,000131
mildness 1,427116 0,000159
mile 0,342490 0,000038
miles 0,223144 0,000025
milestone 2,813411 0,000314
military 0,616186 0,000069
milk 0,446287 0,000050
milkman 2,407946 0,000269
mills 2,659260 0,000297
millstone 2,407946 0,000269
mimic 1,897120 0,000212
mind 0,020203 0,000002
minded 0,400478 0,000045
mindful 1,514128 0,000169
mindfulness 3,912023 0,000437
minds 0,235722 0,000026
mingle 1,237874 0,000138
mingled 0,462035 0,000052
mingles 2,659260 0,000297
mingling 1,139434 0,000127
ministers 0,776529 0,000087
minority 1,386294 0,000155
minute 0,235722 0,000026
minutes 0,235722 0,000026
minutest 1,771957 0,000198
minx 2,995732 0,000334
miracle 0,755023 0,000084
miraculous 1,171183 0,000131
mire 1,049822 0,000117
mirth 0,776529 0,000087
mis 1,609438 0,000180
mischance 1,771957 0,000198
mischief 0,494296 0,000055
miser 1,714798 0,000191
miserable 0,210721 0,000024
miseries 0,967584 0,000108
misery 0,301105 0,000034
misfortune 0,478036 0,000053
misfortunes 0,867501 0,000097
misgivings 1,714798 0,000191
missiles 2,659260 0,000297
mission 0,210721 0,000024
missis 2,120264 0,000237
mist 0,544727 0,000061
mistake 0,223144 0,000025
mistaken 0,261365 0,000029
mistakes 0,755023 0,000084
mistaking 1,309333 0,000146
mister 1,832581 0,000205
mistering 3,912023 0,000437
mistress 0,510826 0,000057
mistrust 1,309333 0,000146
misty 1,309333 0,000146
mix 0,994252 0,000111
mixed 0,385662 0,000043
mixing 1,272966 0,000142
mixture 0,616186 0,000069
moan 1,139434 0,000127
moaned 1,386294 0,000155
moaning 1,272966 0,000142
moans 1,660731 0,000185
mob 1,171183 0,000131
mock 0,755023 0,000084
mockery 0,941609 0,000105
mode 0,634878 0,000071
model 0,634878 0,000071
models 1,832581 0,000205
moderate 0,653926 0,000073
moderately 1,660731 0,000185
modern 0,314711 0,000035
modest 0,371064 0,000041
modestly 1,139434 0,000127
moist 0,843970 0,000094
moisture 1,108663 0,000124
mollified 2,407946 0,000269
molten 1,560648 0,000174
moment 0,010050 0,000001
momentary 0,693147 0,000077
momentous 1,771957 0,000198
moments 0,287682 0,000032
monday 0,891598 0,000099
money 0,051293 0,000006
mongrel 2,407946 0,000269
monks 1,469676 0,000164
monosyllable 2,120264 0,000237
monster 0,634878 0,000071
monstrous 0,400478 0,000045
month 0,174353 0,000019
months 0,094311 0,000011
mood 0,527633 0,000059
moodily 1,966113 0,000219
moon 0,287682 0,000032
moonlit 1,832581 0,000205
moored 1,832581 0,000205
moral 0,301105 0,000034
moralising 3,218876 0,000359
morality 0,867501 0,000097
morally 1,171183 0,000131
morning 0,040822 0,000005
morrice 3,506558 0,000391
morris 1,966113 0,000219
morsel 1,171183 0,000131
mortal 0,400478 0,000045
mortality 1,469676 0,000164
mortally 1,514128 0,000169
mortals 0,994252 0,000111
mortar 1,309333 0,000146
mortification 1,049822 0,000117
moss 1,049822 0,000117
mother 0,072571 0,000008
motherly 2,040221 0,000228
mothers 0,733969 0,000082
motion 0,328504 0,000037
motioned 1,139434 0,000127
motioning 2,120264 0,000237
motionless 0,544727 0,000061
motions 1,139434 0,000127
motive 0,597837 0,000067
motives 0,579818 0,000065
mould 0,891598 0,000099
mouldering 1,966113 0,000219
mounds 1,897120 0,000212
mountebank 2,659260 0,000297
mounted 0,446287 0,000050
mounting 0,843970 0,000094
mourner 1,714798 0,000191
mourners 1,771957 0,000198
mournful 0,941609 0,000105
mournfully 1,514128 0,000169
mourning 0,693147 0,000077
mouse 0,941609 0,000105
mouth 0,105361 0,000012
movables 2,995732 0,000334
moveables 3,506558 0,000391
moved 2,995732 0,000334
movement 0,328504 0,000037
mowers 2,995732 0,000334
mud 0,478036 0,000053
muddle 2,040221 0,000228
muddled 1,897120 0,000212
muddy 0,916291 0,000102
muffin 2,813411 0,000314
muffins 2,813411 0,000314
muffled 1,139434 0,000127
muffling 2,659260 0,000297
multifarious 2,525729 0,000282
multitude 0,446287 0,000050
mumbled 1,514128 0,000169
mumbling 1,714798 0,000191
murder 0,314711 0,000035
murdered 0,733969 0,000082
murderer 0,733969 0,000082
murderers 1,386294 0,000155
murdering 1,309333 0,000146
murderous 1,078810 0,000120
murders 1,309333 0,000146
murky 1,771957 0,000198
murmur 0,494296 0,000055
murmured 0,673345 0,000075
murmurs 1,347074 0,000150
murrain 3,218876 0,000359
mus 2,407946 0,000269
muscle 1,309333 0,000146
muscular 1,203973 0,000134
music 0,198451 0,000022
musical 0,579818 0,000065
musing 1,272966 0,000142
muslin 1,386294 0,000155
mussulman 2,995732 0,000334
mustachios 3,218876 0,000359
muster 1,203973 0,000134
musty 1,832581 0,000205
mute 0,776529 0,000087
mutely 2,207275 0,000246
mutes 3,218876 0,000359
mutter 1,609438 0,000180
muttered 0,798508 0,000089
muttering 1,049822 0,000117
mutton 1,272966 0,000142
mutual 0,510826 0,000057
myrmidons 2,525729 0,000282
mysteries 0,579818 0,000065
mysterious 0,314711 0,000035
mysteriously 1,171183 0,000131
mystery 0,301105 0,000034
mystification 2,407946 0,000269
nab 2,995732 0,000334
nabbed 3,912023 0,000437
nail 0,843970 0,000094
nailed 1,272966 0,000142
nails 0,616186 0,000069
naked 0,274437 0,000031
nameless 1,078810 0,000120
nance 3,506558 0,000391
nancy 2,659260 0,000297
nankeen 2,813411 0,000314
nap 1,771957 0,000198
napkin 1,609438 0,000180
naps 3,218876 0,000359
narrated 1,469676 0,000164
narration 1,714798 0,000191
narrative 0,616186 0,000069
narrow 0,105361 0,000012
narrower 1,386294 0,000155
narrowest 2,407946 0,000269
narrowly 1,272966 0,000142
nastier 3,912023 0,000437
nasty 1,171183 0,000131
native 0,328504 0,000037
natural 0,094311 0,000011
naturally 0,210721 0,000024
nature 0,094311 0,000011
natures 0,820981 0,000092
naughty 1,714798 0,000191
naval 1,386294 0,000155
nearer 0,400478 0,000045
neat 0,673345 0,000075
neatly 1,049822 0,000117
necessaries 1,386294 0,000155
necessity 0,261365 0,000029
neck 0,186330 0,000021
neckcloth 2,525729 0,000282
necked 2,040221 0,000228
neckerchief 2,995732 0,000334
necks 0,891598 0,000099
ned 2,407946 0,000269
needful 1,108663 0,000124
needle 0,798508 0,000089
needless 1,049822 0,000117
negative 0,967584 0,000108
neglect 0,494296 0,000055
neglected 0,400478 0,000045
negligently 2,207275 0,000246
neighbour 0,653926 0,000073
neighbourhood 0,776529 0,000087
neighbouring 0,891598 0,000099
neighbours 0,713350 0,000080
nephews 1,832581 0,000205
neptune 1,966113 0,000219
nerve 0,867501 0,000097
nerves 0,544727 0,000061
nervous 0,494296 0,000055
nervously 1,203973 0,000134
nether 1,832581 0,000205
nettled 2,040221 0,000228
nettles 2,040221 0,000228
newgate 2,813411 0,000314
news 0,210721 0,000024
newspaper 1,021651 0,000114
newspapers 0,820981 0,000092
nice 0,400478 0,000045
nicely 1,021651 0,000114
niceties 2,659260 0,000297
nicety 1,609438 0,000180
niece 1,309333 0,000146
nieces 1,966113 0,000219
niggers 2,995732 0,000334
nigh 0,843970 0,000094
night 0,010050 0,000001
nightcap 1,897120 0,000212
nightfall 1,309333 0,000146
nightly 1,171183 0,000131
nights 0,235722 0,000026
nimble 1,171183 0,000131
nimbly 1,714798 0,000191
ninepence 2,659260 0,000297
nineteen 1,108663 0,000124
ninth 0,994252 0,000111
noah 1,514128 0,000169
noble 0,248461 0,000028
nobleman 1,171183 0,000131
nobs 3,506558 0,000391
nocturnal 1,272966 0,000142
nod 0,798508 0,000089
nodded 0,634878 0,000071
nodding 0,941609 0,000105
nods 1,832581 0,000205
noise 0,139262 0,000016
noiseless 1,609438 0,000180
noises 0,967584 0,000108
noisily 1,609438 0,000180
noisome 2,207275 0,000246
noisy 0,776529 0,000087
nonce 2,813411 0,000314
nonsense 0,478036 0,000053
nook 1,469676 0,000164
nooks 2,120264 0,000237
noon 0,430783 0,000048
noose 1,714798 0,000191
north 0,083382 0,000009
nose 0,274437 0,000031
nosed 1,560648 0,000174
nosegay 2,659260 0,000297
nosegays 2,813411 0,000314
noses 1,021651 0,000114
nosey 3,912023 0,000437
nostrils 0,891598 0,000099
notable 1,272966 0,000142
note 0,127833 0,000014
notes 0,261365 0,000029
notice 0,030459 0,000003
noticed 0,328504 0,000037
noticing 0,941609 0,000105
noting 1,714798 0,000191
notion 0,371064 0,000041
notions 0,776529 0,000087
notorious 1,049822 0,000117
nourishment 0,994252 0,000111
novelty 0,916291 0,000102
nozzle 3,912023 0,000437
nudged 2,120264 0,000237
nudging 2,407946 0,000269
numerous 0,235722 0,000026
nurse 0,478036 0,000053
nursed 1,203973 0,000134
nurses 1,171183 0,000131
nursing 0,867501 0,000097
nutmeg 2,207275 0,000246
nutshell 2,525729 0,000282
oak 0,673345 0,000075
oaken 2,040221 0,000228
oakum 2,813411 0,000314
oar 1,237874 0,000138
oath 0,510826 0,000057
oaths 0,891598 0,000099
oatmeal 2,813411 0,000314
obdurate 1,771957 0,000198
obedience 0,494296 0,000055
obedient 0,544727 0,000061
obeisance 2,040221 0,000228
obey 0,400478 0,000045
obeyed 0,579818 0,000065
object 0,127833 0,000014
objected 0,755023 0,000084
objection 0,616186 0,000069
objects 0,356675 0,000040
obliged 0,287682 0,000032
obliging 1,078810 0,000120
obliterated 1,771957 0,000198
obscure 0,544727 0,000061
obscured 1,560648 0,000174
obscurity 1,049822 0,000117
observable 1,771957 0,000198
observance 1,514128 0,000169
observant 1,309333 0,000146
observation 0,446287 0,000050
observations 0,867501 0,000097
observatory 2,302585 0,000257
observe 0,235722 0,000026
observed 0,162519 0,000018
observer 1,021651 0,000114
observing 0,510826 0,000057
obstacle 0,891598 0,000099
obstacles 0,798508 0,000089
obstinacy 1,108663 0,000124
obstinate 0,713350 0,000080
obstinately 1,272966 0,000142
obvious 0,415515 0,000046
occasion 0,105361 0,000012
occasionally 0,371064 0,000041
occasioned 0,798508 0,000089
occasioning 2,813411 0,000314
occasions 0,430783 0,000048
occupation 0,494296 0,000055
occupations 1,078810 0,000120
occupied 0,235722 0,000026
occupier 3,912023 0,000437
occupy 0,634878 0,000071
occupying 1,171183 0,000131
occur 0,150823 0,000017
occurred 0,261365 0,000029
occurrence 0,843970 0,000094
occurrences 1,386294 0,000155
occurring 1,427116 0,000159
od 2,813411 0,000314
odd 0,385662 0,000043
oddity 2,407946 0,000269
odds 1,108663 0,000124
odour 1,309333 0,000146
odours 1,714798 0,000191
offal 2,302585 0,000257
offence 0,579818 0,000065
offended 0,616186 0,000069
offender 1,514128 0,000169
offenders 1,966113 0,000219
offensive 0,693147 0,000077
offer 0,162519 0,000018
offered 0,139262 0,000016
offering 0,400478 0,000045
offers 0,198451 0,000022
offhand 2,407946 0,000269
office 0,072571 0,000008
officer 0,478036 0,000053
officers 0,494296 0,000055
offices 0,510826 0,000057
official 0,235722 0,000026
officiating 2,525729 0,000282
officiously 2,995732 0,000334
offspring 0,994252 0,000111
oftener 1,049822 0,000117
oho 2,407946 0,000269
oliver 2,207275 0,000246
onion 1,832581 0,000205
onions 1,609438 0,000180
onset 1,469676 0,000164
onward 1,108663 0,000124
openly 0,494296 0,000055
openness 2,040221 0,000228
opera 1,203973 0,000134
operation 0,693147 0,000077
operations 0,755023 0,000084
opinion 0,139262 0,000016
opinions 0,527633 0,000059
opium 1,609438 0,000180
opportunely 2,302585 0,000257
opportunities 0,235722 0,000026
opportunity 0,061875 0,000007
oppose 0,733969 0,000082
opposing 0,891598 0,000099
opposition 0,494296 0,000055
oppress 1,771957 0,000198
oppressed 0,693147 0,000077
oppressive 1,171183 0,000131
opprobrious 2,659260 0,000297
orange 0,941609 0,000105
oratorical 2,995732 0,000334
orderly 0,941609 0,000105
ordinarily 1,469676 0,000164
ordinary 0,186330 0,000021
original 0,105361 0,000012
originally 0,673345 0,000075
originate 1,897120 0,000212
originated 1,237874 0,000138
originating 2,525729 0,000282
originators 2,813411 0,000314
ornament 0,755023 0,000084
ornamental 1,386294 0,000155
ornamented 1,171183 0,000131
orphan 0,891598 0,000099
orphans 1,514128 0,000169
ostentatiously 2,207275 0,000246
ostler 2,659260 0,000297
ough 2,995732 0,000334
ounce 1,609438 0,000180
ounces 2,407946 0,000269
outbreak 1,660731 0,000185
outcast 1,386294 0,000155
outcasts 2,120264 0,000237
outcry 1,427116 0,000159
outer 0,510826 0,000057
outhouse 2,302585 0,000257
outline 0,994252 0,000111
outpouring 2,659260 0,000297
outrageous 1,386294 0,000155
outright 1,309333 0,000146
outset 1,237874 0,000138
outskirts 1,560648 0,000174
outstanding 3,218876 0,000359
outstretched 1,108663 0,000124
outward 0,579818 0,000065
overborne 2,525729 0,000282
overcast 1,660731 0,000185
overcharged 2,302585 0,000257
overcome 0,261365 0,000029
overdo 2,525729 0,000282
overflowing 0,994252 0,000111
overgrown 1,660731 0,000185
overhead 0,843970 0,000094
overheard 1,078810 0,000120
overhung 1,771957 0,000198
overjoyed 1,771957 0,000198
overload 3,218876 0,000359
overlooked 0,776529 0,000087
overmuch 2,040221 0,000228
overpowered 1,049822 0,000117
overpowering 1,309333 0,000146
overrated 2,659260 0,000297
overseer 2,040221 0,000228
overseers 2,302585 0,000257
overspread 1,347074 0,000150
overstrained 2,207275 0,000246
overtake 0,755023 0,000084
overtaken 0,967584 0,000108
overthrew 2,040221 0,000228
overthrow 1,203973 0,000134
overtook 1,108663 0,000124
overturned 1,514128 0,000169
overwhelmed 0,891598 0,000099
overwhelming 1,049822 0,000117
owe 0,494296 0,000055
owed 0,139262 0,000016
owner 0,116534 0,000013
owners 0,891598 0,000099
oxen 1,427116 0,000159
oyster 1,660731 0,000185
oysters 1,660731 0,000185
pace 0,328504 0,000037
paced 1,171183 0,000131
paces 0,673345 0,000075
pacification 2,995732 0,000334
pacing 1,108663 0,000124
package 2,120264 0,000237
packages 1,832581 0,000205
packed 0,616186 0,000069
packet 1,309333 0,000146
pad 1,897120 0,000212
paddock 2,525729 0,000282
padlocked 2,525729 0,000282
paid 0,061875 0,000007
pail 1,469676 0,000164
pails 2,659260 0,000297
pain 0,174353 0,000019
painful 0,328504 0,000037
pains 0,301105 0,000034
paint 0,693147 0,000077
painted 0,356675 0,000040
painters 1,347074 0,000150
painting 0,798508 0,000089
pair 0,235722 0,000026
pairs 1,171183 0,000131
pal 2,659260 0,000297
palace 0,510826 0,000057
palaces 1,309333 0,000146
pale 0,198451 0,000022
paleness 1,609438 0,000180
palest 2,407946 0,000269
palings 2,659260 0,000297
pallid 1,237874 0,000138
palm 0,494296 0,000055
palmed 2,995732 0,000334
palms 0,820981 0,000092
palpable 1,469676 0,000164
palpitating 1,832581 0,000205
pals 2,659260 0,000297
palsied 2,813411 0,000314
palsy 2,040221 0,000228
palter 3,506558 0,000391
paltry 1,203973 0,000134
pan 0,967584 0,000108
panacea 2,995732 0,000334
pane 1,469676 0,000164
panegyric 2,207275 0,000246
panel 1,897120 0,000212
panelled 2,302585 0,000257
panels 1,386294 0,000155
panes 1,386294 0,000155
pang 0,967584 0,000108
panic 1,078810 0,000120
panting 0,597837 0,000067
pantomime 2,040221 0,000228
pantomimic 3,506558 0,000391
paper 0,083382 0,000009
papers 0,385662 0,000043
paragraph 0,328504 0,000037
parallel 0,891598 0,000099
paralysed 2,120264 0,000237
parapet 1,771957 0,000198
parcel 1,139434 0,000127
parcels 1,560648 0,000174
parchment 1,832581 0,000205
pardon 0,301105 0,000034
pardoned 1,427116 0,000159
parent 0,713350 0,000080
parentage 1,832581 0,000205
parental 1,514128 0,000169
parents 0,314711 0,000035
paris 0,562119 0,000063
parish 0,916291 0,000102
parishioners 2,407946 0,000269
park 0,776529 0,000087
parley 1,609438 0,000180
parliament 1,049822 0,000117
parliamentary 2,120264 0,000237
parlour 1,469676 0,000164
parlours 2,525729 0,000282
parochial 2,813411 0,000314
paroxysm 1,514128 0,000169
parrot 1,771957 0,000198
parrying 2,995732 0,000334
parson 1,514128 0,000169
parsonage 2,302585 0,000257
parti 2,525729 0,000282
partial 0,733969 0,000082
partially 0,967584 0,000108
participating 2,525729 0,000282
participation 1,660731 0,000185
particulars 0,776529 0,000087
parties 0,371064 0,000041
partition 1,347074 0,000150
partly 0,301105 0,000034
partner 0,673345 0,000075
partners 0,994252 0,000111
party 0,061875 0,000007
pass 0,040822 0,000005
passage 0,139262 0,000016
passages 0,527633 0,000059
passed 0,040822 0,000005
passengers 0,843970 0,000094
passer 1,714798 0,000191
passes 0,415515 0,000046
passing 0,094311 0,000011
passion 0,186330 0,000021
passionate 0,634878 0,000071
passionately 0,941609 0,000105
passions 0,478036 0,000053
passive 0,941609 0,000105
paste 1,609438 0,000180
pasted 2,525729 0,000282
pastimes 2,040221 0,000228
pastor 1,714798 0,000191
pasty 3,506558 0,000391
pat 1,386294 0,000155
patch 0,916291 0,000102
patched 1,427116 0,000159
patching 2,659260 0,000297
patchwork 2,040221 0,000228
patent 1,078810 0,000120
path 0,198451 0,000022
pathetically 1,897120 0,000212
pathways 2,659260 0,000297
patience 0,139262 0,000016
patient 0,274437 0,000031
patiently 0,733969 0,000082
patriotic 1,469676 0,000164
patron 0,867501 0,000097
patronage 1,272966 0,000142
patronising 2,813411 0,000314
patrons 1,609438 0,000180
patted 1,108663 0,000124
pattered 2,207275 0,000246
pattering 1,771957 0,000198
pattern 0,693147 0,000077
patterns 1,514128 0,000169
patting 2,040221 0,000228
paul 0,798508 0,000089
pauper 2,302585 0,000257
paupers 2,525729 0,000282
pause 0,371064 0,000041
paused 0,562119 0,000063
pausing 1,078810 0,000120
paved 1,108663 0,000124
pavement 0,843970 0,000094
pavements 2,120264 0,000237
paving 1,771957 0,000198
paviour 3,506558 0,000391
pawnbroker 2,813411 0,000314
pawned 2,407946 0,000269
pay 0,051293 0,000006
paying 0,116534 0,000013
payment 0,941609 0,000105
peace 0,094311 0,000011
peaceful 0,478036 0,000053
peacefully 1,108663 0,000124
peach 1,897120 0,000212
peached 3,912023 0,000437
peaching 3,912023 0,000437
peal 1,309333 0,000146
peasantry 2,120264 0,000237
peculiar 0,223144 0,000025
peculiarities 1,049822 0,000117
peculiarly 0,755023 0,000084
pedlar 2,207275 0,000246
peel 1,966113 0,000219
peep 0,994252 0,000111
peeped 1,049822 0,000117
peeping 1,139434 0,000127
peered 1,237874 0,000138
peering 0,891598 0,000099
peevish 1,771957 0,000198
peg 1,427116 0,000159
pegs 2,040221 0,000228
pell 1,560648 0,000174
pen 0,371064 0,000041
penalty 1,049822 0,000117
pence 1,560648 0,000174
pencil 0,634878 0,000071
pending 2,302585 0,000257
penetrate 0,867501 0,000097
penetrated 0,843970 0,000094
penitence 1,514128 0,000169
penitent 1,237874 0,000138
penny 0,755023 0,000084
pens 1,347074 0,000150
pension 1,832581 0,000205
pensioned 3,912023 0,000437
pensively 2,120264 0,000237
pent 1,609438 0,000180
people 0,010050 0,000001
pepper 1,309333 0,000146
peppermint 3,218876 0,000359
perceive 0,356675 0,000040
perceived 0,400478 0,000045
perceiving 0,867501 0,000097
perceptible 1,171183 0,000131
perception 1,139434 0,000127
perceptions 1,714798 0,000191
peremptorily 1,660731 0,000185
peremptory 1,714798 0,000191
perfect 0,072571 0,000008
perfection 0,478036 0,000053
perfectly 0,162519 0,000018
perform 0,150823 0,000017
performance 0,478036 0,000053
performed 0,127833 0,000014
performing 0,261365 0,000029
perfume 1,139434 0,000127
perfumed 1,427116 0,000159
perfumery 3,218876 0,000359
perfumes 1,714798 0,000191
peril 0,867501 0,000097
period 0,274437 0,000031
periodical 1,660731 0,000185
periodically 2,525729 0,000282
perished 0,733969 0,000082
permission 0,150823 0,000017
permit 0,446287 0,000050
permitted 0,105361 0,000012
perpetually 1,078810 0,000120
perplexity 0,776529 0,000087
persecuted 1,237874 0,000138
perseveringly 2,995732 0,000334
persist 1,309333 0,000146
persisted 0,713350 0,000080
person 0,010050 0,000001
personage 1,237874 0,000138
personages 1,469676 0,000164
personal 0,223144 0,000025
persons 0,210721 0,000024
perspective 1,660731 0,000185
perspiration 1,237874 0,000138
persuaded 0,527633 0,000059
persuaders 3,912023 0,000437
persuasion 1,049822 0,000117
persuasively 2,813411 0,000314
perusal 1,309333 0,000146
perused 1,897120 0,000212
perusing 2,659260 0,000297
pervade 2,302585 0,000257
pervaded 1,660731 0,000185
perverse 1,237874 0,000138
perversely 2,525729 0,000282
perversion 2,207275 0,000246
perversity 2,207275 0,000246
pestilence 1,469676 0,000164
pet 1,021651 0,000114
pettishly 2,659260 0,000297
petty 0,776529 0,000087
pewter 2,120264 0,000237
phantom 1,078810 0,000120
pharisee 3,218876 0,000359
phenomena 1,272966 0,000142
phenomenon 1,049822 0,000117
phil 2,407946 0,000269
philanthropy 1,771957 0,000198
philosopher 0,798508 0,000089
philosophers 0,994252 0,000111
philosophical 1,049822 0,000117
philosophically 2,207275 0,000246
philosophy 0,597837 0,000067
phrase 0,174353 0,000019
physic 1,832581 0,000205
physical 0,198451 0,000022
piano 1,139434 0,000127
pick 0,415515 0,000046
pickaxe 2,659260 0,000297
picked 0,400478 0,000045
picking 0,634878 0,000071
pickpocket 2,525729 0,000282
picture 0,248461 0,000028
pictures 0,415515 0,000046
picturing 2,302585 0,000257
pie 1,514128 0,000169
piece 0,072571 0,000008
pieces 0,139262 0,000016
piercer 3,506558 0,000391
piercing 0,843970 0,000094
piers 2,525729 0,000282
pig 0,634878 0,000071
pigs 1,108663 0,000124
pilaster 3,506558 0,000391
pile 0,579818 0,000065
piled 0,713350 0,000080
piles 1,049822 0,000117
pilfering 2,813411 0,000314
pilgrimages 2,525729 0,000282
pillars 0,867501 0,000097
pillow 0,776529 0,000087
pillows 1,139434 0,000127
pilot 1,139434 0,000127
pin 0,713350 0,000080
pinch 1,021651 0,000114
pinched 1,139434 0,000127
pincher 3,506558 0,000391
pinches 2,813411 0,000314
pinioned 2,207275 0,000246
pinioning 3,912023 0,000437
pinned 1,514128 0,000169
pins 1,272966 0,000142
pint 1,427116 0,000159
piously 1,966113 0,000219
pipe 0,494296 0,000055
pipes 0,776529 0,000087
pistol 0,941609 0,000105
pistols 1,514128 0,000169
pitch 0,342490 0,000038
pitched 0,820981 0,000092
pitcher 1,714798 0,000191
pitchfork 2,525729 0,000282
piteous 1,272966 0,000142
piteously 1,714798 0,000191
pitied 0,891598 0,000099
pits 1,386294 0,000155
pity 0,150823 0,000017
pitying 1,272966 0,000142
pivot 2,120264 0,000237
placid 1,203973 0,000134
placidly 1,832581 0,000205
plain 0,040822 0,000005
plainly 0,261365 0,000029
plaited 1,771957 0,000198
plan 0,261365 0,000029
planned 0,916291 0,000102
plans 0,371064 0,000041
plant 0,579818 0,000065
planted 0,634878 0,000071
planting 1,560648 0,000174
plants 0,527633 0,000059
plashing 2,995732 0,000334
plate 0,527633 0,000059
plated 2,302585 0,000257
plateful 2,995732 0,000334
plates 0,653926 0,000073
platform 0,891598 0,000099
play 0,072571 0,000008
played 0,198451 0,000022
playful 1,386294 0,000155
playfully 2,040221 0,000228
playing 0,186330 0,000021
playmate 2,659260 0,000297
pleasant 0,162519 0,000018
pleasantly 0,820981 0,000092
pleasantry 1,469676 0,000164
pleased 0,150823 0,000017
pleasing 0,653926 0,000073
pleasurable 1,966113 0,000219
pleasure 0,051293 0,000006
pleasures 0,653926 0,000073
pledge 0,916291 0,000102
pledged 1,108663 0,000124
plentifully 1,660731 0,000185
plenty 0,235722 0,000026
plied 1,309333 0,000146
plodding 1,966113 0,000219
plot 0,867501 0,000097
plots 1,771957 0,000198
plotting 1,771957 0,000198
pluck 0,967584 0,000108
plucked 0,776529 0,000087
plucking 1,386294 0,000155
plumage 1,771957 0,000198
plummy 3,506558 0,000391
plunder 1,309333 0,000146
plundering 2,040221 0,000228
plunge 0,733969 0,000082
plunged 0,544727 0,000061
plunges 1,897120 0,000212
plunging 1,049822 0,000117
plush 2,813411 0,000314
ply 1,966113 0,000219
poached 3,506558 0,000391
pock 2,995732 0,000334
pocket 0,371064 0,000041
pocketed 1,966113 0,000219
pocketing 2,659260 0,000297
pockets 0,733969 0,000082
poised 1,469676 0,000164
poising 2,813411 0,000314
poison 0,446287 0,000050
poisoned 1,237874 0,000138
poke 1,897120 0,000212
poked 1,427116 0,000159
poker 1,660731 0,000185
poking 1,469676 0,000164
poles 1,078810 0,000120
police 0,755023 0,000084
policeman 1,386294 0,000155
policemen 1,609438 0,000180
policy 0,820981 0,000092
polish 1,309333 0,000146
polished 0,673345 0,000075
polite 0,693147 0,000077
politeness 0,798508 0,000089
political 0,562119 0,000063
pomp 1,021651 0,000114
pomposity 3,506558 0,000391
pompously 2,207275 0,000246
pond 1,203973 0,000134
pondered 1,347074 0,000150
ponderous 1,203973 0,000134
pony 1,714798 0,000191
pooh 1,514128 0,000169
pool 0,798508 0,000089
pools 1,309333 0,000146
poor 0,030459 0,000003
poorer 1,049822 0,000117
poorest 1,386294 0,000155
pop 1,966113 0,000219
poplar 1,660731 0,000185
popped 1,714798 0,000191
populace 1,660731 0,000185
populated 2,120264 0,000237
population 0,941609 0,000105
porch 0,941609 0,000105
pore 1,832581 0,000205
pored 2,207275 0,000246
poring 2,040221 0,000228
porringer 2,995732 0,000334
port 0,579818 0,000065
portal 1,609438 0,000180
portentous 1,714798 0,000191
porter 1,078810 0,000120
portico 1,897120 0,000212
portion 0,356675 0,000040
portionless 2,659260 0,000297
portions 0,891598 0,000099
portly 1,609438 0,000180
portrait 0,634878 0,000071
position 0,162519 0,000018
positions 0,941609 0,000105
positive 0,597837 0,000067
positively 0,776529 0,000087
possess 0,356675 0,000040
possessed 0,094311 0,000011
possessing 0,891598 0,000099
possession 0,083382 0,000009
possessors 2,302585 0,000257
possibilities 1,139434 0,000127
possibility 0,162519 0,000018
post 0,248461 0,000028
postboy 2,813411 0,000314
postillion 2,813411 0,000314
postpone 1,609438 0,000180
postponed 1,427116 0,000159
postponing 2,207275 0,000246
posts 0,713350 0,000080
posture 1,021651 0,000114
pot 0,597837 0,000067
potatoes 1,237874 0,000138
pots 0,994252 0,000111
pouncing 2,813411 0,000314
pound 0,776529 0,000087
pounds 0,494296 0,000055
pour 0,544727 0,000061
poured 0,385662 0,000043
pouring 0,693147 0,000077
poverty 0,446287 0,000050
powder 0,755023 0,000084
powdered 1,609438 0,000180
powdering 2,407946 0,000269
power 0,030459 0,000003
powerful 0,223144 0,000025
powerless 1,139434 0,000127
powers 0,248461 0,000028
practical 0,494296 0,000055
practice 0,162519 0,000018
practitioner 2,207275 0,000246
prad 3,912023 0,000437
prattle 2,120264 0,000237
pray 0,371064 0,000041
prayed 0,673345 0,000075
prayer 0,478036 0,000053
prayers 0,478036 0,000053
preached 1,237874 0,000138
preaching 1,347074 0,000150
precaution 0,941609 0,000105
precautions 1,021651 0,000114
preceded 0,653926 0,000073
precedents 2,407946 0,000269
preceding 0,755023 0,000084
preceptor 1,771957 0,000198
precepts 1,309333 0,000146
precious 0,162519 0,000018
preciously 2,995732 0,000334
precipitation 2,207275 0,000246
precise 0,776529 0,000087
precisely 0,510826 0,000057
precision 0,798508 0,000089
precursor 2,302585 0,000257
predicament 1,560648 0,000174
prediction 1,514128 0,000169
predictions 1,897120 0,000212
preface 0,733969 0,000082
prefer 0,385662 0,000043
preferred 0,342490 0,000038
preferring 1,078810 0,000120
prefixed 2,813411 0,000314
preliminaries 2,040221 0,000228
preliminary 0,994252 0,000111
prelude 1,469676 0,000164
premature 1,203973 0,000134
premises 1,021651 0,000114
premium 1,966113 0,000219
prentice 2,813411 0,000314
preparation 0,579818 0,000065
preparations 0,616186 0,000069
preparatory 1,309333 0,000146
prepare 0,162519 0,000018
prepared 0,105361 0,000012
preparing 0,415515 0,000046
prepossessing 2,302585 0,000257
preposterous 1,609438 0,000180
prerogative 2,040221 0,000228
presage 2,407946 0,000269
prescribed 1,021651 0,000114
presence 0,094311 0,000011
presentiment 1,427116 0,000159
presently 0,385662 0,000043
preservation 1,049822 0,000117
preserve 0,150823 0,000017
preserved 0,415515 0,000046
preserver 1,897120 0,000212
preserving 1,171183 0,000131
presided 1,237874 0,000138
president 1,049822 0,000117
presiding 1,427116 0,000159
press 0,274437 0,000031
pressed 0,274437 0,000031
pressing 0,385662 0,000043
pressure 0,527633 0,000059
presume 0,634878 0,000071
presuming 1,714798 0,000191
pretence 0,891598 0,000099
pretences 2,040221 0,000228
pretended 0,562119 0,000063
pretending 0,755023 0,000084
pretext 0,941609 0,000105
prettier 1,272966 0,000142
pretty 0,150823 0,000017
prevailed 0,673345 0,000075
prevailing 0,967584 0,000108
prevalent 1,309333 0,000146
prevent 0,083382 0,000009
prevented 0,328504 0,000037
preventing 1,237874 0,000138
previous 0,094311 0,000011
prey 0,527633 0,000059
price 0,314711 0,000035
priceless 1,897120 0,000212
prices 1,309333 0,000146
pricking 1,966113 0,000219
pride 0,150823 0,000017
prig 2,525729 0,000282
prime 0,713350 0,000080
principal 0,287682 0,000032
principle 0,430783 0,000048
print 0,261365 0,000029
printed 0,174353 0,000019
prior 1,237874 0,000138
prison 0,287682 0,000032
prisoner 0,385662 0,000043
prisoners 0,941609 0,000105
private 0,198451 0,000022
privation 1,771957 0,000198
privileges 1,021651 0,000114
privily 2,659260 0,000297
probabilities 1,771957 0,000198
probability 0,776529 0,000087
probable 0,494296 0,000055
proceed 0,301105 0,000034
proceeded 0,274437 0,000031
proceeding 0,510826 0,000057
proceedings 0,713350 0,000080
proceeds 0,916291 0,000102
process 0,400478 0,000045
processions 2,120264 0,000237
proclaim 1,171183 0,000131
proclaimed 0,941609 0,000105
proclaiming 1,560648 0,000174
procure 0,693147 0,000077
procured 0,733969 0,000082
procuring 1,347074 0,000150
prodigiously 1,714798 0,000191
produce 0,127833 0,000014
produced 0,105361 0,000012
produces 0,916291 0,000102
producing 0,713350 0,000080
production 0,314711 0,000035
productive 1,469676 0,000164
profane 1,203973 0,000134
profession 0,527633 0,000059
professional 0,820981 0,000092
professionally 2,525729 0,000282
proffered 1,966113 0,000219
proffering 2,813411 0,000314
proficiency 1,660731 0,000185
profile 1,469676 0,000164
profit 0,248461 0,000028
profitable 0,891598 0,000099
profited 1,560648 0,000174
profits 0,314711 0,000035
profligacy 2,525729 0,000282
profound 0,462035 0,000052
profoundly 0,994252 0,000111
profuse 1,609438 0,000180
progress 0,174353 0,000019
project -0,009950 -0,000001
projecting 0,967584 0,000108
projects 1,237874 0,000138
prolific 1,966113 0,000219
prolong 1,560648 0,000174
prolonged 0,597837 0,000067
prominently 0,494296 0,000055
promise 0,116534 0,000013
promised 0,198451 0,000022
promises 0,510826 0,000057
promising 0,430783 0,000048
promoted 1,237874 0,000138
promotion 0,342490 0,000038
promotions 2,659260 0,000297
prompt 0,776529 0,000087
prompting 1,966113 0,000219
promptitude 2,120264 0,000237
promptness 2,207275 0,000246
prone 1,078810 0,000120
pronoun 2,995732 0,000334
pronounce 0,916291 0,000102
pronounced 0,446287 0,000050
proof 0,287682 0,000032
proofs 0,798508 0,000089
propensity 1,514128 0,000169
proper 0,061875 0,000007
properly 0,385662 0,000043
properties 1,203973 0,000134
property 0,127833 0,000014
prophecy 1,078810 0,000120
prophetic 1,560648 0,000174
propitiate 1,771957 0,000198
proportion 0,371064 0,000041
proportionate 1,771957 0,000198
proportionately 2,407946 0,000269
proposal 0,733969 0,000082
propose 0,527633 0,000059
proposed 0,371064 0,000041
proposition 0,916291 0,000102
propound 2,207275 0,000246
propounded 2,302585 0,000257
propped 1,347074 0,000150
propriety 0,994252 0,000111
prosecute 1,660731 0,000185
prosecuting 2,207275 0,000246
prosecution 1,309333 0,000146
prosecutor 2,302585 0,000257
prospect 0,446287 0,000050
prospective 1,832581 0,000205
prospects 1,203973 0,000134
prosper 1,469676 0,000164
prospered 1,714798 0,000191
prostrate 0,843970 0,000094
prostration 2,040221 0,000228
protected 0,415515 0,000046
protecting 1,309333 0,000146
protection 0,314711 0,000035
protectress 3,218876 0,000359
protestant 1,714798 0,000191
protestations 1,660731 0,000185
protested 0,867501 0,000097
protesting 1,309333 0,000146
protracted 1,469676 0,000164
protruded 1,897120 0,000212
prouder 1,966113 0,000219
proudly 0,733969 0,000082
prove 0,174353 0,000019
proved 0,116534 0,000013
provide 0,162519 0,000018
providence 0,693147 0,000077
providing 0,261365 0,000029
proving 0,820981 0,000092
provisions 0,223144 0,000025
provoke 0,891598 0,000099
provoking 1,078810 0,000120
prudence 0,713350 0,000080
prudent 0,616186 0,000069
prudently 1,514128 0,000169
prying 1,560648 0,000174
psalm 1,514128 0,000169
public 0,083382 0,000009
publicans 2,813411 0,000314
publicity 2,040221 0,000228
publicly 0,994252 0,000111
published 0,579818 0,000065
puling 2,995732 0,000334
pull 0,328504 0,000037
pulled 0,371064 0,000041
pulley 2,120264 0,000237
pulling 0,634878 0,000071
pulse 0,891598 0,000099
pump 1,469676 0,000164
pumps 1,832581 0,000205
punch 1,469676 0,000164
punctual 1,309333 0,000146
punctually 1,832581 0,000205
punish 0,597837 0,000067
punishable 2,525729 0,000282
punished 0,544727 0,000061
punishment 0,301105 0,000034
pupil 0,941609 0,000105
pupils 0,891598 0,000099
purchase 0,527633 0,000059
purchased 0,798508 0,000089
purchases 1,469676 0,000164
pure 0,150823 0,000017
purest 1,108663 0,000124
purify 1,560648 0,000174
purport 1,660731 0,000185
purpose 0,040822 0,000005
purposed 1,832581 0,000205
purposely 1,171183 0,000131
purposes 0,478036 0,000053
purse 0,616186 0,000069
pursed 2,120264 0,000237
pursuance 2,302585 0,000257
pursue 0,510826 0,000057
pursued 0,328504 0,000037
pursuers 1,560648 0,000174
pursuing 0,494296 0,000055
pursuit 0,328504 0,000037
pursuits 1,078810 0,000120
push 0,562119 0,000063
pushed 0,400478 0,000045
pushing 0,755023 0,000084
putrefying 3,506558 0,000391
quack 2,120264 0,000237
quail 2,207275 0,000246
quaint 1,021651 0,000114
quaked 2,207275 0,000246
qualifications 1,560648 0,000174
qualified 0,967584 0,000108
qualify 1,897120 0,000212
qualities 0,446287 0,000050
quality 0,274437 0,000031
quantities 1,139434 0,000127
quantity 0,579818 0,000065
quarrel 0,328504 0,000037
quarrelling 1,386294 0,000155
quart 2,120264 0,000237
quarter 0,223144 0,000025
quartered 1,660731 0,000185
quartern 3,912023 0,000437
quarters 0,248461 0,000028
quartette 2,995732 0,000334
quartos 3,506558 0,000391
queer 0,776529 0,000087
queerest 1,966113 0,000219
quell 2,040221 0,000228
quelled 1,966113 0,000219
quest 0,776529 0,000087
question 0,051293 0,000006
questioned 0,673345 0,000075
questioner 1,832581 0,000205
questioning 0,798508 0,000089
questions 0,127833 0,000014
quick 0,139262 0,000016
quickened 1,203973 0,000134
quickening 1,560648 0,000174
quicker 0,867501 0,000097
quickest 1,897120 0,000212
quiet 0,116534 0,000013
quietly 0,261365 0,000029
quietude 2,659260 0,000297
quill 1,897120 0,000212
quit 0,616186 0,000069
quitted 1,049822 0,000117
quitting 1,386294 0,000155
quivered 1,108663 0,000124
quivering 0,798508 0,000089
quixotic 3,506558 0,000391
rabbit 1,171183 0,000131
race 0,198451 0,000022
racking 2,040221 0,000228
radiant 0,867501 0,000097
raff 2,813411 0,000314
rag 1,203973 0,000134
rage 0,261365 0,000029
ragged 0,776529 0,000087
raging 0,653926 0,000073
rags 0,916291 0,000102
rail 0,798508 0,000089
railed 2,407946 0,000269
railing 1,386294 0,000155
railings 2,120264 0,000237
rails 1,309333 0,000146
rain 0,223144 0,000025
rained 1,139434 0,000127
raining 1,660731 0,000185
rainy 0,967584 0,000108
raise 0,174353 0,000019
raised 0,061875 0,000007
raising 0,274437 0,000031
rakishly 3,218876 0,000359
rally 1,609438 0,000180
ramble 2,120264 0,000237
rambled 2,120264 0,000237
rambling 1,771957 0,000198
rampacious 3,912023 0,000437
range 0,446287 0,000050
ranged 1,049822 0,000117
ranging 1,609438 0,000180
rank 0,287682 0,000032
rap 1,609438 0,000180
rapacity 2,407946 0,000269
rapid 0,371064 0,000041
rapidity 0,820981 0,000092
rapidly 0,371064 0,000041
rapped 1,514128 0,000169
raps 2,995732 0,000334
rapture 0,967584 0,000108
rapturously 1,832581 0,000205
rare 0,274437 0,000031
rarity 1,771957 0,000198
rascal 0,967584 0,000108
rascally 1,714798 0,000191
rascals 1,560648 0,000174
rash 0,891598 0,000099
rat 1,078810 0,000120
rate 0,274437 0,000031
rates 2,040221 0,000228
ratified 2,659260 0,000297
rational 0,867501 0,000097
rats 1,272966 0,000142
rattled 1,272966 0,000142
rattling 0,916291 0,000102
raved 1,714798 0,000191
raving 1,309333 0,000146
raw 0,713350 0,000080
ray 0,798508 0,000089
rays 0,776529 0,000087
razors 2,525729 0,000282
reach 0,051293 0,000006
reached 0,127833 0,000014
reaching 0,083382 0,000009
read 0,020203 0,000002
reader 0,342490 0,000038
readers 0,776529 0,000087
readiness 0,634878 0,000071
reading 0,061875 0,000007
ready 0,030459 0,000003
real 0,040822 0,000005
realised 1,309333 0,000146
realises 2,995732 0,000334
reality 0,328504 0,000037
reappeared 1,347074 0,000150
rear 0,527633 0,000059
reared 0,891598 0,000099
reason 0,010050 0,000001
reasonable 0,116534 0,000013
reasoned 0,994252 0,000111
reasoning 0,733969 0,000082
reasons 0,223144 0,000025
reassured 1,272966 0,000142
rebel 1,078810 0,000120
rebellious 1,049822 0,000117
rebelliously 2,995732 0,000334
rebels 1,272966 0,000142
rec 3,912023 0,000437
recall 0,478036 0,000053
recalled 0,634878 0,000071
recalling 1,108663 0,000124
recapture 2,407946 0,000269
recede 1,771957 0,000198
receding 1,386294 0,000155
receipt 0,314711 0,000035
receive 0,083382 0,000009
received 0,040822 0,000005
receiving 0,116534 0,000013
reception 0,693147 0,000077
recess 1,171183 0,000131
recesses 1,386294 0,000155
reciprocated 2,813411 0,000314
reciprocating 3,218876 0,000359
recital 1,514128 0,000169
reckless 1,049822 0,000117
recklessness 1,660731 0,000185
reckon 0,693147 0,000077
reckoning 0,843970 0,000094
reclaimed 2,407946 0,000269
reclined 1,771957 0,000198
reclining 1,514128 0,000169
recognise 1,049822 0,000117
recognised 0,891598 0,000099
recognising 1,660731 0,000185
recognition 0,713350 0,000080
recoil 1,966113 0,000219
recoiled 1,514128 0,000169
recoiling 2,659260 0,000297
recollect 0,713350 0,000080
recollected 1,309333 0,000146
recollecting 1,514128 0,000169
recollection 0,616186 0,000069
recollections 1,272966 0,000142
recommenced 1,832581 0,000205
recommend 0,755023 0,000084
recommendation 1,309333 0,000146
recommended 0,634878 0,000071
recompense 1,309333 0,000146
reconsidered 3,218876 0,000359
record 0,400478 0,000045
recorded 0,733969 0,000082
recording 2,120264 0,000237
recounted 1,560648 0,000174
recounting 1,832581 0,000205
recover 0,356675 0,000040
recovered 0,385662 0,000043
recovering 0,755023 0,000084
recovery 0,616186 0,000069
recreations 2,659260 0,000297
recruit 1,897120 0,000212
recruiting 1,897120 0,000212
recurring 1,347074 0,000150
red 0,072571 0,000008
reddening 1,832581 0,000205
redder 1,966113 0,000219
reddish 1,386294 0,000155
redeem 1,021651 0,000114
redeemed 1,272966 0,000142
redemption 1,272966 0,000142
redness 2,040221 0,000228
redoubled 1,609438 0,000180
redress 1,714798 0,000191
reduced 0,371064 0,000041
reducing 1,560648 0,000174
reduction 1,514128 0,000169
reeking 1,897120 0,000212
reference 0,562119 0,000063
referred 0,616186 0,000069
referring 0,967584 0,000108
refined 0,798508 0,000089
reflect 0,653926 0,000073
reflected 0,371064 0,000041
reflecting 0,755023 0,000084
reflection 0,356675 0,000040
reflections 0,798508 0,000089
reflective 2,040221 0,000228
reflectively 1,897120 0,000212
reflects 1,832581 0,000205
refractory 1,771957 0,000198
refrain 0,776529 0,000087
refreshed 0,820981 0,000092
refreshing 1,139434 0,000127
refreshment 0,941609 0,000105
refuge 0,446287 0,000050
refusal 0,843970 0,000094
refuse 0,371064 0,000041
refused 0,235722 0,000026
refusing 0,776529 0,000087
regain 1,108663 0,000124
regained 0,891598 0,000099
regaining 1,897120 0,000212
regale 2,813411 0,000314
regaled 2,302585 0,000257
regales 3,912023 0,000437
regard 0,150823 0,000017
regarded 0,301105 0,000034
regimentals 2,813411 0,000314
region 0,673345 0,000075
register 1,237874 0,000138
regret 0,385662 0,000043
regrets 1,108663 0,000124
regular 0,287682 0,000032
regularity 1,021651 0,000114
regularly 0,616186 0,000069
regulating 0,415515 0,000046
regulation 1,469676 0,000164
regulations 1,237874 0,000138
reigned 1,049822 0,000117
rejoicing 0,967584 0,000108
rejoinder 1,897120 0,000212
rejoined 1,021651 0,000114
relapsed 1,832581 0,000205
relapsing 2,302585 0,000257
relate 0,562119 0,000063
relates 1,309333 0,000146
relation 0,446287 0,000050
relations 0,287682 0,000032
relationship 0,967584 0,000108
relative 0,693147 0,000077
relatives 0,941609 0,000105
relaxed 0,994252 0,000111
relaxing 2,040221 0,000228
release 0,210721 0,000024
released 0,616186 0,000069
releasing 1,714798 0,000191
relented 2,207275 0,000246
relenting 2,525729 0,000282
relict 3,506558 0,000391
relied 1,560648 0,000174
relief 0,198451 0,000022
relieve 0,544727 0,000061
relieved 0,478036 0,000053
relieving 1,386294 0,000155
religious 0,446287 0,000050
relinquished 1,514128 0,000169
relish 1,021651 0,000114
reluctance 1,049822 0,000117
rely 0,891598 0,000099
remain 0,040822 0,000005
remainder 0,616186 0,000069
remained 0,116534 0,000013
remaining 0,094311 0,000011
remains 0,150823 0,000017
remanded 2,995732 0,000334
remark 0,314711 0,000035
remarkable 0,235722 0,000026
remarkably 0,733969 0,000082
remarked 0,415515 0,000046
remarking 1,427116 0,000159
remarks 0,462035 0,000052
remedy 0,693147 0,000077
remember 0,083382 0,000009
remembered 0,162519 0,000018
remembering 0,776529 0,000087
remembrance 0,733969 0,000082
remembrances 2,040221 0,000228
remind 0,755023 0,000084
reminded 0,527633 0,000059
reminder 1,897120 0,000212
reminds 1,427116 0,000159
remonstrance 1,347074 0,000150
remonstrances 1,771957 0,000198
remonstrate 2,040221 0,000228
remonstrated 1,832581 0,000205
remonstrating 2,995732 0,000334
remonstratory 3,912023 0,000437
remorse 0,755023 0,000084
remote 0,544727 0,000061
remoter 1,966113 0,000219
remotest 1,514128 0,000169
removal 1,203973 0,000134
remove 0,127833 0,000014
removed 0,061875 0,000007
removing 0,673345 0,000075
render 0,371064 0,000041
rendered 0,527633 0,000059
rendering 0,891598 0,000099
renew 0,776529 0,000087
renewal 1,514128 0,000169
renewals 3,506558 0,000391
renewed 0,510826 0,000057
renounced 1,427116 0,000159
renowned 1,171183 0,000131
rent 0,597837 0,000067
repaid 1,309333 0,000146
repair 0,693147 0,000077
repaired 0,941609 0,000105
repeat 0,328504 0,000037
repeated 0,127833 0,000014
repeating 0,527633 0,000059
repent 0,713350 0,000080
repentance 0,798508 0,000089
repetition 0,843970 0,000094
replace 0,342490 0,000038
replaced 0,820981 0,000092
replacing 1,514128 0,000169
replenished 1,832581 0,000205
replied 0,235722 0,000026
replies 0,994252 0,000111
reply 0,174353 0,000019
replying 1,272966 0,000142
report 0,301105 0,000034
reported 0,162519 0,000018
repose 0,544727 0,000061
reposed 1,427116 0,000159
reposing 1,771957 0,000198
represent 0,494296 0,000055
representation 1,021651 0,000114
representations 0,356675 0,000040
represented 0,462035 0,000052
repress 1,237874 0,000138
repressed 1,427116 0,000159
repressing 2,120264 0,000237
reprieve 2,995732 0,000334
reproach 0,371064 0,000041
reproaches 1,049822 0,000117
reproachfully 1,714798 0,000191
reproaching 1,966113 0,000219
reproving 2,525729 0,000282
reptile 1,771957 0,000198
repugnance 1,386294 0,000155
repulsed 1,347074 0,000150
repulsive 1,049822 0,000117
repulsiveness 3,506558 0,000391
reputable 2,525729 0,000282
reputation 0,385662 0,000043
request 0,127833 0,000014
requested 0,843970 0,000094
requesting 1,560648 0,000174
require 0,127833 0,000014
required 0,083382 0,000009
rescue 0,562119 0,000063
rescued 1,139434 0,000127
rescuing 2,120264 0,000237
reseated 2,995732 0,000334
resemblance 0,755023 0,000084
resembled 0,867501 0,000097
reserve 0,478036 0,000053
reserving 2,040221 0,000228
reside 1,171183 0,000131
resided 1,237874 0,000138
residence 0,713350 0,000080
residing 1,560648 0,000174
resign 1,203973 0,000134
resignation 0,994252 0,000111
resigned 0,967584 0,000108
resist 0,430783 0,000048
resistance 0,430783 0,000048
resisted 0,776529 0,000087
resisting 1,272966 0,000142
resolute 0,916291 0,000102
resolution 0,462035 0,000052
resolve 0,713350 0,000080
resolved 0,342490 0,000038
resolving 1,714798 0,000191
resort 0,891598 0,000099
resorted 1,272966 0,000142
resorting 2,120264 0,000237
resounded 1,021651 0,000114
resource 1,078810 0,000120
respect 0,094311 0,000011
respectable 0,430783 0,000048
respected 0,673345 0,000075
respectful 0,755023 0,000084
respectfully 1,139434 0,000127
respects 0,527633 0,000059
respiration 2,040221 0,000228
responded 0,916291 0,000102
responding 1,897120 0,000212
responsibility 0,776529 0,000087
responsible 0,693147 0,000077
rest 0,010050 0,000001
rested 0,314711 0,000035
resting 0,314711 0,000035
restitution 2,207275 0,000246
restless 0,478036 0,000053
restlessly 1,514128 0,000169
restoratives 2,995732 0,000334
restore 0,653926 0,000073
restored 0,385662 0,000043
restrain 0,673345 0,000075
restrained 0,776529 0,000087
restraint 0,733969 0,000082
result 0,174353 0,000019
resumed 0,415515 0,000046
resuming 1,560648 0,000174
retain 0,597837 0,000067
retained 0,527633 0,000059
retaining 1,272966 0,000142
reticule 2,813411 0,000314
retire 0,673345 0,000075
retired 0,342490 0,000038
retirement 1,108663 0,000124
retiring 0,843970 0,000094
retorted 1,139434 0,000127
retorts 3,218876 0,000359
retracing 2,525729 0,000282
retreat 0,494296 0,000055
retreated 0,916291 0,000102
retreating 0,994252 0,000111
retrieve 2,407946 0,000269
retrieving 2,995732 0,000334
retrospective 2,659260 0,000297
return 0,040822 0,000005
returned 0,061875 0,000007
returning 0,127833 0,000014
returns 0,235722 0,000026
reveal 0,616186 0,000069
revenge 0,544727 0,000061
reverberated 2,659260 0,000297
reverence 0,634878 0,000071
reverend 1,272966 0,000142
reverently 1,514128 0,000169
reverie 1,237874 0,000138
reverse 0,579818 0,000065
reversion 2,995732 0,000334
revert 1,897120 0,000212
reverts 2,407946 0,000269
revive 0,941609 0,000105
revolution 0,713350 0,000080
revulsion 1,660731 0,000185
reward 0,328504 0,000037
rewarded 0,713350 0,000080
rewards 1,237874 0,000138
riband 2,813411 0,000314
ribbon 1,237874 0,000138
rich 0,139262 0,000016
riches 0,798508 0,000089
richest 0,916291 0,000102
richly 0,891598 0,000099
richness 1,469676 0,000164
rick 3,218876 0,000359
rid 0,223144 0,000025
riddle 1,203973 0,000134
ride 0,462035 0,000052
ridicules 2,525729 0,000282
ridiculous 0,478036 0,000053
rifled 2,040221 0,000228
rightly 0,430783 0,000048
rigid 0,820981 0,000092
rigidly 1,832581 0,000205
riot 1,309333 0,000146
rippling 1,560648 0,000174
rise 0,040822 0,000005
risen 0,342490 0,000038
rising 0,116534 0,000013
risk 0,371064 0,000041
river 0,174353 0,000019
rivets 2,813411 0,000314
road 0,150823 0,000017
roads 0,597837 0,000067
roam 1,560648 0,000174
roaming 2,040221 0,000228
roar 0,597837 0,000067
roared 0,673345 0,000075
roaring 0,713350 0,000080
roars 1,897120 0,000212
roasted 1,272966 0,000142
roasting 1,771957 0,000198
rob 0,653926 0,000073
robbed 0,733969 0,000082
robber 0,891598 0,000099
robberies 2,207275 0,000246
robbers 1,078810 0,000120
robbery 1,078810 0,000120
robes 0,916291 0,000102
robust 0,994252 0,000111
rocked 1,714798 0,000191
rocking 1,347074 0,000150
rogue 1,272966 0,000142
roll 0,415515 0,000046
rolled 0,356675 0,000040
rolling 0,415515 0,000046
rolls 1,139434 0,000127
roman 0,755023 0,000084
romance 0,693147 0,000077
rome 0,713350 0,000080
roof 0,223144 0,000025
roofed 1,560648 0,000174
roofless 2,995732 0,000334
roofs 0,994252 0,000111
rook 2,659260 0,000297
root 0,385662 0,000043
rooted 0,994252 0,000111
rope 0,616186 0,000069
rose 0,094311 0,000011
roses 0,941609 0,000105
rot 1,203973 0,000134
rotted 1,832581 0,000205
rotten 0,941609 0,000105
rottenness 2,407946 0,000269
rotting 1,514128 0,000169
rough 0,186330 0,000021
roughest 2,120264 0,000237
roughly 0,544727 0,000061
roughness 1,514128 0,000169
rounder 3,506558 0,000391
rouse 0,798508 0,000089
roused 0,653926 0,000073
rouses 2,302585 0,000257
rousing 1,514128 0,000169
route 1,049822 0,000117
row 0,544727 0,000061
roystering 3,506558 0,000391
rub 1,108663 0,000124
rubbed 0,544727 0,000061
rubber 1,609438 0,000180
rubbing 0,713350 0,000080
rude 0,342490 0,000038
rudely 1,309333 0,000146
rueful 2,120264 0,000237
ruefully 2,120264 0,000237
ruefulness 3,912023 0,000437
ruffian 1,560648 0,000174
ruffians 1,832581 0,000205
ruffled 1,272966 0,000142
rug 1,386294 0,000155
ruin 0,287682 0,000032
ruined 0,371064 0,000041
ruinous 1,386294 0,000155
ruins 0,755023 0,000084
rule 0,198451 0,000022
rules 0,150823 0,000017
rum 1,309333 0,000146
ruminate 2,659260 0,000297
ruminating 2,120264 0,000237
rummage 2,525729 0,000282
rumour 1,272966 0,000142
runaway 1,609438 0,000180
runners 1,660731 0,000185
running 0,967584 0,000108
rush 0,287682 0,000032
rushed 0,478036 0,000053
rushes 1,049822 0,000117
rushing 0,597837 0,000067
rushlight 3,218876 0,000359
rust 1,272966 0,000142
rusted 2,407946 0,000269
rustic 1,108663 0,000124
rustle 1,139434 0,000127
rustled 1,832581 0,000205
rustling 1,203973 0,000134
rusty 1,078810 0,000120
ruthless 1,832581 0,000205
ruthlessly 1,771957 0,000198
sack 0,891598 0,000099
sacks 1,560648 0,000174
sacred 0,415515 0,000046
sacrifice 0,328504 0,000037
sacrificed 0,733969 0,000082
sad 0,223144 0,000025
saddest 1,714798 0,000191
saddle 0,916291 0,000102
saddled 1,771957 0,000198
sadly 0,510826 0,000057
sadness 0,820981 0,000092
safe 0,116534 0,000013
safeguard 1,660731 0,000185
safely 0,371064 0,000041
safer 0,994252 0,000111
safety 0,356675 0,000040
saffron 2,120264 0,000237
sage 0,916291 0,000102
sages 1,386294 0,000155
saint 0,673345 0,000075
sake 0,094311 0,000011
sale 0,798508 0,000089
salesman 3,506558 0,000391
sallied 1,714798 0,000191
sallies 2,120264 0,000237
sallow 1,560648 0,000174
sally 1,309333 0,000146
sallying 2,995732 0,000334
salted 2,207275 0,000246
salutary 2,120264 0,000237
salutation 1,469676 0,000164
salutations 1,832581 0,000205
saluted 1,078810 0,000120
saluting 2,407946 0,000269
samaritan 2,995732 0,000334
sanction 1,309333 0,000146
sanctioned 2,207275 0,000246
sang 0,415515 0,000046
sanguinary 2,040221 0,000228
sanguine 1,609438 0,000180
sank 0,544727 0,000061
sarcasm 1,832581 0,000205
sash 1,560648 0,000174
sashes 2,120264 0,000237
sat 0,083382 0,000009
satin 1,469676 0,000164
satisfaction 0,186330 0,000021
satisfactorily 1,272966 0,000142
satisfactory 0,562119 0,000063
satisfied 0,105361 0,000012
satisfy 0,342490 0,000038
satisfying 1,171183 0,000131
saturated 1,714798 0,000191
saturday 0,843970 0,000094
saturnine 2,813411 0,000314
sauce 1,832581 0,000205
saucepan 2,120264 0,000237
saucepans 2,995732 0,000334
saucer 1,609438 0,000180
saunter 2,040221 0,000228
sauntered 1,771957 0,000198
sauntering 2,302585 0,000257
sausages 2,302585 0,000257
savage 0,356675 0,000040
savagely 1,427116 0,000159
save 0,030459 0,000003
saved 0,274437 0,000031
saveloy 3,912023 0,000437
saving 0,478036 0,000053
savings 1,714798 0,000191
saviour 1,203973 0,000134
savouring 2,995732 0,000334
sawyer 2,525729 0,000282
scaffold 1,660731 0,000185
scald 3,506558 0,000391
scalded 2,302585 0,000257
scamper 2,407946 0,000269
scandal 0,891598 0,000099
scanty 0,941609 0,000105
scar 1,560648 0,000174
scarce 0,693147 0,000077
scarcely 0,301105 0,000034
scarcity 1,771957 0,000198
scared 0,941609 0,000105
scattered 0,139262 0,000016
scene 0,198451 0,000022
scenes 0,494296 0,000055
scent 0,733969 0,000082
scheme 0,634878 0,000071
schemes 0,994252 0,000111
scheming 1,714798 0,000191
school 0,174353 0,000019
science 0,446287 0,000050
scientific 0,776529 0,000087
scolding 1,347074 0,000150
scorched 1,386294 0,000155
score 0,713350 0,000080
scores 1,171183 0,000131
scorn 0,562119 0,000063
scornful 1,203973 0,000134
scornfully 1,347074 0,000150
scot 2,525729 0,000282
scoundrel 1,203973 0,000134
scoundrels 1,560648 0,000174
scoured 1,897120 0,000212
scourings 3,506558 0,000391
scouting 2,813411 0,000314
scouts 1,897120 0,000212
scowl 1,897120 0,000212
scowled 1,609438 0,000180
scowling 1,609438 0,000180
scragged 3,912023 0,000437
scragging 3,912023 0,000437
scrap 1,386294 0,000155
scrape 1,203973 0,000134
scraped 1,386294 0,000155
scratch 0,916291 0,000102
scratched 1,049822 0,000117
scratching 1,108663 0,000124
scream 0,693147 0,000077
screamed 0,733969 0,000082
screaming 0,916291 0,000102
screech 2,302585 0,000257
screeched 2,813411 0,000314
screeching 2,207275 0,000246
screened 1,897120 0,000212
screwed 1,386294 0,000155
screwing 1,966113 0,000219
scrubbed 1,897120 0,000212
scruple 1,272966 0,000142
scrupulous 1,139434 0,000127
scrupulously 1,660731 0,000185
scrutinised 2,407946 0,000269
scrutiny 1,272966 0,000142
scudded 2,813411 0,000314
scudding 2,525729 0,000282
scuffle 1,832581 0,000205
scullery 2,120264 0,000237
scum 1,771957 0,000198
sea 0,116534 0,000013
seal 0,562119 0,000063
sealed 0,820981 0,000092
seals 1,347074 0,000150
seams 1,832581 0,000205
search 0,051293 0,000006
searched 0,713350 0,000080
searches 2,407946 0,000269
searching 0,415515 0,000046
seared 2,207275 0,000246
season 0,287682 0,000032
seasoned 1,609438 0,000180
seat 0,105361 0,000012
seated 0,223144 0,000025
seating 1,609438 0,000180
seats 0,562119 0,000063
secluded 1,237874 0,000138
secrecy 0,820981 0,000092
secret 0,061875 0,000007
secretary 0,916291 0,000102
secretly 0,597837 0,000067
secrets 0,400478 0,000045
secure 0,072571 0,000008
secured 0,494296 0,000055
securely 0,916291 0,000102
security 0,544727 0,000061
sediment 2,407946 0,000269
seed 0,597837 0,000067
seeds 1,049822 0,000117
seek 0,198451 0,000022
seeking 0,274437 0,000031
seemly 2,302585 0,000257
seers 2,525729 0,000282
seized 0,235722 0,000026
seizing 0,693147 0,000077
seldom 0,301105 0,000034
select 0,867501 0,000097
selected 0,634878 0,000071
selecting 1,237874 0,000138
selfish 0,798508 0,000089
selfishness 0,843970 0,000094
sell 0,430783 0,000048
seller 2,040221 0,000228
semblance 1,049822 0,000117
send 0,030459 0,000003
sending 0,083382 0,000009
sends 0,544727 0,000061
seneschal 3,912023 0,000437
senior 1,386294 0,000155
sensation 0,462035 0,000052
sense 0,051293 0,000006
sensitive 0,693147 0,000077
sentence 0,127833 0,000014
sentiment 0,478036 0,000053
sentimental 1,139434 0,000127
sentiments 0,820981 0,000092
separate 0,248461 0,000028
separated 0,274437 0,000031
separation 0,776529 0,000087
sepulchral 2,120264 0,000237
sequel 1,078810 0,000120
serene 0,916291 0,000102
serenity 1,203973 0,000134
series 0,494296 0,000055
sermon 1,021651 0,000114
servant 0,186330 0,000021
servants 0,162519 0,000018
serve 0,174353 0,000019
served 0,186330 0,000021
serves 0,776529 0,000087
service 0,072571 0,000008
services 0,494296 0,000055
serving 0,634878 0,000071
sessions 2,120264 0,000237
set 0,010050 0,000001
sets 0,385662 0,000043
setting 0,186330 0,000021
settle 0,356675 0,000040
settled 0,127833 0,000014
settlement 1,203973 0,000134
sevenpence 3,506558 0,000391
seventeen 0,693147 0,000077
seventh 0,562119 0,000063
severally 2,040221 0,000228
severe 0,342490 0,000038
severely 0,634878 0,000071
severity 0,798508 0,000089
sex 0,562119 0,000063
sha 1,309333 0,000146
shabby 1,021651 0,000114
shade 0,274437 0,000031
shades 0,916291 0,000102
shading 1,714798 0,000191
shadow 0,223144 0,000025
shadowed 2,040221 0,000228
shadows 0,494296 0,000055
shadowy 1,108663 0,000124
shady 0,994252 0,000111
shaggy 1,049822 0,000117
shake 0,287682 0,000032
shaken 0,494296 0,000055
shaking 0,371064 0,000041
shallow 0,776529 0,000087
sham 1,660731 0,000185
shambling 2,659260 0,000297
shame 0,223144 0,000025
shameful 0,916291 0,000102
shamming 2,995732 0,000334
shape 0,186330 0,000021
shaped 0,527633 0,000059
shapen 2,813411 0,000314
shapes 0,755023 0,000084
shaping 1,966113 0,000219
share 0,040822 0,000005
shared 0,139262 0,000016
sharp 0,162519 0,000018
sharpened 1,049822 0,000117
sharper 1,469676 0,000164
sharpest 1,714798 0,000191
sharply 0,510826 0,000057
sharpness 1,660731 0,000185
shattered 0,867501 0,000097
shaved 1,427116 0,000159
shaver 3,218876 0,000359
shawl 1,078810 0,000120
shawls 2,120264 0,000237
sheep 0,371064 0,000041
sheer 0,843970 0,000094
sheet 0,446287 0,000050
sheets 0,544727 0,000061
shelf 0,891598 0,000099
shelter 0,342490 0,000038
sheltering 1,514128 0,000169
shelves 1,171183 0,000131
shelving 2,120264 0,000237
sheriffs 2,995732 0,000334
shielding 2,659260 0,000297
shift 0,843970 0,000094
shifted 1,139434 0,000127
shilling 1,203973 0,000134
shillings 1,171183 0,000131
shiners 3,218876 0,000359
shining 0,385662 0,000043
shiny 1,714798 0,000191
ship 0,314711 0,000035
shipping 1,309333 0,000146
shipwrecked 1,897120 0,000212
shirt 0,653926 0,000073
shiver 0,994252 0,000111
shivered 0,941609 0,000105
shivering 0,755023 0,000084
shock 0,446287 0,000050
shocked 0,776529 0,000087
shoe 0,776529 0,000087
shoeless 2,995732 0,000334
shoes 0,430783 0,000048
shone 0,494296 0,000055
shook 0,235722 0,000026
shoot 0,494296 0,000055
shooting 0,634878 0,000071
shoots 1,347074 0,000150
shop 0,494296 0,000055
shopkeepers 2,040221 0,000228
shopped 3,506558 0,000391
shops 0,843970 0,000094
shore 0,342490 0,000038
short 0,020203 0,000002
shorten 1,714798 0,000191
shortened 1,427116 0,000159
shorter 0,579818 0,000065
shortest 1,203973 0,000134
shortly 0,462035 0,000052
shorts 3,218876 0,000359
shot 0,223144 0,000025
shoulder 0,210721 0,000024
shouldered 1,309333 0,000146
shoulders 0,174353 0,000019
shout 0,634878 0,000071
shouted 0,478036 0,000053
shouting 0,446287 0,000050
shouts 0,843970 0,000094
shovel 1,514128 0,000169
shovelled 3,506558 0,000391
shoving 1,966113 0,000219
shower 0,755023 0,000084
showered 1,714798 0,000191
showers 1,272966 0,000142
shrank 1,108663 0,000124
shreds 1,347074 0,000150
shrewd 1,021651 0,000114
shriek 1,078810 0,000120
shrieked 1,171183 0,000131
shrieks 1,309333 0,000146
shrill 0,820981 0,000092
shrillness 3,218876 0,000359
shrink 1,139434 0,000127
shrinking 1,171183 0,000131
shrivelled 1,897120 0,000212
shroud 1,469676 0,000164
shrouded 1,386294 0,000155
shrouds 1,966113 0,000219
shrugged 1,203973 0,000134
shrugging 1,897120 0,000212
shrunk 1,514128 0,000169
shrunken 2,207275 0,000246
shudder 0,693147 0,000077
shuddered 0,867501 0,000097
shuddering 1,171183 0,000131
shuffled 1,609438 0,000180
shuffling 1,347074 0,000150
shunned 1,714798 0,000191
shut 0,072571 0,000008
shutter 1,660731 0,000185
shutters 1,108663 0,000124
shutting 0,941609 0,000105
sick 0,150823 0,000017
sicken 2,407946 0,000269
sickened 2,120264 0,000237
sickening 1,309333 0,000146
sickly 0,891598 0,000099
sickness 0,478036 0,000053
sideboard 1,660731 0,000185
sidelong 1,771957 0,000198
sideways 1,139434 0,000127
sigh 0,342490 0,000038
sighed 0,673345 0,000075
sight 0,051293 0,000006
sights 0,755023 0,000084
sign 0,139262 0,000016
signal 0,544727 0,000061
signals 1,427116 0,000159
signature 1,386294 0,000155
signatures 2,525729 0,000282
signed 0,843970 0,000094
signing 1,660731 0,000185
signs 0,186330 0,000021
sike 3,912023 0,000437
sikes 3,506558 0,000391
silence 0,105361 0,000012
silent 0,051293 0,000006
silk 0,478036 0,000053
silly 0,400478 0,000045
silver 0,210721 0,000024
simile 1,560648 0,000174
simple 0,094311 0,000011
simply 0,150823 0,000017
simultaneous 1,660731 0,000185
simultaneously 1,203973 0,000134
sin 0,430783 0,000048
sincerely 0,867501 0,000097
sincerity 0,653926 0,000073
sinecure 2,525729 0,000282
sing 0,415515 0,000046
singeing 2,995732 0,000334
singers 1,386294 0,000155
singing 0,371064 0,000041
single 0,083382 0,000009
sings 1,139434 0,000127
singular 0,430783 0,000048
singularly 0,843970 0,000094
sinister 1,108663 0,000124
sink 0,462035 0,000052
sinking 0,494296 0,000055
sinks 1,108663 0,000124
sins 0,798508 0,000089
sipping 2,040221 0,000228
sir 0,150823 0,000017
sister 0,356675 0,000040
sisters 0,527633 0,000059
sit 0,061875 0,000007
sitch 3,218876 0,000359
sits 0,820981 0,000092
sitting 0,105361 0,000012
situated 0,733969 0,000082
situation 0,198451 0,000022
situations 1,469676 0,000164
sixpence 1,469676 0,000164
sixpences 2,995732 0,000334
size 0,248461 0,000028
sized 1,237874 0,000138
sizes 1,309333 0,000146
skeleton 1,021651 0,000114
skelter 2,659260 0,000297
sketching 1,714798 0,000191
skilful 0,967584 0,000108
skilfully 1,660731 0,000185
skill 0,301105 0,000034
skin 0,210721 0,000024
skinny 2,302585 0,000257
skipper 1,966113 0,000219
skirt 1,078810 0,000120
skirted 1,309333 0,000146
skirting 1,897120 0,000212
skirts 0,843970 0,000094
skulk 2,302585 0,000257
skulked 3,218876 0,000359
skulking 1,966113 0,000219
skull 0,891598 0,000099
sky 0,210721 0,000024
slab 1,771957 0,000198
slackened 1,203973 0,000134
slackening 2,525729 0,000282
slam 1,966113 0,000219
slap 1,660731 0,000185
slapped 1,272966 0,000142
slapping 1,560648 0,000174
slaps 2,207275 0,000246
slatternly 2,525729 0,000282
sledge 1,966113 0,000219
sleep 0,072571 0,000008
sleeper 1,272966 0,000142
sleepers 1,609438 0,000180
sleepily 2,120264 0,000237
sleeping 0,235722 0,000026
sleepless 1,049822 0,000117
sleepy 0,713350 0,000080
sleeve 0,891598 0,000099
sleeves 0,843970 0,000094
slept 0,223144 0,000025
slice 1,309333 0,000146
slices 1,771957 0,000198
slight 0,150823 0,000017
slightest 0,415515 0,000046
slim 1,139434 0,000127
slime 1,386294 0,000155
slimy 1,660731 0,000185
slinging 2,813411 0,000314
slip 0,462035 0,000052
slipped 0,494296 0,000055
slipping 0,967584 0,000108
slipshod 2,813411 0,000314
slops 2,995732 0,000334
slow 0,139262 0,000016
slowly 0,150823 0,000017
slug 2,995732 0,000334
sluggish 1,514128 0,000169
sluggishly 2,525729 0,000282
sluices 2,813411 0,000314
slumber 0,673345 0,000075
slumbered 2,207275 0,000246
slumbers 1,386294 0,000155
slung 1,386294 0,000155
slunk 2,040221 0,000228
sly 0,713350 0,000080
slyly 1,832581 0,000205
smacked 2,207275 0,000246
smacking 2,407946 0,000269
smalls 3,912023 0,000437
smart 0,634878 0,000071
smartly 1,514128 0,000169
smash 1,609438 0,000180
smeared 1,560648 0,000174
smell 0,371064 0,000041
smelling 0,843970 0,000094
smells 1,309333 0,000146
smelt 1,139434 0,000127
smile 0,274437 0,000031
smiled 0,356675 0,000040
smiles 0,693147 0,000077
smiling 0,301105 0,000034
smilingly 1,832581 0,000205
smirk 3,218876 0,000359
smithfield 2,659260 0,000297
smiting 1,832581 0,000205
smock 2,659260 0,000297
smoke 0,314711 0,000035
smoked 0,867501 0,000097
smoking 0,462035 0,000052
smoky 1,560648 0,000174
smoothed 1,021651 0,000114
smoothing 1,272966 0,000142
smoothly 1,021651 0,000114
smothered 1,203973 0,000134
smoulder 3,218876 0,000359
snail 1,832581 0,000205
snap 1,078810 0,000120
snapping 1,514128 0,000169
snappish 2,813411 0,000314
snappishly 2,659260 0,000297
snared 2,813411 0,000314
snares 1,660731 0,000185
snarling 1,714798 0,000191
snatched 0,733969 0,000082
snatches 1,514128 0,000169
snatching 1,469676 0,000164
sneak 1,897120 0,000212
sneaking 1,609438 0,000180
sneer 1,203973 0,000134
sneered 1,609438 0,000180
sneers 2,525729 0,000282
sneeze 1,660731 0,000185
sneezed 2,040221 0,000228
sniffs 2,813411 0,000314
snivelling 2,813411 0,000314
snooze 2,995732 0,000334
snoozing 3,506558 0,000391
snore 2,302585 0,000257
snoring 1,609438 0,000180
snow 0,527633 0,000059
snub 2,040221 0,000228
snubbed 2,659260 0,000297
snuff 1,427116 0,000159
snuffbox 2,659260 0,000297
snuffed 2,120264 0,000237
snuffing 2,525729 0,000282
snug 1,171183 0,000131
soap 1,347074 0,000150
sob 1,049822 0,000117
sobbed 1,078810 0,000120
sobbing 0,967584 0,000108
sober 0,597837 0,000067
sobriquet 3,218876 0,000359
sobs 1,078810 0,000120
sociably 2,659260 0,000297
society 0,210721 0,000024
socket 1,714798 0,000191
sofa 1,049822 0,000117
soft 0,210721 0,000024
soften 0,941609 0,000105
softened 0,653926 0,000073
softening 1,514128 0,000169
softens 2,407946 0,000269
softly 0,400478 0,000045
softness 0,891598 0,000099
soil 0,494296 0,000055
soiled 1,609438 0,000180
soils 2,302585 0,000257
sojourning 2,407946 0,000269
solace 1,609438 0,000180
sold 0,385662 0,000043
soldier 0,562119 0,000063
sole 0,342490 0,000038
solemn 0,301105 0,000034
solemnity 0,891598 0,000099
solemnly 0,579818 0,000065
soles 1,386294 0,000155
solicited 1,560648 0,000174
solicitude 1,347074 0,000150
solitary 0,462035 0,000052
solitude 0,510826 0,000057
solution 0,820981 0,000092
solve 0,653926 0,000073
sombre 1,171183 0,000131
son 0,105361 0,000012
song 0,371064 0,000041
songs 0,544727 0,000061
sooner 1,309333 0,000146
soot 1,609438 0,000180
soothe 1,203973 0,000134
soothed 1,203973 0,000134
soothing 0,798508 0,000089
soothingly 1,897120 0,000212
sordid 1,139434 0,000127
sordidly 3,218876 0,000359
sore 0,616186 0,000069
sorrow 0,287682 0,000032
sorrowful 1,021651 0,000114
sorrowfully 1,714798 0,000191
sorrows 0,798508 0,000089
sort 0,105361 0,000012
sorts 0,356675 0,000040
sought 0,150823 0,000017
soul 0,105361 0,000012
souls 0,342490 0,000038
sound 0,020203 0,000002
sounded 0,371064 0,000041
sounding 0,634878 0,000071
soundly 1,021651 0,000114
sounds 0,223144 0,000025
source 0,328504 0,000037
sovereigns 1,897120 0,000212
space 0,116534 0,000013
spade 1,272966 0,000142
spaniel 2,659260 0,000297
spare 0,210721 0,000024
spared 0,544727 0,000061
sparingly 2,120264 0,000237
spark 0,776529 0,000087
sparkle 1,514128 0,000169
sparkling 0,776529 0,000087
sparks 1,139434 0,000127
spasms 2,525729 0,000282
spat 1,469676 0,000164
spatter 2,995732 0,000334
speak 0,051293 0,000006
speaker 0,713350 0,000080
speaking 0,072571 0,000008
speaks 0,371064 0,000041
special 0,083382 0,000009
specially 0,820981 0,000092
species 0,634878 0,000071
specimen 0,891598 0,000099
speck 1,108663 0,000124
speckled 1,560648 0,000174
spectacle 0,544727 0,000061
spectacles 0,843970 0,000094
spectator 0,820981 0,000092
spectators 0,820981 0,000092
speculation 0,843970 0,000094
speculations 1,203973 0,000134
sped 1,272966 0,000142
speech 0,198451 0,000022
speechless 0,916291 0,000102
speed 0,328504 0,000037
speedily 0,713350 0,000080
speeds 2,302585 0,000257
speedy 0,941609 0,000105
spell 0,820981 0,000092
spelt 1,897120 0,000212
spend 0,328504 0,000037
spending 0,597837 0,000067
spent 0,105361 0,000012
sphere 0,733969 0,000082
spice 1,609438 0,000180
spick 2,813411 0,000314
spiders 1,771957 0,000198
spies 1,347074 0,000150
spikes 1,966113 0,000219
spill 2,302585 0,000257
spire 2,120264 0,000237
spires 1,714798 0,000191
spirit 0,051293 0,000006
spirited 0,713350 0,000080
spirits 0,198451 0,000022
spirting 3,506558 0,000391
spit 1,203973 0,000134
spite 0,139262 0,000016
splash 1,309333 0,000146
splashes 1,966113 0,000219
splashing 1,560648 0,000174
splendid 0,400478 0,000045
splendour 1,237874 0,000138
splintered 2,040221 0,000228
split 0,798508 0,000089
splitting 1,514128 0,000169
spoil 0,673345 0,000075
spoke 0,116534 0,000013
spoken 0,150823 0,000017
spoon 1,171183 0,000131
spoonful 1,897120 0,000212
spoons 1,714798 0,000191
sport 0,597837 0,000067
sports 1,049822 0,000117
spot 0,162519 0,000018
spots 0,562119 0,000063
spouse 1,660731 0,000185
spout 2,207275 0,000246
sprang 0,400478 0,000045
spread 0,061875 0,000007
spreading 0,446287 0,000050
spree 2,525729 0,000282
sprightly 1,966113 0,000219
spring 0,083382 0,000009
springing 0,733969 0,000082
springs 0,634878 0,000071
sprinkling 1,660731 0,000185
sprite 2,525729 0,000282
spruce 2,120264 0,000237
sprung 0,544727 0,000061
spurning 2,659260 0,000297
spurs 1,386294 0,000155
spy 0,916291 0,000102
squabbling 2,813411 0,000314
squalid 1,832581 0,000205
squalor 2,659260 0,000297
squandered 2,040221 0,000228
square 0,235722 0,000026
squares 1,171183 0,000131
squeaking 2,407946 0,000269
squeezed 1,171183 0,000131
squeezing 1,609438 0,000180
squire 1,427116 0,000159
stable 0,579818 0,000065
stables 1,078810 0,000120
stack 1,714798 0,000191
stacks 2,120264 0,000237
staff 0,274437 0,000031
stage 0,223144 0,000025
stages 1,021651 0,000114
stagger 1,469676 0,000164
staggered 0,733969 0,000082
staggering 1,237874 0,000138
stagnant 1,771957 0,000198
stain 0,994252 0,000111
stained 0,653926 0,000073
stains 1,347074 0,000150
stair 1,171183 0,000131
staircase 0,867501 0,000097
stairs 0,430783 0,000048
stake 0,693147 0,000077
stakes 1,203973 0,000134
stale 1,309333 0,000146
stalk 1,386294 0,000155
stall 1,714798 0,000191
stalls 1,660731 0,000185
stammered 1,108663 0,000124
stamp 0,693147 0,000077
stamped 0,693147 0,000077
stamping 1,049822 0,000117
stand 0,000000 0,000000
standers 3,218876 0,000359
standing 0,030459 0,000003
stands 0,261365 0,000029
stare 0,713350 0,000080
stared 0,597837 0,000067
stares 1,897120 0,000212
staring 0,634878 0,000071
stark 1,386294 0,000155
stars 0,342490 0,000038
start -0,009950 -0,000001
started 0,150823 0,000017
starting 0,371064 0,000041
startled 0,415515 0,000046
startling 0,967584 0,000108
starts 0,941609 0,000105
starvation 1,386294 0,000155
starve 0,994252 0,000111
starved 1,049822 0,000117
starving 1,049822 0,000117
stateliness 2,207275 0,000246
stately 0,733969 0,000082
statement 0,544727 0,000061
station 0,356675 0,000040
stationary 1,427116 0,000159
stationed 1,237874 0,000138
stations 1,049822 0,000117
stature 0,891598 0,000099
staunch 1,966113 0,000219
stauncher 3,912023 0,000437
stay 0,083382 0,000009
staying 0,653926 0,000073
steadier 2,120264 0,000237
steadily 0,415515 0,000046
steady 0,356675 0,000040
steaks 2,525729 0,000282
steal 0,510826 0,000057
stealing 0,653926 0,000073
steals 1,386294 0,000155
stealthily 1,560648 0,000174
steam 0,820981 0,000092
steaming 1,203973 0,000134
steeds 1,897120 0,000212
steel 0,510826 0,000057
steep 0,579818 0,000065
steeped 1,660731 0,000185
stem 0,916291 0,000102
stentorian 2,659260 0,000297
step 0,083382 0,000009
stepped 0,510826 0,000057
stepping 0,755023 0,000084
steps 0,094311 0,000011
stern 0,478036 0,000053
sterner 2,040221 0,000228
sternest 2,525729 0,000282
sternly 0,820981 0,000092
sternness 1,714798 0,000191
steward 1,171183 0,000131
stews 2,813411 0,000314
stick 0,342490 0,000038
sticking 0,867501 0,000097
stiff 0,430783 0,000048
stiffening 2,525729 0,000282
stiffly 1,469676 0,000164
stifle 1,427116 0,000159
stifled 1,272966 0,000142
stile 1,897120 0,000212
stillness 0,891598 0,000099
stimulated 1,427116 0,000159
stipend 2,525729 0,000282
stipendiary 3,506558 0,000391
stipulate 2,659260 0,000297
stipulated 2,040221 0,000228
stipulation 2,995732 0,000334
stir 0,400478 0,000045
stirred 0,446287 0,000050
stirring 0,510826 0,000057
stock 0,328504 0,000037
stockings 0,891598 0,000099
stoke 2,995732 0,000334
stole 0,494296 0,000055
stolen 0,430783 0,000048
stomach 0,693147 0,000077
stone 0,116534 0,000013
stones 0,301105 0,000034
stood 0,030459 0,000003
stoof 3,912023 0,000437
stool 0,733969 0,000082
stooped 0,776529 0,000087
stooping 0,867501 0,000097
store 0,385662 0,000043
storehouses 2,659260 0,000297
stores 0,820981 0,000092
stories 0,328504 0,000037
storm 0,342490 0,000038
stormy 0,776529 0,000087
story 0,051293 0,000006
stout 0,579818 0,000065
stouter 2,120264 0,000237
stoutly 1,237874 0,000138
stove 1,203973 0,000134
stoves 2,120264 0,000237
stow 2,207275 0,000246
stowing 2,525729 0,000282
stragglers 1,714798 0,000191
straggling 1,139434 0,000127
straight 0,105361 0,000012
straightforward 1,832581 0,000205
straightway 1,347074 0,000150
strain 0,385662 0,000043
strained 0,776529 0,000087
straining 0,867501 0,000097
strains 1,272966 0,000142
strait 1,049822 0,000117
strand 1,237874 0,000138
strange 0,061875 0,000007
strangely 0,579818 0,000065
stranger 0,139262 0,000016
strangers 0,356675 0,000040
strangest 1,021651 0,000114
strangle 1,771957 0,000198
strap 1,771957 0,000198
strapped 1,966113 0,000219
stratagem 1,609438 0,000180
straw 0,356675 0,000040
stray 0,891598 0,000099
strayed 1,078810 0,000120
straying 1,832581 0,000205
streaky 3,506558 0,000391
stream 0,210721 0,000024
streamed 1,347074 0,000150
streaming 0,798508 0,000089
street 0,198451 0,000022
streets 0,274437 0,000031
strength 0,030459 0,000003
strengthen 0,916291 0,000102
strengthened 0,820981 0,000092
stress 0,891598 0,000099
stretched 0,274437 0,000031
stretching 0,733969 0,000082
strew 2,407946 0,000269
strewn 1,139434 0,000127
stricken 0,653926 0,000073
strict 0,210721 0,000024
strictly 0,579818 0,000065
strides 1,203973 0,000134
strike 0,210721 0,000024
strikes 0,544727 0,000061
striking 0,274437 0,000031
string 0,634878 0,000071
strip 0,597837 0,000067
striped 1,560648 0,000174
striving 0,755023 0,000084
strode 1,139434 0,000127
stroke 0,356675 0,000040
strokes 0,916291 0,000102
strong 0,030459 0,000003
stronger 0,287682 0,000032
strongest 0,653926 0,000073
strops 3,912023 0,000437
strove 1,078810 0,000120
struck 0,083382 0,000009
struggle 0,287682 0,000032
struggled 0,415515 0,000046
struggles 0,891598 0,000099
struggling 0,462035 0,000052
strung 1,386294 0,000155
stuck 0,462035 0,000052
studied 0,446287 0,000050
studiously 1,966113 0,000219
study 0,162519 0,000018
studying 0,653926 0,000073
stuff 0,385662 0,000043
stuffing 2,302585 0,000257
stumbled 0,891598 0,000099
stumbling 1,108663 0,000124
stump 1,309333 0,000146
stun 2,407946 0,000269
stunned 1,078810 0,000120
stunning 1,832581 0,000205
stupefaction 2,525729 0,000282
stupefied 1,714798 0,000191
stupid 0,478036 0,000053
stupidity 0,916291 0,000102
stupidly 1,660731 0,000185
stupor 1,560648 0,000174
sturdy 1,171183 0,000131
style 0,274437 0,000031
subdued 0,494296 0,000055
subject 0,072571 0,000008
subjected 0,820981 0,000092
subjects 0,356675 0,000040
submissively 2,120264 0,000237
submit 0,579818 0,000065
submitted 0,755023 0,000084
subscriptions 2,302585 0,000257
subsequent 0,867501 0,000097
subside 1,714798 0,000191
subsided 1,203973 0,000134
subsisted 1,832581 0,000205
subsistence 1,609438 0,000180
substance 0,415515 0,000046
substantial 0,755023 0,000084
substituted 1,386294 0,000155
substituting 1,897120 0,000212
subtle 0,733969 0,000082
suburb 1,469676 0,000164
suburbs 1,609438 0,000180
succeed 0,328504 0,000037
succeeded 0,186330 0,000021
succeeding 0,755023 0,000084
success 0,162519 0,000018
successful 0,478036 0,000053
succession 0,510826 0,000057
successive 0,891598 0,000099
succoured 2,813411 0,000314
sucking 1,203973 0,000134
sudden 0,072571 0,000008
suddenly 0,040822 0,000005
suddenness 1,469676 0,000164
suds 2,525729 0,000282
sue 1,714798 0,000191
suet 3,218876 0,000359
suffer 0,127833 0,000014
suffered 0,210721 0,000024
suffering 0,248461 0,000028
sufferings 0,616186 0,000069
suffice 0,673345 0,000075
sufficed 1,272966 0,000142
sufficiency 1,966113 0,000219
sufficient 0,139262 0,000016
suffocation 2,407946 0,000269
suffused 1,714798 0,000191
sugar 0,776529 0,000087
suggestion 0,510826 0,000057
suit 0,261365 0,000029
suited 0,597837 0,000067
suiting 2,302585 0,000257
suits 0,776529 0,000087
sulky 1,514128 0,000169
sullen 0,798508 0,000089
sullenly 1,427116 0,000159
sullenness 2,302585 0,000257
sullying 2,995732 0,000334
sultry 1,897120 0,000212
sum 0,356675 0,000040
summarily 2,659260 0,000297
summary 1,469676 0,000164
summer 0,186330 0,000021
summit 0,798508 0,000089
summon 0,967584 0,000108
summoned 0,733969 0,000082
summoning 1,609438 0,000180
summons 0,867501 0,000097
sun 0,072571 0,000008
sunday 0,494296 0,000055
sundays 1,309333 0,000146
sundries 3,912023 0,000437
sundry 1,386294 0,000155
sunk 0,371064 0,000041
sunken 1,309333 0,000146
sunlight 0,843970 0,000094
sunny 0,867501 0,000097
sunshine 0,616186 0,000069
sunshiny 2,813411 0,000314
superb 1,203973 0,000134
superfine 2,813411 0,000314
superintendence 1,832581 0,000205
superior 0,274437 0,000031
superiority 0,693147 0,000077
superiors 1,309333 0,000146
superlative 2,407946 0,000269
supper 0,446287 0,000050
supperless 3,218876 0,000359
supplication 1,203973 0,000134
supplied 0,478036 0,000053
supplies 0,891598 0,000099
supply 0,371064 0,000041
support 0,127833 0,000014
supported 0,415515 0,000046
supporting 0,653926 0,000073
suppose 0,072571 0,000008
supposed 0,174353 0,000019
supposes 1,771957 0,000198
supposing 0,478036 0,000053
supposition 0,820981 0,000092
suppress 1,049822 0,000117
suppressed 0,673345 0,000075
suppressing 1,427116 0,000159
suppression 1,609438 0,000180
supreme 0,616186 0,000069
surely 0,186330 0,000021
surface 0,301105 0,000034
surgeon 1,108663 0,000124
surly 1,771957 0,000198
surmises 1,714798 0,000191
surmount 1,714798 0,000191
surmounting 2,120264 0,000237
surname 1,832581 0,000205
surplice 2,407946 0,000269
surprise 0,174353 0,000019
surprised 0,210721 0,000024
surprising 0,544727 0,000061
surprisingly 1,966113 0,000219
surrey 2,120264 0,000237
surrounded 0,223144 0,000025
surrounding 0,693147 0,000077
survey 0,755023 0,000084
surveyed 1,139434 0,000127
surveying 1,108663 0,000124
survive 0,274437 0,000031
survived 1,021651 0,000114
survivors 1,771957 0,000198
susan 2,302585 0,000257
susceptible 1,386294 0,000155
suspect 0,342490 0,000038
suspected 0,328504 0,000037
suspecting 1,171183 0,000131
suspended 0,634878 0,000071
suspense 0,776529 0,000087
suspicion 0,287682 0,000032
suspicions 0,616186 0,000069
suspicious 0,579818 0,000065
suspiciously 1,832581 0,000205
sustainable 3,912023 0,000437
sustained 0,579818 0,000065
swag 2,995732 0,000334
swagger 2,407946 0,000269
swaggered 2,995732 0,000334
swaggering 2,407946 0,000269
swallow 0,616186 0,000069
swallowed 0,462035 0,000052
swallowing 1,347074 0,000150
swam 1,108663 0,000124
swamp 0,342490 0,000038
swear 0,494296 0,000055
sweat 0,634878 0,000071
sweep 0,673345 0,000075
sweeper 2,659260 0,000297
sweeping 0,820981 0,000092
sweepstakes 3,506558 0,000391
sweet 0,174353 0,000019
sweeter 1,108663 0,000124
sweetest 0,941609 0,000105
sweetness 0,673345 0,000075
swell 0,653926 0,000073
swelled 0,776529 0,000087
swelling 0,693147 0,000077
swept 0,385662 0,000043
swift 0,415515 0,000046
swiftest 1,832581 0,000205
swiftly 0,713350 0,000080
swing 0,693147 0,000077
swinging 0,798508 0,000089
swipes 3,912023 0,000437
swollen 0,867501 0,000097
swoon 1,469676 0,000164
swooned 1,832581 0,000205
swore 0,634878 0,000071
sworn 0,673345 0,000075
swung 0,733969 0,000082
syllable 0,994252 0,000111
sympathising 2,525729 0,000282
sympathy 0,328504 0,000037
symptoms 0,776529 0,000087
systematic 1,427116 0,000159
table 0,094311 0,000011
tablet 1,897120 0,000212
tacit 1,560648 0,000174
tack 1,560648 0,000174
tail 0,462035 0,000052
tailed 1,897120 0,000212
tails 0,713350 0,000080
taint 1,514128 0,000169
tainted 1,714798 0,000191
taker 2,659260 0,000297
tale 0,287682 0,000032
talents 0,798508 0,000089
tales 0,579818 0,000065
talk 0,083382 0,000009
talked 0,261365 0,000029
talking 0,150823 0,000017
tall 0,223144 0,000025
tallow 1,514128 0,000169
tamed 1,609438 0,000180
tangible 1,560648 0,000174
tantalising 3,218876 0,000359
tap 1,108663 0,000124
tape 1,832581 0,000205
tapped 1,171183 0,000131
tapping 1,347074 0,000150
tardily 2,995732 0,000334
tardiness 2,659260 0,000297
tartly 2,813411 0,000314
task 0,261365 0,000029
taste 0,174353 0,000019
tasted 0,544727 0,000061
tasting 1,203973 0,000134
tattered 1,309333 0,000146
taught 0,248461 0,000028
taunt 2,302585 0,000257
taunts 2,525729 0,000282
tavern 1,171183 0,000131
tea 0,579818 0,000065
teach 0,248461 0,000028
teachers 0,776529 0,000087
teaches 1,203973 0,000134
teacupful 3,912023 0,000437
teapot 2,040221 0,000228
tear 0,371064 0,000041
tearful 1,514128 0,000169
tearing 0,673345 0,000075
tears 0,150823 0,000017
teaspoon 2,995732 0,000334
teaspoons 3,912023 0,000437
tedious 0,755023 0,000084
teel 3,506558 0,000391
teeth 0,198451 0,000022
telescope 1,609438 0,000180
telling 1,560648 0,000174
temerity 1,966113 0,000219
temper 0,274437 0,000031
temperament 0,994252 0,000111
temperate 1,078810 0,000120
tempered 0,653926 0,000073
temple 0,527633 0,000059
temples 0,616186 0,000069
temporary 0,713350 0,000080
temptation 0,527633 0,000059
tempted 0,527633 0,000059
tempting 0,967584 0,000108
tenacity 1,609438 0,000180
tenanted 2,659260 0,000297
tend 0,733969 0,000082
tended 0,916291 0,000102
tendency 0,634878 0,000071
tender 0,314711 0,000035
tendered 2,525729 0,000282
tenderer 2,525729 0,000282
tenderest 1,714798 0,000191
tenderly 0,916291 0,000102
tenderness 0,616186 0,000069
tenement 1,832581 0,000205
tenements 2,659260 0,000297
tenterhooks 3,912023 0,000437
term 0,371064 0,000041
terminated 1,427116 0,000159
terminates 2,120264 0,000237
termination 1,309333 0,000146
terms 0,061875 0,000007
terrible 0,186330 0,000021
terrific 1,108663 0,000124
terrified 0,693147 0,000077
terror 0,198451 0,000022
terrors 0,843970 0,000094
testify 1,347074 0,000150
testily 2,120264 0,000237
testimony 0,579818 0,000065
texture 1,272966 0,000142
thames 1,660731 0,000185
thankful 0,843970 0,000094
thankfulness 1,832581 0,000205
thanksgiving 1,609438 0,000180
theatre 0,820981 0,000092
theft 1,347074 0,000150
theme 0,994252 0,000111
thenceforth 1,560648 0,000174
theoretically 2,120264 0,000237
theories 0,967584 0,000108
theory 0,478036 0,000053
thereabouts 1,609438 0,000180
thereat 2,207275 0,000246
therefrom 1,771957 0,000198
thereon 1,469676 0,000164
theretofore 3,218876 0,000359
thereunto 2,813411 0,000314
thickened 1,897120 0,000212
thickly 1,108663 0,000124
thief 0,653926 0,000073
thieved 3,912023 0,000437
thieves 0,994252 0,000111
thingummy 3,912023 0,000437
thinking 0,274437 0,000031
thirsty 0,843970 0,000094
thirteen 0,579818 0,000065
thither 0,579818 0,000065
thoroughfare 2,040221 0,000228
thoughtful 0,693147 0,000077
thoughtfully 0,994252 0,000111
thoughtless 1,108663 0,000124
thousandfold 2,407946 0,000269
thrashed 1,714798 0,000191
thrashing 1,609438 0,000180
thread 0,430783 0,000048
threadbare 1,560648 0,000174
threaded 1,660731 0,000185
threat 1,021651 0,000114
threatened 0,415515 0,000046
threatening 0,544727 0,000061
threats 0,994252 0,000111
threw 0,116534 0,000013
thrice 0,755023 0,000084
thrill 0,867501 0,000097
thrived 3,218876 0,000359
thriving 1,714798 0,000191
throat 0,261365 0,000029
throats 0,891598 0,000099
throbbing 1,347074 0,000150
throng 1,078810 0,000120
thronged 1,771957 0,000198
throttle 2,525729 0,000282
throttled 2,407946 0,000269
throve 2,995732 0,000334
throw 0,083382 0,000009
throwing 0,287682 0,000032
thrown 0,116534 0,000013
throws 0,916291 0,000102
thrust 0,328504 0,000037
thrusting 1,171183 0,000131
thumb 0,967584 0,000108
thumbed 2,995732 0,000334
thumbs 2,407946 0,000269
thunder 0,462035 0,000052
thundered 1,469676 0,000164
thundering 1,237874 0,000138
thursday 1,049822 0,000117
ti 2,659260 0,000297
tickers 3,912023 0,000437
ticketed 2,995732 0,000334
tickets 1,660731 0,000185
ticking 1,714798 0,000191
tickled 1,469676 0,000164
tide 0,653926 0,000073
tidings 1,139434 0,000127
tidy 1,272966 0,000142
tie 0,510826 0,000057
tied 0,261365 0,000029
tiers 2,525729 0,000282
tight 0,616186 0,000069
tightening 1,897120 0,000212
tighter 1,560648 0,000174
tightly 0,867501 0,000097
tiles 1,560648 0,000174
timber 0,867501 0,000097
time -0,009950 -0,000001
timed 1,560648 0,000174
timely 1,514128 0,000169
times 0,010050 0,000001
timid 0,544727 0,000061
timidity 1,469676 0,000164
timidly 1,171183 0,000131
timorously 2,995732 0,000334
tin 0,798508 0,000089
tinctured 3,218876 0,000359
tinge 1,386294 0,000155
tingling 1,660731 0,000185
tinker 2,302585 0,000257
tinkler 3,506558 0,000391
tints 1,560648 0,000174
tipsy 2,120264 0,000237
tiptoe 1,049822 0,000117
tiptoes 2,813411 0,000314
tirade 2,407946 0,000269
tire 0,994252 0,000111
tired 0,198451 0,000022
tittered 2,302585 0,000257
tittering 2,813411 0,000314
toast 1,309333 0,000146
toasted 2,207275 0,000246
toasting 2,813411 0,000314
tobacco 0,713350 0,000080
toby 2,995732 0,000334
toes 0,755023 0,000084
togs 2,659260 0,000297
toil 0,616186 0,000069
toiled 1,514128 0,000169
toilet 1,469676 0,000164
toiling 1,514128 0,000169
toils 1,237874 0,000138
token 0,798508 0,000089
tokens 1,386294 0,000155
tol 3,218876 0,000359
tolerable 0,994252 0,000111
tolerably 0,994252 0,000111
tolled 2,995732 0,000334
tolling 2,659260 0,000297
tom 1,049822 0,000117
tomb 0,916291 0,000102
tombs 1,427116 0,000159
tombstones 2,207275 0,000246
tommy 2,813411 0,000314
tomorrow 0,755023 0,000084
tone 0,248461 0,000028
tones 0,713350 0,000080
tongs 1,386294 0,000155
tongue 0,162519 0,000018
tonight 1,272966 0,000142
tools 0,820981 0,000092
toothache 2,040221 0,000228
toothless 2,120264 0,000237
toothpick 2,302585 0,000257
topics 1,427116 0,000159
torch 1,021651 0,000114
torches 1,171183 0,000131
tore 0,527633 0,000059
tormented 1,078810 0,000120
tormentor 2,207275 0,000246
tormentors 2,659260 0,000297
torn 0,248461 0,000028
torrent 0,941609 0,000105
tortoise 1,609438 0,000180
torture 0,579818 0,000065
tortured 0,843970 0,000094
tortures 1,309333 0,000146
toss 1,049822 0,000117
tossed 0,673345 0,000075
tossing 0,916291 0,000102
total 0,597837 0,000067
totally 0,916291 0,000102
totter 2,407946 0,000269
tottered 1,897120 0,000212
tottering 1,771957 0,000198
touch 0,083382 0,000009
touched 0,139262 0,000016
touches 0,798508 0,000089
touching 0,301105 0,000034
tour 0,941609 0,000105
tower 0,527633 0,000059
towering 1,469676 0,000164
town 0,105361 0,000012
towns 0,527633 0,000059
trace 0,371064 0,000041
traced 0,820981 0,000092
traces 0,673345 0,000075
tracing 1,237874 0,000138
track 0,510826 0,000057
tracked 1,832581 0,000205
tracks 1,139434 0,000127
trade 0,328504 0,000037
trader 1,609438 0,000180
traders 1,660731 0,000185
tradesman 1,714798 0,000191
trading 1,237874 0,000138
traffic 1,171183 0,000131
tragic 0,820981 0,000092
train 0,274437 0,000031
trained 0,544727 0,000061
training 0,776529 0,000087
traits 1,469676 0,000164
tramp 1,171183 0,000131
tramper 3,912023 0,000437
trampled 0,843970 0,000094
trampling 1,347074 0,000150
trance 1,469676 0,000164
tranquil 0,994252 0,000111
tranquillity 1,049822 0,000117
transact 1,966113 0,000219
transferred 0,994252 0,000111
transfixed 1,771957 0,000198
transitions 2,995732 0,000334
translate 1,427116 0,000159
translating 1,897120 0,000212
transport 1,108663 0,000124
transportation 1,714798 0,000191
transported 1,108663 0,000124
transporting 1,897120 0,000212
transports 1,560648 0,000174
trap 0,653926 0,000073
trapped 2,040221 0,000228
traps 1,386294 0,000155
trash 2,120264 0,000237
travel 0,356675 0,000040
travelled 0,941609 0,000105
traveller 1,021651 0,000114
travellers 0,994252 0,000111
travelling 0,693147 0,000077
travels 0,755023 0,000084
traversed 1,139434 0,000127
traversing 1,897120 0,000212
tray 1,309333 0,000146
treacherous 0,891598 0,000099
treachery 0,755023 0,000084
tread 0,562119 0,000063
treading 1,203973 0,000134
treadmill 2,995732 0,000334
treasures 0,755023 0,000084
treat 0,287682 0,000032
treated 0,261365 0,000029
treating 0,967584 0,000108
treatment 0,127833 0,000014
treats 1,108663 0,000124
treaty 1,427116 0,000159
treble 1,714798 0,000191
tree 0,235722 0,000026
trees 0,127833 0,000014
tremble 0,713350 0,000080
trembled 0,462035 0,000052
trembling 0,287682 0,000032
tremendous 0,693147 0,000077
tremulous 1,347074 0,000150
trespass 1,832581 0,000205
tressels 3,912023 0,000437
trial 0,314711 0,000035
trials 0,941609 0,000105
tribute 1,021651 0,000114
trick 0,510826 0,000057
trickling 1,609438 0,000180
tricks 0,579818 0,000065
trifle 0,579818 0,000065
trifles 0,994252 0,000111
trifling 0,653926 0,000073
trim 1,237874 0,000138
trinity 1,660731 0,000185
trinket 2,813411 0,000314
trinkets 1,660731 0,000185
trip 0,713350 0,000080
tripped 1,469676 0,000164
triumph 0,274437 0,000031
triumphant 0,798508 0,000089
triumphantly 0,941609 0,000105
trivet 3,912023 0,000437
trivial 0,776529 0,000087
trod 0,733969 0,000082
trodden 1,237874 0,000138
trot 1,139434 0,000127
trotted 1,427116 0,000159
trotter 2,813411 0,000314
trouble 0,051293 0,000006
troubled 0,287682 0,000032
troubles 0,478036 0,000053
troublesome 0,843970 0,000094
troubling 1,171183 0,000131
trousers 0,843970 0,000094
trudged 2,302585 0,000257
trudging 2,302585 0,000257
true 0,020203 0,000002
truest 1,203973 0,000134
trumpet 0,916291 0,000102
trunks 0,941609 0,000105
trust 0,116534 0,000013
trusted 0,544727 0,000061
trusting 0,867501 0,000097
trustworthy 1,514128 0,000169
truth 0,030459 0,000003
tub 1,386294 0,000155
tucked 1,237874 0,000138
tuesday 1,139434 0,000127
tuition 1,771957 0,000198
tumbled 0,867501 0,000097
tumbler 1,966113 0,000219
tumbling 0,967584 0,000108
tumblings 3,218876 0,000359
tumult 0,820981 0,000092
tumultuously 2,407946 0,000269
tune 0,755023 0,000084
turbid 2,207275 0,000246
turbulence 2,302585 0,000257
turbulent 1,560648 0,000174
turf 1,347074 0,000150
turk 1,560648 0,000174
turmoil 1,771957 0,000198
turmoils 3,506558 0,000391
turnkey 2,813411 0,000314
turnkeys 2,995732 0,000334
turnpike 2,207275 0,000246
tush 3,218876 0,000359
twelvemonth 2,040221 0,000228
twilight 0,733969 0,000082
twined 1,514128 0,000169
twining 2,813411 0,000314
twinkling 1,021651 0,000114
twins 1,714798 0,000191
twist 1,021651 0,000114
twisted 0,562119 0,000063
twisting 1,049822 0,000117
twitch 1,832581 0,000205
twitched 1,714798 0,000191
twofold 1,966113 0,000219
twopence 2,120264 0,000237
twopenny 2,995732 0,000334
tying 1,560648 0,000174
ud 2,207275 0,000246
uds 3,912023 0,000437
ugh 1,771957 0,000198
ugliness 1,660731 0,000185
ugly 0,415515 0,000046
ultimate 0,941609 0,000105
ultimately 1,108663 0,000124
umph 2,995732 0,000334
unable 0,248461 0,000028
unaccountable 1,108663 0,000124
unaccustomed 1,771957 0,000198
unadorned 2,207275 0,000246
unanimity 2,302585 0,000257
unanimously 1,660731 0,000185
unavailing 1,469676 0,000164
unavailingly 3,912023 0,000437
unavoidable 1,049822 0,000117
unbarred 2,659260 0,000297
unbecoming 1,660731 0,000185
unbeknown 3,218876 0,000359
unbidden 2,407946 0,000269
unbroken 0,733969 0,000082
unbuttoned 1,966113 0,000219
unceasingly 1,609438 0,000180
unceremoniously 1,966113 0,000219
uncertain 0,301105 0,000034
uncertainty 0,820981 0,000092
unchanged 0,994252 0,000111
unchecked 2,813411 0,000314
uncle 0,579818 0,000065
unclosed 2,407946 0,000269
uncomfortable 0,798508 0,000089
uncommon 0,798508 0,000089
uncommonly 1,386294 0,000155
unconcerned 1,660731 0,000185
unconditionally 2,659260 0,000297
unconscious 0,400478 0,000045
unconsciously 0,634878 0,000071
unconsciousness 1,771957 0,000198
unconstitutional 2,995732 0,000334
uncontradicted 3,218876 0,000359
uncontrollable 1,347074 0,000150
uncorked 2,995732 0,000334
uncouth 1,347074 0,000150
uncovered 1,108663 0,000124
undaunted 1,771957 0,000198
undecided 1,272966 0,000142
undefined 1,714798 0,000191
undergo 1,139434 0,000127
undergoing 1,427116 0,000159
undergone 1,237874 0,000138
undergrown 3,912023 0,000437
undermine 2,525729 0,000282
understand 0,030459 0,000003
understanding 0,223144 0,000025
understands 1,108663 0,000124
understood 0,061875 0,000007
undertake 0,579818 0,000065
undertaken 1,021651 0,000114
undertaker 2,040221 0,000228
undertaking 0,713350 0,000080
undertone 1,771957 0,000198
undertook 1,203973 0,000134
underwent 1,386294 0,000155
undid 1,897120 0,000212
undiminished 2,207275 0,000246
undisguised 2,120264 0,000237
undismayed 2,407946 0,000269
undo 1,309333 0,000146
undoes 3,506558 0,000391
undoubted 1,386294 0,000155
undraw 3,912023 0,000437
undrawing 3,912023 0,000437
undrew 3,506558 0,000391
undue 2,040221 0,000228
unearthly 1,560648 0,000174
uneasily 1,347074 0,000150
uneasy 0,544727 0,000061
unemployed 1,897120 0,000212
unequal 0,843970 0,000094
unequally 2,302585 0,000257
uneven 1,427116 0,000159
unexampled 2,525729 0,000282
unexpected 0,430783 0,000048
unexpectedly 0,916291 0,000102
unfair 1,049822 0,000117
unfasten 3,218876 0,000359
unfastened 1,714798 0,000191
unfavourable 1,514128 0,000169
unfeignedly 3,218876 0,000359
unfinished 1,049822 0,000117
unfit 1,108663 0,000124
unfolded 1,237874 0,000138
unfortunate 0,314711 0,000035
ungainly 2,120264 0,000237
ungovernable 2,040221 0,000228
ungrateful 0,798508 0,000089
unguarded 1,560648 0,000174
unhand 3,912023 0,000437
unhappiness 1,560648 0,000174
unhappy 0,400478 0,000045
unhealthy 1,309333 0,000146
unicorn 2,525729 0,000282
uniform 0,210721 0,000024
unimpaired 2,207275 0,000246
unimportant 1,386294 0,000155
uninhabited 1,609438 0,000180
unintelligible 1,237874 0,000138
unintentionally 1,966113 0,000219
uninterrupted 1,309333 0,000146
union 0,510826 0,000057
unite 1,078810 0,000120
united 0,094311 0,000011
universal 0,478036 0,000053
universally 0,967584 0,000108
unjust 0,693147 0,000077
unkind 1,386294 0,000155
unknown 0,105361 0,000012
unlawful 1,469676 0,000164
unlimited 1,078810 0,000120
unlocked 1,108663 0,000124
unlocking 1,771957 0,000198
unlooked 2,040221 0,000228
unloose 3,506558 0,000391
unloosened 3,912023 0,000437
unmindful 1,966113 0,000219
unmingled 2,813411 0,000314
unmitigated 2,525729 0,000282
unmixed 1,771957 0,000198
unmoved 0,916291 0,000102
unmusical 3,218876 0,000359
unnatural 0,713350 0,000080
unnaturally 1,660731 0,000185
unnecessary 0,653926 0,000073
unnoticed 1,514128 0,000169
unobserved 1,203973 0,000134
unoccupied 1,560648 0,000174
unoffending 2,995732 0,000334
unpack 2,995732 0,000334
unperceived 1,832581 0,000205
unpleasant 0,562119 0,000063
unpolite 3,912023 0,000437
unpoliteness 3,912023 0,000437
unprecedented 1,771957 0,000198
unprofitable 1,660731 0,000185
unpropitious 2,659260 0,000297
unprotected 0,673345 0,000075
unprovoked 2,659260 0,000297
unquenchable 2,659260 0,000297
unquestionably 1,427116 0,000159
unreasonable 0,967584 0,000108
unrelenting 2,525729 0,000282
unrelished 3,912023 0,000437
unreservedly 2,659260 0,000297
unsafe 1,897120 0,000212
unsatisfactory 1,609438 0,000180
unseasonable 1,897120 0,000212
unseen 0,616186 0,000069
unsentimental 3,506558 0,000391
unshaven 2,407946 0,000269
unshorn 2,995732 0,000334
unsightly 2,525729 0,000282
unspeakable 0,994252 0,000111
unstateable 3,912023 0,000437
unsteady 1,469676 0,000164
unsuccessful 0,994252 0,000111
unsupported 2,040221 0,000228
untasted 2,120264 0,000237
untenanted 2,040221 0,000228
untidy 1,660731 0,000185
untied 1,609438 0,000180
untiring 2,207275 0,000246
untying 2,659260 0,000297
unusual 0,415515 0,000046
unusually 0,891598 0,000099
unwashed 2,525729 0,000282
unwelcome 1,469676 0,000164
unwholesome 1,771957 0,000198
unwilling 0,653926 0,000073
unwillingly 1,171183 0,000131
unwonted 1,309333 0,000146
unworthiness 2,207275 0,000246
unworthy 0,673345 0,000075
upper 0,314711 0,000035
uppermost 1,237874 0,000138
upraised 2,120264 0,000237
upright 0,328504 0,000037
uproariously 2,813411 0,000314
uprose 2,525729 0,000282
upset 0,776529 0,000087
upstairs 0,891598 0,000099
upturned 2,040221 0,000228
upward 0,579818 0,000065
urge 0,967584 0,000108
urged 0,356675 0,000040
urging 0,967584 0,000108
usage 0,891598 0,000099
useless 0,235722 0,000026
ushered 1,386294 0,000155
ushering 2,659260 0,000297
usual 0,139262 0,000016
utensils 1,386294 0,000155
utmost 0,356675 0,000040
utter 0,248461 0,000028
utterance 0,941609 0,000105
uttered 0,430783 0,000048
uttering 0,994252 0,000111
utterly 0,371064 0,000041
vacant 0,693147 0,000077
vacantly 1,897120 0,000212
vagabond 1,309333 0,000146
vagabonds 2,407946 0,000269
vagrant 2,040221 0,000228
vague 0,579818 0,000065
vain 0,116534 0,000013
vale 1,347074 0,000150
valiantly 2,040221 0,000228
valuable 0,371064 0,000041
vamper 3,912023 0,000437
vampire 2,040221 0,000228
vanish 0,967584 0,000108
vanished 0,527633 0,000059
vapour 1,514128 0,000169
varied 0,673345 0,000075
variety 0,162519 0,000018
varying 0,755023 0,000084
vase 1,560648 0,000174
vassals 2,407946 0,000269
vast 0,223144 0,000025
vault 1,237874 0,000138
vaults 1,560648 0,000174
vaunt 2,120264 0,000237
vegetables 1,049822 0,000117
vehemence 1,108663 0,000124
vehement 1,427116 0,000159
vehemently 1,386294 0,000155
vehicle 1,049822 0,000117
vehicles 1,469676 0,000164
veil 0,544727 0,000061
veins 0,544727 0,000061
velvet 0,916291 0,000102
velveteen 3,218876 0,000359
vend 3,218876 0,000359
vendor 2,813411 0,000314
venerable 0,843970 0,000094
vengeance 0,579818 0,000065
vent 0,916291 0,000102
vented 2,302585 0,000257
ventriloquial 3,912023 0,000437
venture 0,342490 0,000038
ventured 0,478036 0,000053
venturing 1,272966 0,000142
ver 2,995732 0,000334
verdict 1,272966 0,000142
verge 0,967584 0,000108
verified 1,469676 0,000164
verses 0,941609 0,000105
vessel 0,510826 0,000057
vessels 0,713350 0,000080
vestige 1,386294 0,000155
vestry 2,207275 0,000246
vex 1,427116 0,000159
vexation 0,867501 0,000097
vexed 0,733969 0,000082
viands 1,771957 0,000198
vibrate 2,207275 0,000246
vibrated 1,771957 0,000198
vice 0,527633 0,000059
vices 0,867501 0,000097
vicinity 1,078810 0,000120
vicious 0,653926 0,000073
victim 0,462035 0,000052
victims 0,916291 0,000102
victuals 2,120264 0,000237
view 0,105361 0,000012
viewed 0,261365 0,000029
vigorous 0,544727 0,000061
vigorously 1,021651 0,000114
vigour 0,843970 0,000094
vii 0,430783 0,000048
viii 0,446287 0,000050
vile 0,693147 0,000077
village 0,356675 0,000040
villagers 1,514128 0,000169
villages 0,820981 0,000092
villain 0,967584 0,000108
villainous 1,609438 0,000180
villainy 1,832581 0,000205
vindicated 2,207275 0,000246
vindictive 1,714798 0,000191
violence 0,248461 0,000028
violent 0,223144 0,000025
violently 0,462035 0,000052
virtue 0,328504 0,000037
virtues 0,597837 0,000067
virtuous 0,653926 0,000073
visaged 3,218876 0,000359
visible 0,235722 0,000026
visibly 0,916291 0,000102
vision 0,371064 0,000041
visionary 1,427116 0,000159
visions 0,733969 0,000082
visit 0,061875 0,000007
visitation 1,771957 0,000198
visited 0,328504 0,000037
visiting 0,713350 0,000080
visitor 0,713350 0,000080
visitors 0,653926 0,000073
visits 0,544727 0,000061
vivacious 1,832581 0,000205
vivaciously 2,525729 0,000282
vivid 0,776529 0,000087
vixenish 3,506558 0,000391
vocular 3,912023 0,000437
voice 0,020203 0,000002
voices 0,287682 0,000032
volley 1,560648 0,000174
volubility 2,407946 0,000269
volume 0,494296 0,000055
volumes 0,755023 0,000084
voluntarily 0,891598 0,000099
voluntary 0,843970 0,000094
volunteered 1,660731 0,000185
voracious 2,040221 0,000228
vote 1,078810 0,000120
voyage 0,653926 0,000073
vulgar 0,634878 0,000071
vulnerable 2,120264 0,000237
wages 0,916291 0,000102
wagged 2,040221 0,000228
wagging 2,120264 0,000237
waggish 2,407946 0,000269
waggishness 3,912023 0,000437
waggon 1,897120 0,000212
waggoner 3,506558 0,000391
waggons 2,040221 0,000228
wail 1,309333 0,000146
wainscot 2,813411 0,000314
waist 0,713350 0,000080
waistcoat 1,021651 0,000114
waistcoated 3,506558 0,000391
waistcoats 1,832581 0,000205
wait 0,094311 0,000011
waited 0,198451 0,000022
waiter 1,108663 0,000124
waiting 0,083382 0,000009
waits 1,139434 0,000127
wake 0,462035 0,000052
wakeful 1,832581 0,000205
waken 1,714798 0,000191
wakened 1,714798 0,000191
wakes 1,469676 0,000164
waking 0,562119 0,000063
wales 1,660731 0,000185
walk 0,105361 0,000012
walked 0,210721 0,000024
walking 0,083382 0,000009
walks 0,162519 0,000018
wall 0,198451 0,000022
wallowing 2,120264 0,000237
walls 0,139262 0,000016
wander 0,579818 0,000065
wandered 0,494296 0,000055
wandering 0,274437 0,000031
wanderings 1,237874 0,000138
wane 1,714798 0,000191
war 0,162519 0,000018
ward 0,916291 0,000102
warden 2,120264 0,000237
wardens 3,218876 0,000359
warders 2,995732 0,000334
wardrobe 1,139434 0,000127
warehouse 1,514128 0,000169
warehouses 1,966113 0,000219
wares 1,832581 0,000205
warlike 1,427116 0,000159
warm 0,139262 0,000016
warmed 0,867501 0,000097
warmer 0,994252 0,000111
warmest 1,660731 0,000185
warming 1,469676 0,000164
warmly 0,798508 0,000089
warmth 0,579818 0,000065
warn 0,579818 0,000065
warned 0,527633 0,000059
warning 0,248461 0,000028
warnings 1,514128 0,000169
warrant 0,713350 0,000080
wary 1,203973 0,000134
wash 0,478036 0,000053
washable 3,912023 0,000437
washed 0,494296 0,000055
washerwoman 2,407946 0,000269
washes 1,714798 0,000191
washing 0,579818 0,000065
waste 0,186330 0,000021
wasted 0,400478 0,000045
wastes 1,897120 0,000212
wasting 0,673345 0,000075
watch 0,094311 0,000011
watched 0,210721 0,000024
watchers 2,302585 0,000257
watches 0,798508 0,000089
watching 0,210721 0,000024
watchman 1,427116 0,000159
watchword 2,525729 0,000282
water 0,051293 0,000006
watering 1,347074 0,000150
waterproof 2,407946 0,000269
waterside 2,995732 0,000334
wave 0,527633 0,000059
waved 0,755023 0,000084
wavered 1,660731 0,000185
wavering 1,078810 0,000120
waving 0,653926 0,000073
waxwork 2,995732 0,000334
wayfarer 2,659260 0,000297
wayside 1,714798 0,000191
weak 0,116534 0,000013
weakened 0,994252 0,000111
weakest 1,427116 0,000159
weakly 1,347074 0,000150
weakness 0,261365 0,000029
weaknesses 1,386294 0,000155
wealthy 0,673345 0,000075
weapon 0,634878 0,000071
wear 0,274437 0,000031
wearer 1,966113 0,000219
wearied 0,820981 0,000092
wearily 1,272966 0,000142
weariness 0,755023 0,000084
wearing 0,415515 0,000046
wears 0,891598 0,000099
weary 0,198451 0,000022
weather 0,248461 0,000028
weave 1,660731 0,000185
wedding 0,776529 0,000087
wedges 2,659260 0,000297
weeding 2,659260 0,000297
weeds 1,021651 0,000114
week 0,235722 0,000026
weekly 1,203973 0,000134
weeks 0,248461 0,000028
weep 0,755023 0,000084
weeping 0,544727 0,000061
weighed 0,430783 0,000048
weight 0,116534 0,000013
weightier 3,506558 0,000391
wended 2,659260 0,000297
wept 0,597837 0,000067
west 0,083382 0,000009
wet 0,287682 0,000032
wharfs 3,912023 0,000437
whatsoever 0,287682 0,000032
wheel 0,446287 0,000050
wheeled 1,021651 0,000114
wheels 0,616186 0,000069
whereabout 2,813411 0,000314
wherefore 1,139434 0,000127
whereof 1,237874 0,000138
whereunto 2,525729 0,000282
wherewith 1,514128 0,000169
whew 2,407946 0,000269
whiff 1,832581 0,000205
whimpered 2,525729 0,000282
whimpering 1,966113 0,000219
whining 1,660731 0,000185
whip 0,597837 0,000067
whippers 2,995732 0,000334
whirl 1,078810 0,000120
whirled 1,078810 0,000120
whirling 0,843970 0,000094
whisked 2,040221 0,000228
whisker 2,525729 0,000282
whiskers 1,171183 0,000131
whisper 0,446287 0,000050
whispered 0,400478 0,000045
whispering 0,820981 0,000092
whispers 1,049822 0,000117
whist 1,771957 0,000198
whistle 0,843970 0,000094
whistled 1,078810 0,000120
whistling 0,916291 0,000102
whit 1,171183 0,000131
white 0,051293 0,000006
whitechapel 2,995732 0,000334
whiteness 1,139434 0,000127
wholesale 1,771957 0,000198
wholesome 0,867501 0,000097
wholesomely 3,218876 0,000359
wholly 0,400478 0,000045
whooping 2,407946 0,000269
whop 3,912023 0,000437
whopping 3,912023 0,000437
wice 3,912023 0,000437
wick 1,897120 0,000212
wicked 0,356675 0,000040
wickedness 0,916291 0,000102
wicket 1,660731 0,000185
wide 0,061875 0,000007
widen 2,040221 0,000228
wider 0,755023 0,000084
widow 0,579818 0,000065
widows 1,660731 0,000185
wife 0,094311 0,000011
wig 1,309333 0,000146
wigs 2,120264 0,000237
wild 0,051293 0,000006
wildest 1,272966 0,000142
wildly 0,776529 0,000087
wildness 1,514128 0,000169
wile 2,659260 0,000297
wiles 1,771957 0,000198
wilfully 1,609438 0,000180
willed 1,347074 0,000150
william 0,798508 0,000089
willingly 0,527633 0,000059
wily 1,771957 0,000198
win 0,462035 0,000052
wind 0,105361 0,000012
winder 3,218876 0,000359
winding 0,634878 0,000071
window 0,274437 0,000031
windows 0,261365 0,000029
windpipe 2,995732 0,000334
winds 0,494296 0,000055
windy 1,469676 0,000164
wine 0,248461 0,000028
winged 1,272966 0,000142
wink 1,078810 0,000120
winked 1,272966 0,000142
winking 1,309333 0,000146
winnings 2,659260 0,000297
winter 0,198451 0,000022
winters 1,514128 0,000169
wipe 0,776529 0,000087
wiped 0,733969 0,000082
wipes 3,218876 0,000359
wiping 1,108663 0,000124
wisdom 0,287682 0,000032
wise 0,105361 0,000012
wisely 0,653926 0,000073
wiser 0,597837 0,000067
wistful 2,207275 0,000246
wistfully 1,832581 0,000205
wit 0,328504 0,000037
withal 1,347074 0,000150
withdraw 0,597837 0,000067
withdrawing 1,078810 0,000120
withdrawn 0,616186 0,000069
withdrew 0,510826 0,000057
withered 0,843970 0,000094
withering 1,714798 0,000191
withheld 1,108663 0,000124
witness 0,198451 0,000022
witnessed 0,798508 0,000089
witnesses 0,579818 0,000065
witted 1,609438 0,000180
witticism 2,659260 0,000297
witticisms 2,302585 0,000257
wives 0,400478 0,000045
woe 0,755023 0,000084
woke 0,820981 0,000092
wolf 0,867501 0,000097
wolves 1,049822 0,000117
woman 0,061875 0,000007
womanhood 1,771957 0,000198
womanly 1,560648 0,000174
women 0,094311 0,000011
wonderful 0,162519 0,000018
wonderment 2,302585 0,000257
wood 0,116534 0,000013
wooden 0,415515 0,000046
woods 0,430783 0,000048
woollen 1,660731 0,000185
word 0,020203 0,000002
wore 0,274437 0,000031
workhouse 2,302585 0,000257
workman 1,078810 0,000120
workmanship 1,272966 0,000142
workmen 0,916291 0,000102
workshop 1,966113 0,000219
worldliness 3,218876 0,000359
worldly 0,820981 0,000092
worm 0,843970 0,000094
worms 1,078810 0,000120
worn 0,223144 0,000025
worried 0,867501 0,000097
worrit 3,506558 0,000391
worry 0,820981 0,000092
worse 0,083382 0,000009
worship 0,544727 0,000061
worst 0,186330 0,000021
worsted 1,832581 0,000205
worth 0,061875 0,000007
worthier 1,966113 0,000219
worthies 2,207275 0,000246
worthy 0,186330 0,000021
wot 2,040221 0,000228
wound 0,274437 0,000031
wounded 0,274437 0,000031
wounds 0,562119 0,000063
wrangling 2,207275 0,000246
wrapped 0,579818 0,000065
wrapper 1,897120 0,000212
wrapping 1,386294 0,000155
wrapt 1,714798 0,000191
wrath 0,634878 0,000071
wreaked 2,995732 0,000334
wreck 0,941609 0,000105
wrench 1,514128 0,000169
wrenched 1,427116 0,000159
wrenching 2,207275 0,000246
wrested 1,832581 0,000205
wrestling 1,469676 0,000164
wretch 0,733969 0,000082
wretched 0,328504 0,000037
wretchedness 1,139434 0,000127
wretches 1,237874 0,000138
wringing 1,609438 0,000180
wrings 2,813411 0,000314
wrinkled 1,021651 0,000114
wrist 0,967584 0,000108
wrists 1,272966 0,000142
write 0,150823 0,000017
writer 0,415515 0,000046
writhed 1,386294 0,000155
writhing 1,203973 0,000134
writing 0,061875 0,000007
written 0,051293 0,000006
wrong 0,083382 0,000009
wrongs 1,078810 0,000120
wrote 0,150823 0,000017
wrung 1,021651 0,000114
wry 2,207275 0,000246
wud 3,912023 0,000437
xi 0,597837 0,000067
xii 0,579818 0,000065
xiii 0,673345 0,000075
xiv 0,693147 0,000077
xix 0,867501 0,000097
xvi 0,776529 0,000087
xvii 0,843970 0,000094
xviii 0,891598 0,000099
xx 0,916291 0,000102
xxi 0,867501 0,000097
xxii 0,967584 0,000108
xxiii 0,967584 0,000108
xxiv 0,994252 0,000111
xxv 1,108663 0,000124
xxx 1,272966 0,000142
yard 0,430783 0,000048
yards 0,400478 0,000045
yawn 1,309333 0,000146
yawned 1,272966 0,000142
yearn 2,207275 0,000246
yell 1,203973 0,000134
yelled 1,427116 0,000159
yelling 1,514128 0,000169
yellow 0,328504 0,000037
yells 1,714798 0,000191
yer 2,040221 0,000228
yesterday 0,301105 0,000034
yew 2,040221 0,000228
yield 0,342490 0,000038
yielded 0,510826 0,000057
yielding 0,653926 0,000073
yoke 1,049822 0,000117
yokel 3,912023 0,000437
yonder 0,843970 0,000094
youngster 1,514128 0,000169
younker 3,506558 0,000391
youth 0,150823 0,000017
youthful 0,673345 0,000075
youths 1,108663 0,000124
zealous 1,049822 0,000117
zenith 1,469676 0,000164
