abandoned 0,371064 0,000065
abatement 2,120264 0,000374
abhor 1,469676 0,000259
abhorred 1,560648 0,000275
abhorrence 1,560648 0,000275
abide 0,287682 0,000051
abilities 1,139434 0,000201
ability 0,579818 0,000102
abode 0,616186 0,000109
abominably 1,897120 0,000335
abounded 1,771957 0,000313
abridge 2,302585 0,000406
abridgement 2,995732 0,000529
abruptly 0,843970 0,000149
abruptness 2,302585 0,000406
absence 0,274437 0,000048
absent 0,385662 0,000068
absolute 0,400478 0,000071
absolutely 0,287682 0,000051
abstracted 1,309333 0,000231
abstraction 1,609438 0,000284
abstruse 1,966113 0,000347
absurd 0,430783 0,000076
absurdity 1,203973 0,000212
abundance 0,843970 0,000149
abundantly 1,272966 0,000225
abuse 0,673345 0,000119
abused 0,843970 0,000149
abuses 2,040221 0,000360
acacia 3,218876 0,000568
accelerate 2,407946 0,000425
accent 0,843970 0,000149
accents 1,272966 0,000225
accept 0,094311 0,000017
acceptable 0,967584 0,000171
acceptably 3,218876 0,000568
acceptance 0,967584 0,000171
accepted 0,139262 0,000025
accepting 0,287682 0,000051
access 0,314711 0,000056
accessed 0,562119 0,000099
accessible 0,446287 0,000079
accident 0,371064 0,000065
accidental 0,755023 0,000133
accidentally 0,820981 0,000145
accommodate 1,386294 0,000245
accommodating 2,207275 0,000390
accommodation 1,237874 0,000218
accommodations 2,207275 0,000390
accompanied 0,223144 0,000039
accompany 0,562119 0,000099
accomplished 0,385662 0,000068
accomplishment 1,139434 0,000201
accordant 2,995732 0,000529
accosted 1,386294 0,000245
account 0,010050 0,000002
accounted 0,891598 0,000157
accounts 0,597837 0,000106
accrue 3,218876 0,000568
accurately 1,049822 0,000185
accusation 1,049822 0,000185
accuse 0,916291 0,000162
accustom 1,714798 0,000303
aches 1,966113 0,000347
aching 1,309333 0,000231
acknowledge 0,527633 0,000093
acknowledged 0,597837 0,000106
acknowledging 1,386294 0,000245
acknowledgment 1,347074 0,000238
acknowledgments 2,302585 0,000406
acquaintance 0,301105 0,000053
acquaintances 1,021651 0,000180
acquainted 0,385662 0,000068
acquiesced 1,469676 0,000259
acquiescence 1,427116 0,000252
acquired 0,462035 0,000082
acquisition 1,309333 0,000231
acquit 1,514128 0,000267
acquitted 1,347074 0,000238
acquitting 3,912023 0,000690
acting 1,609438 0,000284
action 0,139262 0,000025
actions 0,356675 0,000063
active 0,127833 0,000023
actual 0,174353 0,000031
acute 0,733969 0,000130
acutely 1,832581 0,000323
acuteness 1,427116 0,000252
adapted 0,798508 0,000141
add 0,198451 0,000035
adding 0,510826 0,000090
addition 0,116534 0,000021
additional 0,198451 0,000035
additions 0,371064 0,000065
address 0,116534 0,000021
addressed 0,274437 0,000048
addresses 0,385662 0,000068
addressing 0,579818 0,000102
adequate 1,309333 0,000231
adhering 1,832581 0,000323
adieu 1,237874 0,000218
adieus 2,813411 0,000497
adjoining 0,843970 0,000149
adjusting 1,714798 0,000303
administer 1,771957 0,000313
administering 1,897120 0,000335
admirable 0,527633 0,000093
admiration 0,342490 0,000060
admire 0,527633 0,000093
admired 0,579818 0,000102
admirers 1,272966 0,000225
admires 1,897120 0,000335
admiring 0,776529 0,000137
admission 0,713350 0,000126
admit 0,235722 0,000042
admittance 1,427116 0,000252
admitted 0,301105 0,000053
admitting 1,078810 0,000190
adopt 0,733969 0,000130
adorned 0,941609 0,000166
advance 0,223144 0,000039
advanced 0,274437 0,000048
advancement 1,203973 0,000212
advances 0,820981 0,000145
advancing 0,579818 0,000102
advantage 0,139262 0,000025
advantageous 1,237874 0,000218
advantages 0,579818 0,000102
advice 0,186330 0,000033
advisable 1,309333 0,000231
advise 0,462035 0,000082
advised 0,616186 0,000109
affability 1,897120 0,000335
affable 1,514128 0,000267
affair 0,301105 0,000053
affairs 0,235722 0,000042
affect 0,478036 0,000084
affectation 1,108663 0,000196
affectedly 2,407946 0,000425
affection 0,235722 0,000042
affectionate 0,616186 0,000109
affectionately 1,237874 0,000218
affections 0,798508 0,000141
affirmative 1,203973 0,000212
affixed 2,207275 0,000390
afflict 1,897120 0,000335
afflicted 0,693147 0,000122
afflicting 2,302585 0,000406
affliction 0,867501 0,000153
afflictions 2,040221 0,000360
affluence 1,966113 0,000347
afford 0,301105 0,000053
afforded 0,616186 0,000109
affording 1,427116 0,000252
affront 1,386294 0,000245
affronting 2,995732 0,000529
afraid 0,105361 0,000019
afternoon 0,287682 0,000051
afterward 1,139434 0,000201
age 0,051293 0,000009
aged 0,198451 0,000035
agent 0,274437 0,000048
ages 0,261365 0,000046
aggrandizement 2,659260 0,000469
aggravation 1,966113 0,000347
agitate 2,525729 0,000446
agitated 0,693147 0,000122
agitation 0,713350 0,000126
agonies 1,427116 0,000252
agony 0,544727 0,000096
agree 0,116534 0,000021
agreeable 0,462035 0,000082
agreed 0,116534 0,000021
agreeing 1,347074 0,000238
agreement 0,210721 0,000037
aid 0,287682 0,000051
ailment 2,407946 0,000425
ailments 2,407946 0,000425
aim 0,462035 0,000082
aimed 0,891598 0,000157
air 0,061875 0,000011
alacrity 1,108663 0,000196
alarm 0,356675 0,000063
alarmed 0,478036 0,000084
alarming 0,867501 0,000153
alarms 1,771957 0,000313
alienated 2,040221 0,000360
alighted 1,139434 0,000201
alike 0,287682 0,000051
alive 0,051293 0,000009
alleged 1,386294 0,000245
alleviation 2,525729 0,000446
allowable 2,040221 0,000360
allowance 0,776529 0,000137
allowances 1,966113 0,000347
alloy 1,966113 0,000347
alluded 1,139434 0,000201
allusion 0,843970 0,000149
aloud 0,301105 0,000053
alphabet 1,609438 0,000284
altar 0,820981 0,000145
alter 0,544727 0,000096
alteration 0,314711 0,000056
alterations 1,108663 0,000196
altered 0,510826 0,000090
altering 1,514128 0,000267
alternate 0,328504 0,000058
alternately 1,021651 0,000180
alternative 1,078810 0,000190
altogether 0,198451 0,000035
amazement 0,446287 0,000079
amazing 0,941609 0,000166
amazingly 1,771957 0,000313
ambition 0,597837 0,000106
amended 2,040221 0,000360
amendment 1,714798 0,000303
amends 1,108663 0,000196
amiable 0,755023 0,000133
amiably 2,302585 0,000406
amiss 0,820981 0,000145
ample 0,527633 0,000093
amply 0,967584 0,000171
amuse 0,798508 0,000141
amused 0,562119 0,000099
amusement 0,544727 0,000096
amusements 1,139434 0,000201
amusing 0,693147 0,000122
ancient 0,198451 0,000035
anew 0,867501 0,000153
angel 0,579818 0,000102
anger 0,328504 0,000058
angrily 0,867501 0,000153
angry 0,174353 0,000031
anguish 0,579818 0,000102
animated 0,755023 0,000133
animating 2,120264 0,000374
animation 1,171183 0,000207
ankle 1,171183 0,000207
ankles 1,347074 0,000238
anne 1,560648 0,000275
annexed 1,469676 0,000259
annihilation 1,514128 0,000267
annuities 2,995732 0,000529
annuity 2,525729 0,000446
annum 2,040221 0,000360
answer 0,040822 0,000007
answerable 1,660731 0,000293
answered 0,072571 0,000013
answering 0,510826 0,000090
answers 0,415515 0,000073
anticipate 1,237874 0,000218
anticipated 0,755023 0,000133
anticipating 1,469676 0,000259
anticipation 0,843970 0,000149
anticipations 1,609438 0,000284
anxiety 0,287682 0,000051
anxious 0,261365 0,000046
anxiously 0,693147 0,000122
apartment 0,693147 0,000122
apartments 0,994252 0,000175
apiece 1,309333 0,000231
apologies 1,237874 0,000218
apologising 2,995732 0,000529
apologize 1,714798 0,000303
apologized 2,040221 0,000360
apology 0,713350 0,000126
apothecary 1,714798 0,000303
apparent 0,314711 0,000056
appeal 0,342490 0,000060
appearance 0,083382 0,000015
appearances 0,693147 0,000122
appeased 1,272966 0,000225
appetite 0,371064 0,000065
appetites 1,049822 0,000185
applauded 1,427116 0,000252
applicable 0,400478 0,000071
application 0,733969 0,000130
applied 0,287682 0,000051
apply 0,162519 0,000029
applying 1,108663 0,000196
appointed 0,356675 0,000063
appointment 0,693147 0,000122
apprehended 1,272966 0,000225
apprehension 0,616186 0,000109
apprehensions 1,078810 0,000190
apprehensive 1,514128 0,000267
approach 0,083382 0,000015
approached 0,248461 0,000044
approaching 0,235722 0,000042
approbation 1,203973 0,000212
approve 0,653926 0,000115
approved 0,693147 0,000122
apricot 2,995732 0,000529
april 0,798508 0,000141
aptitude 1,771957 0,000313
arbour 2,207275 0,000390
archive 0,544727 0,000096
archness 3,218876 0,000568
ardent 0,941609 0,000166
ardour 1,272966 0,000225
argue 0,597837 0,000106
argument 0,371064 0,000065
arguments 0,562119 0,000099
arm 0,094311 0,000017
arms 0,051293 0,000009
army 0,371064 0,000065
arranged 0,328504 0,000058
arrangement 0,462035 0,000082
arrangements 0,634878 0,000112
arranging 0,820981 0,000145
array 0,314711 0,000056
arrival 0,356675 0,000063
arrive 0,314711 0,000056
arrived 0,150823 0,000027
arrives 1,078810 0,000190
arriving 0,634878 0,000112
art 0,139262 0,000025
artful 1,171183 0,000207
article 0,673345 0,000119
articulate 1,469676 0,000259
articulation 2,302585 0,000406
artificial 0,616186 0,000109
artless 1,897120 0,000335
artlessness 3,218876 0,000568
ascended 0,713350 0,000126
ascending 1,049822 0,000185
ascertain 0,798508 0,000141
ascertained 1,021651 0,000180
ascii 0,562119 0,000099
ash 1,386294 0,000245
ashamed 0,248461 0,000044
asleep 0,162519 0,000029
aspect 0,462035 0,000082
assembled 0,510826 0,000090
assemblies 1,514128 0,000267
assent 0,916291 0,000162
assented 1,108663 0,000196
asserted 0,755023 0,000133
assertion 0,941609 0,000166
assertions 1,966113 0,000347
assiduities 3,912023 0,000690
assiduous 1,966113 0,000347
assigned 0,733969 0,000130
assist 0,510826 0,000090
assistance 0,105361 0,000019
assisted 0,634878 0,000112
assisting 1,078810 0,000190
associate 1,021651 0,000180
associating 2,040221 0,000360
assuage 2,120264 0,000374
assurance 0,430783 0,000076
assurances 1,714798 0,000303
assure 0,385662 0,000068
assured 0,301105 0,000053
assuring 0,967584 0,000171
astonished 0,301105 0,000053
astonishing 0,653926 0,000115
astonishment 0,301105 0,000053
astray 1,078810 0,000190
asunder 1,108663 0,000196
ate 0,415515 0,000073
atmosphere 0,579818 0,000102
atone 1,386294 0,000245
atoned 1,966113 0,000347
atonement 1,427116 0,000252
atoning 2,995732 0,000529
attach 0,967584 0,000171
attached 0,127833 0,000023
attaching 1,514128 0,000267
attachment 0,941609 0,000166
attachments 2,302585 0,000406
attack 0,301105 0,000053
attacked 0,462035 0,000082
attacks 0,867501 0,000153
attainable 2,207275 0,000390
attained 0,494296 0,000087
attempt 0,083382 0,000015
attempted 0,356675 0,000063
attempting 0,579818 0,000102
attempts 0,478036 0,000084
attend 0,301105 0,000053
attendance 0,798508 0,000141
attendant 0,733969 0,000130
attendants 1,108663 0,000196
attended 0,342490 0,000060
attending 0,713350 0,000126
attention 0,083382 0,000015
attentions 1,049822 0,000185
attentive 0,713350 0,000126
attentively 0,755023 0,000133
attitude 0,478036 0,000084
attract 0,634878 0,000112
attracted 0,356675 0,000063
attraction 0,798508 0,000141
attractions 1,309333 0,000231
attractive 0,820981 0,000145
attribute 1,078810 0,000190
attributed 0,867501 0,000153
attributing 2,040221 0,000360
audacity 1,237874 0,000218
audible 0,916291 0,000162
auditors 2,120264 0,000374
augment 1,714798 0,000303
augmented 1,386294 0,000245
augmenting 2,302585 0,000406
aunt 0,843970 0,000149
auspicious 1,966113 0,000347
auspiciously 3,912023 0,000690
author 0,116534 0,000021
authorised 2,525729 0,000446
authority 0,261365 0,000046
authors 0,941609 0,000166
autumn 0,653926 0,000115
avail 0,544727 0,000096
availed 1,272966 0,000225
avarice 1,049822 0,000185
avoid 0,174353 0,000031
avoided 0,371064 0,000065
avoiding 1,021651 0,000180
avowal 1,771957 0,000313
await 0,776529 0,000137
awaited 0,733969 0,000130
awake 0,356675 0,000063
awaken 0,891598 0,000157
awakened 0,673345 0,000119
awakening 1,108663 0,000196
awaking 1,897120 0,000335
aware 0,223144 0,000039
awful 0,328504 0,000058
awhile 0,967584 0,000171
awkward 0,544727 0,000096
awkwardness 1,386294 0,000245
awoke 0,446287 0,000079
ay 1,108663 0,000196
aye 1,347074 0,000238
baby 0,673345 0,000119
bachelor 1,078810 0,000190
backwardness 2,659260 0,000469
bad 0,051293 0,000009
badness 2,040221 0,000360
bags 0,967584 0,000171
ball 0,356675 0,000063
balls 0,798508 0,000141
banditti 2,525729 0,000446
banish 1,347074 0,000238
banished 0,941609 0,000166
bank 0,261365 0,000046
banker 1,309333 0,000231
banns 3,506558 0,000619
barbarous 1,108663 0,000196
barbarously 2,659260 0,000469
bargain 0,597837 0,000106
barouche 2,659260 0,000469
barouches 3,506558 0,000619
bartlett 3,218876 0,000568
barton 2,995732 0,000529
based 0,371064 0,000065
bashful 1,609438 0,000284
basis 0,843970 0,000149
basket 0,673345 0,000119
bath 0,562119 0,000099
bathed 0,798508 0,000141
beamed 1,514128 0,000267
bear 0,061875 0,000011
bearing 0,162519 0,000029
bears 0,510826 0,000090
beasts 0,430783 0,000076
beat 0,186330 0,000033
beau 1,771957 0,000313
beauties 0,820981 0,000145
beautiful 0,083382 0,000015
beautifully 0,867501 0,000153
beauty 0,174353 0,000031
beaux 2,302585 0,000406
bed 0,051293 0,000009
bedchamber 1,897120 0,000335
bedroom 0,798508 0,000141
bedrooms 1,897120 0,000335
beds 0,430783 0,000076
bee 1,078810 0,000190
beef 0,916291 0,000162
befall 0,967584 0,000171
befallen 1,078810 0,000190
befalls 2,302585 0,000406
befell 1,171183 0,000207
beg 0,210721 0,000037
begged 0,462035 0,000082
begging 0,713350 0,000126
behave 0,713350 0,000126
behaved 0,798508 0,000141
behaviour 0,941609 0,000166
beheld 0,510826 0,000090
behold 0,342490 0,000060
beholding 1,021651 0,000180
belief 0,198451 0,000035
bell 0,400478 0,000071
belonged 0,314711 0,000056
belonging 0,527633 0,000093
belongs 0,415515 0,000073
beloved 0,415515 0,000073
bely 3,912023 0,000690
beneath 0,198451 0,000035
benefactress 2,407946 0,000425
beneficial 1,272966 0,000225
benefit 0,415515 0,000073
benefited 1,714798 0,000303
benevolence 1,049822 0,000185
benevolent 1,021651 0,000180
benignant 2,407946 0,000425
bent 0,174353 0,000031
bequeath 2,302585 0,000406
bequeathed 1,514128 0,000267
bequest 2,407946 0,000425
berkeley 2,302585 0,000406
beset 0,941609 0,000166
bespeak 2,302585 0,000406
bespoke 1,966113 0,000347
bestow 0,755023 0,000133
bestowed 0,562119 0,000099
bestowing 1,771957 0,000313
betray 0,527633 0,000093
betrayed 0,494296 0,000087
betraying 1,386294 0,000245
betty 2,525729 0,000446
bewitching 2,207275 0,000390
bias 1,609438 0,000284
biased 2,813411 0,000497
bid 0,400478 0,000071
bidding 0,820981 0,000145
biddy 3,506558 0,000619
bide 2,040221 0,000360
billiard 1,832581 0,000323
billiards 1,966113 0,000347
binary 0,562119 0,000099
bind 0,755023 0,000133
birth 0,301105 0,000053
bishop 1,049822 0,000185
bit 0,174353 0,000031
bitch 2,207275 0,000390
bitter 0,235722 0,000042
bitterly 0,579818 0,000102
bitterness 0,634878 0,000112
black 0,072571 0,000013
blackest 1,514128 0,000267
blackguard 1,660731 0,000293
blamable 2,659260 0,000469
blame 0,174353 0,000031
blameable 2,995732 0,000529
blamed 0,941609 0,000166
blameless 1,469676 0,000259
blank 0,579818 0,000102
blast 0,693147 0,000122
blasted 1,347074 0,000238
bless 0,430783 0,000076
blessed 0,356675 0,000063
blessing 0,446287 0,000079
blessings 1,171183 0,000207
blights 3,506558 0,000619
blind 0,223144 0,000039
blinded 0,994252 0,000175
blindly 0,941609 0,000166
bliss 0,891598 0,000157
blockhead 1,897120 0,000335
blood 0,116534 0,000021
bloom 0,798508 0,000141
blooming 1,139434 0,000201
blossoms 1,049822 0,000185
blow 0,139262 0,000025
blown 0,579818 0,000102
blue 0,174353 0,000031
blunder 1,386294 0,000245
blundered 1,897120 0,000335
blunt 0,967584 0,000171
bluntly 1,966113 0,000347
blush 0,693147 0,000122
blushed 1,171183 0,000207
blushes 1,660731 0,000293
blushing 1,049822 0,000185
bluster 2,659260 0,000469
board 0,314711 0,000056
boast 0,430783 0,000076
boasting 1,108663 0,000196
bodily 0,673345 0,000119
body 0,030459 0,000005
boiled 0,798508 0,000141
boisterous 1,514128 0,000267
bold 0,287682 0,000051
bolder 1,203973 0,000212
boldly 0,462035 0,000082
bond 0,673345 0,000119
bones 0,235722 0,000042
bonnet 1,139434 0,000201
book 0,061875 0,000011
books 0,139262 0,000025
booksellers 2,407946 0,000425
bore 0,150823 0,000027
born 0,105361 0,000019
borne 0,261365 0,000046
borrow 0,798508 0,000141
borrowed 0,616186 0,000109
bound 0,030459 0,000005
bout 1,309333 0,000231
bow 0,287682 0,000051
bowed 0,371064 0,000065
bowing 0,994252 0,000175
bowling 1,966113 0,000347
boy 0,139262 0,000025
boyish 1,347074 0,000238
boys 0,328504 0,000058
branch 0,385662 0,000068
branched 2,302585 0,000406
brandon 3,218876 0,000568
braving 2,995732 0,000529
breach 0,274437 0,000048
break 0,083382 0,000015
breakfast 0,356675 0,000063
breakfasting 2,525729 0,000446
breaking 0,210721 0,000037
breast 0,210721 0,000037
breath 0,174353 0,000031
breathing 0,462035 0,000082
bred 0,478036 0,000084
breed 0,820981 0,000145
breeding 0,967584 0,000171
bribing 2,407946 0,000425
bright 0,116534 0,000021
brightened 0,967584 0,000171
brighter 0,776529 0,000137
brightness 0,634878 0,000112
brilliancy 1,609438 0,000284
brilliant 0,430783 0,000076
bring 0,010050 0,000002
bringing 0,105361 0,000019
brings 0,328504 0,000058
bristol 2,407946 0,000425
broad 0,139262 0,000025
broader 1,560648 0,000275
broke 0,116534 0,000021
broken 0,061875 0,000011
brood 1,108663 0,000196
brooding 1,021651 0,000180
brother 0,127833 0,000023
brothers 0,356675 0,000063
brought 0,010050 0,000002
brow 0,544727 0,000096
brown 0,274437 0,000048
bruised 0,941609 0,000166
brush 0,755023 0,000133
build 0,446287 0,000079
building 0,223144 0,000039
buildings 0,713350 0,000126
built 0,150823 0,000027
bulk 0,843970 0,000149
burgess 2,813411 0,000497
burnt 0,415515 0,000073
burst 0,287682 0,000051
bursts 1,386294 0,000245
bury 0,776529 0,000137
busily 1,021651 0,000180
business 0,040822 0,000007
bustle 0,994252 0,000175
busy 0,223144 0,000039
butcher 0,941609 0,000166
bye 0,776529 0,000137
calculate 0,328504 0,000058
calculated 0,174353 0,000031
calculation 1,139434 0,000201
calling 0,820981 0,000145
calm 0,301105 0,000053
calmer 1,347074 0,000238
calming 2,407946 0,000425
calmly 0,510826 0,000090
calmness 1,203973 0,000212
canal 1,309333 0,000231
candid 1,203973 0,000212
candidly 1,771957 0,000313
candlelight 2,813411 0,000497
candles 0,755023 0,000133
candour 1,771957 0,000313
canvassing 2,813411 0,000497
cap 0,462035 0,000082
capability 2,659260 0,000469
capable 0,261365 0,000046
caprice 1,469676 0,000259
captivate 2,813411 0,000497
captivating 2,120264 0,000374
card 0,223144 0,000039
cards 0,634878 0,000112
care 0,000000 0,000000
careful 0,174353 0,000031
carefully 0,139262 0,000025
carefulness 2,995732 0,000529
careless 0,494296 0,000087
carelessly 0,776529 0,000137
carelessness 1,021651 0,000180
cares 0,634878 0,000112
caresses 1,386294 0,000245
caressing 1,427116 0,000252
careys 3,912023 0,000690
caricature 1,660731 0,000293
carpet 0,653926 0,000115
carriage 0,446287 0,000079
carriages 0,820981 0,000145
carried 0,030459 0,000005
carries 0,755023 0,000133
carry 0,030459 0,000005
carrying 0,083382 0,000015
cartwright 3,506558 0,000619
casement 1,897120 0,000335
cash 1,021651 0,000180
casino 3,218876 0,000568
cassino 3,218876 0,000568
cast 0,116534 0,000021
casts 1,139434 0,000201
catch 0,210721 0,000037
catching 0,562119 0,000099
cats 1,108663 0,000196
caught 0,162519 0,000029
caution 0,527633 0,000093
cautious 0,673345 0,000119
cautiously 0,867501 0,000153
cautiousness 2,813411 0,000497
cavil 2,813411 0,000497
cease 0,139262 0,000025
ceased 0,235722 0,000042
ceasing 1,078810 0,000190
ceiling 0,527633 0,000093
celebrated 0,562119 0,000099
celebration 1,771957 0,000313
censure 1,108663 0,000196
censured 1,966113 0,000347
centered 1,897120 0,000335
centre 0,462035 0,000082
ceremony 0,579818 0,000102
certainties 2,525729 0,000446
certainty 0,342490 0,000060
cessation 1,386294 0,000245
chagrined 3,506558 0,000619
chained 1,108663 0,000196
chair 0,274437 0,000048
chairs 0,579818 0,000102
chaise 1,660731 0,000293
chamber 0,400478 0,000071
chambers 0,733969 0,000130
chance 0,083382 0,000015
chanced 0,843970 0,000149
change 0,010050 0,000002
changed 0,051293 0,000009
changing 0,248461 0,000044
chaperon 2,659260 0,000469
chapter 0,342490 0,000060
character 0,061875 0,000011
characters 0,430783 0,000076
charge 0,051293 0,000009
charged 0,328504 0,000058
charges 0,223144 0,000039
chariot 1,237874 0,000218
charitable 0,287682 0,000051
charities 0,494296 0,000087
charity 0,494296 0,000087
charlotte 1,897120 0,000335
charm 0,544727 0,000096
charmed 0,941609 0,000166
charming 0,527633 0,000093
charms 0,755023 0,000133
chat 1,203973 0,000212
chatty 2,407946 0,000425
cheap 0,673345 0,000119
cheat 1,139434 0,000201
cheated 1,347074 0,000238
check 0,174353 0,000031
checked 0,579818 0,000102
checking 1,203973 0,000212
checks 0,478036 0,000084
cheek 0,430783 0,000076
cheeks 0,415515 0,000073
cheered 0,994252 0,000175
cheerful 0,385662 0,000068
cheerfuller 3,912023 0,000690
cheerfulness 0,867501 0,000153
cheerless 1,714798 0,000303
cherished 0,843970 0,000149
cherishing 2,120264 0,000374
cherries 2,407946 0,000425
chicken 1,139434 0,000201
chief 0,094311 0,000017
chiefly 0,527633 0,000093
child 0,072571 0,000013
children 0,072571 0,000013
chimney 0,798508 0,000141
china 0,776529 0,000137
choice 0,150823 0,000027
choked 0,755023 0,000133
choose 0,083382 0,000015
chose 0,301105 0,000053
chosen 0,186330 0,000033
christian 0,430783 0,000076
christmas 0,891598 0,000157
chuckle 1,714798 0,000303
church 0,261365 0,000046
chuse 2,813411 0,000497
circle 0,223144 0,000039
circles 0,733969 0,000130
circuit 0,891598 0,000157
circumspection 1,771957 0,000313
circumstance 0,446287 0,000079
circumstanced 2,407946 0,000425
circumstances 0,162519 0,000029
city 0,051293 0,000009
civil 0,544727 0,000096
civilities 1,966113 0,000347
civility 1,427116 0,000252
civilly 1,560648 0,000275
claim 0,116534 0,000021
claimed 0,843970 0,000149
claiming 1,272966 0,000225
claims 0,616186 0,000109
clamorous 1,609438 0,000284
clapped 1,049822 0,000185
clarke 2,407946 0,000425
classed 1,897120 0,000335
clemency 1,832581 0,000323
clergyman 1,108663 0,000196
clerk 0,673345 0,000119
cleveland 2,659260 0,000469
clever 0,400478 0,000071
climate 0,798508 0,000141
climbing 0,733969 0,000130
clock 0,527633 0,000093
clogged 2,207275 0,000390
close 0,051293 0,000009
closed 0,116534 0,000021
closely 0,223144 0,000039
closer 0,385662 0,000068
closet 1,139434 0,000201
closing 0,446287 0,000079
clothes 0,127833 0,000023
cloud 0,301105 0,000053
clouds 0,342490 0,000060
club 0,713350 0,000126
clue 1,078810 0,000190
coach 0,843970 0,000149
coachmaker 2,995732 0,000529
coachman 1,108663 0,000196
coat 0,274437 0,000048
coats 0,653926 0,000115
cod 1,897120 0,000335
codes 0,510826 0,000090
coffee 0,562119 0,000099
coincide 1,660731 0,000293
cold 0,040822 0,000007
colder 1,078810 0,000190
coldness 1,021651 0,000180
colicky 3,218876 0,000568
collation 2,813411 0,000497
collect 0,673345 0,000119
collected 0,415515 0,000073
collecting 0,867501 0,000153
collection 0,174353 0,000031
colonel 0,967584 0,000171
colour 0,527633 0,000093
coloured 0,693147 0,000122
colouring 1,514128 0,000267
columella 3,218876 0,000568
combat 0,891598 0,000157
combe 3,218876 0,000568
comer 1,660731 0,000293
comfort 0,150823 0,000027
comfortable 0,261365 0,000046
comfortably 0,693147 0,000122
comforted 0,776529 0,000137
comforter 1,609438 0,000284
comforts 0,967584 0,000171
coming 1,171183 0,000207
comings 2,207275 0,000390
command 0,162519 0,000029
commanded 0,462035 0,000082
commands 0,616186 0,000109
commendation 1,897120 0,000335
commended 1,272966 0,000225
comment 0,673345 0,000119
comments 1,469676 0,000259
commercial 0,274437 0,000048
commiseration 1,660731 0,000293
commission 0,693147 0,000122
commissioned 1,427116 0,000252
committed 0,150823 0,000027
common 0,072571 0,000013
commonest 1,832581 0,000323
commonly 0,755023 0,000133
communicate 0,820981 0,000145
communicated 0,673345 0,000119
communicating 1,427116 0,000252
communication 0,597837 0,000106
communicative 1,514128 0,000267
compact 0,891598 0,000157
companion 0,248461 0,000044
companionableness 3,912023 0,000690
companions 0,301105 0,000053
company 0,020203 0,000004
comparative 0,994252 0,000175
comparatively 0,634878 0,000112
compare 0,510826 0,000090
compared 0,274437 0,000048
compares 1,660731 0,000293
comparison 0,478036 0,000084
comparisons 1,714798 0,000303
compass 0,673345 0,000119
compassion 0,820981 0,000145
compassionate 1,272966 0,000225
competence 2,659260 0,000469
compilation 0,494296 0,000087
complacency 1,427116 0,000252
complain 0,446287 0,000079
complained 0,562119 0,000099
complaining 0,891598 0,000157
complaint 0,616186 0,000109
complaints 0,916291 0,000162
complaisance 2,120264 0,000374
complete 0,150823 0,000027
completed 0,446287 0,000079
completely 0,274437 0,000048
completion 1,386294 0,000245
complexion 0,798508 0,000141
compliance 0,342490 0,000060
compliant 2,525729 0,000446
complicated 0,798508 0,000141
compliment 0,673345 0,000119
compliments 0,916291 0,000162
comply 0,342490 0,000060
complying 0,446287 0,000079
composed 0,328504 0,000058
composedly 2,040221 0,000360
composition 0,820981 0,000145
composure 1,049822 0,000185
compound 1,237874 0,000218
comprehend 0,616186 0,000109
comprehended 0,967584 0,000171
comprehension 1,203973 0,000212
compressed 0,342490 0,000060
comprise 2,207275 0,000390
comprised 1,560648 0,000275
compromise 1,347074 0,000238
compunction 1,714798 0,000303
conceal 0,301105 0,000053
concealed 0,415515 0,000073
concealing 1,171183 0,000207
concealment 1,108663 0,000196
conceit 1,021651 0,000180
conceited 1,139434 0,000201
conceive 0,544727 0,000096
concept 0,544727 0,000096
concern 0,430783 0,000076
concerned 0,287682 0,000051
concerns 0,820981 0,000145
concerto 3,218876 0,000568
concession 1,771957 0,000313
concessions 1,832581 0,000323
conciliate 2,207275 0,000390
conciliation 2,659260 0,000469
concise 2,040221 0,000360
conclude 0,843970 0,000149
concluded 0,356675 0,000063
concluding 1,272966 0,000225
conclusion 0,235722 0,000042
conclusions 0,916291 0,000162
concurrence 1,714798 0,000303
condemnation 1,347074 0,000238
condemned 0,653926 0,000115
condemning 1,427116 0,000252
condescend 1,469676 0,000259
condition 0,094311 0,000017
conditioned 2,040221 0,000360
conditions 0,342490 0,000060
condolence 2,207275 0,000390
conduct 0,198451 0,000035
conducted 0,415515 0,000073
conduit 2,659260 0,000469
confederacy 2,302585 0,000406
conference 1,272966 0,000225
confess 0,198451 0,000035
confessed 0,579818 0,000102
confessedly 3,218876 0,000568
confession 0,579818 0,000102
confidante 2,525729 0,000446
confidence 0,139262 0,000025
confident 0,510826 0,000090
confidential 1,021651 0,000180
confiding 1,386294 0,000245
confined 0,385662 0,000068
confinement 1,139434 0,000201
confirm 0,755023 0,000133
confirmation 0,356675 0,000063
confirmed 0,174353 0,000031
confirming 1,966113 0,000347
conform 1,427116 0,000252
conforming 2,407946 0,000425
conformity 1,514128 0,000267
confound 0,733969 0,000130
confounded 0,693147 0,000122
confused 0,248461 0,000044
confusedly 1,660731 0,000293
confusion 0,301105 0,000053
congratulate 1,078810 0,000190
congratulated 1,469676 0,000259
congratulating 1,714798 0,000303
congratulations 1,714798 0,000303
conjectural 2,813411 0,000497
conjecture 0,798508 0,000141
conjectured 1,427116 0,000252
conjectures 1,078810 0,000190
conjecturing 2,120264 0,000374
conjure 1,966113 0,000347
conjurer 2,995732 0,000529
connect 1,347074 0,000238
connected 0,415515 0,000073
connection 0,462035 0,000082
connections 1,237874 0,000218
connoisseur 1,897120 0,000335
connoisseurship 3,912023 0,000690
conquest 0,967584 0,000171
conquests 1,714798 0,000303
conscience 0,314711 0,000056
conscientious 1,272966 0,000225
conscientiously 1,609438 0,000284
conscious 0,314711 0,000056
consciousness 0,371064 0,000065
consent 0,328504 0,000058
consented 0,562119 0,000099
consequence 0,328504 0,000058
consequences 0,371064 0,000065
consequent 1,203973 0,000212
consequential 0,478036 0,000084
considerable 0,105361 0,000019
considerably 0,776529 0,000137
considerate 1,469676 0,000259
considerately 3,506558 0,000619
consideration 0,274437 0,000048
considerations 0,891598 0,000157
consisted 0,562119 0,000099
consistency 1,427116 0,000252
consistent 0,798508 0,000141
consists 0,776529 0,000137
consolation 0,713350 0,000126
consoled 1,108663 0,000196
conspicuous 0,916291 0,000162
conspired 1,897120 0,000335
constancy 1,347074 0,000238
constant 0,051293 0,000009
constantly 0,371064 0,000065
consternation 1,021651 0,000180
constitution 0,843970 0,000149
constitutional 1,469676 0,000259
constrained 0,843970 0,000149
construction 0,755023 0,000133
consult 0,579818 0,000102
consultation 0,994252 0,000175
consulted 0,673345 0,000119
consumption 1,171183 0,000207
contact 0,210721 0,000037
contempt 0,446287 0,000079
contemptible 1,078810 0,000190
contemptuous 1,049822 0,000185
contemptuously 1,237874 0,000218
contend 0,891598 0,000157
content 0,186330 0,000033
contented 0,400478 0,000071
contenting 2,120264 0,000374
contentment 1,347074 0,000238
contents 0,094311 0,000017
continual 0,693147 0,000122
continually 0,446287 0,000079
continuance 1,237874 0,000218
continuation 1,347074 0,000238
continue 0,261365 0,000046
continued 0,072571 0,000013
continuing 0,755023 0,000133
contract 0,261365 0,000046
contracted 0,755023 0,000133
contraction 1,660731 0,000293
contradict 1,078810 0,000190
contradicted 1,309333 0,000231
contradictory 1,272966 0,000225
contrary 0,198451 0,000035
contrast 0,494296 0,000087
contrasted 1,171183 0,000207
contribute 1,049822 0,000185
contributed 0,843970 0,000149
contributing 1,714798 0,000303
contribution 1,771957 0,000313
contributions 0,430783 0,000076
contrition 2,120264 0,000374
contrivance 1,514128 0,000267
contrived 0,713350 0,000126
contrives 2,813411 0,000497
contriving 1,966113 0,000347
control 0,314711 0,000056
controlled 1,171183 0,000207
convenience 0,755023 0,000133
conveniences 1,897120 0,000335
convenient 0,462035 0,000082
conveniently 1,203973 0,000212
conversation 0,186330 0,000033
conversations 0,891598 0,000157
converse 0,776529 0,000137
conversed 1,203973 0,000212
conversing 0,967584 0,000171
convert 0,385662 0,000068
conveyed 0,634878 0,000112
conveying 1,272966 0,000225
conviction 0,462035 0,000082
convince 0,634878 0,000112
convinced 0,287682 0,000051
convincing 1,108663 0,000196
cool 0,314711 0,000056
coolness 1,171183 0,000207
copying 0,494296 0,000087
copyright 0,415515 0,000073
cordial 1,078810 0,000190
cordiality 1,771957 0,000313
cordially 1,237874 0,000218
cordials 2,995732 0,000529
corner 0,127833 0,000023
corporation 0,462035 0,000082
correct 0,385662 0,000068
correction 1,203973 0,000212
correctness 1,832581 0,000323
correspond 1,272966 0,000225
correspondence 0,820981 0,000145
corrupt 0,274437 0,000048
cost 0,105361 0,000019
costs 0,287682 0,000051
cote 2,995732 0,000529
cottage 0,798508 0,000141
cottages 1,560648 0,000275
couched 2,407946 0,000425
cough 0,994252 0,000175
counsel 0,527633 0,000093
counsellor 1,427116 0,000252
countenance 0,415515 0,000073
counter 0,843970 0,000149
counteract 1,966113 0,000347
counteracted 3,218876 0,000568
countless 1,203973 0,000212
countries 0,235722 0,000042
country 0,010050 0,000002
county 0,941609 0,000166
couple 0,287682 0,000051
couples 1,714798 0,000303
courage 0,150823 0,000027
court 0,127833 0,000023
courted 1,832581 0,000323
courtesy 0,713350 0,000126
courting 1,560648 0,000275
cousin 0,755023 0,000133
cousins 1,108663 0,000196
covenant 1,660731 0,000293
covered 0,139262 0,000025
covering 0,446287 0,000079
covert 1,609438 0,000284
cowper 2,659260 0,000469
cows 0,867501 0,000153
coxcomb 2,407946 0,000425
coxcombs 3,218876 0,000568
cramps 2,407946 0,000425
create 0,597837 0,000106
created 0,116534 0,000021
creating 0,342490 0,000060
creation 0,235722 0,000042
creature 0,174353 0,000031
creatures 0,235722 0,000042
credit 0,094311 0,000017
creditable 1,897120 0,000335
credulous 1,832581 0,000323
crept 0,494296 0,000087
crime 0,314711 0,000056
criminal 0,693147 0,000122
crimsoned 2,407946 0,000425
critical 0,235722 0,000042
critique 2,813411 0,000497
crooked 0,755023 0,000133
cross 0,139262 0,000025
crossing 0,462035 0,000082
crossness 3,912023 0,000690
crowd 0,198451 0,000035
crowned 0,867501 0,000153
cruel 0,261365 0,000046
cruelly 0,820981 0,000145
cruelty 0,478036 0,000084
cultivated 0,693147 0,000122
cunning 0,462035 0,000082
curacy 2,659260 0,000469
curate 1,771957 0,000313
cure 0,430783 0,000076
curiosity 0,223144 0,000039
curious 0,261365 0,000046
current 0,127833 0,000023
curricle 3,218876 0,000568
curtsying 3,218876 0,000568
cut 0,040822 0,000007
cutlets 2,302585 0,000406
cutting 0,415515 0,000073
dagger 1,203973 0,000212
daggers 2,040221 0,000360
daily 0,248461 0,000044
dairy 2,407946 0,000425
damage 0,261365 0,000046
damaged 0,356675 0,000063
damages 0,400478 0,000071
damp 0,415515 0,000073
dance 0,356675 0,000063
danced 0,653926 0,000115
dances 1,139434 0,000201
dancing 0,371064 0,000065
danger 0,116534 0,000021
dangerous 0,150823 0,000027
dark 0,051293 0,000009
darker 0,916291 0,000162
darling 0,916291 0,000162
dashing 1,078810 0,000190
data 0,494296 0,000087
daughter 0,261365 0,000046
daughters 0,510826 0,000090
davies 3,506558 0,000619
dawdled 3,218876 0,000568
dawdling 2,995732 0,000529
dawned 1,049822 0,000185
day 0,000000 0,000000
days 0,020203 0,000004
dead 0,072571 0,000013
deal 0,105361 0,000019
dealt 0,597837 0,000106
dearest 1,560648 0,000275
dearly 0,776529 0,000137
death 0,020203 0,000004
debate 1,347074 0,000238
debated 1,832581 0,000323
debating 1,966113 0,000347
debt 0,693147 0,000122
debts 0,867501 0,000153
decay 0,634878 0,000112
decease 1,609438 0,000284
deceitful 1,347074 0,000238
deceive 0,527633 0,000093
deceived 0,430783 0,000076
deceiving 1,203973 0,000212
decent 0,693147 0,000122
decently 1,309333 0,000231
deception 0,994252 0,000175
decide 0,274437 0,000048
decided 0,186330 0,000033
deciding 1,427116 0,000252
decision 0,579818 0,000102
decisions 1,660731 0,000293
decisive 0,867501 0,000153
decisively 1,897120 0,000335
declaration 0,994252 0,000175
declare 0,342490 0,000060
declared 0,210721 0,000037
declares 1,049822 0,000185
declaring 0,891598 0,000157
decline 0,673345 0,000119
declined 0,776529 0,000137
declining 1,272966 0,000225
decorum 1,832581 0,000323
decrease 2,120264 0,000374
decree 1,108663 0,000196
deductible 0,562119 0,000099
deed 0,478036 0,000084
deemed 0,755023 0,000133
deep 0,051293 0,000009
deeper 0,328504 0,000058
deepest 0,673345 0,000119
deeply 0,261365 0,000046
defect 0,328504 0,000058
defective 0,356675 0,000063
defects 0,301105 0,000053
defence 0,597837 0,000106
defend 0,400478 0,000071
defended 0,653926 0,000115
defer 1,427116 0,000252
deference 0,967584 0,000171
deficiencies 1,714798 0,000303
deficiency 1,469676 0,000259
deficient 1,272966 0,000225
define 1,272966 0,000225
defined 0,867501 0,000153
defy 1,139434 0,000201
degrade 2,040221 0,000360
degraded 1,049822 0,000185
degree 0,198451 0,000035
degrees 0,446287 0,000079
dejected 1,021651 0,000180
dejection 1,386294 0,000245
delay 0,287682 0,000051
delayed 0,616186 0,000109
delays 1,469676 0,000259
deletions 0,562119 0,000099
deliberate 0,755023 0,000133
deliberating 1,832581 0,000323
deliberation 1,171183 0,000207
delicacies 1,514128 0,000267
delicacy 0,713350 0,000126
delicate 0,301105 0,000053
delight 0,162519 0,000029
delighted 0,287682 0,000051
delightful 0,478036 0,000084
delightfully 1,560648 0,000275
delineated 2,813411 0,000497
delirium 1,237874 0,000218
deliver 0,494296 0,000087
deliverance 0,941609 0,000166
delivered 0,342490 0,000060
delivery 0,994252 0,000175
demand 0,127833 0,000023
demanded 0,400478 0,000071
demands 0,673345 0,000119
demeanor 2,120264 0,000374
demesne 2,813411 0,000497
demonstrations 1,514128 0,000267
demur 2,207275 0,000390
demure 2,120264 0,000374
denial 0,798508 0,000141
denied 0,287682 0,000051
denote 1,714798 0,000303
denoted 1,560648 0,000275
denoting 2,040221 0,000360
deny 0,301105 0,000053
depart 0,400478 0,000071
departed 0,356675 0,000063
departing 1,108663 0,000196
departure 0,430783 0,000076
depend 0,371064 0,000065
depended 0,653926 0,000115
dependence 1,309333 0,000231
dependent 0,843970 0,000149
depending 1,309333 0,000231
depends 0,198451 0,000035
deplorable 1,386294 0,000245
depravity 1,560648 0,000275
depressed 0,916291 0,000162
deprive 1,021651 0,000180
deprived 0,579818 0,000102
derivative 0,510826 0,000090
derive 0,342490 0,000060
derived 0,248461 0,000044
descend 0,478036 0,000084
descendant 1,560648 0,000275
description 0,274437 0,000048
deserted 0,385662 0,000068
desertion 1,514128 0,000267
deserts 1,171183 0,000207
deserve 0,430783 0,000076
deserved 0,634878 0,000112
deserves 0,776529 0,000137
deserving 0,891598 0,000157
design 0,400478 0,000071
designs 0,733969 0,000130
desirable 0,733969 0,000130
desire 0,072571 0,000013
desired 0,150823 0,000027
desiring 0,916291 0,000162
desirous 0,634878 0,000112
despair 0,198451 0,000035
despatch 1,560648 0,000275
despatching 3,218876 0,000568
desperate 0,328504 0,000058
desperately 0,843970 0,000149
desperation 0,867501 0,000153
despise 0,693147 0,000122
despised 0,562119 0,000099
despising 1,660731 0,000293
despondence 3,506558 0,000619
desponding 1,832581 0,000323
dessert 1,514128 0,000267
destination 1,078810 0,000190
destiny 0,634878 0,000112
destroy 0,127833 0,000023
destroyed 0,274437 0,000048
destroys 1,427116 0,000252
destruction 0,342490 0,000060
detach 0,446287 0,000079
detain 0,820981 0,000145
detaining 1,609438 0,000284
detected 0,776529 0,000137
detecting 1,966113 0,000347
detection 1,427116 0,000252
deter 1,897120 0,000335
determinate 2,525729 0,000446
determination 0,634878 0,000112
determine 0,210721 0,000037
determined 0,174353 0,000031
determining 1,237874 0,000218
deterred 1,897120 0,000335
detest 1,347074 0,000238
detestably 3,506558 0,000619
detested 1,237874 0,000218
detract 2,207275 0,000390
deviation 1,897120 0,000335
devil 0,356675 0,000063
devolved 1,771957 0,000313
devonshire 2,407946 0,000425
devoted 0,301105 0,000053
diabolical 1,714798 0,000303
dictate 1,203973 0,000212
diction 2,302585 0,000406
died 0,061875 0,000011
dies 0,579818 0,000102
difference 0,198451 0,000035
difficult 0,116534 0,000021
difficulties 0,385662 0,000068
difficulty 0,139262 0,000025
diffident 1,771957 0,000313
diffuse 1,771957 0,000313
dignified 0,755023 0,000133
dignity 0,314711 0,000056
dilatoriness 3,218876 0,000568
dimensions 0,967584 0,000171
diminished 0,776529 0,000137
diminution 1,832581 0,000323
dine 0,673345 0,000119
dined 0,967584 0,000171
dining 0,510826 0,000090
dinner 0,198451 0,000035
dinners 1,108663 0,000196
direct 0,083382 0,000015
directed 0,287682 0,000051
directing 0,843970 0,000149
direction 0,083382 0,000015
directions 0,314711 0,000056
dirt 0,544727 0,000096
dirty 0,544727 0,000096
disadvantage 0,994252 0,000175
disagreeable 0,733969 0,000130
disagreement 1,897120 0,000335
disagreements 2,525729 0,000446
disappeared 0,356675 0,000063
disappoint 1,469676 0,000259
disappointed 0,415515 0,000073
disappointing 1,897120 0,000335
disappointment 0,462035 0,000082
disappointments 1,609438 0,000284
disapprobation 2,040221 0,000360
disapprove 1,714798 0,000303
disapproved 2,207275 0,000390
disapproves 3,218876 0,000568
disapproving 2,207275 0,000390
disarm 1,771957 0,000313
disastrous 1,108663 0,000196
disbelief 1,832581 0,000323
discarded 1,309333 0,000231
discern 0,820981 0,000145
discerning 1,469676 0,000259
discernment 1,469676 0,000259
discharge 0,733969 0,000130
discharged 0,820981 0,000145
discharging 1,714798 0,000303
disclaim 0,510826 0,000090
disclaimer 0,562119 0,000099
disclaimers 0,562119 0,000099
disclaiming 2,813411 0,000497
disclosing 1,714798 0,000303
disclosure 1,966113 0,000347
discompose 2,813411 0,000497
discomposed 2,207275 0,000390
discontent 1,021651 0,000180
discontented 1,078810 0,000190
discontents 2,995732 0,000529
discontinue 0,544727 0,000096
discourse 0,597837 0,000106
discover 0,083382 0,000015
discovered 0,051293 0,000009
discovering 0,733969 0,000130
discovery 0,371064 0,000065
discreet 0,843970 0,000149
discretion 0,733969 0,000130
discrimination 1,897120 0,000335
discussion 0,673345 0,000119
discussions 1,309333 0,000231
disengaged 1,171183 0,000207
disengagement 3,506558 0,000619
disgrace 0,510826 0,000090
disgraced 1,347074 0,000238
disgraceful 1,049822 0,000185
disgust 0,446287 0,000079
disgusted 0,820981 0,000145
disgusting 1,272966 0,000225
dishonorable 2,302585 0,000406
disinclination 2,407946 0,000425
disinherited 2,525729 0,000446
disinterested 1,386294 0,000245
disinterestedness 2,120264 0,000374
disk 0,446287 0,000079
dislike 0,616186 0,000109
disliked 1,049822 0,000185
disliking 2,659260 0,000469
dismiss 1,108663 0,000196
dismissed 0,597837 0,000106
dismounted 1,469676 0,000259
disobedient 1,966113 0,000347
disorder 0,579818 0,000102
disordered 1,203973 0,000212
dispatch 1,347074 0,000238
dispatched 1,386294 0,000245
dispatches 2,120264 0,000374
dispersed 0,867501 0,000153
dispersing 2,302585 0,000406
dispirited 1,771957 0,000313
display 0,261365 0,000046
displayed 0,198451 0,000035
displaying 0,342490 0,000060
displeased 1,108663 0,000196
displeasure 0,941609 0,000166
disposal 0,916291 0,000162
dispose 0,994252 0,000175
disposed 0,385662 0,000068
disposing 1,469676 0,000259
disposition 0,400478 0,000071
disproportion 2,525729 0,000446
dispute 0,562119 0,000099
disputes 1,078810 0,000190
disqualifications 3,218876 0,000568
disquiet 1,560648 0,000275
disregard 1,021651 0,000180
disregarded 1,427116 0,000252
disrespectfully 2,525729 0,000446
dissatisfaction 1,609438 0,000284
dissatisfied 1,021651 0,000180
dissembling 2,302585 0,000406
dissent 2,040221 0,000360
dissented 3,218876 0,000568
dissimilar 1,832581 0,000323
dissipated 1,078810 0,000190
dissipation 1,560648 0,000275
dissolving 1,897120 0,000335
dissuade 1,714798 0,000303
distance 0,105361 0,000019
distant 0,162519 0,000029
distinction 0,446287 0,000079
distinguish 0,356675 0,000063
distinguished 0,301105 0,000053
distinguishing 1,078810 0,000190
distractedly 1,966113 0,000347
distress 0,274437 0,000048
distressed 0,673345 0,000119
distresses 1,660731 0,000293
distressing 1,108663 0,000196
distribute 0,400478 0,000071
distributed 0,248461 0,000044
distributing 0,446287 0,000079
distribution 0,430783 0,000076
distributor 0,562119 0,000099
distrust 0,891598 0,000157
distrusts 2,995732 0,000529
disturb 0,478036 0,000084
disturbed 0,356675 0,000063
diverted 0,941609 0,000166
divide 0,616186 0,000109
divided 0,210721 0,000037
dividing 0,673345 0,000119
divine 0,430783 0,000076
division 0,653926 0,000115
divorce 1,714798 0,000303
doat 3,218876 0,000568
doctor 0,446287 0,000079
doctrine 0,733969 0,000130
dog 0,261365 0,000046
dogs 0,342490 0,000060
domain 0,328504 0,000058
domestic 0,527633 0,000093
donate 0,562119 0,000099
donation 0,494296 0,000087
donations 0,494296 0,000087
donors 0,527633 0,000093
doomed 0,941609 0,000166
dooming 3,218876 0,000568
door 0,040822 0,000007
doors 0,105361 0,000019
doted 2,120264 0,000374
doting 2,659260 0,000469
dotted 1,347074 0,000238
doubly 1,049822 0,000185
doubt 0,040822 0,000007
doubted 0,478036 0,000084
doubting 1,049822 0,000185
doubtingly 2,995732 0,000529
doubtless 0,430783 0,000076
doubts 0,494296 0,000087
douceur 3,218876 0,000568
dove 1,078810 0,000190
downloading 0,562119 0,000099
drain 1,272966 0,000225
drains 2,040221 0,000360
draw 0,105361 0,000019
drawback 1,897120 0,000335
drawing 0,139262 0,000025
drawings 1,609438 0,000284
drawn 0,094311 0,000017
draws 0,755023 0,000133
dread 0,371064 0,000065
dreaded 0,693147 0,000122
dreadful 0,342490 0,000060
dreadfully 1,021651 0,000180
dreading 1,347074 0,000238
dream 0,198451 0,000035
dreaming 0,562119 0,000099
dress 0,186330 0,000033
dressed 0,261365 0,000046
dresses 0,916291 0,000162
dressing 0,527633 0,000093
drew 0,162519 0,000029
dried 0,462035 0,000082
drift 0,755023 0,000133
drink 0,150823 0,000027
drinking 0,371064 0,000065
drive 0,186330 0,000033
driven 0,127833 0,000023
drives 0,867501 0,000153
driving 0,371064 0,000065
droll 1,609438 0,000284
drop 0,150823 0,000027
dropped 0,274437 0,000048
drops 0,544727 0,000096
dropt 2,120264 0,000374
drove 0,248461 0,000044
drunk 0,415515 0,000073
drury 2,525729 0,000446
dry 0,127833 0,000023
dryness 1,966113 0,000347
duets 2,407946 0,000425
dull 0,174353 0,000031
dullness 2,040221 0,000360
duly 0,843970 0,000149
dupe 2,040221 0,000360
duration 1,078810 0,000190
duties 0,356675 0,000063
duty 0,083382 0,000015
dwell 0,478036 0,000084
dwelling 0,494296 0,000087
dwelt 0,713350 0,000126
dying 0,261365 0,000046
eager 0,210721 0,000037
eagerly 0,385662 0,000068
eagerness 0,544727 0,000096
ear 0,139262 0,000025
earned 0,693147 0,000122
earnest 0,261365 0,000046
earnestly 0,415515 0,000073
earnestness 0,867501 0,000153
ears 0,105361 0,000019
earth 0,051293 0,000009
earthly 0,673345 0,000119
ease 0,162519 0,000029
easier 0,385662 0,000068
easiest 1,171183 0,000207
easily 0,072571 0,000013
east 0,235722 0,000042
easter 1,714798 0,000303
easy 0,040822 0,000007
eat 0,083382 0,000015
eating 0,235722 0,000042
ebullition 2,995732 0,000529
echoed 0,798508 0,000141
eclat 2,995732 0,000529
economical 1,514128 0,000267
economically 2,813411 0,000497
economy 0,820981 0,000145
ecstasy 0,867501 0,000153
ecstatic 1,347074 0,000238
edge 0,210721 0,000037
edition 0,287682 0,000051
editions 0,385662 0,000068
education 0,446287 0,000079
educational 0,446287 0,000079
edward 1,049822 0,000185
effectual 1,203973 0,000212
effectually 1,203973 0,000212
efficacy 1,966113 0,000347
effort 0,094311 0,000017
efforts 0,139262 0,000025
effusion 1,897120 0,000335
effusions 2,525729 0,000446
eighteen 0,462035 0,000082
ejaculation 2,040221 0,000360
elder 0,478036 0,000084
elderly 0,843970 0,000149
eldest 0,867501 0,000153
elect 0,328504 0,000058
election 1,309333 0,000231
electronic 0,544727 0,000096
electronically 0,544727 0,000096
elegance 0,994252 0,000175
elegant 0,634878 0,000112
elevated 0,891598 0,000157
eligibility 3,506558 0,000619
eligible 1,560648 0,000275
elinor 3,912023 0,000690
eliza 2,207275 0,000390
elliott 2,995732 0,000529
eloping 3,506558 0,000619
eloquence 0,776529 0,000137
elucidation 3,218876 0,000568
eluded 1,560648 0,000275
email 0,562119 0,000099
embarrassed 0,916291 0,000162
embarrassment 1,049822 0,000185
embellishment 2,120264 0,000374
embellishments 2,120264 0,000374
embitter 3,218876 0,000568
embraced 0,562119 0,000099
embraces 1,049822 0,000185
emergence 2,659260 0,000469
emergency 1,272966 0,000225
emigrant 2,302585 0,000406
eminence 1,272966 0,000225
emotion 0,494296 0,000087
emphasis 0,891598 0,000157
employ 0,510826 0,000090
employed 0,415515 0,000073
employee 0,527633 0,000093
employees 0,544727 0,000096
employment 0,579818 0,000102
employments 1,514128 0,000267
emptiness 1,609438 0,000284
enable 0,579818 0,000102
enabled 0,430783 0,000076
enamoured 2,120264 0,000374
enclosure 1,272966 0,000225
encoding 0,653926 0,000115
encourage 0,544727 0,000096
encouraged 0,527633 0,000093
encouragement 0,798508 0,000141
encouragements 2,525729 0,000446
encouraging 0,798508 0,000141
encroachments 2,407946 0,000425
encumbered 1,560648 0,000275
endear 2,525729 0,000446
endeavor 1,660731 0,000293
endeavoring 2,120264 0,000374
endeavors 2,120264 0,000374
endeavour 0,867501 0,000153
endeavoured 1,139434 0,000201
endeavouring 1,078810 0,000190
endless 0,478036 0,000084
endowed 0,820981 0,000145
endurance 0,891598 0,000157
endure 0,342490 0,000060
endured 0,673345 0,000119
enemy 0,174353 0,000031
energy 0,415515 0,000073
enfeebled 2,207275 0,000390
enforced 1,514128 0,000267
enforcement 2,525729 0,000446
enforcing 2,120264 0,000374
enfranchisement 3,218876 0,000568
engage 0,634878 0,000112
engaged 0,198451 0,000035
engagement 0,820981 0,000145
engagements 1,203973 0,000212
engaging 0,967584 0,000171
england 0,385662 0,000068
english 0,094311 0,000017
engross 2,525729 0,000446
engrossed 1,609438 0,000284
enjoy 0,150823 0,000027
enjoyed 0,415515 0,000073
enjoying 0,579818 0,000102
enjoyment 0,634878 0,000112
enjoyments 1,514128 0,000267
enlarge 1,272966 0,000225
enlargement 2,207275 0,000390
enlightened 0,820981 0,000145
ennui 1,832581 0,000323
enormously 1,427116 0,000252
enquire 2,040221 0,000360
enquired 2,207275 0,000390
enquiries 2,813411 0,000497
enquiring 2,407946 0,000425
enquiry 2,302585 0,000406
enraged 1,021651 0,000180
enrich 1,609438 0,000284
ensued 0,994252 0,000175
ensured 2,407946 0,000425
ensuring 0,544727 0,000096
entanglement 2,995732 0,000529
enter 0,094311 0,000017
entered 0,051293 0,000009
entering 0,356675 0,000063
entertain 0,597837 0,000106
entertained 0,616186 0,000109
entertainment 0,820981 0,000145
enthusiasm 0,653926 0,000115
enthusiastic 1,021651 0,000180
entire 0,274437 0,000048
entitled 0,733969 0,000130
entity 0,544727 0,000096
entrance 0,210721 0,000037
entreat 1,139434 0,000201
entreated 1,049822 0,000185
entreaties 1,203973 0,000212
entreaty 1,427116 0,000252
entrusted 1,386294 0,000245
entry 0,820981 0,000145
enumeration 1,714798 0,000303
environs 2,040221 0,000360
envy 0,527633 0,000093
epicurism 3,506558 0,000619
equal 0,174353 0,000031
equality 0,967584 0,000171
equalled 1,427116 0,000252
equally 0,223144 0,000039
equals 1,049822 0,000185
equipment 0,430783 0,000076
ere 0,634878 0,000112
errand 0,820981 0,000145
erred 1,560648 0,000275
error 0,371064 0,000065
errors 0,248461 0,000044
escape 0,094311 0,000017
escaped 0,235722 0,000042
essential 0,597837 0,000106
establish 0,713350 0,000126
established 0,301105 0,000053
establishing 1,203973 0,000212
establishment 0,713350 0,000126
estate 0,510826 0,000090
esteem 0,494296 0,000087
esteemed 0,916291 0,000162
esteeming 2,207275 0,000390
esteems 2,525729 0,000446
estimable 1,560648 0,000275
estimate 0,867501 0,000153
estimating 2,302585 0,000406
estimation 1,171183 0,000207
estranged 1,714798 0,000303
eternal 0,415515 0,000073
etiquette 1,560648 0,000275
evening 0,083382 0,000015
evenings 0,798508 0,000141
event 0,342490 0,000060
events 0,223144 0,000039
eventually 1,171183 0,000207
everlasting 0,891598 0,000157
evidence 0,261365 0,000046
evident 0,356675 0,000063
evidently 0,371064 0,000065
evil 0,162519 0,000029
evils 0,798508 0,000141
evince 1,897120 0,000335
exact 0,287682 0,000051
exactness 1,514128 0,000267
examination 0,385662 0,000068
examine 0,400478 0,000071
examined 0,356675 0,000063
examining 0,446287 0,000079
exceed 0,967584 0,000171
exceeded 1,021651 0,000180
exceeding 0,916291 0,000162
exceedingly 0,462035 0,000082
excellence 1,049822 0,000185
excellencies 2,207275 0,000390
excellent 0,150823 0,000027
excess 0,653926 0,000115
excessive 0,597837 0,000106
excessively 1,469676 0,000259
exchange 0,342490 0,000060
exchanged 0,579818 0,000102
excite 0,843970 0,000149
excited 0,248461 0,000044
exciting 0,693147 0,000122
exclaim 1,171183 0,000207
exclaimed 0,494296 0,000087
exclaiming 1,139434 0,000201
exclamation 0,994252 0,000175
exclamations 1,272966 0,000225
exclusion 0,371064 0,000065
exclusively 1,139434 0,000201
excursion 1,171183 0,000207
excursive 3,218876 0,000568
excuse 0,174353 0,000031
excused 1,021651 0,000180
excuses 1,078810 0,000190
execution 0,597837 0,000106
exempt 0,371064 0,000065
exercise 0,287682 0,000051
exercised 0,867501 0,000153
exercising 1,514128 0,000267
exert 1,237874 0,000218
exerted 1,203973 0,000212
exertion 0,967584 0,000171
exertions 1,139434 0,000201
exhausted 0,400478 0,000071
exhilarated 2,659260 0,000469
exhilaration 2,659260 0,000469
exigence 3,218876 0,000568
exist 0,342490 0,000060
existed 0,510826 0,000090
existence 0,162519 0,000029
exists 0,235722 0,000042
exorbitant 1,771957 0,000313
expand 1,771957 0,000313
expatiate 2,302585 0,000406
expect 0,186330 0,000033
expectation 0,462035 0,000082
expectations 0,916291 0,000162
expected 0,105361 0,000019
expecting 0,510826 0,000090
expects 1,021651 0,000180
expediency 2,040221 0,000360
expedient 0,967584 0,000171
expeditiously 2,525729 0,000446
expel 1,832581 0,000323
expend 0,462035 0,000082
expense 0,150823 0,000027
expenses 0,210721 0,000037
expensive 0,843970 0,000149
expensiveness 2,995732 0,000529
experience 0,083382 0,000015
experienced 0,356675 0,000063
experiencing 1,966113 0,000347
explain 0,186330 0,000033
explained 0,248461 0,000044
explanation 0,139262 0,000025
explanations 0,994252 0,000175
explanatory 1,771957 0,000313
exporting 0,510826 0,000090
expose 0,755023 0,000133
exposed 0,301105 0,000053
express 0,127833 0,000023
expressed 0,274437 0,000048
expressing 0,713350 0,000126
expression 0,127833 0,000023
expressions 0,634878 0,000112
expressive 0,733969 0,000130
expressively 2,407946 0,000425
expressly 0,820981 0,000145
exquisite 0,673345 0,000119
extend 0,867501 0,000153
extended 0,446287 0,000079
extending 0,820981 0,000145
extensive 0,798508 0,000141
extent 0,083382 0,000015
exterior 1,272966 0,000225
external 0,562119 0,000099
extinction 1,660731 0,000293
extinguished 0,693147 0,000122
extolling 2,525729 0,000446
extort 1,897120 0,000335
extorted 1,714798 0,000303
extorting 2,813411 0,000497
extraordinary 0,371064 0,000065
extravagance 1,514128 0,000267
extravagant 0,916291 0,000162
extreme 0,235722 0,000042
extremely 0,385662 0,000068
extremest 2,207275 0,000390
extremity 0,867501 0,000153
exuberance 1,832581 0,000323
exultation 1,203973 0,000212
exultingly 2,525729 0,000446
eye 0,030459 0,000005
eyed 0,597837 0,000106
eyeing 1,714798 0,000303
eyes 0,010050 0,000002
facility 0,356675 0,000063
faded 0,653926 0,000115
fail 0,235722 0,000042
failed 0,198451 0,000035
failing 0,562119 0,000099
failure 0,446287 0,000079
faint 0,261365 0,000046
fainter 1,427116 0,000252
fainting 0,776529 0,000137
faintness 1,714798 0,000303
fair 0,051293 0,000009
fairer 1,272966 0,000225
faith 0,210721 0,000037
faithful 0,261365 0,000046
faithfully 0,755023 0,000133
fall 0,020203 0,000004
fallen 0,083382 0,000015
falling 0,083382 0,000015
falls 0,328504 0,000058
false 0,210721 0,000037
falsehood 0,733969 0,000130
fame 0,478036 0,000084
familiar 0,150823 0,000027
familiarity 0,891598 0,000157
familiarized 2,207275 0,000390
familiarly 1,272966 0,000225
families 0,430783 0,000076
family 0,072571 0,000013
famous 0,261365 0,000046
fancied 0,579818 0,000102
fanciful 1,272966 0,000225
fancy 0,198451 0,000035
fancying 1,427116 0,000252
fanny 2,302585 0,000406
farewell 0,673345 0,000119
farm 0,798508 0,000141
farthest 1,049822 0,000185
fascinating 1,139434 0,000201
fashion 0,174353 0,000031
fashionable 0,916291 0,000162
fashioned 0,446287 0,000079
fast 0,061875 0,000011
faster 0,562119 0,000099
fastidious 1,514128 0,000267
fat 0,314711 0,000056
fate 0,174353 0,000031
fates 1,609438 0,000284
father 0,072571 0,000013
fatigue 0,616186 0,000109
fatigued 1,203973 0,000212
fatigues 1,714798 0,000303
fatiguing 2,040221 0,000360
fault 0,162519 0,000029
faultless 2,040221 0,000360
faults 0,693147 0,000122
faulty 1,427116 0,000252
favour 0,579818 0,000102
favourable 0,776529 0,000137
favourite 0,653926 0,000115
fear 0,020203 0,000004
feared 0,235722 0,000042
fearful 0,400478 0,000071
fearing 0,673345 0,000119
fears 0,274437 0,000048
feather 0,820981 0,000145
feature 0,562119 0,000099
features 0,328504 0,000058
february 0,820981 0,000145
federal 0,527633 0,000093
fee 0,342490 0,000060
feeble 0,371064 0,000065
feebleness 1,832581 0,000323
feebly 0,843970 0,000149
feed 0,462035 0,000082
feeding 0,616186 0,000109
feel 0,020203 0,000004
feeling 0,105361 0,000019
feelingly 2,302585 0,000406
feelings 0,314711 0,000056
feels 0,446287 0,000079
fees 0,415515 0,000073
feet 0,061875 0,000011
feigned 1,139434 0,000201
felicitations 2,659260 0,000469
felicity 1,309333 0,000231
fell 0,051293 0,000009
fellow 0,051293 0,000009
female 0,385662 0,000068
females 1,309333 0,000231
feminine 1,049822 0,000185
fertile 1,021651 0,000180
fervent 1,021651 0,000180
festival 1,139434 0,000201
fetch 0,616186 0,000109
fetches 2,407946 0,000425
fetching 1,660731 0,000293
fettered 2,302585 0,000406
fever 0,371064 0,000065
feverish 0,843970 0,000149
fickle 1,660731 0,000293
field 0,150823 0,000027
figure 0,072571 0,000013
file 0,235722 0,000042
files 0,478036 0,000084
filigree 2,995732 0,000529
final 0,342490 0,000060
finally 0,150823 0,000027
financial 0,415515 0,000073
finding 1,309333 0,000231
fine 0,072571 0,000013
finest 0,494296 0,000087
finger 0,261365 0,000046
fingers 0,235722 0,000042
finish 0,314711 0,000056
finished 0,162519 0,000029
finishing 0,843970 0,000149
fir 1,514128 0,000267
firm 0,274437 0,000048
firmer 1,469676 0,000259
firmly 0,342490 0,000060
firmness 0,994252 0,000175
fish 0,314711 0,000056
fit 0,061875 0,000011
fitness 0,446287 0,000079
fitted 0,261365 0,000046
flannel 1,609438 0,000284
flaring 1,514128 0,000267
flatter 0,713350 0,000126
flattered 0,843970 0,000149
flatteries 2,207275 0,000390
flattering 0,798508 0,000141
flattery 0,891598 0,000157
fled 0,371064 0,000065
flew 0,314711 0,000056
floor 0,186330 0,000033
flourish 0,994252 0,000175
flourishing 1,021651 0,000180
flow 0,462035 0,000082
flowed 0,776529 0,000137
flower 0,342490 0,000060
flowing 0,527633 0,000093
fluctuating 2,040221 0,000360
flushed 0,713350 0,000126
flutter 1,171183 0,000207
fly 0,210721 0,000037
foibles 2,302585 0,000406
folded 0,544727 0,000096
follow 0,020203 0,000004
folly 0,301105 0,000053
fond 0,287682 0,000051
fondly 1,309333 0,000231
fondness 1,386294 0,000245
food 0,127833 0,000023
fool 0,314711 0,000056
foolish 0,235722 0,000042
foolishly 1,139434 0,000201
foot 0,083382 0,000015
footman 1,469676 0,000259
footsteps 0,478036 0,000084
forbade 1,078810 0,000190
forbear 1,469676 0,000259
forbearance 1,272966 0,000225
forbid 0,579818 0,000102
forbidden 0,544727 0,000096
forbidding 1,139434 0,000201
forbore 2,302585 0,000406
force 0,061875 0,000011
forced 0,139262 0,000025
forcibly 0,820981 0,000145
forcing 0,693147 0,000122
forebodings 1,714798 0,000303
forego 1,660731 0,000293
foregoing 1,714798 0,000303
forenoon 1,347074 0,000238
foresaw 1,139434 0,000201
foresee 1,049822 0,000185
foreseeing 1,714798 0,000303
foreseen 1,021651 0,000180
foresight 1,139434 0,000201
foretell 2,207275 0,000390
foretold 1,347074 0,000238
forfeit 1,660731 0,000293
forfeited 1,660731 0,000293
forfeiting 2,995732 0,000529
forgave 1,832581 0,000323
forget 0,072571 0,000013
forgetting 0,597837 0,000106
forgive 0,356675 0,000063
forgiven 0,941609 0,000166
forgiveness 0,916291 0,000162
forgot 0,261365 0,000046
forgotten 0,162519 0,000029
forlorn 1,078810 0,000190
form 0,040822 0,000007
formal 0,673345 0,000119
formality 1,469676 0,000259
formally 1,386294 0,000245
format 0,562119 0,000099
formats 0,562119 0,000099
formed 0,210721 0,000037
formidable 0,673345 0,000119
forming 0,527633 0,000093
forms 0,248461 0,000044
forsaking 2,407946 0,000425
forte 1,897120 0,000335
fortitude 1,078810 0,000190
fortnight 0,941609 0,000166
fortunate 0,415515 0,000073
fortunately 0,579818 0,000102
fortune 0,186330 0,000033
fortunes 0,616186 0,000109
forwards 1,237874 0,000218
foundation 0,174353 0,000031
foundations 0,843970 0,000149
fourteen 0,616186 0,000109
fourteenth 1,347074 0,000238
fourth 0,186330 0,000033
fowls 1,272966 0,000225
fox 0,941609 0,000166
frame 0,235722 0,000042
frank 0,616186 0,000109
frankness 1,272966 0,000225
frantic 0,820981 0,000145
freedom 0,223144 0,000039
freely 0,105361 0,000019
freeze 1,560648 0,000275
frequency 1,660731 0,000293
frequent 0,342490 0,000060
frequently 0,287682 0,000051
fresh 0,105361 0,000019
fretful 2,207275 0,000390
fretted 1,272966 0,000225
friday 0,967584 0,000171
friend 0,040822 0,000007
friendliest 2,525729 0,000446
friendliness 1,560648 0,000275
friendly 0,261365 0,000046
friends 0,020203 0,000004
friendship 0,287682 0,000051
fright 0,653926 0,000115
frighten 0,798508 0,000141
frightened 0,301105 0,000053
frightens 2,120264 0,000374
frightful 0,776529 0,000137
frivolous 1,386294 0,000245
frost 0,755023 0,000133
frosts 2,120264 0,000374
frugality 2,207275 0,000390
fruit 0,274437 0,000048
fruitless 1,049822 0,000185
fulfil 1,049822 0,000185
fulfill 1,897120 0,000335
fulfilled 0,673345 0,000119
funeral 0,634878 0,000112
furnished 0,328504 0,000058
furnishing 1,427116 0,000252
furniture 0,415515 0,000073
fury 0,328504 0,000058
fuss 1,309333 0,000231
future 0,105361 0,000019
gaiety 1,272966 0,000225
gaily 1,078810 0,000190
gain 0,174353 0,000031
gained 0,261365 0,000046
gaining 0,544727 0,000096
gales 1,832581 0,000323
gallantry 1,347074 0,000238
galling 1,832581 0,000323
gallop 0,994252 0,000175
game 0,248461 0,000044
gape 1,966113 0,000347
garden 0,198451 0,000035
gardener 1,203973 0,000212
gardens 0,510826 0,000090
garret 1,309333 0,000231
garrets 2,659260 0,000469
gate 0,287682 0,000051
gates 0,446287 0,000079
gathered 0,150823 0,000027
gathering 0,430783 0,000076
gaucherie 3,912023 0,000690
gay 0,494296 0,000087
gaze 0,544727 0,000096
gazing 0,597837 0,000106
generations 0,198451 0,000035
generosity 0,820981 0,000145
generous 0,356675 0,000063
generously 1,139434 0,000201
genial 0,994252 0,000175
genius 0,400478 0,000071
genteel 1,427116 0,000252
genteelly 2,525729 0,000446
gentility 2,207275 0,000390
gentle 0,274437 0,000048
gentleman 0,301105 0,000053
gentlemanlike 2,995732 0,000529
gentlemen 0,430783 0,000076
gentleness 0,916291 0,000162
gently 0,235722 0,000042
genuine 0,597837 0,000106
genuinely 1,897120 0,000335
gibson 2,995732 0,000529
giddy 1,139434 0,000201
gift 0,261365 0,000046
giggling 2,659260 0,000469
gigs 2,813411 0,000497
gilberts 3,912023 0,000690
girl 0,235722 0,000042
girls 0,400478 0,000071
glad 0,072571 0,000013
gladly 0,544727 0,000096
glance 0,248461 0,000044
glances 0,798508 0,000141
glass 0,186330 0,000033
glebe 2,813411 0,000497
glimpse 0,544727 0,000096
gloom 0,579818 0,000102
gloominess 2,995732 0,000529
gloomy 0,478036 0,000084
gloried 2,120264 0,000374
gloves 0,693147 0,000122
glow 0,527633 0,000093
glowing 0,510826 0,000090
goals 0,544727 0,000096
god 0,094311 0,000017
gold 0,083382 0,000015
goodby 3,506558 0,000619
goodness 0,328504 0,000058
goodwill 1,660731 0,000293
gossip 1,108663 0,000196
gout 1,966113 0,000347
govern 0,342490 0,000060
governed 1,049822 0,000185
governing 1,714798 0,000303
gown 0,693147 0,000122
gowns 1,560648 0,000275
grace 0,235722 0,000042
graceful 0,494296 0,000087
gracefulness 2,407946 0,000425
graces 1,139434 0,000201
gracious 0,544727 0,000096
graciousness 2,813411 0,000497
gradually 0,328504 0,000058
grand 0,342490 0,000060
grandeur 0,994252 0,000175
grandmothers 2,207275 0,000390
granted 0,150823 0,000027
grass 0,314711 0,000056
grate 1,171183 0,000207
grateful 0,446287 0,000079
gratefully 0,415515 0,000073
gratification 0,994252 0,000175
gratify 1,078810 0,000190
gratifying 1,272966 0,000225
gratitude 0,478036 0,000084
grave 0,127833 0,000023
gravel 1,237874 0,000218
gravely 0,693147 0,000122
gravity 0,713350 0,000126
gray 0,733969 0,000130
greatly 0,210721 0,000037
greatness 0,693147 0,000122
grecian 1,427116 0,000252
green 0,105361 0,000019
grew 0,139262 0,000025
grey 0,562119 0,000099
grief 0,356675 0,000063
grievance 1,347074 0,000238
grieve 0,916291 0,000162
grieved 0,916291 0,000162
grieves 1,966113 0,000347
grieving 1,386294 0,000245
grievous 0,967584 0,000171
groom 1,660731 0,000293
gross 0,235722 0,000042
ground 0,030459 0,000005
grounded 1,560648 0,000275
grounds 0,446287 0,000079
growing 0,174353 0,000031
grown 0,116534 0,000021
grows 0,527633 0,000093
grudge 1,171183 0,000207
guard 0,174353 0,000031
guarded 0,597837 0,000106
guardian 0,693147 0,000122
guardians 1,427116 0,000252
guardianship 1,832581 0,000323
guarding 1,386294 0,000245
guess 0,314711 0,000056
guessed 0,616186 0,000109
guessing 1,427116 0,000252
guest 0,527633 0,000093
guests 0,446287 0,000079
guidance 0,776529 0,000137
guide 0,261365 0,000046
guided 0,462035 0,000082
guilt 0,544727 0,000096
guilty 0,356675 0,000063
guineas 1,427116 0,000252
gum 1,832581 0,000323
gun 0,755023 0,000133
habit 0,223144 0,000039
habitation 1,139434 0,000201
habits 0,356675 0,000063
habitual 0,916291 0,000162
hackneyed 2,525729 0,000446
hair 0,094311 0,000017
hall 0,314711 0,000056
hallooing 2,995732 0,000529
ham 1,237874 0,000218
hamlet 1,139434 0,000201
hand 0,010050 0,000002
handed 0,274437 0,000048
handkerchief 0,653926 0,000115
handle 0,415515 0,000073
hands 0,020203 0,000004
handsome 0,328504 0,000058
handsomely 1,139434 0,000201
handsomer 1,832581 0,000323
handsomest 1,560648 0,000275
hang 0,400478 0,000071
hanger 2,659260 0,000469
hanging 0,261365 0,000046
hanover 2,659260 0,000469
happen 0,150823 0,000027
happened 0,094311 0,000017
happening 0,634878 0,000112
happier 0,544727 0,000096
happiest 0,798508 0,000141
happily 0,478036 0,000084
happiness 0,150823 0,000027
happy 0,072571 0,000013
harbour 1,078810 0,000190
hard 0,040822 0,000007
hardened 0,820981 0,000145
hardening 2,525729 0,000446
hardness 1,203973 0,000212
hardship 1,108663 0,000196
hardships 1,021651 0,000180
harm 0,210721 0,000037
harmless 0,248461 0,000044
harmony 0,579818 0,000102
harp 0,941609 0,000166
harris 2,407946 0,000425
harry 1,427116 0,000252
harshly 1,078810 0,000190
hart 0,462035 0,000082
hartshorn 3,218876 0,000568
haste 0,371064 0,000065
hastened 0,616186 0,000109
hastening 1,203973 0,000212
hastily 0,462035 0,000082
hasty 0,510826 0,000090
hat 0,478036 0,000084
hate 0,274437 0,000048
hated 0,356675 0,000063
hateful 0,891598 0,000157
hates 1,237874 0,000218
hating 1,469676 0,000259
haughty 0,867501 0,000153
hauteur 2,659260 0,000469
hazard 1,021651 0,000180
hazarded 1,771957 0,000313
hazarding 2,407946 0,000425
hazy 1,771957 0,000313
head 0,000000 0,000000
headache 1,560648 0,000275
headed 0,510826 0,000090
heads 0,094311 0,000017
headstrong 1,714798 0,000303
healing 1,347074 0,000238
health 0,198451 0,000035
healthful 2,302585 0,000406
healthy 0,356675 0,000063
hear 0,010050 0,000002
heard 0,020203 0,000004
hearer 1,609438 0,000284
hearing 0,139262 0,000025
hears 0,673345 0,000119
heart 0,010050 0,000002
hearted 0,415515 0,000073
heartily 0,597837 0,000106
heartiness 2,525729 0,000446
hearts 0,261365 0,000046
hearty 0,653926 0,000115
heat 0,274437 0,000048
heath 1,560648 0,000275
heaven 0,198451 0,000035
heavens 0,430783 0,000076
heavily 0,400478 0,000071
heavy 0,030459 0,000005
height 0,261365 0,000046
heighten 2,302585 0,000406
heightened 1,469676 0,000259
heightening 2,302585 0,000406
heights 0,916291 0,000162
heir 0,653926 0,000115
heirs 1,203973 0,000212
held 0,040822 0,000007
helpless 0,328504 0,000058
helpmate 2,659260 0,000469
henceforth 0,867501 0,000153
henceforward 1,660731 0,000293
henry 0,713350 0,000126
hens 1,832581 0,000323
hero 0,544727 0,000096
heroically 1,966113 0,000347
heroism 1,514128 0,000267
hesitated 0,653926 0,000115
hesitatingly 1,714798 0,000303
hesitation 0,616186 0,000109
hiding 0,616186 0,000109
highly 0,261365 0,000046
hilarity 1,966113 0,000347
hill 0,248461 0,000044
hills 0,356675 0,000063
hinder 0,820981 0,000145
hindrance 1,139434 0,000201
hint 0,462035 0,000082
hinted 1,049822 0,000185
hints 0,941609 0,000166
history 0,186330 0,000033
hit 0,356675 0,000063
hitherto 0,385662 0,000068
ho 1,203973 0,000212
hoarded 2,207275 0,000390
hold 0,020203 0,000004
holder 0,446287 0,000079
holding 0,174353 0,000031
holds 0,342490 0,000060
holidays 1,272966 0,000225
hollow 0,446287 0,000079
honest 0,235722 0,000042
honestly 0,843970 0,000149
honesty 0,733969 0,000130
honeysuckles 3,506558 0,000619
honiton 3,912023 0,000690
honor 0,891598 0,000157
honorable 1,386294 0,000245
honorably 2,207275 0,000390
honour 0,510826 0,000090
honourable 0,941609 0,000166
honourably 2,207275 0,000390
honoured 0,916291 0,000162
honours 1,108663 0,000196
hop 1,469676 0,000259
hope 0,010050 0,000002
hoped 0,210721 0,000037
hopeless 0,510826 0,000090
hopes 0,210721 0,000037
hoping 0,430783 0,000076
horizon 0,616186 0,000109
horrible 0,356675 0,000063
horrid 0,713350 0,000126
horridly 3,506558 0,000619
horror 0,248461 0,000044
horrors 0,693147 0,000122
horse 0,162519 0,000029
horseback 0,843970 0,000149
horses 0,261365 0,000046
hospitable 1,078810 0,000190
hospitality 0,713350 0,000126
hostess 1,347074 0,000238
hostile 0,776529 0,000137
hot 0,116534 0,000021
hour 0,083382 0,000015
hours 0,094311 0,000017
house 0,020203 0,000004
household 0,430783 0,000076
housekeeper 1,203973 0,000212
housekeeping 1,427116 0,000252
housemaid 1,660731 0,000293
houses 0,139262 0,000025
hue 0,798508 0,000141
hum 0,891598 0,000157
human 0,083382 0,000015
humanity 0,494296 0,000087
humble 0,301105 0,000053
humbled 1,171183 0,000207
humiliating 1,427116 0,000252
humiliations 2,659260 0,000469
humility 0,867501 0,000153
humored 1,897120 0,000335
humour 0,733969 0,000130
humoured 1,609438 0,000284
humouring 2,813411 0,000497
hung 0,174353 0,000031
hunt 0,544727 0,000096
hunted 0,867501 0,000153
hunters 1,171183 0,000207
hunts 2,040221 0,000360
hurried 0,356675 0,000063
hurry 0,328504 0,000058
hurrying 0,673345 0,000119
hurt 0,198451 0,000035
husband 0,248461 0,000044
husbands 0,755023 0,000133
hush 0,776529 0,000137
hussy 2,302585 0,000406
huswifes 3,506558 0,000619
hysterical 1,469676 0,000259
hysterics 1,714798 0,000303
ice 0,527633 0,000093
idea 0,105361 0,000019
ideas 0,314711 0,000056
identification 0,527633 0,000093
identify 0,415515 0,000073
idle 0,274437 0,000048
idled 3,506558 0,000619
idleness 0,755023 0,000133
idolized 2,525729 0,000446
ignorance 0,287682 0,000051
ignorant 0,301105 0,000053
iii 0,287682 0,000051
illaudable 3,506558 0,000619
illiberal 2,659260 0,000469
illiterate 2,040221 0,000360
illness 0,616186 0,000109
illusion 1,049822 0,000185
illustration 1,139434 0,000201
image 0,371064 0,000065
imagery 2,302585 0,000406
imaginable 1,427116 0,000252
imaginary 0,755023 0,000133
imagination 0,223144 0,000039
imaginations 1,309333 0,000231
imagine 0,139262 0,000025
imagined 0,287682 0,000051
imagining 0,941609 0,000166
imbibed 1,966113 0,000347
imitate 0,891598 0,000157
imminent 1,514128 0,000267
immoderately 2,207275 0,000390
immovable 1,203973 0,000212
imparted 1,171183 0,000207
impartial 1,237874 0,000218
impartiality 1,966113 0,000347
impatience 0,634878 0,000112
impatient 0,371064 0,000065
impatiently 0,634878 0,000112
impediment 1,714798 0,000303
impenetrable 1,049822 0,000185
imperfect 0,673345 0,000119
imperfection 1,560648 0,000275
imperfections 1,771957 0,000313
imperfectly 1,386294 0,000245
impertinence 1,560648 0,000275
impertinent 1,171183 0,000207
impertinently 3,218876 0,000568
impetuous 1,021651 0,000180
implied 0,371064 0,000065
implies 1,386294 0,000245
imply 1,078810 0,000190
impolitic 2,659260 0,000469
importunate 1,609438 0,000284
importunity 1,714798 0,000303
impose 0,941609 0,000166
imposed 0,210721 0,000037
impossibility 1,021651 0,000180
impossible 0,094311 0,000017
impoverished 1,897120 0,000335
impoverishing 3,218876 0,000568
impracticable 1,237874 0,000218
impression 0,210721 0,000037
imprint 1,966113 0,000347
improperly 2,120264 0,000374
impropriety 1,897120 0,000335
improve 0,733969 0,000130
improved 0,562119 0,000099
improvement 0,673345 0,000119
improvements 1,139434 0,000201
improvident 2,813411 0,000497
improving 1,049822 0,000185
imprudence 1,832581 0,000323
imprudent 1,469676 0,000259
imprudently 2,120264 0,000374
impudence 1,272966 0,000225
impudently 2,302585 0,000406
impulse 0,462035 0,000082
imputed 1,609438 0,000284
inaccurate 0,510826 0,000090
inadvertence 2,813411 0,000497
inarticulate 1,514128 0,000267
inattention 1,714798 0,000303
inattentive 2,302585 0,000406
incapable 0,562119 0,000099
incautiousness 3,912023 0,000690
incessant 0,941609 0,000166
incessantly 0,916291 0,000162
inch 0,634878 0,000112
incidental 0,446287 0,000079
incitement 2,207275 0,000390
incivility 2,525729 0,000446
inclination 0,579818 0,000102
inclinations 1,309333 0,000231
inclined 0,186330 0,000033
inclosing 2,995732 0,000529
include 0,274437 0,000048
included 0,162519 0,000029
includes 0,462035 0,000082
including 0,139262 0,000025
incoherently 2,207275 0,000390
income 0,798508 0,000141
incommode 3,218876 0,000568
incommoded 2,407946 0,000425
incompatible 1,771957 0,000313
incomplete 0,301105 0,000053
incomprehensible 1,108663 0,000196
inconsiderable 1,560648 0,000275
inconsiderately 3,506558 0,000619
inconsistency 1,427116 0,000252
inconsolable 2,040221 0,000360
inconstancy 2,120264 0,000374
inconstant 2,120264 0,000374
inconvenience 1,078810 0,000190
inconveniences 2,120264 0,000374
inconvenient 1,237874 0,000218
increase 0,287682 0,000051
increased 0,248461 0,000044
increasing 0,127833 0,000023
incredulity 1,386294 0,000245
incumbent 1,714798 0,000303
incurable 1,386294 0,000245
incurred 1,309333 0,000231
incurring 1,832581 0,000323
indecision 1,514128 0,000267
indecorous 2,407946 0,000425
indefatigable 1,771957 0,000313
indelicacy 3,218876 0,000568
indemnify 0,527633 0,000093
indemnity 0,527633 0,000093
independence 0,843970 0,000149
independent 0,510826 0,000090
independently 1,427116 0,000252
indication 1,171183 0,000207
indies 1,309333 0,000231
indifference 0,527633 0,000093
indifferent 0,400478 0,000071
indigence 2,207275 0,000390
indignant 0,820981 0,000145
indignantly 1,203973 0,000212
indignation 0,510826 0,000090
indignity 1,660731 0,000293
indirect 0,446287 0,000079
indirectly 0,371064 0,000065
indispensable 0,843970 0,000149
indispensably 2,302585 0,000406
indisposed 2,120264 0,000374
indisposition 2,120264 0,000374
indisputable 1,966113 0,000347
indistinct 1,139434 0,000201
individual 0,150823 0,000027
indolence 1,309333 0,000231
indolent 1,427116 0,000252
indubitable 2,659260 0,000469
induce 0,634878 0,000112
induced 0,527633 0,000093
inducement 1,469676 0,000259
indulge 0,820981 0,000145
indulged 0,941609 0,000166
indulgence 0,798508 0,000141
indulgent 1,386294 0,000245
indulging 1,171183 0,000207
ineffectual 1,469676 0,000259
inelegant 2,525729 0,000446
ineligible 2,813411 0,000497
inevitable 0,544727 0,000096
inevitably 0,843970 0,000149
inexcusable 2,407946 0,000425
inexperience 1,427116 0,000252
inexperienced 1,203973 0,000212
infamous 1,049822 0,000185
infamously 3,218876 0,000568
infancy 0,916291 0,000162
infant 0,673345 0,000119
infants 1,171183 0,000207
infatuation 1,714798 0,000303
infection 1,560648 0,000275
infer 1,139434 0,000201
inferior 0,597837 0,000106
inferiority 1,609438 0,000284
infinitely 0,673345 0,000119
infirm 1,714798 0,000303
infirmity 1,203973 0,000212
inflict 1,049822 0,000185
inflicted 0,798508 0,000141
inflicting 1,609438 0,000284
influence 0,198451 0,000035
influenced 0,891598 0,000157
inform 0,510826 0,000090
informed 0,371064 0,000065
informing 1,021651 0,000180
infringement 0,544727 0,000096
ingenious 0,693147 0,000122
ingenuity 0,891598 0,000157
ingratiating 2,525729 0,000446
ingratitude 1,171183 0,000207
inhabit 1,203973 0,000212
inhabitants 0,446287 0,000079
inhabited 0,713350 0,000126
inhabiting 2,302585 0,000406
inherit 1,203973 0,000212
inheriting 2,813411 0,000497
inheritor 2,813411 0,000497
injunction 1,347074 0,000238
injure 0,941609 0,000166
injured 0,579818 0,000102
injuries 0,916291 0,000162
injury 0,446287 0,000079
injustice 0,673345 0,000119
inn 0,713350 0,000126
innate 1,427116 0,000252
innocence 0,634878 0,000112
innocent 0,186330 0,000033
innumerable 0,634878 0,000112
inquietude 2,659260 0,000469
inquire 0,494296 0,000087
inquired 0,544727 0,000096
inquiries 0,653926 0,000115
inquiring 0,798508 0,000141
inquiry 0,634878 0,000112
inquisitive 1,078810 0,000190
inquisitiveness 2,659260 0,000469
insensibility 1,609438 0,000284
insensible 0,843970 0,000149
insignificance 2,207275 0,000390
insincere 2,207275 0,000390
insincerity 2,302585 0,000406
insinuations 2,207275 0,000390
insipid 1,966113 0,000347
insipidity 2,995732 0,000529
insist 0,462035 0,000082
insisted 0,400478 0,000071
insolence 0,994252 0,000175
insolent 0,941609 0,000166
inspect 1,347074 0,000238
inspection 0,820981 0,000145
inspire 0,941609 0,000166
inspired 0,510826 0,000090
inspiring 1,108663 0,000196
installed 1,832581 0,000323
instance 0,150823 0,000027
instant 0,210721 0,000037
instantaneous 1,427116 0,000252
instantaneously 1,832581 0,000323
instantly 0,356675 0,000063
instigated 2,407946 0,000425
instigation 1,966113 0,000347
instruction 0,713350 0,000126
instructions 0,579818 0,000102
instrument 0,356675 0,000063
insufferably 2,407946 0,000425
insufficiency 2,407946 0,000425
insufficient 1,386294 0,000245
insult 0,673345 0,000119
insulted 1,078810 0,000190
insulting 1,203973 0,000212
insured 1,832581 0,000323
insurmountable 1,714798 0,000303
integrity 1,203973 0,000212
intellectual 0,235722 0,000042
intelligence 0,301105 0,000053
intelligent 0,342490 0,000060
intelligible 1,021651 0,000180
intend 0,494296 0,000087
intended 0,174353 0,000031
intending 0,733969 0,000130
intends 1,347074 0,000238
intent 0,527633 0,000093
intention 0,186330 0,000033
intentionally 1,660731 0,000293
intentions 0,494296 0,000087
intents 2,659260 0,000469
intercourse 0,798508 0,000141
interfere 0,544727 0,000096
interference 1,108663 0,000196
interfering 1,660731 0,000293
interim 2,207275 0,000390
intermission 1,560648 0,000275
internal 0,261365 0,000046
internally 1,897120 0,000335
international 0,494296 0,000087
interposed 1,139434 0,000201
interpreted 0,274437 0,000048
interrupt 0,755023 0,000133
interrupted 0,301105 0,000053
interrupting 1,203973 0,000212
interruption 0,776529 0,000137
interspersed 1,897120 0,000335
interval 0,579818 0,000102
intervals 0,510826 0,000090
interview 0,673345 0,000119
interviews 1,660731 0,000293
intimacy 0,843970 0,000149
intimate 0,462035 0,000082
intimated 1,386294 0,000245
intimately 1,309333 0,000231
intoxication 1,309333 0,000231
intreat 2,995732 0,000529
intrinsically 2,525729 0,000446
introduce 0,562119 0,000099
introduced 0,356675 0,000063
introducing 1,108663 0,000196
introduction 0,400478 0,000071
intruded 2,813411 0,000497
intruder 1,237874 0,000218
intruding 2,120264 0,000374
intrusion 1,347074 0,000238
intuitively 2,659260 0,000469
invalid 1,139434 0,000201
invalidity 0,527633 0,000093
invaluable 1,386294 0,000245
invariable 1,514128 0,000267
invariably 0,798508 0,000141
invent 0,798508 0,000141
invented 0,597837 0,000106
inventing 1,832581 0,000323
inventive 2,040221 0,000360
investigation 0,967584 0,000171
invitation 0,579818 0,000102
invitations 1,714798 0,000303
invite 0,693147 0,000122
invited 0,415515 0,000073
inviting 0,891598 0,000157
involuntarily 1,139434 0,000201
involuntary 1,021651 0,000180
involve 1,309333 0,000231
involved 0,579818 0,000102
irksome 1,469676 0,000259
irrational 1,469676 0,000259
irreconcilable 2,302585 0,000406
irregular 0,733969 0,000130
irremediable 2,525729 0,000446
irreparable 1,832581 0,000323
irrepressible 1,427116 0,000252
irreproachable 1,966113 0,000347
irresistible 0,653926 0,000115
irresolute 1,427116 0,000252
irritability 1,897120 0,000335
irritable 1,469676 0,000259
irritated 1,078810 0,000190
irritates 2,659260 0,000469
irritation 1,171183 0,000207
irs 0,562119 0,000099
issued 0,579818 0,000102
iv 0,328504 0,000058
ivory 0,843970 0,000149
ix 0,494296 0,000087
jacket 0,798508 0,000141
james 0,673345 0,000119
jane 1,832581 0,000323
january 0,693147 0,000122
jargon 1,660731 0,000293
jealous 0,446287 0,000079
jealousies 1,966113 0,000347
jealousy 0,478036 0,000084
jest 0,673345 0,000119
jewels 0,820981 0,000145
jilting 3,912023 0,000690
john 0,328504 0,000058
joint 0,673345 0,000119
jointure 3,506558 0,000619
joke 0,494296 0,000087
joked 2,120264 0,000374
jokes 1,078810 0,000190
joking 0,994252 0,000175
journey 0,198451 0,000035
joy 0,139262 0,000025
joyful 0,798508 0,000141
joyfully 1,272966 0,000225
joys 0,916291 0,000162
judge 0,116534 0,000021
judged 0,430783 0,000076
judging 0,713350 0,000126
judgment 0,198451 0,000035
judgments 1,237874 0,000218
judicious 1,139434 0,000201
judiciously 2,040221 0,000360
jumbled 2,207275 0,000390
justice 0,162519 0,000029
justification 1,171183 0,000207
justified 0,693147 0,000122
justify 0,693147 0,000122
justifying 1,771957 0,000313
justly 0,653926 0,000115
juvenile 1,897120 0,000335
keen 0,415515 0,000073
kensington 2,302585 0,000406
kicked 0,843970 0,000149
kill 0,127833 0,000023
kindly 0,223144 0,000039
kindness 0,287682 0,000051
kingdom 0,494296 0,000087
kiss 0,562119 0,000099
kissed 0,462035 0,000082
kisses 1,021651 0,000180
kitchen 0,597837 0,000106
knack 1,832581 0,000323
knave 1,714798 0,000303
kneeling 0,798508 0,000141
knees 0,223144 0,000039
knives 0,916291 0,000162
knocking 0,798508 0,000141
knoll 2,407946 0,000425
knowledge 0,061875 0,000011
labor 1,272966 0,000225
labour 0,634878 0,000112
laboured 1,427116 0,000252
ladies 0,314711 0,000056
lady 0,248461 0,000044
ladyship 1,966113 0,000347
laid 0,072571 0,000013
lain 0,843970 0,000149
lake 0,210721 0,000037
lament 1,203973 0,000212
lamentation 1,560648 0,000275
lamentations 1,386294 0,000245
lamenting 1,560648 0,000275
lamps 0,733969 0,000130
land 0,072571 0,000013
landing 0,562119 0,000099
landlord 0,941609 0,000166
landscape 0,867501 0,000153
lane 0,798508 0,000141
lanes 1,203973 0,000212
language 0,072571 0,000013
languid 1,049822 0,000185
lap 0,634878 0,000112
lasting 1,771957 0,000313
lastingly 3,912023 0,000690
late 0,094311 0,000017
laudable 1,609438 0,000284
laugh 0,127833 0,000023
laughed 0,248461 0,000044
laughing 0,248461 0,000044
laughs 0,994252 0,000175
laughter 0,274437 0,000048
lavender 2,207275 0,000390
law 0,030459 0,000005
lawn 1,237874 0,000218
laws 0,083382 0,000015
lawyer 0,798508 0,000141
lay 0,051293 0,000009
laying 0,274437 0,000048
lead 0,083382 0,000015
leading 0,139262 0,000025
leaf 0,462035 0,000082
leagued 2,302585 0,000406
leaning 0,301105 0,000053
leant 1,609438 0,000284
learn 0,020203 0,000004
learned 0,105361 0,000019
learning 0,301105 0,000053
learnt 0,713350 0,000126
leave 0,000000 0,000000
leaves 0,094311 0,000017
leaving 0,083382 0,000015
lecture 1,049822 0,000185
led 0,040822 0,000007
left 0,000000 0,000000
legacies 2,302585 0,000406
legacy 1,832581 0,000323
legal 0,261365 0,000046
legally 0,342490 0,000060
leisure 0,579818 0,000102
leisurely 1,108663 0,000196
lengthened 1,272966 0,000225
lessen 1,171183 0,000207
lessened 1,272966 0,000225
lessening 1,660731 0,000293
lesson 0,400478 0,000071
letter 0,116534 0,000021
letters 0,198451 0,000035
liability 0,462035 0,000082
liable 0,235722 0,000042
liberal 0,616186 0,000109
liberality 1,347074 0,000238
libertine 2,659260 0,000469
liberty 0,223144 0,000039
library 0,223144 0,000039
license 0,301105 0,000053
licensed 0,430783 0,000076
lie 0,040822 0,000007
lief 3,218876 0,000568
lies 0,162519 0,000029
lieu 0,415515 0,000073
life -0,009950 -0,000002
lifted 0,274437 0,000048
lifting 0,653926 0,000115
light 0,010050 0,000002
lightened 1,514128 0,000267
lighter 0,527633 0,000093
lightly 0,430783 0,000076
likelihood 1,714798 0,000303
likeness 0,693147 0,000122
liking 1,049822 0,000185
limbs 0,274437 0,000048
limitation 0,478036 0,000084
limited 0,261365 0,000046
limits 0,494296 0,000087
linen 0,527633 0,000093
linger 0,843970 0,000149
lingered 1,049822 0,000185
lingering 0,755023 0,000133
linked 0,385662 0,000068
links 0,415515 0,000073
lip 0,673345 0,000119
lips 0,127833 0,000023
liquor 0,820981 0,000145
listen 0,127833 0,000023
listened 0,274437 0,000048
listener 1,139434 0,000201
listening 0,261365 0,000046
lit 0,653926 0,000115
literary 0,287682 0,000051
literature 0,673345 0,000119
live 0,010050 0,000002
lived 0,061875 0,000011
liveliness 1,966113 0,000347
lively 0,400478 0,000071
lives 0,072571 0,000013
living 0,020203 0,000004
livings 2,995732 0,000529
lobby 2,040221 0,000360
local 0,713350 0,000126
located 0,400478 0,000071
locations 0,544727 0,000096
lock 0,385662 0,000068
lodges 1,609438 0,000284
lodging 0,776529 0,000137
lodgings 1,078810 0,000190
loitered 1,832581 0,000323
london 0,415515 0,000073
loose 0,105361 0,000019
lord 0,223144 0,000039
lose 0,094311 0,000017
losing 0,235722 0,000042
loss 0,094311 0,000017
lost 0,020203 0,000004
lot 0,061875 0,000011
loud 0,174353 0,000031
lounging 1,514128 0,000267
love 0,051293 0,000009
loved 0,198451 0,000035
lovely 0,494296 0,000087
lover 0,385662 0,000068
lovers 0,673345 0,000119
loves 0,562119 0,000099
loving 0,478036 0,000084
lowness 2,659260 0,000469
luck 0,446287 0,000079
luckily 1,203973 0,000212
lucky 0,527633 0,000093
lucy 2,813411 0,000497
lurking 1,049822 0,000185
lustily 1,897120 0,000335
luxurious 0,916291 0,000162
luxury 0,527633 0,000093
lying 0,061875 0,000011
mab 3,218876 0,000568
machine 0,248461 0,000044
madam 0,967584 0,000171
madness 0,597837 0,000106
magna 2,995732 0,000529
magnanimity 1,609438 0,000284
magnificent 0,328504 0,000058
maid 0,446287 0,000079
maids 0,967584 0,000171
main 0,127833 0,000023
maintained 0,653926 0,000115
maintaining 0,235722 0,000042
maintenance 1,171183 0,000207
malady 1,427116 0,000252
malevolence 2,995732 0,000529
malice 0,776529 0,000137
malignant 1,139434 0,000201
mall 2,040221 0,000360
mama 3,218876 0,000568
manage 0,462035 0,000082
managed 0,342490 0,000060
management 0,843970 0,000149
manager 0,653926 0,000115
mankind 0,478036 0,000084
manly 0,820981 0,000145
manner 0,040822 0,000007
manners 0,274437 0,000048
manor 1,609438 0,000284
mansion 0,867501 0,000153
mantel 1,832581 0,000323
mantelpiece 1,714798 0,000303
march 0,274437 0,000048
mare 1,272966 0,000225
margaret 1,897120 0,000335
marianne 3,912023 0,000690
mark 0,127833 0,000023
marked 0,061875 0,000011
marking 1,203973 0,000212
marmalade 2,995732 0,000529
marriage 0,314711 0,000056
marriages 1,203973 0,000212
married 0,248461 0,000044
marries 2,207275 0,000390
marry 0,430783 0,000076
marrying 0,867501 0,000153
martha 2,040221 0,000360
mary 0,693147 0,000122
mass 0,301105 0,000053
master 0,083382 0,000015
match 0,385662 0,000068
material 0,328504 0,000058
materially 1,771957 0,000313
maternal 1,272966 0,000225
matrimony 1,771957 0,000313
matter 0,010050 0,000002
matters 0,139262 0,000025
maxim 1,347074 0,000238
maxims 1,427116 0,000252
maximum 0,478036 0,000084
meadows 1,139434 0,000201
meal 0,301105 0,000053
meals 0,776529 0,000137
meaning 0,210721 0,000037
meanness 1,237874 0,000218
measure 0,301105 0,000053
measured 0,579818 0,000102
measures 0,579818 0,000102
measuring 1,203973 0,000212
meat 0,356675 0,000063
mechanically 1,078810 0,000190
mediation 1,966113 0,000347
medicine 0,597837 0,000106
medicines 1,427116 0,000252
meditated 1,347074 0,000238
meditation 0,994252 0,000175
meditations 1,347074 0,000238
medium 0,223144 0,000039
meet 0,010050 0,000002
meeting 0,186330 0,000033
meetings 0,916291 0,000162
melancholy 0,342490 0,000060
memento 2,525729 0,000446
memorable 1,108663 0,000196
memory 0,174353 0,000031
mend 0,967584 0,000171
mental 0,430783 0,000076
mention 0,223144 0,000039
mentioned 0,223144 0,000039
mentioning 0,941609 0,000166
merchantability 0,994252 0,000175
mercy 0,223144 0,000039
mere 0,094311 0,000017
merest 1,660731 0,000293
merit 0,544727 0,000096
merited 1,660731 0,000293
meritorious 1,771957 0,000313
merits 0,693147 0,000122
merrier 2,302585 0,000406
merriment 1,139434 0,000201
merry 0,634878 0,000112
message 0,446287 0,000079
messages 1,171183 0,000207
messenger 0,634878 0,000112
met 0,040822 0,000007
metaphor 1,966113 0,000347
method 0,094311 0,000017
methods 0,210721 0,000037
michael 0,400478 0,000071
michaelmas 2,659260 0,000469
middle 0,030459 0,000005
midst 0,287682 0,000051
midsummer 2,120264 0,000374
mighty 0,328504 0,000058
mild 0,510826 0,000090
mildness 1,427116 0,000252
mile 0,342490 0,000060
miles 0,223144 0,000039
militate 3,218876 0,000568
militated 3,506558 0,000619
mind 0,020203 0,000004
minded 0,400478 0,000071
mindful 1,514128 0,000267
minds 0,235722 0,000042
mingle 1,237874 0,000218
miniature 1,237874 0,000218
minor 0,733969 0,000130
minute 0,235722 0,000042
minutely 1,309333 0,000231
minuteness 1,714798 0,000303
minuter 3,912023 0,000690
minutes 0,235722 0,000042
minutiae 3,218876 0,000568
miracle 0,755023 0,000133
mirth 0,776529 0,000137
misapplied 2,813411 0,000497
misapprehension 2,302585 0,000406
mischievous 1,078810 0,000190
misconduct 2,040221 0,000360
misconstruction 3,506558 0,000619
miserable 0,210721 0,000037
misery 0,301105 0,000053
misfortune 0,478036 0,000084
misinformed 2,995732 0,000529
misled 1,139434 0,000201
mission 0,210721 0,000037
mississippi 0,415515 0,000073
mistake 0,223144 0,000039
mistaken 0,261365 0,000046
mistakes 0,755023 0,000133
mistress 0,510826 0,000090
mistrust 1,309333 0,000231
misunderstood 1,386294 0,000245
mix 0,994252 0,000175
mixing 1,272966 0,000225
moan 1,139434 0,000201
mode 0,634878 0,000112
moderate 0,653926 0,000115
moderation 1,108663 0,000196
modern 0,314711 0,000056
modest 0,371064 0,000065
modestest 3,912023 0,000690
modesty 0,733969 0,000130
modification 0,494296 0,000087
modified 0,385662 0,000068
moiety 2,659260 0,000469
moment 0,010050 0,000002
momentary 0,693147 0,000122
moments 0,287682 0,000051
monday 0,891598 0,000157
money 0,051293 0,000009
monkey 1,049822 0,000185
monopolize 2,995732 0,000529
monstrous 0,400478 0,000071
month 0,174353 0,000031
months 0,094311 0,000017
mood 0,527633 0,000093
moonlight 0,673345 0,000119
morality 0,867501 0,000153
morning 0,040822 0,000007
mornings 1,203973 0,000212
morrow 0,328504 0,000058
mortification 1,049822 0,000185
mortified 1,272966 0,000225
mortify 2,302585 0,000406
mortifying 1,771957 0,000313
morton 2,813411 0,000497
mosquitoes 2,040221 0,000360
moss 1,049822 0,000185
mother 0,072571 0,000013
motherly 2,040221 0,000360
mothers 0,733969 0,000130
motion 0,328504 0,000058
motionless 0,544727 0,000096
motive 0,597837 0,000106
motives 0,579818 0,000102
mound 1,514128 0,000267
mountain 0,400478 0,000071
mounted 0,446287 0,000079
mourning 0,693147 0,000122
mouth 0,105361 0,000019
moving 1,832581 0,000323
muff 2,040221 0,000360
mulberry 2,120264 0,000374
music 0,198451 0,000035
musical 0,579818 0,000102
muslin 1,386294 0,000245
muttered 0,798508 0,000141
mutton 1,272966 0,000225
mutual 0,510826 0,000090
mutually 1,386294 0,000245
mysterious 0,314711 0,000056
mysteriously 1,171183 0,000207
mystery 0,301105 0,000053
nabobs 3,912023 0,000690
nameless 1,078810 0,000190
nancy 2,659260 0,000469
narration 1,714798 0,000303
narrator 2,040221 0,000360
narrow 0,105361 0,000019
narrowly 1,272966 0,000225
nasty 1,171183 0,000207
natural 0,094311 0,000017
naturally 0,210721 0,000037
nature 0,094311 0,000017
natured 0,733969 0,000130
navy 1,272966 0,000225
nearer 0,400478 0,000071
neat 0,673345 0,000119
necessitous 2,525729 0,000446
necessity 0,261365 0,000046
neck 0,186330 0,000033
needle 0,798508 0,000141
needless 1,049822 0,000185
negative 0,967584 0,000171
neglect 0,494296 0,000087
neglected 0,400478 0,000071
negligence 0,415515 0,000073
negligent 1,609438 0,000284
negotiation 2,207275 0,000390
neighbour 0,653926 0,000115
neighbourhood 0,776529 0,000137
neighbouring 0,891598 0,000157
neighbourly 3,218876 0,000568
neighbours 0,713350 0,000126
nephew 1,021651 0,000180
nerve 0,867501 0,000153
nerves 0,544727 0,000096
nervous 0,494296 0,000087
nests 1,386294 0,000245
nettles 2,040221 0,000360
network 0,415515 0,000073
newly 0,494296 0,000087
newness 2,407946 0,000425
news 0,210721 0,000037
newsletter 0,562119 0,000099
newspaper 1,021651 0,000180
newspapers 0,820981 0,000145
newton 2,207275 0,000390
nice 0,400478 0,000071
nicest 1,966113 0,000347
nicety 1,609438 0,000284
niece 1,309333 0,000231
nieces 1,966113 0,000347
niggardly 2,040221 0,000360
night 0,010050 0,000002
nights 0,235722 0,000042
nineteen 1,108663 0,000196
ninny 2,995732 0,000529
nipped 1,966113 0,000347
noble 0,248461 0,000044
nobleman 1,171183 0,000207
nobly 1,309333 0,000231
nodded 0,634878 0,000112
nodding 0,941609 0,000166
nods 1,832581 0,000323
noise 0,139262 0,000025
noisier 3,506558 0,000619
noisy 0,776529 0,000137
nominal 1,714798 0,000303
nonproprietary 0,562119 0,000099
nonsense 0,478036 0,000084
nonsensical 2,302585 0,000406
noon 0,430783 0,000076
norfolk 2,120264 0,000374
norland 3,912023 0,000690
north 0,083382 0,000015
northward 1,203973 0,000212
note 0,127833 0,000023
notes 0,261365 0,000046
notice 0,030459 0,000005
noticed 0,328504 0,000058
noticing 0,941609 0,000166
notifies 0,527633 0,000093
notion 0,371064 0,000065
notions 0,776529 0,000137
nought 1,609438 0,000284
nourishment 0,994252 0,000175
novelty 0,916291 0,000162
november 0,544727 0,000096
nuisance 1,514128 0,000267
numerous 0,235722 0,000042
nuncheon 3,912023 0,000690
nurse 0,478036 0,000084
nurses 1,171183 0,000207
nursing 0,867501 0,000153
oath 0,510826 0,000090
obedient 0,544727 0,000096
obey 0,400478 0,000071
obeyed 0,579818 0,000102
object 0,127833 0,000023
objected 0,755023 0,000133
objection 0,616186 0,000109
objections 0,820981 0,000145
objects 0,356675 0,000063
obligation 0,843970 0,000149
obligations 1,021651 0,000180
oblige 0,967584 0,000171
obliged 0,287682 0,000051
obliging 1,078810 0,000190
obligingly 2,407946 0,000425
observable 1,771957 0,000313
observant 1,309333 0,000231
observation 0,446287 0,000079
observations 0,867501 0,000153
observe 0,235722 0,000042
observed 0,162519 0,000029
observer 1,021651 0,000180
observing 0,510826 0,000090
obsolete 0,446287 0,000079
obstacle 0,891598 0,000157
obstacles 0,798508 0,000141
obstinacy 1,108663 0,000196
obstinate 0,713350 0,000126
obstructed 1,714798 0,000303
obviated 2,525729 0,000446
obviating 3,506558 0,000619
occasion 0,105361 0,000019
occasional 0,510826 0,000090
occasionally 0,371064 0,000065
occasioned 0,798508 0,000141
occasions 0,430783 0,000076
occupation 0,494296 0,000087
occupations 1,078810 0,000190
occupied 0,235722 0,000042
occupy 0,634878 0,000112
occur 0,150823 0,000027
occurred 0,261365 0,000046
occurrence 0,843970 0,000149
october 0,653926 0,000115
odd 0,385662 0,000068
oddest 2,302585 0,000406
odious 0,941609 0,000166
offence 0,579818 0,000102
offences 1,427116 0,000252
offend 1,171183 0,000207
offended 0,616186 0,000109
offending 1,309333 0,000231
offer 0,162519 0,000029
offered 0,139262 0,000025
offering 0,400478 0,000071
offers 0,198451 0,000035
office 0,072571 0,000013
offices 0,510826 0,000090
official 0,235722 0,000042
officious 1,832581 0,000323
officiously 2,995732 0,000529
offspring 0,994252 0,000175
oftener 1,049822 0,000185
oftenest 2,302585 0,000406
olives 1,897120 0,000335
oneself 1,386294 0,000245
online 0,510826 0,000090
openly 0,494296 0,000087
openness 2,040221 0,000360
opera 1,203973 0,000212
opinion 0,139262 0,000025
opinions 0,527633 0,000093
opportunities 0,235722 0,000042
opportunity 0,061875 0,000011
oppose 0,733969 0,000130
opposed 0,653926 0,000115
opposition 0,494296 0,000087
oppressed 0,693147 0,000122
oppression 0,916291 0,000162
option 2,040221 0,000360
orator 1,272966 0,000225
ordained 1,108663 0,000196
ordinary 0,186330 0,000033
ordination 2,525729 0,000446
organized 0,356675 0,000063
origin 0,544727 0,000096
original 0,105361 0,000019
originated 1,237874 0,000218
originator 0,527633 0,000093
ornament 0,755023 0,000133
ornamented 1,171183 0,000207
ornaments 0,843970 0,000149
orphan 0,891598 0,000157
outdated 0,562119 0,000099
outdone 1,966113 0,000347
outgrown 2,659260 0,000469
outlived 2,302585 0,000406
outraged 1,272966 0,000225
outrun 2,525729 0,000446
outstaid 3,912023 0,000690
outstretched 1,108663 0,000196
outstripped 2,040221 0,000360
outward 0,579818 0,000102
outwardly 1,309333 0,000231
outweigh 1,832581 0,000323
outweighs 2,995732 0,000529
overcame 0,941609 0,000166
overcome 0,261365 0,000046
overcoming 1,469676 0,000259
overheard 1,078810 0,000190
overlook 1,021651 0,000180
overlooked 0,776529 0,000137
overpowered 1,049822 0,000185
overpowering 1,309333 0,000231
overspreading 2,659260 0,000469
overstrained 2,207275 0,000390
owe 0,494296 0,000087
owed 0,139262 0,000025
owner 0,116534 0,000021
owners 0,891598 0,000157
oxford 1,272966 0,000225
pace 0,328504 0,000058
paces 0,673345 0,000119
pacified 1,897120 0,000335
packages 1,832581 0,000323
packed 0,616186 0,000109
paid 0,061875 0,000011
pain 0,174353 0,000031
pained 1,203973 0,000212
painful 0,328504 0,000058
painfully 0,916291 0,000162
pains 0,301105 0,000053
paint 0,693147 0,000122
painted 0,356675 0,000063
painter 1,021651 0,000180
painting 0,798508 0,000141
pair 0,235722 0,000042
palanquins 3,218876 0,000568
pale 0,198451 0,000035
paleness 1,609438 0,000284
pall 1,469676 0,000259
palm 0,494296 0,000087
palmer 2,659260 0,000469
palmers 3,218876 0,000568
pang 0,967584 0,000171
pangs 1,078810 0,000190
panting 0,597837 0,000106
paper 0,083382 0,000015
papers 0,385662 0,000068
paperwork 0,562119 0,000099
paragraph 0,328504 0,000058
paragraphs 0,494296 0,000087
parcels 1,560648 0,000275
pardon 0,301105 0,000053
pardonable 2,040221 0,000360
parent 0,713350 0,000126
parents 0,314711 0,000056
parish 0,916291 0,000162
park 0,776529 0,000137
parliament 1,049822 0,000185
parlors 2,995732 0,000529
parlour 1,469676 0,000259
parsonage 2,302585 0,000406
partial 0,733969 0,000130
partiality 1,427116 0,000252
particularity 3,218876 0,000568
particulars 0,776529 0,000137
parties 0,371064 0,000065
partly 0,301105 0,000053
partners 0,994252 0,000175
partook 1,560648 0,000275
partridge 2,040221 0,000360
party 0,061875 0,000011
pass 0,040822 0,000007
passage 0,139262 0,000025
passages 0,527633 0,000093
passed 0,040822 0,000007
passing 0,094311 0,000017
passion 0,186330 0,000033
passionate 0,634878 0,000112
passionately 0,941609 0,000166
passions 0,478036 0,000084
pasturage 3,218876 0,000568
pasture 1,203973 0,000212
patches 0,941609 0,000166
path 0,198451 0,000035
patience 0,139262 0,000025
patient 0,274437 0,000048
patron 0,867501 0,000153
patronage 1,272966 0,000225
patroness 2,120264 0,000374
patronised 2,995732 0,000529
pattern 0,693147 0,000122
patterns 1,514128 0,000267
pause 0,371064 0,000065
paused 0,562119 0,000099
pausing 1,078810 0,000190
pay 0,051293 0,000009
paying 0,116534 0,000021
payment 0,941609 0,000166
payments 0,415515 0,000073
peace 0,094311 0,000017
pearls 1,078810 0,000190
peculiar 0,223144 0,000039
peculiarly 0,755023 0,000133
pecuniary 1,386294 0,000245
pen 0,371064 0,000065
pencil 0,634878 0,000112
penetrate 0,867501 0,000153
penetration 1,347074 0,000238
penitence 1,514128 0,000267
penitent 1,237874 0,000218
penny 0,755023 0,000133
penury 2,120264 0,000374
people 0,010050 0,000002
perceive 0,356675 0,000063
perceived 0,400478 0,000071
perceiving 0,867501 0,000153
perceptible 1,171183 0,000207
perfect 0,072571 0,000013
perfection 0,478036 0,000084
perfections 2,120264 0,000374
perfectly 0,162519 0,000029
perform 0,150823 0,000027
performance 0,478036 0,000084
performances 0,314711 0,000056
performed 0,127833 0,000023
performers 2,120264 0,000374
performing 0,261365 0,000046
period 0,274437 0,000048
periodic 0,544727 0,000096
permanent 0,223144 0,000039
permission 0,150823 0,000027
permit 0,446287 0,000079
permitted 0,105361 0,000019
permitting 1,386294 0,000245
perpetual 0,478036 0,000084
perplexed 0,755023 0,000133
perplexity 0,776529 0,000137
persecution 1,237874 0,000218
persecutions 2,040221 0,000360
perseverance 1,108663 0,000196
persevered 1,966113 0,000347
persevering 1,714798 0,000303
persisted 0,713350 0,000126
persisting 2,207275 0,000390
person 0,010050 0,000002
personal 0,223144 0,000039
personally 0,798508 0,000141
persons 0,210721 0,000037
persuade 0,446287 0,000079
persuaded 0,527633 0,000093
persuading 1,049822 0,000185
persuasion 1,049822 0,000185
perturbation 1,897120 0,000335
perusal 1,309333 0,000231
perverseness 2,040221 0,000360
petty 0,776529 0,000137
philanthropic 2,040221 0,000360
philippic 3,912023 0,000690
philosophic 1,203973 0,000212
philosophy 0,597837 0,000106
phrase 0,174353 0,000031
physical 0,198451 0,000035
piano 1,139434 0,000201
pianoforte 2,995732 0,000529
picture 0,248461 0,000044
pictured 1,049822 0,000185
pictures 0,415515 0,000073
picturesque 0,755023 0,000133
piece 0,072571 0,000013
pieces 0,139262 0,000025
pillow 0,776529 0,000137
pimples 3,218876 0,000568
pin 0,713350 0,000126
pinching 1,966113 0,000347
pink 0,867501 0,000153
pint 1,427116 0,000252
pique 2,302585 0,000406
piqued 1,832581 0,000323
piquet 3,218876 0,000568
pitch 0,342490 0,000060
pitched 0,820981 0,000145
pitiable 1,347074 0,000238
pitied 0,891598 0,000157
pity 0,150823 0,000027
pitying 1,272966 0,000225
plague 0,755023 0,000133
plagued 1,966113 0,000347
plaguing 2,995732 0,000529
plain 0,040822 0,000007
plainly 0,261365 0,000046
plait 2,995732 0,000529
plan 0,261365 0,000046
planning 1,021651 0,000180
plans 0,371064 0,000065
plantation 1,469676 0,000259
plantations 1,771957 0,000313
plants 0,527633 0,000093
plate 0,527633 0,000093
play 0,072571 0,000013
played 0,198451 0,000035
playfellows 2,659260 0,000469
playful 1,386294 0,000245
playfulness 2,302585 0,000406
playing 0,186330 0,000033
playthings 2,040221 0,000360
plea 1,139434 0,000201
plead 0,867501 0,000153
pleasant 0,162519 0,000029
pleasanter 1,108663 0,000196
pleasantest 1,609438 0,000284
pleasantly 0,820981 0,000145
pleasantness 2,407946 0,000425
pleased 0,150823 0,000027
pleasing 0,653926 0,000115
pleasure 0,051293 0,000009
pleasures 0,653926 0,000115
plenty 0,235722 0,000042
plighted 2,207275 0,000390
plump 1,078810 0,000190
plums 2,525729 0,000446
plymouth 2,407946 0,000425
pocket 0,371064 0,000065
pocketbook 2,120264 0,000374
poignant 1,560648 0,000275
pointedly 2,207275 0,000390
pointer 2,302585 0,000406
pointers 2,813411 0,000497
poking 1,469676 0,000259
policy 0,820981 0,000145
polished 0,673345 0,000119
polite 0,693147 0,000122
politely 1,078810 0,000190
politeness 0,798508 0,000141
political 0,562119 0,000099
politics 0,713350 0,000126
ponds 1,966113 0,000347
poor 0,030459 0,000005
pope 0,941609 0,000166
poplars 2,207275 0,000390
porter 1,078810 0,000190
portion 0,356675 0,000063
portman 3,912023 0,000690
portrait 0,634878 0,000112
position 0,162519 0,000029
positive 0,597837 0,000106
positively 0,776529 0,000137
possess 0,356675 0,000063
possessed 0,094311 0,000017
possesses 0,820981 0,000145
possessing 0,891598 0,000157
possession 0,083382 0,000015
possessions 0,776529 0,000137
possessor 1,139434 0,000201
possibility 0,162519 0,000029
post 0,248461 0,000044
posted 0,301105 0,000053
postponing 2,207275 0,000390
posts 0,713350 0,000126
posture 1,021651 0,000180
potent 1,309333 0,000231
poultry 1,660731 0,000293
pounds 0,494296 0,000087
pour 0,544727 0,000096
poured 0,385662 0,000068
poverty 0,446287 0,000079
power 0,030459 0,000005
powerful 0,223144 0,000039
powerfully 1,714798 0,000303
powers 0,248461 0,000044
practicable 1,309333 0,000231
practically 0,235722 0,000042
practice 0,162519 0,000029
practiced 1,560648 0,000275
practices 1,347074 0,000238
practise 0,967584 0,000171
practised 0,733969 0,000130
praise 0,371064 0,000065
praised 0,653926 0,000115
praises 0,941609 0,000166
pratt 3,506558 0,000619
pray 0,371064 0,000065
prayers 0,478036 0,000084
precaution 0,941609 0,000166
preceded 0,653926 0,000115
preceding 0,755023 0,000133
precious 0,162519 0,000029
precise 0,776529 0,000137
precisely 0,510826 0,000090
precision 0,798508 0,000141
prefer 0,385662 0,000068
preferable 1,386294 0,000245
preference 0,867501 0,000153
preferment 2,207275 0,000390
preferred 0,342490 0,000060
preferring 1,078810 0,000190
prejudice 0,733969 0,000130
prejudiced 1,514128 0,000267
prejudices 1,021651 0,000180
premeditated 2,407946 0,000425
premises 1,021651 0,000180
prenticed 3,912023 0,000690
preparation 0,579818 0,000102
preparations 0,616186 0,000109
prepare 0,162519 0,000029
prepared 0,105361 0,000019
preparing 0,415515 0,000073
prepossessed 3,218876 0,000568
prepossessing 2,302585 0,000406
prepossession 2,813411 0,000497
prescience 2,659260 0,000469
prescribed 1,021651 0,000180
prescriptions 2,120264 0,000374
presence 0,094311 0,000017
presentation 1,514128 0,000267
presently 0,385662 0,000068
preserve 0,150823 0,000027
preserved 0,415515 0,000073
preserver 1,897120 0,000335
presided 1,237874 0,000218
press 0,274437 0,000048
pressed 0,274437 0,000048
pressing 0,385662 0,000068
presume 0,634878 0,000112
presumed 1,078810 0,000190
pretence 0,891598 0,000157
pretend 0,446287 0,000079
pretended 0,562119 0,000099
pretends 1,714798 0,000303
pretensions 1,203973 0,000212
pretext 0,941609 0,000166
prettier 1,272966 0,000225
prettiest 1,560648 0,000275
prettily 1,469676 0,000259
pretty 0,150823 0,000027
prevail 0,713350 0,000126
prevailed 0,673345 0,000119
prevailing 0,967584 0,000171
prevent 0,083382 0,000015
prevented 0,328504 0,000058
previous 0,094311 0,000017
preyed 2,302585 0,000406
price 0,314711 0,000056
pride 0,150823 0,000027
principal 0,287682 0,000051
principally 1,108663 0,000196
principle 0,430783 0,000076
principles 0,510826 0,000090
print 0,261365 0,000046
printed 0,174353 0,000031
prior 1,237874 0,000218
priory 3,218876 0,000568
privacy 1,832581 0,000323
private 0,198451 0,000035
privately 1,171183 0,000207
privilege 0,527633 0,000093
probabilities 1,771957 0,000313
probability 0,776529 0,000137
probable 0,494296 0,000087
proceed 0,301105 0,000053
proceeded 0,274437 0,000048
processing 0,562119 0,000099
proclaim 1,171183 0,000207
proclaimed 0,941609 0,000166
proclaiming 1,560648 0,000275
procure 0,693147 0,000122
procured 0,733969 0,000130
procuring 1,347074 0,000238
prodigious 1,021651 0,000180
prodigiously 1,714798 0,000303
produce 0,127833 0,000023
produced 0,105361 0,000019
producing 0,713350 0,000126
production 0,314711 0,000056
productive 1,469676 0,000259
profess 1,203973 0,000212
professed 1,021651 0,000180
professedly 3,218876 0,000568
profession 0,527633 0,000093
professions 1,203973 0,000212
professor 0,287682 0,000051
profited 1,560648 0,000275
profiting 1,771957 0,000313
profits 0,314711 0,000056
progress 0,174353 0,000031
prohibited 1,514128 0,000267
prohibition 0,430783 0,000076
project -0,009950 -0,000002
projecting 0,967584 0,000171
projection 1,897120 0,000335
projects 1,237874 0,000218
prominently 0,494296 0,000087
promise 0,116534 0,000021
promised 0,198451 0,000035
promises 0,510826 0,000090
promising 0,430783 0,000076
promontories 2,302585 0,000406
promote 1,386294 0,000245
promoted 1,237874 0,000218
promoting 0,430783 0,000076
promotion 0,342490 0,000060
prompted 0,891598 0,000157
promptitude 2,120264 0,000374
pronounce 0,916291 0,000162
pronounced 0,446287 0,000079
pronouncing 1,272966 0,000225
proof 0,287682 0,000051
proofread 0,562119 0,000099
proofreading 1,966113 0,000347
proofs 0,798508 0,000141
propensities 1,966113 0,000347
propensity 1,514128 0,000267
proper 0,061875 0,000011
properly 0,385662 0,000068
property 0,127833 0,000023
prophecies 2,040221 0,000360
proportion 0,371064 0,000065
proportionately 2,407946 0,000425
proportioned 1,386294 0,000245
proposal 0,733969 0,000130
proposals 1,514128 0,000267
propose 0,527633 0,000093
proposed 0,371064 0,000065
proposition 0,916291 0,000162
proprietary 0,562119 0,000099
proprietor 1,139434 0,000201
propriety 0,994252 0,000175
prose 1,021651 0,000180
prosecution 1,309333 0,000231
prospect 0,446287 0,000079
prospects 1,203973 0,000212
prosperity 0,820981 0,000145
prosperous 0,891598 0,000157
prosperously 2,525729 0,000446
protect 0,186330 0,000033
protected 0,415515 0,000073
protection 0,314711 0,000056
protest 0,798508 0,000141
protestations 1,660731 0,000293
protested 0,867501 0,000153
prove 0,174353 0,000031
proved 0,116534 0,000021
provide 0,162519 0,000029
provident 2,407946 0,000425
providing 0,261365 0,000046
provision 0,248461 0,000044
provisions 0,223144 0,000039
provocation 1,171183 0,000207
provoke 0,891598 0,000157
provoked 0,941609 0,000166
provoking 1,078810 0,000190
prudence 0,713350 0,000126
prudent 0,616186 0,000109
prudently 1,514128 0,000267
pry 1,832581 0,000323
public 0,083382 0,000015
publication 1,171183 0,000207
publishing 1,771957 0,000313
pull 0,328504 0,000058
pulled 0,371064 0,000065
pulse 0,891598 0,000157
punctual 1,309333 0,000231
punctuality 1,897120 0,000335
punish 0,597837 0,000106
punishment 0,301105 0,000053
punitive 0,562119 0,000099
pupil 0,941609 0,000166
puppies 2,120264 0,000374
puppy 1,660731 0,000293
puppyism 3,912023 0,000690
purchase 0,527633 0,000093
purchases 1,469676 0,000259
pure 0,150823 0,000027
purity 0,776529 0,000137
purpose 0,040822 0,000007
purposely 1,171183 0,000207
purposes 0,478036 0,000084
purse 0,616186 0,000109
pursue 0,510826 0,000090
pursued 0,328504 0,000058
pursuing 0,494296 0,000087
pursuit 0,328504 0,000058
pursuits 1,078810 0,000190
putrid 2,302585 0,000406
puzzle 1,021651 0,000180
puzzled 0,494296 0,000087
qualification 2,120264 0,000374
qualifications 1,560648 0,000275
qualified 0,967584 0,000171
quarrel 0,328504 0,000058
quarrelled 1,560648 0,000275
quarrelling 1,386294 0,000245
quarter 0,223144 0,000039
quarters 0,248461 0,000044
queen 0,415515 0,000073
quest 0,776529 0,000137
question 0,051293 0,000009
questions 0,127833 0,000023
quick 0,139262 0,000025
quickened 1,203973 0,000212
quicker 0,867501 0,000153
quickest 1,897120 0,000335
quiet 0,116534 0,000021
quieted 1,309333 0,000231
quietly 0,261365 0,000046
quietness 1,832581 0,000323
quit 0,616186 0,000109
quitted 1,049822 0,000185
quitting 1,386294 0,000245
quivered 1,108663 0,000196
rage 0,261365 0,000046
raillery 1,966113 0,000347
rain 0,223144 0,000039
rained 1,139434 0,000201
raise 0,174353 0,000031
raised 0,061875 0,000011
raises 1,171183 0,000207
raising 0,274437 0,000048
rambles 2,040221 0,000360
ranging 1,609438 0,000284
rank 0,287682 0,000051
ranked 1,560648 0,000275
rap 1,609438 0,000284
rapacious 2,040221 0,000360
rapid 0,371064 0,000065
rapidity 0,820981 0,000145
rapidly 0,371064 0,000065
rapture 0,967584 0,000171
raptures 1,560648 0,000275
rapturous 1,714798 0,000303
rapturously 1,832581 0,000323
rare 0,274437 0,000048
rascal 0,967584 0,000171
rascally 1,714798 0,000303
rash 0,891598 0,000157
rate 0,274437 0,000048
rated 1,832581 0,000323
rational 0,867501 0,000153
rationally 2,120264 0,000374
reach 0,051293 0,000009
reached 0,127833 0,000023
reaching 0,083382 0,000015
read 0,020203 0,000004
readable 0,510826 0,000090
readiness 0,634878 0,000112
reading 0,061875 0,000011
ready 0,030459 0,000005
real 0,040822 0,000007
reality 0,328504 0,000058
reanimate 3,506558 0,000619
reaped 1,609438 0,000284
reason 0,010050 0,000002
reasonable 0,116534 0,000021
reasonableness 1,832581 0,000323
reasoning 0,733969 0,000130
reasonings 2,040221 0,000360
reasons 0,223144 0,000039
recall 0,478036 0,000084
recalled 0,634878 0,000112
receipt 0,314711 0,000056
receive 0,083382 0,000015
received 0,040822 0,000007
receiving 0,116534 0,000021
reception 0,693147 0,000122
reciprocal 1,897120 0,000335
recital 1,514128 0,000267
reckoned 0,653926 0,000115
reckons 1,966113 0,000347
reclaim 1,771957 0,000313
reclining 1,514128 0,000267
recognised 0,891598 0,000157
recognition 0,713350 0,000126
recollect 0,713350 0,000126
recollected 1,309333 0,000231
recollecting 1,514128 0,000267
recollection 0,616186 0,000109
recommend 0,755023 0,000133
recommendation 1,309333 0,000231
recommended 0,634878 0,000112
recommending 1,714798 0,000303
reconcile 0,967584 0,000171
reconciled 0,891598 0,000157
reconciliation 1,049822 0,000185
reconsider 2,407946 0,000425
recover 0,356675 0,000063
recovered 0,385662 0,000068
recovering 0,755023 0,000133
recovery 0,616186 0,000109
recreating 3,218876 0,000568
rectitude 1,897120 0,000335
rectory 2,659260 0,000469
recurred 1,714798 0,000303
recurrence 1,771957 0,000313
red 0,072571 0,000013
redeem 1,021651 0,000180
redistribute 0,544727 0,000096
redistributing 0,562119 0,000099
redistribution 0,562119 0,000099
reduced 0,371064 0,000065
references 0,430783 0,000076
referred 0,616186 0,000109
referring 0,967584 0,000171
refinement 1,078810 0,000190
refinements 2,040221 0,000360
reflect 0,653926 0,000115
reflected 0,371064 0,000065
reflecting 0,755023 0,000133
reflection 0,356675 0,000063
reflections 0,798508 0,000141
reform 1,203973 0,000212
reformed 1,609438 0,000284
refrain 0,776529 0,000137
refreshed 0,820981 0,000145
refreshment 0,941609 0,000166
refreshments 1,771957 0,000313
refund 0,562119 0,000099
refusal 0,843970 0,000149
refuse 0,371064 0,000065
refused 0,235722 0,000042
refusing 0,776529 0,000137
regain 1,108663 0,000196
regard 0,150823 0,000027
regarded 0,301105 0,000053
regiment 1,078810 0,000190
registered 0,430783 0,000076
regret 0,385662 0,000068
regrets 1,108663 0,000196
regretted 0,843970 0,000149
regretting 1,609438 0,000284
regular 0,287682 0,000051
regularity 1,021651 0,000180
regulate 1,469676 0,000259
regulated 1,203973 0,000212
regulating 0,415515 0,000073
rejected 0,653926 0,000115
rejoice 0,843970 0,000149
rejoiced 0,776529 0,000137
rejoicing 0,967584 0,000171
relapse 1,386294 0,000245
relate 0,562119 0,000099
relating 1,021651 0,000180
relation 0,446287 0,000079
relations 0,287682 0,000051
relationship 0,967584 0,000171
relative 0,693147 0,000122
relatives 0,941609 0,000166
release 0,210721 0,000037
released 0,616186 0,000109
relent 1,966113 0,000347
reliance 1,469676 0,000259
relics 1,203973 0,000212
relied 1,560648 0,000275
relief 0,198451 0,000035
relieve 0,544727 0,000096
relieved 0,478036 0,000084
religion 0,446287 0,000079
relinquished 1,514128 0,000267
relish 1,021651 0,000180
reluctance 1,049822 0,000185
reluctantly 0,941609 0,000166
relying 1,560648 0,000275
remain 0,040822 0,000007
remainder 0,616186 0,000109
remained 0,116534 0,000021
remaining 0,094311 0,000017
remains 0,150823 0,000027
remark 0,314711 0,000056
remarkable 0,235722 0,000042
remarkably 0,733969 0,000130
remarks 0,462035 0,000082
remedies 0,415515 0,000073
remedy 0,693147 0,000122
remember 0,083382 0,000015
remembered 0,162519 0,000029
remembering 0,776529 0,000137
remembers 1,237874 0,000218
remembrance 0,733969 0,000130
remembrances 2,040221 0,000360
remind 0,755023 0,000133
reminded 0,527633 0,000093
reminding 1,049822 0,000185
reminds 1,427116 0,000252
remorse 0,755023 0,000133
removal 1,203973 0,000212
remove 0,127833 0,000023
removed 0,061875 0,000011
removes 1,832581 0,000323
removing 0,673345 0,000119
renamed 0,562119 0,000099
render 0,371064 0,000065
rendered 0,527633 0,000093
rendering 0,891598 0,000157
renewal 1,514128 0,000267
renewed 0,510826 0,000090
renewing 1,609438 0,000284
renounced 1,427116 0,000252
rent 0,597837 0,000106
repaid 1,309333 0,000231
repair 0,693147 0,000122
repaired 0,941609 0,000166
reparation 1,832581 0,000323
repeat 0,328504 0,000058
repeated 0,127833 0,000023
repeatedly 1,108663 0,000196
repeating 0,527633 0,000093
repent 0,713350 0,000126
repentance 0,798508 0,000141
repetition 0,843970 0,000149
repine 1,966113 0,000347
repining 2,120264 0,000374
replace 0,342490 0,000060
replacement 0,562119 0,000099
replied 0,235722 0,000042
reply 0,174353 0,000031
replying 1,272966 0,000225
report 0,301105 0,000053
reported 0,162519 0,000029
reports 0,261365 0,000046
repose 0,544727 0,000096
represent 0,494296 0,000087
representation 1,021651 0,000180
representations 0,356675 0,000063
represented 0,462035 0,000082
representing 0,891598 0,000157
repressed 1,427116 0,000252
reprimand 1,771957 0,000313
reproach 0,371064 0,000065
reproached 1,203973 0,000212
reproaches 1,049822 0,000185
reproachfully 1,714798 0,000303
reproaching 1,966113 0,000347
reprobate 2,207275 0,000390
reproof 1,347074 0,000238
reproved 1,771957 0,000313
reproving 2,525729 0,000446
repulsed 1,347074 0,000238
repulsive 1,049822 0,000185
reputation 0,385662 0,000068
request 0,127833 0,000023
requested 0,843970 0,000149
requesting 1,560648 0,000275
require 0,127833 0,000023
required 0,083382 0,000015
requirements 0,415515 0,000073
requires 0,673345 0,000119
requiring 1,108663 0,000196
requisite 1,108663 0,000196
rescued 1,139434 0,000201
reseated 2,995732 0,000529
resemblance 0,755023 0,000133
resembled 0,867501 0,000153
resembling 0,941609 0,000166
resented 1,203973 0,000212
resentment 0,820981 0,000145
reserve 0,478036 0,000084
reservedness 3,912023 0,000690
resettled 3,912023 0,000690
reside 1,171183 0,000207
resided 1,237874 0,000218
residence 0,713350 0,000126
residing 1,560648 0,000275
residue 2,207275 0,000390
resigned 0,967584 0,000171
resist 0,430783 0,000076
resistance 0,430783 0,000076
resisted 0,776529 0,000137
resisting 1,272966 0,000225
resists 1,771957 0,000313
resolute 0,916291 0,000162
resolutely 1,108663 0,000196
resolution 0,462035 0,000082
resolve 0,713350 0,000126
resolved 0,342490 0,000060
resolving 1,714798 0,000303
resorted 1,272966 0,000225
resources 0,733969 0,000130
respect 0,094311 0,000017
respectability 1,427116 0,000252
respectable 0,430783 0,000076
respectably 2,407946 0,000425
respected 0,673345 0,000119
respectful 0,755023 0,000133
respectfully 1,139434 0,000201
respecting 1,139434 0,000201
respective 1,171183 0,000207
respects 0,527633 0,000093
rest 0,010050 0,000002
rested 0,314711 0,000056
restless 0,478036 0,000084
restorative 2,302585 0,000406
restore 0,653926 0,000115
restored 0,385662 0,000068
restoring 1,272966 0,000225
restrain 0,673345 0,000119
restrained 0,776529 0,000137
restraint 0,733969 0,000130
restraints 2,525729 0,000446
restriction 2,040221 0,000360
restrictions 0,385662 0,000068
result 0,174353 0,000031
resume 0,776529 0,000137
resumed 0,415515 0,000073
resuscitation 3,506558 0,000619
retailed 3,218876 0,000568
retain 0,597837 0,000106
retained 0,527633 0,000093
retarded 1,832581 0,000323
retired 0,342490 0,000060
retirement 1,108663 0,000196
retort 1,386294 0,000245
retreat 0,494296 0,000087
retreated 0,916291 0,000162
retreating 0,994252 0,000175
retrenched 3,506558 0,000619
return 0,040822 0,000007
returned 0,061875 0,000011
returning 0,127833 0,000023
returns 0,235722 0,000042
revealed 0,415515 0,000073
revealment 3,912023 0,000690
revenge 0,544727 0,000096
revenue 0,371064 0,000065
reverie 1,237874 0,000218
reverse 0,579818 0,000102
reverted 1,609438 0,000284
revival 1,771957 0,000313
revive 0,941609 0,000166
revived 0,820981 0,000145
reviving 1,427116 0,000252
reward 0,328504 0,000058
rewarded 0,713350 0,000126
rheumatic 2,659260 0,000469
rheumatism 2,302585 0,000406
ribbons 1,203973 0,000212
rich 0,139262 0,000025
richard 1,021651 0,000180
richardson 2,207275 0,000390
richer 0,891598 0,000157
riches 0,798508 0,000141
rid 0,223144 0,000039
ride 0,462035 0,000082
rider 1,078810 0,000190
ridge 0,994252 0,000175
ridicule 1,171183 0,000207
ridiculous 0,478036 0,000084
riding 0,562119 0,000099
rightly 0,430783 0,000076
rise 0,040822 0,000007
risen 0,342490 0,000060
rises 0,634878 0,000112
rising 0,116534 0,000021
risk 0,371064 0,000065
risking 2,040221 0,000360
rival 0,597837 0,000106
rivals 1,427116 0,000252
road 0,150823 0,000027
roads 0,597837 0,000106
roared 0,673345 0,000119
rob 0,653926 0,000115
robbed 0,733969 0,000130
robbing 1,309333 0,000231
robert 1,078810 0,000190
rocks 0,446287 0,000079
rolling 0,415515 0,000073
romance 0,693147 0,000122
romantic 0,891598 0,000157
roof 0,223144 0,000039
rooted 0,994252 0,000175
rose 0,094311 0,000017
rouse 0,798508 0,000141
roused 0,653926 0,000115
rousing 1,514128 0,000267
royalties 0,527633 0,000093
royalty 0,385662 0,000068
rub 1,108663 0,000196
rubber 1,609438 0,000284
rude 0,342490 0,000060
rug 1,386294 0,000245
rugged 0,798508 0,000141
ruin 0,287682 0,000051
ruined 0,371064 0,000065
ruins 0,755023 0,000133
rules 0,150823 0,000027
ruling 1,171183 0,000207
rumour 1,272966 0,000225
rupture 1,966113 0,000347
rushed 0,478036 0,000084
rushing 0,597837 0,000106
sacred 0,415515 0,000073
sacrifice 0,328504 0,000058
sacrificed 0,733969 0,000130
sacrificing 1,139434 0,000201
sad 0,223144 0,000039
sadly 0,510826 0,000090
sadness 0,820981 0,000145
safe 0,116534 0,000021
safeguard 1,660731 0,000293
safely 0,371064 0,000065
safety 0,356675 0,000063
sagaciously 3,218876 0,000568
sagacity 1,139434 0,000201
sail 0,634878 0,000112
saint 0,673345 0,000119
sake 0,094311 0,000017
sakes 1,609438 0,000284
sale 0,798508 0,000141
sallow 1,560648 0,000275
sally 1,309333 0,000231
salmon 1,660731 0,000293
saloon 1,514128 0,000267
salt 0,116534 0,000021
salts 1,897120 0,000335
salutation 1,469676 0,000259
sang 0,415515 0,000073
sanguine 1,609438 0,000284
sashes 2,120264 0,000374
sat 0,083382 0,000015
satirical 1,660731 0,000293
satisfaction 0,186330 0,000033
satisfactory 0,562119 0,000099
satisfied 0,105361 0,000019
satisfy 0,342490 0,000060
satisfying 1,171183 0,000207
saturday 0,843970 0,000149
saucy 1,897120 0,000335
sauntered 1,771957 0,000313
save 0,030459 0,000005
saved 0,274437 0,000048
saves 1,347074 0,000238
savings 1,714798 0,000303
scale 0,446287 0,000079
scanty 0,941609 0,000166
scarcely 0,301105 0,000053
scattered 0,139262 0,000025
scene 0,198451 0,000035
scenery 1,237874 0,000218
scenes 0,494296 0,000087
scheme 0,634878 0,000112
schemes 0,994252 0,000175
school 0,174353 0,000031
scissors 1,660731 0,000293
scold 1,469676 0,000259
scolded 1,427116 0,000252
score 0,713350 0,000126
scorn 0,562119 0,000099
scornfully 1,347074 0,000238
scorning 2,207275 0,000390
scotland 1,347074 0,000238
scott 1,560648 0,000275
scoundrel 1,203973 0,000212
scrape 1,203973 0,000212
scratch 0,916291 0,000162
scratching 1,108663 0,000196
scrawls 3,912023 0,000690
screamed 0,733969 0,000130
screams 1,386294 0,000245
screen 1,021651 0,000180
screened 1,897120 0,000335
screens 2,525729 0,000446
scruple 1,272966 0,000225
scrupled 2,659260 0,000469
scruples 1,609438 0,000284
scrupling 3,912023 0,000690
scrupulous 1,139434 0,000201
scrutinies 3,912023 0,000690
seal 0,562119 0,000099
sealed 0,820981 0,000145
search 0,051293 0,000009
searched 0,713350 0,000126
season 0,287682 0,000051
seasons 0,673345 0,000119
seat 0,105361 0,000019
seated 0,223144 0,000039
seating 1,609438 0,000284
seats 0,562119 0,000099
seclude 3,912023 0,000690
seclusion 1,237874 0,000218
secrecy 0,820981 0,000145
secret 0,061875 0,000011
secretly 0,597837 0,000106
secrets 0,400478 0,000071
secure 0,072571 0,000013
secured 0,494296 0,000087
secures 2,040221 0,000360
securing 1,021651 0,000180
security 0,544727 0,000096
sedateness 3,506558 0,000619
seduced 1,386294 0,000245
seducer 2,525729 0,000446
seduction 2,040221 0,000360
sedulously 2,525729 0,000446
seek 0,198451 0,000035
seeking 0,274437 0,000048
seized 0,235722 0,000042
seizure 1,714798 0,000303
seldom 0,301105 0,000053
selfish 0,798508 0,000141
selfishness 0,843970 0,000149
sell 0,430783 0,000076
sellers 2,207275 0,000390
send 0,030459 0,000005
sending 0,083382 0,000015
sends 0,544727 0,000096
sensation 0,462035 0,000082
sensations 0,843970 0,000149
sense 0,051293 0,000009
sensibility 1,427116 0,000252
sensibly 1,139434 0,000201
sensitive 0,693147 0,000122
sentence 0,127833 0,000023
sentences 0,820981 0,000145
sentiment 0,478036 0,000084
sentiments 0,820981 0,000145
separate 0,248461 0,000044
separated 0,274437 0,000048
separately 1,108663 0,000196
separation 0,776529 0,000137
separations 2,659260 0,000469
september 0,673345 0,000119
series 0,494296 0,000087
servant 0,186330 0,000033
servants 0,162519 0,000029
serve 0,174353 0,000031
served 0,186330 0,000033
service 0,072571 0,000013
services 0,494296 0,000087
servilely 2,813411 0,000497
set 0,010050 0,000002
setting 0,186330 0,000033
settle 0,356675 0,000063
settled 0,127833 0,000023
settling 0,755023 0,000133
seventeen 0,693147 0,000122
severe 0,342490 0,000060
severely 0,634878 0,000112
severity 0,798508 0,000141
sex 0,562119 0,000099
sha 1,309333 0,000231
shade 0,274437 0,000048
shades 0,916291 0,000162
shake 0,287682 0,000051
shaken 0,494296 0,000087
shakespeare 1,171183 0,000207
shame 0,223144 0,000039
shamefully 1,660731 0,000293
shameless 1,427116 0,000252
shape 0,186330 0,000033
share 0,040822 0,000007
shared 0,139262 0,000025
sharing 0,248461 0,000044
sharon 3,218876 0,000568
sharp 0,162519 0,000029
sheath 1,347074 0,000238
sheet 0,446287 0,000079
shelter 0,342490 0,000060
shield 0,733969 0,000130
shift 0,843970 0,000149
shillings 1,171183 0,000207
shivering 0,755023 0,000133
shock 0,446287 0,000079
shocked 0,776529 0,000137
shocking 1,139434 0,000201
shoes 0,430783 0,000076
shook 0,235722 0,000042
shooting 0,634878 0,000112
shop 0,494296 0,000087
shops 0,843970 0,000149
short 0,020203 0,000004
shorten 1,714798 0,000303
shortly 0,462035 0,000082
shortness 1,660731 0,000293
shot 0,223144 0,000039
shoulder 0,210721 0,000037
shoulders 0,174353 0,000031
showers 1,272966 0,000225
showery 2,995732 0,000529
shrewd 1,021651 0,000180
shrubberies 3,506558 0,000619
shrubbery 1,897120 0,000335
shrugging 1,897120 0,000335
shuddering 1,171183 0,000207
shuffling 1,347074 0,000238
shut 0,072571 0,000013
shutter 1,660731 0,000293
shutters 1,108663 0,000196
shutting 0,941609 0,000166
shy 0,733969 0,000130
shyness 1,560648 0,000275
sick 0,150823 0,000027
sickly 0,891598 0,000157
sickness 0,478036 0,000084
sigh 0,342490 0,000060
sighed 0,673345 0,000119
sighing 1,021651 0,000180
sight 0,051293 0,000009
sighted 0,733969 0,000130
sign 0,139262 0,000025
significancy 3,218876 0,000568
signify 0,994252 0,000175
signs 0,186330 0,000033
silence 0,105361 0,000019
silenced 1,049822 0,000185
silencing 2,407946 0,000425
silent 0,051293 0,000009
silently 0,544727 0,000096
silk 0,478036 0,000084
silks 1,609438 0,000284
silly 0,400478 0,000071
similarity 1,427116 0,000252
simpered 3,218876 0,000568
simpering 2,407946 0,000425
simple 0,094311 0,000017
simplest 1,108663 0,000196
simplicity 0,527633 0,000093
simply 0,150823 0,000027
simpson 2,995732 0,000529
sin 0,430783 0,000076
sincerely 0,867501 0,000153
sincerity 0,653926 0,000115
sing 0,415515 0,000073
singing 0,371064 0,000065
single 0,083382 0,000015
singly 1,139434 0,000201
sink 0,462035 0,000082
sir 0,150823 0,000027
sister 0,356675 0,000063
sisterly 2,407946 0,000425
sisters 0,527633 0,000093
sit 0,061875 0,000011
sitting 0,105361 0,000019
situated 0,733969 0,000130
situation 0,198451 0,000035
situations 1,469676 0,000259
sixpence 1,469676 0,000259
sixteen 0,653926 0,000115
size 0,248461 0,000044
sketch 0,891598 0,000157
skin 0,210721 0,000037
sky 0,210721 0,000037
sleep 0,072571 0,000013
sleepless 1,049822 0,000185
slept 0,223144 0,000039
slight 0,150823 0,000027
slighted 1,386294 0,000245
slighter 2,207275 0,000390
slightest 0,415515 0,000073
slighting 2,207275 0,000390
slightingly 2,813411 0,000497
slope 0,867501 0,000153
sloping 1,021651 0,000180
slow 0,139262 0,000025
slowly 0,150823 0,000027
slumber 0,673345 0,000119
sly 0,713350 0,000126
slyly 1,832581 0,000323
smallness 1,660731 0,000293
smart 0,634878 0,000112
smartness 2,302585 0,000406
smile 0,274437 0,000048
smiled 0,356675 0,000063
smiles 0,693147 0,000122
smiling 0,301105 0,000053
smirked 3,506558 0,000619
smith 0,891598 0,000157
smitten 1,171183 0,000207
smokes 1,966113 0,000347
smooth 0,274437 0,000048
smoothly 1,021651 0,000180
sneer 1,203973 0,000212
snug 1,171183 0,000207
sobbed 1,078810 0,000190
sober 0,597837 0,000106
sobered 1,897120 0,000335
sobs 1,078810 0,000190
sociable 1,309333 0,000231
society 0,210721 0,000037
sofa 1,049822 0,000185
soft 0,210721 0,000037
soften 0,941609 0,000166
softened 0,653926 0,000115
softener 3,218876 0,000568
sold 0,385662 0,000068
soldier 0,562119 0,000099
sole 0,342490 0,000060
solely 0,733969 0,000130
solemn 0,301105 0,000053
solemnity 0,891598 0,000157
solemnly 0,579818 0,000102
solicit 0,430783 0,000076
solicitation 0,510826 0,000090
solicitations 2,120264 0,000374
solicitous 2,040221 0,000360
solicitude 1,347074 0,000238
solid 0,274437 0,000048
solidly 2,407946 0,000425
solitary 0,462035 0,000082
solitude 0,510826 0,000090
somerset 2,659260 0,000469
son 0,105361 0,000019
song 0,371064 0,000065
songs 0,544727 0,000096
sons 0,356675 0,000063
sooth 1,966113 0,000347
soothe 1,203973 0,000212
soothing 0,798508 0,000141
sophia 2,407946 0,000425
sore 0,616186 0,000109
sorrow 0,287682 0,000051
sorrowful 1,021651 0,000180
sorrows 0,798508 0,000141
sort 0,105361 0,000019
sought 0,150823 0,000027
soul 0,105361 0,000019
souls 0,342490 0,000060
sound 0,020203 0,000004
sounds 0,223144 0,000039
source 0,328504 0,000058
sources 0,843970 0,000149
soured 2,302585 0,000406
sourness 3,912023 0,000690
south 0,235722 0,000042
space 0,116534 0,000021
spacious 0,916291 0,000162
spare 0,210721 0,000037
spared 0,544727 0,000096
sparkling 0,776529 0,000137
sparks 1,139434 0,000201
spasm 1,771957 0,000313
speak 0,051293 0,000009
speaking 0,072571 0,000013
speaks 0,371064 0,000065
special 0,083382 0,000015
species 0,634878 0,000112
specimen 0,891598 0,000157
speculation 0,843970 0,000149
speculative 1,897120 0,000335
speech 0,198451 0,000035
speed 0,328504 0,000058
speedily 0,713350 0,000126
speedy 0,941609 0,000166
spend 0,328504 0,000058
spending 0,597837 0,000106
spends 1,427116 0,000252
spent 0,105361 0,000019
spirit 0,051293 0,000009
spirited 0,713350 0,000126
spiritless 1,832581 0,000323
spirits 0,198451 0,000035
spite 0,139262 0,000025
splendidly 1,171183 0,000207
spoil 0,673345 0,000119
spoiling 1,514128 0,000267
spoilt 1,560648 0,000275
spoke 0,116534 0,000021
spoken 0,150823 0,000027
spontaneous 1,139434 0,000201
sport 0,597837 0,000106
sporting 1,427116 0,000252
sportsman 1,897120 0,000335
sportsmen 2,407946 0,000425
spot 0,162519 0,000029
spotted 0,994252 0,000175
sprained 2,302585 0,000406
spraining 3,506558 0,000619
spread 0,061875 0,000011
spreading 0,446287 0,000079
spring 0,083382 0,000015
sprung 0,544727 0,000096
spurned 2,120264 0,000374
square 0,235722 0,000042
stable 0,579818 0,000102
staff 0,274437 0,000048
stage 0,223144 0,000039
staid 1,237874 0,000218
staircase 0,867501 0,000153
stairs 0,430783 0,000076
stake 0,693147 0,000122
stammered 1,108663 0,000196
stand 0,000000 0,000000
standard 0,562119 0,000099
standing 0,030459 0,000005
stare 0,713350 0,000126
stared 0,597837 0,000106
stares 1,897120 0,000335
start -0,009950 -0,000002
started 0,150823 0,000027
starting 0,371064 0,000065
startled 0,415515 0,000073
starved 1,049822 0,000185
statement 0,544727 0,000096
statements 0,430783 0,000076
station 0,356675 0,000063
stationer 2,525729 0,000446
status 0,446287 0,000079
stay 0,083382 0,000015
stayed 0,415515 0,000073
staying 0,653926 0,000115
steadfast 1,309333 0,000231
steadier 2,120264 0,000374
steadily 0,415515 0,000073
steadiness 1,966113 0,000347
steady 0,356675 0,000063
stealing 0,653926 0,000115
steele 2,525729 0,000446
steep 0,579818 0,000102
steepest 2,813411 0,000497
step 0,083382 0,000015
stepped 0,510826 0,000090
stepping 0,755023 0,000133
steps 0,094311 0,000017
sterling 1,560648 0,000275
stew 1,897120 0,000335
steward 1,171183 0,000207
stiffly 1,469676 0,000259
stimulated 1,427116 0,000252
sting 1,203973 0,000212
stipulate 2,659260 0,000469
stirred 0,446287 0,000079
stirring 0,510826 0,000090
stock 0,328504 0,000058
stockings 0,891598 0,000157
stocks 1,272966 0,000225
stole 0,494296 0,000087
stolen 0,430783 0,000076
stomach 0,693147 0,000122
stone 0,116534 0,000021
stood 0,030459 0,000005
stopt 2,659260 0,000469
store 0,385662 0,000068
stored 0,342490 0,000060
storm 0,342490 0,000060
stormy 0,776529 0,000137
story 0,051293 0,000009
stout 0,579818 0,000102
straight 0,105361 0,000019
strains 1,272966 0,000225
strange 0,061875 0,000011
strangeness 1,386294 0,000245
stranger 0,139262 0,000025
strangers 0,356675 0,000063
streamed 1,347074 0,000238
street 0,198451 0,000035
streets 0,274437 0,000048
strength 0,030459 0,000005
strengthen 0,916291 0,000162
strengthened 0,820981 0,000145
strengthening 1,427116 0,000252
stress 0,891598 0,000157
stretch 0,446287 0,000079
stretched 0,274437 0,000048
strict 0,210721 0,000037
strictest 1,386294 0,000245
strictly 0,579818 0,000102
strike 0,210721 0,000037
strikes 0,544727 0,000096
striking 0,274437 0,000048
strikingly 1,714798 0,000303
string 0,634878 0,000112
strive 0,820981 0,000145
striving 0,755023 0,000133
stroke 0,356675 0,000063
strong 0,030459 0,000005
stronger 0,287682 0,000051
strongest 0,653926 0,000115
struck 0,083382 0,000015
struggle 0,287682 0,000051
struggled 0,415515 0,000073
struggling 0,462035 0,000082
stubborn 0,843970 0,000149
studied 0,446287 0,000079
studies 0,579818 0,000102
study 0,162519 0,000029
stuff 0,385662 0,000068
stuffed 1,171183 0,000207
stupid 0,478036 0,000084
stupor 1,560648 0,000275
style 0,274437 0,000048
styled 1,514128 0,000267
stylish 2,120264 0,000374
subdue 1,171183 0,000207
subdued 0,494296 0,000087
subject 0,072571 0,000013
subjection 1,272966 0,000225
subjects 0,356675 0,000063
submission 0,776529 0,000137
submissive 1,427116 0,000252
submit 0,579818 0,000102
submitted 0,755023 0,000133
submitting 1,469676 0,000259
subscribe 0,494296 0,000087
subsequent 0,867501 0,000153
subservient 1,897120 0,000335
subsist 1,832581 0,000323
subsisted 1,832581 0,000323
subsisting 2,207275 0,000390
substance 0,415515 0,000073
succeed 0,328504 0,000058
succeeded 0,186330 0,000033
succeeding 0,755023 0,000133
success 0,162519 0,000029
successful 0,478036 0,000084
succession 0,510826 0,000090
successively 1,347074 0,000238
succour 1,714798 0,000303
sudden 0,072571 0,000013
suddenly 0,040822 0,000007
suffer 0,127833 0,000023
suffered 0,210721 0,000037
sufferer 1,078810 0,000190
suffering 0,248461 0,000044
sufferings 0,616186 0,000109
suffers 1,139434 0,000201
suffice 0,673345 0,000119
sufficient 0,139262 0,000025
sugar 0,776529 0,000137
suggestion 0,510826 0,000090
suit 0,261365 0,000046
suitable 0,462035 0,000082
suited 0,597837 0,000106
suitor 1,514128 0,000267
sum 0,356675 0,000063
summer 0,186330 0,000033
summits 1,714798 0,000303
summoned 0,733969 0,000130
summons 0,867501 0,000153
sun 0,072571 0,000013
sunday 0,494296 0,000087
sunk 0,371064 0,000065
sunshine 0,616186 0,000109
superannuated 2,525729 0,000446
superintend 1,714798 0,000303
superior 0,274437 0,000048
superiority 0,693147 0,000122
supper 0,446287 0,000079
supplanted 2,302585 0,000406
supplication 1,203973 0,000212
supplied 0,478036 0,000084
supply 0,371064 0,000065
supplying 1,514128 0,000267
support 0,127833 0,000023
supported 0,415515 0,000073
supports 1,427116 0,000252
suppose 0,072571 0,000013
supposed 0,174353 0,000031
supposing 0,478036 0,000084
supposition 0,820981 0,000145
surely 0,186330 0,000033
surfaces 2,040221 0,000360
surpass 1,469676 0,000259
surpassed 1,203973 0,000212
surpassing 1,660731 0,000293
surplice 2,407946 0,000425
surprise 0,174353 0,000031
surprised 0,210721 0,000037
surprising 0,544727 0,000096
surrounded 0,223144 0,000039
surrounding 0,693147 0,000122
survey 0,755023 0,000133
surveying 1,108663 0,000196
survive 0,274437 0,000048
survived 1,021651 0,000180
surviving 1,427116 0,000252
suspect 0,342490 0,000060
suspected 0,328504 0,000058
suspecting 1,171183 0,000207
suspects 1,771957 0,000313
suspended 0,634878 0,000112
suspense 0,776529 0,000137
suspicion 0,287682 0,000051
suspicions 0,616186 0,000109
suspicious 0,579818 0,000102
sussex 2,525729 0,000446
swallow 0,616186 0,000109
swallowed 0,462035 0,000082
swamp 0,342490 0,000060
sweep 0,673345 0,000119
sweet 0,174353 0,000031
sweetest 0,941609 0,000166
sweetly 1,049822 0,000185
sweetmeats 2,040221 0,000360
sweetness 0,673345 0,000119
swell 0,653926 0,000115
swelling 0,693147 0,000122
swept 0,385662 0,000068
swollen 0,867501 0,000153
swoon 1,469676 0,000259
syllable 0,994252 0,000175
syllables 1,237874 0,000218
sympathised 2,659260 0,000469
sympathize 1,771957 0,000313
sympathy 0,328504 0,000058
symptom 1,514128 0,000267
symptoms 0,776529 0,000137
synonymous 0,446287 0,000079
table 0,094311 0,000017
tablecloth 2,207275 0,000390
tables 0,415515 0,000073
tale 0,287682 0,000051
talent 0,544727 0,000096
talents 0,798508 0,000141
talk 0,083382 0,000015
talked 0,261365 0,000046
talker 1,966113 0,000347
talking 0,150823 0,000027
talks 0,733969 0,000130
tall 0,223144 0,000039
tallest 1,714798 0,000303
tame 1,139434 0,000201
tardy 1,660731 0,000293
task 0,261365 0,000046
taste 0,174353 0,000031
tasted 0,544727 0,000096
tastes 0,634878 0,000112
tattered 1,309333 0,000231
taught 0,248461 0,000044
taverns 1,832581 0,000323
tax 0,328504 0,000058
taxed 1,560648 0,000275
taxes 0,385662 0,000068
taylor 1,832581 0,000323
tea 0,579818 0,000102
teach 0,248461 0,000044
tears 0,150823 0,000027
tedious 0,755023 0,000133
tediously 3,218876 0,000568
tediousness 2,302585 0,000406
temper 0,274437 0,000048
temperate 1,078810 0,000190
tempers 1,609438 0,000284
temple 0,527633 0,000093
temporary 0,713350 0,000126
temporizing 3,218876 0,000568
tempt 0,967584 0,000171
temptation 0,527633 0,000093
tempted 0,527633 0,000093
tempting 0,967584 0,000171
tend 0,733969 0,000130
tended 0,916291 0,000162
tendency 0,634878 0,000112
tender 0,314711 0,000056
tenderest 1,714798 0,000303
tenderly 0,916291 0,000162
tenderness 0,616186 0,000109
tending 0,994252 0,000175
terminated 1,427116 0,000252
termination 1,309333 0,000231
terms 0,061875 0,000011
terrible 0,186330 0,000033
terror 0,198451 0,000035
testimony 0,579818 0,000102
thankful 0,843970 0,000149
thankfully 2,040221 0,000360
theft 1,347074 0,000238
theme 0,994252 0,000175
thickly 1,108663 0,000196
thinking 0,274437 0,000048
thirteen 0,579818 0,000102
thistles 2,302585 0,000406
thither 0,579818 0,000102
thomas 0,891598 0,000157
thorns 1,309333 0,000231
thoughtful 0,693147 0,000122
thoughtfully 0,994252 0,000175
thoughtfulness 2,120264 0,000374
thoughtless 1,108663 0,000196
threatened 0,415515 0,000073
threatening 0,544727 0,000096
threats 0,994252 0,000175
threw 0,116534 0,000021
thrill 0,867501 0,000153
throat 0,261365 0,000046
throw 0,083382 0,000015
throwing 0,287682 0,000051
thrown 0,116534 0,000021
thunderbolt 1,609438 0,000284
thunderbolts 2,302585 0,000406
thursday 1,049822 0,000185
tidings 1,139434 0,000201
tidy 1,272966 0,000225
tied 0,261365 0,000046
tiled 1,966113 0,000347
timber 0,867501 0,000153
time -0,009950 -0,000002
timed 1,560648 0,000275
times 0,010050 0,000002
tiptoe 1,049822 0,000185
tired 0,198451 0,000035
tithes 2,207275 0,000390
title 0,116534 0,000021
toilet 1,469676 0,000259
tolerable 0,994252 0,000175
tolerably 0,994252 0,000175
toleration 1,966113 0,000347
tomorrow 0,755023 0,000133
tone 0,248461 0,000044
toned 1,771957 0,000313
tongue 0,162519 0,000029
tonight 1,272966 0,000225
toothpick 2,302585 0,000406
topic 1,021651 0,000180
tore 0,527633 0,000093
torment 0,916291 0,000162
tormented 1,078810 0,000190
torn 0,248461 0,000044
torrent 0,941609 0,000166
torture 0,579818 0,000102
tortured 0,843970 0,000149
total 0,597837 0,000106
totally 0,916291 0,000162
touch 0,083382 0,000015
touched 0,139262 0,000025
tower 0,527633 0,000093
town 0,105361 0,000019
trace 0,371064 0,000065
traced 0,820981 0,000145
tract 1,386294 0,000245
traded 1,714798 0,000303
trademark 0,562119 0,000099
trades 1,237874 0,000218
traits 1,469676 0,000259
tranquil 0,994252 0,000175
tranquility 2,120264 0,000374
tranquilize 3,506558 0,000619
tranquillity 1,049822 0,000185
transact 1,966113 0,000347
transacted 1,832581 0,000323
transcribe 0,494296 0,000087
transcription 0,527633 0,000093
transgressed 1,966113 0,000347
transparency 2,207275 0,000390
transport 1,108663 0,000196
transporting 1,897120 0,000335
travel 0,356675 0,000063
travelled 0,941609 0,000166
travellers 0,994252 0,000175
travelling 0,693147 0,000122
treachery 0,755023 0,000133
treasured 1,966113 0,000347
treat 0,287682 0,000051
treated 0,261365 0,000046
treating 0,967584 0,000171
treatment 0,127833 0,000023
tree 0,235722 0,000042
trees 0,127833 0,000023
trembled 0,462035 0,000082
trial 0,314711 0,000056
trials 0,941609 0,000166
tribute 1,021651 0,000180
trick 0,510826 0,000090
tricked 1,832581 0,000323
tricking 3,218876 0,000568
tricks 0,579818 0,000102
trifle 0,579818 0,000102
trifled 2,120264 0,000374
trifling 0,653926 0,000115
trim 1,237874 0,000218
triumph 0,274437 0,000048
triumphantly 0,941609 0,000166
trivial 0,776529 0,000137
troop 1,078810 0,000190
trouble 0,051293 0,000009
troubles 0,478036 0,000084
troublesome 0,843970 0,000149
true 0,020203 0,000004
truest 1,203973 0,000212
trust 0,116534 0,000021
trusted 0,544727 0,000096
trusting 0,867501 0,000153
truth 0,030459 0,000005
truths 1,049822 0,000185
tuesday 1,139434 0,000201
tuition 1,771957 0,000313
tumbled 0,867501 0,000153
tumbling 0,967584 0,000171
tuned 1,966113 0,000347
turf 1,347074 0,000238
turnpike 2,207275 0,000390
twelvemonth 2,040221 0,000360
twilight 0,733969 0,000130
twill 2,302585 0,000406
twisted 0,562119 0,000099
types 0,385662 0,000068
ugly 0,415515 0,000073
unabated 2,040221 0,000360
unable 0,248461 0,000044
unaccountable 1,108663 0,000196
unaccountably 1,966113 0,000347
unacknowledged 2,995732 0,000529
unaffected 1,386294 0,000245
unaffectedly 2,813411 0,000497
unamiable 2,525729 0,000446
unanimous 1,771957 0,000313
unanswerable 1,771957 0,000313
unavailing 1,469676 0,000259
unavoidable 1,049822 0,000185
unavoidably 2,120264 0,000374
unawares 1,237874 0,000218
unbiased 2,525729 0,000446
unblemished 2,995732 0,000529
unbounded 1,309333 0,000231
unbroken 0,733969 0,000130
unceasing 1,609438 0,000284
uncertain 0,301105 0,000053
uncertainty 0,820981 0,000145
unchanged 0,994252 0,000175
unchanging 2,120264 0,000374
uncheerful 3,506558 0,000619
uncivil 1,897120 0,000335
uncle 0,579818 0,000102
uncomfortable 0,798508 0,000141
uncommon 0,798508 0,000141
uncommonly 1,386294 0,000245
unconcern 2,120264 0,000374
unconcerned 1,660731 0,000293
unconnected 1,897120 0,000335
unconquerable 1,560648 0,000275
unconscious 0,400478 0,000071
uncordial 3,912023 0,000690
uncouth 1,347074 0,000238
undeceive 2,040221 0,000360
undeceiving 3,506558 0,000619
undecided 1,272966 0,000225
undergoing 1,427116 0,000252
undergone 1,237874 0,000218
understand 0,030459 0,000005
understanding 0,223144 0,000039
understood 0,061875 0,000011
undertake 0,579818 0,000102
undertaking 0,713350 0,000126
undervalue 2,659260 0,000469
undervalued 2,659260 0,000469
undeserving 2,302585 0,000406
undesignedly 3,506558 0,000619
undesirable 2,207275 0,000390
undiscerning 3,218876 0,000568
undivided 1,832581 0,000323
undoubted 1,386294 0,000245
undoubtedly 0,634878 0,000112
undoubtingly 3,218876 0,000568
undressed 1,386294 0,000245
uneasiness 0,994252 0,000175
uneasy 0,544727 0,000096
unembarrassed 2,995732 0,000529
unemployed 1,897120 0,000335
unenforceability 0,562119 0,000099
unequal 0,843970 0,000149
unequivocal 2,995732 0,000529
unexhilarating 3,912023 0,000690
unexpected 0,430783 0,000076
unexpectedly 0,916291 0,000162
unexpressed 2,659260 0,000469
unfair 1,049822 0,000185
unfairly 2,207275 0,000390
unfashionable 2,659260 0,000469
unfatherly 3,912023 0,000690
unfathomable 1,771957 0,000313
unfavourable 1,514128 0,000267
unfeeling 1,609438 0,000284
unfeigned 2,525729 0,000446
unfit 1,108663 0,000196
unfolded 1,237874 0,000218
unforeseen 1,514128 0,000267
unfortunate 0,314711 0,000056
unfulfilled 2,120264 0,000374
ungenerous 1,832581 0,000323
ungenteel 3,506558 0,000619
ungracious 1,966113 0,000347
ungraciously 2,995732 0,000529
ungrateful 0,798508 0,000141
unguarded 1,560648 0,000275
unhappiness 1,560648 0,000275
unhappy 0,400478 0,000071
uniform 0,210721 0,000037
uniformly 1,832581 0,000323
uninfluenced 3,506558 0,000619
uninformed 2,659260 0,000469
unintelligible 1,237874 0,000218
unintentional 2,525729 0,000446
uninteresting 1,347074 0,000238
unison 1,714798 0,000303
unite 1,078810 0,000190
united 0,094311 0,000017
unitedly 3,912023 0,000690
unites 1,832581 0,000323
uniting 1,514128 0,000267
universal 0,478036 0,000084
universally 0,967584 0,000171
university 0,994252 0,000175
unjust 0,693147 0,000122
unjustifiable 2,525729 0,000446
unkind 1,386294 0,000245
unkindly 2,207275 0,000390
unkindness 1,660731 0,000293
unknowingly 2,407946 0,000425
unknown 0,105361 0,000019
unlink 0,562119 0,000099
unlocked 1,108663 0,000196
unluckily 1,832581 0,000323
unlucky 1,139434 0,000201
unmoved 0,916291 0,000162
unnatural 0,713350 0,000126
unnecessary 0,653926 0,000115
unnoticed 1,514128 0,000267
unobserved 1,203973 0,000212
unobtrusive 2,207275 0,000390
unobtrusiveness 3,912023 0,000690
unpacked 2,120264 0,000374
unpardonable 1,771957 0,000313
unpardoned 3,506558 0,000619
unpleasant 0,562119 0,000099
unpleasantness 1,832581 0,000323
unpleasing 2,407946 0,000425
unpremeditated 2,525729 0,000446
unprincipled 1,966113 0,000347
unpromising 2,525729 0,000446
unprotected 0,673345 0,000119
unquiet 1,966113 0,000347
unread 2,659260 0,000469
unreasonable 0,967584 0,000171
unreasonably 2,040221 0,000360
unremitting 2,659260 0,000469
unreserve 3,218876 0,000568
unreserved 2,407946 0,000425
unresisted 3,218876 0,000568
unrestrained 1,714798 0,000303
unsatiable 3,506558 0,000619
unseen 0,616186 0,000109
unsettle 3,506558 0,000619
unshaken 1,609438 0,000284
unsolicited 0,510826 0,000090
unspeakable 0,994252 0,000175
unsteady 1,469676 0,000259
unstudied 2,995732 0,000529
unsubdued 2,525729 0,000446
unsuitable 1,609438 0,000284
unsuitableness 3,912023 0,000690
unsuited 2,659260 0,000469
unsuspected 1,609438 0,000284
unthought 2,207275 0,000390
untied 1,609438 0,000284
untouched 1,171183 0,000207
untried 1,966113 0,000347
unusual 0,415515 0,000073
unusually 0,891598 0,000157
unwarily 2,659260 0,000469
unwelcome 1,469676 0,000259
unwell 1,771957 0,000313
unwilling 0,653926 0,000115
unwillingly 1,171183 0,000207
unwillingness 1,832581 0,000323
unworthiness 2,207275 0,000390
unworthy 0,673345 0,000119
unwounded 3,218876 0,000568
updated 0,510826 0,000090
uppermost 1,237874 0,000218
upright 0,328504 0,000058
uproar 1,049822 0,000185
upstairs 0,891598 0,000157
urge 0,967584 0,000171
urged 0,356675 0,000063
urgency 1,660731 0,000293
urgent 0,798508 0,000141
urging 0,967584 0,000171
usage 0,891598 0,000157
useless 0,235722 0,000042
uselessly 2,302585 0,000406
user 0,562119 0,000099
ushered 1,386294 0,000245
usual 0,139262 0,000025
ut 0,510826 0,000090
utility 1,427116 0,000252
utmost 0,356675 0,000063
utter 0,248461 0,000044
utterance 0,941609 0,000166
vacant 0,693147 0,000122
vacate 2,525729 0,000446
vague 0,579818 0,000102
vain 0,116534 0,000021
valley 0,616186 0,000109
valleys 1,108663 0,000196
valuable 0,371064 0,000065
valueless 2,525729 0,000446
vanilla 0,544727 0,000096
vanish 0,967584 0,000171
vanity 0,415515 0,000073
variation 1,347074 0,000238
variations 1,347074 0,000238
varied 0,673345 0,000119
variety 0,162519 0,000029
varying 0,755023 0,000133
vast 0,223144 0,000039
vastly 1,203973 0,000212
veal 1,771957 0,000313
vehemence 1,108663 0,000196
vent 0,916291 0,000162
venture 0,342490 0,000060
ventured 0,478036 0,000084
venturing 1,272966 0,000225
veracity 2,207275 0,000390
verbal 1,203973 0,000212
version 0,385662 0,000068
vestibule 1,832581 0,000323
vex 1,427116 0,000252
vexation 0,867501 0,000153
vexed 0,733969 0,000130
vicinity 1,078810 0,000190
view 0,105361 0,000019
viewed 0,261365 0,000046
viewing 0,415515 0,000073
views 0,562119 0,000099
vigor 1,347074 0,000238
vigorous 0,544727 0,000096
vigour 0,843970 0,000149
vii 0,430783 0,000076
viii 0,446287 0,000079
vile 0,693147 0,000122
village 0,356675 0,000063
villagers 1,514128 0,000267
villain 0,967584 0,000171
villainy 1,832581 0,000323
vindication 2,407946 0,000425
violates 0,527633 0,000093
violence 0,248461 0,000044
violent 0,223144 0,000039
violently 0,462035 0,000082
violins 2,813411 0,000497
violoncello 3,506558 0,000619
virtue 0,328504 0,000058
virtues 0,597837 0,000106
virtuous 0,653926 0,000115
virulence 2,813411 0,000497
virus 0,527633 0,000093
visibly 0,916291 0,000162
visit 0,061875 0,000011
visited 0,328504 0,000058
visiting 0,713350 0,000126
visitor 0,713350 0,000126
visitors 0,653926 0,000115
visits 0,544727 0,000096
vivacity 1,237874 0,000218
voice 0,020203 0,000004
voices 0,287682 0,000051
void 0,274437 0,000048
volume 0,494296 0,000087
voluntarily 0,891598 0,000157
voluntary 0,843970 0,000149
volunteer 0,478036 0,000084
volunteers 0,430783 0,000076
vouchsafe 1,771957 0,000313
vouchsafed 1,660731 0,000293
vowed 1,469676 0,000259
vulgar 0,634878 0,000112
vulgarity 1,897120 0,000335
wager 1,427116 0,000252
waistcoat 1,021651 0,000180
waistcoats 1,832581 0,000323
wait 0,094311 0,000017
waited 0,198451 0,000035
waiting 0,083382 0,000015
walk 0,105361 0,000019
walked 0,210721 0,000037
walker 1,897120 0,000335
walking 0,083382 0,000015
walks 0,162519 0,000029
walls 0,139262 0,000025
walnut 1,966113 0,000347
wander 0,579818 0,000102
wandered 0,494296 0,000087
wandering 0,274437 0,000048
wanton 1,049822 0,000185
warehouse 1,514128 0,000267
warm 0,139262 0,000025
warmed 0,867501 0,000153
warmest 1,660731 0,000293
warmly 0,798508 0,000141
warmth 0,579818 0,000102
warning 0,248461 0,000044
warrant 0,713350 0,000126
warranted 1,609438 0,000284
warranties 0,562119 0,000099
warranty 0,544727 0,000096
washing 0,579818 0,000102
wasted 0,400478 0,000071
watch 0,094311 0,000017
watched 0,210721 0,000037
watchful 1,171183 0,000207
watchfulness 1,966113 0,000347
watching 0,210721 0,000037
water 0,051293 0,000009
weak 0,116534 0,000021
weaken 1,309333 0,000231
weakened 0,994252 0,000175
weakening 1,469676 0,000259
weakness 0,261365 0,000046
weaknesses 1,386294 0,000245
wealth 0,287682 0,000051
wealthy 0,673345 0,000119
wear 0,274437 0,000048
wearing 0,415515 0,000073
weary 0,198451 0,000035
weather 0,248461 0,000044
weathered 2,659260 0,000469
wedding 0,776529 0,000137
weddings 2,407946 0,000425
wednesday 1,139434 0,000201
week 0,235722 0,000042
weeks 0,248461 0,000044
weight 0,116534 0,000021
welfare 0,916291 0,000162
wept 0,597837 0,000106
west 0,083382 0,000015
westerly 2,407946 0,000425
westminster 1,771957 0,000313
westward 1,139434 0,000201
wet 0,287682 0,000051
wettest 3,912023 0,000690
weymouth 3,506558 0,000619
whatsoever 0,287682 0,000051
whip 0,597837 0,000106
whisper 0,446287 0,000079
whispered 0,400478 0,000071
whispering 0,820981 0,000145
whist 1,771957 0,000313
white 0,051293 0,000009
whiter 1,560648 0,000275
wholly 0,400478 0,000071
whomsoever 1,897120 0,000335
wicked 0,356675 0,000063
wicket 1,660731 0,000293
wide 0,061875 0,000011
widen 2,040221 0,000360
widespread 0,916291 0,000162
widest 0,446287 0,000079
widow 0,579818 0,000102
widower 1,897120 0,000335
wife 0,094311 0,000017
wild 0,051293 0,000009
wildest 1,272966 0,000225
wildly 0,776529 0,000137
wildness 1,514128 0,000267
william 0,798508 0,000141
williams 1,966113 0,000347
willingness 1,514128 0,000267
wind 0,105361 0,000019
winding 0,634878 0,000112
window 0,274437 0,000048
windows 0,261365 0,000046
wine 0,248461 0,000044
winks 2,659260 0,000469
winter 0,198451 0,000035
wiping 1,108663 0,000196
wisdom 0,287682 0,000051
wise 0,105361 0,000019
wiser 0,597837 0,000106
wisest 0,733969 0,000130
wisher 2,525729 0,000446
wit 0,328504 0,000058
withdrawn 0,616186 0,000109
withdrew 0,510826 0,000090
withhold 1,832581 0,000323
withstood 1,560648 0,000275
witness 0,198451 0,000035
witnessed 0,798508 0,000141
witnesses 0,579818 0,000102
witnessing 1,771957 0,000313
witticisms 2,302585 0,000406
wittiest 3,218876 0,000568
witty 1,171183 0,000207
wives 0,400478 0,000071
woman 0,061875 0,000011
women 0,094311 0,000017
wonderer 3,912023 0,000690
wonderful 0,162519 0,000029
wood 0,116534 0,000021
wooded 1,609438 0,000284
woods 0,430783 0,000076
woody 1,832581 0,000323
word 0,020203 0,000004
worded 2,040221 0,000360
wore 0,274437 0,000048
workmen 0,916291 0,000162
worldly 0,820981 0,000145
worn 0,223144 0,000039
worried 0,867501 0,000153
worry 0,820981 0,000145
worse 0,083382 0,000015
worship 0,544727 0,000096
worst 0,186330 0,000033
worsted 1,832581 0,000323
worth 0,061875 0,000011
worthiest 2,207275 0,000390
worthless 0,843970 0,000149
worthy 0,186330 0,000033
wound 0,274437 0,000048
wounded 0,274437 0,000048
wounding 1,609438 0,000284
wrapped 0,579818 0,000102
wrapt 1,714798 0,000303
wretched 0,328504 0,000058
wretchedly 1,966113 0,000347
wretchedness 1,139434 0,000201
write 0,150823 0,000027
writer 0,415515 0,000073
writes 0,597837 0,000106
writing 0,061875 0,000011
written 0,051293 0,000009
wrong 0,083382 0,000015
wronged 1,386294 0,000245
wrote 0,150823 0,000027
wrung 1,021651 0,000180
xi 0,597837 0,000106
xii 0,579818 0,000102
xiii 0,673345 0,000119
xiv 0,693147 0,000122
xix 0,867501 0,000153
xvi 0,776529 0,000137
xvii 0,843970 0,000149
xviii 0,891598 0,000157
xx 0,916291 0,000162
xxi 0,867501 0,000153
xxii 0,967584 0,000171
xxiii 0,967584 0,000171
xxiv 0,994252 0,000175
xxv 1,108663 0,000196
xxx 1,272966 0,000225
yard 0,430783 0,000076
yards 0,400478 0,000071
yearly 1,203973 0,000212
yesterday 0,301105 0,000053
yew 2,040221 0,000360
yield 0,342490 0,000060
yielded 0,510826 0,000090
youth 0,150823 0,000027
youthful 0,673345 0,000119
zeal 0,579818 0,000102
zealous 1,049822 0,000185
zealously 2,120264 0,000374
