aaron 2,995732 0,000622
abated 1,427116 0,000296
abdiel 3,218876 0,000668
abel 2,120264 0,000440
abhor 1,469676 0,000305
abhorred 1,560648 0,000324
abib 3,506558 0,000728
abide 0,287682 0,000060
abiding 1,309333 0,000272
abiezer 3,506558 0,000728
abigail 3,218876 0,000668
ability 0,579818 0,000120
abner 2,659260 0,000552
abode 0,616186 0,000128
abominable 0,867501 0,000180
abominably 1,897120 0,000394
abomination 1,966113 0,000408
abominations 2,207275 0,000458
abraham 1,386294 0,000288
abram 2,813411 0,000584
absalom 2,407946 0,000500
absent 0,385662 0,000080
abundance 0,843970 0,000175
abundant 0,867501 0,000180
abundantly 1,272966 0,000264
abuse 0,673345 0,000140
abused 0,843970 0,000175
accept 0,094311 0,000020
acceptable 0,967584 0,000201
accepted 0,139262 0,000029
accompanying 0,820981 0,000170
accomplish 0,733969 0,000152
accomplished 0,385662 0,000080
accord 0,597837 0,000124
account 0,010050 0,000002
accounted 0,891598 0,000185
accursed 1,108663 0,000230
accusation 1,049822 0,000218
achar 3,506558 0,000728
achmetha 3,912023 0,000812
achor 3,506558 0,000728
acknowledge 0,527633 0,000110
acknowledged 0,597837 0,000124
acquaintance 0,301105 0,000063
acre 1,427116 0,000296
actions 0,356675 0,000074
activity 0,446287 0,000093
acts 1,966113 0,000408
adam 0,941609 0,000196
adar 3,506558 0,000728
add 0,198451 0,000041
adder 2,302585 0,000478
addition 0,116534 0,000024
additions 0,371064 0,000077
adiel 3,506558 0,000728
adin 3,506558 0,000728
adjure 2,525729 0,000524
adjured 2,659260 0,000552
adlai 3,506558 0,000728
adoniram 2,813411 0,000584
adrammelech 3,506558 0,000728
adullam 3,218876 0,000668
adullamite 3,506558 0,000728
adulterer 2,407946 0,000500
adulteress 2,813411 0,000584
adultery 1,832581 0,000381
advanced 0,274437 0,000057
adventure 0,510826 0,000106
adventured 2,995732 0,000622
adversaries 1,469676 0,000305
adversary 0,994252 0,000206
adversities 2,813411 0,000584
adversity 1,660731 0,000345
advertise 1,714798 0,000356
advice 0,186330 0,000039
advise 0,462035 0,000096
advisement 3,506558 0,000728
afar 0,994252 0,000206
affairs 0,235722 0,000049
affection 0,235722 0,000049
affinity 1,514128 0,000314
afflict 1,897120 0,000394
afflicted 0,693147 0,000144
affliction 0,867501 0,000180
affright 1,966113 0,000408
affrighted 1,897120 0,000394
afore 1,609438 0,000334
aforetime 3,218876 0,000668
afraid 0,105361 0,000022
afternoon 0,287682 0,000060
afterward 1,139434 0,000237
agag 3,506558 0,000728
agate 2,659260 0,000552
age 0,051293 0,000011
aged 0,198451 0,000041
agee 3,506558 0,000728
agone 2,659260 0,000552
agreement 0,210721 0,000044
ague 1,660731 0,000345
ahab 2,525729 0,000524
ahi 3,506558 0,000728
aided 0,916291 0,000190
ain 2,525729 0,000524
air 0,061875 0,000013
akan 3,506558 0,000728
alamoth 3,506558 0,000728
alarm 0,356675 0,000074
alas 0,462035 0,000096
algum 3,506558 0,000728
alien 1,347074 0,000280
alike 0,287682 0,000060
alive 0,051293 0,000011
allied 1,272966 0,000264
allowance 0,776529 0,000161
almighty 1,108663 0,000230
almon 3,506558 0,000728
almonds 2,207275 0,000458
almug 3,506558 0,000728
aloes 2,813411 0,000584
aloud 0,301105 0,000063
altar 0,820981 0,000170
altars 1,897120 0,000394
alter 0,544727 0,000113
altogether 0,198451 0,000041
alvah 3,506558 0,000728
alvan 3,506558 0,000728
alway 2,659260 0,000552
amal 3,506558 0,000728
amalekite 3,506558 0,000728
amazed 0,634878 0,000132
ambassadors 1,609438 0,000334
ambush 1,386294 0,000288
ambushment 3,218876 0,000668
amen 1,237874 0,000257
amend 1,560648 0,000324
amends 1,108663 0,000230
amerce 3,506558 0,000728
amethyst 2,525729 0,000524
ami 2,207275 0,000458
amiss 0,820981 0,000170
ammonite 2,995732 0,000622
ammonites 3,218876 0,000668
ammonitess 3,506558 0,000728
amok 3,506558 0,000728
amorite 3,506558 0,000728
amos 3,218876 0,000668
anan 3,912023 0,000812
ancestors 0,527633 0,000110
ancient 0,198451 0,000041
ancients 1,347074 0,000280
angel 0,579818 0,000120
angels 0,776529 0,000161
anger 0,328504 0,000068
angry 0,174353 0,000036
anguish 0,579818 0,000120
anim 3,218876 0,000668
anoint 2,040221 0,000424
anointed 1,660731 0,000345
anointing 2,302585 0,000478
answer 0,040822 0,000008
answerable 1,660731 0,000345
answered 0,072571 0,000015
apace 1,771957 0,000368
apes 2,120264 0,000440
apiece 1,309333 0,000272
apostle 1,832581 0,000381
apostles 1,609438 0,000334
apothecaries 2,659260 0,000552
apothecary 1,714798 0,000356
apparel 1,203973 0,000250
apparelled 2,995732 0,000622
appearance 0,083382 0,000017
appease 1,714798 0,000356
appertain 2,525729 0,000524
appertained 2,995732 0,000622
apple 0,616186 0,000128
appoint 1,347074 0,000280
appointed 0,356675 0,000074
appointment 0,693147 0,000144
approach 0,083382 0,000017
approached 0,248461 0,000052
aprons 1,897120 0,000394
apt 0,579818 0,000120
ara 3,506558 0,000728
arab 1,514128 0,000314
arabia 2,120264 0,000440
arabian 1,309333 0,000272
arabians 2,659260 0,000552
arad 3,506558 0,000728
aramitess 3,506558 0,000728
arba 3,506558 0,000728
archer 1,897120 0,000394
archers 2,120264 0,000440
ariel 2,813411 0,000584
ark 1,560648 0,000324
arkite 3,218876 0,000668
arm 0,094311 0,000020
armed 0,385662 0,000080
armenia 2,813411 0,000584
armies 1,139434 0,000237
armour 1,514128 0,000314
armourbearer 3,506558 0,000728
armoury 2,525729 0,000524
arms 0,051293 0,000011
army 0,371064 0,000077
array 0,314711 0,000065
arrayed 1,427116 0,000296
arrogancy 2,659260 0,000552
arrow 0,653926 0,000136
arrows 1,021651 0,000212
art 0,139262 0,000029
artificer 2,207275 0,000458
artificers 2,302585 0,000478
artillery 1,386294 0,000288
asa 2,813411 0,000584
asahel 3,506558 0,000728
asaph 2,995732 0,000622
ascend 0,867501 0,000180
ascended 0,713350 0,000148
ascending 1,049822 0,000218
ascent 1,021651 0,000212
ascribe 1,660731 0,000345
ascribed 1,469676 0,000305
ashamed 0,248461 0,000052
asher 3,218876 0,000668
asherites 3,506558 0,000728
ashes 0,462035 0,000096
ashtoreth 3,506558 0,000728
ashur 3,506558 0,000728
asleep 0,162519 0,000034
asps 3,506558 0,000728
ass 0,941609 0,000196
assayed 3,506558 0,000728
assemble 1,514128 0,000314
assembled 0,510826 0,000106
assembling 1,714798 0,000356
assembly 0,891598 0,000185
assent 0,916291 0,000190
asses 1,660731 0,000345
assigned 0,733969 0,000152
assurance 0,430783 0,000089
assured 0,301105 0,000063
assuredly 0,967584 0,000201
asswaged 3,506558 0,000728
assyria 2,407946 0,000500
assyrians 2,302585 0,000478
astonied 3,506558 0,000728
astonished 0,301105 0,000063
astonishment 0,301105 0,000063
astray 1,078810 0,000224
asunder 1,108663 0,000230
athirst 2,525729 0,000524
atonement 1,427116 0,000296
atonements 3,218876 0,000668
attained 0,494296 0,000103
attendance 0,798508 0,000166
attent 2,813411 0,000584
attentive 0,713350 0,000148
attired 1,427116 0,000296
audience 0,733969 0,000152
augment 1,714798 0,000356
aul 3,506558 0,000728
aunt 0,843970 0,000175
ava 2,995732 0,000622
avenge 1,049822 0,000218
avenged 1,514128 0,000314
avenger 1,609438 0,000334
avenging 1,714798 0,000356
avoided 0,371064 0,000077
avouched 3,506558 0,000728
awake 0,356675 0,000074
awaked 2,525729 0,000524
awoke 0,446287 0,000093
axe 1,049822 0,000218
axes 1,469676 0,000305
axletrees 3,506558 0,000728
baal 2,995732 0,000622
baalath 3,506558 0,000728
baalim 3,218876 0,000668
babe 1,427116 0,000296
babel 1,771957 0,000368
babylon 1,771957 0,000368
babylonians 3,912023 0,000812
babylonish 3,506558 0,000728
backbone 1,966113 0,000408
backside 2,302585 0,000478
bad 0,051293 0,000011
bade 0,597837 0,000124
badgers 3,506558 0,000728
badness 2,040221 0,000424
bag 0,544727 0,000113
bags 0,967584 0,000201
bake 1,897120 0,000394
baked 1,237874 0,000257
bakemeats 3,506558 0,000728
baken 3,506558 0,000728
baker 1,237874 0,000257
bakers 2,207275 0,000458
balaam 2,659260 0,000552
balak 3,506558 0,000728
balances 2,302585 0,000478
bald 0,994252 0,000206
baldness 2,813411 0,000584
balm 1,609438 0,000334
bamoth 3,506558 0,000728
band 0,430783 0,000089
bands 0,843970 0,000175
bani 3,506558 0,000728
banished 0,941609 0,000196
banishment 1,427116 0,000296
bank 0,261365 0,000054
banks 0,494296 0,000103
bar 0,527633 0,000110
bare 0,162519 0,000034
barefoot 1,609438 0,000334
barest 2,407946 0,000500
barley 1,609438 0,000334
barrel 0,843970 0,000175
barrels 1,203973 0,000250
barren 0,713350 0,000148
bars 0,653926 0,000136
baruch 3,506558 0,000728
base 0,301105 0,000063
bases 1,771957 0,000368
basket 0,673345 0,000140
baskets 1,203973 0,000250
bason 3,218876 0,000668
bastard 1,660731 0,000345
bat 1,469676 0,000305
bathe 1,272966 0,000264
baths 1,427116 0,000296
battered 1,309333 0,000272
battle 0,287682 0,000060
battlement 2,995732 0,000622
battles 0,916291 0,000190
bay 0,544727 0,000113
bdellium 3,506558 0,000728
beam 0,843970 0,000175
beams 0,994252 0,000206
beans 1,560648 0,000324
bear 0,061875 0,000013
beard 0,579818 0,000120
beards 1,771957 0,000368
bearers 1,309333 0,000272
bearing 0,162519 0,000034
bears 0,510826 0,000106
beast 0,342490 0,000071
beasts 0,430783 0,000089
beat 0,186330 0,000039
beaten 0,400478 0,000083
beating 0,314711 0,000065
beautiful 0,083382 0,000017
beautify 2,302585 0,000478
beauty 0,174353 0,000036
becher 3,218876 0,000668
bed 0,051293 0,000011
bedad 2,995732 0,000622
bedchamber 1,897120 0,000394
beds 0,430783 0,000089
bedstead 1,347074 0,000280
beer 0,941609 0,000196
beerothite 3,506558 0,000728
bees 1,021651 0,000212
beetle 1,966113 0,000408
beeves 2,813411 0,000584
befall 0,967584 0,000201
befallen 1,078810 0,000224
befell 1,171183 0,000243
beforetime 3,506558 0,000728
begat 2,040221 0,000424
beget 1,897120 0,000394
beggar 0,733969 0,000152
begotten 1,609438 0,000334
beguiled 1,714798 0,000356
behalf 0,713350 0,000148
behave 0,713350 0,000148
behaved 0,798508 0,000166
behaviour 0,941609 0,000196
beheaded 1,897120 0,000394
beheld 0,510826 0,000106
behold 0,342490 0,000071
bekah 3,506558 0,000728
bela 3,218876 0,000668
belah 3,506558 0,000728
belaites 3,506558 0,000728
belial 2,659260 0,000552
bell 0,400478 0,000083
bells 0,597837 0,000124
belly 0,916291 0,000190
belong 0,235722 0,000049
belonged 0,314711 0,000065
belonging 0,527633 0,000110
beloved 0,415515 0,000086
ben 1,609438 0,000334
beneath 0,198451 0,000041
benefit 0,415515 0,000086
benjamin 1,714798 0,000356
benjamite 3,218876 0,000668
beno 3,506558 0,000728
bereaved 1,966113 0,000408
beri 3,218876 0,000668
berith 3,506558 0,000728
beryl 2,659260 0,000552
beseech 1,049822 0,000218
beset 0,941609 0,000196
besiege 2,040221 0,000424
besieged 1,560648 0,000324
besought 1,309333 0,000272
bestir 2,407946 0,000500
bestow 0,755023 0,000157
bestowed 0,562119 0,000117
bethel 2,995732 0,000622
bethink 1,966113 0,000408
bethlehem 2,659260 0,000552
bethlehemite 3,506558 0,000728
bethuel 3,506558 0,000728
betimes 1,771957 0,000368
betray 0,527633 0,000110
betroth 3,506558 0,000728
betrothed 1,660731 0,000345
betwixt 1,514128 0,000314
bewail 1,832581 0,000381
bewailed 2,525729 0,000524
beware 0,820981 0,000170
bezaleel 3,218876 0,000668
bible 0,776529 0,000161
bid 0,400478 0,000083
bidden 1,347074 0,000280
bidding 0,820981 0,000170
bier 2,040221 0,000424
bind 0,755023 0,000157
binding 0,891598 0,000185
bird 0,235722 0,000049
birds 0,301105 0,000063
birth 0,301105 0,000063
birthday 1,108663 0,000230
birthright 2,040221 0,000424
bit 0,174353 0,000036
bitten 1,272966 0,000264
bitter 0,235722 0,000049
bitterly 0,579818 0,000120
bitterness 0,634878 0,000132
black 0,072571 0,000015
blade 0,755023 0,000157
blains 3,506558 0,000728
blame 0,174353 0,000036
blameless 1,469676 0,000305
blaspheme 2,407946 0,000500
blasphemed 2,407946 0,000500
blasphemy 1,514128 0,000314
blast 0,693147 0,000144
blasted 1,347074 0,000280
blasting 2,407946 0,000500
bleating 1,832581 0,000381
blemish 1,897120 0,000394
blemishes 2,302585 0,000478
bless 0,430783 0,000089
blessed 0,356675 0,000074
blessing 0,446287 0,000093
blessings 1,171183 0,000243
blew 0,494296 0,000103
blind 0,223144 0,000046
blindness 0,994252 0,000206
blood 0,116534 0,000024
bloody 0,527633 0,000110
bloomed 1,966113 0,000408
blossom 1,139434 0,000237
blossoms 1,049822 0,000218
blot 1,347074 0,000280
blotted 1,272966 0,000264
blow 0,139262 0,000029
blowing 0,510826 0,000106
blue 0,174353 0,000036
blush 0,693147 0,000144
board 0,314711 0,000065
boards 0,776529 0,000161
boast 0,430783 0,000089
boat 0,446287 0,000093
bodies 0,174353 0,000036
body 0,030459 0,000006
boil 1,237874 0,000257
boiled 0,798508 0,000166
boils 1,714798 0,000356
boldly 0,462035 0,000096
bolled 3,506558 0,000728
bolster 2,407946 0,000500
bolt 0,733969 0,000152
bolted 0,967584 0,000201
bond 0,673345 0,000140
bondage 1,203973 0,000250
bondmaid 3,506558 0,000728
bondmaids 3,506558 0,000728
bondman 3,218876 0,000668
bondmen 2,813411 0,000584
bonds 0,798508 0,000166
bondservant 3,506558 0,000728
bondwoman 2,995732 0,000622
bondwomen 3,506558 0,000728
bone 0,527633 0,000110
bones 0,235722 0,000049
bonnets 1,771957 0,000368
book 0,061875 0,000013
booths 2,040221 0,000424
booty 1,309333 0,000272
border 0,967584 0,000201
borders 0,994252 0,000206
bore 0,150823 0,000031
bored 0,994252 0,000206
born 0,105361 0,000022
borne 0,261365 0,000054
borrow 0,798508 0,000166
borrowed 0,616186 0,000128
bosom 0,462035 0,000096
botch 2,995732 0,000622
bottle 0,562119 0,000117
bottles 0,798508 0,000166
bough 1,203973 0,000250
boughs 1,078810 0,000224
bound 0,030459 0,000006
bounds 0,634878 0,000132
bounty 1,386294 0,000288
bow 0,287682 0,000060
bowed 0,371064 0,000077
bowels 1,309333 0,000272
bowing 0,994252 0,000206
bowl 0,843970 0,000175
bowls 1,660731 0,000345
bows 0,776529 0,000161
box 0,248461 0,000052
boys 0,328504 0,000068
bracelet 2,120264 0,000440
bracelets 1,427116 0,000296
brake 1,660731 0,000345
bramble 2,407946 0,000500
branch 0,385662 0,000080
branches 0,371064 0,000077
brands 2,120264 0,000440
brasen 3,506558 0,000728
brass 0,478036 0,000099
breach 0,274437 0,000057
breaches 2,302585 0,000478
bread 0,248461 0,000052
breadth 0,653926 0,000136
break 0,083382 0,000017
breaking 0,210721 0,000044
breast 0,210721 0,000044
breastplate 2,659260 0,000552
breasts 0,891598 0,000185
breath 0,174353 0,000036
breathe 0,478036 0,000099
breathed 0,494296 0,000103
bred 0,478036 0,000099
breeches 1,203973 0,000250
breed 0,820981 0,000170
brethren 0,916291 0,000190
bribe 1,309333 0,000272
bribes 1,714798 0,000356
brick 0,713350 0,000148
bricks 1,203973 0,000250
bridle 1,021651 0,000212
briers 2,407946 0,000500
bright 0,116534 0,000024
brightness 0,634878 0,000132
brim 1,237874 0,000257
brimstone 1,966113 0,000408
bring 0,010050 0,000002
bringers 3,506558 0,000728
bringeth 2,525729 0,000524
bringing 0,105361 0,000022
brink 1,139434 0,000237
broad 0,139262 0,000029
broidered 2,995732 0,000622
broken 0,061875 0,000013
brook 1,139434 0,000237
brooks 1,714798 0,000356
broth 1,897120 0,000394
brother 0,127833 0,000027
brothers 0,356675 0,000074
brought 0,010050 0,000002
brown 0,274437 0,000057
bruise 1,560648 0,000324
bruised 0,941609 0,000196
buckets 1,714798 0,000356
buckler 2,040221 0,000424
bucklers 2,525729 0,000524
budded 2,659260 0,000552
buds 1,714798 0,000356
build 0,446287 0,000093
builded 2,407946 0,000500
builders 1,560648 0,000324
building 0,223144 0,000046
built 0,150823 0,000031
bul 3,506558 0,000728
bullock 1,966113 0,000408
bullocks 2,407946 0,000500
bulls 1,660731 0,000345
bulrushes 2,659260 0,000552
bulwarks 2,040221 0,000424
bunch 0,994252 0,000206
bunches 1,609438 0,000334
bundle 0,755023 0,000157
bundles 1,427116 0,000296
burden 0,223144 0,000046
burdens 1,309333 0,000272
burial 0,994252 0,000206
buried 0,248461 0,000052
burn 0,400478 0,000083
burned 0,400478 0,000083
burning 0,150823 0,000031
burnt 0,415515 0,000086
bury 0,776529 0,000161
burying 1,386294 0,000288
bush 0,820981 0,000170
busied 1,203973 0,000250
business 0,040822 0,000008
busy 0,223144 0,000046
butler 1,203973 0,000250
butlers 2,995732 0,000622
butlership 3,506558 0,000728
butter 0,820981 0,000170
buttocks 2,525729 0,000524
buz 3,506558 0,000728
byways 2,525729 0,000524
byword 3,506558 0,000728
cab 1,272966 0,000264
cain 1,660731 0,000345
cake 0,941609 0,000196
cakes 1,237874 0,000257
calamity 0,891598 0,000185
calamus 3,218876 0,000668
caldron 2,659260 0,000552
caldrons 2,995732 0,000622
caleb 2,813411 0,000584
calf 1,078810 0,000224
calling 0,820981 0,000170
calves 1,427116 0,000296
camel 1,609438 0,000334
camels 1,897120 0,000394
camp 0,597837 0,000124
camped 1,897120 0,000394
camps 1,660731 0,000345
canaan 2,659260 0,000552
canaanite 3,218876 0,000668
canaanites 3,506558 0,000728
canaanitess 3,506558 0,000728
canaanitish 3,506558 0,000728
candlestick 1,771957 0,000368
candlesticks 1,897120 0,000394
canst 1,514128 0,000314
caphtor 3,218876 0,000668
caphtorim 3,506558 0,000728
captain 0,371064 0,000077
captains 1,171183 0,000243
captive 0,820981 0,000170
captives 1,514128 0,000314
captivity 1,714798 0,000356
carbuncle 2,813411 0,000584
carcase 2,040221 0,000424
carcases 2,659260 0,000552
care 0,000000 0,000000
careful 0,174353 0,000036
carefully 0,139262 0,000029
careless 0,494296 0,000103
caring 1,049822 0,000218
carmel 2,813411 0,000584
carmelite 2,813411 0,000584
carmelitess 3,506558 0,000728
carnally 3,506558 0,000728
carpenters 1,714798 0,000356
carriage 0,446287 0,000093
carried 0,030459 0,000006
carry 0,030459 0,000006
carrying 0,083382 0,000017
cart 0,755023 0,000157
carved 0,843970 0,000175
carving 1,560648 0,000324
carvings 2,525729 0,000524
cassia 2,995732 0,000622
cast 0,116534 0,000024
casting 0,544727 0,000113
castle 0,776529 0,000161
castles 1,347074 0,000280
catch 0,210721 0,000044
cattle 0,544727 0,000113
caught 0,162519 0,000034
caul 3,506558 0,000728
causeless 2,207275 0,000458
causeway 2,302585 0,000478
cave 0,776529 0,000161
caves 1,203973 0,000250
cease 0,139262 0,000029
ceased 0,235722 0,000049
ceasing 1,078810 0,000224
cedar 1,514128 0,000314
cedars 2,302585 0,000478
ceiling 0,527633 0,000110
celebrate 1,272966 0,000264
cellars 1,469676 0,000305
censer 2,407946 0,000500
censers 2,813411 0,000584
ceremonies 0,941609 0,000196
certainty 0,342490 0,000071
certified 2,525729 0,000524
certify 2,302585 0,000478
chafed 1,771957 0,000368
chain 0,415515 0,000086
chains 0,562119 0,000117
chaldean 2,995732 0,000622
chamber 0,400478 0,000083
chamberlain 1,771957 0,000368
chambers 0,733969 0,000152
chameleon 2,813411 0,000584
chamois 1,714798 0,000356
champaign 2,995732 0,000622
champion 1,171183 0,000243
chance 0,083382 0,000017
chancellor 2,120264 0,000440
change 0,010050 0,000002
changed 0,051293 0,000011
changing 0,248461 0,000052
channels 1,078810 0,000224
chapiter 3,506558 0,000728
chapiters 3,506558 0,000728
chapmen 2,995732 0,000622
charge 0,051293 0,000011
chargeable 2,407946 0,000500
charged 0,328504 0,000068
charger 2,302585 0,000478
chargers 2,995732 0,000622
charges 0,223144 0,000046
chariot 1,237874 0,000257
chariots 1,966113 0,000408
charmer 2,207275 0,000458
chase 0,653926 0,000136
chased 0,941609 0,000196
chasing 1,203973 0,000250
chasten 2,813411 0,000584
chastened 1,966113 0,000408
chastise 1,897120 0,000394
chastised 2,207275 0,000458
chastisement 1,771957 0,000368
checker 2,659260 0,000552
cheek 0,430783 0,000089
cheeks 0,415515 0,000086
cheer 0,562119 0,000117
cheese 0,967584 0,000201
cheeses 2,525729 0,000524
cherish 1,078810 0,000224
cherished 0,843970 0,000175
cherub 1,897120 0,000394
chesil 3,506558 0,000728
chest 0,371064 0,000077
chestnut 1,386294 0,000288
chew 1,771957 0,000368
chewed 1,966113 0,000408
chide 2,207275 0,000458
chiding 2,207275 0,000458
chief 0,094311 0,000020
chiefest 1,966113 0,000408
child 0,072571 0,000015
childhood 0,527633 0,000110
childless 1,966113 0,000408
children 0,072571 0,000015
chilion 3,506558 0,000728
choice 0,150823 0,000031
choose 0,083382 0,000017
chose 0,301105 0,000063
chosen 0,186330 0,000039
chronicles 2,120264 0,000440
chun 3,506558 0,000728
churlish 2,407946 0,000500
cinnamon 1,966113 0,000408
circuit 0,891598 0,000185
circumcise 2,995732 0,000622
circumcised 3,506558 0,000728
circumcising 3,218876 0,000668
circumcision 2,207275 0,000458
circumspect 1,897120 0,000394
cistern 1,771957 0,000368
cities 0,616186 0,000128
city 0,051293 0,000011
clad 0,597837 0,000124
clapped 1,049822 0,000218
clave 3,218876 0,000668
claws 1,078810 0,000224
clay 0,494296 0,000103
clean 0,248461 0,000052
cleanness 2,813411 0,000584
cleanse 1,514128 0,000314
cleansed 1,714798 0,000356
cleansing 1,832581 0,000381
clearness 1,049822 0,000218
cleave 1,897120 0,000394
cleaved 2,813411 0,000584
cleft 1,347074 0,000280
cliff 1,309333 0,000272
clift 3,506558 0,000728
climbed 0,673345 0,000140
close 0,051293 0,000011
closed 0,116534 0,000024
cloth 0,356675 0,000074
clothe 1,237874 0,000257
clothed 0,673345 0,000140
clothes 0,127833 0,000027
cloths 1,560648 0,000324
cloud 0,301105 0,000063
clouds 0,342490 0,000071
cloudy 1,078810 0,000224
clouted 2,995732 0,000622
cloven 2,040221 0,000424
cluster 1,386294 0,000288
clusters 1,347074 0,000280
coal 0,693147 0,000144
coals 1,108663 0,000230
coast 0,544727 0,000113
coasts 1,514128 0,000314
coat 0,274437 0,000057
coats 0,653926 0,000136
coffer 2,207275 0,000458
coffin 1,021651 0,000212
cold 0,040822 0,000008
collars 1,469676 0,000305
collection 0,174353 0,000036
college 0,693147 0,000144
colossians 2,995732 0,000622
colour 0,527633 0,000110
colours 0,713350 0,000148
colt 1,660731 0,000345
colts 2,207275 0,000458
comely 1,237874 0,000257
cometh 1,897120 0,000394
comfort 0,150823 0,000031
comfortable 0,261365 0,000054
comfortably 0,693147 0,000144
comforted 0,776529 0,000161
comforters 2,813411 0,000584
command 0,162519 0,000034
commanded 0,462035 0,000096
commanding 0,755023 0,000157
commandment 1,832581 0,000381
commandments 1,897120 0,000394
commended 1,272966 0,000264
commissions 1,714798 0,000356
commit 0,527633 0,000110
committed 0,150823 0,000031
common 0,072571 0,000015
commonly 0,755023 0,000157
commune 1,966113 0,000408
communed 2,525729 0,000524
communication 0,597837 0,000124
communing 2,120264 0,000440
companies 1,139434 0,000237
companion 0,248461 0,000052
companions 0,301105 0,000063
company 0,020203 0,000004
comparison 0,478036 0,000099
compass 0,673345 0,000140
compassed 2,659260 0,000552
compassing 2,525729 0,000524
compassion 0,820981 0,000170
compel 0,916291 0,000190
compelled 0,527633 0,000110
complain 0,446287 0,000093
complained 0,562119 0,000117
complaint 0,616186 0,000128
complete 0,150823 0,000031
composition 0,820981 0,000170
compound 1,237874 0,000257
conceal 0,301105 0,000063
conceive 0,544727 0,000113
conceived 0,462035 0,000096
conception 0,653926 0,000136
concubine 1,897120 0,000394
concubines 2,407946 0,000500
condemn 0,867501 0,000180
condemned 0,653926 0,000136
condemning 1,427116 0,000296
condition 0,094311 0,000020
conduct 0,198451 0,000041
conducted 0,415515 0,000086
conduit 2,659260 0,000552
coney 3,218876 0,000668
confection 3,218876 0,000668
confectionaries 3,506558 0,000728
confederate 1,832581 0,000381
conferred 1,171183 0,000243
confess 0,198451 0,000041
confessed 0,579818 0,000120
confession 0,579818 0,000120
confidence 0,139262 0,000029
confirm 0,755023 0,000157
confirmed 0,174353 0,000036
confiscation 2,659260 0,000552
confound 0,733969 0,000152
confounded 0,693147 0,000144
confusion 0,301105 0,000063
congealed 1,609438 0,000334
congratulate 1,078810 0,000224
congregation 1,309333 0,000272
consecrate 2,040221 0,000424
consecrated 1,309333 0,000272
consecration 2,207275 0,000458
consecrations 3,506558 0,000728
consent 0,328504 0,000068
consented 0,562119 0,000117
conspiracy 1,171183 0,000243
conspirators 2,040221 0,000424
conspired 1,897120 0,000394
constant 0,051293 0,000011
constrained 0,843970 0,000175
consulted 0,673345 0,000140
consulter 2,995732 0,000622
consume 1,108663 0,000230
consumed 0,634878 0,000132
consuming 1,171183 0,000243
consumption 1,171183 0,000243
contend 0,891598 0,000185
contended 1,469676 0,000305
content 0,186330 0,000039
continual 0,693147 0,000144
continually 0,446287 0,000093
continuance 1,237874 0,000257
continue 0,261365 0,000054
continued 0,072571 0,000015
contrary 0,198451 0,000041
controversies 2,207275 0,000458
controversy 1,514128 0,000314
conversant 1,609438 0,000334
convey 0,544727 0,000113
convocation 3,218876 0,000668
convocations 3,218876 0,000668
cook 0,430783 0,000089
cooks 1,203973 0,000250
cool 0,314711 0,000065
coping 2,659260 0,000552
copper 0,798508 0,000166
copulation 3,218876 0,000668
cord 0,916291 0,000190
cords 1,139434 0,000237
coriander 3,506558 0,000728
corinthians 2,525729 0,000524
cormorant 2,659260 0,000552
corn 0,579818 0,000120
corner 0,127833 0,000027
corners 0,430783 0,000089
cornet 2,659260 0,000552
cornets 2,995732 0,000622
corpses 1,427116 0,000296
corrupt 0,274437 0,000057
corrupted 1,171183 0,000243
corruption 0,820981 0,000170
corruptly 2,995732 0,000622
cost 0,105361 0,000022
costly 0,967584 0,000201
cotes 3,218876 0,000668
couch 0,733969 0,000152
couched 2,407946 0,000500
couching 2,813411 0,000584
coulter 3,218876 0,000668
coulters 3,506558 0,000728
counsel 0,527633 0,000110
counselled 1,966113 0,000408
counsellor 1,427116 0,000296
counsellors 1,609438 0,000334
count 0,248461 0,000052
counted 0,527633 0,000110
countenance 0,415515 0,000086
countries 0,235722 0,000049
country 0,010050 0,000002
couple 0,287682 0,000060
coupled 1,469676 0,000305
coupling 2,407946 0,000500
couplings 3,218876 0,000668
courage 0,150823 0,000031
courageous 1,171183 0,000243
courageously 2,207275 0,000458
court 0,127833 0,000027
courts 0,544727 0,000113
covenant 1,660731 0,000345
covenanted 2,995732 0,000622
cover 0,261365 0,000054
covered 0,139262 0,000029
covering 0,446287 0,000093
covers 0,820981 0,000170
covert 1,609438 0,000334
covet 1,714798 0,000356
coveted 1,171183 0,000243
covetousness 1,771957 0,000368
cow 0,733969 0,000152
coz 3,506558 0,000728
cracknels 3,506558 0,000728
craftsman 3,506558 0,000728
craftsmen 2,525729 0,000524
created 0,116534 0,000024
creature 0,174353 0,000036
creditor 1,714798 0,000356
creep 0,820981 0,000170
creeping 0,634878 0,000132
crimson 0,941609 0,000196
crooked 0,755023 0,000157
crop 1,139434 0,000237
crouch 1,660731 0,000345
crown 0,314711 0,000065
cruel 0,261365 0,000054
cruelty 0,478036 0,000099
cruse 3,218876 0,000668
crushed 0,544727 0,000113
crying 1,560648 0,000324
cubit 2,525729 0,000524
cubits 2,207275 0,000458
cucumbers 2,302585 0,000478
cud 2,120264 0,000440
cumbrance 3,218876 0,000668
cunning 0,462035 0,000096
cup 0,385662 0,000080
cupbearer 3,218876 0,000668
cupbearers 3,218876 0,000668
cups 0,820981 0,000170
curious 0,261365 0,000054
current 0,127833 0,000027
curse 0,510826 0,000106
cursed 0,510826 0,000106
curses 0,867501 0,000180
cursing 1,203973 0,000250
curtain 0,616186 0,000128
curtains 0,579818 0,000120
cush 3,506558 0,000728
custody 1,560648 0,000324
custom 0,210721 0,000044
customs 0,713350 0,000148
cut 0,040822 0,000008
cutting 0,415515 0,000086
cuttings 2,659260 0,000552
cymbals 2,120264 0,000440
cyrus 1,832581 0,000381
dagger 1,203973 0,000250
dagon 2,813411 0,000584
daily 0,248461 0,000052
dainties 1,832581 0,000381
dale 1,832581 0,000381
dam 1,272966 0,000264
damage 0,261365 0,000054
damascus 2,525729 0,000524
damsel 1,427116 0,000296
damsels 2,207275 0,000458
dan 1,897120 0,000394
dance 0,356675 0,000074
danced 0,653926 0,000136
dances 1,139434 0,000237
dancing 0,371064 0,000077
daniel 1,427116 0,000296
darius 2,302585 0,000478
dark 0,051293 0,000011
darkened 0,755023 0,000157
darkish 2,995732 0,000622
darkness 0,186330 0,000039
darts 1,386294 0,000288
dash 0,673345 0,000140
dashed 0,616186 0,000128
daubed 1,771957 0,000368
daughter 0,261365 0,000054
daughters 0,510826 0,000106
david 0,597837 0,000124
dawning 1,469676 0,000305
day 0,000000 0,000000
days 0,020203 0,000004
dead 0,072571 0,000015
deadly 0,478036 0,000099
deaf 0,634878 0,000132
deal 0,105361 0,000022
dealings 1,237874 0,000257
deals 1,272966 0,000264
dealt 0,597837 0,000124
dearth 1,966113 0,000408
death 0,020203 0,000004
deborah 3,506558 0,000728
debt 0,693147 0,000144
decay 0,634878 0,000132
decayed 1,203973 0,000250
deceitfully 2,813411 0,000584
deceive 0,527633 0,000110
deceived 0,430783 0,000089
deceiver 2,120264 0,000440
decided 0,186330 0,000039
declare 0,342490 0,000071
declared 0,210721 0,000044
decline 0,673345 0,000140
declined 0,776529 0,000161
decreased 2,040221 0,000424
decree 1,108663 0,000230
dedan 3,506558 0,000728
dedicate 1,897120 0,000394
dedicated 1,108663 0,000230
dedicating 2,659260 0,000552
dedication 1,832581 0,000381
deed 0,478036 0,000099
deeds 0,527633 0,000110
deep 0,051293 0,000011
deeper 0,328504 0,000068
deeps 2,407946 0,000500
deer 0,867501 0,000180
defeat 0,916291 0,000190
defence 0,597837 0,000124
defend 0,400478 0,000083
defended 0,653926 0,000136
deferred 1,386294 0,000288
defied 1,469676 0,000305
defile 1,609438 0,000334
defiled 1,469676 0,000305
defraud 2,302585 0,000478
defrauded 2,120264 0,000440
defy 1,139434 0,000237
degree 0,198451 0,000041
degrees 0,446287 0,000093
delay 0,287682 0,000060
delayed 0,616186 0,000128
delicate 0,301105 0,000063
delicately 1,171183 0,000243
delicateness 3,506558 0,000728
delight 0,162519 0,000034
delighted 0,287682 0,000060
delights 0,820981 0,000170
delilah 2,995732 0,000622
deliver 0,494296 0,000103
deliverance 0,941609 0,000196
delivered 0,342490 0,000071
deliverer 1,966113 0,000408
demanded 0,400478 0,000083
denied 0,287682 0,000060
denounce 1,609438 0,000334
dens 1,514128 0,000314
deny 0,301105 0,000063
depart 0,400478 0,000083
departed 0,356675 0,000074
departing 1,108663 0,000230
deprived 0,579818 0,000120
depths 0,446287 0,000093
deputed 2,525729 0,000524
deputy 1,347074 0,000280
descend 0,478036 0,000099
descended 0,400478 0,000083
descending 0,579818 0,000120
description 0,274437 0,000057
descry 1,966113 0,000408
desert 0,430783 0,000089
deserve 0,430783 0,000089
deserving 0,891598 0,000185
desire 0,072571 0,000015
desired 0,150823 0,000031
desolate 0,820981 0,000170
desolation 0,941609 0,000196
desolations 3,218876 0,000668
despair 0,198451 0,000041
despise 0,693147 0,000144
despised 0,562119 0,000117
destitute 0,916291 0,000190
destroy 0,127833 0,000027
destroyed 0,274437 0,000057
destroyer 1,714798 0,000356
destroying 0,776529 0,000161
destruction 0,342490 0,000071
detain 0,820981 0,000170
detained 0,867501 0,000180
determine 0,210721 0,000044
determined 0,174353 0,000036
detest 1,347074 0,000280
deuteronomy 2,995732 0,000622
device 0,755023 0,000157
devils 0,820981 0,000170
devise 1,427116 0,000296
devised 1,171183 0,000243
devote 0,755023 0,000157
devoted 0,301105 0,000063
devour 0,994252 0,000206
devoured 0,891598 0,000185
devouring 1,078810 0,000224
dew 0,867501 0,000180
dial 2,040221 0,000424
diamond 0,941609 0,000196
didst 1,660731 0,000345
die 0,105361 0,000022
died 0,061875 0,000013
difference 0,198451 0,000041
dig 0,776529 0,000161
digged 2,813411 0,000584
dignity 0,314711 0,000065
diligent 1,469676 0,000305
diligently 1,203973 0,000250
dim 0,415515 0,000086
diminish 0,994252 0,000206
diminished 0,776529 0,000161
dinah 3,218876 0,000668
dine 0,673345 0,000140
dip 1,139434 0,000237
dipped 1,203973 0,000250
direct 0,083382 0,000017
direction 0,083382 0,000017
dirt 0,544727 0,000113
disallow 3,218876 0,000668
disallowed 2,995732 0,000622
discern 0,820981 0,000170
discerned 1,272966 0,000264
discharged 0,820981 0,000170
discomfited 1,966113 0,000408
discomfiture 1,660731 0,000345
discontented 1,078810 0,000224
discourage 1,427116 0,000296
discouraged 1,108663 0,000230
discover 0,083382 0,000017
discovered 0,051293 0,000011
discreet 0,843970 0,000175
disdained 1,660731 0,000345
disease 0,371064 0,000077
diseased 1,237874 0,000257
diseases 0,916291 0,000190
disguise 0,562119 0,000117
disguised 0,867501 0,000180
dish 0,755023 0,000157
dishes 0,755023 0,000157
dishonour 1,660731 0,000345
disinherit 2,659260 0,000552
dismayed 1,272966 0,000264
dismissed 0,597837 0,000124
disobedient 1,966113 0,000408
disobeyed 2,207275 0,000458
disperse 1,660731 0,000345
dispersed 0,867501 0,000180
displease 1,309333 0,000272
displeased 1,108663 0,000230
displeasure 0,941609 0,000196
dispossess 2,120264 0,000440
dispossessed 2,525729 0,000524
disquieted 2,040221 0,000424
dissembled 2,302585 0,000478
distant 0,162519 0,000034
distil 2,995732 0,000622
distinctly 0,478036 0,000099
distress 0,274437 0,000057
distressed 0,673345 0,000140
distribute 0,400478 0,000083
distributed 0,248461 0,000052
ditches 1,609438 0,000334
divers 1,203973 0,000250
diverse 1,514128 0,000314
divide 0,616186 0,000128
divided 0,210721 0,000044
dividing 0,673345 0,000140
divination 2,040221 0,000424
divine 0,430783 0,000089
diviners 2,659260 0,000552
division 0,653926 0,000136
divisions 1,237874 0,000257
divorced 1,832581 0,000381
divorcement 3,506558 0,000728
doctrine 0,733969 0,000152
dodo 2,813411 0,000584
doeg 3,506558 0,000728
doer 1,897120 0,000394
doers 2,525729 0,000524
doest 2,659260 0,000552
doeth 2,525729 0,000524
dog 0,261365 0,000054
dogs 0,342490 0,000071
doings 0,967584 0,000201
dominion 0,994252 0,000206
door 0,040822 0,000008
doors 0,105361 0,000022
dor 3,506558 0,000728
dost 1,237874 0,000257
doth 1,049822 0,000218
double 0,186330 0,000039
doubled 0,653926 0,000136
doubt 0,040822 0,000008
doubtless 0,430783 0,000089
dough 1,897120 0,000394
dove 1,078810 0,000224
downward 0,798508 0,000166
dowry 1,714798 0,000356
dragon 1,108663 0,000230
dragons 1,966113 0,000408
drams 3,218876 0,000668
drank 0,371064 0,000077
draught 0,579818 0,000120
drave 2,659260 0,000552
draw 0,105361 0,000022
drawer 1,078810 0,000224
drawers 1,049822 0,000218
drawing 0,139262 0,000029
drawn 0,094311 0,000020
dread 0,371064 0,000077
dreadful 0,342490 0,000071
dream 0,198451 0,000041
dreamed 0,562119 0,000117
dreamer 1,897120 0,000394
dreams 0,274437 0,000057
dress 0,186330 0,000039
dressed 0,261365 0,000054
dressers 2,813411 0,000584
drew 0,162519 0,000034
dried 0,462035 0,000096
drink 0,150823 0,000031
drinking 0,371064 0,000077
drive 0,186330 0,000039
driven 0,127833 0,000027
driver 0,867501 0,000180
driving 0,371064 0,000077
dromedaries 2,995732 0,000622
drop 0,150823 0,000031
dropped 0,274437 0,000057
drought 2,120264 0,000440
drove 0,248461 0,000052
droves 2,120264 0,000440
drowned 0,616186 0,000128
drunk 0,415515 0,000086
drunkard 1,237874 0,000257
drunken 0,820981 0,000170
drunkenness 1,237874 0,000257
dry 0,127833 0,000027
duke 0,994252 0,000206
dukes 2,120264 0,000440
dumb 0,562119 0,000117
dung 1,469676 0,000305
dungeon 1,427116 0,000296
dunghill 2,407946 0,000500
dust 0,174353 0,000036
duty 0,083382 0,000017
dwarf 1,469676 0,000305
dwell 0,478036 0,000099
dwelled 3,506558 0,000728
dwelling 0,494296 0,000103
dwellings 1,514128 0,000314
dwelt 0,713350 0,000148
dyed 1,272966 0,000264
dying 0,261365 0,000054
eagle 0,891598 0,000185
eagles 1,469676 0,000305
ear 0,139262 0,000029
eared 2,120264 0,000440
earing 3,506558 0,000728
earnestly 0,415515 0,000086
earring 3,218876 0,000668
earrings 1,714798 0,000356
ears 0,105361 0,000022
earth 0,051293 0,000011
earthen 1,897120 0,000394
earthquake 1,139434 0,000237
ease 0,162519 0,000034
easier 0,385662 0,000080
east 0,235722 0,000049
eastward 1,203973 0,000250
eat 0,083382 0,000017
eaten 0,446287 0,000093
eater 1,897120 0,000394
eating 0,235722 0,000049
ebenezer 2,813411 0,000584
ecclesiastes 2,525729 0,000524
eden 1,771957 0,000368
edge 0,210721 0,000044
edges 0,867501 0,000180
edomite 3,218876 0,000668
eggs 0,776529 0,000161
egypt 0,891598 0,000185
egyptian 1,203973 0,000250
egyptians 1,560648 0,000324
eighteen 0,462035 0,000096
eighteenth 1,203973 0,000250
eighth 0,798508 0,000166
eightieth 2,407946 0,000500
eker 3,506558 0,000728
ekron 3,506558 0,000728
elder 0,478036 0,000099
elders 1,139434 0,000237
eldest 0,867501 0,000180
eleazar 3,218876 0,000668
eleventh 1,347074 0,000280
eli 2,995732 0,000622
elihu 3,506558 0,000728
elijah 2,120264 0,000440
eliphalet 3,506558 0,000728
elisha 2,659260 0,000552
elishah 3,506558 0,000728
elkanah 3,506558 0,000728
ellasar 3,506558 0,000728
elon 3,506558 0,000728
eloquent 0,820981 0,000170
elul 3,912023 0,000812
embalm 2,659260 0,000552
embalmed 1,966113 0,000408
embrace 0,462035 0,000096
embraced 0,562119 0,000117
embroider 2,525729 0,000524
embroiderer 3,218876 0,000668
emerald 1,386294 0,000288
emerods 3,506558 0,000728
employ 0,510826 0,000106
employed 0,415515 0,000086
enam 3,506558 0,000728
encamp 2,207275 0,000458
encamped 1,714798 0,000356
encamping 2,995732 0,000622
enchanter 2,120264 0,000440
enchantment 1,272966 0,000264
enchantments 2,407946 0,000500
encourage 0,544727 0,000113
encouraged 0,527633 0,000110
endamage 3,912023 0,000812
endow 1,966113 0,000408
endued 1,966113 0,000408
endure 0,342490 0,000071
enemies 0,314711 0,000065
enemy 0,174353 0,000036
engines 1,078810 0,000224
engrave 2,813411 0,000584
engraver 2,813411 0,000584
engravings 1,897120 0,000394
enjoy 0,150823 0,000031
enjoyed 0,415515 0,000086
enlarge 1,272966 0,000264
enlarged 1,049822 0,000218
enlightened 0,820981 0,000170
enmity 1,237874 0,000257
enoch 2,813411 0,000584
enos 3,218876 0,000668
enquire 2,040221 0,000424
enquired 2,207275 0,000458
enrich 1,609438 0,000334
ensign 1,714798 0,000356
entangled 1,237874 0,000257
enter 0,094311 0,000020
entered 0,051293 0,000011
entering 0,356675 0,000074
entice 2,120264 0,000440
entrance 0,210721 0,000044
entreated 1,049822 0,000218
entry 0,820981 0,000170
envied 1,021651 0,000212
environ 2,302585 0,000478
ephah 3,506558 0,000728
ephesians 2,302585 0,000478
ephod 2,995732 0,000622
ephraim 2,813411 0,000584
ephraimite 3,506558 0,000728
ephrathite 3,506558 0,000728
epistle 1,832581 0,000381
equally 0,223144 0,000046
ere 0,634878 0,000132
erected 0,843970 0,000175
err 1,108663 0,000230
errand 0,820981 0,000170
erred 1,560648 0,000324
error 0,371064 0,000077
esau 2,207275 0,000458
escape 0,094311 0,000020
escaped 0,235722 0,000049
escaping 0,776529 0,000161
espied 1,966113 0,000408
espoused 1,897120 0,000394
espy 2,813411 0,000584
establish 0,713350 0,000148
established 0,301105 0,000063
establishment 0,713350 0,000148
estate 0,510826 0,000106
esteemed 0,916291 0,000190
esther 2,407946 0,000500
estimate 0,867501 0,000180
estimation 1,171183 0,000243
estimations 2,995732 0,000622
eternal 0,415515 0,000086
ethan 3,506558 0,000728
ethanim 3,506558 0,000728
ether 1,832581 0,000381
ethiopia 2,302585 0,000478
ethiopian 2,659260 0,000552
ethiopians 2,659260 0,000552
eunuchs 2,302585 0,000478
euphrates 2,207275 0,000458
eve 0,673345 0,000140
evening 0,083382 0,000017
eventide 2,120264 0,000440
everlasting 0,891598 0,000185
evil 0,162519 0,000034
evils 0,798508 0,000166
ewe 2,525729 0,000524
ewes 2,659260 0,000552
exact 0,287682 0,000060
exacted 1,514128 0,000314
exaction 2,813411 0,000584
exalt 1,714798 0,000356
exalted 0,673345 0,000140
examine 0,400478 0,000083
exceed 0,967584 0,000201
exceeded 1,021651 0,000212
exceeding 0,916291 0,000190
exceedingly 0,462035 0,000096
excel 1,309333 0,000272
excelled 1,347074 0,000280
excellency 1,560648 0,000324
exchange 0,342490 0,000071
execute 0,941609 0,000196
executed 0,733969 0,000152
executing 1,386294 0,000288
exempted 1,771957 0,000368
exile 0,891598 0,000185
exodus 2,040221 0,000424
expel 1,832581 0,000381
expelled 1,347074 0,000280
expenses 0,210721 0,000044
experience 0,083382 0,000017
expert 1,078810 0,000224
expired 1,347074 0,000280
expound 1,832581 0,000381
expounded 2,040221 0,000424
expressed 0,274437 0,000057
expressly 0,820981 0,000170
extended 0,446287 0,000093
extreme 0,235722 0,000049
eye 0,030459 0,000006
eyebrows 0,798508 0,000166
eyed 0,597837 0,000124
eyes 0,010050 0,000002
ezekiel 2,207275 0,000458
ezra 2,813411 0,000584
fade 1,237874 0,000257
fail 0,235722 0,000049
failed 0,198451 0,000041
failing 0,562119 0,000117
faint 0,261365 0,000054
fainted 1,078810 0,000224
fainthearted 3,218876 0,000668
faintness 1,714798 0,000356
fair 0,051293 0,000011
fairer 1,272966 0,000264
faith 0,210721 0,000044
faithful 0,261365 0,000054
faithfully 0,755023 0,000157
faithfulness 2,040221 0,000424
fall 0,020203 0,000004
fallen 0,083382 0,000017
falling 0,083382 0,000017
fallow 1,897120 0,000394
false 0,210721 0,000044
falsehood 0,733969 0,000152
falsely 1,171183 0,000243
fame 0,478036 0,000099
familiar 0,150823 0,000031
families 0,430783 0,000089
family 0,072571 0,000015
famine 1,078810 0,000224
famished 1,272966 0,000264
famous 0,261365 0,000054
fare 0,733969 0,000152
fashion 0,174353 0,000036
fashioned 0,446287 0,000093
fast 0,061875 0,000013
fasted 2,040221 0,000424
fasten 0,994252 0,000206
fastened 0,616186 0,000128
fasting 1,078810 0,000224
fat 0,314711 0,000065
father 0,072571 0,000015
fatherless 1,966113 0,000408
fathers 0,478036 0,000099
fatlings 3,218876 0,000668
fatness 2,207275 0,000458
fatted 2,525729 0,000524
fault 0,162519 0,000034
faults 0,693147 0,000144
faulty 1,427116 0,000296
favour 0,579818 0,000120
favourable 0,776529 0,000161
favoured 1,021651 0,000212
fear 0,020203 0,000004
feared 0,235722 0,000049
fearful 0,400478 0,000083
fearing 0,673345 0,000140
feast 0,544727 0,000113
feasts 1,469676 0,000305
feathers 0,673345 0,000140
fed 0,371064 0,000077
feeble 0,371064 0,000077
feebler 2,040221 0,000424
feed 0,462035 0,000096
feeding 0,616186 0,000128
feel 0,020203 0,000004
feet 0,061875 0,000013
feign 1,714798 0,000356
feigned 1,139434 0,000237
fell 0,051293 0,000011
felled 1,309333 0,000272
fellest 3,506558 0,000728
felling 2,302585 0,000478
felloes 3,506558 0,000728
fellow 0,051293 0,000011
fellows 0,287682 0,000060
fellowship 1,237874 0,000257
female 0,385662 0,000080
fenced 1,609438 0,000334
ferret 2,120264 0,000440
ferry 1,514128 0,000314
fetch 0,616186 0,000128
fetched 0,941609 0,000196
fetters 1,309333 0,000272
fever 0,371064 0,000077
fewness 3,218876 0,000668
field 0,150823 0,000031
fields 0,287682 0,000060
fierce 0,478036 0,000099
fierceness 1,897120 0,000394
fiercer 1,469676 0,000305
fiery 0,713350 0,000148
fifteenth 1,237874 0,000257
fiftieth 1,832581 0,000381
fig 1,347074 0,000280
fight 0,162519 0,000034
fighting 0,342490 0,000071
figs 1,832581 0,000381
figure 0,072571 0,000015
figures 0,248461 0,000052
file 0,235722 0,000049
filleted 3,506558 0,000728
fillets 2,407946 0,000500
filthiness 2,995732 0,000622
fine 0,072571 0,000015
finger 0,261365 0,000054
fingers 0,235722 0,000049
finish 0,314711 0,000065
finished 0,162519 0,000034
fins 2,525729 0,000524
fir 1,514128 0,000314
firebrand 2,407946 0,000500
firebrands 2,659260 0,000552
firepans 3,506558 0,000728
firm 0,274437 0,000057
firmament 1,660731 0,000345
firstborn 3,218876 0,000668
firstling 2,813411 0,000584
firstlings 2,659260 0,000552
fish 0,314711 0,000065
fishes 0,967584 0,000201
fist 0,713350 0,000148
fit 0,061875 0,000013
fitted 0,261365 0,000054
flagon 2,525729 0,000524
flags 1,203973 0,000250
flame 0,400478 0,000083
flaming 0,820981 0,000170
flanks 1,347074 0,000280
flat 0,248461 0,000052
flax 2,120264 0,000440
flay 1,966113 0,000408
flayed 2,407946 0,000500
flea 2,302585 0,000478
fled 0,371064 0,000077
flee 1,171183 0,000243
fleece 1,966113 0,000408
fleeing 1,660731 0,000345
flesh 0,210721 0,000044
fleshhook 3,506558 0,000728
flew 0,314711 0,000065
flies 0,579818 0,000120
flight 0,314711 0,000065
flint 1,237874 0,000257
flinty 2,207275 0,000458
floats 1,560648 0,000324
flock 0,653926 0,000136
flocks 1,108663 0,000230
flood 0,544727 0,000113
floods 1,386294 0,000288
floor 0,186330 0,000039
floors 1,309333 0,000272
flour 1,078810 0,000224
flowed 0,776529 0,000161
flower 0,342490 0,000071
flowers 0,274437 0,000057
flowing 0,527633 0,000110
fly 0,210721 0,000044
flying 0,235722 0,000049
foal 2,407946 0,000500
foals 2,659260 0,000552
foes 1,139434 0,000237
folding 1,049822 0,000218
folds 0,755023 0,000157
folk 0,994252 0,000206
follow 0,020203 0,000004
followeth 2,525729 0,000524
folly 0,301105 0,000063
food 0,127833 0,000027
fool 0,314711 0,000065
foolish 0,235722 0,000049
foolishly 1,139434 0,000237
foolishness 1,514128 0,000314
fools 0,616186 0,000128
foot 0,083382 0,000017
footmen 1,660731 0,000345
footstool 1,714798 0,000356
forasmuch 2,302585 0,000478
forbad 2,995732 0,000622
forbare 3,218876 0,000668
forbear 1,469676 0,000305
forbid 0,579818 0,000120
forbidden 0,544727 0,000113
force 0,061875 0,000013
forced 0,139262 0,000029
forces 0,462035 0,000096
forcing 0,693147 0,000144
ford 1,771957 0,000368
fords 2,659260 0,000552
forefront 2,995732 0,000622
forehead 0,430783 0,000089
foreigner 1,272966 0,000264
foremost 0,673345 0,000140
forepart 2,813411 0,000584
foreskin 3,218876 0,000668
foreskins 3,506558 0,000728
forest 0,430783 0,000089
forests 0,891598 0,000185
forfeited 1,660731 0,000345
forgat 3,506558 0,000728
forget 0,072571 0,000015
forgive 0,356675 0,000074
forgiven 0,941609 0,000196
forgiving 1,386294 0,000288
forgot 0,261365 0,000054
forgotten 0,162519 0,000034
forks 1,309333 0,000272
form 0,040822 0,000008
formed 0,210721 0,000044
fornication 2,659260 0,000552
forsake 1,427116 0,000296
forsaken 1,171183 0,000243
forsook 1,560648 0,000324
fort 1,171183 0,000243
forthwith 1,108663 0,000230
fortieth 2,302585 0,000478
fortified 1,272966 0,000264
fortify 1,771957 0,000368
fortress 1,049822 0,000218
forts 1,660731 0,000345
fought 0,371064 0,000077
foundation 0,174353 0,000036
foundations 0,843970 0,000175
founder 1,108663 0,000230
fountain 0,713350 0,000148
fountains 1,427116 0,000296
fourfold 2,659260 0,000552
fourscore 2,407946 0,000500
foursquare 3,506558 0,000728
fourteen 0,616186 0,000128
fourteenth 1,347074 0,000280
fourth 0,186330 0,000039
fowl 1,108663 0,000230
fowls 1,272966 0,000264
fox 0,941609 0,000196
foxes 1,832581 0,000381
frame 0,235722 0,000049
frankincense 2,207275 0,000458
fray 1,427116 0,000296
freckled 1,714798 0,000356
freedom 0,223144 0,000046
freely 0,105361 0,000022
freewill 2,995732 0,000622
fresh 0,105361 0,000022
fret 1,272966 0,000264
fretting 1,427116 0,000296
fried 1,714798 0,000356
friend 0,040822 0,000008
friendly 0,261365 0,000054
friends 0,020203 0,000004
fringe 1,469676 0,000305
fringes 2,302585 0,000478
fro 0,494296 0,000103
frogs 1,514128 0,000314
frontlets 3,506558 0,000728
frost 0,755023 0,000157
froward 2,813411 0,000584
fruit 0,274437 0,000057
fruitful 1,171183 0,000243
fruits 0,446287 0,000093
frustrate 1,897120 0,000394
fugitive 1,347074 0,000280
fugitives 1,386294 0,000288
fulfil 1,049822 0,000218
fulfilled 0,673345 0,000140
fulness 1,386294 0,000288
furiously 0,755023 0,000157
furnace 1,021651 0,000212
furnaces 2,120264 0,000440
furnish 0,579818 0,000120
furnished 0,328504 0,000068
furniture 0,415515 0,000086
fury 0,328504 0,000068
gabbai 3,912023 0,000812
gad 2,302585 0,000478
gaddi 3,506558 0,000728
gadi 3,506558 0,000728
gadite 3,506558 0,000728
gain 0,174353 0,000036
galatians 2,813411 0,000584
galbanum 3,506558 0,000728
galilee 2,813411 0,000584
gall 1,469676 0,000305
gamaliel 3,218876 0,000668
garden 0,198451 0,000041
gardens 0,510826 0,000106
garment 0,755023 0,000157
garments 0,597837 0,000124
garnished 1,966113 0,000408
garrison 1,347074 0,000280
garrisons 2,302585 0,000478
gat 3,218876 0,000668
gate 0,287682 0,000060
gates 0,446287 0,000093
gather 0,328504 0,000068
gathered 0,150823 0,000031
gathering 0,430783 0,000089
gaze 0,544727 0,000113
gazer 2,659260 0,000552
gederathite 3,506558 0,000728
gederite 3,506558 0,000728
gender 2,525729 0,000524
genealogies 2,525729 0,000524
genealogy 1,897120 0,000394
generation 0,510826 0,000106
generations 0,198451 0,000041
genesis 1,427116 0,000296
gentiles 2,040221 0,000424
gentleness 0,916291 0,000190
gently 0,235722 0,000049
gerahs 3,506558 0,000728
gershom 3,218876 0,000668
gershon 3,506558 0,000728
gershonite 3,506558 0,000728
geshurites 3,506558 0,000728
gether 3,506558 0,000728
ghost 0,544727 0,000113
giant 0,634878 0,000132
giants 1,049822 0,000218
gibbar 3,506558 0,000728
gibeonite 3,506558 0,000728
gideon 2,302585 0,000478
gift 0,261365 0,000054
gifts 0,527633 0,000110
gileadite 3,506558 0,000728
gird 1,966113 0,000408
girded 1,897120 0,000394
girdle 1,272966 0,000264
girdles 2,120264 0,000440
girgashite 3,506558 0,000728
girgasite 3,506558 0,000728
girt 1,469676 0,000305
gittite 3,506558 0,000728
giveth 2,302585 0,000478
glad 0,072571 0,000015
gladness 1,049822 0,000218
glean 2,120264 0,000440
gleaned 2,120264 0,000440
gleaning 2,813411 0,000584
gleanings 3,218876 0,000668
glede 3,506558 0,000728
glistering 3,218876 0,000668
glittering 0,798508 0,000166
glorified 1,609438 0,000334
glorious 0,462035 0,000096
gloriously 1,427116 0,000296
glory 0,342490 0,000071
glutton 2,040221 0,000424
goad 2,207275 0,000458
goads 2,407946 0,000500
goat 1,021651 0,000212
goats 1,347074 0,000280
gob 3,218876 0,000668
god 0,094311 0,000020
goddess 1,171183 0,000243
gods 0,653926 0,000136
gog 2,995732 0,000622
gold 0,083382 0,000017
golden 0,342490 0,000071
goldsmith 1,966113 0,000408
goldsmiths 3,218876 0,000668
goliath 2,659260 0,000552
gomer 3,506558 0,000728
gomorrah 2,659260 0,000552
goodlier 3,506558 0,000728
goodliest 2,407946 0,000500
goodly 1,272966 0,000264
goodness 0,328504 0,000068
gopher 3,218876 0,000668
gore 1,560648 0,000324
gored 2,813411 0,000584
goshen 2,995732 0,000622
gospel 1,021651 0,000212
gourds 2,813411 0,000584
govern 0,342490 0,000071
governor 0,820981 0,000170
governors 1,514128 0,000314
grace 0,235722 0,000049
gracious 0,544727 0,000113
graciously 1,203973 0,000250
grant 0,371064 0,000077
granted 0,150823 0,000031
grape 1,272966 0,000264
grapes 1,237874 0,000257
grass 0,314711 0,000065
grasshopper 2,525729 0,000524
grasshoppers 2,302585 0,000478
grate 1,171183 0,000243
grave 0,127833 0,000027
graved 2,813411 0,000584
graven 1,771957 0,000368
graves 0,994252 0,000206
graving 3,218876 0,000668
gray 0,733969 0,000152
greatly 0,210721 0,000044
greatness 0,693147 0,000144
greaves 2,407946 0,000500
green 0,105361 0,000022
greenish 1,832581 0,000381
greet 0,994252 0,000206
grew 0,139262 0,000029
grief 0,356675 0,000074
grieve 0,916291 0,000190
grieved 0,916291 0,000190
grievous 0,967584 0,000201
grind 1,272966 0,000264
groaning 0,916291 0,000190
grope 1,832581 0,000381
ground 0,030459 0,000006
grove 0,994252 0,000206
groves 1,272966 0,000264
grow 0,139262 0,000029
grown 0,116534 0,000024
grudge 1,171183 0,000243
guard 0,174353 0,000036
guests 0,446287 0,000093
guided 0,462035 0,000096
guiding 0,867501 0,000180
guile 1,514128 0,000314
guilt 0,544727 0,000113
guiltiness 3,218876 0,000668
guiltless 1,832581 0,000381
guilty 0,356675 0,000074
gur 3,506558 0,000728
gushed 1,714798 0,000356
gutter 1,560648 0,000324
gutters 2,040221 0,000424
habakkuk 3,218876 0,000668
habergeon 2,813411 0,000584
habitation 1,139434 0,000237
habitations 1,660731 0,000345
hadst 1,714798 0,000356
haft 2,813411 0,000584
hagar 3,218876 0,000668
haggai 3,506558 0,000728
hail 0,634878 0,000132
hailstones 2,525729 0,000524
hair 0,094311 0,000020
hairs 0,916291 0,000190
hairy 1,078810 0,000224
hallow 2,407946 0,000500
hallowed 1,897120 0,000394
halt 0,755023 0,000157
halted 0,843970 0,000175
ham 1,237874 0,000257
hamathite 3,506558 0,000728
hammer 0,776529 0,000161
hamulites 3,506558 0,000728
hand 0,010050 0,000002
handbreadth 2,813411 0,000584
handed 0,274437 0,000057
handful 0,867501 0,000180
handfuls 1,609438 0,000334
handle 0,415515 0,000086
handmaid 1,832581 0,000381
handmaidens 3,218876 0,000668
handmaids 2,207275 0,000458
hands 0,020203 0,000004
hang 0,400478 0,000083
hanged 1,049822 0,000218
hanging 0,261365 0,000054
hangings 1,714798 0,000356
hap 2,040221 0,000424
haply 2,207275 0,000458
happen 0,150823 0,000031
happened 0,094311 0,000020
happy 0,072571 0,000015
hard 0,040822 0,000008
harden 1,427116 0,000296
hardened 0,820981 0,000170
hare 1,203973 0,000250
harim 3,506558 0,000728
harlot 1,660731 0,000345
harlots 2,407946 0,000500
harm 0,210721 0,000044
harness 1,108663 0,000230
harnessed 1,309333 0,000272
harp 0,941609 0,000196
harps 2,525729 0,000524
harrows 2,995732 0,000622
hart 0,462035 0,000096
harts 2,813411 0,000584
harvest 0,755023 0,000157
hast 0,891598 0,000185
haste 0,371064 0,000077
hasted 2,525729 0,000524
hasten 1,021651 0,000212
hastened 0,616186 0,000128
hastily 0,462035 0,000096
hate 0,274437 0,000057
hated 0,356675 0,000074
hath 2,040221 0,000424
hating 1,469676 0,000305
hatred 0,494296 0,000103
haughty 0,867501 0,000180
haunt 1,049822 0,000218
hawk 1,427116 0,000296
hazel 1,897120 0,000394
head 0,000000 0,000000
heads 0,094311 0,000020
heal 1,309333 0,000272
healed 1,108663 0,000230
health 0,198451 0,000041
heap 0,494296 0,000103
heaps 0,733969 0,000152
hear 0,010050 0,000002
heard 0,020203 0,000004
hearing 0,139262 0,000029
hearken 1,897120 0,000394
hearkened 2,659260 0,000552
heart 0,010050 0,000002
hearted 0,415515 0,000086
hearth 0,867501 0,000180
hearts 0,261365 0,000054
heat 0,274437 0,000057
heathen 1,272966 0,000264
heave 1,427116 0,000296
heaved 1,021651 0,000212
heaven 0,198451 0,000041
heavens 0,430783 0,000089
heavily 0,400478 0,000083
heaviness 1,714798 0,000356
heavy 0,030459 0,000006
hebrew 1,203973 0,000250
hebrews 1,832581 0,000381
hedges 1,108663 0,000230
heed 0,693147 0,000144
heel 0,713350 0,000148
heels 0,446287 0,000093
heifer 2,120264 0,000440
height 0,261365 0,000054
heir 0,653926 0,000136
held 0,040822 0,000008
helmet 1,427116 0,000296
helmets 2,207275 0,000458
helper 1,832581 0,000381
helpers 2,207275 0,000458
helve 3,218876 0,000668
hem 1,469676 0,000305
heman 3,506558 0,000728
hems 2,813411 0,000584
henceforth 0,867501 0,000180
henceforward 1,660731 0,000345
herb 1,309333 0,000272
herbs 1,108663 0,000230
herd 0,713350 0,000148
herdmen 3,506558 0,000728
herds 1,237874 0,000257
heretofore 1,272966 0,000264
heritage 1,897120 0,000394
heron 2,040221 0,000424
heth 3,218876 0,000668
hew 2,207275 0,000458
hewed 2,207275 0,000458
hewer 3,506558 0,000728
hewers 2,995732 0,000622
hewn 1,832581 0,000381
hezekiah 2,995732 0,000622
hezron 3,506558 0,000728
hezronites 3,506558 0,000728
hidden 0,248461 0,000052
hide 0,287682 0,000060
highway 1,108663 0,000230
highways 1,660731 0,000345
hill 0,248461 0,000052
hillel 3,506558 0,000728
hills 0,356675 0,000074
hin 3,218876 0,000668
hind 1,171183 0,000243
hinder 0,820981 0,000170
hindered 1,347074 0,000280
hindermost 3,506558 0,000728
hindmost 2,120264 0,000440
hinds 2,407946 0,000500
hinges 0,994252 0,000206
hip 1,514128 0,000314
hiram 2,813411 0,000584
hire 1,203973 0,000250
hired 0,867501 0,000180
hiss 1,347074 0,000280
hissing 1,237874 0,000257
hit 0,356675 0,000074
hitherto 0,385662 0,000080
hittite 3,218876 0,000668
hivite 3,506558 0,000728
ho 1,203973 0,000250
hoar 1,609438 0,000334
hoary 1,771957 0,000368
hod 2,995732 0,000622
hold 0,020203 0,000004
holden 2,659260 0,000552
holds 0,342490 0,000071
hole 0,356675 0,000074
holes 0,562119 0,000117
holiness 1,347074 0,000280
hollow 0,446287 0,000093
holy 0,385662 0,000080
homam 3,506558 0,000728
homeborn 3,506558 0,000728
homer 1,203973 0,000250
homers 2,995732 0,000622
honey 0,755023 0,000157
honeycomb 2,995732 0,000622
honor 0,891598 0,000185
honour 0,510826 0,000106
honourable 0,941609 0,000196
honoured 0,916291 0,000190
hoof 1,560648 0,000324
hook 0,798508 0,000166
hooks 1,171183 0,000243
hope 0,010050 0,000002
hor 2,813411 0,000584
horn 0,776529 0,000161
hornet 2,525729 0,000524
hornets 2,995732 0,000622
horns 0,867501 0,000180
horonite 3,912023 0,000812
horror 0,248461 0,000052
horse 0,162519 0,000034
horseback 0,843970 0,000175
horseman 1,386294 0,000288
horsemen 1,171183 0,000243
horses 0,261365 0,000054
hosea 3,218876 0,000668
host 0,478036 0,000099
hostages 2,813411 0,000584
hosts 1,237874 0,000257
hot 0,116534 0,000024
hotly 1,347074 0,000280
hottest 2,302585 0,000478
hough 3,506558 0,000728
house 0,020203 0,000004
household 0,430783 0,000089
households 2,040221 0,000424
houses 0,139262 0,000029
howling 0,755023 0,000157
howsoever 2,120264 0,000440
huge 0,400478 0,000083
huldah 3,506558 0,000728
humble 0,301105 0,000063
humbled 1,171183 0,000243
humbly 0,867501 0,000180
hundredfold 2,659260 0,000552
hundredth 1,347074 0,000280
hunger 0,478036 0,000099
hungry 0,328504 0,000068
hunt 0,544727 0,000113
hunter 0,820981 0,000170
hunting 0,462035 0,000096
huppah 3,506558 0,000728
hurl 1,469676 0,000305
hurling 1,771957 0,000368
hurt 0,198451 0,000041
hurtful 1,714798 0,000356
hurting 1,309333 0,000272
husband 0,248461 0,000052
husbandman 2,120264 0,000440
husbandmen 2,120264 0,000440
husbandry 1,966113 0,000408
husbands 0,755023 0,000157
husk 2,525729 0,000524
hyssop 3,218876 0,000668
idle 0,274437 0,000057
idol 1,469676 0,000305
idolatrous 2,207275 0,000458
idolatry 1,966113 0,000408
idols 1,714798 0,000356
ignorance 0,287682 0,000060
ignorantly 2,302585 0,000478
image 0,371064 0,000077
images 0,867501 0,000180
imagination 0,223144 0,000046
imaginations 1,309333 0,000272
imagined 0,287682 0,000060
impose 0,941609 0,000196
impoverished 1,897120 0,000394
imprisonment 1,203973 0,000250
impute 1,897120 0,000394
imputed 1,609438 0,000334
incense 1,049822 0,000218
incline 1,049822 0,000218
inclined 0,186330 0,000039
inclosed 2,040221 0,000424
increase 0,287682 0,000060
increased 0,248461 0,000052
incurable 1,386294 0,000288
indignation 0,510826 0,000106
industrious 1,078810 0,000224
infant 0,673345 0,000140
infirmity 1,203973 0,000250
inflammation 2,207275 0,000458
inform 0,510826 0,000106
ingathering 3,506558 0,000728
inhabit 1,203973 0,000250
inhabitants 0,446287 0,000093
inhabited 0,713350 0,000148
inherit 1,203973 0,000250
inheritance 0,798508 0,000166
inheritances 2,659260 0,000552
inherited 0,867501 0,000180
iniquities 2,120264 0,000440
iniquity 1,609438 0,000334
inn 0,713350 0,000148
innocency 2,995732 0,000622
innocent 0,186330 0,000039
inquisition 1,514128 0,000314
instruct 1,078810 0,000224
instructed 0,713350 0,000148
instructer 3,506558 0,000728
instrument 0,356675 0,000074
instruments 0,527633 0,000110
insurrection 1,660731 0,000345
integrity 1,203973 0,000250
intend 0,494296 0,000103
intent 0,527633 0,000110
interpret 1,139434 0,000237
interpretation 1,078810 0,000224
interpretations 2,207275 0,000458
interpreted 0,274437 0,000057
interpreter 1,171183 0,000243
intreat 2,995732 0,000622
intreated 3,218876 0,000668
invade 1,347074 0,000280
invaded 1,237874 0,000257
invasion 1,469676 0,000305
invented 0,597837 0,000124
invited 0,415515 0,000086
inwards 1,966113 0,000408
ira 2,659260 0,000552
iron 0,198451 0,000041
isaac 1,609438 0,000334
isaiah 2,207275 0,000458
ishmael 2,813411 0,000584
ishmaelite 3,506558 0,000728
isles 1,560648 0,000324
israel 1,386294 0,000288
israelite 2,525729 0,000524
israelites 2,207275 0,000458
israelitish 3,218876 0,000668
issachar 3,218876 0,000668
issue 0,462035 0,000096
issued 0,579818 0,000120
itch 1,966113 0,000408
ithiel 3,912023 0,000812
ivory 0,843970 0,000175
jacob 1,427116 0,000296
james 0,673345 0,000140
japheth 3,506558 0,000728
jared 3,506558 0,000728
jasper 2,302585 0,000478
javan 2,995732 0,000622
javelin 2,120264 0,000440
jaw 0,820981 0,000170
jawbone 3,218876 0,000668
jealous 0,446287 0,000093
jealousies 1,966113 0,000408
jealousy 0,478036 0,000099
jebus 3,506558 0,000728
jebusi 3,506558 0,000728
jebusite 3,506558 0,000728
jehoshaphat 3,218876 0,000668
jehovah 2,659260 0,000552
jehu 2,995732 0,000622
jeoparded 3,506558 0,000728
jeopardy 2,207275 0,000458
jerahmeel 3,506558 0,000728
jerahmeelites 3,506558 0,000728
jeremiah 2,525729 0,000524
jericho 2,207275 0,000458
jeroboam 2,995732 0,000622
jerusalem 1,237874 0,000257
jesse 2,995732 0,000622
jethro 3,506558 0,000728
jewels 0,820981 0,000170
jews 1,078810 0,000224
jezebel 3,506558 0,000728
jeziah 3,912023 0,000812
jezreelite 3,506558 0,000728
job 0,673345 0,000140
joel 2,813411 0,000584
john 0,328504 0,000068
joined 2,995732 0,000622
joinings 2,995732 0,000622
joint 0,673345 0,000140
joints 1,108663 0,000230
jonah 2,525729 0,000524
jonathan 2,120264 0,000440
joram 3,506558 0,000728
jordan 1,966113 0,000408
joseph 0,994252 0,000206
joshua 2,040221 0,000424
josiah 2,525729 0,000524
journey 0,198451 0,000041
journeyed 2,207275 0,000458
journeying 2,207275 0,000458
journeyings 3,218876 0,000668
journeys 1,139434 0,000237
joy 0,139262 0,000029
joyful 0,798508 0,000166
joyfulness 2,995732 0,000622
jubile 3,506558 0,000728
judah 2,302585 0,000478
jude 3,218876 0,000668
judge 0,116534 0,000024
judged 0,430783 0,000089
judges 0,597837 0,000124
judging 0,713350 0,000148
judgment 0,198451 0,000041
judgments 1,237874 0,000257
judith 2,120264 0,000440
juniper 2,407946 0,000500
justice 0,162519 0,000034
justify 0,693147 0,000144
justifying 1,771957 0,000368
kedar 3,506558 0,000728
keeper 0,916291 0,000190
keepers 1,560648 0,000324
kernels 2,525729 0,000524
keros 3,218876 0,000668
kettle 1,272966 0,000264
key 0,356675 0,000074
kick 0,653926 0,000136
kicked 0,843970 0,000175
kid 1,469676 0,000305
kidneys 3,218876 0,000668
kids 1,832581 0,000381
kill 0,127833 0,000027
killed 0,223144 0,000046
killing 0,597837 0,000124
kiln 2,813411 0,000584
kin 1,139434 0,000237
kinah 3,506558 0,000728
kindle 1,272966 0,000264
kindled 0,867501 0,000180
kindly 0,223144 0,000046
kindness 0,287682 0,000060
kindred 0,994252 0,000206
kindreds 3,506558 0,000728
kine 2,207275 0,000458
king 0,223144 0,000046
kingdom 0,494296 0,000103
kingdoms 1,108663 0,000230
kings 0,527633 0,000110
kinsman 1,609438 0,000334
kinsmen 2,120264 0,000440
kinswoman 2,525729 0,000524
kinswomen 3,218876 0,000668
kish 3,506558 0,000728
kishon 3,218876 0,000668
kiss 0,562119 0,000117
kissed 0,462035 0,000096
kite 2,040221 0,000424
knead 2,813411 0,000584
kneaded 2,207275 0,000458
knee 0,462035 0,000096
kneel 1,203973 0,000250
kneeled 2,659260 0,000552
kneeling 0,798508 0,000166
knees 0,223144 0,000046
knife 0,356675 0,000074
knit 1,108663 0,000230
knives 0,916291 0,000190
knop 3,506558 0,000728
knops 3,218876 0,000668
knoweth 2,120264 0,000440
knowledge 0,061875 0,000013
korah 3,218876 0,000668
korahite 3,506558 0,000728
kore 3,506558 0,000728
laban 3,218876 0,000668
labour 0,634878 0,000132
laboured 1,427116 0,000296
labours 0,994252 0,000206
lace 0,916291 0,000190
lack 0,478036 0,000099
lacked 1,309333 0,000272
lacking 1,171183 0,000243
lad 0,713350 0,000148
ladder 0,693147 0,000144
lade 3,218876 0,000668
laded 3,506558 0,000728
laden 0,673345 0,000140
ladies 0,314711 0,000065
lading 2,525729 0,000524
lads 1,139434 0,000237
laid 0,072571 0,000015
lain 0,843970 0,000175
lamb 0,776529 0,000161
lambs 1,347074 0,000280
lame 0,820981 0,000170
lament 1,203973 0,000250
lamentation 1,560648 0,000324
lamentations 1,386294 0,000288
lamented 1,139434 0,000237
lamp 0,478036 0,000099
lamps 0,733969 0,000152
lancets 3,506558 0,000728
land 0,072571 0,000015
landmark 2,813411 0,000584
lands 0,544727 0,000113
language 0,072571 0,000015
lap 0,634878 0,000132
lapped 2,120264 0,000440
lapwing 3,218876 0,000668
largeness 1,897120 0,000394
lattice 1,609438 0,000334
laugh 0,127833 0,000027
laughed 0,248461 0,000052
laver 3,506558 0,000728
lavers 3,218876 0,000668
law 0,030459 0,000006
lawful 1,078810 0,000224
lawgiver 1,897120 0,000394
laws 0,083382 0,000017
lay 0,051293 0,000011
laying 0,274437 0,000057
lead 0,083382 0,000017
leader 0,462035 0,000096
leaders 0,820981 0,000170
leadeth 2,407946 0,000500
leaf 0,462035 0,000096
league 0,916291 0,000190
leah 2,813411 0,000584
lean 0,579818 0,000120
leaned 0,634878 0,000132
leap 0,562119 0,000117
leaped 0,713350 0,000148
leaping 0,713350 0,000148
learn 0,020203 0,000004
learned 0,105361 0,000022
leather 0,544727 0,000113
leave 0,000000 0,000000
leaven 2,040221 0,000424
leavened 2,813411 0,000584
leaves 0,094311 0,000020
lebanon 2,659260 0,000552
led 0,040822 0,000008
ledges 2,407946 0,000500
leeks 3,506558 0,000728
left 0,000000 0,000000
leftest 3,912023 0,000812
legs 0,274437 0,000057
lehi 3,506558 0,000728
lend 0,597837 0,000124
lengthen 1,771957 0,000368
lengthened 1,272966 0,000264
lent 0,798508 0,000166
leper 2,302585 0,000478
lepers 2,525729 0,000524
leprosy 2,302585 0,000478
leprous 2,407946 0,000500
letter 0,116534 0,000024
letters 0,198451 0,000041
levi 2,813411 0,000584
levite 3,218876 0,000668
leviticus 2,813411 0,000584
levy 2,120264 0,000440
lewdness 2,659260 0,000552
liars 1,771957 0,000368
liberally 1,347074 0,000280
liberty 0,223144 0,000046
lice 1,966113 0,000408
lick 1,203973 0,000250
licked 1,609438 0,000334
lid 0,820981 0,000170
lie 0,040822 0,000008
lied 1,171183 0,000243
lien 3,218876 0,000668
liers 3,506558 0,000728
lies 0,162519 0,000034
liest 2,995732 0,000622
lieutenants 1,966113 0,000408
life -0,009950 -0,000002
lifetime 0,867501 0,000180
lift 0,415515 0,000086
lifted 0,274437 0,000057
lifting 0,653926 0,000136
light 0,010050 0,000002
lighted 0,261365 0,000054
lighten 1,203973 0,000250
lighter 0,527633 0,000110
lightest 1,609438 0,000334
lightly 0,430783 0,000089
lightning 0,478036 0,000099
lightnings 1,832581 0,000381
lights 0,301105 0,000063
ligure 3,506558 0,000728
likeness 0,693147 0,000144
lilies 1,609438 0,000334
lily 1,560648 0,000324
linen 0,527633 0,000110
lingered 1,049822 0,000218
lintel 2,659260 0,000552
lion 0,713350 0,000148
lionlike 3,218876 0,000668
lions 1,021651 0,000212
lip 0,673345 0,000140
lips 0,127833 0,000027
liquor 0,820981 0,000170
liquors 2,120264 0,000440
live 0,010050 0,000002
lived 0,061875 0,000013
lively 0,400478 0,000083
liver 1,203973 0,000250
lives 0,072571 0,000015
livest 2,659260 0,000552
liveth 2,302585 0,000478
living 0,020203 0,000004
lizard 1,714798 0,000356
lo 0,916291 0,000190
loaf 1,171183 0,000243
loan 1,560648 0,000324
loathsome 1,078810 0,000224
loaves 1,469676 0,000305
locked 0,430783 0,000089
locks 0,733969 0,000152
locust 2,302585 0,000478
locusts 1,714798 0,000356
lod 3,506558 0,000728
lodge 0,693147 0,000144
lodged 0,776529 0,000161
lodging 0,776529 0,000161
lodgings 1,078810 0,000224
loft 1,897120 0,000394
log 0,941609 0,000196
loins 1,660731 0,000345
longing 0,653926 0,000136
longsuffering 3,218876 0,000668
loops 2,302585 0,000478
loose 0,105361 0,000022
loosed 1,203973 0,000250
lord 0,223144 0,000046
lordly 1,832581 0,000381
lords 0,843970 0,000175
lose 0,094311 0,000020
loss 0,094311 0,000020
lost 0,020203 0,000004
lot 0,061875 0,000013
lotan 3,506558 0,000728
lots 0,733969 0,000152
loud 0,174353 0,000036
louder 0,527633 0,000110
love 0,051293 0,000011
loved 0,198451 0,000041
lovely 0,494296 0,000103
lover 0,385662 0,000080
lowing 2,525729 0,000524
lucre 1,966113 0,000408
lud 3,218876 0,000668
luke 1,897120 0,000394
lump 1,203973 0,000250
lurking 1,049822 0,000218
lust 0,891598 0,000185
lusted 2,995732 0,000622
lusting 2,659260 0,000552
lusty 1,832581 0,000381
lying 0,061875 0,000013
machi 3,506558 0,000728
mad 0,261365 0,000054
madness 0,597837 0,000124
magicians 1,897120 0,000394
magistrate 0,994252 0,000206
magistrates 1,347074 0,000280
magnifical 3,506558 0,000728
magnified 1,309333 0,000272
magnify 1,897120 0,000394
magog 3,506558 0,000728
maid 0,446287 0,000093
maiden 0,820981 0,000170
maidens 1,347074 0,000280
maids 0,967584 0,000201
maidservant 2,813411 0,000584
maidservants 2,659260 0,000552
mail 0,891598 0,000185
maimed 1,609438 0,000334
maintain 0,562119 0,000117
maintenance 1,171183 0,000243
majesty 0,544727 0,000113
malachi 2,995732 0,000622
male 0,597837 0,000124
males 1,560648 0,000324
manasseh 3,218876 0,000668
mandrakes 3,506558 0,000728
manifold 1,386294 0,000288
mankind 0,478036 0,000099
manna 2,120264 0,000440
manner 0,040822 0,000008
manners 0,274437 0,000057
manservant 2,525729 0,000524
manslayer 3,506558 0,000728
mantle 0,820981 0,000170
mar 1,514128 0,000314
mara 3,218876 0,000668
marah 3,506558 0,000728
marble 0,597837 0,000124
marched 0,891598 0,000185
mark 0,127833 0,000027
marked 0,061875 0,000013
marks 0,328504 0,000068
marriage 0,314711 0,000065
marriages 1,203973 0,000250
married 0,248461 0,000052
marry 0,430783 0,000089
marrying 0,867501 0,000180
marvelled 1,771957 0,000368
marvellous 0,891598 0,000185
marvellously 1,660731 0,000345
marvels 1,514128 0,000314
mash 2,525729 0,000524
mashal 3,506558 0,000728
masons 2,040221 0,000424
massa 2,659260 0,000552
master 0,083382 0,000017
mastery 1,171183 0,000243
matrix 3,218876 0,000668
matter 0,010050 0,000002
matters 0,139262 0,000029
matthew 1,714798 0,000356
mattock 2,207275 0,000458
mattocks 2,659260 0,000552
maw 2,120264 0,000440
mayest 2,407946 0,000500
meadow 0,994252 0,000206
meadows 1,139434 0,000237
meal 0,301105 0,000063
mealtime 3,218876 0,000668
measure 0,301105 0,000063
measured 0,579818 0,000120
measures 0,579818 0,000120
meat 0,356675 0,000074
meddle 1,078810 0,000224
meddling 1,609438 0,000334
meditate 1,347074 0,000280
meek 1,272966 0,000264
meet 0,010050 0,000002
meeting 0,186330 0,000039
melchizedek 3,506558 0,000728
melons 2,659260 0,000552
melt 1,049822 0,000218
melted 0,713350 0,000148
memorial 1,272966 0,000264
mend 0,967584 0,000201
menservants 3,218876 0,000668
mention 0,223144 0,000046
mentioned 0,223144 0,000046
merchandise 1,469676 0,000305
merchant 0,713350 0,000148
merchantmen 2,659260 0,000552
merchants 0,798508 0,000166
mercies 1,897120 0,000394
merciful 0,994252 0,000206
mercy 0,223144 0,000046
mered 3,506558 0,000728
merry 0,634878 0,000132
meshech 3,506558 0,000728
mesopotamia 2,525729 0,000524
mess 0,891598 0,000185
message 0,446287 0,000093
messenger 0,634878 0,000132
messengers 1,386294 0,000288
messes 2,659260 0,000552
met 0,040822 0,000008
mete 2,813411 0,000584
meteyard 3,506558 0,000728
methuselah 2,659260 0,000552
micah 3,506558 0,000728
mice 1,514128 0,000314
michael 0,400478 0,000083
midday 1,108663 0,000230
middle 0,030459 0,000006
midianite 3,506558 0,000728
midianitish 3,506558 0,000728
midnight 0,328504 0,000068
midst 0,287682 0,000060
midwife 2,659260 0,000552
midwives 2,813411 0,000584
mightier 1,897120 0,000394
mightiest 1,966113 0,000408
mightily 1,469676 0,000305
mighty 0,328504 0,000068
milch 3,218876 0,000668
mildew 2,207275 0,000458
milk 0,446287 0,000093
millstone 2,407946 0,000500
mind 0,020203 0,000004
minded 0,400478 0,000083
mindful 1,514128 0,000314
minds 0,235722 0,000049
mingled 0,462035 0,000096
minish 3,506558 0,000728
minister 0,616186 0,000128
ministered 2,525729 0,000524
ministering 2,120264 0,000440
ministers 0,776529 0,000161
ministry 1,660731 0,000345
minstrel 1,966113 0,000408
miracle 0,755023 0,000157
miracles 1,347074 0,000280
mire 1,049822 0,000218
miriam 2,813411 0,000584
mirth 0,776529 0,000161
mischief 0,494296 0,000103
mischiefs 2,525729 0,000524
misery 0,301105 0,000063
mist 0,544727 0,000113
mistress 0,510826 0,000106
misused 2,302585 0,000478
mitre 2,120264 0,000440
mixed 0,385662 0,000080
mixt 2,995732 0,000622
mizpah 3,506558 0,000728
mizraim 3,506558 0,000728
moabite 3,506558 0,000728
moabitess 3,506558 0,000728
moabitish 3,506558 0,000728
mock 0,755023 0,000157
mocked 1,469676 0,000305
mocking 0,994252 0,000206
moist 0,843970 0,000175
mole 1,309333 0,000272
molten 1,560648 0,000324
moment 0,010050 0,000002
money 0,051293 0,000011
month 0,174353 0,000036
months 0,094311 0,000020
moon 0,287682 0,000060
moons 1,609438 0,000334
mordecai 2,813411 0,000584
morning 0,040822 0,000008
morrow 0,328504 0,000068
morsel 1,171183 0,000243
mortally 1,514128 0,000314
mortar 1,309333 0,000272
mortgaged 2,407946 0,000500
moses 1,139434 0,000237
mother 0,072571 0,000015
mouldy 2,407946 0,000500
mount 0,494296 0,000103
mountain 0,400478 0,000083
mountains 0,400478 0,000083
mourn 1,171183 0,000243
mourned 1,771957 0,000368
mourner 1,714798 0,000356
mourning 0,693147 0,000144
mouse 0,941609 0,000196
mouth 0,105361 0,000022
mouths 0,462035 0,000096
mulberry 2,120264 0,000440
mule 1,347074 0,000280
mules 1,469676 0,000305
multiplied 1,309333 0,000272
multiply 1,272966 0,000264
multiplying 1,966113 0,000408
multitude 0,446287 0,000093
murderer 0,733969 0,000152
murderers 1,386294 0,000288
murmur 0,494296 0,000103
murmured 0,673345 0,000140
murrain 3,218876 0,000668
musical 0,579818 0,000120
mustered 1,832581 0,000381
muzzle 1,309333 0,000272
myrrh 2,207275 0,000458
myrtle 1,966113 0,000408
naam 3,506558 0,000728
naaman 3,506558 0,000728
nabal 3,218876 0,000668
naboth 3,506558 0,000728
nahor 3,506558 0,000728
nahum 3,506558 0,000728
nail 0,843970 0,000175
nails 0,616186 0,000128
naked 0,274437 0,000057
nakedness 1,560648 0,000324
naomi 2,995732 0,000622
naphtali 3,218876 0,000668
narrow 0,105361 0,000022
narrowed 1,771957 0,000368
nathan 2,525729 0,000524
nation 0,579818 0,000120
nations 0,673345 0,000140
nativity 2,040221 0,000424
natural 0,094311 0,000020
naught 1,347074 0,000280
naughtiness 2,407946 0,000500
naves 2,813411 0,000584
navy 1,272966 0,000264
nazarite 3,218876 0,000668
nearer 0,400478 0,000083
nebaioth 3,218876 0,000668
nebuchadnezzar 2,525729 0,000524
neck 0,186330 0,000039
necks 0,891598 0,000185
necromancer 2,659260 0,000552
needful 1,108663 0,000230
needlework 1,966113 0,000408
needy 1,660731 0,000345
negligent 1,609438 0,000334
nehemiah 3,506558 0,000728
neighbour 0,653926 0,000136
neighbours 0,713350 0,000148
nephews 1,832581 0,000381
nest 0,733969 0,000152
nether 1,832581 0,000381
nethermost 2,659260 0,000552
network 0,415515 0,000086
networks 2,995732 0,000622
newly 0,494296 0,000103
nigh 0,843970 0,000175
night 0,010050 0,000002
nights 0,235722 0,000049
nimrod 2,407946 0,000500
nimshi 3,506558 0,000728
nineteen 1,108663 0,000230
nineteenth 1,171183 0,000243
ninth 0,994252 0,000206
nisan 3,912023 0,000812
noah 1,514128 0,000314
nob 2,995732 0,000622
noble 0,248461 0,000052
nobles 1,660731 0,000345
nod 0,798508 0,000166
noise 0,139262 0,000029
noised 2,525729 0,000524
noon 0,430783 0,000089
noonday 1,660731 0,000345
north 0,083382 0,000017
northward 1,203973 0,000250
nose 0,274437 0,000057
nostrils 0,891598 0,000185
notice 0,030459 0,000006
nought 1,609438 0,000334
nourish 1,386294 0,000288
nourished 1,660731 0,000345
nourisher 3,218876 0,000668
numbering 2,302585 0,000478
nun 1,560648 0,000324
nurse 0,478036 0,000099
nursed 1,203973 0,000250
nursing 0,867501 0,000180
nuts 1,049822 0,000218
oak 0,673345 0,000140
oath 0,510826 0,000106
obadiah 3,218876 0,000668
obedient 0,544727 0,000113
obeisance 2,040221 0,000424
obey 0,400478 0,000083
obeyed 0,579818 0,000120
obeying 0,941609 0,000196
oblation 2,525729 0,000524
oblations 2,659260 0,000552
observe 0,235722 0,000049
observed 0,162519 0,000034
observer 1,021651 0,000212
observers 1,609438 0,000334
obstinate 0,713350 0,000148
occasion 0,105361 0,000022
occasioned 0,798508 0,000166
occasions 0,430783 0,000089
occupation 0,494296 0,000103
occupied 0,235722 0,000049
occurrent 3,506558 0,000728
odd 0,385662 0,000080
odious 0,941609 0,000196
odours 1,714798 0,000356
offence 0,579818 0,000120
offended 0,616186 0,000128
offenders 1,966113 0,000408
offer 0,162519 0,000034
offered 0,139262 0,000029
offering 0,400478 0,000083
offerings 1,609438 0,000334
office 0,072571 0,000015
officer 0,478036 0,000099
officers 0,494296 0,000103
offices 0,510826 0,000106
oft 1,347074 0,000280
og 3,218876 0,000668
oil 0,527633 0,000110
oiled 1,897120 0,000394
ointment 2,302585 0,000478
olive 0,994252 0,000206
olives 1,897120 0,000394
olivet 3,506558 0,000728
omar 2,525729 0,000524
omer 3,218876 0,000668
omers 3,506558 0,000728
onan 3,506558 0,000728
onions 1,609438 0,000334
ono 3,506558 0,000728
onward 1,108663 0,000230
onycha 3,506558 0,000728
onyx 3,218876 0,000668
openly 0,494296 0,000103
ophir 3,218876 0,000668
opinions 0,527633 0,000110
oppress 1,771957 0,000368
oppressed 0,693147 0,000144
oppression 0,916291 0,000190
oracle 1,469676 0,000305
ordain 2,302585 0,000478
ordained 1,108663 0,000230
ordinance 1,714798 0,000356
ordinances 2,040221 0,000424
organ 0,776529 0,000161
ornaments 0,843970 0,000175
oshea 3,506558 0,000728
ossifrage 3,506558 0,000728
ouches 3,506558 0,000728
outgoings 3,218876 0,000668
outlandish 1,966113 0,000408
outlived 2,302585 0,000478
outmost 2,995732 0,000622
outstretched 1,108663 0,000230
outward 0,579818 0,000120
oven 1,469676 0,000305
ovens 2,659260 0,000552
overcome 0,261365 0,000054
overdrive 3,218876 0,000668
overflow 1,386294 0,000288
overflown 3,218876 0,000668
overlaid 2,525729 0,000524
overlay 2,813411 0,000584
overlaying 3,506558 0,000728
overlived 3,506558 0,000728
overplus 2,659260 0,000552
overran 2,525729 0,000524
oversee 2,207275 0,000458
overseer 2,040221 0,000424
overseers 2,302585 0,000478
oversight 2,120264 0,000440
overspread 1,347074 0,000280
overtake 0,755023 0,000157
overthrew 2,040221 0,000424
overthrow 1,203973 0,000250
overthrown 1,469676 0,000305
overtook 1,108663 0,000230
overturned 1,514128 0,000314
owl 1,309333 0,000272
owner 0,116534 0,000024
ox 0,941609 0,000196
oxen 1,427116 0,000296
paces 0,673345 0,000140
paddle 2,040221 0,000424
paid 0,061875 0,000013
pains 0,301105 0,000063
painted 0,356675 0,000074
palace 0,510826 0,000106
palaces 1,309333 0,000272
pallu 3,506558 0,000728
palluites 3,506558 0,000728
palm 0,494296 0,000103
palms 0,820981 0,000170
pan 0,967584 0,000201
pans 1,309333 0,000272
parable 1,714798 0,000356
parcel 1,139434 0,000237
parched 1,203973 0,000250
pardon 0,301105 0,000063
pardoned 1,427116 0,000296
pare 2,995732 0,000622
parlour 1,469676 0,000305
parlours 2,525729 0,000524
parties 0,371064 0,000077
partition 1,347074 0,000280
partridge 2,040221 0,000424
pass 0,040822 0,000008
passage 0,139262 0,000029
passages 0,527633 0,000110
passed 0,040822 0,000008
passing 0,094311 0,000020
passover 3,218876 0,000668
passovers 3,506558 0,000728
pasture 1,203973 0,000250
pastures 1,832581 0,000381
path 0,198451 0,000041
pathrusim 3,506558 0,000728
patrimony 2,120264 0,000440
pattern 0,693147 0,000144
pau 2,813411 0,000584
paul 0,798508 0,000166
paved 1,108663 0,000230
pavement 0,843970 0,000175
pavilions 2,302585 0,000478
paw 1,560648 0,000324
paws 1,237874 0,000257
pay 0,051293 0,000011
peace 0,094311 0,000020
peaceable 1,347074 0,000280
peaceably 1,714798 0,000356
peacocks 2,207275 0,000458
peculiar 0,223144 0,000046
pedigrees 2,813411 0,000584
pelican 2,813411 0,000584
pen 0,371064 0,000077
people 0,010050 0,000002
peradventure 2,525729 0,000524
perceive 0,356675 0,000074
perceived 0,400478 0,000083
perfect 0,072571 0,000015
perfected 1,272966 0,000264
perform 0,150823 0,000031
performed 0,127833 0,000027
performing 0,261365 0,000054
perfume 1,139434 0,000237
perish 0,733969 0,000152
perished 0,733969 0,000152
perpetual 0,478036 0,000099
perpetually 1,078810 0,000224
persecuted 1,237874 0,000257
persecutors 2,525729 0,000524
persia 1,966113 0,000408
persian 1,347074 0,000280
person 0,010050 0,000002
persons 0,210721 0,000044
persuade 0,446287 0,000093
persuaded 0,527633 0,000110
pertain 2,659260 0,000552
pertained 2,659260 0,000552
pertaining 2,120264 0,000440
perverse 1,237874 0,000257
perversely 2,525729 0,000524
perverseness 2,040221 0,000424
pervert 1,897120 0,000394
perverted 1,347074 0,000280
pestilence 1,469676 0,000305
peter 0,820981 0,000170
petition 1,078810 0,000224
pharaoh 2,207275 0,000458
philemon 3,218876 0,000668
philippians 2,813411 0,000584
philistine 2,407946 0,000500
philistines 2,407946 0,000500
phut 2,995732 0,000622
physicians 1,272966 0,000264
pictures 0,415515 0,000086
piece 0,072571 0,000015
pieces 0,139262 0,000029
pierce 0,916291 0,000190
pierced 0,693147 0,000144
pigeon 1,386294 0,000288
pigeons 1,560648 0,000324
pilgrimage 1,609438 0,000334
pillar 0,916291 0,000190
pillars 0,867501 0,000180
pilled 3,506558 0,000728
pillow 0,776529 0,000161
pillows 1,139434 0,000237
pin 0,713350 0,000148
pine 0,673345 0,000140
pinon 3,506558 0,000728
pins 1,272966 0,000264
pipe 0,494296 0,000103
piped 2,525729 0,000524
pipes 0,776529 0,000161
pisgah 2,813411 0,000584
piss 2,995732 0,000622
pit 0,733969 0,000152
pitch 0,342490 0,000071
pitched 0,820981 0,000170
pitcher 1,714798 0,000356
pitchers 2,407946 0,000500
pits 1,386294 0,000288
pity 0,150823 0,000031
plague 0,755023 0,000157
plagued 1,966113 0,000408
plagues 1,771957 0,000368
plain 0,040822 0,000008
plainly 0,261365 0,000054
plains 0,967584 0,000201
plaister 3,506558 0,000728
plaistered 3,506558 0,000728
planets 1,427116 0,000296
planks 1,078810 0,000224
plant 0,579818 0,000120
planted 0,634878 0,000132
plants 0,527633 0,000110
plat 2,525729 0,000524
plate 0,527633 0,000110
plates 0,653926 0,000136
play 0,072571 0,000015
played 0,198451 0,000041
player 1,139434 0,000237
playing 0,186330 0,000039
plea 1,139434 0,000237
plead 0,867501 0,000180
pleaded 0,891598 0,000185
pleasant 0,162519 0,000034
pleased 0,150823 0,000031
pleasure 0,051293 0,000011
pledge 0,916291 0,000190
pledges 2,120264 0,000440
plenteous 2,407946 0,000500
plenteousness 3,218876 0,000668
plenty 0,235722 0,000049
plow 2,207275 0,000458
plowed 2,302585 0,000478
plowing 2,525729 0,000524
pluck 0,967584 0,000201
plucked 0,776529 0,000161
plummet 2,659260 0,000552
poison 0,446287 0,000093
pole 0,597837 0,000124
poll 2,407946 0,000500
polled 3,506558 0,000728
polls 2,995732 0,000622
pollute 2,302585 0,000478
polluted 1,609438 0,000334
pomegranate 2,659260 0,000552
pomegranates 2,302585 0,000478
pommels 2,995732 0,000622
ponds 1,966113 0,000408
pool 0,798508 0,000166
pools 1,309333 0,000272
poor 0,030459 0,000006
poorer 1,049822 0,000218
poorest 1,386294 0,000288
poplar 1,660731 0,000345
populous 1,386294 0,000288
porch 0,941609 0,000196
port 0,579818 0,000120
porter 1,078810 0,000224
porters 1,771957 0,000368
portion 0,356675 0,000074
portions 0,891598 0,000185
possess 0,356675 0,000074
possessed 0,094311 0,000020
possession 0,083382 0,000017
possessions 0,776529 0,000161
possessor 1,139434 0,000237
post 0,248461 0,000052
posterity 1,139434 0,000237
posts 0,713350 0,000148
pot 0,597837 0,000124
pots 0,994252 0,000206
pottage 3,218876 0,000668
potters 2,407946 0,000500
pound 0,776529 0,000161
pour 0,544727 0,000113
poured 0,385662 0,000080
poverty 0,446287 0,000093
powder 0,755023 0,000157
power 0,030459 0,000006
practised 0,733969 0,000152
praise 0,371064 0,000077
praised 0,653926 0,000136
praises 0,941609 0,000196
praising 1,386294 0,000288
pray 0,371064 0,000077
prayed 0,673345 0,000140
prayer 0,478036 0,000099
praying 0,798508 0,000166
preach 1,049822 0,000218
precepts 1,309333 0,000272
precious 0,162519 0,000034
preparation 0,579818 0,000120
prepare 0,162519 0,000034
prepared 0,105361 0,000022
preparing 0,415515 0,000086
prescribing 2,659260 0,000552
presence 0,094311 0,000020
presently 0,385662 0,000080
preserve 0,150823 0,000031
preserved 0,415515 0,000086
pressed 0,274437 0,000057
presses 1,609438 0,000334
presume 0,634878 0,000132
presumed 1,078810 0,000224
presumptuously 2,995732 0,000622
prevail 0,713350 0,000148
prevailed 0,673345 0,000140
prevented 0,328504 0,000068
prey 0,527633 0,000110
price 0,314711 0,000065
pricks 2,040221 0,000424
pride 0,150823 0,000031
priest 0,634878 0,000132
priesthood 1,897120 0,000394
priests 1,021651 0,000212
prince 0,462035 0,000096
princes 0,843970 0,000175
princesses 2,040221 0,000424
principal 0,287682 0,000060
print 0,261365 0,000054
prison 0,287682 0,000060
prisoners 0,941609 0,000196
privily 2,659260 0,000552
privy 1,714798 0,000356
proceed 0,301105 0,000063
proceeded 0,274437 0,000057
process 0,400478 0,000083
proclaim 1,171183 0,000243
proclaimed 0,941609 0,000196
proclamation 1,714798 0,000356
profane 1,203973 0,000250
profaned 1,966113 0,000408
profaning 3,218876 0,000668
profess 1,203973 0,000250
profit 0,248461 0,000052
progenitors 2,207275 0,000458
project -0,009950 -0,000002
prolong 1,560648 0,000324
prolonged 0,597837 0,000124
promise 0,116534 0,000024
promised 0,198451 0,000041
promote 1,386294 0,000288
promoted 1,237874 0,000257
pronounce 0,916291 0,000190
pronounced 0,446287 0,000093
pronouncing 1,272966 0,000264
proper 0,061875 0,000013
prophecy 1,078810 0,000224
prophesied 1,609438 0,000334
prophesy 2,120264 0,000440
prophesying 2,659260 0,000552
prophet 0,994252 0,000206
prophetess 2,995732 0,000622
prophets 1,386294 0,000288
proportion 0,371064 0,000077
prosper 1,469676 0,000305
prospered 1,714798 0,000356
prosperity 0,820981 0,000170
prosperous 0,891598 0,000185
prosperously 2,525729 0,000524
prostitute 2,207275 0,000458
protection 0,314711 0,000065
protest 0,798508 0,000166
protested 0,867501 0,000180
proudly 0,733969 0,000152
prove 0,174353 0,000036
proved 0,116534 0,000024
provender 2,407946 0,000500
proverb 1,108663 0,000230
proverbs 1,897120 0,000394
provide 0,162519 0,000034
province 0,891598 0,000185
provinces 1,108663 0,000230
provision 0,248461 0,000052
provocation 1,171183 0,000243
provocations 2,302585 0,000478
provoke 0,891598 0,000185
provoked 0,941609 0,000196
provoking 1,078810 0,000224
prudence 0,713350 0,000148
prudent 0,616186 0,000128
prune 2,813411 0,000584
psalm 1,514128 0,000314
psalmist 2,659260 0,000552
psalms 1,609438 0,000334
psalteries 3,506558 0,000728
psaltery 3,218876 0,000668
pua 3,218876 0,000668
publish 1,203973 0,000250
pul 3,506558 0,000728
pull 0,328504 0,000068
pulled 0,371064 0,000077
pulpit 1,203973 0,000250
pulse 0,891598 0,000185
punish 0,597837 0,000124
punished 0,544727 0,000113
punishment 0,301105 0,000063
purchase 0,527633 0,000110
purchased 0,798508 0,000166
pure 0,150823 0,000031
purge 1,897120 0,000394
purged 1,771957 0,000368
purification 1,771957 0,000368
purified 1,309333 0,000272
purify 1,560648 0,000324
purifying 1,897120 0,000394
purple 0,616186 0,000128
purpose 0,040822 0,000008
purposed 1,832581 0,000381
purposing 2,525729 0,000524
pursue 0,510826 0,000106
pursued 0,328504 0,000068
pursuers 1,560648 0,000324
pursuing 0,494296 0,000103
purtenance 3,506558 0,000728
push 0,562119 0,000117
pygarg 3,506558 0,000728
quails 2,813411 0,000584
quaked 2,207275 0,000458
quarrel 0,328504 0,000068
quarries 2,407946 0,000500
quarter 0,223144 0,000046
quarters 0,248461 0,000052
queen 0,415515 0,000086
quench 1,309333 0,000272
quenched 1,514128 0,000314
questioned 0,673345 0,000140
questions 0,127833 0,000027
quick 0,139262 0,000029
quiet 0,116534 0,000024
quietly 0,261365 0,000054
quietness 1,832581 0,000381
quit 0,616186 0,000128
quiver 1,021651 0,000212
rachel 2,120264 0,000440
rage 0,261365 0,000054
rail 0,798508 0,000166
railed 2,407946 0,000500
raiment 1,714798 0,000356
rain 0,223144 0,000046
rained 1,139434 0,000237
raise 0,174353 0,000036
raised 0,061875 0,000013
raisins 1,897120 0,000394
ram 1,203973 0,000250
rameses 2,995732 0,000622
rams 2,040221 0,000424
ranges 1,514128 0,000314
rank 0,287682 0,000060
ranks 0,616186 0,000128
ransom 1,386294 0,000288
rate 0,274437 0,000057
raven 1,514128 0,000314
ravens 1,897120 0,000394
ravin 3,218876 0,000668
raw 0,713350 0,000148
razor 1,771957 0,000368
reach 0,051293 0,000011
reached 0,127833 0,000027
reaching 0,083382 0,000017
read 0,020203 0,000004
reading 0,061875 0,000013
ready 0,030459 0,000006
realm 1,021651 0,000212
reap 1,049822 0,000218
reapers 2,207275 0,000458
reaping 1,832581 0,000381
rear 0,527633 0,000110
reared 0,891598 0,000185
reason 0,010050 0,000002
rebekah 3,506558 0,000728
rebel 1,078810 0,000224
rebelled 1,832581 0,000381
rebellion 0,967584 0,000201
rebellious 1,049822 0,000218
rebels 1,272966 0,000264
rebuke 1,049822 0,000218
rebuked 1,609438 0,000334
rebuking 2,302585 0,000478
receive 0,083382 0,000017
received 0,040822 0,000008
receiving 0,116534 0,000024
reckon 0,693147 0,000144
reckoned 0,653926 0,000136
reckoning 0,843970 0,000175
recompence 2,813411 0,000584
recompense 1,309333 0,000272
recompensed 2,120264 0,000440
recompensing 3,218876 0,000668
reconcile 0,967584 0,000201
reconciliation 1,049822 0,000218
reconciling 1,832581 0,000381
record 0,400478 0,000083
recorded 0,733969 0,000152
recorder 2,659260 0,000552
records 0,798508 0,000166
recover 0,356675 0,000074
recovered 0,385662 0,000080
red 0,072571 0,000015
reddish 1,386294 0,000288
redeem 1,021651 0,000212
redeemed 1,272966 0,000264
redeeming 1,771957 0,000368
redemption 1,272966 0,000264
reed 1,427116 0,000296
refined 0,798508 0,000166
reformed 1,609438 0,000334
refrain 0,776529 0,000161
refrained 1,469676 0,000305
refresh 1,272966 0,000264
refreshed 0,820981 0,000170
refuge 0,446287 0,000093
refuse 0,371064 0,000077
refused 0,235722 0,000049
regard 0,150823 0,000031
regarded 0,301105 0,000063
region 0,673345 0,000140
register 1,237874 0,000257
rehearse 2,302585 0,000478
rehearsed 2,659260 0,000552
rehoboam 2,995732 0,000622
rehoboth 3,218876 0,000668
rei 2,813411 0,000584
reign 0,733969 0,000152
reigned 1,049822 0,000218
reigning 1,427116 0,000296
rejected 0,653926 0,000136
rejoice 0,843970 0,000175
rejoiced 0,776529 0,000161
rejoicing 0,967584 0,000201
release 0,210721 0,000044
relied 1,560648 0,000324
relieve 0,544727 0,000113
rely 0,891598 0,000185
remain 0,040822 0,000008
remainder 0,616186 0,000128
remained 0,116534 0,000024
remaining 0,094311 0,000020
remedy 0,693147 0,000144
remember 0,083382 0,000017
remembered 0,162519 0,000034
remembrance 0,733969 0,000152
remnant 1,237874 0,000257
remove 0,127833 0,000027
removed 0,061875 0,000013
removing 0,673345 0,000140
rend 1,514128 0,000314
render 0,371064 0,000077
rendered 0,527633 0,000110
renew 0,776529 0,000161
renewed 0,510826 0,000106
renown 1,309333 0,000272
renowned 1,171183 0,000243
rent 0,597837 0,000124
repair 0,693147 0,000144
repaired 0,941609 0,000196
repairing 1,347074 0,000280
repay 0,891598 0,000185
repent 0,713350 0,000148
repented 1,347074 0,000280
rephael 3,506558 0,000728
replenish 1,714798 0,000356
report 0,301105 0,000063
reported 0,162519 0,000034
reproach 0,371064 0,000077
reproached 1,203973 0,000250
reprove 1,897120 0,000394
reproved 1,771957 0,000368
request 0,127833 0,000027
requested 0,843970 0,000175
require 0,127833 0,000027
required 0,083382 0,000017
requite 2,120264 0,000440
requited 2,207275 0,000458
requiting 3,506558 0,000728
rereward 3,506558 0,000728
rescue 0,562119 0,000117
rescued 1,139434 0,000237
resembled 0,867501 0,000180
residue 2,207275 0,000458
resort 0,891598 0,000185
resorted 1,272966 0,000264
respect 0,094311 0,000020
respite 1,427116 0,000296
rest 0,010050 0,000002
rested 0,314711 0,000065
resting 0,314711 0,000065
restitution 2,207275 0,000458
restore 0,653926 0,000136
restored 0,385662 0,000080
restorer 2,659260 0,000552
restrained 0,776529 0,000161
restraint 0,733969 0,000152
rests 0,673345 0,000140
retained 0,527633 0,000110
retire 0,673345 0,000140
retired 0,342490 0,000071
return 0,040822 0,000008
returned 0,061875 0,000013
reuben 3,218876 0,000668
reubenites 3,506558 0,000728
reuel 3,506558 0,000728
revealed 0,415515 0,000086
revelation 0,820981 0,000170
revenger 3,506558 0,000728
revengers 3,506558 0,000728
revenges 2,407946 0,000500
revenue 0,371064 0,000077
reverence 0,634878 0,000132
reverse 0,579818 0,000120
revile 2,207275 0,000458
revive 0,941609 0,000196
revived 0,820981 0,000170
reviving 1,427116 0,000296
revolt 1,203973 0,000250
revolted 1,560648 0,000324
reward 0,328504 0,000068
rewarded 0,713350 0,000148
rewards 1,237874 0,000257
rib 2,040221 0,000424
ribband 3,218876 0,000668
ribs 1,021651 0,000212
rich 0,139262 0,000029
riches 0,798508 0,000166
rid 0,223144 0,000046
riddance 2,813411 0,000584
ridden 1,309333 0,000272
riddle 1,203973 0,000250
ride 0,462035 0,000096
rider 1,078810 0,000224
riders 1,560648 0,000324
riding 0,562119 0,000117
rie 3,506558 0,000728
righteous 1,203973 0,000250
righteously 2,813411 0,000584
righteousness 1,427116 0,000296
rightly 0,430783 0,000089
rigour 1,897120 0,000394
ringstraked 3,506558 0,000728
rinsed 2,302585 0,000478
rip 1,609438 0,000334
ripe 0,820981 0,000170
ripped 1,386294 0,000288
rise 0,040822 0,000008
risen 0,342490 0,000071
rising 0,116534 0,000024
rites 1,272966 0,000264
river 0,174353 0,000036
rivers 0,713350 0,000148
road 0,150823 0,000031
roar 0,597837 0,000124
roared 0,673345 0,000140
roast 0,994252 0,000206
roasted 1,272966 0,000264
rob 0,653926 0,000136
robbed 0,733969 0,000152
robe 0,941609 0,000196
robes 0,916291 0,000190
rock 0,385662 0,000080
rocks 0,446287 0,000093
rod 0,673345 0,000140
rode 0,616186 0,000128
rods 1,309333 0,000272
roe 2,659260 0,000552
roebuck 3,218876 0,000668
roebucks 3,506558 0,000728
roes 3,218876 0,000668
roll 0,415515 0,000086
rolled 0,356675 0,000074
rolls 1,139434 0,000237
romans 1,272966 0,000264
roof 0,223144 0,000046
root 0,385662 0,000080
rooted 0,994252 0,000206
roots 0,634878 0,000132
ropes 1,021651 0,000212
rose 0,094311 0,000020
rot 1,203973 0,000250
rough 0,186330 0,000039
roughly 0,544727 0,000113
rouse 0,798508 0,000166
rovers 2,302585 0,000478
row 0,544727 0,000113
rows 0,733969 0,000152
royal 0,400478 0,000083
rubbish 1,108663 0,000230
ruddy 0,994252 0,000206
ruin 0,287682 0,000060
ruinous 1,386294 0,000288
rule 0,198451 0,000041
ruled 0,967584 0,000201
ruler 1,108663 0,000230
rulers 1,469676 0,000305
ruling 1,171183 0,000243
rumour 1,272966 0,000264
rump 2,407946 0,000500
runneth 3,218876 0,000668
running 0,967584 0,000201
rushed 0,478036 0,000099
ruth 2,659260 0,000552
sabbath 1,514128 0,000314
sabbaths 2,995732 0,000622
sack 0,891598 0,000185
sackcloth 2,407946 0,000500
sacks 1,560648 0,000324
sacrifice 0,328504 0,000068
sacrificed 0,733969 0,000152
sacrifices 0,867501 0,000180
sacrificing 1,139434 0,000237
sad 0,223144 0,000046
saddle 0,916291 0,000190
saddled 1,771957 0,000368
sadly 0,510826 0,000106
safe 0,116534 0,000024
safeguard 1,660731 0,000345
safely 0,371064 0,000077
safety 0,356675 0,000074
saint 0,673345 0,000140
saints 1,049822 0,000218
saith 1,714798 0,000356
sake 0,094311 0,000020
sakes 1,609438 0,000334
sale 0,798508 0,000166
salem 2,407946 0,000500
salma 3,506558 0,000728
salmon 1,660731 0,000345
salt 0,116534 0,000024
salute 0,967584 0,000201
saluted 1,078810 0,000224
salvation 0,798508 0,000166
samaria 2,659260 0,000552
samaritans 2,813411 0,000584
samson 2,120264 0,000440
samuel 1,237874 0,000257
sanballat 3,912023 0,000812
sanctified 1,560648 0,000324
sanctify 2,302585 0,000478
sanctuaries 2,407946 0,000500
sanctuary 1,347074 0,000280
sand 0,597837 0,000124
sang 0,415515 0,000086
sank 0,544727 0,000113
sapphire 1,966113 0,000408
sarah 2,040221 0,000424
sardius 3,218876 0,000668
sat 0,083382 0,000017
satan 1,237874 0,000257
satisfaction 0,186330 0,000039
satisfied 0,105361 0,000022
saul 1,966113 0,000408
save 0,030459 0,000006
saved 0,274437 0,000057
saving 0,478036 0,000099
saviour 1,203973 0,000250
saviours 2,995732 0,000622
savour 1,771957 0,000368
savours 2,525729 0,000524
savoury 1,832581 0,000381
scab 2,659260 0,000552
scabbed 3,506558 0,000728
scaffold 1,660731 0,000345
scales 1,049822 0,000218
scall 3,506558 0,000728
scapegoat 2,659260 0,000552
scarce 0,693147 0,000144
scarceness 3,506558 0,000728
scarlet 0,798508 0,000166
scatter 1,049822 0,000218
scattered 0,139262 0,000029
sceptre 2,120264 0,000440
scholar 0,798508 0,000166
scorn 0,562119 0,000117
scorpions 2,659260 0,000552
scoured 1,897120 0,000394
scourged 1,966113 0,000408
scourges 1,966113 0,000408
scrabbled 3,218876 0,000668
scrape 1,203973 0,000250
scraped 1,386294 0,000288
scribe 2,120264 0,000440
scribes 2,302585 0,000478
scrip 2,659260 0,000552
scurvy 2,407946 0,000500
sea 0,116534 0,000024
seal 0,562119 0,000117
sealed 0,820981 0,000170
search 0,051293 0,000011
searched 0,713350 0,000148
searching 0,415515 0,000086
searchings 3,506558 0,000728
seas 0,916291 0,000190
season 0,287682 0,000060
seasons 0,673345 0,000140
seat 0,105361 0,000022
seated 0,223144 0,000046
seba 3,218876 0,000668
secret 0,061875 0,000013
secretly 0,597837 0,000124
secrets 0,400478 0,000083
secure 0,072571 0,000015
sedition 2,120264 0,000440
seduced 1,386294 0,000288
seed 0,597837 0,000124
seeds 1,049822 0,000218
seedtime 3,218876 0,000668
seek 0,198451 0,000041
seer 1,771957 0,000368
seers 2,525729 0,000524
seethe 2,813411 0,000584
seething 1,966113 0,000408
seize 0,446287 0,000093
selah 3,218876 0,000668
selfsame 2,207275 0,000458
sell 0,430783 0,000089
sellers 2,207275 0,000458
selvedge 3,506558 0,000728
senaah 3,506558 0,000728
send 0,030459 0,000006
sending 0,083382 0,000017
sense 0,051293 0,000011
sentence 0,127833 0,000027
separate 0,248461 0,000052
separated 0,274437 0,000057
separation 0,776529 0,000161
sepharvites 3,506558 0,000728
sepulchre 1,771957 0,000368
sered 3,506558 0,000728
serpent 0,755023 0,000157
serpents 1,469676 0,000305
servant 0,186330 0,000039
servants 0,162519 0,000034
serve 0,174353 0,000036
served 0,186330 0,000039
service 0,072571 0,000015
servile 1,309333 0,000272
serving 0,634878 0,000132
servitor 2,659260 0,000552
servitude 1,272966 0,000264
set 0,010050 0,000002
seth 2,995732 0,000622
settings 2,813411 0,000584
settle 0,356675 0,000074
settled 0,127833 0,000027
sevenfold 2,659260 0,000552
seventeen 0,693147 0,000144
seventeenth 1,427116 0,000296
seventh 0,562119 0,000117
sever 1,609438 0,000334
severed 1,347074 0,000280
sewed 1,560648 0,000324
shadow 0,223144 0,000046
shaft 0,916291 0,000190
shake 0,287682 0,000060
shaken 0,494296 0,000103
shalt 1,171183 0,000243
shama 3,506558 0,000728
shame 0,223144 0,000046
shamed 2,302585 0,000478
shamelessly 2,302585 0,000478
shamer 3,506558 0,000728
shamir 3,506558 0,000728
share 0,040822 0,000008
sharezer 3,506558 0,000728
sharon 3,218876 0,000668
sharp 0,162519 0,000034
sharpen 1,660731 0,000345
sharply 0,510826 0,000106
shaul 3,506558 0,000728
shave 1,171183 0,000243
shaved 1,427116 0,000296
shaven 1,514128 0,000314
sheaf 2,207275 0,000458
sheal 3,912023 0,000812
shear 2,813411 0,000584
shearers 2,995732 0,000622
shearing 2,525729 0,000524
sheath 1,347074 0,000280
sheaves 2,120264 0,000440
shechem 3,506558 0,000728
shechemites 3,218876 0,000668
sheep 0,371064 0,000077
sheepcote 3,218876 0,000668
sheepfolds 3,506558 0,000728
sheepmaster 3,506558 0,000728
sheets 0,544727 0,000113
shekel 3,218876 0,000668
shekels 3,218876 0,000668
shelah 3,506558 0,000728
shem 3,218876 0,000668
shema 3,506558 0,000728
sheminith 3,506558 0,000728
shen 3,506558 0,000728
shepherd 0,941609 0,000196
shepherds 1,469676 0,000305
sheth 3,506558 0,000728
sheva 3,506558 0,000728
shew 2,207275 0,000458
shewbread 3,506558 0,000728
shewed 2,659260 0,000552
shewing 2,995732 0,000622
shibboleth 2,995732 0,000622
shield 0,733969 0,000152
shields 1,771957 0,000368
shiloh 2,995732 0,000622
shimei 3,506558 0,000728
shine 0,616186 0,000128
shined 2,995732 0,000622
shining 0,385662 0,000080
shipmen 3,506558 0,000728
ships 0,653926 0,000136
shittim 3,506558 0,000728
shocks 1,427116 0,000296
shod 1,203973 0,000250
shoe 0,776529 0,000161
shoes 0,430783 0,000089
shone 0,494296 0,000103
shook 0,235722 0,000049
shoot 0,494296 0,000103
shooters 2,995732 0,000622
shooting 0,634878 0,000132
shore 0,342490 0,000071
short 0,020203 0,000004
shortly 0,462035 0,000096
shot 0,223144 0,000046
shoulder 0,210721 0,000044
shoulders 0,174353 0,000036
shouldest 2,659260 0,000552
shout 0,634878 0,000132
shouted 0,478036 0,000099
shouting 0,446287 0,000093
shovels 2,302585 0,000478
showers 1,272966 0,000264
shrank 1,108663 0,000230
shred 2,407946 0,000500
shrubs 1,347074 0,000280
shunammite 3,506558 0,000728
shut 0,072571 0,000015
shutting 0,941609 0,000196
sia 3,218876 0,000668
sibboleth 3,506558 0,000728
sick 0,150823 0,000031
sickle 2,040221 0,000424
sickness 0,478036 0,000099
sicknesses 2,813411 0,000584
siege 1,021651 0,000212
sighed 0,673345 0,000140
sight 0,051293 0,000011
sign 0,139262 0,000029
signet 1,966113 0,000408
signets 3,506558 0,000728
signs 0,186330 0,000039
silence 0,105361 0,000022
silent 0,051293 0,000011
silver 0,210721 0,000044
simeon 2,525729 0,000524
similitude 2,207275 0,000458
simplicity 0,527633 0,000110
sin 0,430783 0,000089
sincerely 0,867501 0,000180
sincerity 0,653926 0,000136
sinew 2,525729 0,000524
sinful 1,309333 0,000272
sing 0,415515 0,000086
singer 1,386294 0,000288
singers 1,386294 0,000288
singing 0,371064 0,000077
singular 0,430783 0,000089
sinite 3,218876 0,000668
sinned 1,347074 0,000280
sinners 1,347074 0,000280
sinning 1,832581 0,000381
sins 0,798508 0,000166
sion 2,302585 0,000478
sir 0,150823 0,000031
sister 0,356675 0,000074
sisters 0,527633 0,000110
sit 0,061875 0,000013
sitting 0,105361 0,000022
situate 2,659260 0,000552
situation 0,198451 0,000041
sixscore 3,506558 0,000728
sixteen 0,653926 0,000136
sixteenth 1,203973 0,000250
sixth 0,446287 0,000093
size 0,248461 0,000052
skies 0,967584 0,000201
skilful 0,967584 0,000201
skill 0,301105 0,000063
skin 0,210721 0,000044
skins 1,021651 0,000212
skirt 1,078810 0,000224
skull 0,891598 0,000185
sky 0,210721 0,000044
slack 1,309333 0,000272
slain 0,941609 0,000196
slander 1,714798 0,000356
slandered 2,525729 0,000524
slang 1,832581 0,000381
slaughter 0,967584 0,000201
slay 1,171183 0,000243
slayer 1,966113 0,000408
slaying 1,714798 0,000356
sleep 0,072571 0,000015
sleeping 0,235722 0,000049
slept 0,223144 0,000046
slew 1,386294 0,000288
slide 1,309333 0,000272
slime 1,386294 0,000288
sling 1,560648 0,000324
slingers 2,813411 0,000584
slings 2,659260 0,000552
slip 0,462035 0,000096
slipped 0,494296 0,000103
slothful 1,897120 0,000394
slow 0,139262 0,000029
smell 0,371064 0,000077
smelled 1,660731 0,000345
smite 1,609438 0,000334
smith 0,891598 0,000185
smiths 1,966113 0,000408
smiting 1,832581 0,000381
smitten 1,171183 0,000243
smoke 0,314711 0,000065
smoking 0,462035 0,000096
smooth 0,274437 0,000057
smote 1,021651 0,000212
snail 1,832581 0,000381
snare 1,660731 0,000345
snared 2,813411 0,000584
snares 1,660731 0,000345
sneezed 2,040221 0,000424
snow 0,527633 0,000110
snowy 1,272966 0,000264
snuffers 2,813411 0,000584
socket 1,714798 0,000356
sockets 1,771957 0,000368
sod 2,302585 0,000478
sodden 1,714798 0,000356
sodom 2,040221 0,000424
sodomite 3,506558 0,000728
sodomites 2,995732 0,000622
soever 1,966113 0,000408
softly 0,400478 0,000083
sojourn 1,386294 0,000288
sojourned 2,407946 0,000500
sojourner 3,218876 0,000668
sojourners 3,218876 0,000668
sojourning 2,407946 0,000500
sold 0,385662 0,000080
soldiers 0,653926 0,000136
sole 0,342490 0,000071
solemn 0,301105 0,000063
solemnity 0,891598 0,000185
solemnly 0,579818 0,000120
soles 1,386294 0,000288
solomon 1,203973 0,000250
son 0,105361 0,000022
song 0,371064 0,000077
songs 0,544727 0,000113
sons 0,356675 0,000074
soothsayer 2,525729 0,000524
sorcerers 2,302585 0,000478
sore 0,616186 0,000128
sorely 1,049822 0,000218
sorrow 0,287682 0,000060
sorrowful 1,021651 0,000212
sorrows 0,798508 0,000166
sort 0,105361 0,000022
sorts 0,356675 0,000074
sought 0,150823 0,000031
soul 0,105361 0,000022
souls 0,342490 0,000071
sound 0,020203 0,000004
sounded 0,371064 0,000077
sounding 0,634878 0,000132
south 0,235722 0,000049
southward 1,609438 0,000334
sow 1,078810 0,000224
sowed 2,120264 0,000440
sowing 1,514128 0,000314
sown 1,078810 0,000224
space 0,116534 0,000024
spake 1,560648 0,000324
span 1,386294 0,000288
spare 0,210721 0,000044
spared 0,544727 0,000113
speak 0,051293 0,000011
speaking 0,072571 0,000015
spear 1,139434 0,000237
spears 1,560648 0,000324
special 0,083382 0,000017
specially 0,820981 0,000170
speckled 1,560648 0,000324
sped 1,272966 0,000264
speech 0,198451 0,000041
speeches 0,867501 0,000180
speed 0,328504 0,000068
speedily 0,713350 0,000148
spend 0,328504 0,000068
spent 0,105361 0,000022
spice 1,609438 0,000334
spicery 3,506558 0,000728
spices 1,514128 0,000314
spied 1,469676 0,000305
spies 1,347074 0,000280
spilled 1,660731 0,000345
spilt 1,386294 0,000288
spin 1,203973 0,000250
spirit 0,051293 0,000011
spirits 0,198451 0,000041
spit 1,203973 0,000250
spittle 2,525729 0,000524
spoil 0,673345 0,000140
spoiled 0,916291 0,000190
spoilers 3,218876 0,000668
spoils 0,994252 0,000206
spoken 0,150823 0,000031
spokes 2,040221 0,000424
spokesman 2,302585 0,000478
spoon 1,171183 0,000243
spoons 1,714798 0,000356
sport 0,597837 0,000124
sporting 1,427116 0,000296
spot 0,162519 0,000034
spots 0,562119 0,000117
spotted 0,994252 0,000206
spread 0,061875 0,000013
spreading 0,446287 0,000093
spring 0,083382 0,000017
springing 0,733969 0,000152
springs 0,634878 0,000132
sprinkle 1,966113 0,000408
sprinkled 1,108663 0,000230
sprung 0,544727 0,000113
spue 3,218876 0,000668
spued 3,506558 0,000728
spun 0,941609 0,000196
spy 0,916291 0,000190
square 0,235722 0,000049
stable 0,579818 0,000120
stablish 2,995732 0,000622
stablished 3,218876 0,000668
stacks 2,120264 0,000440
stacte 3,506558 0,000728
staff 0,274437 0,000057
stairs 0,430783 0,000089
stalk 1,386294 0,000288
stalks 1,609438 0,000334
stalls 1,660731 0,000345
stamp 0,693147 0,000144
stamped 0,693147 0,000144
stand 0,000000 0,000000
standard 0,562119 0,000117
standards 1,560648 0,000324
standeth 2,525729 0,000524
standing 0,030459 0,000006
stank 2,659260 0,000552
star 0,544727 0,000113
stars 0,342490 0,000071
start -0,009950 -0,000002
stature 0,891598 0,000185
statute 1,714798 0,000356
statutes 2,040221 0,000424
staves 1,966113 0,000408
stay 0,083382 0,000017
stayed 0,415515 0,000086
stays 1,078810 0,000224
stead 1,139434 0,000237
steads 3,506558 0,000728
steady 0,356675 0,000074
steal 0,510826 0,000106
stealing 0,653926 0,000136
stealth 1,660731 0,000345
stedfastly 3,506558 0,000728
steel 0,510826 0,000106
step 0,083382 0,000017
steps 0,094311 0,000020
steward 1,171183 0,000243
stewards 2,207275 0,000458
stick 0,342490 0,000071
sticks 0,733969 0,000152
stiff 0,430783 0,000089
stiffened 1,386294 0,000288
stink 2,207275 0,000458
stir 0,400478 0,000083
stirred 0,446287 0,000093
stock 0,328504 0,000068
stole 0,494296 0,000103
stolen 0,430783 0,000089
stone 0,116534 0,000024
stoned 2,207275 0,000458
stones 0,301105 0,000063
stoning 3,218876 0,000668
stood 0,030459 0,000006
stool 0,733969 0,000152
stools 1,714798 0,000356
stooped 0,776529 0,000161
store 0,385662 0,000080
storehouses 2,659260 0,000552
stories 0,328504 0,000068
stork 2,302585 0,000478
story 0,051293 0,000011
straight 0,105361 0,000022
straightway 1,347074 0,000280
strait 1,049822 0,000218
straitly 3,218876 0,000668
straitness 2,813411 0,000584
strakes 3,506558 0,000728
strange 0,061875 0,000013
strangely 0,579818 0,000120
stranger 0,139262 0,000029
strangers 0,356675 0,000074
straw 0,356675 0,000074
strawed 3,506558 0,000728
stream 0,210721 0,000044
streams 0,843970 0,000175
street 0,198451 0,000041
streets 0,274437 0,000057
strength 0,030459 0,000006
strengthen 0,916291 0,000190
strengthened 0,820981 0,000170
stretch 0,446287 0,000093
stretched 0,274437 0,000057
stricken 0,653926 0,000136
strife 1,021651 0,000212
strike 0,210721 0,000044
strip 0,597837 0,000124
stripe 2,407946 0,000500
stripes 1,309333 0,000272
stripling 2,302585 0,000478
stripped 0,776529 0,000161
stript 2,407946 0,000500
strive 0,820981 0,000170
strivings 2,995732 0,000622
stroke 0,356675 0,000074
strong 0,030459 0,000006
stronger 0,287682 0,000060
strove 1,078810 0,000224
strowed 3,506558 0,000728
struck 0,083382 0,000017
struggled 0,415515 0,000086
stubble 1,609438 0,000334
stubborn 0,843970 0,000175
stubbornness 2,120264 0,000440
stuck 0,462035 0,000096
stuff 0,385662 0,000080
stumbled 0,891598 0,000185
stump 1,309333 0,000272
subdue 1,171183 0,000243
subdued 0,494296 0,000103
submit 0,579818 0,000120
submitted 0,755023 0,000157
substance 0,415515 0,000086
subtilly 3,506558 0,000728
subtilty 2,525729 0,000524
suburbs 1,609438 0,000334
succeed 0,328504 0,000068
succeeded 0,186330 0,000039
success 0,162519 0,000034
succoth 3,218876 0,000668
succour 1,714798 0,000356
succoured 2,813411 0,000584
suck 1,139434 0,000237
sucking 1,203973 0,000250
suckling 2,407946 0,000500
sucklings 2,659260 0,000552
suddenly 0,040822 0,000008
suffer 0,127833 0,000027
suffered 0,210721 0,000044
suffice 0,673345 0,000140
sufficed 1,272966 0,000264
sufficient 0,139262 0,000029
suit 0,261365 0,000054
sum 0,356675 0,000074
summer 0,186330 0,000039
sun 0,072571 0,000015
sunk 0,371064 0,000077
sunrising 3,506558 0,000728
superfluous 0,867501 0,000180
supplanted 2,302585 0,000478
supplication 1,203973 0,000250
supplications 2,120264 0,000440
suppose 0,072571 0,000015
sur 2,040221 0,000424
surely 0,186330 0,000039
surety 2,207275 0,000458
susi 3,506558 0,000728
sustain 0,916291 0,000190
sustained 0,579818 0,000120
sustenance 1,469676 0,000305
swallow 0,616186 0,000128
swallowed 0,462035 0,000096
swan 1,309333 0,000272
sware 3,506558 0,000728
swarm 1,237874 0,000257
swarms 1,897120 0,000394
swear 0,494296 0,000103
swearing 0,994252 0,000206
sweat 0,634878 0,000132
sweet 0,174353 0,000036
sweeter 1,108663 0,000230
sweetness 0,673345 0,000140
swell 0,653926 0,000136
swelled 0,776529 0,000161
swept 0,385662 0,000080
swift 0,415515 0,000086
swifter 1,966113 0,000408
swim 0,755023 0,000157
swine 1,347074 0,000280
sword 0,462035 0,000096
swords 0,994252 0,000206
sworn 0,673345 0,000140
sycomore 3,506558 0,000728
syria 2,120264 0,000440
syrian 2,207275 0,000458
syrians 2,995732 0,000622
tabernacle 1,966113 0,000408
tabernacles 2,659260 0,000552
table 0,094311 0,000020
tables 0,415515 0,000086
tablets 2,040221 0,000424
tabor 3,218876 0,000668
tabret 3,506558 0,000728
taches 3,218876 0,000668
tail 0,462035 0,000096
tails 0,713350 0,000148
taketh 2,302585 0,000478
tale 0,287682 0,000060
talebearer 3,506558 0,000728
talent 0,544727 0,000113
talents 0,798508 0,000166
talk 0,083382 0,000017
talked 0,261365 0,000054
talking 0,150823 0,000031
tall 0,223144 0,000046
taller 0,941609 0,000196
tanach 3,506558 0,000728
tare 2,813411 0,000584
tarea 3,506558 0,000728
target 1,514128 0,000314
targets 2,813411 0,000584
tarried 2,120264 0,000440
tarry 1,714798 0,000356
tartan 3,218876 0,000668
task 0,261365 0,000054
taskmasters 3,506558 0,000728
tasks 1,386294 0,000288
taste 0,174353 0,000036
tasted 0,544727 0,000113
taught 0,248461 0,000052
taxation 1,966113 0,000408
taxed 1,560648 0,000324
teach 0,248461 0,000052
teacher 0,527633 0,000110
teaching 0,462035 0,000096
tear 0,371064 0,000077
tears 0,150823 0,000031
teeth 0,198451 0,000041
telling 1,560648 0,000324
tema 3,506558 0,000728
teman 3,506558 0,000728
tempered 0,653926 0,000136
temple 0,527633 0,000110
temples 0,616186 0,000128
tempt 0,967584 0,000201
temptations 1,049822 0,000218
tempted 0,527633 0,000110
tender 0,314711 0,000065
tenderhearted 2,995732 0,000622
tenderness 0,616186 0,000128
tenons 3,506558 0,000728
tenor 1,171183 0,000243
tent 0,994252 0,000206
tenth 0,776529 0,000161
tents 1,171183 0,000243
teraphim 3,506558 0,000728
terraces 2,207275 0,000458
terrible 0,186330 0,000039
terribleness 2,995732 0,000622
terrified 0,693147 0,000144
terror 0,198451 0,000041
terrors 0,843970 0,000175
testament 1,108663 0,000230
testified 1,386294 0,000288
testify 1,347074 0,000280
testimonies 2,120264 0,000440
testimony 0,579818 0,000120
thanksgiving 1,609438 0,000334
thanksgivings 2,813411 0,000584
thee 0,597837 0,000124
theft 1,347074 0,000280
thenceforth 1,560648 0,000324
thereat 2,207275 0,000458
therefrom 1,771957 0,000368
thereon 1,469676 0,000305
thereout 3,506558 0,000728
thereunto 2,813411 0,000584
therewith 1,560648 0,000324
thessalonians 3,218876 0,000668
thicket 1,203973 0,000250
thickets 1,514128 0,000314
thickness 1,427116 0,000296
thief 0,653926 0,000136
thigh 1,347074 0,000280
thighs 1,514128 0,000314
thine 1,139434 0,000237
thinking 0,274437 0,000057
thirst 0,527633 0,000110
thirsted 1,897120 0,000394
thirsty 0,843970 0,000175
thirteen 0,579818 0,000120
thirteenth 1,203973 0,000250
thirtieth 1,714798 0,000356
thistle 2,525729 0,000524
thistles 2,302585 0,000478
thither 0,579818 0,000120
thitherward 2,525729 0,000524
thorns 1,309333 0,000272
thread 0,430783 0,000089
threescore 2,120264 0,000440
threshed 3,506558 0,000728
threshing 2,207275 0,000458
threshold 0,562119 0,000117
thresholds 2,995732 0,000622
threw 0,116534 0,000024
thrice 0,755023 0,000157
throne 0,798508 0,000166
throw 0,083382 0,000017
throwing 0,287682 0,000060
thrown 0,116534 0,000024
thrust 0,328504 0,000068
thumb 0,967584 0,000201
thumbs 2,407946 0,000500
thunder 0,462035 0,000096
thundered 1,469676 0,000305
thunders 1,714798 0,000356
thy 0,634878 0,000132
thyself 1,272966 0,000264
tidal 2,659260 0,000552
tidings 1,139434 0,000237
tie 0,510826 0,000106
tied 0,261365 0,000054
tillage 1,966113 0,000408
tiller 2,302585 0,000478
timber 0,867501 0,000180
timbrel 3,218876 0,000668
timbrels 3,218876 0,000668
time -0,009950 -0,000002
times 0,010050 0,000002
timothy 2,995732 0,000622
tin 0,798508 0,000166
tingle 2,207275 0,000458
tired 0,198451 0,000041
tirshatha 3,506558 0,000728
tithe 2,302585 0,000478
tithes 2,207275 0,000458
tithing 3,506558 0,000728
title 0,116534 0,000024
titus 2,040221 0,000424
tob 3,506558 0,000728
tobiah 3,506558 0,000728
toe 1,049822 0,000218
toes 0,755023 0,000157
toi 2,995732 0,000622
toil 0,616186 0,000128
token 0,798508 0,000166
tokens 1,386294 0,000288
tola 3,218876 0,000668
toll 1,660731 0,000345
tomorrow 0,755023 0,000157
tongs 1,386294 0,000288
tongue 0,162519 0,000034
tongues 0,634878 0,000132
tool 1,021651 0,000212
tooth 1,049822 0,000218
topaz 2,525729 0,000524
torn 0,248461 0,000052
tortoise 1,609438 0,000334
tou 3,506558 0,000728
touch 0,083382 0,000017
touched 0,139262 0,000029
touching 0,301105 0,000063
tow 1,832581 0,000381
tower 0,527633 0,000110
towers 0,967584 0,000201
town 0,105361 0,000022
towns 0,527633 0,000110
trade 0,328504 0,000068
traffick 3,506558 0,000728
train 0,274437 0,000057
trained 0,544727 0,000113
trance 1,469676 0,000305
transgress 1,832581 0,000381
transgressed 1,966113 0,000408
transgressing 2,407946 0,000500
transgression 1,832581 0,000381
transgressions 1,771957 0,000368
translate 1,427116 0,000296
traps 1,386294 0,000288
travail 1,966113 0,000408
travailed 3,218876 0,000668
traveller 1,021651 0,000212
travellers 0,994252 0,000206
treacherously 2,207275 0,000458
treachery 0,755023 0,000157
tread 0,562119 0,000117
treading 1,203973 0,000250
treason 1,514128 0,000314
treasure 0,385662 0,000080
treasurer 1,966113 0,000408
treasurers 3,218876 0,000668
treasures 0,755023 0,000157
treasuries 2,659260 0,000552
treasury 1,309333 0,000272
tree 0,235722 0,000049
trees 0,127833 0,000027
tremble 0,713350 0,000148
trembled 0,462035 0,000096
trembling 0,287682 0,000060
trench 1,832581 0,000381
trespass 1,832581 0,000381
trespassed 2,813411 0,000584
trespasses 2,995732 0,000622
trespassing 3,218876 0,000668
tribe 0,941609 0,000196
tribes 1,108663 0,000230
tribulation 2,040221 0,000424
tribulations 2,659260 0,000552
tributaries 2,659260 0,000552
tribute 1,021651 0,000212
trimmed 1,237874 0,000257
triumph 0,274437 0,000057
triumphed 1,609438 0,000334
trodden 1,237874 0,000257
trode 2,995732 0,000622
troop 1,078810 0,000224
trouble 0,051293 0,000011
troubled 0,287682 0,000060
troubler 3,506558 0,000728
troubles 0,478036 0,000099
trough 1,427116 0,000296
troughs 2,525729 0,000524
true 0,020203 0,000004
trumpet 0,916291 0,000190
trumpeters 2,813411 0,000584
trumpets 1,660731 0,000345
trust 0,116534 0,000024
trusted 0,544727 0,000113
truth 0,030459 0,000006
tubal 3,218876 0,000668
tumbled 0,867501 0,000180
tumult 0,820981 0,000170
turtledove 3,218876 0,000668
turtledoves 3,218876 0,000668
turtles 2,040221 0,000424
twain 1,660731 0,000345
twelfth 1,237874 0,000257
twentieth 1,108663 0,000230
twilight 0,733969 0,000152
twined 1,514128 0,000314
twins 1,714798 0,000356
tyre 2,407946 0,000500
ulla 3,506558 0,000728
unawares 1,237874 0,000257
uncircumcised 3,506558 0,000728
uncle 0,579818 0,000120
unclean 1,386294 0,000288
uncleanness 2,407946 0,000500
uncover 2,040221 0,000424
uncovered 1,108663 0,000230
understand 0,030459 0,000006
understanding 0,223144 0,000046
understood 0,061875 0,000013
undone 0,994252 0,000206
undressed 1,386294 0,000288
ungirded 3,506558 0,000728
ungodly 2,040221 0,000424
unholy 1,469676 0,000305
unicorn 2,525729 0,000524
unicorns 2,995732 0,000622
united 0,094311 0,000020
unleavened 3,218876 0,000668
unmindful 1,966113 0,000408
unoccupied 1,560648 0,000324
unrighteous 1,966113 0,000408
unrighteously 3,218876 0,000668
unrighteousness 2,659260 0,000552
unsavoury 2,659260 0,000552
unstable 2,040221 0,000424
unwalled 3,218876 0,000668
unweighed 3,506558 0,000728
unwise 1,469676 0,000305
unwittingly 1,660731 0,000345
upbraid 1,714798 0,000356
upper 0,314711 0,000065
uppermost 1,237874 0,000257
upright 0,328504 0,000068
uprightness 1,771957 0,000368
uproar 1,049822 0,000218
upside 1,347074 0,000280
upward 0,579818 0,000120
ur 2,813411 0,000584
urged 0,356675 0,000074
urgent 0,798508 0,000166
uri 3,218876 0,000668
uriah 2,995732 0,000622
uriel 2,995732 0,000622
urim 3,218876 0,000668
usurer 2,302585 0,000478
usury 2,207275 0,000458
utmost 0,356675 0,000074
utter 0,248461 0,000052
uttered 0,430783 0,000089
utterly 0,371064 0,000077
uttermost 2,040221 0,000424
vagabond 1,309333 0,000272
vail 2,995732 0,000622
vain 0,116534 0,000024
vale 1,347074 0,000280
valiant 1,309333 0,000272
valiantly 2,040221 0,000424
valley 0,616186 0,000128
valleys 1,108663 0,000230
valour 1,560648 0,000324
vanities 1,609438 0,000334
vanity 0,415515 0,000086
vaunt 2,120264 0,000440
vengeance 0,579818 0,000120
venison 1,771957 0,000368
venom 1,714798 0,000356
venture 0,342490 0,000071
verified 1,469676 0,000305
verily 1,139434 0,000237
version 0,385662 0,000080
vessel 0,510826 0,000106
vessels 0,713350 0,000148
vestments 2,040221 0,000424
vestry 2,207275 0,000458
vesture 2,525729 0,000524
vestures 2,995732 0,000622
vex 1,427116 0,000296
vexation 0,867501 0,000180
vexations 2,120264 0,000440
vexed 0,733969 0,000152
vial 2,659260 0,000552
victory 0,371064 0,000077
victual 3,218876 0,000668
victuals 2,120264 0,000440
view 0,105361 0,000022
viewed 0,261365 0,000054
vile 0,693147 0,000144
vilely 2,120264 0,000440
villages 0,820981 0,000170
vine 1,049822 0,000218
vinegar 1,078810 0,000224
vines 1,237874 0,000257
vineyard 1,714798 0,000356
vineyards 1,560648 0,000324
vintage 1,714798 0,000356
violence 0,248461 0,000052
violent 0,223144 0,000046
violently 0,462035 0,000096
virgin 0,755023 0,000157
virginity 2,120264 0,000440
virgins 1,897120 0,000394
virtuous 0,653926 0,000136
vision 0,371064 0,000077
visions 0,733969 0,000152
visit 0,061875 0,000013
visitation 1,771957 0,000368
visited 0,328504 0,000068
visiting 0,713350 0,000148
voice 0,020203 0,000004
voices 0,287682 0,000060
void 0,274437 0,000057
voluntary 0,843970 0,000175
vow 1,078810 0,000224
vowed 1,469676 0,000305
vows 1,237874 0,000257
vulture 1,897120 0,000394
wafer 2,207275 0,000458
wafers 2,995732 0,000622
wages 0,916291 0,000190
wagon 1,171183 0,000243
wagons 1,469676 0,000305
wait 0,094311 0,000020
waited 0,198451 0,000041
waiting 0,083382 0,000017
walk 0,105361 0,000022
walked 0,210721 0,000044
walking 0,083382 0,000017
wall 0,198451 0,000041
walled 1,347074 0,000280
wallowed 2,207275 0,000458
walls 0,139262 0,000029
wander 0,579818 0,000120
wandered 0,494296 0,000103
wandering 0,274437 0,000057
war 0,162519 0,000034
ward 0,916291 0,000190
wardrobe 1,139434 0,000237
wards 1,714798 0,000356
ware 1,660731 0,000345
warfare 1,272966 0,000264
warm 0,139262 0,000029
warn 0,579818 0,000120
warned 0,527633 0,000110
warp 1,966113 0,000408
warred 2,995732 0,000622
warring 1,832581 0,000381
warriors 1,427116 0,000296
wars 0,820981 0,000170
wash 0,478036 0,000099
washed 0,494296 0,000103
washing 0,579818 0,000120
wast 2,120264 0,000440
waste 0,186330 0,000039
wasted 0,400478 0,000083
watch 0,094311 0,000020
watches 0,798508 0,000166
watching 0,210721 0,000044
watchman 1,427116 0,000296
watchmen 2,120264 0,000440
water 0,051293 0,000011
watercourse 2,659260 0,000552
watered 1,272966 0,000264
watering 1,347074 0,000280
waters 0,356675 0,000074
wave 0,527633 0,000110
waved 0,755023 0,000157
waves 0,478036 0,000099
wax 0,597837 0,000124
waxed 1,514128 0,000314
waxen 1,514128 0,000314
wayfaring 2,813411 0,000584
wayside 1,714798 0,000356
weak 0,116534 0,000024
weakened 0,994252 0,000206
weaker 0,634878 0,000132
wealth 0,287682 0,000060
weaned 2,407946 0,000500
weapon 0,634878 0,000132
weapons 0,693147 0,000144
wear 0,274437 0,000057
wearied 0,820981 0,000170
wearing 0,415515 0,000086
weary 0,198451 0,000041
weasel 2,407946 0,000500
weaver 1,966113 0,000408
wedge 1,714798 0,000356
week 0,235722 0,000049
weeks 0,248461 0,000052
weep 0,755023 0,000157
weeping 0,544727 0,000113
weigh 0,579818 0,000120
weighed 0,430783 0,000089
weighing 0,994252 0,000206
weight 0,116534 0,000024
weights 1,469676 0,000305
welfare 0,916291 0,000190
wen 2,813411 0,000584
wench 1,966113 0,000408
wept 0,597837 0,000124
west 0,083382 0,000017
western 0,616186 0,000128
westward 1,139434 0,000237
whales 2,120264 0,000440
whatsoever 0,287682 0,000060
wheat 0,994252 0,000206
wheaten 2,659260 0,000552
wheel 0,446287 0,000093
wheels 0,616186 0,000128
whelp 2,407946 0,000500
whelps 2,302585 0,000478
whensoever 2,659260 0,000552
whereabout 2,813411 0,000584
wherefore 1,139434 0,000237
whereinto 3,506558 0,000728
whereof 1,237874 0,000257
whereon 1,309333 0,000272
wheresoever 2,207275 0,000458
whereunto 2,525729 0,000524
wherewith 1,514128 0,000314
whet 2,302585 0,000478
whips 1,714798 0,000356
whirlwind 1,609438 0,000334
whispered 0,400478 0,000083
whit 1,171183 0,000243
white 0,051293 0,000011
whithersoever 2,525729 0,000524
wholly 0,400478 0,000083
whomsoever 1,897120 0,000394
whore 2,813411 0,000584
whoredom 3,218876 0,000668
whoredoms 3,506558 0,000728
whoring 2,995732 0,000622
whoso 2,207275 0,000458
whosoever 1,714798 0,000356
wicked 0,356675 0,000074
wickedly 1,966113 0,000408
wickedness 0,916291 0,000190
wide 0,061875 0,000013
widow 0,579818 0,000120
widowhood 2,407946 0,000500
widows 1,660731 0,000345
wife 0,094311 0,000020
wild 0,051293 0,000011
wilderness 0,693147 0,000144
wiles 1,771957 0,000368
wilily 3,506558 0,000728
willingly 0,527633 0,000110
willows 1,609438 0,000334
wilt 2,040221 0,000424
win 0,462035 0,000096
wind 0,105361 0,000022
winding 0,634878 0,000132
window 0,274437 0,000057
windows 0,261365 0,000054
wine 0,248461 0,000052
winepress 3,218876 0,000668
wing 0,562119 0,000117
winged 1,272966 0,000264
wings 0,430783 0,000089
winter 0,198451 0,000041
wipe 0,776529 0,000161
wiping 1,108663 0,000230
wires 1,469676 0,000305
wisdom 0,287682 0,000060
wise 0,105361 0,000022
wisely 0,653926 0,000136
wiser 0,597837 0,000124
wist 2,995732 0,000622
wit 0,328504 0,000068
witch 1,514128 0,000314
witchcraft 1,714798 0,000356
withal 1,347074 0,000280
withdraw 0,597837 0,000124
withdrawn 0,616186 0,000128
withdrew 0,510826 0,000106
withered 0,843970 0,000175
withheld 1,108663 0,000230
withhold 1,832581 0,000381
withholden 3,506558 0,000728
withstand 1,469676 0,000305
withstood 1,560648 0,000324
witness 0,198451 0,000041
witnessed 0,798508 0,000166
witnesses 0,579818 0,000120
wittingly 2,813411 0,000584
wives 0,400478 0,000083
wizard 1,966113 0,000408
wizards 2,995732 0,000622
woe 0,755023 0,000157
wolf 0,867501 0,000180
woman 0,061875 0,000013
womankind 2,040221 0,000424
womb 1,272966 0,000264
wombs 3,218876 0,000668
women 0,094311 0,000020
wonderful 0,162519 0,000034
wonderfully 0,510826 0,000106
wondrous 1,203973 0,000250
wood 0,116534 0,000024
woof 2,525729 0,000524
wool 1,049822 0,000218
woollen 1,660731 0,000345
word 0,020203 0,000004
worker 1,427116 0,000296
workers 1,237874 0,000257
workman 1,078810 0,000224
workmanship 1,272966 0,000264
workmen 0,916291 0,000190
worm 0,843970 0,000175
worms 1,078810 0,000224
wormwood 1,966113 0,000408
worse 0,083382 0,000017
worship 0,544727 0,000113
worshipped 1,203973 0,000250
worshippers 1,771957 0,000368
worshipping 1,966113 0,000408
worth 0,061875 0,000013
worthily 1,897120 0,000394
worthy 0,186330 0,000039
wot 2,040221 0,000424
wotteth 3,506558 0,000728
wouldest 3,218876 0,000668
wound 0,274437 0,000057
wounded 0,274437 0,000057
wounding 1,609438 0,000334
wounds 0,562119 0,000117
wove 2,120264 0,000440
woven 1,108663 0,000230
wrapped 0,579818 0,000120
wrath 0,634878 0,000132
wreath 1,272966 0,000264
wreathen 3,506558 0,000728
wreaths 1,171183 0,000243
wrest 1,832581 0,000381
wrestled 1,897120 0,000394
wrestlings 2,813411 0,000584
wretchedness 1,139434 0,000237
wring 1,427116 0,000296
write 0,150823 0,000031
writer 0,415515 0,000086
writing 0,061875 0,000013
written 0,051293 0,000011
wrong 0,083382 0,000017
wrote 0,150823 0,000031
wroth 2,302585 0,000478
wrung 1,021651 0,000212
yarn 1,714798 0,000356
yea 1,897120 0,000394
yearly 1,203973 0,000250
yearn 2,207275 0,000458
yearned 1,966113 0,000408
yellow 0,328504 0,000068
yesterday 0,301105 0,000063
yesternight 2,525729 0,000524
yield 0,342490 0,000071
yielded 0,510826 0,000106
yielding 0,653926 0,000136
yoke 1,049822 0,000218
yonder 0,843970 0,000175
youth 0,150823 0,000031
zachariah 3,218876 0,000668
zeal 0,579818 0,000120
zealous 1,049822 0,000218
zebulun 3,506558 0,000728
zechariah 3,506558 0,000728
zephaniah 3,506558 0,000728
zer 3,218876 0,000668
zillah 3,218876 0,000668
zilpah 3,506558 0,000728
zion 2,995732 0,000622
