abandon 0,544727 0,000078
abandoned 0,371064 0,000053
abashed 1,560648 0,000224
abbey 1,609438 0,000231
abed 2,207275 0,000316
abhorred 1,560648 0,000224
abide 0,287682 0,000041
aboard 1,237874 0,000177
abodes 2,120264 0,000304
abreast 1,203973 0,000173
absorbed 0,634878 0,000091
abused 0,843970 0,000121
acceded 2,040221 0,000292
accent 0,843970 0,000121
accept 0,094311 0,000014
accepted 0,139262 0,000020
accepting 0,287682 0,000041
access 0,314711 0,000045
accessed 0,562119 0,000081
accessible 0,446287 0,000064
accident 0,371064 0,000053
accidentally 0,820981 0,000118
accidents 0,820981 0,000118
accommodating 2,207275 0,000316
accompanied 0,223144 0,000032
accompaniment 1,560648 0,000224
accompany 0,562119 0,000081
accomplish 0,733969 0,000105
accomplished 0,385662 0,000055
accord 0,597837 0,000086
accost 2,040221 0,000292
accosted 1,386294 0,000199
account 0,010050 0,000001
accounts 0,597837 0,000086
accredited 2,995732 0,000429
accustomed 0,287682 0,000041
ache 1,309333 0,000188
ached 1,560648 0,000224
aching 1,309333 0,000188
acknowledge 0,527633 0,000076
acknowledged 0,597837 0,000086
acknowledging 1,386294 0,000199
acquaintance 0,301105 0,000043
acquainted 0,385662 0,000055
acquired 0,462035 0,000066
active 0,127833 0,000018
activity 0,446287 0,000064
actual 0,174353 0,000025
adam 0,941609 0,000135
adapt 1,514128 0,000217
add 0,198451 0,000028
adding 0,510826 0,000073
addition 0,116534 0,000017
additional 0,198451 0,000028
additions 0,371064 0,000053
address 0,116534 0,000017
addressed 0,274437 0,000039
addresses 0,385662 0,000055
addressing 0,579818 0,000083
adjoining 0,843970 0,000121
adjusted 1,171183 0,000168
adjusting 1,714798 0,000246
administered 1,139434 0,000163
admirable 0,527633 0,000076
admiral 1,386294 0,000199
admiration 0,342490 0,000049
admire 0,527633 0,000076
admired 0,579818 0,000083
admirer 1,347074 0,000193
admiring 0,776529 0,000111
admission 0,713350 0,000102
admit 0,235722 0,000034
admittance 1,427116 0,000205
admitted 0,301105 0,000043
adored 1,139434 0,000163
adorned 0,941609 0,000135
adrian 2,813411 0,000403
advance 0,223144 0,000032
advantage 0,139262 0,000020
adventure 0,510826 0,000073
adventurer 1,832581 0,000263
adventures 0,562119 0,000081
advised 0,616186 0,000088
adviser 1,966113 0,000282
advises 2,407946 0,000345
advising 1,237874 0,000177
affable 1,514128 0,000217
affair 0,301105 0,000043
affairs 0,235722 0,000034
affectionate 0,616186 0,000088
affectionately 1,237874 0,000177
affirm 1,139434 0,000163
affliction 0,867501 0,000124
afford 0,301105 0,000043
afforded 0,616186 0,000088
affords 1,139434 0,000163
afloat 1,966113 0,000282
afraid 0,105361 0,000015
afresh 1,021651 0,000146
africa 0,967584 0,000139
african 1,427116 0,000205
afternoon 0,287682 0,000041
afternoons 1,771957 0,000254
afterward 1,139434 0,000163
age 0,051293 0,000007
aged 0,198451 0,000028
agent 0,274437 0,000039
ages 0,261365 0,000037
agitated 0,693147 0,000099
aglow 2,120264 0,000304
agonized 2,407946 0,000345
agony 0,544727 0,000078
agree 0,116534 0,000017
agreeable 0,462035 0,000066
agreed 0,116534 0,000017
agreement 0,210721 0,000030
agrees 1,427116 0,000205
aha 1,771957 0,000254
ahem 2,525729 0,000362
aid 0,287682 0,000041
aided 0,916291 0,000131
ails 1,660731 0,000238
aims 1,171183 0,000168
air 0,061875 0,000009
aired 2,659260 0,000381
airs 1,078810 0,000155
airtight 3,506558 0,000503
aisle 2,040221 0,000292
aisles 2,525729 0,000362
ak 1,347074 0,000193
alack 2,995732 0,000429
alarm 0,356675 0,000051
alas 0,462035 0,000066
albatross 2,995732 0,000429
albert 1,832581 0,000263
alike 0,287682 0,000041
alive 0,051293 0,000007
allotted 1,139434 0,000163
allowance 0,776529 0,000111
alluded 1,139434 0,000163
almanac 2,525729 0,000362
aloof 1,309333 0,000188
aloud 0,301105 0,000043
alteration 0,314711 0,000045
altered 0,510826 0,000073
alternate 0,328504 0,000047
alternately 1,021651 0,000146
alternating 2,120264 0,000304
alternative 1,078810 0,000155
altogether 0,198451 0,000028
amazement 0,446287 0,000064
ambassador 1,386294 0,000199
amen 1,237874 0,000177
america 0,579818 0,000083
american 0,733969 0,000105
americans 1,237874 0,000177
amiable 0,755023 0,000108
amply 0,967584 0,000139
amsterdam 2,207275 0,000316
amused 0,562119 0,000081
ancestors 0,527633 0,000076
anchor 0,867501 0,000124
anchors 2,040221 0,000292
ancient 0,198451 0,000028
anderson 2,120264 0,000304
anecdotes 1,427116 0,000205
angel 0,579818 0,000083
angels 0,776529 0,000111
anger 0,328504 0,000047
anglo 2,302585 0,000330
angrier 2,659260 0,000381
angrily 0,867501 0,000124
angry 0,174353 0,000025
anguish 0,579818 0,000083
animal 0,261365 0,000037
animals 0,494296 0,000071
animated 0,755023 0,000108
animation 1,171183 0,000168
anise 3,912023 0,000561
anisette 3,912023 0,000561
annals 1,660731 0,000238
annie 2,407946 0,000345
announcement 1,139434 0,000163
answer 0,040822 0,000006
answered 0,072571 0,000010
answers 0,415515 0,000060
anthem 2,525729 0,000362
antic 2,995732 0,000429
antigonus 2,995732 0,000429
antwerp 2,207275 0,000316
anxieties 1,203973 0,000173
anxiety 0,287682 0,000041
anxious 0,261365 0,000037
anxiously 0,693147 0,000099
apartment 0,693147 0,000099
apiece 1,309333 0,000188
apologizing 2,120264 0,000304
apology 0,713350 0,000102
appalled 1,203973 0,000173
apparatus 1,347074 0,000193
apparel 1,203973 0,000173
apparition 0,994252 0,000142
appeal 0,342490 0,000049
appearance 0,083382 0,000012
appetite 0,371064 0,000053
applauding 2,120264 0,000304
applicable 0,400478 0,000057
application 0,733969 0,000105
applied 0,287682 0,000041
apply 0,162519 0,000023
appointed 0,356675 0,000051
apprenticeship 2,120264 0,000304
approach 0,083382 0,000012
approached 0,248461 0,000036
approaching 0,235722 0,000034
approbation 1,203973 0,000173
approval 0,798508 0,000114
approving 1,427116 0,000205
approvingly 1,771957 0,000254
apron 1,386294 0,000199
aprons 1,897120 0,000272
apt 0,579818 0,000083
arbor 2,407946 0,000345
arc 1,832581 0,000263
arch 0,820981 0,000118
archery 2,407946 0,000345
arches 1,427116 0,000205
architectural 2,207275 0,000316
architecture 1,108663 0,000159
archive 0,544727 0,000078
arctic 2,040221 0,000292
argument 0,371064 0,000053
aristocratic 1,309333 0,000188
arithmetic 1,203973 0,000173
arm 0,094311 0,000014
armed 0,385662 0,000055
armful 2,407946 0,000345
armlet 3,506558 0,000503
armlike 3,912023 0,000561
armor 1,832581 0,000263
armorial 3,218876 0,000461
arms 0,051293 0,000007
army 0,371064 0,000053
aroused 0,755023 0,000108
arousing 1,966113 0,000282
arrange 0,579818 0,000083
arranged 0,328504 0,000047
arrangements 0,634878 0,000091
arranging 0,820981 0,000118
array 0,314711 0,000045
arrayed 1,427116 0,000205
arrest 0,941609 0,000135
arrested 0,733969 0,000105
arresting 1,897120 0,000272
arrival 0,356675 0,000051
arrived 0,150823 0,000022
arrow 0,653926 0,000094
arrows 1,021651 0,000146
art 0,139262 0,000020
article 0,673345 0,000096
articles 0,527633 0,000076
artificer 2,207275 0,000316
artist 0,634878 0,000091
artists 1,139434 0,000163
ascended 0,713350 0,000102
ascending 1,049822 0,000150
ascertain 0,798508 0,000114
ascii 0,562119 0,000081
ash 1,386294 0,000199
ashamed 0,248461 0,000036
ashes 0,462035 0,000066
asia 1,108663 0,000159
asleep 0,162519 0,000023
aspect 0,462035 0,000066
assailants 1,897120 0,000272
assembled 0,510826 0,000073
assent 0,916291 0,000131
assented 1,108663 0,000159
assist 0,510826 0,000073
assistance 0,105361 0,000015
assistant 0,994252 0,000142
assisting 1,078810 0,000155
assume 0,478036 0,000069
assumed 0,385662 0,000055
assure 0,385662 0,000055
assured 0,301105 0,000043
assuring 0,967584 0,000139
astonished 0,301105 0,000043
astonishing 0,653926 0,000094
astonishment 0,301105 0,000043
astounding 1,660731 0,000238
astral 2,813411 0,000403
astride 1,514128 0,000217
asylum 1,347074 0,000193
ate 0,415515 0,000060
athens 1,386294 0,000199
atlantic 1,171183 0,000168
atmosphere 0,579818 0,000083
atone 1,386294 0,000199
atonement 1,427116 0,000205
attached 0,127833 0,000018
attempt 0,083382 0,000012
attempted 0,356675 0,000051
attempting 0,579818 0,000083
attempts 0,478036 0,000069
attend 0,301105 0,000043
attended 0,342490 0,000049
attends 1,560648 0,000224
attention 0,083382 0,000012
attentively 0,755023 0,000108
attire 1,203973 0,000173
attired 1,427116 0,000205
attitudes 1,771957 0,000254
attract 0,634878 0,000091
attracted 0,356675 0,000051
attracting 1,427116 0,000205
aught 0,891598 0,000128
august 0,616186 0,000088
augustus 1,714798 0,000246
aunt 0,843970 0,000121
author 0,116534 0,000017
automata 3,506558 0,000503
automaton 2,525729 0,000362
autumn 0,653926 0,000094
avail 0,544727 0,000078
avenues 1,427116 0,000205
average 0,820981 0,000118
avoid 0,174353 0,000025
avow 1,832581 0,000263
await 0,776529 0,000111
awaited 0,733969 0,000105
awaiting 0,693147 0,000099
awaits 1,237874 0,000177
awake 0,356675 0,000051
awaken 0,891598 0,000128
awakened 0,673345 0,000096
awakening 1,108663 0,000159
awakes 2,120264 0,000304
award 2,813411 0,000403
awed 1,560648 0,000224
awestruck 2,659260 0,000381
awful 0,328504 0,000047
awhile 0,967584 0,000139
awkward 0,544727 0,000078
awoke 0,446287 0,000064
ax 1,832581 0,000263
axis 2,525729 0,000362
aye 1,347074 0,000193
baar 3,912023 0,000561
babies 1,514128 0,000217
baby 0,673345 0,000096
babyhood 3,218876 0,000461
bacon 0,994252 0,000142
bad 0,051293 0,000007
bade 0,597837 0,000086
badly 0,446287 0,000064
bag 0,544727 0,000078
baggage 0,941609 0,000135
bah 1,514128 0,000217
balance 0,544727 0,000078
balanced 1,021651 0,000146
balcony 1,514128 0,000217
ball 0,356675 0,000051
ballad 1,771957 0,000254
balls 0,798508 0,000114
band 0,430783 0,000062
bandage 1,427116 0,000205
bandaged 1,832581 0,000263
bandbox 2,995732 0,000429
bank 0,261365 0,000037
banks 0,494296 0,000071
banners 1,560648 0,000224
bare 0,162519 0,000023
bared 1,469676 0,000211
barefoot 1,609438 0,000231
barely 0,798508 0,000114
bargain 0,597837 0,000086
barge 1,897120 0,000272
bargemen 3,506558 0,000503
barges 2,302585 0,000330
bark 0,597837 0,000086
barkers 3,506558 0,000503
barking 1,237874 0,000177
barn 1,309333 0,000188
barrel 0,843970 0,000121
barriers 1,171183 0,000168
bartholomew 2,040221 0,000292
base 0,301105 0,000043
based 0,371064 0,000053
bashful 1,609438 0,000231
bashfully 2,525729 0,000362
basin 0,941609 0,000135
basket 0,673345 0,000096
basketful 2,995732 0,000429
baskets 1,203973 0,000173
bathed 0,798508 0,000114
battle 0,287682 0,000041
battledore 2,659260 0,000381
battlefield 1,966113 0,000282
bead 2,207275 0,000316
beads 1,469676 0,000211
beam 0,843970 0,000121
beamed 1,514128 0,000217
beaming 1,386294 0,000199
beams 0,994252 0,000142
beans 1,560648 0,000224
bear 0,061875 0,000009
beard 0,579818 0,000083
beards 1,771957 0,000254
bearers 1,309333 0,000188
bearing 0,162519 0,000023
beat 0,186330 0,000027
beaten 0,400478 0,000057
beating 0,314711 0,000045
beats 0,941609 0,000135
beauties 0,820981 0,000118
beautiful 0,083382 0,000012
beautifully 0,867501 0,000124
beauty 0,174353 0,000025
beaux 2,302585 0,000330
beavers 3,912023 0,000561
beckoned 1,272966 0,000182
beckoning 1,609438 0,000231
beckons 3,218876 0,000461
bed 0,051293 0,000007
bedclothes 1,966113 0,000282
bedding 1,771957 0,000254
bedroom 0,798508 0,000114
beds 0,430783 0,000062
bedside 1,171183 0,000168
bedsides 3,912023 0,000561
bedstead 1,347074 0,000193
bedsteads 2,207275 0,000316
bedtime 1,966113 0,000282
bee 1,078810 0,000155
beef 0,916291 0,000131
beer 0,941609 0,000135
bees 1,021651 0,000146
beg 0,210721 0,000030
beggar 0,733969 0,000105
beggars 1,171183 0,000168
beggary 2,120264 0,000304
begged 0,462035 0,000066
begging 0,713350 0,000102
behave 0,713350 0,000102
behaved 0,798508 0,000114
behavior 1,714798 0,000246
behold 0,342490 0,000049
beholders 1,966113 0,000282
bein 2,207275 0,000316
belated 1,514128 0,000217
beleaguered 3,218876 0,000461
belgian 2,659260 0,000381
belgians 3,506558 0,000503
belief 0,198451 0,000028
bell 0,400478 0,000057
bellerophon 2,995732 0,000429
belles 2,525729 0,000362
bells 0,597837 0,000086
belong 0,235722 0,000034
belonged 0,314711 0,000045
belongs 0,415515 0,000060
beloved 0,415515 0,000060
belt 0,713350 0,000102
belts 2,040221 0,000292
ben 1,609438 0,000231
bench 0,616186 0,000088
bend 0,510826 0,000073
bending 0,597837 0,000086
beneath 0,198451 0,000028
benefactor 1,171183 0,000168
benefactors 1,560648 0,000224
benefit 0,415515 0,000060
benefits 1,171183 0,000168
benevolence 1,049822 0,000150
benjamin 1,714798 0,000246
bent 0,174353 0,000025
benumbed 2,040221 0,000292
berlin 2,207275 0,000316
berths 2,302585 0,000330
besieged 1,560648 0,000224
bestirred 3,506558 0,000503
bestowed 0,562119 0,000081
betters 1,660731 0,000238
bewildered 0,843970 0,000121
bewildering 1,714798 0,000246
bewilders 3,218876 0,000461
bewitch 2,995732 0,000429
bewitched 1,897120 0,000272
bible 0,776529 0,000111
bid 0,400478 0,000057
bidden 1,347074 0,000193
bidding 0,820981 0,000118
binary 0,562119 0,000081
bind 0,755023 0,000108
binding 0,891598 0,000128
birch 1,714798 0,000246
bird 0,235722 0,000034
birds 0,301105 0,000043
birmingham 2,525729 0,000362
birthday 1,108663 0,000159
birthplace 2,120264 0,000304
biscuit 1,514128 0,000217
biscuits 1,771957 0,000254
bishop 1,049822 0,000150
bit 0,174353 0,000025
bite 0,798508 0,000114
biting 0,713350 0,000102
bitter 0,235722 0,000034
bitterly 0,579818 0,000083
black 0,072571 0,000010
blacksmith 1,427116 0,000205
blame 0,174353 0,000025
blank 0,579818 0,000083
blanket 1,386294 0,000199
blankets 1,171183 0,000168
blankly 2,207275 0,000316
blast 0,693147 0,000099
blaze 0,941609 0,000135
blazing 0,916291 0,000131
bleacheries 3,912023 0,000561
bleaching 3,218876 0,000461
bleak 1,386294 0,000199
bleakest 3,506558 0,000503
bleared 2,813411 0,000403
bleating 1,832581 0,000263
bleed 1,560648 0,000224
blend 1,771957 0,000254
bless 0,430783 0,000062
blessed 0,356675 0,000051
blessing 0,446287 0,000064
blessings 1,171183 0,000168
blest 1,469676 0,000211
blew 0,494296 0,000071
blind 0,223144 0,000032
blink 2,040221 0,000292
blinked 1,897120 0,000272
blinking 1,347074 0,000193
block 0,616186 0,000088
blockhead 1,897120 0,000272
blocks 1,272966 0,000182
blood 0,116534 0,000017
bloody 0,527633 0,000076
bloom 0,798508 0,000114
bloomed 1,966113 0,000282
blossom 1,139434 0,000163
blossomed 2,120264 0,000304
blossoms 1,049822 0,000150
blow 0,139262 0,000020
blowing 0,510826 0,000073
blows 0,371064 0,000053
blue 0,174353 0,000025
blunderbuss 2,813411 0,000403
blunders 1,560648 0,000224
blunt 0,967584 0,000139
bluntly 1,966113 0,000282
bluntness 2,813411 0,000403
blush 0,693147 0,000099
blushed 1,171183 0,000168
blushing 1,049822 0,000150
bluster 2,659260 0,000381
blustering 2,120264 0,000304
board 0,314711 0,000045
boarded 1,560648 0,000224
boards 0,776529 0,000111
boat 0,446287 0,000064
boatlike 3,912023 0,000561
boatload 3,912023 0,000561
boatman 2,302585 0,000330
boats 0,820981 0,000118
bobbed 2,995732 0,000429
bobbing 2,120264 0,000304
bodice 2,302585 0,000330
bodices 2,813411 0,000403
bodies 0,174353 0,000025
bodily 0,673345 0,000096
body 0,030459 0,000004
bodyguard 2,525729 0,000362
boiled 0,798508 0,000114
boiling 0,776529 0,000111
bold 0,287682 0,000041
bolder 1,203973 0,000173
boldly 0,462035 0,000066
bolster 2,407946 0,000345
bolstered 3,506558 0,000503
bolsters 3,218876 0,000461
bonbons 2,995732 0,000429
bone 0,527633 0,000076
bones 0,235722 0,000034
bonfire 2,207275 0,000316
bonnet 1,139434 0,000163
bonnets 1,771957 0,000254
book 0,061875 0,000009
bookkeeper 2,813411 0,000403
books 0,139262 0,000020
bookstore 3,912023 0,000561
boom 1,897120 0,000272
booming 1,560648 0,000224
boors 3,506558 0,000503
boots 0,510826 0,000073
booty 1,309333 0,000188
border 0,967584 0,000139
bordered 1,347074 0,000193
bordering 1,427116 0,000205
borders 0,994252 0,000142
bore 0,150823 0,000022
born 0,105361 0,000015
borne 0,261365 0,000037
borrow 0,798508 0,000114
borrowed 0,616186 0,000088
bos 2,525729 0,000362
bosch 3,912023 0,000561
bosom 0,462035 0,000066
boss 1,660731 0,000238
botanist 2,407946 0,000345
botany 1,771957 0,000254
bother 0,916291 0,000131
botheration 3,506558 0,000503
bottle 0,562119 0,000081
bottles 0,798508 0,000114
bough 1,203973 0,000173
boughs 1,078810 0,000155
boulevards 2,659260 0,000381
bound 0,030459 0,000004
boundary 1,347074 0,000193
bounded 0,634878 0,000091
boundless 0,891598 0,000128
bounds 0,634878 0,000091
bouquets 2,407946 0,000345
bow 0,287682 0,000041
bowed 0,371064 0,000053
bowing 0,994252 0,000142
bowl 0,843970 0,000121
bowls 1,660731 0,000238
bows 0,776529 0,000111
bowstring 2,525729 0,000362
box 0,248461 0,000036
boxes 0,798508 0,000114
boxlike 3,506558 0,000503
boxwood 3,506558 0,000503
boy 0,139262 0,000020
boyhood 1,237874 0,000177
boyish 1,347074 0,000193
boylike 3,506558 0,000503
boys 0,328504 0,000047
braced 1,609438 0,000231
bracing 1,714798 0,000246
braiding 2,659260 0,000381
brain 0,356675 0,000051
brains 0,776529 0,000111
brake 1,660731 0,000238
brakes 2,407946 0,000345
branch 0,385662 0,000055
branches 0,371064 0,000053
brass 0,478036 0,000069
brave 0,415515 0,000060
bravely 1,078810 0,000155
braver 1,966113 0,000282
bravery 1,272966 0,000182
bravest 1,386294 0,000199
brazen 1,203973 0,000173
breach 0,274437 0,000039
bread 0,248461 0,000036
breadth 0,653926 0,000094
break 0,083382 0,000012
breakfast 0,356675 0,000051
breaking 0,210721 0,000030
breaks 0,733969 0,000105
breast 0,210721 0,000030
breath 0,174353 0,000025
breathe 0,478036 0,000069
breathed 0,494296 0,000071
breathes 1,469676 0,000211
breathless 0,673345 0,000096
breeches 1,203973 0,000173
breek 3,912023 0,000561
breeze 0,713350 0,000102
brewing 1,771957 0,000254
brick 0,713350 0,000102
bricklike 3,912023 0,000561
bricks 1,203973 0,000173
bride 0,820981 0,000118
bridge 0,494296 0,000071
bridges 1,108663 0,000159
brig 2,207275 0,000316
bright 0,116534 0,000017
brighten 1,897120 0,000272
brightened 0,967584 0,000139
brightening 1,469676 0,000211
brightens 2,995732 0,000429
brighter 0,776529 0,000111
brightest 1,171183 0,000168
brightly 0,994252 0,000142
brightness 0,634878 0,000091
brilliant 0,430783 0,000062
brimming 2,120264 0,000304
brimstone 1,966113 0,000282
brine 2,040221 0,000292
bring 0,010050 0,000001
bringing 0,105361 0,000015
brisk 1,021651 0,000146
briskly 0,967584 0,000139
british 0,843970 0,000121
broad 0,139262 0,000020
broadcloth 2,525729 0,000362
brocade 2,659260 0,000381
broke 0,116534 0,000017
broken 0,061875 0,000009
bronze 1,237874 0,000177
brood 1,108663 0,000159
brook 1,139434 0,000163
broom 1,469676 0,000211
brother 0,127833 0,000018
brothers 0,356675 0,000051
brought 0,010050 0,000001
brow 0,544727 0,000078
brown 0,274437 0,000039
brownest 3,912023 0,000561
brows 0,755023 0,000108
bruised 0,941609 0,000135
brushing 1,386294 0,000199
bubble 1,560648 0,000224
buckle 2,207275 0,000316
buckles 1,966113 0,000282
budging 3,218876 0,000461
bugbear 3,218876 0,000461
bugle 2,813411 0,000403
bugler 3,218876 0,000461
buglers 3,218876 0,000461
bugs 2,407946 0,000345
build 0,446287 0,000064
builder 1,514128 0,000217
builders 1,560648 0,000224
building 0,223144 0,000032
buildings 0,713350 0,000102
built 0,150823 0,000022
bulb 2,659260 0,000381
bulbs 2,813411 0,000403
bulgy 3,506558 0,000503
bulk 0,843970 0,000121
bulky 1,309333 0,000188
bull 0,510826 0,000073
bullet 1,108663 0,000159
bulletin 2,525729 0,000362
bullets 1,347074 0,000193
bulls 1,660731 0,000238
bulrushes 2,659260 0,000381
bulwark 1,714798 0,000246
bulwarks 2,040221 0,000292
bump 1,966113 0,000282
bumped 2,040221 0,000292
bunch 0,994252 0,000142
bundle 0,755023 0,000108
bundles 1,427116 0,000205
bunker 2,525729 0,000362
burden 0,223144 0,000032
burgher 2,659260 0,000381
burghers 2,995732 0,000429
burglary 2,120264 0,000304
burgomaster 3,912023 0,000561
burgomasters 3,506558 0,000503
burial 0,994252 0,000142
buried 0,248461 0,000036
burly 1,609438 0,000231
burn 0,400478 0,000057
burned 0,400478 0,000057
burning 0,150823 0,000022
burnished 2,040221 0,000292
burrow 2,207275 0,000316
burst 0,287682 0,000041
bursting 0,713350 0,000102
bury 0,776529 0,000111
burying 1,386294 0,000199
bushy 1,272966 0,000182
busied 1,203973 0,000173
busiest 2,407946 0,000345
busily 1,021651 0,000146
business 0,040822 0,000006
bustle 0,994252 0,000142
bustled 1,560648 0,000224
busy 0,223144 0,000032
butcher 0,941609 0,000135
butchered 2,302585 0,000330
butler 1,203973 0,000173
button 1,049822 0,000150
buttoned 1,309333 0,000188
buyer 2,407946 0,000345
buzz 1,609438 0,000231
buzzes 3,506558 0,000503
buzzing 1,347074 0,000193
bye 0,776529 0,000111
bystanders 2,302585 0,000330
cabbage 1,609438 0,000231
cabin 0,916291 0,000131
cabinet 1,021651 0,000146
caesar 1,609438 0,000231
cake 0,941609 0,000135
cakes 1,237874 0,000177
calculate 0,328504 0,000047
calculated 0,174353 0,000025
calculation 1,139434 0,000163
calling 0,820981 0,000118
calmly 0,510826 0,000073
camps 1,660731 0,000238
canal 1,309333 0,000188
canalboat 3,912023 0,000561
canals 2,120264 0,000304
candid 1,203973 0,000173
candies 3,506558 0,000503
candle 0,544727 0,000078
candles 0,755023 0,000108
candlestick 1,771957 0,000254
candlesticks 1,897120 0,000272
cane 0,916291 0,000131
cannon 0,941609 0,000135
cannonball 3,218876 0,000461
canopied 2,995732 0,000429
canopy 1,609438 0,000231
cap 0,462035 0,000066
capable 0,261365 0,000037
capered 2,813411 0,000403
capful 3,912023 0,000561
capital 0,328504 0,000047
capitol 2,407946 0,000345
capricious 1,386294 0,000199
caps 0,967584 0,000139
captain 0,371064 0,000053
capture 0,820981 0,000118
capturing 2,040221 0,000292
card 0,223144 0,000032
care 0,000000 0,000000
cared 0,494296 0,000071
career 0,478036 0,000069
careful 0,174353 0,000025
carefully 0,139262 0,000020
careless 0,494296 0,000071
carelessly 0,776529 0,000111
carelessness 1,021651 0,000146
cares 0,634878 0,000091
carillonneurs 3,912023 0,000561
carillons 3,912023 0,000561
caring 1,049822 0,000150
carl 3,218876 0,000461
carpet 0,653926 0,000094
carr 3,218876 0,000461
carriage 0,446287 0,000064
carried 0,030459 0,000004
carrier 1,560648 0,000224
carry 0,030459 0,000004
carrying 0,083382 0,000012
cars 1,660731 0,000238
cart 0,755023 0,000108
carts 1,309333 0,000188
carve 2,120264 0,000304
carved 0,843970 0,000121
carver 2,659260 0,000381
carving 1,560648 0,000224
cascades 2,813411 0,000403
cast 0,116534 0,000017
casting 0,544727 0,000078
castings 3,912023 0,000561
castle 0,776529 0,000111
casts 1,139434 0,000163
cat 0,562119 0,000081
catastrophe 1,108663 0,000159
catch 0,210721 0,000030
catches 1,660731 0,000238
catching 0,562119 0,000081
cathedral 1,272966 0,000182
catholic 1,139434 0,000163
cats 1,108663 0,000159
cattle 0,544727 0,000078
caught 0,162519 0,000023
caution 0,527633 0,000076
cautious 0,673345 0,000096
cautiously 0,867501 0,000124
cavalcade 2,407946 0,000345
cavalry 1,469676 0,000211
caviar 3,506558 0,000503
cease 0,139262 0,000020
ceased 0,235722 0,000034
ceaseless 1,386294 0,000199
ceiling 0,527633 0,000076
ceilings 2,040221 0,000292
celebrated 0,562119 0,000081
cell 0,916291 0,000131
celsius 3,912023 0,000561
cent 1,139434 0,000163
center 1,469676 0,000211
central 0,733969 0,000105
cents 1,832581 0,000263
centuries 0,544727 0,000078
century 0,494296 0,000071
ceremonies 0,941609 0,000135
ceremony 0,579818 0,000083
chafes 2,995732 0,000429
chaff 1,469676 0,000211
chain 0,415515 0,000060
chained 1,108663 0,000159
chair 0,274437 0,000039
chairs 0,579818 0,000083
challenge 0,994252 0,000142
chamber 0,400478 0,000057
chambers 0,733969 0,000105
chamois 1,714798 0,000246
chance 0,083382 0,000012
chanced 0,843970 0,000121
chancing 2,207275 0,000316
change 0,010050 0,000001
changed 0,051293 0,000007
changing 0,248461 0,000036
chap 1,021651 0,000146
chapel 1,139434 0,000163
chaps 1,660731 0,000238
chapter 0,342490 0,000049
character 0,061875 0,000009
characteristics 0,798508 0,000114
characters 0,430783 0,000062
charge 0,051293 0,000007
charged 0,328504 0,000047
charges 0,223144 0,000032
charitable 0,287682 0,000041
charities 0,494296 0,000071
charity 0,494296 0,000071
charles 0,597837 0,000086
charming 0,527633 0,000076
charmingly 1,660731 0,000238
chase 0,653926 0,000094
chasing 1,203973 0,000173
chat 1,203973 0,000173
chattered 1,514128 0,000217
chatting 1,427116 0,000205
cheat 1,139434 0,000163
check 0,174353 0,000025
checked 0,579818 0,000083
checkerboard 3,912023 0,000561
checks 0,478036 0,000069
cheek 0,430783 0,000062
cheekbones 2,659260 0,000381
cheeked 1,966113 0,000282
cheeks 0,415515 0,000060
cheer 0,562119 0,000081
cheered 0,994252 0,000142
cheerful 0,385662 0,000055
cheerfully 0,820981 0,000118
cheerfulness 0,867501 0,000124
cheerily 1,660731 0,000238
cheering 1,609438 0,000231
cheerless 1,714798 0,000246
cheers 1,469676 0,000211
cheery 1,560648 0,000224
cheese 0,967584 0,000139
cheeses 2,525729 0,000362
chemist 1,714798 0,000246
chemistry 1,714798 0,000246
chest 0,371064 0,000053
chested 2,525729 0,000362
chestnut 1,386294 0,000199
chick 2,995732 0,000429
chicken 1,139434 0,000163
chickens 1,469676 0,000211
chicks 2,407946 0,000345
chided 2,813411 0,000403
chief 0,094311 0,000014
chilblains 2,995732 0,000429
child 0,072571 0,000010
childhood 0,527633 0,000076
childish 0,713350 0,000102
children 0,072571 0,000010
chill 0,733969 0,000105
chimed 1,966113 0,000282
chimes 2,302585 0,000330
chimney 0,798508 0,000114
chimneys 1,309333 0,000188
chin 0,478036 0,000069
china 0,776529 0,000111
chinese 1,139434 0,000163
chins 2,040221 0,000292
chip 2,040221 0,000292
chips 1,966113 0,000282
chirruped 2,659260 0,000381
chirruping 2,659260 0,000381
chocolate 1,514128 0,000217
choice 0,150823 0,000022
choked 0,755023 0,000108
choker 3,218876 0,000461
choking 0,941609 0,000135
choose 0,083382 0,000012
chorus 1,021651 0,000146
chose 0,301105 0,000043
chosen 0,186330 0,000027
christendom 1,660731 0,000238
christening 2,659260 0,000381
christian 0,430783 0,000062
christmas 0,891598 0,000128
chrysalis 2,995732 0,000429
chubby 2,207275 0,000316
chubs 3,912023 0,000561
chuckle 1,714798 0,000246
chuckled 1,237874 0,000177
chunk 2,302585 0,000330
church 0,261365 0,000037
churches 0,994252 0,000142
churchyard 1,560648 0,000224
churn 3,506558 0,000503
cipher 1,832581 0,000263
ciphering 3,506558 0,000503
circle 0,223144 0,000032
circular 1,078810 0,000155
circumstances 0,162519 0,000023
cities 0,616186 0,000088
citizen 0,843970 0,000121
citizens 0,916291 0,000131
city 0,051293 0,000007
civic 2,407946 0,000345
civil 0,544727 0,000078
clacking 2,813411 0,000403
clad 0,597837 0,000086
claim 0,116534 0,000017
claimed 0,843970 0,000121
clamber 2,120264 0,000304
clambered 1,514128 0,000217
clambering 2,040221 0,000292
clanging 1,966113 0,000282
clapped 1,049822 0,000150
clapper 3,506558 0,000503
clapping 1,108663 0,000159
claps 2,407946 0,000345
clasp 1,078810 0,000155
clasped 0,843970 0,000121
clasping 1,078810 0,000155
clasps 2,120264 0,000304
class 0,314711 0,000045
classes 0,653926 0,000094
clattering 1,660731 0,000238
claus 2,813411 0,000403
clay 0,494296 0,000071
clean 0,248461 0,000036
cleanest 2,813411 0,000403
cleaning 1,049822 0,000150
cleanliness 1,237874 0,000177
clearness 1,049822 0,000150
clenched 1,049822 0,000150
clergyman 1,108663 0,000159
clergymen 2,302585 0,000330
clever 0,400478 0,000057
climax 1,272966 0,000182
climbed 0,673345 0,000096
clings 1,966113 0,000282
cloak 0,562119 0,000081
cloaks 1,514128 0,000217
clock 0,527633 0,000076
clocks 1,609438 0,000231
clockwork 2,813411 0,000403
close 0,051293 0,000007
closed 0,116534 0,000017
closely 0,223144 0,000032
closer 0,385662 0,000055
closes 1,469676 0,000211
closet 1,139434 0,000163
closing 0,446287 0,000064
cloth 0,356675 0,000051
clothes 0,127833 0,000018
clothesmen 3,912023 0,000561
clothespress 3,912023 0,000561
clothing 0,776529 0,000111
cloud 0,301105 0,000043
clouds 0,342490 0,000049
clown 1,966113 0,000282
clowns 2,302585 0,000330
clubs 1,272966 0,000182
clumsy 0,994252 0,000142
clung 0,693147 0,000099
clustered 1,714798 0,000246
clutched 0,994252 0,000142
clutching 1,203973 0,000173
coach 0,843970 0,000121
coaches 1,560648 0,000224
coachman 1,108663 0,000159
coal 0,693147 0,000099
coarse 0,478036 0,000069
coast 0,544727 0,000078
coasts 1,514128 0,000217
coat 0,274437 0,000039
coats 0,653926 0,000094
coaxing 1,832581 0,000263
coaxingly 2,995732 0,000429
cobbled 3,506558 0,000503
cobbler 2,302585 0,000330
cobblestone 3,912023 0,000561
cobblestones 3,218876 0,000461
cobwebs 1,832581 0,000263
cocked 1,237874 0,000177
codes 0,510826 0,000073
coffee 0,562119 0,000081
coffeehouse 3,218876 0,000461
coffin 1,021651 0,000146
cog 3,912023 0,000561
coin 0,916291 0,000131
colander 3,506558 0,000503
cold 0,040822 0,000006
coldest 2,120264 0,000304
collapse 1,771957 0,000254
collected 0,415515 0,000060
collecting 0,867501 0,000124
collection 0,174353 0,000025
collections 1,897120 0,000272
collision 1,771957 0,000254
color 1,021651 0,000146
colored 1,171183 0,000168
coloring 2,120264 0,000304
colors 1,309333 0,000188
colt 1,660731 0,000238
column 0,755023 0,000108
columns 0,867501 0,000124
combat 0,891598 0,000128
combine 1,078810 0,000155
comfort 0,150823 0,000022
comfortable 0,261365 0,000037
comfortably 0,693147 0,000099
comforted 0,776529 0,000111
comforts 0,967584 0,000139
comical 1,560648 0,000224
comically 2,659260 0,000381
command 0,162519 0,000023
commanded 0,462035 0,000066
commas 3,218876 0,000461
commence 0,941609 0,000135
commenced 0,798508 0,000114
commencing 1,660731 0,000238
comment 0,673345 0,000096
commerce 1,078810 0,000155
commercial 0,274437 0,000039
committed 0,150823 0,000022
committee 1,309333 0,000188
common 0,072571 0,000010
commotion 1,078810 0,000155
communicative 1,514128 0,000217
companion 0,248461 0,000036
companions 0,301105 0,000043
company 0,020203 0,000003
comparatively 0,634878 0,000091
compared 0,274437 0,000039
compares 1,660731 0,000238
compartments 1,897120 0,000272
compensation 1,108663 0,000159
competent 1,139434 0,000163
compilation 0,494296 0,000071
complacently 1,832581 0,000263
complained 0,562119 0,000081
complaint 0,616186 0,000088
complete 0,150823 0,000022
completely 0,274437 0,000039
compliance 0,342490 0,000049
complicated 0,798508 0,000114
compliment 0,673345 0,000096
complimented 1,609438 0,000231
comply 0,342490 0,000049
complying 0,446287 0,000064
composed 0,328504 0,000047
composer 2,120264 0,000304
comprehend 0,616186 0,000088
compressed 0,342490 0,000049
comrade 0,967584 0,000139
comrades 0,967584 0,000139
conceal 0,301105 0,000043
concealing 1,171183 0,000168
conceived 0,462035 0,000066
concept 0,544727 0,000078
concerned 0,287682 0,000041
concert 1,139434 0,000163
concession 1,771957 0,000254
concluded 0,356675 0,000051
conclusion 0,235722 0,000034
concocted 2,207275 0,000316
condescend 1,469676 0,000211
condescended 1,897120 0,000272
condescendingly 2,525729 0,000362
condition 0,094311 0,000014
conducted 0,415515 0,000060
confectioner 2,659260 0,000381
confections 3,506558 0,000503
confederates 2,207275 0,000316
conferred 1,171183 0,000168
confess 0,198451 0,000028
confessed 0,579818 0,000083
confessor 1,771957 0,000254
confidence 0,139262 0,000020
confident 0,510826 0,000073
confidentially 1,897120 0,000272
confidently 1,049822 0,000150
confined 0,385662 0,000055
confirmation 0,356675 0,000051
confirmed 0,174353 0,000025
conflicting 1,560648 0,000224
confound 0,733969 0,000105
confused 0,248461 0,000036
confusion 0,301105 0,000043
congregation 1,309333 0,000188
conjure 1,966113 0,000282
connected 0,415515 0,000060
conquered 0,798508 0,000114
conquering 1,203973 0,000173
conscience 0,314711 0,000045
conscious 0,314711 0,000045
consciousness 0,371064 0,000053
conscription 2,813411 0,000403
consent 0,328504 0,000047
consented 0,562119 0,000081
consequence 0,328504 0,000047
consequences 0,371064 0,000053
consequential 0,478036 0,000069
conservatory 2,525729 0,000362
considerable 0,105361 0,000015
consideration 0,274437 0,000039
consign 2,040221 0,000292
consolation 0,713350 0,000102
conspicuous 0,916291 0,000131
conspiracy 1,171183 0,000168
constant 0,051293 0,000007
constantinople 1,832581 0,000263
constantly 0,371064 0,000053
consternation 1,021651 0,000146
constitutes 1,469676 0,000211
constructed 0,867501 0,000124
constructing 1,714798 0,000246
consul 1,832581 0,000263
consult 0,579818 0,000083
consultation 0,994252 0,000142
consulting 0,891598 0,000128
contact 0,210721 0,000030
contemplating 1,139434 0,000163
contempt 0,446287 0,000064
contemptuous 1,049822 0,000150
content 0,186330 0,000027
contented 0,400478 0,000057
contentment 1,347074 0,000193
contents 0,094311 0,000014
contest 1,021651 0,000146
continue 0,261365 0,000037
continued 0,072571 0,000010
contract 0,261365 0,000037
contrary 0,198451 0,000028
contributed 0,843970 0,000121
contributions 0,430783 0,000062
contrivance 1,514128 0,000217
contrive 1,237874 0,000177
control 0,314711 0,000045
controlling 1,469676 0,000211
conveniently 1,203973 0,000173
conversation 0,186330 0,000027
converse 0,776529 0,000111
conversed 1,203973 0,000173
conversing 0,967584 0,000139
convert 0,385662 0,000055
converted 0,820981 0,000118
conveyance 1,427116 0,000205
conviction 0,462035 0,000066
convince 0,634878 0,000091
convinced 0,287682 0,000041
convincing 1,108663 0,000159
cook 0,430783 0,000062
cool 0,314711 0,000045
coolly 1,021651 0,000146
copper 0,798508 0,000114
copying 0,494296 0,000071
copyright 0,415515 0,000060
coquette 2,407946 0,000345
coquetted 3,506558 0,000503
coquettish 2,302585 0,000330
cord 0,916291 0,000131
cordial 1,078810 0,000155
cork 1,386294 0,000199
corkscrew 2,525729 0,000362
corn 0,579818 0,000083
corner 0,127833 0,000018
corners 0,430783 0,000062
cornice 2,040221 0,000292
corporation 0,462035 0,000066
corpse 0,693147 0,000099
corresponded 1,660731 0,000238
corrupt 0,274437 0,000039
cost 0,105361 0,000015
coster 3,218876 0,000461
costly 0,967584 0,000139
costs 0,287682 0,000041
costume 1,078810 0,000155
costumes 1,832581 0,000263
cot 1,897120 0,000272
cottage 0,798508 0,000114
cottages 1,560648 0,000224
cotton 0,891598 0,000128
cough 0,994252 0,000142
coughed 1,469676 0,000211
council 0,713350 0,000102
count 0,248461 0,000036
counted 0,527633 0,000076
countenance 0,415515 0,000060
counting 0,693147 0,000099
countries 0,235722 0,000034
country 0,010050 0,000001
countryman 1,347074 0,000193
countrymen 1,108663 0,000159
counts 1,237874 0,000177
couple 0,287682 0,000041
courage 0,150823 0,000022
court 0,127833 0,000018
courteous 0,967584 0,000139
courtiers 2,040221 0,000292
courtyards 2,995732 0,000429
cousin 0,755023 0,000108
cousins 1,108663 0,000159
cover 0,261365 0,000037
covered 0,139262 0,000020
covering 0,446287 0,000064
coverlet 1,714798 0,000246
covers 0,820981 0,000118
cow 0,733969 0,000105
cowardly 0,994252 0,000142
cowards 1,386294 0,000199
cows 0,867501 0,000124
cozily 3,506558 0,000503
crack 0,820981 0,000118
cracks 1,609438 0,000231
cradle 1,108663 0,000159
craft 0,755023 0,000108
cranes 1,966113 0,000282
crashing 1,386294 0,000199
crawl 1,049822 0,000150
crawled 0,891598 0,000128
crawling 0,941609 0,000135
crazy 0,916291 0,000131
cream 1,171183 0,000168
creased 2,407946 0,000345
create 0,597837 0,000086
created 0,116534 0,000017
creating 0,342490 0,000049
creation 0,235722 0,000034
creature 0,174353 0,000025
creatures 0,235722 0,000034
credit 0,094311 0,000014
creditors 1,609438 0,000231
creeper 2,525729 0,000362
crepe 3,506558 0,000503
crept 0,494296 0,000071
crescents 2,813411 0,000403
crest 0,941609 0,000135
crestfallen 1,771957 0,000254
cricket 1,609438 0,000231
crier 2,659260 0,000381
crime 0,314711 0,000045
criminal 0,693147 0,000099
crimson 0,941609 0,000135
crippled 1,469676 0,000211
crisis 0,891598 0,000128
critical 0,235722 0,000034
croaking 1,832581 0,000263
crockery 1,714798 0,000246
crooked 0,755023 0,000108
cropped 1,832581 0,000263
crosier 3,506558 0,000503
cross 0,139262 0,000020
crossed 0,301105 0,000043
crossest 3,218876 0,000461
crossing 0,462035 0,000066
crossly 2,302585 0,000330
crouch 1,660731 0,000238
crouched 1,203973 0,000173
crouching 1,049822 0,000150
crow 1,272966 0,000182
crowd 0,198451 0,000028
crowded 0,301105 0,000043
crowding 1,108663 0,000159
crown 0,314711 0,000045
crowned 0,867501 0,000124
crowning 1,272966 0,000182
cruel 0,261365 0,000037
crumb 1,966113 0,000282
crumbs 1,771957 0,000254
crush 0,967584 0,000139
crushes 2,302585 0,000330
crushing 0,843970 0,000121
crying 1,560648 0,000224
cup 0,385662 0,000055
cupboard 1,139434 0,000163
cupful 3,506558 0,000503
curb 1,514128 0,000217
curbed 2,207275 0,000316
cure 0,430783 0,000062
cured 0,733969 0,000105
curing 1,966113 0,000282
curiosities 1,386294 0,000199
curiosity 0,223144 0,000032
curious 0,261365 0,000037
curled 0,941609 0,000135
curling 1,203973 0,000173
curls 1,139434 0,000163
currency 1,897120 0,000272
current 0,127833 0,000018
curtain 0,616186 0,000088
curtained 1,832581 0,000263
curtsy 2,407946 0,000345
curved 1,171183 0,000168
curving 1,897120 0,000272
cushion 1,347074 0,000193
cushions 1,237874 0,000177
custom 0,210721 0,000030
customer 1,609438 0,000231
customers 1,386294 0,000199
customs 0,713350 0,000102
cut 0,040822 0,000006
cuts 0,820981 0,000118
cutters 2,813411 0,000403
cutting 0,415515 0,000060
czar 2,659260 0,000381
dagger 1,203973 0,000173
daggers 2,040221 0,000292
daily 0,248461 0,000036
daintily 2,207275 0,000316
dainty 0,798508 0,000114
damage 0,261365 0,000037
damaged 0,356675 0,000051
damages 0,400478 0,000057
damask 2,040221 0,000292
dame 1,171183 0,000168
damp 0,415515 0,000060
damply 3,218876 0,000461
damsel 1,427116 0,000205
dance 0,356675 0,000051
danced 0,653926 0,000094
dancing 0,371064 0,000053
danger 0,116534 0,000017
dangerous 0,150823 0,000022
dangling 1,139434 0,000163
dank 1,660731 0,000238
daring 0,843970 0,000121
dark 0,051293 0,000007
darkened 0,755023 0,000108
darker 0,916291 0,000131
darkest 1,427116 0,000205
darkly 1,237874 0,000177
darkness 0,186330 0,000027
darling 0,916291 0,000131
dart 1,347074 0,000193
darted 0,776529 0,000111
darting 1,021651 0,000146
darts 1,386294 0,000199
dash 0,673345 0,000096
dashed 0,616186 0,000088
dasher 3,912023 0,000561
dashes 1,660731 0,000238
dashing 1,078810 0,000155
dat 2,525729 0,000362
data 0,494296 0,000071
daughter 0,261365 0,000037
david 0,597837 0,000086
day 0,000000 0,000000
daybreak 1,203973 0,000173
daylight 0,446287 0,000064
days 0,020203 0,000003
dazzling 0,941609 0,000135
deacons 2,813411 0,000403
dead 0,072571 0,000010
deaden 2,302585 0,000330
deadly 0,478036 0,000069
deaf 0,634878 0,000091
deal 0,105361 0,000015
dealer 1,347074 0,000193
dealers 2,040221 0,000292
dealt 0,597837 0,000086
dearly 0,776529 0,000111
death 0,020203 0,000003
debt 0,693147 0,000099
debts 0,867501 0,000124
deceased 1,078810 0,000155
december 0,562119 0,000081
decency 1,171183 0,000168
decent 0,693147 0,000099
decide 0,274437 0,000039
decided 0,186330 0,000027
decidedly 0,867501 0,000124
decides 1,609438 0,000231
deciding 1,427116 0,000205
decipher 2,040221 0,000292
decisive 0,867501 0,000124
deck 0,733969 0,000105
decked 1,427116 0,000205
declare 0,342490 0,000049
declared 0,210721 0,000030
declaring 0,891598 0,000128
decorated 1,021651 0,000146
dedicated 1,108663 0,000159
deductible 0,562119 0,000081
deed 0,478036 0,000069
deeds 0,527633 0,000076
deemed 0,755023 0,000108
deep 0,051293 0,000007
deepened 1,386294 0,000199
deeper 0,328504 0,000047
deeply 0,261365 0,000037
deer 0,867501 0,000124
defaced 1,771957 0,000254
defect 0,328504 0,000047
defective 0,356675 0,000051
defects 0,301105 0,000043
defences 1,897120 0,000272
defend 0,400478 0,000057
defended 0,653926 0,000094
defense 1,514128 0,000217
defer 1,427116 0,000205
deference 0,967584 0,000139
defiance 0,713350 0,000102
defiant 1,469676 0,000211
degraded 1,049822 0,000150
deigned 1,560648 0,000224
deletions 0,562119 0,000081
delft 3,912023 0,000561
deliberately 0,693147 0,000099
delicacies 1,514128 0,000217
delicacy 0,713350 0,000102
delicate 0,301105 0,000043
delicious 0,713350 0,000102
delight 0,162519 0,000023
delighted 0,287682 0,000041
delightful 0,478036 0,000069
delivered 0,342490 0,000049
delivering 1,427116 0,000205
deluge 1,609438 0,000231
delusions 1,897120 0,000272
demand 0,127833 0,000018
demands 0,673345 0,000096
demon 1,139434 0,000163
demons 1,609438 0,000231
demurely 1,897120 0,000272
den 0,843970 0,000121
denial 0,798508 0,000114
denials 2,659260 0,000381
deny 0,301105 0,000043
departed 0,356675 0,000051
department 0,941609 0,000135
departs 1,832581 0,000263
depend 0,371064 0,000053
depended 0,653926 0,000094
depends 0,198451 0,000028
depicted 1,427116 0,000205
deportment 1,714798 0,000246
deprecating 2,302585 0,000330
depths 0,446287 0,000064
der 1,832581 0,000263
deranged 1,660731 0,000238
dere 2,995732 0,000429
derision 1,108663 0,000159
derivation 2,302585 0,000330
derivative 0,510826 0,000073
derive 0,342490 0,000049
derived 0,248461 0,000036
descendant 1,560648 0,000224
descent 0,634878 0,000091
description 0,274437 0,000039
descriptions 1,108663 0,000159
desert 0,430783 0,000062
deserted 0,385662 0,000055
deserves 0,776529 0,000111
deserving 0,891598 0,000128
design 0,400478 0,000057
designed 0,916291 0,000131
designs 0,733969 0,000105
desire 0,072571 0,000010
despair 0,198451 0,000028
despairing 0,798508 0,000114
desperate 0,328504 0,000047
desperately 0,843970 0,000121
desperation 0,867501 0,000124
despise 0,693147 0,000099
despised 0,562119 0,000081
destined 0,494296 0,000071
destroy 0,127833 0,000018
destroyed 0,274437 0,000039
destruction 0,342490 0,000049
detach 0,446287 0,000064
detachment 1,386294 0,000199
detain 0,820981 0,000118
detained 0,867501 0,000124
detaining 1,609438 0,000231
detention 1,897120 0,000272
determination 0,634878 0,000091
determine 0,210721 0,000030
determined 0,174353 0,000025
deterred 1,897120 0,000272
detested 1,237874 0,000177
devastating 2,995732 0,000429
devil 0,356675 0,000051
devote 0,755023 0,000108
devoted 0,301105 0,000043
devoting 1,660731 0,000238
devotion 0,510826 0,000073
dew 0,867501 0,000124
dexterous 1,660731 0,000238
di 1,832581 0,000263
dialogues 1,966113 0,000282
diamond 0,941609 0,000135
diamonds 0,967584 0,000139
didst 1,660731 0,000238
didy 3,912023 0,000561
die 0,105361 0,000015
died 0,061875 0,000009
dies 0,579818 0,000083
difference 0,198451 0,000028
differences 0,820981 0,000118
difficult 0,116534 0,000017
difficulty 0,139262 0,000020
dig 0,776529 0,000111
digging 1,108663 0,000159
dignified 0,755023 0,000108
dignitaries 2,207275 0,000316
dignities 1,966113 0,000282
dignity 0,314711 0,000045
digression 1,609438 0,000231
dike 3,218876 0,000461
dikes 2,995732 0,000429
diligently 1,203973 0,000173
dim 0,415515 0,000060
diminish 0,994252 0,000142
dimly 0,867501 0,000124
din 1,203973 0,000173
ding 2,407946 0,000345
dingy 1,347074 0,000193
dining 0,510826 0,000073
dinner 0,198451 0,000028
direct 0,083382 0,000012
direction 0,083382 0,000012
directions 0,314711 0,000045
director 0,798508 0,000114
directors 1,897120 0,000272
direful 2,813411 0,000403
dirt 0,544727 0,000078
dis 1,609438 0,000231
disagreeable 0,733969 0,000105
disappear 0,891598 0,000128
disappearance 1,272966 0,000182
disappeared 0,356675 0,000051
disappointed 0,415515 0,000060
disappointment 0,462035 0,000066
disaster 0,867501 0,000124
disastrous 1,108663 0,000159
discerned 1,272966 0,000182
discharge 0,733969 0,000105
discipline 0,653926 0,000094
disclaim 0,510826 0,000073
disclaimer 0,562119 0,000081
disclaimers 0,562119 0,000081
disclosing 1,714798 0,000246
discontent 1,021651 0,000146
discontinue 0,544727 0,000078
discord 1,203973 0,000173
discouraged 1,108663 0,000159
discouragement 1,897120 0,000272
discourse 0,597837 0,000086
discover 0,083382 0,000012
discovered 0,051293 0,000007
discoveries 0,941609 0,000135
discovery 0,371064 0,000053
discretion 0,733969 0,000105
discussed 0,820981 0,000118
discussion 0,673345 0,000096
disdain 0,867501 0,000124
disdainful 1,714798 0,000246
disgrace 0,510826 0,000073
disgraced 1,347074 0,000193
disgraceful 1,049822 0,000150
dishes 0,755023 0,000108
disk 0,446287 0,000064
dislike 0,616186 0,000088
disliked 1,049822 0,000150
dismal 0,843970 0,000121
dismally 1,771957 0,000254
dismay 0,776529 0,000111
dismayed 1,272966 0,000182
dismissed 0,597837 0,000086
disobey 1,514128 0,000217
disobeyed 2,207275 0,000316
display 0,261365 0,000037
displayed 0,198451 0,000028
displaying 0,342490 0,000049
displeased 1,108663 0,000159
displeasure 0,941609 0,000135
disposition 0,400478 0,000057
disproportionate 1,832581 0,000263
dispute 0,562119 0,000081
disputed 1,049822 0,000150
disregarded 1,427116 0,000205
disrespect 2,040221 0,000292
dissevered 3,506558 0,000503
distance 0,105361 0,000015
distances 1,171183 0,000168
distant 0,162519 0,000023
distaste 1,771957 0,000254
distillers 3,912023 0,000561
distinct 0,301105 0,000043
distinctions 1,078810 0,000155
distinctly 0,478036 0,000069
distinguish 0,356675 0,000051
distinguished 0,301105 0,000043
distractedly 1,966113 0,000282
distress 0,274437 0,000039
distressed 0,673345 0,000096
distribute 0,400478 0,000057
distributed 0,248461 0,000036
distributes 3,218876 0,000461
distributing 0,446287 0,000064
distribution 0,430783 0,000062
distributor 0,562119 0,000081
districts 1,347074 0,000193
distrust 0,891598 0,000128
disturb 0,478036 0,000069
disturbing 1,021651 0,000146
dit 2,813411 0,000403
ditch 1,108663 0,000159
ditches 1,609438 0,000231
diversion 1,078810 0,000155
divide 0,616186 0,000088
divided 0,210721 0,000030
dividing 0,673345 0,000096
divisions 1,237874 0,000177
divulge 2,120264 0,000304
dizzy 1,469676 0,000211
dock 1,771957 0,000254
docks 1,897120 0,000272
dockyard 3,218876 0,000461
dockyards 3,912023 0,000561
doctor 0,446287 0,000064
dodge 1,660731 0,000238
dog 0,261365 0,000037
dogcart 3,218876 0,000461
dogcarts 3,506558 0,000503
dogs 0,342490 0,000049
doings 0,967584 0,000139
doleful 1,427116 0,000205
dollar 1,771957 0,000254
dollars 1,272966 0,000182
dollhouse 3,912023 0,000561
dolls 2,040221 0,000292
domain 0,328504 0,000047
domestic 0,527633 0,000076
donate 0,562119 0,000081
donation 0,494296 0,000071
donations 0,494296 0,000071
dong 2,525729 0,000362
donkey 1,832581 0,000263
donors 0,527633 0,000076
door 0,040822 0,000006
doorposts 3,912023 0,000561
doors 0,105361 0,000015
doorsill 3,912023 0,000561
doorstep 1,897120 0,000272
doorway 0,798508 0,000114
dose 1,386294 0,000199
double 0,186330 0,000027
doubled 0,653926 0,000094
doublet 2,525729 0,000362
doubt 0,040822 0,000006
doubted 0,478036 0,000069
doubtless 0,430783 0,000062
doubts 0,494296 0,000071
dough 1,897120 0,000272
doughnut 3,218876 0,000461
doughnuts 3,218876 0,000461
dowager 2,525729 0,000362
downloading 0,562119 0,000081
dozen 0,446287 0,000064
dozens 1,469676 0,000211
dozes 3,506558 0,000503
drag 0,579818 0,000083
dragged 0,462035 0,000066
dragging 0,673345 0,000096
dragon 1,108663 0,000159
drain 1,272966 0,000182
drank 0,371064 0,000053
drapery 2,040221 0,000292
draw 0,105361 0,000015
drawbacks 2,120264 0,000304
drawbridges 3,218876 0,000461
drawing 0,139262 0,000020
drawn 0,094311 0,000014
drays 2,995732 0,000429
dread 0,371064 0,000053
dreaded 0,693147 0,000099
dreadful 0,342490 0,000049
dreading 1,347074 0,000193
dream 0,198451 0,000028
dreamed 0,562119 0,000081
dreamily 1,897120 0,000272
dreaming 0,562119 0,000081
dreamland 2,813411 0,000403
dreams 0,274437 0,000039
drearily 2,040221 0,000292
dreary 0,713350 0,000102
drenched 1,309333 0,000188
dress 0,186330 0,000027
dressed 0,261365 0,000037
dresser 2,040221 0,000292
dressing 0,527633 0,000076
drew 0,162519 0,000023
dried 0,462035 0,000066
drifting 1,237874 0,000177
drink 0,150823 0,000022
dripping 0,891598 0,000128
drive 0,186330 0,000027
driven 0,127833 0,000018
driver 0,867501 0,000124
driving 0,371064 0,000053
droop 1,609438 0,000231
drooping 1,021651 0,000146
drop 0,150823 0,000022
dropped 0,274437 0,000039
drops 0,544727 0,000078
drove 0,248461 0,000036
drown 0,820981 0,000118
drowned 0,616186 0,000088
drowsiest 3,912023 0,000561
drowsily 2,120264 0,000304
drowsy 1,237874 0,000177
drudgery 2,302585 0,000330
druggist 2,995732 0,000429
drugstores 3,506558 0,000503
drum 1,203973 0,000173
dry 0,127833 0,000018
drying 1,237874 0,000177
dryly 1,832581 0,000263
ducks 1,609438 0,000231
duel 1,469676 0,000211
duke 0,994252 0,000142
dull 0,174353 0,000025
duller 2,040221 0,000292
dullness 2,040221 0,000292
duly 0,843970 0,000121
dumb 0,562119 0,000081
dumpy 3,218876 0,000461
dunces 2,659260 0,000381
dune 3,912023 0,000561
dunes 3,506558 0,000503
dunkirk 3,506558 0,000503
dusky 1,021651 0,000146
dust 0,174353 0,000025
dutch 1,139434 0,000163
dutchman 1,966113 0,000282
dutchmen 2,207275 0,000316
duties 0,356675 0,000051
duty 0,083382 0,000012
dwarf 1,469676 0,000211
dwell 0,478036 0,000069
dwellers 1,469676 0,000211
dwellings 1,514128 0,000217
dwelt 0,713350 0,000102
dyes 2,407946 0,000345
dying 0,261365 0,000037
eager 0,210721 0,000030
eagerly 0,385662 0,000055
eagerness 0,544727 0,000078
eagle 0,891598 0,000128
eagles 1,469676 0,000211
ear 0,139262 0,000020
earn 0,891598 0,000128
earned 0,693147 0,000099
earnest 0,261365 0,000037
earnestly 0,415515 0,000060
earnestness 0,867501 0,000124
earning 1,609438 0,000231
earrings 1,714798 0,000246
ears 0,105361 0,000015
earth 0,051293 0,000007
earthen 1,897120 0,000272
ease 0,162519 0,000023
easel 2,525729 0,000362
easily 0,072571 0,000010
east 0,235722 0,000034
easy 0,040822 0,000006
eat 0,083382 0,000012
eaten 0,446287 0,000064
eater 1,897120 0,000272
eating 0,235722 0,000034
ebb 1,469676 0,000211
ebony 1,660731 0,000238
eccentric 0,916291 0,000131
echo 0,713350 0,000102
echoed 0,798508 0,000114
echoes 1,272966 0,000182
echoing 1,660731 0,000238
economy 0,820981 0,000118
ecstasy 0,867501 0,000124
ecstatic 1,347074 0,000193
edge 0,210721 0,000030
edges 0,867501 0,000124
edifices 1,832581 0,000263
edition 0,287682 0,000041
editions 0,385662 0,000055
educated 0,616186 0,000088
education 0,446287 0,000064
educational 0,446287 0,000064
eel 1,966113 0,000282
eels 2,040221 0,000292
effort 0,094311 0,000014
efforts 0,139262 0,000020
egg 1,108663 0,000159
eggs 0,776529 0,000111
egypt 0,891598 0,000128
egyptian 1,203973 0,000173
eighteen 0,462035 0,000066
elaborate 0,891598 0,000128
elaborately 2,207275 0,000316
elated 1,469676 0,000211
elder 0,478036 0,000069
elders 1,139434 0,000163
eldest 0,867501 0,000124
elect 0,328504 0,000047
electric 1,171183 0,000168
electrified 2,207275 0,000316
electronic 0,544727 0,000078
electronically 0,544727 0,000078
elegant 0,634878 0,000091
elegantly 1,714798 0,000246
elf 2,995732 0,000429
elfish 3,506558 0,000503
elm 2,040221 0,000292
elms 1,966113 0,000282
email 0,562119 0,000081
embankments 2,813411 0,000403
embarrassed 0,916291 0,000131
embarrassment 1,049822 0,000150
embedded 2,302585 0,000330
embers 1,139434 0,000163
emblems 2,120264 0,000304
embodiment 1,897120 0,000272
embrace 0,462035 0,000066
embroidered 1,237874 0,000177
embroideries 2,407946 0,000345
embroidery 1,514128 0,000217
emeralds 2,407946 0,000345
emotion 0,494296 0,000071
emperor 0,994252 0,000142
emphasis 0,891598 0,000128
emphatically 1,203973 0,000173
empire 0,653926 0,000094
employed 0,415515 0,000060
employee 0,527633 0,000076
employees 0,544727 0,000078
employer 1,560648 0,000224
employment 0,579818 0,000083
en 0,994252 0,000142
enable 0,579818 0,000083
enabled 0,430783 0,000062
enabling 1,469676 0,000211
enchanted 1,078810 0,000155
enchantment 1,272966 0,000182
encircled 1,427116 0,000205
encircling 1,966113 0,000282
enclose 1,771957 0,000254
encoding 0,653926 0,000094
encounter 0,798508 0,000114
encouragement 0,798508 0,000114
encouraging 0,798508 0,000114
endeavor 1,660731 0,000238
endeavored 1,560648 0,000224
endurance 0,891598 0,000128
endured 0,673345 0,000096
enemy 0,174353 0,000025
energies 1,108663 0,000159
energy 0,415515 0,000060
engage 0,634878 0,000091
engaged 0,198451 0,000028
engagement 0,820981 0,000118
engagements 1,203973 0,000173
engineer 1,469676 0,000211
engineers 1,660731 0,000238
england 0,385662 0,000055
english 0,094311 0,000014
englishman 0,916291 0,000131
engraved 1,386294 0,000199
engraving 2,302585 0,000330
engravings 1,897120 0,000272
enjoy 0,150823 0,000022
enjoyed 0,415515 0,000060
enjoying 0,579818 0,000083
enjoyment 0,634878 0,000091
enlightened 0,820981 0,000118
enliven 2,525729 0,000362
enormous 0,430783 0,000062
enriched 1,469676 0,000211
ensign 1,714798 0,000246
ensue 1,469676 0,000211
ensuring 0,544727 0,000078
entangled 1,237874 0,000177
entanglements 2,813411 0,000403
enter 0,094311 0,000014
entered 0,051293 0,000007
entering 0,356675 0,000051
enterprise 0,843970 0,000121
enterprising 1,609438 0,000231
enters 0,843970 0,000121
entertain 0,597837 0,000086
entertainers 3,506558 0,000503
entertainment 0,820981 0,000118
enthusiasm 0,653926 0,000094
enthusiastic 1,021651 0,000146
enthusiastically 1,771957 0,000254
entice 2,120264 0,000304
entire 0,274437 0,000039
entity 0,544727 0,000078
entrance 0,210721 0,000030
entrances 1,832581 0,000263
entreaties 1,203973 0,000173
entwined 2,207275 0,000316
envied 1,021651 0,000146
envy 0,527633 0,000076
equal 0,174353 0,000025
equalled 1,427116 0,000205
equator 2,040221 0,000292
equipment 0,430783 0,000062
equipped 1,049822 0,000150
equivalent 1,078810 0,000155
ere 0,634878 0,000091
erect 0,597837 0,000086
erected 0,843970 0,000121
errand 0,820981 0,000118
error 0,371064 0,000053
errors 0,248461 0,000036
escort 1,021651 0,000146
escutcheon 2,995732 0,000429
especial 1,309333 0,000188
essayed 2,040221 0,000292
established 0,301105 0,000043
establishment 0,713350 0,000102
europe 0,510826 0,000073
european 0,867501 0,000124
eve 0,673345 0,000096
evening 0,083382 0,000012
event 0,342490 0,000049
events 0,223144 0,000032
evergreen 1,966113 0,000282
evergreens 2,407946 0,000345
everyday 1,272966 0,000182
evident 0,356675 0,000051
evidently 0,371064 0,000053
evil 0,162519 0,000023
evincing 2,207275 0,000316
examine 0,400478 0,000057
examined 0,356675 0,000051
examining 0,446287 0,000064
exceedingly 0,462035 0,000066
excelled 1,347074 0,000193
excellence 1,049822 0,000150
excellent 0,150823 0,000022
excellently 1,609438 0,000231
excelling 2,407946 0,000345
exception 0,544727 0,000078
exchange 0,342490 0,000049
exchanged 0,579818 0,000083
exchanging 1,347074 0,000193
excitable 1,771957 0,000254
excite 0,843970 0,000121
excited 0,248461 0,000036
excitement 0,430783 0,000062
exciting 0,693147 0,000099
exclaim 1,171183 0,000168
exclaimed 0,494296 0,000071
exclusion 0,371064 0,000053
exclusively 1,139434 0,000163
excursion 1,171183 0,000168
excursionists 3,912023 0,000561
excuse 0,174353 0,000025
execution 0,597837 0,000086
executive 1,171183 0,000168
exempt 0,371064 0,000053
exercise 0,287682 0,000041
exercised 0,867501 0,000124
exercising 1,514128 0,000217
exert 1,237874 0,000177
exerting 1,897120 0,000272
exhausted 0,400478 0,000057
exhaustion 1,021651 0,000146
existence 0,162519 0,000023
exists 0,235722 0,000034
expand 1,771957 0,000254
expanse 1,139434 0,000163
expect 0,186330 0,000027
expectant 1,427116 0,000205
expectantly 2,407946 0,000345
expectation 0,462035 0,000066
expected 0,105361 0,000015
expecting 0,510826 0,000073
expend 0,462035 0,000066
expended 1,386294 0,000199
expense 0,150823 0,000022
expenses 0,210721 0,000030
expensive 0,843970 0,000121
experience 0,083382 0,000012
explained 0,248461 0,000036
explanation 0,139262 0,000020
exploit 1,237874 0,000177
exploits 1,309333 0,000188
explosion 1,309333 0,000188
exporting 0,510826 0,000073
express 0,127833 0,000018
expressing 0,713350 0,000102
expression 0,127833 0,000018
expressly 0,820981 0,000118
exquisite 0,673345 0,000096
exquisitely 1,386294 0,000199
extended 0,446287 0,000064
extensive 0,798508 0,000114
extent 0,083382 0,000012
external 0,562119 0,000081
extra 0,843970 0,000121
extraordinary 0,371064 0,000053
extreme 0,235722 0,000034
extremes 1,171183 0,000168
extremity 0,867501 0,000124
exultant 1,897120 0,000272
eye 0,030459 0,000004
eyebrows 0,798508 0,000114
eyed 0,597837 0,000086
eyelids 0,916291 0,000131
eyes 0,010050 0,000001
faced 0,820981 0,000118
faceup 3,912023 0,000561
facility 0,356675 0,000051
factories 1,966113 0,000282
factory 1,514128 0,000217
faculties 0,693147 0,000099
faded 0,653926 0,000094
fail 0,235722 0,000034
failed 0,198451 0,000028
failing 0,562119 0,000081
faint 0,261365 0,000037
faintest 1,237874 0,000177
fainting 0,776529 0,000111
faintly 0,713350 0,000102
fair 0,051293 0,000007
fairbanks 1,386294 0,000199
fairest 1,272966 0,000182
fairies 1,966113 0,000282
fairy 1,078810 0,000155
fairyland 2,659260 0,000381
faithful 0,261365 0,000037
faithfully 0,755023 0,000108
faithless 1,832581 0,000263
fall 0,020203 0,000003
fallen 0,083382 0,000012
falling 0,083382 0,000012
falls 0,328504 0,000047
false 0,210721 0,000030
falsehood 0,733969 0,000105
faltered 1,347074 0,000193
fame 0,478036 0,000069
familiar 0,150823 0,000022
familiarity 0,891598 0,000128
familiarly 1,272966 0,000182
families 0,430783 0,000062
family 0,072571 0,000010
famished 1,272966 0,000182
famous 0,261365 0,000037
fancied 0,579818 0,000083
fanciful 1,272966 0,000182
fancy 0,198451 0,000028
fanny 2,302585 0,000330
fans 1,897120 0,000272
fantastic 0,798508 0,000114
fantastical 2,995732 0,000429
fare 0,733969 0,000105
farewell 0,673345 0,000096
farewells 2,995732 0,000429
faring 2,120264 0,000304
farm 0,798508 0,000114
farmer 0,867501 0,000124
farmers 0,994252 0,000142
farmhouse 2,040221 0,000292
farmhouses 2,659260 0,000381
farms 1,714798 0,000246
fashion 0,174353 0,000025
fashioned 0,446287 0,000064
fashions 1,386294 0,000199
fast 0,061875 0,000009
fasten 0,994252 0,000142
fastened 0,616186 0,000088
fastening 1,386294 0,000199
fastenings 1,966113 0,000282
faster 0,562119 0,000081
fastest 2,040221 0,000292
fasting 1,078810 0,000155
fat 0,314711 0,000045
father 0,072571 0,000010
fathers 0,478036 0,000069
fatigue 0,616186 0,000088
fatigued 1,203973 0,000173
fattest 2,407946 0,000345
fatty 3,506558 0,000503
fault 0,162519 0,000023
faultless 2,040221 0,000292
favor 1,021651 0,000146
favorably 2,120264 0,000304
favored 1,897120 0,000272
favorite 1,347074 0,000193
fear 0,020203 0,000003
fearful 0,400478 0,000057
fearfully 1,049822 0,000150
fearing 0,673345 0,000096
fearless 1,309333 0,000188
feast 0,544727 0,000078
feat 1,386294 0,000199
feather 0,820981 0,000118
feathered 2,040221 0,000292
feathers 0,673345 0,000096
feathery 2,207275 0,000316
feats 1,272966 0,000182
feature 0,562119 0,000081
features 0,328504 0,000047
fed 0,371064 0,000053
federal 0,527633 0,000076
fee 0,342490 0,000049
feeble 0,371064 0,000053
feebly 0,843970 0,000121
feed 0,462035 0,000066
feel 0,020203 0,000003
feeling 0,105361 0,000015
feelings 0,314711 0,000045
feels 0,446287 0,000064
fees 0,415515 0,000060
feet 0,061875 0,000009
fell 0,051293 0,000007
fellow 0,051293 0,000007
fellows 0,287682 0,000041
felons 2,207275 0,000316
female 0,385662 0,000055
fenced 1,609438 0,000231
fences 1,560648 0,000224
ferocity 1,237874 0,000177
festival 1,139434 0,000163
festivities 1,832581 0,000263
fete 3,218876 0,000461
fever 0,371064 0,000053
fiddles 2,525729 0,000362
fidget 2,525729 0,000362
field 0,150823 0,000022
fields 0,287682 0,000041
fierce 0,478036 0,000069
fiercely 0,776529 0,000111
fiery 0,713350 0,000102
fig 1,347074 0,000193
fight 0,162519 0,000023
fighting 0,342490 0,000049
fights 0,916291 0,000131
figuratively 1,966113 0,000282
figure 0,072571 0,000010
figured 1,514128 0,000217
figures 0,248461 0,000036
figuring 2,813411 0,000403
file 0,235722 0,000034
files 0,478036 0,000069
fillets 2,407946 0,000345
film 1,714798 0,000246
finally 0,150823 0,000022
financial 0,415515 0,000060
finders 3,506558 0,000503
finding 1,309333 0,000188
fine 0,072571 0,000010
finely 1,171183 0,000168
finer 1,021651 0,000146
finery 2,040221 0,000292
finest 0,494296 0,000071
finger 0,261365 0,000037
fingers 0,235722 0,000034
finish 0,314711 0,000045
finished 0,162519 0,000023
finishing 0,843970 0,000121
firearms 2,407946 0,000345
firedogs 3,506558 0,000503
firelight 1,660731 0,000238
fireplace 1,108663 0,000159
fireworks 2,407946 0,000345
firing 1,660731 0,000238
firm 0,274437 0,000039
firmly 0,342490 0,000049
fish 0,314711 0,000045
fishing 0,755023 0,000108
fishwives 3,912023 0,000561
fist 0,713350 0,000102
fists 1,108663 0,000159
fit 0,061875 0,000009
fitness 0,446287 0,000064
fitted 0,261365 0,000037
fitter 1,832581 0,000263
fitting 0,510826 0,000073
flack 3,506558 0,000503
flag 0,891598 0,000128
flagging 2,120264 0,000304
flags 1,203973 0,000173
flagstaff 2,995732 0,000429
flagstaffs 3,912023 0,000561
flame 0,400478 0,000057
flames 0,616186 0,000088
flanders 2,207275 0,000316
flapping 1,309333 0,000188
flaring 1,514128 0,000217
flash 0,510826 0,000073
flashed 0,693147 0,000099
flashes 1,078810 0,000155
flashing 0,820981 0,000118
flask 1,832581 0,000263
flat 0,248461 0,000036
flatter 0,713350 0,000102
flattering 0,798508 0,000114
flaunted 3,218876 0,000461
flavored 3,506558 0,000503
flaxen 1,660731 0,000238
fled 0,371064 0,000053
fleet 0,776529 0,000111
fleeter 3,218876 0,000461
fleetest 2,813411 0,000403
fleetness 2,813411 0,000403
flesh 0,210721 0,000030
flew 0,314711 0,000045
flickered 1,609438 0,000231
flies 0,579818 0,000083
fling 0,967584 0,000139
flippant 2,525729 0,000362
flipped 2,995732 0,000429
flipping 3,912023 0,000561
flitted 1,386294 0,000199
flitting 1,560648 0,000224
float 0,967584 0,000139
floated 0,798508 0,000114
floating 0,597837 0,000086
flocked 1,469676 0,000211
flocking 1,966113 0,000282
flocks 1,108663 0,000159
flog 1,897120 0,000272
flogging 2,120264 0,000304
floggings 2,995732 0,000429
flood 0,544727 0,000078
flooding 2,207275 0,000316
floods 1,386294 0,000199
floor 0,186330 0,000027
floors 1,309333 0,000188
florins 2,407946 0,000345
flour 1,078810 0,000155
flourish 0,994252 0,000142
flourished 1,049822 0,000150
flourishes 1,771957 0,000254
flourishing 1,021651 0,000146
flow 0,462035 0,000066
flower 0,342490 0,000049
flowers 0,274437 0,000039
flowing 0,527633 0,000076
flown 1,237874 0,000177
fluently 1,832581 0,000263
fluid 1,272966 0,000182
flush 0,941609 0,000135
flushed 0,713350 0,000102
flushing 1,560648 0,000224
flutter 1,171183 0,000168
fluttering 0,994252 0,000142
fly 0,210721 0,000030
flying 0,235722 0,000034
foe 0,776529 0,000111
foes 1,139434 0,000163
fold 1,021651 0,000146
folded 0,544727 0,000078
folding 1,049822 0,000150
folds 0,755023 0,000108
foliage 0,916291 0,000131
folk 0,994252 0,000142
folks 0,941609 0,000135
follow 0,020203 0,000003
followers 0,755023 0,000108
folly 0,301105 0,000043
fond 0,287682 0,000041
food 0,127833 0,000018
fool 0,314711 0,000045
foolish 0,235722 0,000034
foolishness 1,514128 0,000217
fools 0,616186 0,000088
foot 0,083382 0,000012
footed 1,049822 0,000150
footpath 1,897120 0,000272
footprint 2,813411 0,000403
footsteps 0,478036 0,000069
forbidding 1,139434 0,000163
force 0,061875 0,000009
forced 0,139262 0,000020
forces 0,462035 0,000066
forcing 0,693147 0,000099
forego 1,660731 0,000238
forehead 0,430783 0,000062
foreheads 1,832581 0,000263
foreign 0,301105 0,000043
foreigners 1,237874 0,000177
foremost 0,673345 0,000096
forests 0,891598 0,000128
forge 1,347074 0,000193
forget 0,072571 0,000010
forgets 1,203973 0,000173
forgetting 0,597837 0,000086
forgive 0,356675 0,000051
forgiveness 0,916291 0,000131
forgiving 1,386294 0,000199
forgot 0,261365 0,000037
forgotten 0,162519 0,000023
forked 1,714798 0,000246
forlorn 1,078810 0,000155
form 0,040822 0,000006
formal 0,673345 0,000096
format 0,562119 0,000081
formats 0,562119 0,000081
formed 0,210721 0,000030
formidable 0,673345 0,000096
forsaken 1,171183 0,000168
forsooth 1,832581 0,000263
fortified 1,272966 0,000182
fortitude 1,078810 0,000155
forts 1,660731 0,000238
fortunate 0,415515 0,000060
fortunately 0,579818 0,000083
fortune 0,186330 0,000027
fortunes 0,616186 0,000088
fossil 2,659260 0,000381
fought 0,371064 0,000053
foundation 0,174353 0,000025
foundry 2,407946 0,000345
fountain 0,713350 0,000102
fountains 1,427116 0,000205
fourteen 0,616186 0,000088
fourth 0,186330 0,000027
fowl 1,108663 0,000159
fragile 1,714798 0,000246
fragrance 1,171183 0,000168
fragrant 1,108663 0,000159
frame 0,235722 0,000034
framework 1,609438 0,000231
france 0,544727 0,000078
frank 0,616186 0,000088
frantically 1,386294 0,000199
freckled 1,714798 0,000246
frederic 2,407946 0,000345
freedom 0,223144 0,000032
freely 0,105361 0,000015
freeze 1,560648 0,000224
freezing 1,347074 0,000193
freight 1,469676 0,000211
french 0,342490 0,000049
frequent 0,342490 0,000049
frequently 0,287682 0,000041
frescoed 3,506558 0,000503
fresh 0,105361 0,000015
fresher 1,469676 0,000211
freshets 3,218876 0,000461
freshness 1,021651 0,000146
fret 1,272966 0,000182
fretted 1,272966 0,000182
friction 1,771957 0,000254
friend 0,040822 0,000006
friendless 1,771957 0,000254
friendly 0,261365 0,000037
friends 0,020203 0,000003
fright 0,653926 0,000094
frighten 0,798508 0,000114
frightened 0,301105 0,000043
fringe 1,469676 0,000211
fringed 1,309333 0,000188
friskiness 3,912023 0,000561
frisking 2,659260 0,000381
frisky 2,995732 0,000429
fro 0,494296 0,000071
frog 1,609438 0,000231
frolic 1,966113 0,000282
frolicsome 2,525729 0,000362
frost 0,755023 0,000108
frosted 2,302585 0,000330
frosty 1,386294 0,000199
frown 1,078810 0,000155
frowned 1,272966 0,000182
frowning 1,108663 0,000159
frozen 0,733969 0,000105
frugal 1,609438 0,000231
fruit 0,274437 0,000039
fruitless 1,049822 0,000150
frying 1,714798 0,000246
fuel 1,108663 0,000159
fugitives 1,386294 0,000199
fullness 1,966113 0,000282
fumble 2,995732 0,000429
fumbling 1,609438 0,000231
fun 0,798508 0,000114
funeral 0,634878 0,000091
funerals 1,897120 0,000272
funniest 2,813411 0,000403
funnily 3,506558 0,000503
funny 1,021651 0,000146
fur 0,994252 0,000142
furious 0,430783 0,000062
furiously 0,755023 0,000108
furnish 0,579818 0,000083
furnished 0,328504 0,000047
furniture 0,415515 0,000060
furs 1,609438 0,000231
fury 0,328504 0,000047
fuss 1,309333 0,000188
future 0,105361 0,000015
gable 2,120264 0,000304
gaily 1,078810 0,000155
gain 0,174353 0,000025
gained 0,261365 0,000037
gaining 0,544727 0,000078
gale 1,171183 0,000168
gall 1,469676 0,000211
gallant 0,867501 0,000124
gallantly 1,309333 0,000188
galled 2,659260 0,000381
galleries 1,427116 0,000205
gallery 0,798508 0,000114
gambling 1,609438 0,000231
game 0,248461 0,000036
games 0,693147 0,000099
gaper 3,912023 0,000561
gaping 0,994252 0,000142
garbage 2,995732 0,000429
garden 0,198451 0,000028
gardener 1,203973 0,000173
gardeners 1,771957 0,000254
gardens 0,510826 0,000073
garlands 1,771957 0,000254
garment 0,755023 0,000108
garments 0,597837 0,000086
garret 1,309333 0,000188
gasp 1,171183 0,000168
gate 0,287682 0,000041
gates 0,446287 0,000064
gateway 1,309333 0,000188
gateways 2,995732 0,000429
gather 0,328504 0,000047
gathered 0,150823 0,000022
gathering 0,430783 0,000062
gathers 1,427116 0,000205
gaudy 1,386294 0,000199
gay 0,494296 0,000071
gayer 2,302585 0,000330
gayest 2,207275 0,000316
gaze 0,544727 0,000078
gazed 0,597837 0,000086
gazes 1,897120 0,000272
gazing 0,597837 0,000086
geese 1,309333 0,000188
gems 1,347074 0,000193
generations 0,198451 0,000028
generous 0,356675 0,000051
genii 2,407946 0,000345
genius 0,400478 0,000057
gentle 0,274437 0,000039
gentleman 0,301105 0,000043
gentlemen 0,430783 0,000062
gentler 1,714798 0,000246
gently 0,235722 0,000034
gentry 1,514128 0,000217
genuine 0,597837 0,000086
geography 1,514128 0,000217
gerard 2,995732 0,000429
german 0,510826 0,000073
germans 1,108663 0,000159
germany 1,049822 0,000150
gestures 0,891598 0,000128
giant 0,634878 0,000091
giants 1,049822 0,000150
gibberish 2,813411 0,000403
gift 0,261365 0,000037
gifts 0,527633 0,000076
gilded 1,171183 0,000168
gilt 1,469676 0,000211
gingerbread 1,897120 0,000272
girl 0,235722 0,000034
girlhood 2,207275 0,000316
girls 0,400478 0,000057
glaciers 2,659260 0,000381
glad 0,072571 0,000010
gladdening 2,813411 0,000403
gladly 0,544727 0,000078
glance 0,248461 0,000036
glanced 0,653926 0,000094
glances 0,798508 0,000114
glancing 0,693147 0,000099
glass 0,186330 0,000027
glasses 0,713350 0,000102
glassy 1,660731 0,000238
glazed 1,660731 0,000238
glazing 2,525729 0,000362
gleam 0,693147 0,000099
gleaming 0,916291 0,000131
gleams 1,714798 0,000246
glee 1,309333 0,000188
glide 1,309333 0,000188
glided 1,021651 0,000146
glides 2,407946 0,000345
gliding 1,139434 0,000163
glimpse 0,544727 0,000078
glimpses 1,021651 0,000146
glisten 2,207275 0,000316
glistening 1,237874 0,000177
glittering 0,798508 0,000114
globes 1,966113 0,000282
gloomy 0,478036 0,000069
glorious 0,462035 0,000066
glove 1,427116 0,000205
gloves 0,693147 0,000099
glow 0,527633 0,000076
glowed 1,108663 0,000159
glowing 0,510826 0,000073
gnome 3,506558 0,000503
gnomes 3,912023 0,000561
goal 0,867501 0,000124
goals 0,544727 0,000078
god 0,094311 0,000014
goddess 1,171183 0,000168
godliness 3,218876 0,000461
godmother 2,207275 0,000316
gold 0,083382 0,000012
golden 0,342490 0,000049
gong 2,302585 0,000330
goodbye 2,407946 0,000345
goodly 1,272966 0,000182
goodness 0,328504 0,000047
goodnight 2,995732 0,000429
goose 0,941609 0,000135
gorgeous 1,171183 0,000168
gossamer 2,207275 0,000316
gossiping 1,897120 0,000272
gossips 2,407946 0,000345
gothic 1,609438 0,000231
gouda 3,912023 0,000561
govern 0,342490 0,000049
governor 0,820981 0,000118
gown 0,693147 0,000099
gowns 1,560648 0,000224
grace 0,235722 0,000034
graceful 0,494296 0,000071
gracefully 1,203973 0,000173
graciously 1,203973 0,000173
grades 1,897120 0,000272
gradually 0,328504 0,000047
graduates 2,659260 0,000381
grain 0,597837 0,000086
grammar 1,203973 0,000173
grand 0,342490 0,000049
grandchildren 1,771957 0,000254
grander 2,407946 0,000345
grandest 2,407946 0,000345
grandfather 0,776529 0,000111
grandmother 1,514128 0,000217
grandmothers 2,207275 0,000316
grandparents 2,995732 0,000429
grandsire 2,659260 0,000381
grandson 1,427116 0,000205
granite 1,347074 0,000193
granny 2,407946 0,000345
grant 0,371064 0,000053
granted 0,150823 0,000022
grapple 1,771957 0,000254
grasp 0,385662 0,000055
grasping 0,891598 0,000128
grasps 2,120264 0,000304
grass 0,314711 0,000045
grate 1,171183 0,000168
grateful 0,446287 0,000064
gratefully 0,415515 0,000060
gratitude 0,478036 0,000069
grave 0,127833 0,000018
gravel 1,237874 0,000177
gravely 0,693147 0,000099
gravestones 2,995732 0,000429
graveyards 3,218876 0,000461
gravitation 2,302585 0,000330
gray 0,733969 0,000105
greased 2,207275 0,000316
greasy 1,347074 0,000193
greatly 0,210721 0,000030
greatness 0,693147 0,000099
greece 1,139434 0,000163
greedy 1,021651 0,000146
green 0,105361 0,000015
greet 0,994252 0,000142
gregory 1,139434 0,000163
gretel 3,912023 0,000561
grew 0,139262 0,000020
grief 0,356675 0,000051
grieve 0,916291 0,000131
grim 0,776529 0,000111
grimace 1,714798 0,000246
grin 0,967584 0,000139
grinding 1,078810 0,000155
grinned 1,514128 0,000217
groan 0,891598 0,000128
groaned 1,021651 0,000146
groaning 0,916291 0,000131
groans 1,021651 0,000146
gross 0,235722 0,000034
ground 0,030459 0,000004
grounds 0,446287 0,000064
grow 0,139262 0,000020
growing 0,174353 0,000025
growl 1,309333 0,000188
growled 1,203973 0,000173
growling 1,427116 0,000205
grown 0,116534 0,000017
grows 0,527633 0,000076
gruff 1,660731 0,000238
gruffest 3,912023 0,000561
gruffly 1,897120 0,000272
grumbled 1,203973 0,000173
grumbling 1,427116 0,000205
grunted 1,560648 0,000224
guard 0,174353 0,000025
guarded 0,597837 0,000086
guarding 1,386294 0,000199
guards 0,673345 0,000096
guess 0,314711 0,000045
guessing 1,427116 0,000205
guest 0,527633 0,000076
guests 0,446287 0,000064
guide 0,261365 0,000037
guiding 0,867501 0,000124
guilder 3,506558 0,000503
guilders 3,506558 0,000503
guilt 0,544727 0,000078
guineas 1,427116 0,000205
gulliver 2,813411 0,000403
gunpowder 1,560648 0,000224
guns 0,843970 0,000121
gust 1,386294 0,000199
gutters 2,040221 0,000292
ha 0,891598 0,000128
habit 0,223144 0,000032
habits 0,356675 0,000051
haggard 1,021651 0,000146
hague 2,813411 0,000403
hailed 1,078810 0,000155
hailing 1,966113 0,000282
hailstones 2,525729 0,000362
hair 0,094311 0,000014
haired 0,820981 0,000118
hale 1,771957 0,000254
halfway 1,386294 0,000199
hall 0,314711 0,000045
halloo 2,302585 0,000330
halo 1,832581 0,000263
halt 0,755023 0,000108
halted 0,843970 0,000121
halting 1,309333 0,000188
hand 0,010050 0,000001
handed 0,274437 0,000039
handel 3,506558 0,000503
handing 1,309333 0,000188
handkerchief 0,653926 0,000094
handle 0,415515 0,000060
handled 0,916291 0,000131
handmaiden 3,218876 0,000461
hands 0,020203 0,000003
handsome 0,328504 0,000047
handy 0,994252 0,000142
hang 0,400478 0,000057
hanging 0,261365 0,000037
hangs 0,941609 0,000135
hans 2,302585 0,000330
happen 0,150823 0,000022
happened 0,094311 0,000014
happening 0,634878 0,000091
happier 0,544727 0,000078
happiest 0,798508 0,000114
happily 0,478036 0,000069
happiness 0,150823 0,000022
happy 0,072571 0,000010
harangue 1,966113 0,000282
harbor 1,514128 0,000217
hard 0,040822 0,000006
hardens 2,407946 0,000345
harder 0,597837 0,000086
hardness 1,203973 0,000173
hardships 1,021651 0,000146
hardworking 2,995732 0,000429
hark 1,237874 0,000177
harlequin 2,525729 0,000362
harm 0,210721 0,000030
harmless 0,248461 0,000036
harmonious 1,171183 0,000168
harmony 0,579818 0,000083
harness 1,108663 0,000159
harnessed 1,309333 0,000188
harsh 0,510826 0,000073
hart 0,462035 0,000066
harvest 0,755023 0,000108
hast 0,891598 0,000128
haste 0,371064 0,000053
hasten 1,021651 0,000146
hastened 0,616186 0,000088
hastening 1,203973 0,000173
hastily 0,462035 0,000066
hasty 0,510826 0,000073
hat 0,478036 0,000069
hatchet 1,966113 0,000282
hate 0,274437 0,000039
hated 0,356675 0,000051
hats 0,941609 0,000135
haughty 0,867501 0,000124
haunt 1,049822 0,000150
haunted 0,579818 0,000083
head 0,000000 0,000000
headbands 3,912023 0,000561
headed 0,510826 0,000073
headgear 2,659260 0,000381
heads 0,094311 0,000014
headstone 2,995732 0,000429
health 0,198451 0,000028
healthy 0,356675 0,000051
heap 0,494296 0,000071
heaped 0,994252 0,000142
heaps 0,733969 0,000105
hear 0,010050 0,000001
heard 0,020203 0,000003
hears 0,673345 0,000096
heart 0,010050 0,000001
hearted 0,415515 0,000060
hearth 0,867501 0,000124
hearthstone 2,407946 0,000345
heartiest 2,995732 0,000429
heartily 0,597837 0,000086
hearts 0,261365 0,000037
hearty 0,653926 0,000094
heating 2,207275 0,000316
heaven 0,198451 0,000028
heavens 0,430783 0,000062
heavier 0,776529 0,000111
heaviest 1,427116 0,000205
heavily 0,400478 0,000057
heavy 0,030459 0,000004
hedge 0,994252 0,000142
hedges 1,108663 0,000159
heed 0,693147 0,000099
heel 0,713350 0,000102
heels 0,446287 0,000064
heer 3,506558 0,000503
heigh 2,995732 0,000429
height 0,261365 0,000037
heightened 1,469676 0,000211
heightening 2,302585 0,000330
heights 0,916291 0,000131
held 0,040822 0,000006
helpless 0,328504 0,000047
hemp 2,040221 0,000292
henry 0,713350 0,000102
heraldic 2,659260 0,000381
herculean 1,771957 0,000254
herman 2,995732 0,000429
hermit 1,514128 0,000217
hero 0,544727 0,000078
heroes 0,713350 0,000102
heroic 0,891598 0,000128
herring 2,407946 0,000345
herrings 2,302585 0,000330
hesitate 0,616186 0,000088
hesitated 0,653926 0,000094
hey 1,347074 0,000193
hidden 0,248461 0,000036
hide 0,287682 0,000041
hideous 0,527633 0,000076
hiders 3,912023 0,000561
hiding 0,616186 0,000088
highland 2,120264 0,000304
hilarity 1,966113 0,000282
hilda 3,218876 0,000461
hill 0,248461 0,000036
hindered 1,347074 0,000193
hindrance 1,139434 0,000163
hinges 0,994252 0,000142
hint 0,462035 0,000066
hinted 1,049822 0,000150
hinting 1,966113 0,000282
hire 1,203973 0,000173
hiss 1,347074 0,000193
hissed 1,771957 0,000254
hist 2,120264 0,000304
historian 1,108663 0,000159
historic 1,832581 0,000263
historical 0,843970 0,000121
history 0,186330 0,000027
hit 0,356675 0,000051
hitched 2,207275 0,000316
hits 2,040221 0,000292
ho 1,203973 0,000173
hoist 1,660731 0,000238
hoisting 2,525729 0,000362
hold 0,020203 0,000003
holder 0,446287 0,000064
holding 0,174353 0,000025
holds 0,342490 0,000049
hole 0,356675 0,000051
holes 0,562119 0,000081
holiday 0,798508 0,000114
holland 1,514128 0,000217
hollander 3,218876 0,000461
hollanders 2,995732 0,000429
hollow 0,446287 0,000064
holp 3,912023 0,000561
holy 0,385662 0,000055
homage 1,078810 0,000155
homeless 1,832581 0,000263
homely 1,272966 0,000182
homemade 2,813411 0,000403
homeopathic 2,813411 0,000403
homes 2,813411 0,000403
homespun 3,218876 0,000461
homeward 0,891598 0,000128
homework 3,912023 0,000561
honest 0,235722 0,000034
honestly 0,843970 0,000121
honesty 0,733969 0,000105
honey 0,755023 0,000108
honor 0,891598 0,000128
honored 1,427116 0,000205
honoring 2,813411 0,000403
hood 1,386294 0,000199
hoof 1,560648 0,000224
hoop 2,120264 0,000304
hooped 2,659260 0,000381
hoot 2,813411 0,000403
hop 1,469676 0,000211
hope 0,010050 0,000001
hoped 0,210721 0,000030
hopeless 0,510826 0,000073
hopelessly 1,078810 0,000155
hopes 0,210721 0,000030
hoping 0,430783 0,000062
horizon 0,616186 0,000088
horrible 0,356675 0,000051
horrid 0,713350 0,000102
horror 0,248461 0,000036
horrors 0,693147 0,000099
horse 0,162519 0,000023
horsemen 1,171183 0,000168
horses 0,261365 0,000037
horseshoe 2,525729 0,000362
hose 2,040221 0,000292
hosier 2,813411 0,000403
hospital 0,916291 0,000131
host 0,478036 0,000069
hostess 1,347074 0,000193
hosts 1,237874 0,000177
hot 0,116534 0,000017
hotel 0,820981 0,000118
hothouse 3,218876 0,000461
hour 0,083382 0,000012
hours 0,094311 0,000014
house 0,020203 0,000003
housebreaker 2,995732 0,000429
housebreaking 2,995732 0,000429
houseful 2,813411 0,000403
household 0,430783 0,000062
households 2,040221 0,000292
houses 0,139262 0,000020
housetops 2,407946 0,000345
housewife 2,302585 0,000330
housewives 2,813411 0,000403
hubert 3,912023 0,000561
hue 0,798508 0,000114
huge 0,400478 0,000057
hugging 1,771957 0,000254
hugs 2,659260 0,000381
human 0,083382 0,000012
humble 0,301105 0,000043
humbly 0,867501 0,000124
humility 0,867501 0,000124
humming 1,237874 0,000177
humor 1,272966 0,000182
humored 1,897120 0,000272
humoring 3,506558 0,000503
hump 2,120264 0,000304
humph 1,897120 0,000272
hung 0,174353 0,000025
hunger 0,478036 0,000069
hungry 0,328504 0,000047
hunt 0,544727 0,000078
hunted 0,867501 0,000124
hunters 1,171183 0,000168
hunting 0,462035 0,000066
hurls 2,659260 0,000381
hurrah 1,386294 0,000199
hurray 3,506558 0,000503
hurried 0,356675 0,000051
hurriedly 0,891598 0,000128
hurry 0,328504 0,000047
hurrying 0,673345 0,000096
hurt 0,198451 0,000028
husband 0,248461 0,000036
husbands 0,755023 0,000108
hush 0,776529 0,000111
hushed 1,049822 0,000150
husky 1,560648 0,000224
hut 0,916291 0,000131
hutlike 3,912023 0,000561
huzza 2,813411 0,000403
hyacinths 2,995732 0,000429
hymn 1,021651 0,000146
hysterics 1,714798 0,000246
ibexes 3,912023 0,000561
ice 0,527633 0,000076
iceberg 2,659260 0,000381
icebergs 2,995732 0,000429
iceboat 3,912023 0,000561
iceboats 3,912023 0,000561
icebound 3,506558 0,000503
icebreaker 3,912023 0,000561
icicles 2,813411 0,000403
idea 0,105361 0,000015
ideas 0,314711 0,000045
identical 0,994252 0,000142
identification 0,527633 0,000076
identified 1,386294 0,000199
identify 0,415515 0,000060
idiot 0,941609 0,000135
idiotic 1,347074 0,000193
idle 0,274437 0,000039
idler 2,207275 0,000316
idolatry 1,966113 0,000282
ignorance 0,287682 0,000041
ignorant 0,301105 0,000043
ik 3,912023 0,000561
illness 0,616186 0,000088
illuminated 1,108663 0,000159
illumined 1,609438 0,000231
illustrious 1,021651 0,000146
image 0,371064 0,000053
images 0,867501 0,000124
imaginable 1,427116 0,000205
imaginary 0,755023 0,000108
imagination 0,223144 0,000032
imagine 0,139262 0,000020
imagined 0,287682 0,000041
imbedded 2,207275 0,000316
immense 0,314711 0,000045
immovable 1,203973 0,000173
impart 1,078810 0,000155
impatient 0,371064 0,000053
impatiently 0,634878 0,000091
impenitent 2,813411 0,000403
imperfect 0,673345 0,000096
impertinence 1,560648 0,000224
impertinent 1,171183 0,000168
implement 2,407946 0,000345
implements 1,560648 0,000224
implied 0,371064 0,000053
implore 1,237874 0,000177
implored 1,309333 0,000188
imploring 1,237874 0,000177
imploringly 1,771957 0,000254
importation 2,813411 0,000403
imposed 0,210721 0,000030
imposing 0,843970 0,000121
impossible 0,094311 0,000014
impression 0,210721 0,000030
impressive 1,237874 0,000177
imprisoned 1,021651 0,000146
improved 0,562119 0,000081
improvement 0,673345 0,000096
improvements 1,139434 0,000163
improves 2,120264 0,000304
improving 1,049822 0,000150
impudent 1,469676 0,000211
impulse 0,462035 0,000066
inaccurate 0,510826 0,000073
inanimate 1,272966 0,000182
incense 1,049822 0,000150
inch 0,634878 0,000091
inches 0,733969 0,000105
incident 0,527633 0,000076
incidental 0,446287 0,000064
incidents 0,693147 0,000099
inclined 0,186330 0,000027
include 0,274437 0,000039
included 0,162519 0,000023
includes 0,462035 0,000066
including 0,139262 0,000020
incoherent 1,469676 0,000211
incomplete 0,301105 0,000043
inconsistencies 1,714798 0,000246
increases 1,237874 0,000177
increasing 0,127833 0,000018
incredulous 1,309333 0,000188
indemnify 0,527633 0,000076
indemnity 0,527633 0,000076
india 0,843970 0,000121
indignant 0,820981 0,000118
indignantly 1,203973 0,000173
indignation 0,510826 0,000073
indirect 0,446287 0,000064
indirectly 0,371064 0,000053
indiscreet 1,609438 0,000231
indistinct 1,139434 0,000163
individual 0,150823 0,000022
indolent 1,427116 0,000205
induce 0,634878 0,000091
induced 0,527633 0,000076
indulge 0,820981 0,000118
indulging 1,171183 0,000168
industrious 1,078810 0,000155
industry 0,867501 0,000124
inertia 2,407946 0,000345
infancy 0,916291 0,000131
infant 0,673345 0,000096
infinite 0,430783 0,000062
infinitum 2,659260 0,000381
inflicted 0,798508 0,000114
inform 0,510826 0,000073
infringement 0,544727 0,000078
ingenious 0,693147 0,000099
ingratitude 1,171183 0,000168
inhabitants 0,446287 0,000064
inhabited 0,713350 0,000102
initial 1,309333 0,000188
initials 1,771957 0,000254
injunction 1,347074 0,000193
injured 0,579818 0,000083
inland 1,469676 0,000211
inmates 1,386294 0,000199
inn 0,713350 0,000102
innkeeper 2,659260 0,000381
innocent 0,186330 0,000027
innocently 1,427116 0,000205
inquire 0,494296 0,000071
inquired 0,544727 0,000078
inquiring 0,798508 0,000114
inquiringly 1,771957 0,000254
inquiry 0,634878 0,000091
inquisitive 1,078810 0,000155
inscription 1,272966 0,000182
insensible 0,843970 0,000121
insight 1,171183 0,000168
insinuation 2,040221 0,000292
insist 0,462035 0,000066
insisted 0,400478 0,000057
insolent 0,941609 0,000135
inspect 1,347074 0,000193
inspection 0,820981 0,000118
inspired 0,510826 0,000073
installation 2,995732 0,000429
instances 0,653926 0,000094
instant 0,210721 0,000030
instantly 0,356675 0,000051
instep 2,813411 0,000403
instinct 0,430783 0,000062
institution 0,820981 0,000118
institutions 1,203973 0,000173
instruct 1,078810 0,000155
instructive 1,469676 0,000211
instrument 0,356675 0,000051
instruments 0,527633 0,000076
insult 0,673345 0,000096
intellect 0,693147 0,000099
intellectual 0,235722 0,000034
intelligence 0,301105 0,000043
intelligent 0,342490 0,000049
intend 0,494296 0,000071
intended 0,174353 0,000025
intending 0,733969 0,000105
intense 0,430783 0,000062
intensely 0,820981 0,000118
intent 0,527633 0,000076
intention 0,186330 0,000027
intently 0,891598 0,000128
intercourse 0,798508 0,000114
interfered 1,108663 0,000159
interior 0,673345 0,000096
internal 0,261365 0,000037
internally 1,897120 0,000272
international 0,494296 0,000071
interposed 1,139434 0,000163
interpreted 0,274437 0,000039
interpreter 1,171183 0,000168
interrupt 0,755023 0,000108
interrupted 0,301105 0,000043
interruption 0,776529 0,000111
intersected 1,714798 0,000246
intersecting 2,813411 0,000403
intervals 0,510826 0,000073
intimate 0,462035 0,000066
intricate 1,078810 0,000155
introduce 0,562119 0,000081
introduced 0,356675 0,000051
introducing 1,108663 0,000159
intruder 1,237874 0,000177
intrusted 2,040221 0,000292
inundate 3,506558 0,000503
inundated 2,995732 0,000429
inundation 2,207275 0,000316
inundations 2,813411 0,000403
invading 1,660731 0,000238
invalidity 0,527633 0,000076
invaluable 1,386294 0,000199
invariable 1,514128 0,000217
invariably 0,798508 0,000114
invented 0,597837 0,000086
inventor 1,560648 0,000224
investigating 1,427116 0,000205
investigations 1,272966 0,000182
investigator 2,302585 0,000330
invisible 0,562119 0,000081
invitation 0,579818 0,000083
invited 0,415515 0,000060
inviting 0,891598 0,000128
inwardly 0,798508 0,000114
iron 0,198451 0,000028
ironed 2,207275 0,000316
irregular 0,733969 0,000105
irregularly 1,832581 0,000263
irs 0,562119 0,000081
ish 3,912023 0,000561
island 0,400478 0,000057
islands 0,755023 0,000108
israel 1,386294 0,000199
issued 0,579818 0,000083
issuing 1,078810 0,000155
item 1,272966 0,000182
ivory 0,843970 0,000121
ja 2,995732 0,000429
jack 0,820981 0,000118
jacket 0,798508 0,000114
jackets 1,560648 0,000224
jackknife 2,995732 0,000429
jacob 1,427116 0,000205
jagged 1,560648 0,000224
jail 1,427116 0,000205
jailer 2,525729 0,000362
jakob 3,912023 0,000561
james 0,673345 0,000096
jan 3,218876 0,000461
january 0,693147 0,000099
japan 1,609438 0,000231
japanese 1,660731 0,000238
jars 1,832581 0,000263
jasper 2,302585 0,000330
jauntily 2,302585 0,000330
jaunty 2,407946 0,000345
jealously 1,897120 0,000272
jelly 1,609438 0,000231
jenny 2,407946 0,000345
jerk 1,427116 0,000205
jerked 1,237874 0,000177
jerks 2,302585 0,000330
jeweled 3,218876 0,000461
jewelry 2,040221 0,000292
jewels 0,820981 0,000118
jews 1,078810 0,000155
jingled 2,659260 0,000381
joan 2,407946 0,000345
job 0,673345 0,000096
johannes 3,912023 0,000561
john 0,328504 0,000047
joined 2,995732 0,000429
joke 0,494296 0,000071
joking 0,994252 0,000142
jollity 2,813411 0,000403
jolly 0,994252 0,000142
jostling 2,040221 0,000292
journey 0,198451 0,000028
joy 0,139262 0,000020
joyful 0,798508 0,000114
joyfully 1,272966 0,000182
joyous 0,941609 0,000135
joyously 1,560648 0,000224
judge 0,116534 0,000017
judges 0,597837 0,000086
judging 0,713350 0,000102
judgment 0,198451 0,000028
judicial 1,309333 0,000188
jug 1,386294 0,000199
juggernaut 2,995732 0,000429
juice 1,347074 0,000193
julius 1,897120 0,000272
july 0,616186 0,000088
jumble 3,218876 0,000461
jump 0,733969 0,000105
jumped 0,653926 0,000094
jumping 0,798508 0,000114
jungle 1,966113 0,000282
junior 1,272966 0,000182
juts 3,218876 0,000461
karel 3,912023 0,000561
kate 2,659260 0,000381
katrina 3,912023 0,000561
katrinka 3,912023 0,000561
katy 3,218876 0,000461
keels 2,995732 0,000429
keener 1,469676 0,000211
keenest 1,386294 0,000199
keeper 0,916291 0,000131
keg 2,040221 0,000292
kennel 1,897120 0,000272
kennels 2,525729 0,000362
kerchief 1,966113 0,000282
kermis 3,912023 0,000561
kettle 1,272966 0,000182
kettles 2,302585 0,000330
key 0,356675 0,000051
keyboard 2,813411 0,000403
keyboards 3,912023 0,000561
kicked 0,843970 0,000121
kicking 1,078810 0,000155
kill 0,127833 0,000018
killed 0,223144 0,000032
killer 2,120264 0,000304
killing 0,597837 0,000086
kindhearted 2,995732 0,000429
kindle 1,272966 0,000182
kindled 0,867501 0,000124
kindliness 2,040221 0,000292
kindling 1,714798 0,000246
kindly 0,223144 0,000032
kindness 0,287682 0,000041
kindnesses 2,207275 0,000316
king 0,223144 0,000032
kingdom 0,494296 0,000071
kingdoms 1,108663 0,000159
kiss 0,562119 0,000081
kissed 0,462035 0,000066
kisses 1,021651 0,000146
kissing 1,021651 0,000146
kitchen 0,597837 0,000086
kitten 1,832581 0,000263
kittens 2,207275 0,000316
kneaded 2,207275 0,000316
kneading 3,218876 0,000461
knee 0,462035 0,000066
kneel 1,203973 0,000173
kneeling 0,798508 0,000114
knees 0,223144 0,000032
knelt 0,994252 0,000142
knife 0,356675 0,000051
knight 1,309333 0,000188
knights 1,309333 0,000188
knit 1,108663 0,000159
knits 2,813411 0,000403
knitted 1,560648 0,000224
knitting 1,272966 0,000182
knives 0,916291 0,000131
knock 0,616186 0,000088
knocked 0,510826 0,000073
knocker 2,407946 0,000345
knocking 0,798508 0,000114
knot 0,673345 0,000096
knots 1,139434 0,000163
knotted 1,469676 0,000211
knotty 1,966113 0,000282
knowing 2,525729 0,000362
knowledge 0,061875 0,000009
kwartje 3,912023 0,000561
labeled 3,218876 0,000461
labor 1,272966 0,000182
laborer 2,407946 0,000345
laborers 1,966113 0,000282
laboring 1,966113 0,000282
labors 1,660731 0,000238
lace 0,916291 0,000131
laced 1,771957 0,000254
lack 0,478036 0,000069
lacked 1,309333 0,000188
lad 0,713350 0,000102
ladder 0,693147 0,000099
laden 0,673345 0,000096
ladies 0,314711 0,000045
lads 1,139434 0,000163
lady 0,248461 0,000036
laid 0,072571 0,000010
lain 0,843970 0,000121
lake 0,210721 0,000030
lakes 1,237874 0,000177
lamb 0,776529 0,000111
lambert 2,525729 0,000362
lambs 1,347074 0,000193
lame 0,820981 0,000118
lamp 0,478036 0,000069
land 0,072571 0,000010
landing 0,562119 0,000081
landlady 1,514128 0,000217
landlord 0,941609 0,000135
lands 0,544727 0,000078
landscape 0,867501 0,000124
lanes 1,203973 0,000173
language 0,072571 0,000010
languages 0,967584 0,000139
languish 1,966113 0,000282
lank 1,609438 0,000231
lap 0,634878 0,000091
laps 2,207275 0,000316
lashed 1,203973 0,000173
lashes 1,237874 0,000177
lass 2,207275 0,000316
latch 1,309333 0,000188
latchet 3,912023 0,000561
late 0,094311 0,000014
latin 0,653926 0,000094
laugh 0,127833 0,000018
laughed 0,248461 0,000036
laughing 0,248461 0,000036
laughingly 1,714798 0,000246
laughs 0,994252 0,000142
laughter 0,274437 0,000039
launch 1,427116 0,000205
law 0,030459 0,000004
lawgiver 1,897120 0,000272
lawless 1,660731 0,000238
lawn 1,237874 0,000177
laws 0,083382 0,000012
lawyer 0,798508 0,000114
lay 0,051293 0,000007
laying 0,274437 0,000039
lazily 1,237874 0,000177
lazy 0,616186 0,000088
lead 0,083382 0,000012
leader 0,462035 0,000066
leading 0,139262 0,000020
leaf 0,462035 0,000066
leak 1,714798 0,000246
leaks 2,525729 0,000362
leaky 2,120264 0,000304
lean 0,579818 0,000083
leaned 0,634878 0,000091
leaning 0,301105 0,000043
leans 1,966113 0,000282
leap 0,562119 0,000081
leaped 0,713350 0,000102
leaping 0,713350 0,000102
learn 0,020203 0,000003
learned 0,105361 0,000015
learning 0,301105 0,000043
learns 1,108663 0,000159
leastwise 3,506558 0,000503
leather 0,544727 0,000078
leatherwork 3,912023 0,000561
leave 0,000000 0,000000
leaves 0,094311 0,000014
leaving 0,083382 0,000012
lecture 1,049822 0,000150
lectures 1,108663 0,000159
led 0,040822 0,000006
leeches 2,525729 0,000362
leer 2,040221 0,000292
left 0,000000 0,000000
leg 0,478036 0,000069
legal 0,261365 0,000037
legally 0,342490 0,000049
legends 1,309333 0,000188
legged 1,108663 0,000159
legs 0,274437 0,000039
leisure 0,579818 0,000083
leisurely 1,108663 0,000159
lend 0,597837 0,000086
lending 1,609438 0,000231
lent 0,798508 0,000114
lessen 1,171183 0,000168
lesson 0,400478 0,000057
lessons 0,579818 0,000083
letter 0,116534 0,000017
letters 0,198451 0,000028
level 0,274437 0,000039
levels 1,966113 0,000282
leven 2,995732 0,000429
leyden 2,525729 0,000362
liability 0,462035 0,000066
liable 0,235722 0,000034
liberation 1,832581 0,000263
library 0,223144 0,000032
license 0,301105 0,000043
licensed 0,430783 0,000062
lie 0,040822 0,000006
lies 0,162519 0,000023
lieu 0,415515 0,000060
life -0,009950 -0,000001
lift 0,415515 0,000060
lifted 0,274437 0,000039
lifting 0,653926 0,000094
lifts 1,139434 0,000163
light 0,010050 0,000001
lighted 0,261365 0,000037
lightened 1,514128 0,000217
lighter 0,527633 0,000076
lighters 2,813411 0,000403
lighthearted 2,659260 0,000381
lightly 0,430783 0,000062
lightning 0,478036 0,000069
likeness 0,693147 0,000099
lilies 1,609438 0,000231
lilliput 2,995732 0,000429
limb 0,798508 0,000114
limbs 0,274437 0,000039
limit 0,673345 0,000096
limitation 0,478036 0,000069
limited 0,261365 0,000037
linen 0,527633 0,000076
linger 0,843970 0,000121
lingered 1,049822 0,000150
lingering 0,755023 0,000108
lingers 2,120264 0,000304
linguist 2,813411 0,000403
lining 1,897120 0,000272
linked 0,385662 0,000055
links 0,415515 0,000060
lion 0,713350 0,000102
lions 1,021651 0,000146
lip 0,673345 0,000096
lips 0,127833 0,000018
liqueur 2,659260 0,000381
liquid 0,891598 0,000128
list 0,400478 0,000057
listen 0,127833 0,000018
listened 0,274437 0,000039
listening 0,261365 0,000037
listens 1,386294 0,000199
lit 0,653926 0,000094
literary 0,287682 0,000041
literature 0,673345 0,000096
lithe 1,966113 0,000282
live 0,010050 0,000001
lived 0,061875 0,000009
livelier 1,771957 0,000254
lively 0,400478 0,000057
lives 0,072571 0,000010
living 0,020203 0,000003
lo 0,916291 0,000131
load 0,634878 0,000091
loaded 0,616186 0,000088
loads 1,609438 0,000231
loath 1,427116 0,000205
localities 1,832581 0,000263
located 0,400478 0,000057
locations 0,544727 0,000078
locked 0,430783 0,000062
lockers 2,659260 0,000381
locks 0,733969 0,000105
locomotive 2,302585 0,000330
locomotives 2,659260 0,000381
lodged 0,776529 0,000111
lodgers 1,897120 0,000272
lodges 1,609438 0,000231
lodging 0,776529 0,000111
lodgings 1,078810 0,000155
loftily 2,302585 0,000330
lofty 0,494296 0,000071
log 0,941609 0,000135
logwood 3,506558 0,000503
loitering 1,660731 0,000238
london 0,415515 0,000060
lonely 0,415515 0,000060
lookers 2,120264 0,000304
lookout 1,514128 0,000217
loose 0,105361 0,000015
loosened 1,171183 0,000168
lord 0,223144 0,000032
lords 0,843970 0,000121
lose 0,094311 0,000014
losing 0,235722 0,000034
loss 0,094311 0,000014
lost 0,020203 0,000003
lot 0,061875 0,000009
lots 0,733969 0,000105
loud 0,174353 0,000025
louder 0,527633 0,000076
loudly 0,400478 0,000057
loudness 2,207275 0,000316
louisa 2,407946 0,000345
love 0,051293 0,000007
loved 0,198451 0,000028
lovelier 2,302585 0,000330
loveliest 1,514128 0,000217
lovely 0,494296 0,000071
loves 0,562119 0,000081
lovey 3,506558 0,000503
loving 0,478036 0,000069
lovingly 1,427116 0,000205
lowlands 2,659260 0,000381
luck 0,446287 0,000064
lucky 0,527633 0,000076
lucretia 2,407946 0,000345
ludwig 3,912023 0,000561
lumber 1,514128 0,000217
lumbering 2,120264 0,000304
lunatic 1,386294 0,000199
lurking 1,049822 0,000150
lusty 1,832581 0,000263
luxuriance 2,813411 0,000403
luxuries 1,386294 0,000199
luxury 0,527633 0,000076
lying 0,061875 0,000009
mabel 2,995732 0,000429
machine 0,248461 0,000036
machinery 1,049822 0,000150
mad 0,261365 0,000037
madam 0,967584 0,000139
madame 1,108663 0,000159
magic 0,673345 0,000096
magistrate 0,994252 0,000142
magnet 2,040221 0,000292
magnificent 0,328504 0,000047
magnifying 1,714798 0,000246
maid 0,446287 0,000064
maiden 0,820981 0,000118
maidens 1,347074 0,000193
main 0,127833 0,000018
mainstay 2,813411 0,000403
maintain 0,562119 0,000081
maintaining 0,235722 0,000034
majestically 1,560648 0,000224
majesty 0,544727 0,000078
maker 0,867501 0,000124
malaga 3,218876 0,000461
maliciously 1,771957 0,000254
malignant 1,139434 0,000163
mammoth 2,525729 0,000362
managed 0,342490 0,000049
mandarin 2,813411 0,000403
mandate 2,207275 0,000316
manhood 0,776529 0,000111
mania 1,347074 0,000193
manias 3,506558 0,000503
manly 0,820981 0,000118
manned 1,771957 0,000254
manner 0,040822 0,000006
manners 0,274437 0,000039
mansion 0,867501 0,000124
mansions 2,207275 0,000316
manufacture 1,309333 0,000188
map 1,108663 0,000159
marble 0,597837 0,000086
march 0,274437 0,000039
marched 0,891598 0,000128
marco 2,659260 0,000381
mare 1,272966 0,000182
margin 1,078810 0,000155
marine 1,427116 0,000205
mariner 1,560648 0,000224
mark 0,127833 0,000018
marked 0,061875 0,000009
market 0,527633 0,000076
marketplace 2,659260 0,000381
marks 0,328504 0,000047
marred 1,771957 0,000254
married 0,248461 0,000036
marry 0,430783 0,000062
marsh 1,309333 0,000188
marshy 1,966113 0,000282
marvel 1,021651 0,000146
marvelous 1,609438 0,000231
mary 0,693147 0,000099
masonry 1,832581 0,000263
mass 0,301105 0,000043
massacre 1,609438 0,000231
masses 0,776529 0,000111
massive 1,049822 0,000150
master 0,083382 0,000012
masterpiece 1,609438 0,000231
masterpieces 1,966113 0,000282
masters 0,446287 0,000064
masthead 3,506558 0,000503
mastheads 2,995732 0,000429
masts 1,272966 0,000182
mat 1,309333 0,000188
match 0,385662 0,000055
matches 1,049822 0,000150
mate 0,867501 0,000124
material 0,328504 0,000047
materials 0,733969 0,000105
matrons 1,714798 0,000246
mats 1,897120 0,000272
matter 0,010050 0,000001
matters 0,139262 0,000020
maurice 2,659260 0,000381
maximum 0,478036 0,000069
mayence 3,506558 0,000503
mayhap 2,995732 0,000429
mayor 1,560648 0,000224
meal 0,301105 0,000043
meaning 0,210721 0,000030
measure 0,301105 0,000043
meat 0,356675 0,000051
mechanical 0,843970 0,000121
mechanically 1,078810 0,000155
mechlin 3,218876 0,000461
medal 1,897120 0,000272
medallion 2,995732 0,000429
medallions 2,813411 0,000403
medals 1,897120 0,000272
meddle 1,078810 0,000155
meddlesome 2,995732 0,000429
medicine 0,597837 0,000086
medium 0,223144 0,000032
medley 2,120264 0,000304
meek 1,272966 0,000182
meekest 3,506558 0,000503
meekly 1,469676 0,000211
meer 3,506558 0,000503
meerschaum 2,659260 0,000381
meerschaums 3,912023 0,000561
meet 0,010050 0,000001
meeting 0,186330 0,000027
meetings 0,916291 0,000131
meets 0,713350 0,000102
melancholy 0,342490 0,000049
mell 1,660731 0,000238
melody 1,427116 0,000205
melted 0,713350 0,000102
melting 0,941609 0,000135
memoirs 1,347074 0,000193
memorial 1,272966 0,000182
memory 0,174353 0,000025
mend 0,967584 0,000139
mended 1,237874 0,000177
mending 1,427116 0,000205
mentally 1,237874 0,000177
mention 0,223144 0,000032
mentioned 0,223144 0,000032
merchandise 1,469676 0,000211
merchant 0,713350 0,000102
merchants 0,798508 0,000114
mercuries 3,506558 0,000503
mercury 1,203973 0,000173
mercy 0,223144 0,000032
mere 0,094311 0,000014
merged 1,609438 0,000231
merit 0,544727 0,000078
merits 0,693147 0,000099
merrier 2,302585 0,000330
merrily 1,272966 0,000182
merriment 1,139434 0,000163
merry 0,634878 0,000091
message 0,446287 0,000064
messenger 0,634878 0,000091
met 0,040822 0,000006
metal 0,597837 0,000086
method 0,094311 0,000014
methods 0,210721 0,000030
metropolis 1,469676 0,000211
michael 0,400478 0,000057
microscope 2,207275 0,000316
microscopes 3,912023 0,000561
midday 1,108663 0,000159
middle 0,030459 0,000004
midnight 0,328504 0,000047
midst 0,287682 0,000041
mighty 0,328504 0,000047
mild 0,510826 0,000073
mildness 1,427116 0,000205
mile 0,342490 0,000049
miles 0,223144 0,000032
military 0,616186 0,000088
milk 0,446287 0,000064
milkman 2,407946 0,000345
milkmen 3,912023 0,000561
miller 1,469676 0,000211
millers 2,525729 0,000362
mimic 1,897120 0,000272
mimicked 2,207275 0,000316
mimicking 2,659260 0,000381
mimosa 3,218876 0,000461
mind 0,020203 0,000003
minded 0,400478 0,000057
minds 0,235722 0,000034
minerals 2,525729 0,000362
mingle 1,237874 0,000177
mingled 0,462035 0,000066
mingling 1,139434 0,000163
miniature 1,237874 0,000177
minister 0,616186 0,000088
minute 0,235722 0,000034
minutes 0,235722 0,000034
miracle 0,755023 0,000108
miraculous 1,171183 0,000168
mire 1,049822 0,000150
mirror 0,693147 0,000099
mirrors 1,514128 0,000217
mirth 0,776529 0,000111
mischief 0,494296 0,000071
miserable 0,210721 0,000030
misgive 3,506558 0,000503
mishap 1,771957 0,000254
mishaps 2,813411 0,000403
misplaced 2,207275 0,000316
missing 1,386294 0,000199
mission 0,210721 0,000030
mississippi 0,415515 0,000060
mist 0,544727 0,000078
mistake 0,223144 0,000032
mistaken 0,261365 0,000037
mistaking 1,309333 0,000188
mister 1,832581 0,000263
mistress 0,510826 0,000073
mistrust 1,309333 0,000188
mit 2,813411 0,000403
mite 1,714798 0,000246
miter 2,995732 0,000429
mitt 3,912023 0,000561
mitten 3,912023 0,000561
mittened 3,218876 0,000461
mittens 2,407946 0,000345
mitts 3,912023 0,000561
mixed 0,385662 0,000055
mixture 0,616186 0,000088
moan 1,139434 0,000163
moaned 1,386294 0,000199
moaning 1,272966 0,000182
moans 1,660731 0,000238
moat 2,120264 0,000304
mob 1,171183 0,000168
mock 0,755023 0,000108
mocked 1,469676 0,000211
mockingly 1,966113 0,000282
mode 0,634878 0,000091
model 0,634878 0,000091
moderate 0,653926 0,000094
modern 0,314711 0,000045
modest 0,371064 0,000053
modification 0,494296 0,000071
modified 0,385662 0,000055
moist 0,843970 0,000121
molasses 2,659260 0,000381
molds 2,813411 0,000403
moldy 3,506558 0,000503
moment 0,010050 0,000001
moments 0,287682 0,000041
monarch 1,171183 0,000168
monarchy 1,897120 0,000272
monday 0,891598 0,000128
money 0,051293 0,000007
monish 3,912023 0,000561
monk 1,514128 0,000217
monkey 1,049822 0,000150
monster 0,634878 0,000091
monsters 0,941609 0,000135
month 0,174353 0,000025
monthly 1,427116 0,000205
months 0,094311 0,000014
monument 0,994252 0,000142
monuments 1,171183 0,000168
mood 0,527633 0,000076
moody 1,514128 0,000217
moon 0,287682 0,000041
moonlight 0,673345 0,000096
moonrise 2,525729 0,000362
moonshine 2,040221 0,000292
moor 1,514128 0,000217
moored 1,832581 0,000263
mooring 2,995732 0,000429
moors 1,771957 0,000254
mop 2,525729 0,000362
mopping 2,995732 0,000429
moral 0,301105 0,000043
morn 1,609438 0,000231
morning 0,040822 0,000006
morocco 1,832581 0,000263
morrow 0,328504 0,000047
mortal 0,400478 0,000057
mortals 0,994252 0,000142
mosaic 2,120264 0,000304
moth 1,966113 0,000282
mother 0,072571 0,000010
motherly 2,040221 0,000292
mothers 0,733969 0,000105
motion 0,328504 0,000047
motioned 1,139434 0,000163
motioning 2,120264 0,000304
motionless 0,544727 0,000078
motley 1,660731 0,000238
motto 1,386294 0,000199
mottoes 2,813411 0,000403
mound 1,514128 0,000217
mountain 0,400478 0,000057
mountains 0,400478 0,000057
mounted 0,446287 0,000064
mounting 0,843970 0,000121
mourn 1,171183 0,000168
mourned 1,771957 0,000254
mourning 0,693147 0,000099
mouse 0,941609 0,000135
mouth 0,105361 0,000015
mouthful 1,347074 0,000193
mouthfuls 2,659260 0,000381
mouths 0,462035 0,000066
movement 0,328504 0,000047
mowed 2,813411 0,000403
mud 0,478036 0,000069
muffled 1,139434 0,000163
mules 1,469676 0,000211
multitude 0,446287 0,000064
multitudes 1,203973 0,000173
mumbling 1,714798 0,000246
mummies 2,813411 0,000403
mummy 2,120264 0,000304
murder 0,314711 0,000045
murdered 0,733969 0,000105
murderer 0,733969 0,000105
murderous 1,078810 0,000155
murmur 0,494296 0,000071
murmured 0,673345 0,000096
muscle 1,309333 0,000188
museum 1,203973 0,000173
museums 2,995732 0,000429
mushrooms 2,040221 0,000292
music 0,198451 0,000028
musical 0,579818 0,000083
musician 1,386294 0,000199
musicians 1,660731 0,000238
musing 1,272966 0,000182
muslin 1,386294 0,000199
mute 0,776529 0,000111
mutter 1,609438 0,000231
muttered 0,798508 0,000114
muttering 1,049822 0,000150
mutual 0,510826 0,000073
mynheer 3,506558 0,000503
mynheers 3,912023 0,000561
mysteries 0,579818 0,000083
mysterious 0,314711 0,000045
mysteriously 1,171183 0,000168
mystery 0,301105 0,000043
mystified 2,120264 0,000304
nails 0,616186 0,000088
naked 0,274437 0,000039
nap 1,771957 0,000254
naps 3,218876 0,000461
narrative 0,616186 0,000088
narrow 0,105361 0,000015
narrowed 1,771957 0,000254
nassau 3,218876 0,000461
nation 0,579818 0,000083
national 0,755023 0,000108
nationality 2,040221 0,000292
nations 0,673345 0,000096
native 0,328504 0,000047
natives 1,203973 0,000173
natural 0,094311 0,000014
naturalist 2,120264 0,000304
naturally 0,210721 0,000030
nature 0,094311 0,000014
natured 0,733969 0,000105
naturedly 1,897120 0,000272
naught 1,347074 0,000193
naughty 1,714798 0,000246
navigation 1,272966 0,000182
navigators 2,120264 0,000304
nearby 2,659260 0,000381
nearer 0,400478 0,000057
neat 0,673345 0,000096
neatness 1,514128 0,000217
necessity 0,261365 0,000037
neck 0,186330 0,000027
necklace 1,771957 0,000254
necklaces 2,407946 0,000345
necks 0,891598 0,000128
needle 0,798508 0,000114
needles 1,427116 0,000205
needless 1,049822 0,000150
neglect 0,494296 0,000071
neglected 0,400478 0,000057
negligence 0,415515 0,000060
neighbor 1,427116 0,000205
neighborhood 1,171183 0,000168
neighboring 1,386294 0,000199
neighbors 1,272966 0,000182
nervous 0,494296 0,000071
nervously 1,203973 0,000173
nest 0,733969 0,000105
nestle 2,407946 0,000345
nestled 1,897120 0,000272
nests 1,386294 0,000199
netherlands 2,813411 0,000403
network 0,415515 0,000060
newcomers 2,120264 0,000304
newly 0,494296 0,000071
newness 2,407946 0,000345
news 0,210721 0,000030
newsletter 0,562119 0,000081
nibbling 2,302585 0,000330
nice 0,400478 0,000057
nicholas 1,771957 0,000254
nick 1,386294 0,000199
nicked 3,218876 0,000461
night 0,010050 0,000001
nightfall 1,309333 0,000188
nightly 1,171183 0,000168
nights 0,235722 0,000034
nimble 1,171183 0,000168
nimbly 1,714798 0,000246
nineteen 1,108663 0,000159
nobility 0,755023 0,000108
noble 0,248461 0,000036
noblehearted 3,912023 0,000561
nobler 1,171183 0,000168
noblest 1,021651 0,000146
nobly 1,309333 0,000188
nod 0,798508 0,000114
nodded 0,634878 0,000091
nodding 0,941609 0,000135
noise 0,139262 0,000020
noiseless 1,609438 0,000231
noiselessly 1,237874 0,000177
noisy 0,776529 0,000111
nonproprietary 0,562119 0,000081
nonsense 0,478036 0,000069
nook 1,469676 0,000211
noon 0,430783 0,000062
noontime 3,218876 0,000461
north 0,083382 0,000012
northward 1,203973 0,000173
nose 0,274437 0,000039
noses 1,021651 0,000146
note 0,127833 0,000018
notebook 2,040221 0,000292
notes 0,261365 0,000037
notice 0,030459 0,000004
noticed 0,328504 0,000047
noticing 0,941609 0,000135
notifies 0,527633 0,000076
notify 2,040221 0,000292
noting 1,714798 0,000246
notion 0,371064 0,000053
noun 2,120264 0,000304
nourishment 0,994252 0,000142
november 0,544727 0,000078
nowadays 1,139434 0,000163
numbness 2,525729 0,000362
numerous 0,235722 0,000034
nurse 0,478036 0,000069
nursery 1,347074 0,000193
nursing 0,867501 0,000124
oak 0,673345 0,000096
oaken 2,040221 0,000292
oaks 1,237874 0,000177
oars 1,203973 0,000173
oath 0,510826 0,000073
oaths 0,891598 0,000128
obedience 0,494296 0,000071
obey 0,400478 0,000057
obeyed 0,579818 0,000083
obeying 0,941609 0,000135
object 0,127833 0,000018
objects 0,356675 0,000051
obligations 1,021651 0,000146
obliged 0,287682 0,000041
oblong 1,514128 0,000217
observant 1,309333 0,000188
observe 0,235722 0,000034
observed 0,162519 0,000023
obsolete 0,446287 0,000064
obstacles 0,798508 0,000114
obstruction 1,832581 0,000263
occasion 0,105361 0,000015
occasionally 0,371064 0,000053
occupied 0,235722 0,000034
occur 0,150823 0,000022
occurred 0,261365 0,000037
ocean 0,430783 0,000062
october 0,653926 0,000094
odd 0,385662 0,000055
oddities 2,525729 0,000362
oddity 2,407946 0,000345
odious 0,941609 0,000135
odor 1,560648 0,000224
odors 2,120264 0,000304
offal 2,302585 0,000330
offence 0,579818 0,000083
offended 0,616186 0,000088
offender 1,514128 0,000217
offensive 0,693147 0,000099
offer 0,162519 0,000023
offered 0,139262 0,000020
offers 0,198451 0,000028
office 0,072571 0,000010
officers 0,494296 0,000071
official 0,235722 0,000034
oftener 1,049822 0,000150
oil 0,527633 0,000076
oiled 1,897120 0,000272
olympus 1,966113 0,000282
ominously 1,966113 0,000282
omnibuses 2,407946 0,000345
onion 1,832581 0,000263
onions 1,609438 0,000231
online 0,510826 0,000073
onset 1,469676 0,000211
onward 1,108663 0,000159
openly 0,494296 0,000071
opera 1,203973 0,000173
operation 0,693147 0,000099
opinion 0,139262 0,000020
opinions 0,527633 0,000076
opportunities 0,235722 0,000034
opportunity 0,061875 0,000009
oppose 0,733969 0,000105
opposition 0,494296 0,000071
oppressed 0,693147 0,000099
oppressors 2,040221 0,000292
oracle 1,469676 0,000211
orange 0,941609 0,000135
oratorically 3,506558 0,000503
orderly 0,941609 0,000135
ordinary 0,186330 0,000027
organ 0,776529 0,000111
organist 3,912023 0,000561
organized 0,356675 0,000051
organs 1,171183 0,000168
oriental 1,108663 0,000159
origin 0,544727 0,000078
original 0,105361 0,000015
originally 0,673345 0,000096
originator 0,527633 0,000076
ornament 0,755023 0,000108
ornamented 1,171183 0,000168
ornaments 0,843970 0,000121
orphan 0,891598 0,000128
orphaned 3,218876 0,000461
outbreaks 2,120264 0,000304
outdated 0,562119 0,000081
outdistance 3,506558 0,000503
outdoor 1,832581 0,000263
outer 0,510826 0,000073
outfit 1,237874 0,000177
outlast 2,995732 0,000429
outlines 1,108663 0,000159
outrageous 1,386294 0,000199
outright 1,309333 0,000188
outstretched 1,108663 0,000159
outstripping 3,218876 0,000461
outward 0,579818 0,000083
overflow 1,386294 0,000199
overflowing 0,994252 0,000142
overhead 0,843970 0,000121
overheard 1,078810 0,000155
oversee 2,207275 0,000316
oversleep 3,506558 0,000503
overspread 1,347074 0,000193
oversupply 3,912023 0,000561
overtake 0,755023 0,000108
overwhelmed 0,891598 0,000128
overwhelming 1,049822 0,000150
owed 0,139262 0,000020
owner 0,116534 0,000017
owners 0,891598 0,000128
ox 0,941609 0,000135
oxen 1,427116 0,000205
oxford 1,272966 0,000182
oyster 1,660731 0,000238
pace 0,328504 0,000047
pacing 1,108663 0,000159
packers 3,218876 0,000461
packs 1,966113 0,000282
pad 1,897120 0,000272
padded 2,040221 0,000292
pads 2,407946 0,000345
pagodalike 3,912023 0,000561
paid 0,061875 0,000009
pail 1,469676 0,000211
pain 0,174353 0,000025
pained 1,203973 0,000173
painful 0,328504 0,000047
paint 0,693147 0,000099
painted 0,356675 0,000051
painter 1,021651 0,000146
painting 0,798508 0,000114
paintings 1,514128 0,000217
paints 1,660731 0,000238
pair 0,235722 0,000034
pairs 1,171183 0,000168
palace 0,510826 0,000073
palaces 1,309333 0,000188
pale 0,198451 0,000028
paled 2,040221 0,000292
paleness 1,609438 0,000231
paler 1,386294 0,000199
palest 2,407946 0,000345
palm 0,494296 0,000071
paltry 1,203973 0,000173
pan 0,967584 0,000139
panel 1,897120 0,000272
panels 1,386294 0,000199
panes 1,386294 0,000199
panniers 2,995732 0,000429
pans 1,309333 0,000188
panted 1,427116 0,000205
panther 1,897120 0,000272
panting 0,597837 0,000086
paper 0,083382 0,000012
papered 2,525729 0,000362
papers 0,385662 0,000055
paperwork 0,562119 0,000081
paradise 0,798508 0,000114
paragraph 0,328504 0,000047
paragraphs 0,494296 0,000071
paralyzing 2,407946 0,000345
pardon 0,301105 0,000043
parent 0,713350 0,000102
parents 0,314711 0,000045
paris 0,562119 0,000081
parishioner 2,995732 0,000429
parisians 3,218876 0,000461
park 0,776529 0,000111
parks 1,832581 0,000263
parlor 1,714798 0,000246
parrying 2,995732 0,000429
partake 1,171183 0,000168
partial 0,733969 0,000105
particle 1,309333 0,000188
parties 0,371064 0,000053
partly 0,301105 0,000043
partner 0,673345 0,000096
party 0,061875 0,000009
pass 0,040822 0,000006
passages 0,527633 0,000076
passed 0,040822 0,000006
passengers 0,843970 0,000121
passerby 3,506558 0,000503
passersby 2,995732 0,000429
passes 0,415515 0,000060
passing 0,094311 0,000014
passion 0,186330 0,000027
passionate 0,634878 0,000091
passive 0,941609 0,000135
pastime 1,347074 0,000193
patch 0,916291 0,000131
patched 1,427116 0,000205
patches 0,941609 0,000135
patent 1,078810 0,000155
pathetic 1,108663 0,000159
pathetically 1,897120 0,000272
paths 0,755023 0,000108
pathway 1,714798 0,000246
patience 0,139262 0,000020
patient 0,274437 0,000039
patients 1,272966 0,000182
patriot 1,832581 0,000263
patriotic 1,469676 0,000211
patriotism 1,897120 0,000272
patted 1,108663 0,000159
paul 0,798508 0,000114
pause 0,371064 0,000053
paused 0,562119 0,000081
pausing 1,078810 0,000155
paved 1,108663 0,000159
pavement 0,843970 0,000121
pavements 2,120264 0,000304
pavilion 1,771957 0,000254
pavilions 2,302585 0,000330
paving 1,771957 0,000254
pay 0,051293 0,000007
paying 0,116534 0,000017
paymaster 2,407946 0,000345
payment 0,941609 0,000135
payments 0,415515 0,000060
peace 0,094311 0,000014
peaceful 0,478036 0,000069
peacocks 2,207275 0,000316
peak 1,171183 0,000168
peaked 1,897120 0,000272
peasant 0,967584 0,000139
peasantry 2,120264 0,000304
peasants 1,347074 0,000193
peat 2,525729 0,000362
pebbles 1,427116 0,000205
peculiar 0,223144 0,000032
peculiarities 1,049822 0,000150
peculiarity 1,171183 0,000168
pedals 3,218876 0,000461
peddlers 2,659260 0,000381
peeling 2,040221 0,000292
peep 0,994252 0,000142
peeped 1,049822 0,000150
peered 1,237874 0,000177
peering 0,891598 0,000128
pegasus 3,218876 0,000461
pegs 2,040221 0,000292
pell 1,560648 0,000224
pelted 2,302585 0,000330
pen 0,371064 0,000053
penalties 1,514128 0,000217
pencil 0,634878 0,000091
pendants 2,659260 0,000381
penetrated 0,843970 0,000121
penetrating 0,967584 0,000139
penitent 1,237874 0,000177
penknife 2,302585 0,000330
penniless 1,714798 0,000246
pennons 2,813411 0,000403
pent 1,609438 0,000231
people 0,010050 0,000001
perceive 0,356675 0,000051
perceiving 0,867501 0,000124
perched 1,347074 0,000193
perfect 0,072571 0,000010
perfection 0,478036 0,000069
perfectly 0,162519 0,000023
perform 0,150823 0,000022
performances 0,314711 0,000045
performed 0,127833 0,000018
performing 0,261365 0,000037
perfume 1,139434 0,000163
period 0,274437 0,000039
periodic 0,544727 0,000078
perish 0,733969 0,000105
perished 0,733969 0,000105
perishing 1,469676 0,000211
permanent 0,223144 0,000032
permission 0,150823 0,000022
permit 0,446287 0,000064
permitted 0,105361 0,000015
perpetual 0,478036 0,000069
perseverance 1,108663 0,000159
persevering 1,714798 0,000246
persist 1,309333 0,000188
persisted 0,713350 0,000102
person 0,010050 0,000001
personage 1,237874 0,000177
personages 1,469676 0,000211
personal 0,223144 0,000032
persons 0,210721 0,000030
persuade 0,446287 0,000064
pertly 2,995732 0,000429
pervade 2,302585 0,000330
pervades 2,525729 0,000362
pest 1,660731 0,000238
pester 2,407946 0,000345
pet 1,021651 0,000146
pete 2,813411 0,000403
peter 0,820981 0,000118
petrified 1,469676 0,000211
pets 2,120264 0,000304
petted 2,207275 0,000316
petter 3,912023 0,000561
petticoat 1,771957 0,000254
petticoats 2,040221 0,000292
pew 2,120264 0,000304
pews 2,659260 0,000381
pharaoh 2,207275 0,000316
philip 1,237874 0,000177
philosopher 0,798508 0,000114
philosophy 0,597837 0,000086
phrase 0,174353 0,000025
phrases 0,820981 0,000118
physic 1,832581 0,000263
physical 0,198451 0,000028
physician 0,693147 0,000099
piano 1,139434 0,000163
pianofortes 3,912023 0,000561
pick 0,415515 0,000060
pickers 2,659260 0,000381
picking 0,634878 0,000091
pickled 1,966113 0,000282
pickles 2,302585 0,000330
pickling 3,506558 0,000503
picks 1,966113 0,000282
picture 0,248461 0,000036
pictures 0,415515 0,000060
picturesque 0,755023 0,000108
pie 1,514128 0,000217
piece 0,072571 0,000010
pieces 0,139262 0,000020
pierce 0,916291 0,000131
pierced 0,693147 0,000099
piercing 0,843970 0,000121
pig 0,634878 0,000091
pigeon 1,386294 0,000199
pigeons 1,560648 0,000224
pile 0,579818 0,000083
piles 1,049822 0,000150
pilgrim 1,309333 0,000188
pilgrims 1,714798 0,000246
piling 1,832581 0,000263
pill 2,120264 0,000304
pillar 0,916291 0,000131
pillars 0,867501 0,000124
pillow 0,776529 0,000111
pin 0,713350 0,000102
pinafores 2,525729 0,000362
pincushion 2,995732 0,000429
pine 0,673345 0,000096
pink 0,867501 0,000124
pins 1,272966 0,000182
pinxter 3,912023 0,000561
pioneer 2,120264 0,000304
pipe 0,494296 0,000071
pipes 0,776529 0,000111
pippin 2,813411 0,000403
pirate 1,560648 0,000224
pirates 1,427116 0,000205
pirouette 3,506558 0,000503
pistol 0,941609 0,000135
pitch 0,342490 0,000049
pitched 0,820981 0,000118
piteous 1,272966 0,000182
pitifully 2,813411 0,000403
pity 0,150823 0,000022
pitying 1,272966 0,000182
placard 2,407946 0,000345
placid 1,203973 0,000173
placidly 1,832581 0,000263
plague 0,755023 0,000108
plain 0,040822 0,000006
plainly 0,261365 0,000037
plaintive 1,560648 0,000224
plaintively 2,207275 0,000316
plan 0,261365 0,000037
plank 1,049822 0,000150
planned 0,916291 0,000131
plans 0,371064 0,000053
plant 0,579818 0,000083
planting 1,560648 0,000224
plants 0,527633 0,000076
plaster 1,203973 0,000173
plate 0,527633 0,000076
platforms 2,207275 0,000316
platter 2,659260 0,000381
plausible 1,078810 0,000155
play 0,072571 0,000010
played 0,198451 0,000028
player 1,139434 0,000163
playful 1,386294 0,000199
playfully 2,040221 0,000292
playing 0,186330 0,000027
playmates 2,407946 0,000345
plays 0,634878 0,000091
plead 0,867501 0,000124
pleaded 0,891598 0,000128
pleasant 0,162519 0,000023
pleasantly 0,820981 0,000118
pleased 0,150823 0,000022
pleasure 0,051293 0,000007
pledge 0,916291 0,000131
plenty 0,235722 0,000034
plotting 1,771957 0,000254
plucked 0,776529 0,000111
pluckiest 3,912023 0,000561
plucky 2,207275 0,000316
plumes 1,309333 0,000188
plump 1,078810 0,000155
plunge 0,733969 0,000105
plunged 0,544727 0,000078
plunging 1,049822 0,000150
ply 1,966113 0,000282
plying 1,966113 0,000282
pocket 0,371064 0,000053
pocketbook 2,120264 0,000304
pocketbooks 3,506558 0,000503
pockets 0,733969 0,000105
poem 0,967584 0,000139
poems 1,237874 0,000177
poet 0,597837 0,000086
poetic 1,347074 0,000193
poised 1,469676 0,000211
poising 2,813411 0,000403
poison 0,446287 0,000064
polders 3,912023 0,000561
pole 0,597837 0,000086
police 0,755023 0,000108
polish 1,309333 0,000188
polished 0,673345 0,000096
polite 0,693147 0,000099
politely 1,078810 0,000155
politics 0,713350 0,000102
polliwog 3,912023 0,000561
polo 2,995732 0,000429
pommel 2,407946 0,000345
pomp 1,021651 0,000146
pompous 1,514128 0,000217
pompously 2,207275 0,000316
pond 1,203973 0,000173
pondered 1,347074 0,000193
ponds 1,966113 0,000282
pony 1,714798 0,000246
pooh 1,514128 0,000217
poor 0,030459 0,000004
poorest 1,386294 0,000199
poot 3,912023 0,000561
pope 0,941609 0,000135
populace 1,660731 0,000238
popular 0,430783 0,000062
porcelain 1,771957 0,000254
pork 1,272966 0,000182
porridge 2,040221 0,000292
porringer 2,995732 0,000429
portal 1,609438 0,000231
porter 1,078810 0,000155
portfolios 3,218876 0,000461
portion 0,356675 0,000051
portioned 2,659260 0,000381
portions 0,891598 0,000128
portliest 3,912023 0,000561
portly 1,609438 0,000231
portrait 0,634878 0,000091
portraits 1,108663 0,000159
portuguese 1,966113 0,000282
position 0,162519 0,000023
positive 0,597837 0,000086
positively 0,776529 0,000111
possessed 0,094311 0,000014
possession 0,083382 0,000012
possibility 0,162519 0,000023
post 0,248461 0,000036
postboy 2,813411 0,000403
posted 0,301105 0,000043
pot 0,597837 0,000086
potato 1,832581 0,000263
potatoes 1,237874 0,000177
pots 0,994252 0,000142
potter 1,469676 0,000211
pottery 2,525729 0,000362
pouch 1,660731 0,000238
pouchful 3,912023 0,000561
pouncing 2,813411 0,000403
pounding 1,771957 0,000254
pounds 0,494296 0,000071
pour 0,544727 0,000078
poured 0,385662 0,000055
pouring 0,693147 0,000099
pouted 2,995732 0,000429
pouting 2,302585 0,000330
pouts 3,506558 0,000503
poverty 0,446287 0,000064
power 0,030459 0,000004
powerful 0,223144 0,000032
powers 0,248461 0,000036
practical 0,494296 0,000071
practically 0,235722 0,000034
practice 0,162519 0,000023
practiced 1,560648 0,000224
practicing 2,407946 0,000345
praise 0,371064 0,000053
pray 0,371064 0,000053
prayed 0,673345 0,000096
prayer 0,478036 0,000069
praying 0,798508 0,000114
precious 0,162519 0,000023
precisely 0,510826 0,000073
precision 0,798508 0,000114
preface 0,733969 0,000105
prefer 0,385662 0,000055
preferred 0,342490 0,000049
prejudice 0,733969 0,000105
prejudices 1,021651 0,000146
premises 1,021651 0,000146
preparation 0,579818 0,000083
preparations 0,616186 0,000088
preparatory 1,309333 0,000188
prepare 0,162519 0,000023
prepared 0,105361 0,000015
preparing 0,415515 0,000060
prerogatives 2,525729 0,000362
presence 0,094311 0,000014
presentation 1,514128 0,000217
presently 0,385662 0,000055
preserve 0,150823 0,000022
preserved 0,415515 0,000060
presided 1,237874 0,000177
press 0,274437 0,000039
pressed 0,274437 0,000039
presses 1,609438 0,000231
pressing 0,385662 0,000055
pressure 0,527633 0,000076
presto 2,813411 0,000403
pretence 0,891598 0,000128
pretended 0,562119 0,000081
pretending 0,755023 0,000108
prettier 1,272966 0,000182
prettiest 1,560648 0,000224
pretty 0,150823 0,000022
prevail 0,713350 0,000102
prevailed 0,673345 0,000096
prevailing 0,967584 0,000139
prevent 0,083382 0,000012
previous 0,094311 0,000014
price 0,314711 0,000045
prices 1,309333 0,000188
prick 1,660731 0,000238
pricked 1,203973 0,000173
pricker 3,506558 0,000503
pricking 1,966113 0,000282
pricks 2,040221 0,000292
pride 0,150823 0,000022
priest 0,634878 0,000091
prim 2,040221 0,000292
primitive 0,941609 0,000135
prince 0,462035 0,000066
princely 1,714798 0,000246
princes 0,843970 0,000121
princess 1,309333 0,000188
principal 0,287682 0,000041
principally 1,108663 0,000159
principle 0,430783 0,000062
principles 0,510826 0,000073
print 0,261365 0,000037
printed 0,174353 0,000025
printing 1,469676 0,000211
prison 0,287682 0,000041
prisoner 0,385662 0,000055
prisoners 0,941609 0,000135
prisons 1,427116 0,000205
private 0,198451 0,000028
privilege 0,527633 0,000076
prize 0,579818 0,000083
prizes 1,139434 0,000163
proceeded 0,274437 0,000039
processing 0,562119 0,000081
procession 0,733969 0,000105
processions 2,120264 0,000304
proclaimed 0,941609 0,000135
procured 0,733969 0,000105
prodigious 1,021651 0,000146
prodigiously 1,714798 0,000246
produce 0,127833 0,000018
produced 0,105361 0,000015
produces 0,916291 0,000131
producing 0,713350 0,000102
production 0,314711 0,000045
profaning 3,218876 0,000461
professed 1,021651 0,000146
professor 0,287682 0,000041
profile 1,469676 0,000211
profit 0,248461 0,000036
profitably 2,525729 0,000362
profits 0,314711 0,000045
profoundly 0,994252 0,000142
progress 0,174353 0,000025
prohibition 0,430783 0,000062
project -0,009950 -0,000001
promenades 2,995732 0,000429
prominently 0,494296 0,000071
promise 0,116534 0,000017
promised 0,198451 0,000028
promises 0,510826 0,000073
promising 0,430783 0,000062
promoting 0,430783 0,000062
promotion 0,342490 0,000049
prompted 0,891598 0,000128
pronged 2,813411 0,000403
pronounce 0,916291 0,000131
pronounced 0,446287 0,000064
proof 0,287682 0,000041
proofread 0,562119 0,000081
proofs 0,798508 0,000114
prop 1,560648 0,000224
propelling 2,659260 0,000381
proper 0,061875 0,000009
property 0,127833 0,000018
prophecy 1,078810 0,000155
proportion 0,371064 0,000053
proportioned 1,386294 0,000199
propose 0,527633 0,000076
proposed 0,371064 0,000053
proprietary 0,562119 0,000081
proprietor 1,139434 0,000163
propriety 0,994252 0,000142
prosecutor 2,302585 0,000330
prospect 0,446287 0,000064
prosperity 0,820981 0,000118
prosperous 0,891598 0,000128
prostrate 0,843970 0,000121
protect 0,186330 0,000027
protected 0,415515 0,000060
protecting 1,309333 0,000188
protection 0,314711 0,000045
protestant 1,714798 0,000246
prouder 1,966113 0,000282
proudly 0,733969 0,000105
prove 0,174353 0,000025
proved 0,116534 0,000017
proverb 1,108663 0,000159
proves 0,776529 0,000111
provide 0,162519 0,000023
providing 0,261365 0,000037
provinces 1,108663 0,000159
proving 0,820981 0,000118
provision 0,248461 0,000036
provisions 0,223144 0,000032
provoked 0,941609 0,000135
prow 1,897120 0,000272
prowling 1,714798 0,000246
prows 2,659260 0,000381
prudence 0,713350 0,000102
prudent 0,616186 0,000088
prudently 1,514128 0,000217
prussia 2,207275 0,000316
public 0,083382 0,000012
publicly 0,994252 0,000142
puckering 3,218876 0,000461
pudding 1,386294 0,000199
puddles 1,897120 0,000272
puff 1,347074 0,000193
puffed 1,272966 0,000182
puffing 1,771957 0,000254
puffy 2,407946 0,000345
pull 0,328504 0,000047
pulled 0,371064 0,000053
pulling 0,634878 0,000091
pulpit 1,203973 0,000173
pulse 0,891598 0,000128
pump 1,469676 0,000211
pumped 2,407946 0,000345
pumping 2,302585 0,000330
pumps 1,832581 0,000263
punctual 1,309333 0,000188
punishment 0,301105 0,000043
punitive 0,562119 0,000081
purchase 0,527633 0,000076
purchased 0,798508 0,000114
purchasing 1,514128 0,000217
pure 0,150823 0,000022
purest 1,108663 0,000159
purple 0,616186 0,000088
purpose 0,040822 0,000006
purposely 1,171183 0,000168
purse 0,616186 0,000088
pursing 2,995732 0,000429
pursued 0,328504 0,000047
pursuer 2,120264 0,000304
pursuers 1,560648 0,000224
pursuing 0,494296 0,000071
pursuit 0,328504 0,000047
pursuits 1,078810 0,000155
push 0,562119 0,000081
pushed 0,400478 0,000057
pushing 0,755023 0,000108
puss 2,407946 0,000345
puzzle 1,021651 0,000146
puzzled 0,494296 0,000071
puzzles 1,771957 0,000254
puzzling 1,560648 0,000224
pye 3,506558 0,000503
quaint 1,021651 0,000146
quaintly 2,302585 0,000330
quantities 1,139434 0,000163
quantity 0,579818 0,000083
quarrel 0,328504 0,000047
quarreling 2,525729 0,000362
quarter 0,223144 0,000032
quartered 1,660731 0,000238
quarters 0,248461 0,000036
queen 0,415515 0,000060
queenly 2,302585 0,000330
queer 0,776529 0,000111
queerest 1,966113 0,000282
queerness 3,506558 0,000503
question 0,051293 0,000007
questioning 0,798508 0,000114
questions 0,127833 0,000018
quick 0,139262 0,000020
quickened 1,203973 0,000173
quickening 1,560648 0,000224
quicker 0,867501 0,000124
quiet 0,116534 0,000017
quietly 0,261365 0,000037
quilted 2,813411 0,000403
quilts 2,407946 0,000345
quivering 0,798508 0,000114
quixote 2,407946 0,000345
rabbit 1,171183 0,000168
rabbits 1,660731 0,000238
race 0,198451 0,000028
racers 2,995732 0,000429
races 0,713350 0,000102
racing 1,427116 0,000205
racket 2,120264 0,000304
radiant 0,867501 0,000124
raff 2,813411 0,000403
rafters 1,714798 0,000246
rag 1,203973 0,000173
ragamuffin 2,659260 0,000381
rage 0,261365 0,000037
rags 0,916291 0,000131
rail 0,798508 0,000114
railing 1,386294 0,000199
railway 1,203973 0,000173
railways 2,040221 0,000292
rains 0,967584 0,000139
raise 0,174353 0,000025
raised 0,061875 0,000009
raises 1,171183 0,000168
raising 0,274437 0,000039
rampart 1,832581 0,000263
ramparts 1,897120 0,000272
ranging 1,609438 0,000231
rank 0,287682 0,000041
ranks 0,616186 0,000088
rapid 0,371064 0,000053
rapidly 0,371064 0,000053
rapt 1,469676 0,000211
raptures 1,560648 0,000224
rare 0,274437 0,000039
rarely 0,527633 0,000076
rascal 0,967584 0,000139
rascally 1,714798 0,000246
rasping 2,995732 0,000429
rate 0,274437 0,000039
rational 0,867501 0,000124
rats 1,272966 0,000182
rattle 0,891598 0,000128
ravenous 1,514128 0,000217
ravenously 2,659260 0,000381
ravine 1,966113 0,000282
raving 1,309333 0,000188
raw 0,713350 0,000102
rawhide 3,506558 0,000503
reach 0,051293 0,000007
reached 0,127833 0,000018
reaching 0,083382 0,000012
read 0,020203 0,000003
readable 0,510826 0,000073
reader 0,342490 0,000049
readers 0,776529 0,000111
readiness 0,634878 0,000091
reading 0,061875 0,000009
reads 0,867501 0,000124
ready 0,030459 0,000004
real 0,040822 0,000006
reality 0,328504 0,000047
realize 1,021651 0,000146
realized 0,843970 0,000121
reaped 1,609438 0,000231
rear 0,527633 0,000076
reason 0,010050 0,000001
reasonable 0,116534 0,000017
reassume 2,995732 0,000429
reassure 1,609438 0,000231
rebel 1,078810 0,000155
rebuked 1,609438 0,000231
recall 0,478036 0,000069
recalled 0,634878 0,000091
receipt 0,314711 0,000045
receive 0,083382 0,000012
received 0,040822 0,000006
receiving 0,116534 0,000017
reception 0,693147 0,000099
recess 1,171183 0,000168
recital 1,514128 0,000217
recitations 2,995732 0,000429
reckless 1,049822 0,000150
reckoning 0,843970 0,000121
recognize 1,021651 0,000146
recognized 0,820981 0,000118
recollection 0,616186 0,000088
recollections 1,272966 0,000182
record 0,400478 0,000057
records 0,798508 0,000114
recover 0,356675 0,000051
recovered 0,385662 0,000055
recovery 0,616186 0,000088
red 0,072571 0,000010
reddish 1,386294 0,000199
redistribute 0,544727 0,000078
redistributing 0,562119 0,000081
redistribution 0,562119 0,000081
redoubled 1,609438 0,000231
reduced 0,371064 0,000053
reed 1,427116 0,000205
reeds 1,386294 0,000199
reefed 2,659260 0,000381
reeling 1,514128 0,000217
references 0,430783 0,000062
reflected 0,371064 0,000053
reflection 0,356675 0,000051
reflectively 1,897120 0,000272
refreshed 0,820981 0,000118
refund 0,562119 0,000081
refuse 0,371064 0,000053
refused 0,235722 0,000034
regale 2,813411 0,000403
regard 0,150823 0,000022
regarded 0,301105 0,000043
registered 0,430783 0,000062
regret 0,385662 0,000055
regular 0,287682 0,000041
regularity 1,021651 0,000146
regularly 0,616186 0,000088
regulate 1,469676 0,000211
regulated 1,203973 0,000173
regulating 0,415515 0,000060
regulation 1,469676 0,000211
regulations 1,237874 0,000177
reigned 1,049822 0,000150
rein 1,386294 0,000199
reindeer 3,506558 0,000503
reins 1,049822 0,000150
rejoicing 0,967584 0,000139
rejoin 1,560648 0,000224
rejoinder 1,897120 0,000272
rejoined 1,021651 0,000146
relationship 0,967584 0,000139
relatives 0,941609 0,000135
release 0,210721 0,000030
relic 1,272966 0,000182
relics 1,203973 0,000173
relief 0,198451 0,000028
relieve 0,544727 0,000078
relieved 0,478036 0,000069
relieving 1,386294 0,000199
religion 0,446287 0,000064
religious 0,446287 0,000064
relinquish 1,237874 0,000177
relished 2,302585 0,000330
reluctantly 0,941609 0,000135
relying 1,560648 0,000224
remain 0,040822 0,000006
remained 0,116534 0,000017
remaining 0,094311 0,000014
remark 0,314711 0,000045
remarkable 0,235722 0,000034
remarkably 0,733969 0,000105
remarked 0,415515 0,000060
remarks 0,462035 0,000066
rembrandt 2,525729 0,000362
remedies 0,415515 0,000060
remember 0,083382 0,000012
remembered 0,162519 0,000023
remembers 1,237874 0,000177
remind 0,755023 0,000108
reminded 0,527633 0,000076
remonstrance 1,347074 0,000193
remote 0,544727 0,000078
remove 0,127833 0,000018
removed 0,061875 0,000009
removing 0,673345 0,000096
renamed 0,562119 0,000081
render 0,371064 0,000053
rendered 0,527633 0,000076
renewed 0,510826 0,000073
renowned 1,171183 0,000168
repair 0,693147 0,000099
repairing 1,347074 0,000193
repast 1,171183 0,000168
repay 0,891598 0,000128
repeat 0,328504 0,000047
repeated 0,127833 0,000018
repeating 0,527633 0,000076
replace 0,342490 0,000049
replacement 0,562119 0,000081
replied 0,235722 0,000034
reply 0,174353 0,000025
replying 1,272966 0,000182
report 0,301105 0,000043
reported 0,162519 0,000023
reports 0,261365 0,000037
repose 0,544727 0,000078
representation 1,021651 0,000146
representations 0,356675 0,000051
representing 0,891598 0,000128
represents 1,021651 0,000146
reprimand 1,771957 0,000254
reprimanded 1,966113 0,000282
reproach 0,371064 0,000053
reproached 1,203973 0,000173
reproachful 1,309333 0,000188
reproachfully 1,714798 0,000246
reproof 1,347074 0,000193
republic 1,427116 0,000205
request 0,127833 0,000018
require 0,127833 0,000018
required 0,083382 0,000012
requirements 0,415515 0,000060
requires 0,673345 0,000096
requisite 1,108663 0,000159
rescue 0,562119 0,000081
reseats 3,912023 0,000561
resemble 0,994252 0,000142
resembled 0,867501 0,000124
resembles 1,427116 0,000205
resembling 0,941609 0,000135
residence 0,713350 0,000102
resigned 0,967584 0,000139
resistance 0,430783 0,000062
resistless 1,714798 0,000246
resolute 0,916291 0,000131
resolutely 1,108663 0,000159
resolution 0,462035 0,000066
resolve 0,713350 0,000102
resolved 0,342490 0,000049
resort 0,891598 0,000128
resorted 1,272966 0,000182
resound 2,207275 0,000316
resounded 1,021651 0,000146
resources 0,733969 0,000105
respect 0,094311 0,000014
respectable 0,430783 0,000062
respectful 0,755023 0,000108
respectfully 1,139434 0,000163
respects 0,527633 0,000076
responded 0,916291 0,000131
response 0,916291 0,000131
responsibility 0,776529 0,000111
rest 0,010050 0,000001
rested 0,314711 0,000045
resting 0,314711 0,000045
restless 0,478036 0,000069
restored 0,385662 0,000055
restrictions 0,385662 0,000055
result 0,174353 0,000025
resumed 0,415515 0,000060
retain 0,597837 0,000086
retaliated 2,659260 0,000381
retired 0,342490 0,000049
retorted 1,139434 0,000163
retribution 1,714798 0,000246
return 0,040822 0,000006
returned 0,061875 0,000009
returning 0,127833 0,000018
returns 0,235722 0,000034
reunite 2,659260 0,000381
reveille 3,506558 0,000503
revel 1,714798 0,000246
revenue 0,371064 0,000053
revere 2,659260 0,000381
reverence 0,634878 0,000091
reverently 1,514128 0,000217
reverie 1,237874 0,000177
reversed 1,171183 0,000168
reverses 1,897120 0,000272
revive 0,941609 0,000135
reward 0,328504 0,000047
rheumatic 2,659260 0,000381
rhine 1,609438 0,000231
rhythmic 2,302585 0,000330
ribbed 2,207275 0,000316
ribbon 1,237874 0,000177
ribbons 1,203973 0,000173
rich 0,139262 0,000020
richer 0,891598 0,000128
richest 0,916291 0,000131
richly 0,891598 0,000128
richness 1,469676 0,000211
rickety 1,660731 0,000238
ride 0,462035 0,000066
rider 1,078810 0,000155
riders 1,560648 0,000224
rides 1,560648 0,000224
ridge 0,994252 0,000142
ridiculed 1,897120 0,000272
ridiculous 0,478036 0,000069
riding 0,562119 0,000081
rigged 1,609438 0,000231
rightful 1,560648 0,000224
rightly 0,430783 0,000062
riot 1,309333 0,000188
rip 1,609438 0,000231
ripening 1,832581 0,000263
ripple 1,560648 0,000224
rippled 1,966113 0,000282
rippling 1,560648 0,000224
rise 0,040822 0,000006
risen 0,342490 0,000049
rises 0,634878 0,000091
rising 0,116534 0,000017
rites 1,272966 0,000182
rival 0,597837 0,000086
river 0,174353 0,000025
rivers 0,713350 0,000102
rivulets 2,040221 0,000292
road 0,150823 0,000022
roads 0,597837 0,000086
roan 2,525729 0,000362
roar 0,597837 0,000086
roared 0,673345 0,000096
roars 1,897120 0,000272
roast 0,994252 0,000142
rob 0,653926 0,000094
robber 0,891598 0,000128
robbery 1,078810 0,000155
robbing 1,309333 0,000188
robert 1,078810 0,000155
robes 0,916291 0,000131
robles 3,912023 0,000561
roc 3,912023 0,000561
rock 0,385662 0,000055
rocked 1,714798 0,000246
rockers 3,506558 0,000503
rocking 1,347074 0,000193
rocky 1,049822 0,000150
rod 0,673345 0,000096
rode 0,616186 0,000088
roes 3,218876 0,000461
roger 2,040221 0,000292
rogue 1,272966 0,000182
roll 0,415515 0,000060
rolled 0,356675 0,000051
rollicking 2,813411 0,000403
rolling 0,415515 0,000060
roman 0,755023 0,000108
romans 1,272966 0,000182
romantic 0,891598 0,000128
rome 0,713350 0,000102
rood 2,813411 0,000403
roof 0,223144 0,000032
roofed 1,560648 0,000224
roofs 0,994252 0,000142
root 0,385662 0,000055
roots 0,634878 0,000091
rope 0,616186 0,000088
rose 0,094311 0,000014
roses 0,941609 0,000135
rosette 3,218876 0,000461
rosier 3,218876 0,000461
rosy 1,078810 0,000155
rotterdam 2,659260 0,000381
rough 0,186330 0,000027
roughly 0,544727 0,000078
rounded 1,021651 0,000146
roundly 2,120264 0,000304
rousing 1,514128 0,000217
rowdies 3,912023 0,000561
rowdy 3,506558 0,000503
rowing 1,609438 0,000231
rows 0,733969 0,000105
royal 0,400478 0,000057
royalties 0,527633 0,000076
royalty 0,385662 0,000055
rub 1,108663 0,000159
rubbed 0,544727 0,000078
rubber 1,609438 0,000231
rubbing 0,713350 0,000102
rubbish 1,108663 0,000159
rubies 2,302585 0,000330
rudder 1,897120 0,000272
rudders 3,218876 0,000461
ruddy 0,994252 0,000142
rude 0,342490 0,000049
ruff 2,995732 0,000429
ruffled 1,272966 0,000182
rugged 0,798508 0,000114
ruin 0,287682 0,000041
ruins 0,755023 0,000108
rule 0,198451 0,000028
ruler 1,108663 0,000159
rules 0,150823 0,000022
ruling 1,171183 0,000168
rummage 2,525729 0,000362
runaway 1,609438 0,000231
runner 2,120264 0,000304
runners 1,660731 0,000238
rush 0,287682 0,000041
rushed 0,478036 0,000069
rushing 0,597837 0,000086
russia 1,309333 0,000188
rustic 1,108663 0,000159
rustics 2,407946 0,000345
rustle 1,139434 0,000163
rustling 1,203973 0,000173
rusty 1,078810 0,000155
rye 2,120264 0,000304
sable 1,560648 0,000224
sabots 3,506558 0,000503
sac 3,218876 0,000461
sack 0,891598 0,000128
sacque 3,506558 0,000503
sacred 0,415515 0,000060
sacrifice 0,328504 0,000047
sad 0,223144 0,000032
saddened 1,771957 0,000254
saddle 0,916291 0,000131
sadly 0,510826 0,000073
safe 0,116534 0,000017
safekeeping 3,912023 0,000561
safely 0,371064 0,000053
safety 0,356675 0,000051
sail 0,634878 0,000091
sailed 0,820981 0,000118
sailing 0,653926 0,000094
sailor 0,755023 0,000108
sailors 0,916291 0,000131
sails 0,798508 0,000114
saint 0,673345 0,000096
saintly 1,966113 0,000282
saintship 3,506558 0,000503
sake 0,094311 0,000014
salad 1,832581 0,000263
sale 0,798508 0,000114
sallied 1,714798 0,000246
salmagundi 3,912023 0,000561
saloons 2,995732 0,000429
salt 0,116534 0,000017
salutations 1,832581 0,000263
salute 0,967584 0,000139
sand 0,597837 0,000086
sanded 2,525729 0,000362
sang 0,415515 0,000060
sank 0,544727 0,000078
santa 1,771957 0,000254
sapling 2,525729 0,000362
sarcophagi 3,912023 0,000561
sash 1,560648 0,000224
sat 0,083382 0,000012
satchel 2,995732 0,000429
satchels 3,218876 0,000461
satin 1,469676 0,000211
satinwood 3,506558 0,000503
satirical 1,660731 0,000238
satisfaction 0,186330 0,000027
satisfied 0,105361 0,000015
satisfy 0,342490 0,000049
saturated 1,714798 0,000246
saturday 0,843970 0,000121
sauciest 3,506558 0,000503
saucily 3,912023 0,000561
saucy 1,897120 0,000272
sauerkraut 3,912023 0,000561
sausage 1,966113 0,000282
savagely 1,427116 0,000205
savages 0,994252 0,000142
save 0,030459 0,000004
saved 0,274437 0,000039
saving 0,478036 0,000069
savings 1,714798 0,000246
saxon 1,660731 0,000238
scaffolding 2,302585 0,000330
scalding 2,207275 0,000316
scale 0,446287 0,000064
scamp 2,120264 0,000304
scampered 2,302585 0,000330
scandalous 1,237874 0,000177
scanned 1,560648 0,000224
scant 1,609438 0,000231
scanty 0,941609 0,000135
scarcely 0,301105 0,000043
scare 1,427116 0,000205
scarlet 0,798508 0,000114
scarred 2,040221 0,000292
scattered 0,139262 0,000020
scattering 1,139434 0,000163
scene 0,198451 0,000028
scenes 0,494296 0,000071
scheme 0,634878 0,000091
schiedam 3,218876 0,000461
schnapps 2,813411 0,000403
scholar 0,798508 0,000114
scholastic 1,966113 0,000282
school 0,174353 0,000025
schoolbooks 3,218876 0,000461
schoolgirl 2,659260 0,000381
schoolhouse 2,659260 0,000381
schoolmistress 2,659260 0,000381
schoolroom 1,966113 0,000282
schooltime 3,218876 0,000461
science 0,446287 0,000064
scientific 0,776529 0,000111
scoffed 2,207275 0,000316
scold 1,469676 0,000211
scolded 1,427116 0,000205
scoldings 3,218876 0,000461
scoop 2,525729 0,000362
scorching 1,771957 0,000254
scorn 0,562119 0,000081
scorned 1,514128 0,000217
scornfully 1,347074 0,000193
scorning 2,207275 0,000316
scoundrel 1,203973 0,000173
scoured 1,897120 0,000272
scout 1,966113 0,000282
scowl 1,897120 0,000272
scowled 1,609438 0,000231
scowling 1,609438 0,000231
scowls 2,995732 0,000429
scramble 1,832581 0,000263
scrape 1,203973 0,000173
scraped 1,386294 0,000199
scraping 1,469676 0,000211
scratched 1,049822 0,000150
scream 0,693147 0,000099
screamed 0,733969 0,000105
screaming 0,916291 0,000131
screeched 2,813411 0,000403
screw 1,427116 0,000205
scripture 1,386294 0,000199
scrub 1,771957 0,000254
scrubbing 2,040221 0,000292
scrubs 2,813411 0,000403
scrupulous 1,139434 0,000163
scrupulously 1,660731 0,000238
scuffles 3,912023 0,000561
sculptured 2,659260 0,000381
scuttle 1,832581 0,000263
sea 0,116534 0,000017
seal 0,562119 0,000081
seam 2,407946 0,000345
seamen 1,609438 0,000231
search 0,051293 0,000007
searched 0,713350 0,000102
searching 0,415515 0,000060
seashells 3,506558 0,000503
season 0,287682 0,000041
seasons 0,673345 0,000096
seat 0,105361 0,000015
seated 0,223144 0,000032
seating 1,609438 0,000231
seats 0,562119 0,000081
seclusion 1,237874 0,000177
secret 0,061875 0,000009
secretly 0,597837 0,000086
secrets 0,400478 0,000057
sects 1,966113 0,000282
secure 0,072571 0,000010
secured 0,494296 0,000071
securities 2,040221 0,000292
seed 0,597837 0,000086
seek 0,198451 0,000028
seekers 1,966113 0,000282
seeking 0,274437 0,000039
seize 0,446287 0,000064
seized 0,235722 0,000034
seizing 0,693147 0,000099
seldom 0,301105 0,000043
selected 0,634878 0,000091
selfish 0,798508 0,000114
selfsame 2,207275 0,000316
sell 0,430783 0,000062
selling 0,820981 0,000118
semicircle 1,771957 0,000254
semicircular 2,407946 0,000345
semper 2,525729 0,000362
send 0,030459 0,000004
sending 0,083382 0,000012
sends 0,544727 0,000078
sensation 0,462035 0,000066
sense 0,051293 0,000007
sentence 0,127833 0,000018
sentiment 0,478036 0,000069
sentimental 1,139434 0,000163
sentinels 1,832581 0,000263
separate 0,248461 0,000036
sepulcher 2,813411 0,000403
serene 0,916291 0,000131
seriousness 1,469676 0,000211
sermon 1,021651 0,000146
servant 0,186330 0,000027
servants 0,162519 0,000023
serve 0,174353 0,000025
served 0,186330 0,000027
serves 0,776529 0,000111
service 0,072571 0,000010
services 0,494296 0,000071
serving 0,634878 0,000091
session 1,832581 0,000263
set 0,010050 0,000001
setting 0,186330 0,000027
settle 0,356675 0,000051
settled 0,127833 0,000018
settles 1,347074 0,000193
settling 0,755023 0,000108
seventeen 0,693147 0,000099
seventeenth 1,427116 0,000205
severe 0,342490 0,000049
severely 0,634878 0,000091
sew 1,966113 0,000282
shabby 1,021651 0,000146
shade 0,274437 0,000039
shaded 0,891598 0,000128
shading 1,714798 0,000246
shadow 0,223144 0,000032
shadows 0,494296 0,000071
shady 0,994252 0,000142
shaggy 1,049822 0,000150
shake 0,287682 0,000041
shaken 0,494296 0,000071
shakespeare 1,171183 0,000168
shaking 0,371064 0,000053
shalt 1,171183 0,000168
shame 0,223144 0,000032
shameful 0,916291 0,000131
shamefully 1,660731 0,000238
shanties 2,813411 0,000403
shape 0,186330 0,000027
shaped 0,527633 0,000076
shapes 0,755023 0,000108
share 0,040822 0,000006
shared 0,139262 0,000020
sharing 0,248461 0,000036
sharp 0,162519 0,000023
sharpened 1,049822 0,000150
sharper 1,469676 0,000211
sharpest 1,714798 0,000246
sharply 0,510826 0,000073
shaved 1,427116 0,000205
shawl 1,078810 0,000155
shawls 2,120264 0,000304
shay 3,218876 0,000461
shee 3,506558 0,000503
sheep 0,371064 0,000053
sheer 0,843970 0,000121
sheet 0,446287 0,000064
sheets 0,544727 0,000078
shelf 0,891598 0,000128
shelter 0,342490 0,000049
sheltered 0,820981 0,000118
shepherds 1,469676 0,000211
shield 0,733969 0,000105
shift 0,843970 0,000121
shifting 0,891598 0,000128
shine 0,616186 0,000088
shines 0,994252 0,000142
shining 0,385662 0,000055
shiny 1,714798 0,000246
ship 0,314711 0,000045
shipboard 2,302585 0,000330
shipbuilding 3,506558 0,000503
ships 0,653926 0,000094
shipwright 2,995732 0,000429
shiver 0,994252 0,000142
shivered 0,941609 0,000135
shivering 0,755023 0,000108
sho 2,995732 0,000429
shoals 2,040221 0,000292
shock 0,446287 0,000064
shocked 0,776529 0,000111
shoe 0,776529 0,000111
shoes 0,430783 0,000062
shone 0,494296 0,000071
shook 0,235722 0,000034
shoot 0,494296 0,000071
shooting 0,634878 0,000091
shoots 1,347074 0,000193
shop 0,494296 0,000071
shopkeepers 2,040221 0,000292
shops 0,843970 0,000121
shore 0,342490 0,000049
shores 0,820981 0,000118
short 0,020203 0,000003
shorter 0,579818 0,000083
shot 0,223144 0,000032
shoulder 0,210721 0,000030
shouldered 1,309333 0,000188
shoulders 0,174353 0,000025
shout 0,634878 0,000091
shouted 0,478036 0,000069
shouting 0,446287 0,000064
shouts 0,843970 0,000121
shovel 1,514128 0,000217
shower 0,755023 0,000108
showers 1,272966 0,000182
showy 1,966113 0,000282
shrewd 1,021651 0,000146
shrieking 1,347074 0,000193
shrill 0,820981 0,000118
shrink 1,139434 0,000163
shrug 1,609438 0,000231
shrugged 1,203973 0,000173
shrugging 1,897120 0,000272
shudder 0,693147 0,000099
shuddered 0,867501 0,000124
shuffled 1,609438 0,000231
shuffling 1,347074 0,000193
shut 0,072571 0,000010
shutter 1,660731 0,000238
shy 0,733969 0,000105
sick 0,150823 0,000022
sickened 2,120264 0,000304
sickness 0,478036 0,000069
sideboards 3,506558 0,000503
sidewalk 2,407946 0,000345
sidewise 2,813411 0,000403
siege 1,021651 0,000146
sigh 0,342490 0,000049
sighed 0,673345 0,000096
sighing 1,021651 0,000146
sight 0,051293 0,000007
sights 0,755023 0,000108
sigillum 3,912023 0,000561
sign 0,139262 0,000020
signal 0,544727 0,000078
signifying 1,771957 0,000254
signs 0,186330 0,000027
silence 0,105361 0,000015
silent 0,051293 0,000007
silently 0,544727 0,000078
silk 0,478036 0,000069
silken 1,309333 0,000188
silks 1,609438 0,000231
silly 0,400478 0,000057
silver 0,210721 0,000030
simple 0,094311 0,000014
simpler 1,347074 0,000193
simpletons 2,659260 0,000381
simplex 3,912023 0,000561
simply 0,150823 0,000022
sin 0,430783 0,000062
sinful 1,309333 0,000188
sing 0,415515 0,000060
singer 1,386294 0,000199
singing 0,371064 0,000053
single 0,083382 0,000012
singular 0,430783 0,000062
singularly 0,843970 0,000121
sink 0,462035 0,000066
sinking 0,494296 0,000071
sip 2,040221 0,000292
sipped 1,771957 0,000254
sir 0,150823 0,000022
sister 0,356675 0,000051
sisters 0,527633 0,000076
sit 0,061875 0,000009
sits 0,820981 0,000118
sitting 0,105361 0,000015
situation 0,198451 0,000028
sixteen 0,653926 0,000094
sixth 0,446287 0,000064
size 0,248461 0,000036
sized 1,237874 0,000177
sizes 1,309333 0,000188
skate 3,218876 0,000461
skated 2,995732 0,000429
skater 2,813411 0,000403
skaters 2,995732 0,000429
skates 2,813411 0,000403
skating 2,207275 0,000316
skeleton 1,021651 0,000146
skeletons 1,832581 0,000263
skewer 2,813411 0,000403
skiff 1,832581 0,000263
skill 0,301105 0,000043
skilled 1,272966 0,000182
skillfully 2,207275 0,000316
skimmed 2,040221 0,000292
skimmer 3,506558 0,000503
skimming 2,120264 0,000304
skin 0,210721 0,000030
skinny 2,302585 0,000330
skip 2,040221 0,000292
skipped 1,660731 0,000238
skipper 1,966113 0,000282
skirt 1,078810 0,000155
skirted 1,309333 0,000188
skirts 0,843970 0,000121
skittles 3,218876 0,000461
skull 0,891598 0,000128
skullcap 3,506558 0,000503
sky 0,210721 0,000030
slab 1,771957 0,000254
slabs 2,120264 0,000304
slackened 1,203973 0,000173
slammed 1,427116 0,000205
slanting 1,427116 0,000205
slasher 3,506558 0,000503
sled 2,995732 0,000429
sleds 2,995732 0,000429
sleep 0,072571 0,000010
sleeper 1,272966 0,000182
sleepers 1,609438 0,000231
sleepiest 3,218876 0,000461
sleepily 2,120264 0,000304
sleepiness 2,525729 0,000362
sleeping 0,235722 0,000034
sleeps 0,994252 0,000142
sleepy 0,713350 0,000102
sleet 2,040221 0,000292
sleeve 0,891598 0,000128
sleeves 0,843970 0,000121
sleigh 2,407946 0,000345
slender 0,693147 0,000099
slept 0,223144 0,000032
slice 1,309333 0,000188
slices 1,771957 0,000254
slid 1,386294 0,000199
sliding 1,347074 0,000193
slight 0,150823 0,000022
slightest 0,415515 0,000060
slip 0,462035 0,000066
slipped 0,494296 0,000071
slippers 1,021651 0,000146
slippery 1,139434 0,000163
slipping 0,967584 0,000139
slips 1,272966 0,000182
slobbered 2,995732 0,000429
slopes 1,309333 0,000188
slouched 2,302585 0,000330
slow 0,139262 0,000020
slowly 0,150823 0,000022
slowness 1,514128 0,000217
sluggish 1,514128 0,000217
sluice 2,659260 0,000381
sluicer 3,912023 0,000561
sluices 2,813411 0,000403
slumber 0,673345 0,000096
slumbering 1,386294 0,000199
slung 1,386294 0,000199
sly 0,713350 0,000102
slyly 1,832581 0,000263
smartly 1,514128 0,000217
smell 0,371064 0,000053
smile 0,274437 0,000039
smiled 0,356675 0,000051
smiles 0,693147 0,000099
smiling 0,301105 0,000043
smilingly 1,832581 0,000263
smith 0,891598 0,000128
smiths 1,966113 0,000282
smoke 0,314711 0,000045
smoker 2,525729 0,000362
smokes 1,966113 0,000282
smoking 0,462035 0,000066
smooth 0,274437 0,000039
smoothed 1,021651 0,000146
smoothly 1,021651 0,000146
smothered 1,203973 0,000173
snails 2,525729 0,000362
snakelike 3,218876 0,000461
snap 1,078810 0,000155
snapped 0,891598 0,000128
snapping 1,514128 0,000217
snarl 2,207275 0,000316
snarling 1,714798 0,000246
snatched 0,733969 0,000105
snatches 1,514128 0,000217
snatching 1,469676 0,000211
sneer 1,203973 0,000173
sneered 1,609438 0,000231
sneering 1,609438 0,000231
sneeringly 2,813411 0,000403
sneeze 1,660731 0,000238
sneezer 3,912023 0,000561
sniff 2,120264 0,000304
sniveling 3,218876 0,000461
snores 2,659260 0,000381
snoring 1,609438 0,000231
snow 0,527633 0,000076
snowstorm 2,813411 0,000403
snowy 1,272966 0,000182
snuff 1,427116 0,000205
snug 1,171183 0,000168
soap 1,347074 0,000193
soaring 1,660731 0,000238
sob 1,049822 0,000150
sobbed 1,078810 0,000155
sobbing 0,967584 0,000139
soberly 1,469676 0,000211
sociable 1,309333 0,000188
social 0,371064 0,000053
societies 1,049822 0,000150
society 0,210721 0,000030
sock 2,525729 0,000362
socket 1,714798 0,000246
soft 0,210721 0,000030
soften 0,941609 0,000135
softened 0,653926 0,000094
softer 1,171183 0,000168
softly 0,400478 0,000057
soil 0,494296 0,000071
soiled 1,609438 0,000231
sold 0,385662 0,000055
sole 0,342490 0,000049
soled 2,659260 0,000381
solely 0,733969 0,000105
solemn 0,301105 0,000043
solemnity 0,891598 0,000128
solemnly 0,579818 0,000083
soles 1,386294 0,000199
solicit 0,430783 0,000062
solicitation 0,510826 0,000073
solid 0,274437 0,000039
solitary 0,462035 0,000066
solitude 0,510826 0,000073
somber 2,120264 0,000304
somersault 2,813411 0,000403
son 0,105361 0,000015
song 0,371064 0,000053
songs 0,544727 0,000078
sons 0,356675 0,000051
sooth 1,966113 0,000282
soothed 1,203973 0,000173
soothing 0,798508 0,000114
soothingly 1,897120 0,000272
sore 0,616186 0,000088
sorely 1,049822 0,000150
sorrow 0,287682 0,000041
sorrowful 1,021651 0,000146
sorrowfully 1,714798 0,000246
sorrows 0,798508 0,000114
sort 0,105361 0,000015
sought 0,150823 0,000022
soul 0,105361 0,000015
souls 0,342490 0,000049
sound 0,020203 0,000003
sounded 0,371064 0,000053
sounding 0,634878 0,000091
soundly 1,021651 0,000146
sounds 0,223144 0,000032
soup 1,078810 0,000155
sour 1,049822 0,000150
south 0,235722 0,000034
southern 0,579818 0,000083
southward 1,609438 0,000231
sown 1,078810 0,000155
space 0,116534 0,000017
spacious 0,916291 0,000131
spade 1,272966 0,000182
spain 0,994252 0,000142
span 1,386294 0,000199
spaniards 1,514128 0,000217
spanish 0,733969 0,000105
spare 0,210721 0,000030
spared 0,544727 0,000078
spark 0,776529 0,000111
sparkle 1,514128 0,000217
sparkled 1,237874 0,000177
sparkles 1,832581 0,000263
sparkling 0,776529 0,000111
sparks 1,139434 0,000163
spartan 1,714798 0,000246
speak 0,051293 0,000007
speaker 0,713350 0,000102
speaking 0,072571 0,000010
speaks 0,371064 0,000053
spears 1,560648 0,000224
special 0,083382 0,000012
specific 0,820981 0,000118
specimen 0,891598 0,000128
specimens 0,941609 0,000135
speck 1,108663 0,000159
spectacle 0,544727 0,000078
spectacles 0,843970 0,000121
spectators 0,820981 0,000118
speculated 2,995732 0,000429
speculation 0,843970 0,000121
speculators 2,659260 0,000381
sped 1,272966 0,000182
speech 0,198451 0,000028
speed 0,328504 0,000047
speeding 1,660731 0,000238
spell 0,820981 0,000118
spellbound 2,407946 0,000345
spend 0,328504 0,000047
spending 0,597837 0,000086
spent 0,105361 0,000015
spied 1,469676 0,000211
spikes 1,966113 0,000282
spin 1,203973 0,000173
spinning 1,021651 0,000146
spins 2,995732 0,000429
spirit 0,051293 0,000007
spirited 0,713350 0,000102
spirits 0,198451 0,000028
spite 0,139262 0,000020
splendid 0,400478 0,000057
splitting 1,514128 0,000217
spoil 0,673345 0,000096
spoke 0,116534 0,000017
spoken 0,150823 0,000022
spokesman 2,302585 0,000330
spokeswoman 3,912023 0,000561
sponge 1,309333 0,000188
sport 0,597837 0,000086
sported 2,207275 0,000316
sportsmen 2,407946 0,000345
spot 0,162519 0,000023
spotless 1,560648 0,000224
spouse 1,660731 0,000238
sprang 0,400478 0,000057
sprawling 1,347074 0,000193
spread 0,061875 0,000009
spreading 0,446287 0,000064
sprightly 1,966113 0,000282
spring 0,083382 0,000012
springing 0,733969 0,000105
springs 0,634878 0,000091
springy 2,407946 0,000345
sprinkled 1,108663 0,000159
sprinkling 1,660731 0,000238
sprite 2,525729 0,000362
sprout 2,207275 0,000316
sprouting 2,813411 0,000403
sprung 0,544727 0,000078
spun 0,941609 0,000135
spy 0,916291 0,000131
squalid 1,832581 0,000263
squall 1,832581 0,000263
square 0,235722 0,000034
squares 1,171183 0,000168
squatted 1,660731 0,000238
squeak 2,040221 0,000292
squeaked 2,813411 0,000403
squeaking 2,407946 0,000345
squeaky 3,506558 0,000503
squire 1,427116 0,000205
squirrels 2,207275 0,000316
stable 0,579818 0,000083
staccato 2,407946 0,000345
stadtholder 3,912023 0,000561
staff 0,274437 0,000039
stagnant 1,771957 0,000254
staid 1,237874 0,000177
staidest 3,912023 0,000561
staidly 3,912023 0,000561
stained 0,653926 0,000094
stains 1,347074 0,000193
stair 1,171183 0,000168
staircase 0,867501 0,000124
stairs 0,430783 0,000062
stairway 1,897120 0,000272
stake 0,693147 0,000099
stalked 1,560648 0,000224
stall 1,714798 0,000246
stalls 1,660731 0,000238
stammered 1,108663 0,000159
stamp 0,693147 0,000099
stamped 0,693147 0,000099
stand 0,000000 0,000000
standard 0,562119 0,000081
standing 0,030459 0,000004
stands 0,261365 0,000037
standstill 1,714798 0,000246
stare 0,713350 0,000102
stared 0,597837 0,000086
stares 1,897120 0,000272
staring 0,634878 0,000091
starlight 1,897120 0,000272
starry 1,272966 0,000182
stars 0,342490 0,000049
start -0,009950 -0,000001
started 0,150823 0,000022
starting 0,371064 0,000053
startled 0,415515 0,000060
starts 0,941609 0,000135
starvation 1,386294 0,000199
starve 0,994252 0,000142
starved 1,049822 0,000150
starving 1,049822 0,000150
stately 0,733969 0,000105
statements 0,430783 0,000062
statesman 1,203973 0,000173
station 0,356675 0,000051
stationed 1,237874 0,000177
statuary 2,407946 0,000345
statue 0,843970 0,000121
status 0,446287 0,000064
statute 1,714798 0,000246
staunch 1,966113 0,000282
stay 0,083382 0,000012
stayed 0,415515 0,000060
staying 0,653926 0,000094
stays 1,078810 0,000155
steadier 2,120264 0,000304
steadily 0,415515 0,000060
steady 0,356675 0,000051
steal 0,510826 0,000073
stealthily 1,560648 0,000224
stealthy 1,514128 0,000217
steamboat 2,040221 0,000292
steeds 1,897120 0,000272
steel 0,510826 0,000073
steeple 1,771957 0,000254
steeples 2,813411 0,000403
steer 1,237874 0,000177
steered 1,560648 0,000224
stem 0,916291 0,000131
step 0,083382 0,000012
stepped 0,510826 0,000073
stepping 0,755023 0,000108
steps 0,094311 0,000014
stern 0,478036 0,000069
sternly 0,820981 0,000118
sterns 2,525729 0,000362
stick 0,342490 0,000049
sticking 0,867501 0,000124
sticks 0,733969 0,000105
stiff 0,430783 0,000062
stiffened 1,386294 0,000199
stiffly 1,469676 0,000211
stillness 0,891598 0,000128
stilts 2,659260 0,000381
stingy 2,120264 0,000304
stir 0,400478 0,000057
stirred 0,446287 0,000064
stirs 1,560648 0,000224
stitch 1,897120 0,000272
stitches 2,120264 0,000304
stiver 3,506558 0,000503
stivers 3,506558 0,000503
stock 0,328504 0,000047
stocked 1,832581 0,000263
stocking 1,560648 0,000224
stockings 0,891598 0,000128
stole 0,494296 0,000071
stolen 0,430783 0,000062
stolid 1,660731 0,000238
stone 0,116534 0,000017
stones 0,301105 0,000043
stood 0,030459 0,000004
stool 0,733969 0,000105
stoop 1,049822 0,000150
stooped 0,776529 0,000111
stooping 0,867501 0,000124
store 0,385662 0,000055
stored 0,342490 0,000049
stores 0,820981 0,000118
stories 0,328504 0,000047
stork 2,302585 0,000330
storks 3,218876 0,000461
storm 0,342490 0,000049
storms 0,798508 0,000114
story 0,051293 0,000007
storybooks 3,912023 0,000561
stout 0,579818 0,000083
stoutest 1,966113 0,000282
stoutly 1,237874 0,000177
stove 1,203973 0,000173
stoves 2,120264 0,000304
stow 2,207275 0,000316
stowed 1,660731 0,000238
straggling 1,139434 0,000163
straight 0,105361 0,000015
straightened 1,347074 0,000193
straighter 2,302585 0,000330
straightforward 1,832581 0,000263
strain 0,385662 0,000055
strained 0,776529 0,000111
straining 0,867501 0,000124
straits 1,427116 0,000205
strand 1,237874 0,000177
strange 0,061875 0,000009
strangely 0,579818 0,000083
stranger 0,139262 0,000020
strangers 0,356675 0,000051
strangest 1,021651 0,000146
strangled 1,171183 0,000168
strap 1,771957 0,000254
straps 1,771957 0,000254
straw 0,356675 0,000051
stray 0,891598 0,000128
streak 1,203973 0,000173
streaks 1,609438 0,000231
stream 0,210721 0,000030
streamer 2,995732 0,000429
streamers 2,525729 0,000362
streaming 0,798508 0,000114
street 0,198451 0,000028
streets 0,274437 0,000039
strength 0,030459 0,000004
strengthen 0,916291 0,000131
stretch 0,446287 0,000064
stretched 0,274437 0,000039
stretching 0,733969 0,000105
stricken 0,653926 0,000094
strict 0,210721 0,000030
strictly 0,579818 0,000083
stride 1,237874 0,000177
strike 0,210721 0,000030
strikes 0,544727 0,000078
striking 0,274437 0,000039
string 0,634878 0,000091
strings 0,843970 0,000121
strip 0,597837 0,000086
striped 1,560648 0,000224
stripes 1,309333 0,000188
stripling 2,302585 0,000330
striving 0,755023 0,000108
stroke 0,356675 0,000051
strokes 0,916291 0,000131
stroking 1,660731 0,000238
strong 0,030459 0,000004
stronger 0,287682 0,000041
strongest 0,653926 0,000094
struck 0,083382 0,000012
structure 0,673345 0,000096
struggle 0,287682 0,000041
struggled 0,415515 0,000060
struggles 0,891598 0,000128
struggling 0,462035 0,000066
strutting 2,120264 0,000304
stubbornly 1,832581 0,000263
student 0,673345 0,000096
students 0,994252 0,000142
studied 0,446287 0,000064
studies 0,579818 0,000083
studio 1,966113 0,000282
study 0,162519 0,000023
studying 0,653926 0,000094
stuffed 1,171183 0,000168
stuffing 2,302585 0,000330
stuffs 2,120264 0,000304
stumbled 0,891598 0,000128
stumbling 1,108663 0,000159
stump 1,309333 0,000188
stumpy 2,813411 0,000403
stunned 1,078810 0,000155
stunning 1,832581 0,000263
stupid 0,478036 0,000069
stupidest 2,407946 0,000345
stupidly 1,660731 0,000238
sturgeon 2,995732 0,000429
stut 3,912023 0,000561
style 0,274437 0,000039
subdued 0,494296 0,000071
subject 0,072571 0,000010
subjects 0,356675 0,000051
subscribe 0,494296 0,000071
subsiding 1,897120 0,000272
substantial 0,755023 0,000108
suburbs 1,609438 0,000231
succeed 0,328504 0,000047
succeeded 0,186330 0,000027
success 0,162519 0,000023
successor 1,078810 0,000155
sudden 0,072571 0,000010
suddenly 0,040822 0,000006
suffer 0,127833 0,000018
suffered 0,210721 0,000030
sufferers 1,514128 0,000217
suffering 0,248461 0,000036
sufferings 0,616186 0,000088
sugarloaf 3,912023 0,000561
sugarplums 3,506558 0,000503
suggestive 1,237874 0,000177
suit 0,261365 0,000037
suitable 0,462035 0,000066
suited 0,597837 0,000086
sulked 2,813411 0,000403
sulkily 2,302585 0,000330
sullen 0,798508 0,000114
sum 0,356675 0,000051
summer 0,186330 0,000027
summon 0,967584 0,000139
summoned 0,733969 0,000105
summons 0,867501 0,000124
sumptuously 2,302585 0,000330
sun 0,072571 0,000010
sunbeams 1,966113 0,000282
sunday 0,494296 0,000071
sundown 1,897120 0,000272
sundry 1,386294 0,000199
sung 0,994252 0,000142
sunlight 0,843970 0,000121
sunlit 2,407946 0,000345
sunny 0,867501 0,000124
sunrise 0,891598 0,000128
suns 1,560648 0,000224
sunset 0,843970 0,000121
sunshine 0,616186 0,000088
superb 1,203973 0,000173
superintended 2,207275 0,000316
supper 0,446287 0,000064
supple 1,171183 0,000168
supplied 0,478036 0,000069
supplies 0,891598 0,000128
supply 0,371064 0,000053
support 0,127833 0,000018
supporting 0,653926 0,000094
suppose 0,072571 0,000010
supposed 0,174353 0,000025
suppressed 0,673345 0,000096
supreme 0,616186 0,000088
surcoat 3,218876 0,000461
surely 0,186330 0,000027
surface 0,301105 0,000043
surgeon 1,108663 0,000159
surgery 2,407946 0,000345
surges 2,407946 0,000345
surgical 1,832581 0,000263
surging 1,609438 0,000231
surlier 3,218876 0,000461
surly 1,771957 0,000254
surmounted 1,237874 0,000177
surpassed 1,203973 0,000173
surprise 0,174353 0,000025
surprised 0,210721 0,000030
surprising 0,544727 0,000078
surrender 0,891598 0,000128
surrounded 0,223144 0,000032
surrounding 0,693147 0,000099
surrounds 1,514128 0,000217
survey 0,755023 0,000108
survive 0,274437 0,000039
survivors 1,771957 0,000254
susan 2,302585 0,000330
suspect 0,342490 0,000049
suspected 0,328504 0,000047
suspecting 1,171183 0,000168
suspended 0,634878 0,000091
suspicion 0,287682 0,000041
sustained 0,579818 0,000083
swaddling 1,966113 0,000282
swallow 0,616186 0,000088
swallowed 0,462035 0,000066
swallowing 1,347074 0,000193
swallows 1,832581 0,000263
swamp 0,342490 0,000049
swan 1,309333 0,000188
swans 2,407946 0,000345
swathed 1,897120 0,000272
swear 0,494296 0,000071
sweep 0,673345 0,000096
sweeping 0,820981 0,000118
sweeps 1,514128 0,000217
sweet 0,174353 0,000025
sweeter 1,108663 0,000159
sweetest 0,941609 0,000135
sweetheart 1,897120 0,000272
sweetly 1,049822 0,000150
sweets 1,386294 0,000199
swell 0,653926 0,000094
swelled 0,776529 0,000111
swept 0,385662 0,000055
swift 0,415515 0,000060
swiftest 1,832581 0,000263
swiftly 0,713350 0,000102
swiftness 1,309333 0,000188
swimmers 2,659260 0,000381
swimming 0,820981 0,000118
swing 0,693147 0,000099
swinging 0,798508 0,000114
swollen 0,867501 0,000124
sword 0,462035 0,000066
swords 0,994252 0,000142
swore 0,634878 0,000091
sworn 0,673345 0,000096
swung 0,733969 0,000105
syllable 0,994252 0,000142
symbols 1,469676 0,000211
sympathies 1,469676 0,000211
sympathy 0,328504 0,000047
symptoms 0,776529 0,000111
syndic 3,506558 0,000503
synonymous 0,446287 0,000064
tabac 3,912023 0,000561
table 0,094311 0,000014
tables 0,415515 0,000060
tablet 1,897120 0,000272
tacked 2,120264 0,000304
tact 1,309333 0,000188
tail 0,462035 0,000066
tails 0,713350 0,000102
takin 2,407946 0,000345
tale 0,287682 0,000041
talent 0,544727 0,000078
tales 0,579818 0,000083
talk 0,083382 0,000012
talkative 1,514128 0,000217
talked 0,261365 0,000037
talker 1,966113 0,000282
talking 0,150823 0,000022
talks 0,733969 0,000105
tall 0,223144 0,000032
tallest 1,714798 0,000246
tame 1,139434 0,000163
tamed 1,609438 0,000231
tankards 3,506558 0,000503
tanks 2,525729 0,000362
tanning 3,218876 0,000461
tapering 2,525729 0,000362
tapestried 3,218876 0,000461
tapestries 2,120264 0,000304
tapestry 2,040221 0,000292
tarnished 2,207275 0,000316
tartly 2,813411 0,000403
task 0,261365 0,000037
tasked 3,218876 0,000461
taste 0,174353 0,000025
tasted 0,544727 0,000078
tastefully 2,659260 0,000381
tattered 1,309333 0,000188
taught 0,248461 0,000036
taunting 2,525729 0,000362
tawny 1,832581 0,000263
tax 0,328504 0,000047
taxed 1,560648 0,000224
taxes 0,385662 0,000055
te 1,609438 0,000231
tea 0,579818 0,000083
teach 0,248461 0,000036
teacher 0,527633 0,000076
teaching 0,462035 0,000066
tear 0,371064 0,000053
tearful 1,514128 0,000217
tearing 0,673345 0,000096
tears 0,150823 0,000022
tease 1,771957 0,000254
teeth 0,198451 0,000028
telegraphed 2,040221 0,000292
telescope 1,609438 0,000231
telescopes 2,659260 0,000381
telling 1,560648 0,000224
temperate 1,078810 0,000155
tempest 0,843970 0,000121
temple 0,527633 0,000076
temptation 0,527633 0,000076
temptations 1,049822 0,000150
tempted 0,527633 0,000076
tempter 2,120264 0,000304
tempting 0,967584 0,000139
tended 0,916291 0,000131
tender 0,314711 0,000045
tenderly 0,916291 0,000131
tenderness 0,616186 0,000088
tending 0,994252 0,000142
tent 0,994252 0,000142
termed 1,309333 0,000188
terms 0,061875 0,000009
terrible 0,186330 0,000027
terribly 0,733969 0,000105
terrific 1,108663 0,000159
terrified 0,693147 0,000099
terror 0,198451 0,000028
terrors 0,843970 0,000121
testified 1,386294 0,000199
testify 1,347074 0,000193
testimony 0,579818 0,000083
texture 1,272966 0,000182
thanksgiving 1,609438 0,000231
thatch 2,407946 0,000345
thatched 2,120264 0,000304
thaw 1,660731 0,000238
thawed 2,120264 0,000304
thee 0,597837 0,000086
thereabout 3,218876 0,000461
thereat 2,207275 0,000316
thicket 1,203973 0,000173
thief 0,653926 0,000094
thieves 0,994252 0,000142
thimbles 3,506558 0,000503
thine 1,139434 0,000163
thinking 0,274437 0,000039
thinly 2,120264 0,000304
thirsty 0,843970 0,000121
thirteen 0,579818 0,000083
thirteenth 1,203973 0,000173
thither 0,579818 0,000083
thomas 0,891598 0,000128
thoroughfare 2,040221 0,000292
thoughtful 0,693147 0,000099
thoughtfully 0,994252 0,000142
thrashed 1,714798 0,000246
thrashing 1,609438 0,000231
thread 0,430783 0,000062
threadbare 1,560648 0,000224
threaded 1,660731 0,000238
threatened 0,415515 0,000060
threatening 0,544727 0,000078
threats 0,994252 0,000142
threshold 0,562119 0,000081
threw 0,116534 0,000017
thrift 1,966113 0,000282
thrifty 2,040221 0,000292
thrill 0,867501 0,000124
thrilling 1,139434 0,000163
thrills 1,966113 0,000282
thriving 1,714798 0,000246
throat 0,261365 0,000037
throats 0,891598 0,000128
throbbing 1,347074 0,000193
throne 0,798508 0,000114
throng 1,078810 0,000155
thronged 1,771957 0,000254
throw 0,083382 0,000012
throwing 0,287682 0,000041
thrown 0,116534 0,000017
thrust 0,328504 0,000047
thumb 0,967584 0,000139
thump 1,832581 0,000263
thunder 0,462035 0,000066
thy 0,634878 0,000091
thyself 1,272966 0,000182
ticket 1,347074 0,000193
tide 0,653926 0,000094
tides 1,427116 0,000205
tidings 1,139434 0,000163
tidy 1,272966 0,000182
tie 0,510826 0,000073
tied 0,261365 0,000037
tiffin 3,912023 0,000561
tight 0,616186 0,000088
tighten 2,407946 0,000345
tightening 1,897120 0,000272
tighter 1,560648 0,000224
tightly 0,867501 0,000124
tights 2,813411 0,000403
tiled 1,966113 0,000282
tiles 1,560648 0,000224
tilt 2,040221 0,000292
timber 0,867501 0,000124
time -0,009950 -0,000001
timekeepers 3,912023 0,000561
times 0,010050 0,000001
timid 0,544727 0,000078
timidly 1,171183 0,000168
tinderboxes 3,912023 0,000561
tingle 2,207275 0,000316
tingled 2,525729 0,000362
tingling 1,660731 0,000238
tink 2,995732 0,000429
tinkled 2,040221 0,000292
tinkling 1,609438 0,000231
tiny 0,820981 0,000118
tippet 3,218876 0,000461
tiptoe 1,049822 0,000150
tire 0,994252 0,000142
tired 0,198451 0,000028
titania 3,506558 0,000503
title 0,116534 0,000017
toasted 2,207275 0,000316
tobacco 0,713350 0,000102
toch 3,912023 0,000561
toddlers 3,506558 0,000503
toddling 2,995732 0,000429
toe 1,049822 0,000150
toes 0,755023 0,000108
toil 0,616186 0,000088
toity 3,912023 0,000561
toledo 3,218876 0,000461
tolling 2,659260 0,000381
tomorrow 0,755023 0,000108
tone 0,248461 0,000036
toned 1,771957 0,000254
tones 0,713350 0,000102
tongue 0,162519 0,000023
tongues 0,634878 0,000091
tonight 1,272966 0,000182
tool 1,021651 0,000146
tools 0,820981 0,000118
topics 1,427116 0,000205
torchlight 2,659260 0,000381
tore 0,527633 0,000076
tormenting 1,427116 0,000205
torn 0,248461 0,000036
torrent 0,941609 0,000135
tortoiseshell 3,506558 0,000503
torture 0,579818 0,000083
toss 1,049822 0,000150
tossed 0,673345 0,000096
tossing 0,916291 0,000131
tottered 1,897120 0,000272
tottering 1,771957 0,000254
touch 0,083382 0,000012
touched 0,139262 0,000020
touching 0,301105 0,000043
tough 0,994252 0,000142
tour 0,941609 0,000135
tower 0,527633 0,000076
towered 1,714798 0,000246
towerlike 3,912023 0,000561
towers 0,967584 0,000139
towing 2,207275 0,000316
town 0,105361 0,000015
towns 0,527633 0,000076
townsman 2,120264 0,000304
townspeople 2,525729 0,000362
toys 1,347074 0,000193
tracery 2,813411 0,000403
tracing 1,237874 0,000177
track 0,510826 0,000073
tract 1,386294 0,000199
trade 0,328504 0,000047
trademark 0,562119 0,000081
trading 1,237874 0,000177
traditions 1,139434 0,000163
tragedy 0,798508 0,000114
tragic 0,820981 0,000118
trailing 1,237874 0,000177
train 0,274437 0,000039
trained 0,544727 0,000078
training 0,776529 0,000111
tramped 1,771957 0,000254
tramping 1,514128 0,000217
tranquil 0,994252 0,000142
transacted 1,832581 0,000263
transcribe 0,494296 0,000071
transcription 0,527633 0,000076
translate 1,427116 0,000205
translated 0,798508 0,000114
translating 1,897120 0,000272
translation 0,891598 0,000128
translator 1,347074 0,000193
trapdoors 3,912023 0,000561
travel 0,356675 0,000051
traveled 1,714798 0,000246
traveler 2,120264 0,000304
travelers 2,207275 0,000316
travels 0,755023 0,000108
traversing 1,897120 0,000272
treachery 0,755023 0,000108
tread 0,562119 0,000081
treading 1,203973 0,000173
treadle 3,218876 0,000461
treasure 0,385662 0,000055
treasures 0,755023 0,000108
treasury 1,309333 0,000188
treat 0,287682 0,000041
treated 0,261365 0,000037
treatment 0,127833 0,000018
treats 1,108663 0,000159
tree 0,235722 0,000034
trees 0,127833 0,000018
treetops 2,525729 0,000362
trekschuit 3,912023 0,000561
tremble 0,713350 0,000102
trembled 0,462035 0,000066
trembles 1,514128 0,000217
trembling 0,287682 0,000041
tremendous 0,693147 0,000099
tremor 1,514128 0,000217
tresses 1,560648 0,000224
trial 0,314711 0,000045
trials 0,941609 0,000135
triangle 1,560648 0,000224
triangular 1,832581 0,000263
tribute 1,021651 0,000146
trick 0,510826 0,000073
trickle 1,897120 0,000272
trickling 1,609438 0,000231
trifles 0,994252 0,000142
trim 1,237874 0,000177
trimmed 1,237874 0,000177
trimmer 3,506558 0,000503
trimmings 2,525729 0,000362
trinkets 1,660731 0,000238
trio 2,207275 0,000316
trip 0,713350 0,000102
triplets 3,912023 0,000561
tripping 1,560648 0,000224
triptych 3,912023 0,000561
triumph 0,274437 0,000039
triumphant 0,798508 0,000114
triumphantly 0,941609 0,000135
trod 0,733969 0,000105
trodden 1,237874 0,000177
tromp 3,912023 0,000561
troop 1,078810 0,000155
trooper 2,659260 0,000381
troops 0,941609 0,000135
trophies 1,609438 0,000231
trot 1,139434 0,000163
trotting 1,514128 0,000217
trouble 0,051293 0,000007
troubled 0,287682 0,000041
troubles 0,478036 0,000069
troublesome 0,843970 0,000121
trousers 0,843970 0,000121
trudge 2,995732 0,000429
trudged 2,302585 0,000330
trudging 2,302585 0,000330
true 0,020203 0,000003
truer 1,469676 0,000211
truest 1,203973 0,000173
trumpet 0,916291 0,000131
trunks 0,941609 0,000135
trust 0,116534 0,000017
trustful 2,040221 0,000292
trusty 1,514128 0,000217
truth 0,030459 0,000004
tub 1,386294 0,000199
tube 1,386294 0,000199
tubs 1,966113 0,000282
tuck 1,966113 0,000282
tucked 1,237874 0,000177
tucker 2,813411 0,000403
tug 1,347074 0,000193
tugged 1,771957 0,000254
tugging 1,514128 0,000217
tulip 2,995732 0,000429
tulips 2,302585 0,000330
tumble 1,237874 0,000177
tumbled 0,867501 0,000124
tumbles 2,407946 0,000345
tumbling 0,967584 0,000139
tumor 3,218876 0,000461
tumult 0,820981 0,000118
tune 0,755023 0,000108
tuned 1,966113 0,000282
tuneful 2,525729 0,000362
turban 1,832581 0,000263
turk 1,560648 0,000224
turkey 1,078810 0,000155
turkish 1,427116 0,000205
turks 1,514128 0,000217
tussle 2,813411 0,000403
tut 1,897120 0,000272
twentieth 1,108663 0,000159
twig 1,660731 0,000238
twigs 1,469676 0,000211
twine 2,040221 0,000292
twined 1,514128 0,000217
twinge 2,407946 0,000345
twinkled 1,427116 0,000205
twinkling 1,021651 0,000146
twisting 1,049822 0,000150
twitch 1,832581 0,000263
twitched 1,714798 0,000246
tying 1,560648 0,000224
types 0,385662 0,000055
tyrannized 2,407946 0,000345
tyranny 1,203973 0,000173
ugh 1,771957 0,000254
ugly 0,415515 0,000060
umbrellas 2,120264 0,000304
unable 0,248461 0,000036
unaccountably 1,966113 0,000282
unanimously 1,660731 0,000238
unanswerable 1,771957 0,000254
unbelievers 2,040221 0,000292
unbidden 2,407946 0,000345
unbind 2,813411 0,000403
unbuttoned 1,966113 0,000282
unceremonious 2,659260 0,000381
unceremoniously 1,966113 0,000282
uncertain 0,301105 0,000043
uncertainty 0,820981 0,000118
uncle 0,579818 0,000083
unclipped 3,912023 0,000561
uncomfortable 0,798508 0,000114
uncomfortably 1,771957 0,000254
uncommon 0,798508 0,000114
unconcern 2,120264 0,000304
unconscious 0,400478 0,000057
unconsciously 0,634878 0,000091
uncontrollable 1,347074 0,000193
uncouth 1,347074 0,000193
underfoot 2,207275 0,000316
underjacket 3,912023 0,000561
underlip 2,525729 0,000362
understand 0,030459 0,000004
understood 0,061875 0,000009
undertaking 0,713350 0,000102
undertone 1,771957 0,000254
undignified 2,040221 0,000292
unduly 1,966113 0,000282
uneasily 1,347074 0,000193
uneasy 0,544727 0,000078
unenforceability 0,562119 0,000081
unexpectedly 0,916291 0,000131
unfastened 1,714798 0,000246
unfeeling 1,609438 0,000231
unfinished 1,049822 0,000150
unfit 1,108663 0,000159
unfortunate 0,314711 0,000045
ungrateful 0,798508 0,000114
unhappy 0,400478 0,000057
unheard 0,994252 0,000142
unheeded 1,609438 0,000231
uniform 0,210721 0,000030
uniforms 1,897120 0,000272
uninhabitable 3,218876 0,000461
united 0,094311 0,000014
uniting 1,514128 0,000217
universally 0,967584 0,000139
university 0,994252 0,000142
unknown 0,105361 0,000015
unlighted 2,995732 0,000429
unlink 0,562119 0,000081
unlocked 1,108663 0,000159
unmanageable 2,407946 0,000345
unmistakable 1,171183 0,000168
unmoved 0,916291 0,000131
unnoticed 1,514128 0,000217
unopened 2,207275 0,000316
unpretending 2,525729 0,000362
unprincipled 1,966113 0,000282
unreasonable 0,967584 0,000139
unseasonable 1,897120 0,000272
unseen 0,616186 0,000088
unselfish 1,609438 0,000231
unsolicited 0,510826 0,000073
unsteady 1,469676 0,000211
untasted 2,120264 0,000304
untied 1,609438 0,000231
untouched 1,171183 0,000168
unusually 0,891598 0,000128
unwelcome 1,469676 0,000211
unwillingly 1,171183 0,000168
unwound 2,120264 0,000304
updated 0,510826 0,000073
upper 0,314711 0,000045
upraised 2,120264 0,000304
upright 0,328504 0,000047
uproarious 2,659260 0,000381
upset 0,776529 0,000111
upsetting 1,771957 0,000254
upward 0,579818 0,000083
urchin 1,832581 0,000263
urchins 2,659260 0,000381
urged 0,356675 0,000051
urn 1,832581 0,000263
useless 0,235722 0,000034
user 0,562119 0,000081
usual 0,139262 0,000020
ut 0,510826 0,000073
utensils 1,386294 0,000199
utmost 0,356675 0,000051
utrecht 2,995732 0,000429
utter 0,248461 0,000036
uttered 0,430783 0,000062
vacant 0,693147 0,000099
vacantly 1,897120 0,000272
vagrants 2,302585 0,000330
vain 0,116534 0,000017
valor 1,771957 0,000254
valuable 0,371064 0,000053
van 1,078810 0,000155
vanes 3,912023 0,000561
vanilla 0,544727 0,000078
vanish 0,967584 0,000139
vanished 0,527633 0,000076
vanishes 1,660731 0,000238
vanishing 1,427116 0,000205
vanity 0,415515 0,000060
vanquished 1,108663 0,000159
vapors 2,407946 0,000345
vapory 3,506558 0,000503
varieties 1,171183 0,000168
variety 0,162519 0,000023
varnished 1,966113 0,000282
vary 1,108663 0,000159
vast 0,223144 0,000032
vat 2,407946 0,000345
vegetables 1,049822 0,000150
vehicles 1,469676 0,000211
vein 1,078810 0,000155
veins 0,544727 0,000078
vell 3,218876 0,000461
velvet 0,916291 0,000131
velvety 2,302585 0,000330
vengeance 0,579818 0,000083
vent 0,916291 0,000131
venture 0,342490 0,000049
ventured 0,478036 0,000069
ventures 1,660731 0,000238
venturesome 2,525729 0,000362
verbs 2,407946 0,000345
verdure 1,469676 0,000211
veri 3,218876 0,000461
veritable 1,560648 0,000224
version 0,385662 0,000055
vertigo 2,995732 0,000429
vessel 0,510826 0,000073
vessels 0,713350 0,000102
veteran 1,714798 0,000246
vexation 0,867501 0,000124
vexed 0,733969 0,000105
victims 0,916291 0,000131
victoria 1,966113 0,000282
victorious 1,108663 0,000159
victory 0,371064 0,000053
view 0,105361 0,000015
viewed 0,261365 0,000037
viewing 0,415515 0,000060
vigor 1,347074 0,000193
vigorous 0,544727 0,000078
vill 3,218876 0,000461
village 0,356675 0,000051
villages 0,820981 0,000118
villain 0,967584 0,000139
violates 0,527633 0,000076
violence 0,248461 0,000036
violent 0,223144 0,000032
violently 0,462035 0,000066
virus 0,527633 0,000076
visible 0,235722 0,000034
vision 0,371064 0,000053
visit 0,061875 0,000009
visited 0,328504 0,000047
visiting 0,713350 0,000102
visitor 0,713350 0,000102
visitors 0,653926 0,000094
visits 0,544727 0,000078
vista 1,832581 0,000263
viver 3,912023 0,000561
voice 0,020203 0,000003
voiced 1,714798 0,000246
voices 0,287682 0,000041
void 0,274437 0,000039
volcano 1,714798 0,000246
volume 0,494296 0,000071
voluntarily 0,891598 0,000128
volunteer 0,478036 0,000069
volunteers 0,430783 0,000062
von 1,771957 0,000254
voracious 2,040221 0,000292
vote 1,078810 0,000155
voted 1,771957 0,000254
vowed 1,469676 0,000211
vox 2,995732 0,000429
vrouw 3,912023 0,000561
wading 1,469676 0,000211
waffle 3,506558 0,000503
waffles 3,506558 0,000503
wager 1,427116 0,000205
wagon 1,171183 0,000168
wagons 1,469676 0,000211
wailing 1,203973 0,000173
waist 0,713350 0,000102
waistcoat 1,021651 0,000146
waists 2,120264 0,000304
wait 0,094311 0,000014
waited 0,198451 0,000028
waiting 0,083382 0,000012
wake 0,462035 0,000066
wakefulness 2,407946 0,000345
waken 1,714798 0,000246
wakens 2,525729 0,000362
wakes 1,469676 0,000211
waking 0,562119 0,000081
walk 0,105361 0,000015
walked 0,210721 0,000030
walking 0,083382 0,000012
walks 0,162519 0,000023
wall 0,198451 0,000028
walled 1,347074 0,000193
wallets 3,912023 0,000561
walls 0,139262 0,000020
wanderer 1,347074 0,000193
wandering 0,274437 0,000039
war 0,162519 0,000023
ward 0,916291 0,000131
warding 3,218876 0,000461
ware 1,660731 0,000238
warehouse 1,514128 0,000217
warehouses 1,966113 0,000282
warm 0,139262 0,000020
warmed 0,867501 0,000124
warmer 0,994252 0,000142
warming 1,469676 0,000211
warmly 0,798508 0,000114
warmth 0,579818 0,000083
warn 0,579818 0,000083
warned 0,527633 0,000076
warning 0,248461 0,000036
warningly 2,407946 0,000345
warrant 0,713350 0,000102
warranties 0,562119 0,000081
warranty 0,544727 0,000078
wash 0,478036 0,000069
washed 0,494296 0,000071
washerwomen 3,506558 0,000503
washing 0,579818 0,000083
waste 0,186330 0,000027
wasted 0,400478 0,000057
watch 0,094311 0,000014
watched 0,210721 0,000030
watcher 2,040221 0,000292
watches 0,798508 0,000114
watchful 1,171183 0,000168
watchfulness 1,966113 0,000282
watching 0,210721 0,000030
watchman 1,427116 0,000205
water 0,051293 0,000007
waterloo 1,609438 0,000231
waters 0,356675 0,000051
wave 0,527633 0,000076
waved 0,755023 0,000108
wavering 1,078810 0,000155
waves 0,478036 0,000069
waving 0,653926 0,000094
wax 0,597837 0,000086
waxed 1,514128 0,000217
wayside 1,714798 0,000246
weak 0,116534 0,000017
weaker 0,634878 0,000091
weakest 1,427116 0,000205
weakness 0,261365 0,000037
wealth 0,287682 0,000041
wealthiest 1,832581 0,000263
wealthy 0,673345 0,000096
weapon 0,634878 0,000091
weapons 0,693147 0,000099
wear 0,274437 0,000039
wearily 1,272966 0,000182
wearing 0,415515 0,000060
wears 0,891598 0,000128
weary 0,198451 0,000028
weasel 2,407946 0,000345
weather 0,248461 0,000036
weathercocks 3,506558 0,000503
weaving 1,469676 0,000211
wedding 0,776529 0,000111
weed 1,386294 0,000199
week 0,235722 0,000034
weeks 0,248461 0,000036
weep 0,755023 0,000108
weeping 0,544727 0,000078
weighed 0,430783 0,000062
weight 0,116534 0,000017
wellington 2,120264 0,000304
wept 0,597837 0,000086
werf 3,912023 0,000561
west 0,083382 0,000012
western 0,616186 0,000088
westminster 1,771957 0,000254
wet 0,287682 0,000041
whalebone 2,525729 0,000362
wharf 1,469676 0,000211
whatsoever 0,287682 0,000041
wheel 0,446287 0,000064
wheeled 1,021651 0,000146
wheels 0,616186 0,000088
whew 2,407946 0,000345
whiff 1,832581 0,000263
whip 0,597837 0,000086
whipping 1,660731 0,000238
whirl 1,078810 0,000155
whirling 0,843970 0,000121
whirls 2,040221 0,000292
whirr 2,813411 0,000403
whisk 2,525729 0,000362
whisked 2,040221 0,000292
whisper 0,446287 0,000064
whispered 0,400478 0,000057
whispering 0,820981 0,000118
whistle 0,843970 0,000121
whistled 1,078810 0,000155
whistling 0,916291 0,000131
whit 1,171183 0,000168
white 0,051293 0,000007
whiter 1,560648 0,000224
whitest 2,040221 0,000292
whitewashed 1,660731 0,000238
whitewood 3,912023 0,000561
whiz 3,218876 0,000461
whizzed 2,525729 0,000362
whizzing 2,525729 0,000362
wholly 0,400478 0,000057
wicked 0,356675 0,000051
wide 0,061875 0,000009
widened 1,897120 0,000272
wider 0,755023 0,000108
widest 0,446287 0,000064
widow 0,579818 0,000083
widowed 1,832581 0,000263
wife 0,094311 0,000014
wig 1,309333 0,000188
wild 0,051293 0,000007
wildest 1,272966 0,000182
william 0,798508 0,000114
willingly 0,527633 0,000076
willingness 1,514128 0,000217
willow 1,469676 0,000211
willows 1,609438 0,000231
win 0,462035 0,000066
wince 2,120264 0,000304
winced 1,966113 0,000282
wind 0,105361 0,000015
winding 0,634878 0,000091
windmill 2,407946 0,000345
windmills 2,659260 0,000381
window 0,274437 0,000039
windowpanes 3,506558 0,000503
windows 0,261365 0,000037
winds 0,494296 0,000071
windy 1,469676 0,000211
wine 0,248461 0,000036
wing 0,562119 0,000081
winged 1,272966 0,000182
wings 0,430783 0,000062
wink 1,078810 0,000155
winked 1,272966 0,000182
winner 1,771957 0,000254
winners 3,506558 0,000503
winning 0,867501 0,000124
wins 1,514128 0,000217
winsome 2,659260 0,000381
winter 0,198451 0,000028
wintry 1,386294 0,000199
wiped 0,733969 0,000105
wipes 3,218876 0,000461
wiping 1,108663 0,000159
wisdom 0,287682 0,000041
wise 0,105361 0,000015
wisely 0,653926 0,000094
wiser 0,597837 0,000086
wisps 2,407946 0,000345
wispy 3,506558 0,000503
wist 2,995732 0,000429
wistful 2,207275 0,000316
wistfully 1,832581 0,000263
wit 0,328504 0,000047
witchy 3,912023 0,000561
withstanding 2,207275 0,000316
witness 0,198451 0,000028
witnesses 0,579818 0,000083
witnessing 1,771957 0,000254
wits 0,713350 0,000102
witted 1,609438 0,000231
witticism 2,659260 0,000381
witty 1,171183 0,000168
wives 0,400478 0,000057
woe 0,755023 0,000108
woeful 2,302585 0,000330
woefully 2,813411 0,000403
woke 0,820981 0,000118
wolves 1,049822 0,000150
woman 0,061875 0,000009
women 0,094311 0,000014
wonderful 0,162519 0,000023
wonderfully 0,510826 0,000073
wood 0,116534 0,000017
wooden 0,415515 0,000060
woodman 2,302585 0,000330
woods 0,430783 0,000062
wool 1,049822 0,000150
woolen 2,659260 0,000381
word 0,020203 0,000003
wore 0,274437 0,000039
worker 1,427116 0,000205
workmanship 1,272966 0,000182
workmen 0,916291 0,000131
workpeople 2,813411 0,000403
workshop 1,966113 0,000282
worn 0,223144 0,000032
worried 0,867501 0,000124
worry 0,820981 0,000118
worse 0,083382 0,000012
worship 0,544727 0,000078
worships 2,120264 0,000304
worst 0,186330 0,000027
worth 0,061875 0,000009
worthy 0,186330 0,000027
wound 0,274437 0,000039
wounded 0,274437 0,000039
woven 1,108663 0,000159
wrap 1,237874 0,000177
wrapped 0,579818 0,000083
wrapper 1,897120 0,000272
wrappings 2,525729 0,000362
wrath 0,634878 0,000091
wreak 2,302585 0,000330
wreath 1,272966 0,000182
wreaths 1,171183 0,000168
wretch 0,733969 0,000105
wriggle 2,525729 0,000362
wringing 1,609438 0,000231
wrinkled 1,021651 0,000146
wrist 0,967584 0,000139
writ 1,427116 0,000205
write 0,150823 0,000022
writer 0,415515 0,000060
writers 0,867501 0,000124
writes 0,597837 0,000086
writhing 1,203973 0,000173
writing 0,061875 0,000009
written 0,051293 0,000007
wrong 0,083382 0,000012
wrongdoing 2,659260 0,000381
wrongs 1,078810 0,000155
wrote 0,150823 0,000022
wry 2,207275 0,000316
xantippe 3,912023 0,000561
ya 2,659260 0,000381
yankee 1,897120 0,000272
yankees 2,302585 0,000330
yanker 3,912023 0,000561
yard 0,430783 0,000062
yards 0,400478 0,000057
yarmouth 3,506558 0,000503
yarn 1,714798 0,000246
yaw 2,813411 0,000403
yawn 1,309333 0,000188
yawned 1,272966 0,000182
yearly 1,203973 0,000173
yearning 1,609438 0,000231
yearnings 2,813411 0,000403
yellow 0,328504 0,000047
yesterday 0,301105 0,000043
yield 0,342490 0,000049
yielded 0,510826 0,000073
yielding 0,653926 0,000094
yoke 1,049822 0,000150
yoked 2,302585 0,000330
yolk 3,912023 0,000561
yon 2,120264 0,000304
yonder 0,843970 0,000121
yorkers 3,218876 0,000461
youngster 1,514128 0,000217
youngsters 1,832581 0,000263
youth 0,150823 0,000022
youthful 0,673345 0,000096
youths 1,108663 0,000159
zeal 0,579818 0,000083
zee 3,506558 0,000503
zoo 2,813411 0,000403
zoological 2,813411 0,000403
